solid OpenSCAD_Model
  facet normal 1 -0 0
    outer loop
      vertex 82.5 27 0
      vertex 82.5 33 -5
      vertex 82.5 33 0
    endloop
  endfacet
  facet normal 1 0 0
    outer loop
      vertex 82.5 33 -5
      vertex 82.5 27 0
      vertex 82.5 27 -5
    endloop
  endfacet
  facet normal -0 0 1
    outer loop
      vertex -73.2608 29.7795 0
      vertex -58.0959 21.5 0
      vertex -73.25 30 0
    endloop
  endfacet
  facet normal 0 0 1
    outer loop
      vertex -58.0959 38 0
      vertex -73.2608 30.2205 0
      vertex -73.25 30 0
    endloop
  endfacet
  facet normal 0 0 1
    outer loop
      vertex -58.0959 38 0
      vertex -73.2932 30.439 0
      vertex -73.2608 30.2205 0
    endloop
  endfacet
  facet normal 0 0 1
    outer loop
      vertex -58.0959 38 0
      vertex -73.3469 30.6531 0
      vertex -73.2932 30.439 0
    endloop
  endfacet
  facet normal 0 0 1
    outer loop
      vertex -58.0959 38 0
      vertex -73.4213 30.861 0
      vertex -73.3469 30.6531 0
    endloop
  endfacet
  facet normal 0 0 1
    outer loop
      vertex -58.0959 38 0
      vertex -73.5157 31.0606 0
      vertex -73.4213 30.861 0
    endloop
  endfacet
  facet normal 0 0 1
    outer loop
      vertex -58.0959 38 0
      vertex -73.6292 31.25 0
      vertex -73.5157 31.0606 0
    endloop
  endfacet
  facet normal 0 0 1
    outer loop
      vertex -58.0959 38 0
      vertex -73.7607 31.4274 0
      vertex -73.6292 31.25 0
    endloop
  endfacet
  facet normal 0 0 1
    outer loop
      vertex -58.0959 38 0
      vertex -73.909 31.591 0
      vertex -73.7607 31.4274 0
    endloop
  endfacet
  facet normal 0 0 1
    outer loop
      vertex -58.0959 38 0
      vertex -74.0726 31.7393 0
      vertex -73.909 31.591 0
    endloop
  endfacet
  facet normal 0 0 1
    outer loop
      vertex -58.0959 38 0
      vertex -74.25 31.8708 0
      vertex -74.0726 31.7393 0
    endloop
  endfacet
  facet normal 0 0 1
    outer loop
      vertex -58.0959 38 0
      vertex -74.4394 31.9843 0
      vertex -74.25 31.8708 0
    endloop
  endfacet
  facet normal 0 0 1
    outer loop
      vertex -68.5 54 0
      vertex -74.639 32.0787 0
      vertex -74.4394 31.9843 0
    endloop
  endfacet
  facet normal 0 0 1
    outer loop
      vertex -68.5 54 0
      vertex -74.8469 32.1531 0
      vertex -74.639 32.0787 0
    endloop
  endfacet
  facet normal 0 0 1
    outer loop
      vertex -68.5 54 0
      vertex -75.0611 32.2068 0
      vertex -74.8469 32.1531 0
    endloop
  endfacet
  facet normal 0 0 1
    outer loop
      vertex -68.5 54 0
      vertex -75.2795 32.2392 0
      vertex -75.0611 32.2068 0
    endloop
  endfacet
  facet normal 0 0 1
    outer loop
      vertex -68.5 54 0
      vertex -75.5 32.25 0
      vertex -75.2795 32.2392 0
    endloop
  endfacet
  facet normal 0 0 1
    outer loop
      vertex -68.5 54 0
      vertex -75.7205 32.2392 0
      vertex -75.5 32.25 0
    endloop
  endfacet
  facet normal 0 0 1
    outer loop
      vertex -68.5 54 0
      vertex -75.9389 32.2068 0
      vertex -75.7205 32.2392 0
    endloop
  endfacet
  facet normal -0 0 1
    outer loop
      vertex -82.5 33 0
      vertex -75.9389 32.2068 0
      vertex -68.5 54 0
    endloop
  endfacet
  facet normal 0 0 1
    outer loop
      vertex -75.9389 32.2068 0
      vertex -82.5 33 0
      vertex -76.1531 32.1531 0
    endloop
  endfacet
  facet normal 0 0 1
    outer loop
      vertex -76.1531 32.1531 0
      vertex -82.5 33 0
      vertex -76.361 32.0787 0
    endloop
  endfacet
  facet normal 0 0 1
    outer loop
      vertex -76.361 32.0787 0
      vertex -82.5 33 0
      vertex -76.5606 31.9843 0
    endloop
  endfacet
  facet normal 0 0 1
    outer loop
      vertex -76.5606 31.9843 0
      vertex -82.5 33 0
      vertex -76.75 31.8708 0
    endloop
  endfacet
  facet normal 0 0 1
    outer loop
      vertex -76.75 31.8708 0
      vertex -82.5 33 0
      vertex -76.9274 31.7393 0
    endloop
  endfacet
  facet normal 0 0 1
    outer loop
      vertex -76.9274 31.7393 0
      vertex -82.5 33 0
      vertex -77.091 31.591 0
    endloop
  endfacet
  facet normal 0 0 1
    outer loop
      vertex -77.091 31.591 0
      vertex -82.5 33 0
      vertex -77.2393 31.4274 0
    endloop
  endfacet
  facet normal 0 0 1
    outer loop
      vertex -77.2393 31.4274 0
      vertex -82.5 33 0
      vertex -77.3708 31.25 0
    endloop
  endfacet
  facet normal 0 0 1
    outer loop
      vertex -77.3708 31.25 0
      vertex -82.5 33 0
      vertex -77.4843 31.0606 0
    endloop
  endfacet
  facet normal 0 0 1
    outer loop
      vertex -77.7392 30.2205 0
      vertex -82.5 33 0
      vertex -77.75 30 0
    endloop
  endfacet
  facet normal 0 0 1
    outer loop
      vertex -77.7068 30.439 0
      vertex -82.5 33 0
      vertex -77.7392 30.2205 0
    endloop
  endfacet
  facet normal 0 0 1
    outer loop
      vertex -77.6531 30.6531 0
      vertex -82.5 33 0
      vertex -77.7068 30.439 0
    endloop
  endfacet
  facet normal 0 0 1
    outer loop
      vertex -77.5787 30.861 0
      vertex -82.5 33 0
      vertex -77.6531 30.6531 0
    endloop
  endfacet
  facet normal 0 0 1
    outer loop
      vertex -77.4843 31.0606 0
      vertex -82.5 33 0
      vertex -77.5787 30.861 0
    endloop
  endfacet
  facet normal -0 0 1
    outer loop
      vertex -73.2608 111.779 0
      vertex -58.0959 104 0
      vertex -73.25 112 0
    endloop
  endfacet
  facet normal 0 0 1
    outer loop
      vertex -58.0959 120.5 0
      vertex -73.2608 112.221 0
      vertex -73.25 112 0
    endloop
  endfacet
  facet normal 0 0 1
    outer loop
      vertex -58.0959 120.5 0
      vertex -73.2932 112.439 0
      vertex -73.2608 112.221 0
    endloop
  endfacet
  facet normal 0 0 1
    outer loop
      vertex -58.0959 120.5 0
      vertex -73.3469 112.653 0
      vertex -73.2932 112.439 0
    endloop
  endfacet
  facet normal 0 0 1
    outer loop
      vertex -58.0959 120.5 0
      vertex -73.4213 112.861 0
      vertex -73.3469 112.653 0
    endloop
  endfacet
  facet normal 0 0 1
    outer loop
      vertex -58.0959 120.5 0
      vertex -73.5157 113.061 0
      vertex -73.4213 112.861 0
    endloop
  endfacet
  facet normal 0 0 1
    outer loop
      vertex -58.0959 120.5 0
      vertex -73.6292 113.25 0
      vertex -73.5157 113.061 0
    endloop
  endfacet
  facet normal 0 0 1
    outer loop
      vertex -58.0959 120.5 0
      vertex -73.7607 113.427 0
      vertex -73.6292 113.25 0
    endloop
  endfacet
  facet normal 0 0 1
    outer loop
      vertex -58.0959 120.5 0
      vertex -73.909 113.591 0
      vertex -73.7607 113.427 0
    endloop
  endfacet
  facet normal 0 0 1
    outer loop
      vertex -58.0959 120.5 0
      vertex -74.0726 113.739 0
      vertex -73.909 113.591 0
    endloop
  endfacet
  facet normal 0 0 1
    outer loop
      vertex -58.0959 120.5 0
      vertex -74.25 113.871 0
      vertex -74.0726 113.739 0
    endloop
  endfacet
  facet normal 0 0 1
    outer loop
      vertex -58.0959 120.5 0
      vertex -74.4394 113.984 0
      vertex -74.25 113.871 0
    endloop
  endfacet
  facet normal 0 0 1
    outer loop
      vertex -68.5 136 0
      vertex -74.639 114.079 0
      vertex -74.4394 113.984 0
    endloop
  endfacet
  facet normal 0 0 1
    outer loop
      vertex -68.5 136 0
      vertex -74.8469 114.153 0
      vertex -74.639 114.079 0
    endloop
  endfacet
  facet normal 0 0 1
    outer loop
      vertex -68.5 136 0
      vertex -75.0611 114.207 0
      vertex -74.8469 114.153 0
    endloop
  endfacet
  facet normal 0 0 1
    outer loop
      vertex -68.5 136 0
      vertex -75.2795 114.239 0
      vertex -75.0611 114.207 0
    endloop
  endfacet
  facet normal 0 0 1
    outer loop
      vertex -68.5 136 0
      vertex -75.5 114.25 0
      vertex -75.2795 114.239 0
    endloop
  endfacet
  facet normal 0 0 1
    outer loop
      vertex -68.5 136 0
      vertex -75.7205 114.239 0
      vertex -75.5 114.25 0
    endloop
  endfacet
  facet normal 0 0 1
    outer loop
      vertex -68.5 136 0
      vertex -75.9389 114.207 0
      vertex -75.7205 114.239 0
    endloop
  endfacet
  facet normal -0 0 1
    outer loop
      vertex -82.5 115 0
      vertex -75.9389 114.207 0
      vertex -68.5 136 0
    endloop
  endfacet
  facet normal 0 0 1
    outer loop
      vertex -75.9389 114.207 0
      vertex -82.5 115 0
      vertex -76.1531 114.153 0
    endloop
  endfacet
  facet normal 0 0 1
    outer loop
      vertex -76.1531 114.153 0
      vertex -82.5 115 0
      vertex -76.361 114.079 0
    endloop
  endfacet
  facet normal 0 0 1
    outer loop
      vertex -76.361 114.079 0
      vertex -82.5 115 0
      vertex -76.5606 113.984 0
    endloop
  endfacet
  facet normal 0 0 1
    outer loop
      vertex -76.5606 113.984 0
      vertex -82.5 115 0
      vertex -76.75 113.871 0
    endloop
  endfacet
  facet normal 0 0 1
    outer loop
      vertex -76.75 113.871 0
      vertex -82.5 115 0
      vertex -76.9274 113.739 0
    endloop
  endfacet
  facet normal 0 0 1
    outer loop
      vertex -76.9274 113.739 0
      vertex -82.5 115 0
      vertex -77.091 113.591 0
    endloop
  endfacet
  facet normal 0 0 1
    outer loop
      vertex -77.091 113.591 0
      vertex -82.5 115 0
      vertex -77.2393 113.427 0
    endloop
  endfacet
  facet normal 0 0 1
    outer loop
      vertex -77.2393 113.427 0
      vertex -82.5 115 0
      vertex -77.3708 113.25 0
    endloop
  endfacet
  facet normal 0 0 1
    outer loop
      vertex -77.3708 113.25 0
      vertex -82.5 115 0
      vertex -77.4843 113.061 0
    endloop
  endfacet
  facet normal 0 0 1
    outer loop
      vertex -77.7392 112.221 0
      vertex -82.5 115 0
      vertex -77.75 112 0
    endloop
  endfacet
  facet normal 0 0 1
    outer loop
      vertex -77.7068 112.439 0
      vertex -82.5 115 0
      vertex -77.7392 112.221 0
    endloop
  endfacet
  facet normal 0 0 1
    outer loop
      vertex -77.6531 112.653 0
      vertex -82.5 115 0
      vertex -77.7068 112.439 0
    endloop
  endfacet
  facet normal 0 0 1
    outer loop
      vertex -77.5787 112.861 0
      vertex -82.5 115 0
      vertex -77.6531 112.653 0
    endloop
  endfacet
  facet normal 0 0 1
    outer loop
      vertex -77.4843 113.061 0
      vertex -82.5 115 0
      vertex -77.5787 112.861 0
    endloop
  endfacet
  facet normal -0 0 1
    outer loop
      vertex -73.2932 111.561 0
      vertex -58.0959 104 0
      vertex -73.2608 111.779 0
    endloop
  endfacet
  facet normal -0 0 1
    outer loop
      vertex -73.3469 111.347 0
      vertex -58.0959 104 0
      vertex -73.2932 111.561 0
    endloop
  endfacet
  facet normal -0 0 1
    outer loop
      vertex -73.4213 111.139 0
      vertex -58.0959 104 0
      vertex -73.3469 111.347 0
    endloop
  endfacet
  facet normal -0 0 1
    outer loop
      vertex -73.5157 110.939 0
      vertex -58.0959 104 0
      vertex -73.4213 111.139 0
    endloop
  endfacet
  facet normal -0 0 1
    outer loop
      vertex -73.6292 110.75 0
      vertex -58.0959 104 0
      vertex -73.5157 110.939 0
    endloop
  endfacet
  facet normal -0 0 1
    outer loop
      vertex -73.7607 110.573 0
      vertex -58.0959 104 0
      vertex -73.6292 110.75 0
    endloop
  endfacet
  facet normal -0 0 1
    outer loop
      vertex -73.909 110.409 0
      vertex -58.0959 104 0
      vertex -73.7607 110.573 0
    endloop
  endfacet
  facet normal -0 0 1
    outer loop
      vertex -74.0726 110.261 0
      vertex -58.0959 104 0
      vertex -73.909 110.409 0
    endloop
  endfacet
  facet normal -0 0 1
    outer loop
      vertex -74.25 110.129 0
      vertex -58.0959 104 0
      vertex -74.0726 110.261 0
    endloop
  endfacet
  facet normal -0 0 1
    outer loop
      vertex -74.4394 110.016 0
      vertex -58.0959 104 0
      vertex -74.25 110.129 0
    endloop
  endfacet
  facet normal 0 0 1
    outer loop
      vertex -58.0959 104 0
      vertex -74.4394 110.016 0
      vertex -68.5 88 0
    endloop
  endfacet
  facet normal -0 0 1
    outer loop
      vertex -74.639 109.921 0
      vertex -68.5 88 0
      vertex -74.4394 110.016 0
    endloop
  endfacet
  facet normal -0 0 1
    outer loop
      vertex -74.8469 109.847 0
      vertex -68.5 88 0
      vertex -74.639 109.921 0
    endloop
  endfacet
  facet normal -0 0 1
    outer loop
      vertex -75.0611 109.793 0
      vertex -68.5 88 0
      vertex -74.8469 109.847 0
    endloop
  endfacet
  facet normal -0 0 1
    outer loop
      vertex -75.2795 109.761 0
      vertex -68.5 88 0
      vertex -75.0611 109.793 0
    endloop
  endfacet
  facet normal -0 0 1
    outer loop
      vertex -75.5 109.75 0
      vertex -68.5 88 0
      vertex -75.2795 109.761 0
    endloop
  endfacet
  facet normal 0 0 1
    outer loop
      vertex -75.7205 109.761 0
      vertex -68.5 88 0
      vertex -75.5 109.75 0
    endloop
  endfacet
  facet normal 0 0 1
    outer loop
      vertex -75.9389 109.793 0
      vertex -68.5 88 0
      vertex -75.7205 109.761 0
    endloop
  endfacet
  facet normal 0 0 1
    outer loop
      vertex -82.5 109 0
      vertex -75.9389 109.793 0
      vertex -76.1531 109.847 0
    endloop
  endfacet
  facet normal 0 0 1
    outer loop
      vertex -82.5 109 0
      vertex -76.1531 109.847 0
      vertex -76.361 109.921 0
    endloop
  endfacet
  facet normal 0 0 1
    outer loop
      vertex -82.5 109 0
      vertex -76.361 109.921 0
      vertex -76.5606 110.016 0
    endloop
  endfacet
  facet normal 0 0 1
    outer loop
      vertex -82.5 109 0
      vertex -76.5606 110.016 0
      vertex -76.75 110.129 0
    endloop
  endfacet
  facet normal 0 0 1
    outer loop
      vertex -82.5 109 0
      vertex -76.75 110.129 0
      vertex -76.9274 110.261 0
    endloop
  endfacet
  facet normal 0 0 1
    outer loop
      vertex -82.5 109 0
      vertex -76.9274 110.261 0
      vertex -77.091 110.409 0
    endloop
  endfacet
  facet normal 0 0 1
    outer loop
      vertex -82.5 109 0
      vertex -77.091 110.409 0
      vertex -77.2393 110.573 0
    endloop
  endfacet
  facet normal 0 0 1
    outer loop
      vertex -82.5 109 0
      vertex -77.2393 110.573 0
      vertex -77.3708 110.75 0
    endloop
  endfacet
  facet normal 0 0 1
    outer loop
      vertex -82.5 109 0
      vertex -77.3708 110.75 0
      vertex -77.4843 110.939 0
    endloop
  endfacet
  facet normal 0 0 1
    outer loop
      vertex -82.5 109 0
      vertex -77.4843 110.939 0
      vertex -77.5787 111.139 0
    endloop
  endfacet
  facet normal 0 0 1
    outer loop
      vertex -82.5 109 0
      vertex -77.75 112 0
      vertex -82.5 115 0
    endloop
  endfacet
  facet normal 0 0 1
    outer loop
      vertex -77.75 112 0
      vertex -82.5 109 0
      vertex -77.7392 111.779 0
    endloop
  endfacet
  facet normal 0 0 1
    outer loop
      vertex -77.7392 111.779 0
      vertex -82.5 109 0
      vertex -77.7068 111.561 0
    endloop
  endfacet
  facet normal 0 0 1
    outer loop
      vertex -77.7068 111.561 0
      vertex -82.5 109 0
      vertex -77.6531 111.347 0
    endloop
  endfacet
  facet normal 0 0 1
    outer loop
      vertex -77.6531 111.347 0
      vertex -82.5 109 0
      vertex -77.5787 111.139 0
    endloop
  endfacet
  facet normal 0 0 1
    outer loop
      vertex -75.9389 109.793 0
      vertex -82.5 109 0
      vertex -68.5 88 0
    endloop
  endfacet
  facet normal -0 0 1
    outer loop
      vertex -73.2932 29.561 0
      vertex -58.0959 21.5 0
      vertex -73.2608 29.7795 0
    endloop
  endfacet
  facet normal -0 0 1
    outer loop
      vertex -73.3469 29.3469 0
      vertex -58.0959 21.5 0
      vertex -73.2932 29.561 0
    endloop
  endfacet
  facet normal -0 0 1
    outer loop
      vertex -73.4213 29.139 0
      vertex -58.0959 21.5 0
      vertex -73.3469 29.3469 0
    endloop
  endfacet
  facet normal -0 0 1
    outer loop
      vertex -73.5157 28.9394 0
      vertex -58.0959 21.5 0
      vertex -73.4213 29.139 0
    endloop
  endfacet
  facet normal -0 0 1
    outer loop
      vertex -73.6292 28.75 0
      vertex -58.0959 21.5 0
      vertex -73.5157 28.9394 0
    endloop
  endfacet
  facet normal -0 0 1
    outer loop
      vertex -73.7607 28.5726 0
      vertex -58.0959 21.5 0
      vertex -73.6292 28.75 0
    endloop
  endfacet
  facet normal -0 0 1
    outer loop
      vertex -73.909 28.409 0
      vertex -58.0959 21.5 0
      vertex -73.7607 28.5726 0
    endloop
  endfacet
  facet normal -0 0 1
    outer loop
      vertex -74.0726 28.2607 0
      vertex -58.0959 21.5 0
      vertex -73.909 28.409 0
    endloop
  endfacet
  facet normal -0 0 1
    outer loop
      vertex -74.25 28.1292 0
      vertex -58.0959 21.5 0
      vertex -74.0726 28.2607 0
    endloop
  endfacet
  facet normal -0 0 1
    outer loop
      vertex -74.4394 28.0157 0
      vertex -58.0959 21.5 0
      vertex -74.25 28.1292 0
    endloop
  endfacet
  facet normal 0 0 1
    outer loop
      vertex -58.0959 21.5 0
      vertex -74.4394 28.0157 0
      vertex -68.5 6 0
    endloop
  endfacet
  facet normal -0 0 1
    outer loop
      vertex -74.639 27.9213 0
      vertex -68.5 6 0
      vertex -74.4394 28.0157 0
    endloop
  endfacet
  facet normal -0 0 1
    outer loop
      vertex -74.8469 27.8469 0
      vertex -68.5 6 0
      vertex -74.639 27.9213 0
    endloop
  endfacet
  facet normal -0 0 1
    outer loop
      vertex -75.0611 27.7932 0
      vertex -68.5 6 0
      vertex -74.8469 27.8469 0
    endloop
  endfacet
  facet normal -0 0 1
    outer loop
      vertex -75.2795 27.7608 0
      vertex -68.5 6 0
      vertex -75.0611 27.7932 0
    endloop
  endfacet
  facet normal -0 0 1
    outer loop
      vertex -75.5 27.75 0
      vertex -68.5 6 0
      vertex -75.2795 27.7608 0
    endloop
  endfacet
  facet normal 0 0 1
    outer loop
      vertex -75.7205 27.7608 0
      vertex -68.5 6 0
      vertex -75.5 27.75 0
    endloop
  endfacet
  facet normal 0 0 1
    outer loop
      vertex -75.9389 27.7932 0
      vertex -68.5 6 0
      vertex -75.7205 27.7608 0
    endloop
  endfacet
  facet normal 0 0 1
    outer loop
      vertex -82.5 27 0
      vertex -75.9389 27.7932 0
      vertex -76.1531 27.8469 0
    endloop
  endfacet
  facet normal 0 0 1
    outer loop
      vertex -82.5 27 0
      vertex -76.1531 27.8469 0
      vertex -76.361 27.9213 0
    endloop
  endfacet
  facet normal 0 0 1
    outer loop
      vertex -82.5 27 0
      vertex -76.361 27.9213 0
      vertex -76.5606 28.0157 0
    endloop
  endfacet
  facet normal 0 0 1
    outer loop
      vertex -82.5 27 0
      vertex -76.5606 28.0157 0
      vertex -76.75 28.1292 0
    endloop
  endfacet
  facet normal 0 0 1
    outer loop
      vertex -82.5 27 0
      vertex -76.75 28.1292 0
      vertex -76.9274 28.2607 0
    endloop
  endfacet
  facet normal 0 0 1
    outer loop
      vertex -82.5 27 0
      vertex -76.9274 28.2607 0
      vertex -77.091 28.409 0
    endloop
  endfacet
  facet normal 0 0 1
    outer loop
      vertex -82.5 27 0
      vertex -77.091 28.409 0
      vertex -77.2393 28.5726 0
    endloop
  endfacet
  facet normal 0 0 1
    outer loop
      vertex -82.5 27 0
      vertex -77.2393 28.5726 0
      vertex -77.3708 28.75 0
    endloop
  endfacet
  facet normal 0 0 1
    outer loop
      vertex -82.5 27 0
      vertex -77.3708 28.75 0
      vertex -77.4843 28.9394 0
    endloop
  endfacet
  facet normal 0 0 1
    outer loop
      vertex -82.5 27 0
      vertex -77.4843 28.9394 0
      vertex -77.5787 29.139 0
    endloop
  endfacet
  facet normal 0 0 1
    outer loop
      vertex -82.5 27 0
      vertex -77.75 30 0
      vertex -82.5 33 0
    endloop
  endfacet
  facet normal 0 0 1
    outer loop
      vertex -77.75 30 0
      vertex -82.5 27 0
      vertex -77.7392 29.7795 0
    endloop
  endfacet
  facet normal 0 0 1
    outer loop
      vertex -77.7392 29.7795 0
      vertex -82.5 27 0
      vertex -77.7068 29.561 0
    endloop
  endfacet
  facet normal 0 0 1
    outer loop
      vertex -77.7068 29.561 0
      vertex -82.5 27 0
      vertex -77.6531 29.3469 0
    endloop
  endfacet
  facet normal 0 0 1
    outer loop
      vertex -77.6531 29.3469 0
      vertex -82.5 27 0
      vertex -77.5787 29.139 0
    endloop
  endfacet
  facet normal 0 0 1
    outer loop
      vertex -75.9389 27.7932 0
      vertex -82.5 27 0
      vertex -68.5 6 0
    endloop
  endfacet
  facet normal 0 0 1
    outer loop
      vertex -43.8064 29.75 0
      vertex -41.9301 21.5 0
      vertex -39.765 22.75 0
    endloop
  endfacet
  facet normal 0 0 1
    outer loop
      vertex -45.9715 28.5 0
      vertex -43.8064 29.75 0
      vertex -45.9715 31 0
    endloop
  endfacet
  facet normal 0 0 1
    outer loop
      vertex -43.8064 29.75 0
      vertex -45.9715 28.5 0
      vertex -41.9301 21.5 0
    endloop
  endfacet
  facet normal -0 0 1
    outer loop
      vertex -54.0544 31 0
      vertex -45.9715 28.5 0
      vertex -45.9715 31 0
    endloop
  endfacet
  facet normal 0 0 1
    outer loop
      vertex -54.0544 31 0
      vertex -54.0544 28.5 0
      vertex -45.9715 28.5 0
    endloop
  endfacet
  facet normal 0 0 1
    outer loop
      vertex -73.25 30 0
      vertex -54.0544 31 0
      vertex -58.0959 38 0
    endloop
  endfacet
  facet normal 0 0 1
    outer loop
      vertex -54.0544 31 0
      vertex -73.25 30 0
      vertex -54.0544 28.5 0
    endloop
  endfacet
  facet normal 0 0 1
    outer loop
      vertex -41.9301 120.5 0
      vertex -43.8064 112.25 0
      vertex -39.765 119.25 0
    endloop
  endfacet
  facet normal 0 -0 1
    outer loop
      vertex -43.8064 112.25 0
      vertex -41.9301 120.5 0
      vertex -45.9715 113.5 0
    endloop
  endfacet
  facet normal 0 0 1
    outer loop
      vertex -41.9301 104 0
      vertex -43.8064 95.75 0
      vertex -39.765 102.75 0
    endloop
  endfacet
  facet normal 0 -0 1
    outer loop
      vertex -43.8064 95.75 0
      vertex -41.9301 104 0
      vertex -45.9715 97 0
    endloop
  endfacet
  facet normal 0 0 1
    outer loop
      vertex -41.9301 87.5 0
      vertex -43.8064 79.25 0
      vertex -39.765 86.25 0
    endloop
  endfacet
  facet normal 0 -0 1
    outer loop
      vertex -43.8064 79.25 0
      vertex -41.9301 87.5 0
      vertex -45.9715 80.5 0
    endloop
  endfacet
  facet normal 0 0 1
    outer loop
      vertex -41.9301 71 0
      vertex -43.8064 62.75 0
      vertex -39.765 69.75 0
    endloop
  endfacet
  facet normal 0 -0 1
    outer loop
      vertex -43.8064 62.75 0
      vertex -41.9301 71 0
      vertex -45.9715 64 0
    endloop
  endfacet
  facet normal 0 0 1
    outer loop
      vertex -41.9301 54.5 0
      vertex -43.8064 46.25 0
      vertex -39.765 53.25 0
    endloop
  endfacet
  facet normal 0 -0 1
    outer loop
      vertex -43.8064 46.25 0
      vertex -41.9301 54.5 0
      vertex -45.9715 47.5 0
    endloop
  endfacet
  facet normal 0 0 1
    outer loop
      vertex -41.9301 38 0
      vertex -43.8064 29.75 0
      vertex -39.765 36.75 0
    endloop
  endfacet
  facet normal 0 -0 1
    outer loop
      vertex -43.8064 29.75 0
      vertex -41.9301 38 0
      vertex -45.9715 31 0
    endloop
  endfacet
  facet normal 0 0 1
    outer loop
      vertex -27.6406 112.25 0
      vertex -29.517 104 0
      vertex -25.4756 111 0
    endloop
  endfacet
  facet normal 0 -0 1
    outer loop
      vertex -29.517 104 0
      vertex -27.6406 112.25 0
      vertex -31.6821 105.25 0
    endloop
  endfacet
  facet normal 0 0 1
    outer loop
      vertex -27.6406 95.75 0
      vertex -29.517 87.5 0
      vertex -25.4756 94.5 0
    endloop
  endfacet
  facet normal 0 -0 1
    outer loop
      vertex -29.517 87.5 0
      vertex -27.6406 95.75 0
      vertex -31.6821 88.75 0
    endloop
  endfacet
  facet normal 0 0 1
    outer loop
      vertex -27.6406 79.25 0
      vertex -29.517 71 0
      vertex -25.4756 78 0
    endloop
  endfacet
  facet normal 0 -0 1
    outer loop
      vertex -29.517 71 0
      vertex -27.6406 79.25 0
      vertex -31.6821 72.25 0
    endloop
  endfacet
  facet normal 0 0 1
    outer loop
      vertex -27.6406 62.75 0
      vertex -29.517 54.5 0
      vertex -25.4756 61.5 0
    endloop
  endfacet
  facet normal 0 -0 1
    outer loop
      vertex -29.517 54.5 0
      vertex -27.6406 62.75 0
      vertex -31.6821 55.75 0
    endloop
  endfacet
  facet normal 0 0 1
    outer loop
      vertex -27.6406 46.25 0
      vertex -29.517 38 0
      vertex -25.4756 45 0
    endloop
  endfacet
  facet normal 0 -0 1
    outer loop
      vertex -29.517 38 0
      vertex -27.6406 46.25 0
      vertex -31.6821 39.25 0
    endloop
  endfacet
  facet normal 0 0 1
    outer loop
      vertex -27.6406 29.75 0
      vertex -29.517 21.5 0
      vertex -25.4756 28.5 0
    endloop
  endfacet
  facet normal 0 -0 1
    outer loop
      vertex -29.517 21.5 0
      vertex -27.6406 29.75 0
      vertex -31.6821 22.75 0
    endloop
  endfacet
  facet normal 0 0 1
    outer loop
      vertex -15.2276 29.75 0
      vertex -13.3512 21.5 0
      vertex -11.1862 22.75 0
    endloop
  endfacet
  facet normal 0 0 1
    outer loop
      vertex -17.3927 28.5 0
      vertex -15.2276 29.75 0
      vertex -17.3927 31 0
    endloop
  endfacet
  facet normal 0 0 1
    outer loop
      vertex -15.2276 29.75 0
      vertex -17.3927 28.5 0
      vertex -13.3512 21.5 0
    endloop
  endfacet
  facet normal -0 0 1
    outer loop
      vertex -25.4756 31 0
      vertex -17.3927 28.5 0
      vertex -17.3927 31 0
    endloop
  endfacet
  facet normal 0 0 1
    outer loop
      vertex -25.4756 31 0
      vertex -25.4756 28.5 0
      vertex -17.3927 28.5 0
    endloop
  endfacet
  facet normal 0 0 1
    outer loop
      vertex -25.4756 31 0
      vertex -27.6406 29.75 0
      vertex -25.4756 28.5 0
    endloop
  endfacet
  facet normal 0 0 1
    outer loop
      vertex -29.517 38 0
      vertex -27.6406 29.75 0
      vertex -25.4756 31 0
    endloop
  endfacet
  facet normal 0 0 1
    outer loop
      vertex -31.6821 36.75 0
      vertex -29.517 38 0
      vertex -31.6821 39.25 0
    endloop
  endfacet
  facet normal 0 0 1
    outer loop
      vertex -29.517 38 0
      vertex -31.6821 36.75 0
      vertex -27.6406 29.75 0
    endloop
  endfacet
  facet normal -0 0 1
    outer loop
      vertex -39.765 39.25 0
      vertex -31.6821 36.75 0
      vertex -31.6821 39.25 0
    endloop
  endfacet
  facet normal 0 0 1
    outer loop
      vertex -39.765 39.25 0
      vertex -39.765 36.75 0
      vertex -31.6821 36.75 0
    endloop
  endfacet
  facet normal 0 0 1
    outer loop
      vertex -39.765 39.25 0
      vertex -41.9301 38 0
      vertex -39.765 36.75 0
    endloop
  endfacet
  facet normal 0 0 1
    outer loop
      vertex -43.8064 46.25 0
      vertex -41.9301 38 0
      vertex -39.765 39.25 0
    endloop
  endfacet
  facet normal 0 0 1
    outer loop
      vertex -45.9715 45 0
      vertex -43.8064 46.25 0
      vertex -45.9715 47.5 0
    endloop
  endfacet
  facet normal 0 0 1
    outer loop
      vertex -43.8064 46.25 0
      vertex -45.9715 45 0
      vertex -41.9301 38 0
    endloop
  endfacet
  facet normal -0 0 1
    outer loop
      vertex -54.0544 47.5 0
      vertex -45.9715 45 0
      vertex -45.9715 47.5 0
    endloop
  endfacet
  facet normal 0 0 1
    outer loop
      vertex -54.0544 47.5 0
      vertex -54.0544 45 0
      vertex -45.9715 45 0
    endloop
  endfacet
  facet normal -0 0 1
    outer loop
      vertex -68.5 54 0
      vertex -54.0544 47.5 0
      vertex -58.0959 54.5 0
    endloop
  endfacet
  facet normal 0 0 1
    outer loop
      vertex -54.0544 47.5 0
      vertex -68.5 54 0
      vertex -54.0544 45 0
    endloop
  endfacet
  facet normal 0 0 1
    outer loop
      vertex -13.3512 120.5 0
      vertex -15.2276 112.25 0
      vertex -11.1862 119.25 0
    endloop
  endfacet
  facet normal 0 -0 1
    outer loop
      vertex -15.2276 112.25 0
      vertex -13.3512 120.5 0
      vertex -17.3927 113.5 0
    endloop
  endfacet
  facet normal 0 0 1
    outer loop
      vertex -13.3512 104 0
      vertex -15.2276 95.75 0
      vertex -11.1862 102.75 0
    endloop
  endfacet
  facet normal 0 -0 1
    outer loop
      vertex -15.2276 95.75 0
      vertex -13.3512 104 0
      vertex -17.3927 97 0
    endloop
  endfacet
  facet normal 0 0 1
    outer loop
      vertex -13.3512 87.5 0
      vertex -15.2276 79.25 0
      vertex -11.1862 86.25 0
    endloop
  endfacet
  facet normal 0 -0 1
    outer loop
      vertex -15.2276 79.25 0
      vertex -13.3512 87.5 0
      vertex -17.3927 80.5 0
    endloop
  endfacet
  facet normal 0 0 1
    outer loop
      vertex -13.3512 71 0
      vertex -15.2276 62.75 0
      vertex -11.1862 69.75 0
    endloop
  endfacet
  facet normal 0 -0 1
    outer loop
      vertex -15.2276 62.75 0
      vertex -13.3512 71 0
      vertex -17.3927 64 0
    endloop
  endfacet
  facet normal 0 0 1
    outer loop
      vertex -13.3512 54.5 0
      vertex -15.2276 46.25 0
      vertex -11.1862 53.25 0
    endloop
  endfacet
  facet normal 0 -0 1
    outer loop
      vertex -15.2276 46.25 0
      vertex -13.3512 54.5 0
      vertex -17.3927 47.5 0
    endloop
  endfacet
  facet normal 0 0 1
    outer loop
      vertex -13.3512 38 0
      vertex -15.2276 29.75 0
      vertex -11.1862 36.75 0
    endloop
  endfacet
  facet normal 0 -0 1
    outer loop
      vertex -15.2276 29.75 0
      vertex -13.3512 38 0
      vertex -17.3927 31 0
    endloop
  endfacet
  facet normal 0 0 1
    outer loop
      vertex 0.938187 112.25 0
      vertex -0.938187 104 0
      vertex 3.10326 111 0
    endloop
  endfacet
  facet normal 0 -0 1
    outer loop
      vertex -0.938187 104 0
      vertex 0.938187 112.25 0
      vertex -3.10326 105.25 0
    endloop
  endfacet
  facet normal 0 0 1
    outer loop
      vertex 0.938187 95.75 0
      vertex -0.938187 87.5 0
      vertex 3.10326 94.5 0
    endloop
  endfacet
  facet normal 0 -0 1
    outer loop
      vertex -0.938187 87.5 0
      vertex 0.938187 95.75 0
      vertex -3.10326 88.75 0
    endloop
  endfacet
  facet normal 0 0 1
    outer loop
      vertex 0.938187 79.25 0
      vertex -0.938187 71 0
      vertex 3.10326 78 0
    endloop
  endfacet
  facet normal 0 -0 1
    outer loop
      vertex -0.938187 71 0
      vertex 0.938187 79.25 0
      vertex -3.10326 72.25 0
    endloop
  endfacet
  facet normal 0 0 1
    outer loop
      vertex 0.938187 62.75 0
      vertex -0.938187 54.5 0
      vertex 3.10326 61.5 0
    endloop
  endfacet
  facet normal 0 -0 1
    outer loop
      vertex -0.938187 54.5 0
      vertex 0.938187 62.75 0
      vertex -3.10326 55.75 0
    endloop
  endfacet
  facet normal 0 0 1
    outer loop
      vertex 0.938187 46.25 0
      vertex -0.938187 38 0
      vertex 3.10326 45 0
    endloop
  endfacet
  facet normal 0 -0 1
    outer loop
      vertex -0.938187 38 0
      vertex 0.938187 46.25 0
      vertex -3.10326 39.25 0
    endloop
  endfacet
  facet normal 0 0 1
    outer loop
      vertex 0.938187 29.75 0
      vertex -0.938187 21.5 0
      vertex 3.10326 28.5 0
    endloop
  endfacet
  facet normal 0 -0 1
    outer loop
      vertex -0.938187 21.5 0
      vertex 0.938187 29.75 0
      vertex -3.10326 22.75 0
    endloop
  endfacet
  facet normal 0 0 1
    outer loop
      vertex 13.3512 29.75 0
      vertex 15.2276 21.5 0
      vertex 17.3927 22.75 0
    endloop
  endfacet
  facet normal 0 0 1
    outer loop
      vertex 11.1862 28.5 0
      vertex 13.3512 29.75 0
      vertex 11.1862 31 0
    endloop
  endfacet
  facet normal 0 0 1
    outer loop
      vertex 13.3512 29.75 0
      vertex 11.1862 28.5 0
      vertex 15.2276 21.5 0
    endloop
  endfacet
  facet normal -0 0 1
    outer loop
      vertex 3.10326 31 0
      vertex 11.1862 28.5 0
      vertex 11.1862 31 0
    endloop
  endfacet
  facet normal 0 0 1
    outer loop
      vertex 3.10326 31 0
      vertex 3.10326 28.5 0
      vertex 11.1862 28.5 0
    endloop
  endfacet
  facet normal 0 0 1
    outer loop
      vertex 3.10326 31 0
      vertex 0.938187 29.75 0
      vertex 3.10326 28.5 0
    endloop
  endfacet
  facet normal 0 0 1
    outer loop
      vertex -0.938187 38 0
      vertex 0.938187 29.75 0
      vertex 3.10326 31 0
    endloop
  endfacet
  facet normal 0 0 1
    outer loop
      vertex -3.10326 36.75 0
      vertex -0.938187 38 0
      vertex -3.10326 39.25 0
    endloop
  endfacet
  facet normal 0 0 1
    outer loop
      vertex -0.938187 38 0
      vertex -3.10326 36.75 0
      vertex 0.938187 29.75 0
    endloop
  endfacet
  facet normal -0 0 1
    outer loop
      vertex -11.1862 39.25 0
      vertex -3.10326 36.75 0
      vertex -3.10326 39.25 0
    endloop
  endfacet
  facet normal 0 0 1
    outer loop
      vertex -11.1862 39.25 0
      vertex -11.1862 36.75 0
      vertex -3.10326 36.75 0
    endloop
  endfacet
  facet normal 0 0 1
    outer loop
      vertex -11.1862 39.25 0
      vertex -13.3512 38 0
      vertex -11.1862 36.75 0
    endloop
  endfacet
  facet normal 0 0 1
    outer loop
      vertex -15.2276 46.25 0
      vertex -13.3512 38 0
      vertex -11.1862 39.25 0
    endloop
  endfacet
  facet normal 0 0 1
    outer loop
      vertex -17.3927 45 0
      vertex -15.2276 46.25 0
      vertex -17.3927 47.5 0
    endloop
  endfacet
  facet normal 0 0 1
    outer loop
      vertex -15.2276 46.25 0
      vertex -17.3927 45 0
      vertex -13.3512 38 0
    endloop
  endfacet
  facet normal -0 0 1
    outer loop
      vertex -25.4756 47.5 0
      vertex -17.3927 45 0
      vertex -17.3927 47.5 0
    endloop
  endfacet
  facet normal 0 0 1
    outer loop
      vertex -25.4756 47.5 0
      vertex -25.4756 45 0
      vertex -17.3927 45 0
    endloop
  endfacet
  facet normal 0 0 1
    outer loop
      vertex -25.4756 47.5 0
      vertex -27.6406 46.25 0
      vertex -25.4756 45 0
    endloop
  endfacet
  facet normal 0 0 1
    outer loop
      vertex -29.517 54.5 0
      vertex -27.6406 46.25 0
      vertex -25.4756 47.5 0
    endloop
  endfacet
  facet normal 0 0 1
    outer loop
      vertex -31.6821 53.25 0
      vertex -29.517 54.5 0
      vertex -31.6821 55.75 0
    endloop
  endfacet
  facet normal 0 0 1
    outer loop
      vertex -29.517 54.5 0
      vertex -31.6821 53.25 0
      vertex -27.6406 46.25 0
    endloop
  endfacet
  facet normal -0 0 1
    outer loop
      vertex -39.765 55.75 0
      vertex -31.6821 53.25 0
      vertex -31.6821 55.75 0
    endloop
  endfacet
  facet normal 0 0 1
    outer loop
      vertex -39.765 55.75 0
      vertex -39.765 53.25 0
      vertex -31.6821 53.25 0
    endloop
  endfacet
  facet normal 0 0 1
    outer loop
      vertex -39.765 55.75 0
      vertex -41.9301 54.5 0
      vertex -39.765 53.25 0
    endloop
  endfacet
  facet normal 0 0 1
    outer loop
      vertex -43.8064 62.75 0
      vertex -41.9301 54.5 0
      vertex -39.765 55.75 0
    endloop
  endfacet
  facet normal 0 0 1
    outer loop
      vertex -45.9715 61.5 0
      vertex -43.8064 62.75 0
      vertex -45.9715 64 0
    endloop
  endfacet
  facet normal 0 0 1
    outer loop
      vertex -43.8064 62.75 0
      vertex -45.9715 61.5 0
      vertex -41.9301 54.5 0
    endloop
  endfacet
  facet normal -0 0 1
    outer loop
      vertex -54.0544 64 0
      vertex -45.9715 61.5 0
      vertex -45.9715 64 0
    endloop
  endfacet
  facet normal 0 0 1
    outer loop
      vertex -54.0544 64 0
      vertex -54.0544 61.5 0
      vertex -45.9715 61.5 0
    endloop
  endfacet
  facet normal 0 0 1
    outer loop
      vertex -68.5 54 0
      vertex -54.0544 64 0
      vertex -58.0959 71 0
    endloop
  endfacet
  facet normal 0 0 1
    outer loop
      vertex -54.0544 64 0
      vertex -68.5 54 0
      vertex -54.0544 61.5 0
    endloop
  endfacet
  facet normal 0 0 1
    outer loop
      vertex 15.2276 120.5 0
      vertex 13.3512 112.25 0
      vertex 17.3927 119.25 0
    endloop
  endfacet
  facet normal 0 -0 1
    outer loop
      vertex 13.3512 112.25 0
      vertex 15.2276 120.5 0
      vertex 11.1862 113.5 0
    endloop
  endfacet
  facet normal 0 0 1
    outer loop
      vertex 15.2276 104 0
      vertex 13.3512 95.75 0
      vertex 17.3927 102.75 0
    endloop
  endfacet
  facet normal 0 -0 1
    outer loop
      vertex 13.3512 95.75 0
      vertex 15.2276 104 0
      vertex 11.1862 97 0
    endloop
  endfacet
  facet normal 0 0 1
    outer loop
      vertex 15.2276 87.5 0
      vertex 13.3512 79.25 0
      vertex 17.3927 86.25 0
    endloop
  endfacet
  facet normal 0 -0 1
    outer loop
      vertex 13.3512 79.25 0
      vertex 15.2276 87.5 0
      vertex 11.1862 80.5 0
    endloop
  endfacet
  facet normal 0 0 1
    outer loop
      vertex 15.2276 71 0
      vertex 13.3512 62.75 0
      vertex 17.3927 69.75 0
    endloop
  endfacet
  facet normal 0 -0 1
    outer loop
      vertex 13.3512 62.75 0
      vertex 15.2276 71 0
      vertex 11.1862 64 0
    endloop
  endfacet
  facet normal 0 0 1
    outer loop
      vertex 15.2276 54.5 0
      vertex 13.3512 46.25 0
      vertex 17.3927 53.25 0
    endloop
  endfacet
  facet normal 0 -0 1
    outer loop
      vertex 13.3512 46.25 0
      vertex 15.2276 54.5 0
      vertex 11.1862 47.5 0
    endloop
  endfacet
  facet normal 0 0 1
    outer loop
      vertex 15.2276 38 0
      vertex 13.3512 29.75 0
      vertex 17.3927 36.75 0
    endloop
  endfacet
  facet normal 0 -0 1
    outer loop
      vertex 13.3512 29.75 0
      vertex 15.2276 38 0
      vertex 11.1862 31 0
    endloop
  endfacet
  facet normal 0 0 1
    outer loop
      vertex 29.517 112.25 0
      vertex 27.6406 104 0
      vertex 31.6821 111 0
    endloop
  endfacet
  facet normal 0 -0 1
    outer loop
      vertex 27.6406 104 0
      vertex 29.517 112.25 0
      vertex 25.4756 105.25 0
    endloop
  endfacet
  facet normal 0 0 1
    outer loop
      vertex 29.517 95.75 0
      vertex 27.6406 87.5 0
      vertex 31.6821 94.5 0
    endloop
  endfacet
  facet normal 0 -0 1
    outer loop
      vertex 27.6406 87.5 0
      vertex 29.517 95.75 0
      vertex 25.4756 88.75 0
    endloop
  endfacet
  facet normal 0 0 1
    outer loop
      vertex 29.517 79.25 0
      vertex 27.6406 71 0
      vertex 31.6821 78 0
    endloop
  endfacet
  facet normal 0 -0 1
    outer loop
      vertex 27.6406 71 0
      vertex 29.517 79.25 0
      vertex 25.4756 72.25 0
    endloop
  endfacet
  facet normal 0 0 1
    outer loop
      vertex 29.517 62.75 0
      vertex 27.6406 54.5 0
      vertex 31.6821 61.5 0
    endloop
  endfacet
  facet normal 0 -0 1
    outer loop
      vertex 27.6406 54.5 0
      vertex 29.517 62.75 0
      vertex 25.4756 55.75 0
    endloop
  endfacet
  facet normal 0 0 1
    outer loop
      vertex 29.517 46.25 0
      vertex 27.6406 38 0
      vertex 31.6821 45 0
    endloop
  endfacet
  facet normal 0 -0 1
    outer loop
      vertex 27.6406 38 0
      vertex 29.517 46.25 0
      vertex 25.4756 39.25 0
    endloop
  endfacet
  facet normal 0 0 1
    outer loop
      vertex 29.517 29.75 0
      vertex 27.6406 21.5 0
      vertex 31.6821 28.5 0
    endloop
  endfacet
  facet normal 0 -0 1
    outer loop
      vertex 27.6406 21.5 0
      vertex 29.517 29.75 0
      vertex 25.4756 22.75 0
    endloop
  endfacet
  facet normal 0 0 1
    outer loop
      vertex 41.9301 29.75 0
      vertex 43.8064 21.5 0
      vertex 45.9715 22.75 0
    endloop
  endfacet
  facet normal 0 0 1
    outer loop
      vertex 39.765 28.5 0
      vertex 41.9301 29.75 0
      vertex 39.765 31 0
    endloop
  endfacet
  facet normal 0 0 1
    outer loop
      vertex 41.9301 29.75 0
      vertex 39.765 28.5 0
      vertex 43.8064 21.5 0
    endloop
  endfacet
  facet normal -0 0 1
    outer loop
      vertex 31.6821 31 0
      vertex 39.765 28.5 0
      vertex 39.765 31 0
    endloop
  endfacet
  facet normal 0 0 1
    outer loop
      vertex 31.6821 31 0
      vertex 31.6821 28.5 0
      vertex 39.765 28.5 0
    endloop
  endfacet
  facet normal 0 0 1
    outer loop
      vertex 31.6821 31 0
      vertex 29.517 29.75 0
      vertex 31.6821 28.5 0
    endloop
  endfacet
  facet normal 0 0 1
    outer loop
      vertex 27.6406 38 0
      vertex 29.517 29.75 0
      vertex 31.6821 31 0
    endloop
  endfacet
  facet normal 0 0 1
    outer loop
      vertex 25.4756 36.75 0
      vertex 27.6406 38 0
      vertex 25.4756 39.25 0
    endloop
  endfacet
  facet normal 0 0 1
    outer loop
      vertex 27.6406 38 0
      vertex 25.4756 36.75 0
      vertex 29.517 29.75 0
    endloop
  endfacet
  facet normal -0 0 1
    outer loop
      vertex 17.3927 39.25 0
      vertex 25.4756 36.75 0
      vertex 25.4756 39.25 0
    endloop
  endfacet
  facet normal 0 0 1
    outer loop
      vertex 17.3927 39.25 0
      vertex 17.3927 36.75 0
      vertex 25.4756 36.75 0
    endloop
  endfacet
  facet normal 0 0 1
    outer loop
      vertex 17.3927 39.25 0
      vertex 15.2276 38 0
      vertex 17.3927 36.75 0
    endloop
  endfacet
  facet normal 0 0 1
    outer loop
      vertex 13.3512 46.25 0
      vertex 15.2276 38 0
      vertex 17.3927 39.25 0
    endloop
  endfacet
  facet normal 0 0 1
    outer loop
      vertex 11.1862 45 0
      vertex 13.3512 46.25 0
      vertex 11.1862 47.5 0
    endloop
  endfacet
  facet normal 0 0 1
    outer loop
      vertex 13.3512 46.25 0
      vertex 11.1862 45 0
      vertex 15.2276 38 0
    endloop
  endfacet
  facet normal -0 0 1
    outer loop
      vertex 3.10326 47.5 0
      vertex 11.1862 45 0
      vertex 11.1862 47.5 0
    endloop
  endfacet
  facet normal 0 0 1
    outer loop
      vertex 3.10326 47.5 0
      vertex 3.10326 45 0
      vertex 11.1862 45 0
    endloop
  endfacet
  facet normal 0 0 1
    outer loop
      vertex 3.10326 47.5 0
      vertex 0.938187 46.25 0
      vertex 3.10326 45 0
    endloop
  endfacet
  facet normal 0 0 1
    outer loop
      vertex -0.938187 54.5 0
      vertex 0.938187 46.25 0
      vertex 3.10326 47.5 0
    endloop
  endfacet
  facet normal 0 0 1
    outer loop
      vertex -3.10326 53.25 0
      vertex -0.938187 54.5 0
      vertex -3.10326 55.75 0
    endloop
  endfacet
  facet normal 0 0 1
    outer loop
      vertex -0.938187 54.5 0
      vertex -3.10326 53.25 0
      vertex 0.938187 46.25 0
    endloop
  endfacet
  facet normal -0 0 1
    outer loop
      vertex -11.1862 55.75 0
      vertex -3.10326 53.25 0
      vertex -3.10326 55.75 0
    endloop
  endfacet
  facet normal 0 0 1
    outer loop
      vertex -11.1862 55.75 0
      vertex -11.1862 53.25 0
      vertex -3.10326 53.25 0
    endloop
  endfacet
  facet normal 0 0 1
    outer loop
      vertex -11.1862 55.75 0
      vertex -13.3512 54.5 0
      vertex -11.1862 53.25 0
    endloop
  endfacet
  facet normal 0 0 1
    outer loop
      vertex -15.2276 62.75 0
      vertex -13.3512 54.5 0
      vertex -11.1862 55.75 0
    endloop
  endfacet
  facet normal 0 0 1
    outer loop
      vertex -17.3927 61.5 0
      vertex -15.2276 62.75 0
      vertex -17.3927 64 0
    endloop
  endfacet
  facet normal 0 0 1
    outer loop
      vertex -15.2276 62.75 0
      vertex -17.3927 61.5 0
      vertex -13.3512 54.5 0
    endloop
  endfacet
  facet normal -0 0 1
    outer loop
      vertex -25.4756 64 0
      vertex -17.3927 61.5 0
      vertex -17.3927 64 0
    endloop
  endfacet
  facet normal 0 0 1
    outer loop
      vertex -25.4756 64 0
      vertex -25.4756 61.5 0
      vertex -17.3927 61.5 0
    endloop
  endfacet
  facet normal 0 0 1
    outer loop
      vertex -25.4756 64 0
      vertex -27.6406 62.75 0
      vertex -25.4756 61.5 0
    endloop
  endfacet
  facet normal 0 0 1
    outer loop
      vertex -29.517 71 0
      vertex -27.6406 62.75 0
      vertex -25.4756 64 0
    endloop
  endfacet
  facet normal 0 0 1
    outer loop
      vertex -31.6821 69.75 0
      vertex -29.517 71 0
      vertex -31.6821 72.25 0
    endloop
  endfacet
  facet normal 0 0 1
    outer loop
      vertex -29.517 71 0
      vertex -31.6821 69.75 0
      vertex -27.6406 62.75 0
    endloop
  endfacet
  facet normal -0 0 1
    outer loop
      vertex -39.765 72.25 0
      vertex -31.6821 69.75 0
      vertex -31.6821 72.25 0
    endloop
  endfacet
  facet normal 0 0 1
    outer loop
      vertex -39.765 72.25 0
      vertex -39.765 69.75 0
      vertex -31.6821 69.75 0
    endloop
  endfacet
  facet normal 0 0 1
    outer loop
      vertex -39.765 72.25 0
      vertex -41.9301 71 0
      vertex -39.765 69.75 0
    endloop
  endfacet
  facet normal 0 0 1
    outer loop
      vertex -43.8064 79.25 0
      vertex -41.9301 71 0
      vertex -39.765 72.25 0
    endloop
  endfacet
  facet normal 0 0 1
    outer loop
      vertex -45.9715 78 0
      vertex -43.8064 79.25 0
      vertex -45.9715 80.5 0
    endloop
  endfacet
  facet normal 0 0 1
    outer loop
      vertex -43.8064 79.25 0
      vertex -45.9715 78 0
      vertex -41.9301 71 0
    endloop
  endfacet
  facet normal -0 0 1
    outer loop
      vertex -54.0544 80.5 0
      vertex -45.9715 78 0
      vertex -45.9715 80.5 0
    endloop
  endfacet
  facet normal 0 0 1
    outer loop
      vertex -54.0544 80.5 0
      vertex -54.0544 78 0
      vertex -45.9715 78 0
    endloop
  endfacet
  facet normal 0 0 1
    outer loop
      vertex -68.5 88 0
      vertex -54.0544 80.5 0
      vertex -58.0959 87.5 0
    endloop
  endfacet
  facet normal 0 0 1
    outer loop
      vertex -54.0544 80.5 0
      vertex -68.5 88 0
      vertex -54.0544 78 0
    endloop
  endfacet
  facet normal -0 0 1
    outer loop
      vertex 54.0544 39.25 0
      vertex 58.0959 29.75 0
      vertex 58.0959 46.25 0
    endloop
  endfacet
  facet normal 0 0 1
    outer loop
      vertex 54.0544 39.25 0
      vertex 54.0544 36.75 0
      vertex 58.0959 29.75 0
    endloop
  endfacet
  facet normal -0 0 1
    outer loop
      vertex 45.9715 39.25 0
      vertex 54.0544 36.75 0
      vertex 54.0544 39.25 0
    endloop
  endfacet
  facet normal 0 0 1
    outer loop
      vertex 45.9715 39.25 0
      vertex 45.9715 36.75 0
      vertex 54.0544 36.75 0
    endloop
  endfacet
  facet normal 0 0 1
    outer loop
      vertex 45.9715 39.25 0
      vertex 43.8064 38 0
      vertex 45.9715 36.75 0
    endloop
  endfacet
  facet normal 0 0 1
    outer loop
      vertex 41.9301 46.25 0
      vertex 43.8064 38 0
      vertex 45.9715 39.25 0
    endloop
  endfacet
  facet normal 0 0 1
    outer loop
      vertex 39.765 45 0
      vertex 41.9301 46.25 0
      vertex 39.765 47.5 0
    endloop
  endfacet
  facet normal 0 0 1
    outer loop
      vertex 41.9301 46.25 0
      vertex 39.765 45 0
      vertex 43.8064 38 0
    endloop
  endfacet
  facet normal -0 0 1
    outer loop
      vertex 31.6821 47.5 0
      vertex 39.765 45 0
      vertex 39.765 47.5 0
    endloop
  endfacet
  facet normal 0 0 1
    outer loop
      vertex 31.6821 47.5 0
      vertex 31.6821 45 0
      vertex 39.765 45 0
    endloop
  endfacet
  facet normal 0 0 1
    outer loop
      vertex 31.6821 47.5 0
      vertex 29.517 46.25 0
      vertex 31.6821 45 0
    endloop
  endfacet
  facet normal 0 0 1
    outer loop
      vertex 27.6406 54.5 0
      vertex 29.517 46.25 0
      vertex 31.6821 47.5 0
    endloop
  endfacet
  facet normal 0 0 1
    outer loop
      vertex 25.4756 53.25 0
      vertex 27.6406 54.5 0
      vertex 25.4756 55.75 0
    endloop
  endfacet
  facet normal 0 0 1
    outer loop
      vertex 27.6406 54.5 0
      vertex 25.4756 53.25 0
      vertex 29.517 46.25 0
    endloop
  endfacet
  facet normal -0 0 1
    outer loop
      vertex 17.3927 55.75 0
      vertex 25.4756 53.25 0
      vertex 25.4756 55.75 0
    endloop
  endfacet
  facet normal 0 0 1
    outer loop
      vertex 17.3927 55.75 0
      vertex 17.3927 53.25 0
      vertex 25.4756 53.25 0
    endloop
  endfacet
  facet normal 0 0 1
    outer loop
      vertex 17.3927 55.75 0
      vertex 15.2276 54.5 0
      vertex 17.3927 53.25 0
    endloop
  endfacet
  facet normal 0 0 1
    outer loop
      vertex 13.3512 62.75 0
      vertex 15.2276 54.5 0
      vertex 17.3927 55.75 0
    endloop
  endfacet
  facet normal 0 0 1
    outer loop
      vertex 11.1862 61.5 0
      vertex 13.3512 62.75 0
      vertex 11.1862 64 0
    endloop
  endfacet
  facet normal 0 0 1
    outer loop
      vertex 13.3512 62.75 0
      vertex 11.1862 61.5 0
      vertex 15.2276 54.5 0
    endloop
  endfacet
  facet normal -0 0 1
    outer loop
      vertex 3.10326 64 0
      vertex 11.1862 61.5 0
      vertex 11.1862 64 0
    endloop
  endfacet
  facet normal 0 0 1
    outer loop
      vertex 3.10326 64 0
      vertex 3.10326 61.5 0
      vertex 11.1862 61.5 0
    endloop
  endfacet
  facet normal 0 0 1
    outer loop
      vertex 3.10326 64 0
      vertex 0.938187 62.75 0
      vertex 3.10326 61.5 0
    endloop
  endfacet
  facet normal 0 0 1
    outer loop
      vertex -0.938187 71 0
      vertex 0.938187 62.75 0
      vertex 3.10326 64 0
    endloop
  endfacet
  facet normal 0 0 1
    outer loop
      vertex -3.10326 69.75 0
      vertex -0.938187 71 0
      vertex -3.10326 72.25 0
    endloop
  endfacet
  facet normal 0 0 1
    outer loop
      vertex -0.938187 71 0
      vertex -3.10326 69.75 0
      vertex 0.938187 62.75 0
    endloop
  endfacet
  facet normal -0 0 1
    outer loop
      vertex -11.1862 72.25 0
      vertex -3.10326 69.75 0
      vertex -3.10326 72.25 0
    endloop
  endfacet
  facet normal 0 0 1
    outer loop
      vertex -11.1862 72.25 0
      vertex -11.1862 69.75 0
      vertex -3.10326 69.75 0
    endloop
  endfacet
  facet normal 0 0 1
    outer loop
      vertex -11.1862 72.25 0
      vertex -13.3512 71 0
      vertex -11.1862 69.75 0
    endloop
  endfacet
  facet normal 0 0 1
    outer loop
      vertex -15.2276 79.25 0
      vertex -13.3512 71 0
      vertex -11.1862 72.25 0
    endloop
  endfacet
  facet normal 0 0 1
    outer loop
      vertex -17.3927 78 0
      vertex -15.2276 79.25 0
      vertex -17.3927 80.5 0
    endloop
  endfacet
  facet normal 0 0 1
    outer loop
      vertex -15.2276 79.25 0
      vertex -17.3927 78 0
      vertex -13.3512 71 0
    endloop
  endfacet
  facet normal -0 0 1
    outer loop
      vertex -25.4756 80.5 0
      vertex -17.3927 78 0
      vertex -17.3927 80.5 0
    endloop
  endfacet
  facet normal 0 0 1
    outer loop
      vertex -25.4756 80.5 0
      vertex -25.4756 78 0
      vertex -17.3927 78 0
    endloop
  endfacet
  facet normal 0 0 1
    outer loop
      vertex -25.4756 80.5 0
      vertex -27.6406 79.25 0
      vertex -25.4756 78 0
    endloop
  endfacet
  facet normal 0 0 1
    outer loop
      vertex -29.517 87.5 0
      vertex -27.6406 79.25 0
      vertex -25.4756 80.5 0
    endloop
  endfacet
  facet normal 0 0 1
    outer loop
      vertex -31.6821 86.25 0
      vertex -29.517 87.5 0
      vertex -31.6821 88.75 0
    endloop
  endfacet
  facet normal 0 0 1
    outer loop
      vertex -29.517 87.5 0
      vertex -31.6821 86.25 0
      vertex -27.6406 79.25 0
    endloop
  endfacet
  facet normal -0 0 1
    outer loop
      vertex -39.765 88.75 0
      vertex -31.6821 86.25 0
      vertex -31.6821 88.75 0
    endloop
  endfacet
  facet normal 0 0 1
    outer loop
      vertex -39.765 88.75 0
      vertex -39.765 86.25 0
      vertex -31.6821 86.25 0
    endloop
  endfacet
  facet normal 0 0 1
    outer loop
      vertex -39.765 88.75 0
      vertex -41.9301 87.5 0
      vertex -39.765 86.25 0
    endloop
  endfacet
  facet normal 0 0 1
    outer loop
      vertex -43.8064 95.75 0
      vertex -41.9301 87.5 0
      vertex -39.765 88.75 0
    endloop
  endfacet
  facet normal 0 0 1
    outer loop
      vertex -45.9715 94.5 0
      vertex -43.8064 95.75 0
      vertex -45.9715 97 0
    endloop
  endfacet
  facet normal 0 0 1
    outer loop
      vertex -43.8064 95.75 0
      vertex -45.9715 94.5 0
      vertex -41.9301 87.5 0
    endloop
  endfacet
  facet normal -0 0 1
    outer loop
      vertex -54.0544 97 0
      vertex -45.9715 94.5 0
      vertex -45.9715 97 0
    endloop
  endfacet
  facet normal 0 0 1
    outer loop
      vertex -54.0544 97 0
      vertex -54.0544 94.5 0
      vertex -45.9715 94.5 0
    endloop
  endfacet
  facet normal 0 0 1
    outer loop
      vertex -68.5 88 0
      vertex -54.0544 97 0
      vertex -58.0959 104 0
    endloop
  endfacet
  facet normal 0 0 1
    outer loop
      vertex -54.0544 97 0
      vertex -68.5 88 0
      vertex -54.0544 94.5 0
    endloop
  endfacet
  facet normal 0 0 1
    outer loop
      vertex 54.0544 53.25 0
      vertex 68.5 54 0
      vertex 54.0544 55.75 0
    endloop
  endfacet
  facet normal 0 0 1
    outer loop
      vertex 68.5 54 0
      vertex 54.0544 53.25 0
      vertex 58.0959 46.25 0
    endloop
  endfacet
  facet normal -0 0 1
    outer loop
      vertex 45.9715 55.75 0
      vertex 54.0544 53.25 0
      vertex 54.0544 55.75 0
    endloop
  endfacet
  facet normal 0 0 1
    outer loop
      vertex 45.9715 55.75 0
      vertex 45.9715 53.25 0
      vertex 54.0544 53.25 0
    endloop
  endfacet
  facet normal 0 0 1
    outer loop
      vertex 45.9715 55.75 0
      vertex 43.8064 54.5 0
      vertex 45.9715 53.25 0
    endloop
  endfacet
  facet normal 0 0 1
    outer loop
      vertex 41.9301 62.75 0
      vertex 43.8064 54.5 0
      vertex 45.9715 55.75 0
    endloop
  endfacet
  facet normal 0 0 1
    outer loop
      vertex 39.765 61.5 0
      vertex 41.9301 62.75 0
      vertex 39.765 64 0
    endloop
  endfacet
  facet normal 0 0 1
    outer loop
      vertex 41.9301 62.75 0
      vertex 39.765 61.5 0
      vertex 43.8064 54.5 0
    endloop
  endfacet
  facet normal -0 0 1
    outer loop
      vertex 31.6821 64 0
      vertex 39.765 61.5 0
      vertex 39.765 64 0
    endloop
  endfacet
  facet normal 0 0 1
    outer loop
      vertex 31.6821 64 0
      vertex 31.6821 61.5 0
      vertex 39.765 61.5 0
    endloop
  endfacet
  facet normal 0 0 1
    outer loop
      vertex 31.6821 64 0
      vertex 29.517 62.75 0
      vertex 31.6821 61.5 0
    endloop
  endfacet
  facet normal 0 0 1
    outer loop
      vertex 27.6406 71 0
      vertex 29.517 62.75 0
      vertex 31.6821 64 0
    endloop
  endfacet
  facet normal 0 0 1
    outer loop
      vertex 25.4756 69.75 0
      vertex 27.6406 71 0
      vertex 25.4756 72.25 0
    endloop
  endfacet
  facet normal 0 0 1
    outer loop
      vertex 27.6406 71 0
      vertex 25.4756 69.75 0
      vertex 29.517 62.75 0
    endloop
  endfacet
  facet normal -0 0 1
    outer loop
      vertex 17.3927 72.25 0
      vertex 25.4756 69.75 0
      vertex 25.4756 72.25 0
    endloop
  endfacet
  facet normal 0 0 1
    outer loop
      vertex 17.3927 72.25 0
      vertex 17.3927 69.75 0
      vertex 25.4756 69.75 0
    endloop
  endfacet
  facet normal 0 0 1
    outer loop
      vertex 17.3927 72.25 0
      vertex 15.2276 71 0
      vertex 17.3927 69.75 0
    endloop
  endfacet
  facet normal 0 0 1
    outer loop
      vertex 13.3512 79.25 0
      vertex 15.2276 71 0
      vertex 17.3927 72.25 0
    endloop
  endfacet
  facet normal 0 0 1
    outer loop
      vertex 11.1862 78 0
      vertex 13.3512 79.25 0
      vertex 11.1862 80.5 0
    endloop
  endfacet
  facet normal 0 0 1
    outer loop
      vertex 13.3512 79.25 0
      vertex 11.1862 78 0
      vertex 15.2276 71 0
    endloop
  endfacet
  facet normal -0 0 1
    outer loop
      vertex 3.10326 80.5 0
      vertex 11.1862 78 0
      vertex 11.1862 80.5 0
    endloop
  endfacet
  facet normal 0 0 1
    outer loop
      vertex 3.10326 80.5 0
      vertex 3.10326 78 0
      vertex 11.1862 78 0
    endloop
  endfacet
  facet normal 0 0 1
    outer loop
      vertex 3.10326 80.5 0
      vertex 0.938187 79.25 0
      vertex 3.10326 78 0
    endloop
  endfacet
  facet normal 0 0 1
    outer loop
      vertex -0.938187 87.5 0
      vertex 0.938187 79.25 0
      vertex 3.10326 80.5 0
    endloop
  endfacet
  facet normal 0 0 1
    outer loop
      vertex -3.10326 86.25 0
      vertex -0.938187 87.5 0
      vertex -3.10326 88.75 0
    endloop
  endfacet
  facet normal 0 0 1
    outer loop
      vertex -0.938187 87.5 0
      vertex -3.10326 86.25 0
      vertex 0.938187 79.25 0
    endloop
  endfacet
  facet normal -0 0 1
    outer loop
      vertex -11.1862 88.75 0
      vertex -3.10326 86.25 0
      vertex -3.10326 88.75 0
    endloop
  endfacet
  facet normal 0 0 1
    outer loop
      vertex -11.1862 88.75 0
      vertex -11.1862 86.25 0
      vertex -3.10326 86.25 0
    endloop
  endfacet
  facet normal 0 0 1
    outer loop
      vertex -11.1862 88.75 0
      vertex -13.3512 87.5 0
      vertex -11.1862 86.25 0
    endloop
  endfacet
  facet normal 0 0 1
    outer loop
      vertex -15.2276 95.75 0
      vertex -13.3512 87.5 0
      vertex -11.1862 88.75 0
    endloop
  endfacet
  facet normal 0 0 1
    outer loop
      vertex -17.3927 94.5 0
      vertex -15.2276 95.75 0
      vertex -17.3927 97 0
    endloop
  endfacet
  facet normal 0 0 1
    outer loop
      vertex -15.2276 95.75 0
      vertex -17.3927 94.5 0
      vertex -13.3512 87.5 0
    endloop
  endfacet
  facet normal -0 0 1
    outer loop
      vertex -25.4756 97 0
      vertex -17.3927 94.5 0
      vertex -17.3927 97 0
    endloop
  endfacet
  facet normal 0 0 1
    outer loop
      vertex -25.4756 97 0
      vertex -25.4756 94.5 0
      vertex -17.3927 94.5 0
    endloop
  endfacet
  facet normal 0 0 1
    outer loop
      vertex -25.4756 97 0
      vertex -27.6406 95.75 0
      vertex -25.4756 94.5 0
    endloop
  endfacet
  facet normal 0 0 1
    outer loop
      vertex -29.517 104 0
      vertex -27.6406 95.75 0
      vertex -25.4756 97 0
    endloop
  endfacet
  facet normal 0 0 1
    outer loop
      vertex -31.6821 102.75 0
      vertex -29.517 104 0
      vertex -31.6821 105.25 0
    endloop
  endfacet
  facet normal 0 0 1
    outer loop
      vertex -29.517 104 0
      vertex -31.6821 102.75 0
      vertex -27.6406 95.75 0
    endloop
  endfacet
  facet normal -0 0 1
    outer loop
      vertex -39.765 105.25 0
      vertex -31.6821 102.75 0
      vertex -31.6821 105.25 0
    endloop
  endfacet
  facet normal 0 0 1
    outer loop
      vertex -39.765 105.25 0
      vertex -39.765 102.75 0
      vertex -31.6821 102.75 0
    endloop
  endfacet
  facet normal 0 0 1
    outer loop
      vertex -39.765 105.25 0
      vertex -41.9301 104 0
      vertex -39.765 102.75 0
    endloop
  endfacet
  facet normal 0 0 1
    outer loop
      vertex -43.8064 112.25 0
      vertex -41.9301 104 0
      vertex -39.765 105.25 0
    endloop
  endfacet
  facet normal 0 0 1
    outer loop
      vertex -45.9715 111 0
      vertex -43.8064 112.25 0
      vertex -45.9715 113.5 0
    endloop
  endfacet
  facet normal 0 0 1
    outer loop
      vertex -43.8064 112.25 0
      vertex -45.9715 111 0
      vertex -41.9301 104 0
    endloop
  endfacet
  facet normal -0 0 1
    outer loop
      vertex -54.0544 113.5 0
      vertex -45.9715 111 0
      vertex -45.9715 113.5 0
    endloop
  endfacet
  facet normal 0 0 1
    outer loop
      vertex -54.0544 113.5 0
      vertex -54.0544 111 0
      vertex -45.9715 111 0
    endloop
  endfacet
  facet normal 0 0 1
    outer loop
      vertex -73.25 112 0
      vertex -54.0544 113.5 0
      vertex -58.0959 120.5 0
    endloop
  endfacet
  facet normal 0 0 1
    outer loop
      vertex -54.0544 113.5 0
      vertex -73.25 112 0
      vertex -54.0544 111 0
    endloop
  endfacet
  facet normal -0 0 1
    outer loop
      vertex 54.0544 72.25 0
      vertex 58.0959 62.75 0
      vertex 58.0959 79.25 0
    endloop
  endfacet
  facet normal 0 0 1
    outer loop
      vertex 54.0544 72.25 0
      vertex 54.0544 69.75 0
      vertex 58.0959 62.75 0
    endloop
  endfacet
  facet normal -0 0 1
    outer loop
      vertex 45.9715 72.25 0
      vertex 54.0544 69.75 0
      vertex 54.0544 72.25 0
    endloop
  endfacet
  facet normal 0 0 1
    outer loop
      vertex 45.9715 72.25 0
      vertex 45.9715 69.75 0
      vertex 54.0544 69.75 0
    endloop
  endfacet
  facet normal 0 0 1
    outer loop
      vertex 45.9715 72.25 0
      vertex 43.8064 71 0
      vertex 45.9715 69.75 0
    endloop
  endfacet
  facet normal 0 0 1
    outer loop
      vertex 41.9301 79.25 0
      vertex 43.8064 71 0
      vertex 45.9715 72.25 0
    endloop
  endfacet
  facet normal 0 0 1
    outer loop
      vertex 39.765 78 0
      vertex 41.9301 79.25 0
      vertex 39.765 80.5 0
    endloop
  endfacet
  facet normal 0 0 1
    outer loop
      vertex 41.9301 79.25 0
      vertex 39.765 78 0
      vertex 43.8064 71 0
    endloop
  endfacet
  facet normal -0 0 1
    outer loop
      vertex 31.6821 80.5 0
      vertex 39.765 78 0
      vertex 39.765 80.5 0
    endloop
  endfacet
  facet normal 0 0 1
    outer loop
      vertex 31.6821 80.5 0
      vertex 31.6821 78 0
      vertex 39.765 78 0
    endloop
  endfacet
  facet normal 0 0 1
    outer loop
      vertex 31.6821 80.5 0
      vertex 29.517 79.25 0
      vertex 31.6821 78 0
    endloop
  endfacet
  facet normal 0 0 1
    outer loop
      vertex 27.6406 87.5 0
      vertex 29.517 79.25 0
      vertex 31.6821 80.5 0
    endloop
  endfacet
  facet normal 0 0 1
    outer loop
      vertex 25.4756 86.25 0
      vertex 27.6406 87.5 0
      vertex 25.4756 88.75 0
    endloop
  endfacet
  facet normal 0 0 1
    outer loop
      vertex 27.6406 87.5 0
      vertex 25.4756 86.25 0
      vertex 29.517 79.25 0
    endloop
  endfacet
  facet normal -0 0 1
    outer loop
      vertex 17.3927 88.75 0
      vertex 25.4756 86.25 0
      vertex 25.4756 88.75 0
    endloop
  endfacet
  facet normal 0 0 1
    outer loop
      vertex 17.3927 88.75 0
      vertex 17.3927 86.25 0
      vertex 25.4756 86.25 0
    endloop
  endfacet
  facet normal 0 0 1
    outer loop
      vertex 17.3927 88.75 0
      vertex 15.2276 87.5 0
      vertex 17.3927 86.25 0
    endloop
  endfacet
  facet normal 0 0 1
    outer loop
      vertex 13.3512 95.75 0
      vertex 15.2276 87.5 0
      vertex 17.3927 88.75 0
    endloop
  endfacet
  facet normal 0 0 1
    outer loop
      vertex 11.1862 94.5 0
      vertex 13.3512 95.75 0
      vertex 11.1862 97 0
    endloop
  endfacet
  facet normal 0 0 1
    outer loop
      vertex 13.3512 95.75 0
      vertex 11.1862 94.5 0
      vertex 15.2276 87.5 0
    endloop
  endfacet
  facet normal -0 0 1
    outer loop
      vertex 3.10326 97 0
      vertex 11.1862 94.5 0
      vertex 11.1862 97 0
    endloop
  endfacet
  facet normal 0 0 1
    outer loop
      vertex 3.10326 97 0
      vertex 3.10326 94.5 0
      vertex 11.1862 94.5 0
    endloop
  endfacet
  facet normal 0 0 1
    outer loop
      vertex 3.10326 97 0
      vertex 0.938187 95.75 0
      vertex 3.10326 94.5 0
    endloop
  endfacet
  facet normal 0 0 1
    outer loop
      vertex -0.938187 104 0
      vertex 0.938187 95.75 0
      vertex 3.10326 97 0
    endloop
  endfacet
  facet normal 0 0 1
    outer loop
      vertex -3.10326 102.75 0
      vertex -0.938187 104 0
      vertex -3.10326 105.25 0
    endloop
  endfacet
  facet normal 0 0 1
    outer loop
      vertex -0.938187 104 0
      vertex -3.10326 102.75 0
      vertex 0.938187 95.75 0
    endloop
  endfacet
  facet normal -0 0 1
    outer loop
      vertex -11.1862 105.25 0
      vertex -3.10326 102.75 0
      vertex -3.10326 105.25 0
    endloop
  endfacet
  facet normal 0 0 1
    outer loop
      vertex -11.1862 105.25 0
      vertex -11.1862 102.75 0
      vertex -3.10326 102.75 0
    endloop
  endfacet
  facet normal 0 0 1
    outer loop
      vertex -11.1862 105.25 0
      vertex -13.3512 104 0
      vertex -11.1862 102.75 0
    endloop
  endfacet
  facet normal 0 0 1
    outer loop
      vertex -15.2276 112.25 0
      vertex -13.3512 104 0
      vertex -11.1862 105.25 0
    endloop
  endfacet
  facet normal 0 0 1
    outer loop
      vertex -17.3927 111 0
      vertex -15.2276 112.25 0
      vertex -17.3927 113.5 0
    endloop
  endfacet
  facet normal 0 0 1
    outer loop
      vertex -15.2276 112.25 0
      vertex -17.3927 111 0
      vertex -13.3512 104 0
    endloop
  endfacet
  facet normal -0 0 1
    outer loop
      vertex -25.4756 113.5 0
      vertex -17.3927 111 0
      vertex -17.3927 113.5 0
    endloop
  endfacet
  facet normal 0 0 1
    outer loop
      vertex -25.4756 113.5 0
      vertex -25.4756 111 0
      vertex -17.3927 111 0
    endloop
  endfacet
  facet normal 0 0 1
    outer loop
      vertex -25.4756 113.5 0
      vertex -27.6406 112.25 0
      vertex -25.4756 111 0
    endloop
  endfacet
  facet normal 0 0 1
    outer loop
      vertex -29.517 120.5 0
      vertex -27.6406 112.25 0
      vertex -25.4756 113.5 0
    endloop
  endfacet
  facet normal 0 0 1
    outer loop
      vertex -27.6406 112.25 0
      vertex -29.517 120.5 0
      vertex -31.6821 119.25 0
    endloop
  endfacet
  facet normal 0 0 1
    outer loop
      vertex 54.0544 86.25 0
      vertex 68.5 88 0
      vertex 54.0544 88.75 0
    endloop
  endfacet
  facet normal 0 0 1
    outer loop
      vertex 68.5 88 0
      vertex 54.0544 86.25 0
      vertex 58.0959 79.25 0
    endloop
  endfacet
  facet normal -0 0 1
    outer loop
      vertex 45.9715 88.75 0
      vertex 54.0544 86.25 0
      vertex 54.0544 88.75 0
    endloop
  endfacet
  facet normal 0 0 1
    outer loop
      vertex 45.9715 88.75 0
      vertex 45.9715 86.25 0
      vertex 54.0544 86.25 0
    endloop
  endfacet
  facet normal 0 0 1
    outer loop
      vertex 45.9715 88.75 0
      vertex 43.8064 87.5 0
      vertex 45.9715 86.25 0
    endloop
  endfacet
  facet normal 0 0 1
    outer loop
      vertex 41.9301 95.75 0
      vertex 43.8064 87.5 0
      vertex 45.9715 88.75 0
    endloop
  endfacet
  facet normal 0 0 1
    outer loop
      vertex 39.765 94.5 0
      vertex 41.9301 95.75 0
      vertex 39.765 97 0
    endloop
  endfacet
  facet normal 0 0 1
    outer loop
      vertex 41.9301 95.75 0
      vertex 39.765 94.5 0
      vertex 43.8064 87.5 0
    endloop
  endfacet
  facet normal -0 0 1
    outer loop
      vertex 31.6821 97 0
      vertex 39.765 94.5 0
      vertex 39.765 97 0
    endloop
  endfacet
  facet normal 0 0 1
    outer loop
      vertex 31.6821 97 0
      vertex 31.6821 94.5 0
      vertex 39.765 94.5 0
    endloop
  endfacet
  facet normal 0 0 1
    outer loop
      vertex 31.6821 97 0
      vertex 29.517 95.75 0
      vertex 31.6821 94.5 0
    endloop
  endfacet
  facet normal 0 0 1
    outer loop
      vertex 27.6406 104 0
      vertex 29.517 95.75 0
      vertex 31.6821 97 0
    endloop
  endfacet
  facet normal 0 0 1
    outer loop
      vertex 25.4756 102.75 0
      vertex 27.6406 104 0
      vertex 25.4756 105.25 0
    endloop
  endfacet
  facet normal 0 0 1
    outer loop
      vertex 27.6406 104 0
      vertex 25.4756 102.75 0
      vertex 29.517 95.75 0
    endloop
  endfacet
  facet normal -0 0 1
    outer loop
      vertex 17.3927 105.25 0
      vertex 25.4756 102.75 0
      vertex 25.4756 105.25 0
    endloop
  endfacet
  facet normal 0 0 1
    outer loop
      vertex 17.3927 105.25 0
      vertex 17.3927 102.75 0
      vertex 25.4756 102.75 0
    endloop
  endfacet
  facet normal 0 0 1
    outer loop
      vertex 17.3927 105.25 0
      vertex 15.2276 104 0
      vertex 17.3927 102.75 0
    endloop
  endfacet
  facet normal 0 0 1
    outer loop
      vertex 13.3512 112.25 0
      vertex 15.2276 104 0
      vertex 17.3927 105.25 0
    endloop
  endfacet
  facet normal 0 0 1
    outer loop
      vertex 11.1862 111 0
      vertex 13.3512 112.25 0
      vertex 11.1862 113.5 0
    endloop
  endfacet
  facet normal 0 0 1
    outer loop
      vertex 13.3512 112.25 0
      vertex 11.1862 111 0
      vertex 15.2276 104 0
    endloop
  endfacet
  facet normal -0 0 1
    outer loop
      vertex 3.10326 113.5 0
      vertex 11.1862 111 0
      vertex 11.1862 113.5 0
    endloop
  endfacet
  facet normal 0 0 1
    outer loop
      vertex 3.10326 113.5 0
      vertex 3.10326 111 0
      vertex 11.1862 111 0
    endloop
  endfacet
  facet normal 0 0 1
    outer loop
      vertex 3.10326 113.5 0
      vertex 0.938187 112.25 0
      vertex 3.10326 111 0
    endloop
  endfacet
  facet normal 0 0 1
    outer loop
      vertex -0.938187 120.5 0
      vertex 0.938187 112.25 0
      vertex 3.10326 113.5 0
    endloop
  endfacet
  facet normal 0 0 1
    outer loop
      vertex 0.938187 112.25 0
      vertex -0.938187 120.5 0
      vertex -3.10326 119.25 0
    endloop
  endfacet
  facet normal -0 0 1
    outer loop
      vertex 54.0544 105.25 0
      vertex 58.0959 95.75 0
      vertex 58.0959 112.25 0
    endloop
  endfacet
  facet normal 0 0 1
    outer loop
      vertex 54.0544 105.25 0
      vertex 54.0544 102.75 0
      vertex 58.0959 95.75 0
    endloop
  endfacet
  facet normal -0 0 1
    outer loop
      vertex 45.9715 105.25 0
      vertex 54.0544 102.75 0
      vertex 54.0544 105.25 0
    endloop
  endfacet
  facet normal 0 0 1
    outer loop
      vertex 45.9715 105.25 0
      vertex 45.9715 102.75 0
      vertex 54.0544 102.75 0
    endloop
  endfacet
  facet normal 0 0 1
    outer loop
      vertex 45.9715 105.25 0
      vertex 43.8064 104 0
      vertex 45.9715 102.75 0
    endloop
  endfacet
  facet normal 0 0 1
    outer loop
      vertex 41.9301 112.25 0
      vertex 43.8064 104 0
      vertex 45.9715 105.25 0
    endloop
  endfacet
  facet normal 0 0 1
    outer loop
      vertex 39.765 111 0
      vertex 41.9301 112.25 0
      vertex 39.765 113.5 0
    endloop
  endfacet
  facet normal 0 0 1
    outer loop
      vertex 41.9301 112.25 0
      vertex 39.765 111 0
      vertex 43.8064 104 0
    endloop
  endfacet
  facet normal -0 0 1
    outer loop
      vertex 31.6821 113.5 0
      vertex 39.765 111 0
      vertex 39.765 113.5 0
    endloop
  endfacet
  facet normal 0 0 1
    outer loop
      vertex 31.6821 113.5 0
      vertex 31.6821 111 0
      vertex 39.765 111 0
    endloop
  endfacet
  facet normal 0 0 1
    outer loop
      vertex 31.6821 113.5 0
      vertex 29.517 112.25 0
      vertex 31.6821 111 0
    endloop
  endfacet
  facet normal 0 0 1
    outer loop
      vertex 27.6406 120.5 0
      vertex 29.517 112.25 0
      vertex 31.6821 113.5 0
    endloop
  endfacet
  facet normal 0 0 1
    outer loop
      vertex 29.517 112.25 0
      vertex 27.6406 120.5 0
      vertex 25.4756 119.25 0
    endloop
  endfacet
  facet normal 0 0 1
    outer loop
      vertex 39.765 127.5 0
      vertex 68.5 136 0
      vertex 68.5 142 0
    endloop
  endfacet
  facet normal 0 0 1
    outer loop
      vertex 68.5 136 0
      vertex 58.0959 112.25 0
      vertex 68.5 88 0
    endloop
  endfacet
  facet normal -0 0 1
    outer loop
      vertex 54.0544 88.75 0
      vertex 68.5 88 0
      vertex 58.0959 95.75 0
    endloop
  endfacet
  facet normal -0 0 1
    outer loop
      vertex 58.0959 62.75 0
      vertex 68.5 54 0
      vertex 58.0959 79.25 0
    endloop
  endfacet
  facet normal 0 0 1
    outer loop
      vertex 68.5 88 0
      vertex 58.0959 112.25 0
      vertex 58.0959 95.75 0
    endloop
  endfacet
  facet normal 0 0 1
    outer loop
      vertex 68.5 136 0
      vertex 54.0544 119.25 0
      vertex 58.0959 112.25 0
    endloop
  endfacet
  facet normal 0 0 1
    outer loop
      vertex 68.5 136 0
      vertex 39.765 127.5 0
      vertex 54.0544 119.25 0
    endloop
  endfacet
  facet normal 0 0 1
    outer loop
      vertex 54.0544 119.25 0
      vertex 39.765 127.5 0
      vertex 45.9715 119.25 0
    endloop
  endfacet
  facet normal 0 0 1
    outer loop
      vertex 45.9715 119.25 0
      vertex 39.765 127.5 0
      vertex 43.8064 120.5 0
    endloop
  endfacet
  facet normal 0 0 1
    outer loop
      vertex 68.5 142 0
      vertex 31.6821 127.5 0
      vertex 39.765 127.5 0
    endloop
  endfacet
  facet normal 0 0 1
    outer loop
      vertex 31.6821 127.5 0
      vertex 25.4756 119.25 0
      vertex 27.6406 120.5 0
    endloop
  endfacet
  facet normal 0 0 1
    outer loop
      vertex 31.6821 127.5 0
      vertex 17.3927 119.25 0
      vertex 25.4756 119.25 0
    endloop
  endfacet
  facet normal 0 0 1
    outer loop
      vertex 31.6821 127.5 0
      vertex 15.2276 120.5 0
      vertex 17.3927 119.25 0
    endloop
  endfacet
  facet normal 0 0 1
    outer loop
      vertex 31.6821 127.5 0
      vertex 11.1862 127.5 0
      vertex 15.2276 120.5 0
    endloop
  endfacet
  facet normal 0 0 1
    outer loop
      vertex 68.5 142 0
      vertex 11.1862 127.5 0
      vertex 31.6821 127.5 0
    endloop
  endfacet
  facet normal 0 0 1
    outer loop
      vertex 68.5 142 0
      vertex 3.10326 127.5 0
      vertex 11.1862 127.5 0
    endloop
  endfacet
  facet normal 0 0 1
    outer loop
      vertex 3.10326 127.5 0
      vertex -3.10326 119.25 0
      vertex -0.938187 120.5 0
    endloop
  endfacet
  facet normal 0 0 1
    outer loop
      vertex 3.10326 127.5 0
      vertex -11.1862 119.25 0
      vertex -3.10326 119.25 0
    endloop
  endfacet
  facet normal 0 0 1
    outer loop
      vertex 3.10326 127.5 0
      vertex -13.3512 120.5 0
      vertex -11.1862 119.25 0
    endloop
  endfacet
  facet normal 0 0 1
    outer loop
      vertex 3.10326 127.5 0
      vertex -17.3927 127.5 0
      vertex -13.3512 120.5 0
    endloop
  endfacet
  facet normal -0 0 1
    outer loop
      vertex -68.5 142 0
      vertex 3.10326 127.5 0
      vertex 68.5 142 0
    endloop
  endfacet
  facet normal 0 0 1
    outer loop
      vertex 3.10326 127.5 0
      vertex -68.5 142 0
      vertex -17.3927 127.5 0
    endloop
  endfacet
  facet normal 0 0 1
    outer loop
      vertex -25.4756 127.5 0
      vertex -31.6821 119.25 0
      vertex -29.517 120.5 0
    endloop
  endfacet
  facet normal 0 0 1
    outer loop
      vertex -25.4756 127.5 0
      vertex -39.765 119.25 0
      vertex -31.6821 119.25 0
    endloop
  endfacet
  facet normal 0 0 1
    outer loop
      vertex -25.4756 127.5 0
      vertex -41.9301 120.5 0
      vertex -39.765 119.25 0
    endloop
  endfacet
  facet normal 0 0 1
    outer loop
      vertex -25.4756 127.5 0
      vertex -45.9715 127.5 0
      vertex -41.9301 120.5 0
    endloop
  endfacet
  facet normal 0 0 1
    outer loop
      vertex -17.3927 127.5 0
      vertex -68.5 142 0
      vertex -25.4756 127.5 0
    endloop
  endfacet
  facet normal 0 0 1
    outer loop
      vertex -25.4756 127.5 0
      vertex -68.5 142 0
      vertex -45.9715 127.5 0
    endloop
  endfacet
  facet normal 0 0 1
    outer loop
      vertex -74.4394 113.984 0
      vertex -58.0959 120.5 0
      vertex -68.5 136 0
    endloop
  endfacet
  facet normal 0 0 1
    outer loop
      vertex -54.0544 94.5 0
      vertex -68.5 88 0
      vertex -58.0959 87.5 0
    endloop
  endfacet
  facet normal 0 0 1
    outer loop
      vertex -54.0544 78 0
      vertex -68.5 88 0
      vertex -58.0959 71 0
    endloop
  endfacet
  facet normal 0 0 1
    outer loop
      vertex -68.5 54 0
      vertex -58.0959 71 0
      vertex -68.5 88 0
    endloop
  endfacet
  facet normal 0 0 1
    outer loop
      vertex -54.0544 61.5 0
      vertex -68.5 54 0
      vertex -58.0959 54.5 0
    endloop
  endfacet
  facet normal 0 0 1
    outer loop
      vertex -54.0544 127.5 0
      vertex -68.5 136 0
      vertex -58.0959 120.5 0
    endloop
  endfacet
  facet normal -0 0 1
    outer loop
      vertex -68.5 136 0
      vertex -54.0544 127.5 0
      vertex -68.5 142 0
    endloop
  endfacet
  facet normal 0 0 1
    outer loop
      vertex -45.9715 127.5 0
      vertex -68.5 142 0
      vertex -54.0544 127.5 0
    endloop
  endfacet
  facet normal 0 0 1
    outer loop
      vertex 68.5 88 0
      vertex 58.0959 79.25 0
      vertex 68.5 54 0
    endloop
  endfacet
  facet normal -0 0 1
    outer loop
      vertex 54.0544 55.75 0
      vertex 68.5 54 0
      vertex 58.0959 62.75 0
    endloop
  endfacet
  facet normal 0 0 1
    outer loop
      vertex 58.0959 29.75 0
      vertex 68.5 54 0
      vertex 58.0959 46.25 0
    endloop
  endfacet
  facet normal 0 0 1
    outer loop
      vertex 68.5 54 0
      vertex 58.0959 29.75 0
      vertex 68.5 6 0
    endloop
  endfacet
  facet normal -0 0 1
    outer loop
      vertex 54.0544 22.75 0
      vertex 68.5 6 0
      vertex 58.0959 29.75 0
    endloop
  endfacet
  facet normal -0 0 1
    outer loop
      vertex 39.765 14.5 0
      vertex 68.5 6 0
      vertex 54.0544 22.75 0
    endloop
  endfacet
  facet normal 0 0 1
    outer loop
      vertex 39.765 14.5 0
      vertex 54.0544 22.75 0
      vertex 45.9715 22.75 0
    endloop
  endfacet
  facet normal 0 0 1
    outer loop
      vertex 39.765 14.5 0
      vertex 45.9715 22.75 0
      vertex 43.8064 21.5 0
    endloop
  endfacet
  facet normal 0 0 1
    outer loop
      vertex 68.5 6 0
      vertex 39.765 14.5 0
      vertex 68.5 0 0
    endloop
  endfacet
  facet normal -0 0 1
    outer loop
      vertex 31.6821 14.5 0
      vertex 68.5 0 0
      vertex 39.765 14.5 0
    endloop
  endfacet
  facet normal 0 0 1
    outer loop
      vertex 25.4756 22.75 0
      vertex 31.6821 14.5 0
      vertex 27.6406 21.5 0
    endloop
  endfacet
  facet normal -0 0 1
    outer loop
      vertex 17.3927 22.75 0
      vertex 31.6821 14.5 0
      vertex 25.4756 22.75 0
    endloop
  endfacet
  facet normal -0 0 1
    outer loop
      vertex 15.2276 21.5 0
      vertex 31.6821 14.5 0
      vertex 17.3927 22.75 0
    endloop
  endfacet
  facet normal 0 0 1
    outer loop
      vertex 11.1862 14.5 0
      vertex 31.6821 14.5 0
      vertex 15.2276 21.5 0
    endloop
  endfacet
  facet normal -0 0 1
    outer loop
      vertex 11.1862 14.5 0
      vertex 68.5 0 0
      vertex 31.6821 14.5 0
    endloop
  endfacet
  facet normal -0 0 1
    outer loop
      vertex 3.10326 14.5 0
      vertex 68.5 0 0
      vertex 11.1862 14.5 0
    endloop
  endfacet
  facet normal 0 0 1
    outer loop
      vertex -3.10326 22.75 0
      vertex 3.10326 14.5 0
      vertex -0.938187 21.5 0
    endloop
  endfacet
  facet normal -0 0 1
    outer loop
      vertex -11.1862 22.75 0
      vertex 3.10326 14.5 0
      vertex -3.10326 22.75 0
    endloop
  endfacet
  facet normal -0 0 1
    outer loop
      vertex -13.3512 21.5 0
      vertex 3.10326 14.5 0
      vertex -11.1862 22.75 0
    endloop
  endfacet
  facet normal 0 0 1
    outer loop
      vertex -17.3927 14.5 0
      vertex 3.10326 14.5 0
      vertex -13.3512 21.5 0
    endloop
  endfacet
  facet normal 0 0 1
    outer loop
      vertex -68.5 0 0
      vertex 3.10326 14.5 0
      vertex -17.3927 14.5 0
    endloop
  endfacet
  facet normal 0 0 1
    outer loop
      vertex -68.5 0 0
      vertex -17.3927 14.5 0
      vertex -25.4756 14.5 0
    endloop
  endfacet
  facet normal 0 0 1
    outer loop
      vertex -31.6821 22.75 0
      vertex -25.4756 14.5 0
      vertex -29.517 21.5 0
    endloop
  endfacet
  facet normal -0 0 1
    outer loop
      vertex -39.765 22.75 0
      vertex -25.4756 14.5 0
      vertex -31.6821 22.75 0
    endloop
  endfacet
  facet normal -0 0 1
    outer loop
      vertex -41.9301 21.5 0
      vertex -25.4756 14.5 0
      vertex -39.765 22.75 0
    endloop
  endfacet
  facet normal 0 0 1
    outer loop
      vertex -45.9715 14.5 0
      vertex -25.4756 14.5 0
      vertex -41.9301 21.5 0
    endloop
  endfacet
  facet normal 0 0 1
    outer loop
      vertex -68.5 0 0
      vertex -25.4756 14.5 0
      vertex -45.9715 14.5 0
    endloop
  endfacet
  facet normal 0 0 1
    outer loop
      vertex -68.5 0 0
      vertex -45.9715 14.5 0
      vertex -54.0544 14.5 0
    endloop
  endfacet
  facet normal 0 0 1
    outer loop
      vertex -54.0544 111 0
      vertex -73.25 112 0
      vertex -58.0959 104 0
    endloop
  endfacet
  facet normal 0 0 1
    outer loop
      vertex -54.0544 45 0
      vertex -68.5 54 0
      vertex -58.0959 38 0
    endloop
  endfacet
  facet normal 0 0 1
    outer loop
      vertex -74.4394 31.9843 0
      vertex -58.0959 38 0
      vertex -68.5 54 0
    endloop
  endfacet
  facet normal 0 0 1
    outer loop
      vertex -54.0544 28.5 0
      vertex -73.25 30 0
      vertex -58.0959 21.5 0
    endloop
  endfacet
  facet normal 0 0 1
    outer loop
      vertex -68.5 6 0
      vertex -54.0544 14.5 0
      vertex -58.0959 21.5 0
    endloop
  endfacet
  facet normal 0 0 1
    outer loop
      vertex -68.5 0 0
      vertex -54.0544 14.5 0
      vertex -68.5 6 0
    endloop
  endfacet
  facet normal 0 0 1
    outer loop
      vertex 3.10326 14.5 0
      vertex -68.5 0 0
      vertex 68.5 0 0
    endloop
  endfacet
  facet normal 0 0 1
    outer loop
      vertex 43.8064 120.5 0
      vertex 41.9301 112.25 0
      vertex 45.9715 119.25 0
    endloop
  endfacet
  facet normal 0 -0 1
    outer loop
      vertex 41.9301 112.25 0
      vertex 43.8064 120.5 0
      vertex 39.765 113.5 0
    endloop
  endfacet
  facet normal 0 0 1
    outer loop
      vertex 43.8064 104 0
      vertex 41.9301 95.75 0
      vertex 45.9715 102.75 0
    endloop
  endfacet
  facet normal 0 -0 1
    outer loop
      vertex 41.9301 95.75 0
      vertex 43.8064 104 0
      vertex 39.765 97 0
    endloop
  endfacet
  facet normal 0 0 1
    outer loop
      vertex 43.8064 87.5 0
      vertex 41.9301 79.25 0
      vertex 45.9715 86.25 0
    endloop
  endfacet
  facet normal 0 -0 1
    outer loop
      vertex 41.9301 79.25 0
      vertex 43.8064 87.5 0
      vertex 39.765 80.5 0
    endloop
  endfacet
  facet normal 0 0 1
    outer loop
      vertex 43.8064 71 0
      vertex 41.9301 62.75 0
      vertex 45.9715 69.75 0
    endloop
  endfacet
  facet normal 0 -0 1
    outer loop
      vertex 41.9301 62.75 0
      vertex 43.8064 71 0
      vertex 39.765 64 0
    endloop
  endfacet
  facet normal 0 0 1
    outer loop
      vertex 43.8064 54.5 0
      vertex 41.9301 46.25 0
      vertex 45.9715 53.25 0
    endloop
  endfacet
  facet normal 0 -0 1
    outer loop
      vertex 41.9301 46.25 0
      vertex 43.8064 54.5 0
      vertex 39.765 47.5 0
    endloop
  endfacet
  facet normal 0 0 1
    outer loop
      vertex 43.8064 38 0
      vertex 41.9301 29.75 0
      vertex 45.9715 36.75 0
    endloop
  endfacet
  facet normal 0 -0 1
    outer loop
      vertex 41.9301 29.75 0
      vertex 43.8064 38 0
      vertex 39.765 31 0
    endloop
  endfacet
  facet normal 0 0 1
    outer loop
      vertex 82.5 33 0
      vertex 77.75 30 0
      vertex 82.5 27 0
    endloop
  endfacet
  facet normal 0 0 1
    outer loop
      vertex 82.5 33 0
      vertex 77.7392 30.2205 0
      vertex 77.75 30 0
    endloop
  endfacet
  facet normal 0 0 1
    outer loop
      vertex 82.5 33 0
      vertex 77.7068 30.439 0
      vertex 77.7392 30.2205 0
    endloop
  endfacet
  facet normal 0 0 1
    outer loop
      vertex 82.5 33 0
      vertex 77.6531 30.6531 0
      vertex 77.7068 30.439 0
    endloop
  endfacet
  facet normal 0 0 1
    outer loop
      vertex 82.5 33 0
      vertex 77.5787 30.861 0
      vertex 77.6531 30.6531 0
    endloop
  endfacet
  facet normal 0 0 1
    outer loop
      vertex 82.5 33 0
      vertex 77.4843 31.0606 0
      vertex 77.5787 30.861 0
    endloop
  endfacet
  facet normal 0 0 1
    outer loop
      vertex 82.5 33 0
      vertex 77.3708 31.25 0
      vertex 77.4843 31.0606 0
    endloop
  endfacet
  facet normal 0 0 1
    outer loop
      vertex 82.5 33 0
      vertex 77.2393 31.4274 0
      vertex 77.3708 31.25 0
    endloop
  endfacet
  facet normal 0 0 1
    outer loop
      vertex 82.5 33 0
      vertex 77.091 31.591 0
      vertex 77.2393 31.4274 0
    endloop
  endfacet
  facet normal 0 0 1
    outer loop
      vertex 82.5 33 0
      vertex 76.9274 31.7393 0
      vertex 77.091 31.591 0
    endloop
  endfacet
  facet normal 0 0 1
    outer loop
      vertex 82.5 33 0
      vertex 76.75 31.8708 0
      vertex 76.9274 31.7393 0
    endloop
  endfacet
  facet normal 0 0 1
    outer loop
      vertex 82.5 33 0
      vertex 76.5606 31.9843 0
      vertex 76.75 31.8708 0
    endloop
  endfacet
  facet normal 0 0 1
    outer loop
      vertex 82.5 33 0
      vertex 76.361 32.0787 0
      vertex 76.5606 31.9843 0
    endloop
  endfacet
  facet normal 0 0 1
    outer loop
      vertex 82.5 33 0
      vertex 76.1531 32.1531 0
      vertex 76.361 32.0787 0
    endloop
  endfacet
  facet normal 0 0 1
    outer loop
      vertex 82.5 33 0
      vertex 75.9389 32.2068 0
      vertex 76.1531 32.1531 0
    endloop
  endfacet
  facet normal 0 0 1
    outer loop
      vertex 82.5 33 0
      vertex 75.7205 32.2392 0
      vertex 75.9389 32.2068 0
    endloop
  endfacet
  facet normal 0 0 1
    outer loop
      vertex 68.5 54 0
      vertex 75.7205 32.2392 0
      vertex 82.5 33 0
    endloop
  endfacet
  facet normal 0 0 1
    outer loop
      vertex 75.7205 32.2392 0
      vertex 68.5 54 0
      vertex 75.5 32.25 0
    endloop
  endfacet
  facet normal 0 0 1
    outer loop
      vertex 73.2608 30.2205 0
      vertex 68.5 54 0
      vertex 73.25 30 0
    endloop
  endfacet
  facet normal 0 0 1
    outer loop
      vertex 73.2932 30.439 0
      vertex 68.5 54 0
      vertex 73.2608 30.2205 0
    endloop
  endfacet
  facet normal 0 0 1
    outer loop
      vertex 73.3469 30.6531 0
      vertex 68.5 54 0
      vertex 73.2932 30.439 0
    endloop
  endfacet
  facet normal 0 0 1
    outer loop
      vertex 73.4213 30.861 0
      vertex 68.5 54 0
      vertex 73.3469 30.6531 0
    endloop
  endfacet
  facet normal 0 0 1
    outer loop
      vertex 73.5157 31.0606 0
      vertex 68.5 54 0
      vertex 73.4213 30.861 0
    endloop
  endfacet
  facet normal 0 0 1
    outer loop
      vertex 73.6292 31.25 0
      vertex 68.5 54 0
      vertex 73.5157 31.0606 0
    endloop
  endfacet
  facet normal 0 0 1
    outer loop
      vertex 73.7607 31.4274 0
      vertex 68.5 54 0
      vertex 73.6292 31.25 0
    endloop
  endfacet
  facet normal 0 0 1
    outer loop
      vertex 73.909 31.591 0
      vertex 68.5 54 0
      vertex 73.7607 31.4274 0
    endloop
  endfacet
  facet normal 0 0 1
    outer loop
      vertex 74.0726 31.7393 0
      vertex 68.5 54 0
      vertex 73.909 31.591 0
    endloop
  endfacet
  facet normal 0 0 1
    outer loop
      vertex 74.25 31.8708 0
      vertex 68.5 54 0
      vertex 74.0726 31.7393 0
    endloop
  endfacet
  facet normal 0 0 1
    outer loop
      vertex 74.4394 31.9843 0
      vertex 68.5 54 0
      vertex 74.25 31.8708 0
    endloop
  endfacet
  facet normal 0 0 1
    outer loop
      vertex 74.639 32.0787 0
      vertex 68.5 54 0
      vertex 74.4394 31.9843 0
    endloop
  endfacet
  facet normal 0 0 1
    outer loop
      vertex 74.8469 32.1531 0
      vertex 68.5 54 0
      vertex 74.639 32.0787 0
    endloop
  endfacet
  facet normal 0 0 1
    outer loop
      vertex 75.0611 32.2068 0
      vertex 68.5 54 0
      vertex 74.8469 32.1531 0
    endloop
  endfacet
  facet normal 0 0 1
    outer loop
      vertex 75.2795 32.2392 0
      vertex 68.5 54 0
      vertex 75.0611 32.2068 0
    endloop
  endfacet
  facet normal 0 0 1
    outer loop
      vertex 75.5 32.25 0
      vertex 68.5 54 0
      vertex 75.2795 32.2392 0
    endloop
  endfacet
  facet normal -0 0 1
    outer loop
      vertex 77.7392 29.7795 0
      vertex 82.5 27 0
      vertex 77.75 30 0
    endloop
  endfacet
  facet normal -0 0 1
    outer loop
      vertex 77.7068 29.561 0
      vertex 82.5 27 0
      vertex 77.7392 29.7795 0
    endloop
  endfacet
  facet normal -0 0 1
    outer loop
      vertex 77.6531 29.3469 0
      vertex 82.5 27 0
      vertex 77.7068 29.561 0
    endloop
  endfacet
  facet normal -0 0 1
    outer loop
      vertex 77.5787 29.139 0
      vertex 82.5 27 0
      vertex 77.6531 29.3469 0
    endloop
  endfacet
  facet normal -0 0 1
    outer loop
      vertex 77.4843 28.9394 0
      vertex 82.5 27 0
      vertex 77.5787 29.139 0
    endloop
  endfacet
  facet normal -0 0 1
    outer loop
      vertex 77.3708 28.75 0
      vertex 82.5 27 0
      vertex 77.4843 28.9394 0
    endloop
  endfacet
  facet normal -0 0 1
    outer loop
      vertex 77.2393 28.5726 0
      vertex 82.5 27 0
      vertex 77.3708 28.75 0
    endloop
  endfacet
  facet normal -0 0 1
    outer loop
      vertex 77.091 28.409 0
      vertex 82.5 27 0
      vertex 77.2393 28.5726 0
    endloop
  endfacet
  facet normal -0 0 1
    outer loop
      vertex 76.9274 28.2607 0
      vertex 82.5 27 0
      vertex 77.091 28.409 0
    endloop
  endfacet
  facet normal -0 0 1
    outer loop
      vertex 76.75 28.1292 0
      vertex 82.5 27 0
      vertex 76.9274 28.2607 0
    endloop
  endfacet
  facet normal -0 0 1
    outer loop
      vertex 76.5606 28.0157 0
      vertex 82.5 27 0
      vertex 76.75 28.1292 0
    endloop
  endfacet
  facet normal -0 0 1
    outer loop
      vertex 76.361 27.9213 0
      vertex 82.5 27 0
      vertex 76.5606 28.0157 0
    endloop
  endfacet
  facet normal -0 0 1
    outer loop
      vertex 76.1531 27.8469 0
      vertex 82.5 27 0
      vertex 76.361 27.9213 0
    endloop
  endfacet
  facet normal -0 0 1
    outer loop
      vertex 75.9389 27.7932 0
      vertex 82.5 27 0
      vertex 76.1531 27.8469 0
    endloop
  endfacet
  facet normal -0 0 1
    outer loop
      vertex 75.7205 27.7608 0
      vertex 82.5 27 0
      vertex 75.9389 27.7932 0
    endloop
  endfacet
  facet normal 0 0 1
    outer loop
      vertex 68.5 6 0
      vertex 75.7205 27.7608 0
      vertex 75.5 27.75 0
    endloop
  endfacet
  facet normal 0 0 1
    outer loop
      vertex 68.5 6 0
      vertex 75.5 27.75 0
      vertex 75.2795 27.7608 0
    endloop
  endfacet
  facet normal 0 0 1
    outer loop
      vertex 68.5 6 0
      vertex 73.25 30 0
      vertex 68.5 54 0
    endloop
  endfacet
  facet normal 0 0 1
    outer loop
      vertex 73.25 30 0
      vertex 68.5 6 0
      vertex 73.2608 29.7795 0
    endloop
  endfacet
  facet normal 0 0 1
    outer loop
      vertex 75.7205 27.7608 0
      vertex 68.5 6 0
      vertex 82.5 27 0
    endloop
  endfacet
  facet normal 0 0 1
    outer loop
      vertex 75.0611 27.7932 0
      vertex 68.5 6 0
      vertex 75.2795 27.7608 0
    endloop
  endfacet
  facet normal 0 0 1
    outer loop
      vertex 74.8469 27.8469 0
      vertex 68.5 6 0
      vertex 75.0611 27.7932 0
    endloop
  endfacet
  facet normal 0 0 1
    outer loop
      vertex 74.639 27.9213 0
      vertex 68.5 6 0
      vertex 74.8469 27.8469 0
    endloop
  endfacet
  facet normal 0 0 1
    outer loop
      vertex 74.4394 28.0157 0
      vertex 68.5 6 0
      vertex 74.639 27.9213 0
    endloop
  endfacet
  facet normal 0 0 1
    outer loop
      vertex 74.25 28.1292 0
      vertex 68.5 6 0
      vertex 74.4394 28.0157 0
    endloop
  endfacet
  facet normal 0 0 1
    outer loop
      vertex 74.0726 28.2607 0
      vertex 68.5 6 0
      vertex 74.25 28.1292 0
    endloop
  endfacet
  facet normal 0 0 1
    outer loop
      vertex 73.909 28.409 0
      vertex 68.5 6 0
      vertex 74.0726 28.2607 0
    endloop
  endfacet
  facet normal 0 0 1
    outer loop
      vertex 73.7607 28.5726 0
      vertex 68.5 6 0
      vertex 73.909 28.409 0
    endloop
  endfacet
  facet normal 0 0 1
    outer loop
      vertex 73.6292 28.75 0
      vertex 68.5 6 0
      vertex 73.7607 28.5726 0
    endloop
  endfacet
  facet normal 0 0 1
    outer loop
      vertex 73.5157 28.9394 0
      vertex 68.5 6 0
      vertex 73.6292 28.75 0
    endloop
  endfacet
  facet normal 0 0 1
    outer loop
      vertex 73.4213 29.139 0
      vertex 68.5 6 0
      vertex 73.5157 28.9394 0
    endloop
  endfacet
  facet normal 0 0 1
    outer loop
      vertex 73.3469 29.3469 0
      vertex 68.5 6 0
      vertex 73.4213 29.139 0
    endloop
  endfacet
  facet normal 0 0 1
    outer loop
      vertex 73.2932 29.561 0
      vertex 68.5 6 0
      vertex 73.3469 29.3469 0
    endloop
  endfacet
  facet normal 0 0 1
    outer loop
      vertex 73.2608 29.7795 0
      vertex 68.5 6 0
      vertex 73.2932 29.561 0
    endloop
  endfacet
  facet normal 0 0 1
    outer loop
      vertex 82.5 115 0
      vertex 77.75 112 0
      vertex 82.5 109 0
    endloop
  endfacet
  facet normal 0 0 1
    outer loop
      vertex 82.5 115 0
      vertex 77.7392 112.221 0
      vertex 77.75 112 0
    endloop
  endfacet
  facet normal 0 0 1
    outer loop
      vertex 82.5 115 0
      vertex 77.7068 112.439 0
      vertex 77.7392 112.221 0
    endloop
  endfacet
  facet normal 0 0 1
    outer loop
      vertex 82.5 115 0
      vertex 77.6531 112.653 0
      vertex 77.7068 112.439 0
    endloop
  endfacet
  facet normal 0 0 1
    outer loop
      vertex 82.5 115 0
      vertex 77.5787 112.861 0
      vertex 77.6531 112.653 0
    endloop
  endfacet
  facet normal 0 0 1
    outer loop
      vertex 82.5 115 0
      vertex 77.4843 113.061 0
      vertex 77.5787 112.861 0
    endloop
  endfacet
  facet normal 0 0 1
    outer loop
      vertex 82.5 115 0
      vertex 77.3708 113.25 0
      vertex 77.4843 113.061 0
    endloop
  endfacet
  facet normal 0 0 1
    outer loop
      vertex 82.5 115 0
      vertex 77.2393 113.427 0
      vertex 77.3708 113.25 0
    endloop
  endfacet
  facet normal 0 0 1
    outer loop
      vertex 82.5 115 0
      vertex 77.091 113.591 0
      vertex 77.2393 113.427 0
    endloop
  endfacet
  facet normal 0 0 1
    outer loop
      vertex 82.5 115 0
      vertex 76.9274 113.739 0
      vertex 77.091 113.591 0
    endloop
  endfacet
  facet normal 0 0 1
    outer loop
      vertex 82.5 115 0
      vertex 76.75 113.871 0
      vertex 76.9274 113.739 0
    endloop
  endfacet
  facet normal 0 0 1
    outer loop
      vertex 82.5 115 0
      vertex 76.5606 113.984 0
      vertex 76.75 113.871 0
    endloop
  endfacet
  facet normal 0 0 1
    outer loop
      vertex 82.5 115 0
      vertex 76.361 114.079 0
      vertex 76.5606 113.984 0
    endloop
  endfacet
  facet normal 0 0 1
    outer loop
      vertex 82.5 115 0
      vertex 76.1531 114.153 0
      vertex 76.361 114.079 0
    endloop
  endfacet
  facet normal 0 0 1
    outer loop
      vertex 82.5 115 0
      vertex 75.9389 114.207 0
      vertex 76.1531 114.153 0
    endloop
  endfacet
  facet normal 0 0 1
    outer loop
      vertex 82.5 115 0
      vertex 75.7205 114.239 0
      vertex 75.9389 114.207 0
    endloop
  endfacet
  facet normal 0 0 1
    outer loop
      vertex 68.5 136 0
      vertex 75.7205 114.239 0
      vertex 82.5 115 0
    endloop
  endfacet
  facet normal 0 0 1
    outer loop
      vertex 75.7205 114.239 0
      vertex 68.5 136 0
      vertex 75.5 114.25 0
    endloop
  endfacet
  facet normal 0 0 1
    outer loop
      vertex 73.2608 112.221 0
      vertex 68.5 136 0
      vertex 73.25 112 0
    endloop
  endfacet
  facet normal 0 0 1
    outer loop
      vertex 73.2932 112.439 0
      vertex 68.5 136 0
      vertex 73.2608 112.221 0
    endloop
  endfacet
  facet normal 0 0 1
    outer loop
      vertex 73.3469 112.653 0
      vertex 68.5 136 0
      vertex 73.2932 112.439 0
    endloop
  endfacet
  facet normal 0 0 1
    outer loop
      vertex 73.4213 112.861 0
      vertex 68.5 136 0
      vertex 73.3469 112.653 0
    endloop
  endfacet
  facet normal 0 0 1
    outer loop
      vertex 73.5157 113.061 0
      vertex 68.5 136 0
      vertex 73.4213 112.861 0
    endloop
  endfacet
  facet normal 0 0 1
    outer loop
      vertex 73.6292 113.25 0
      vertex 68.5 136 0
      vertex 73.5157 113.061 0
    endloop
  endfacet
  facet normal 0 0 1
    outer loop
      vertex 73.7607 113.427 0
      vertex 68.5 136 0
      vertex 73.6292 113.25 0
    endloop
  endfacet
  facet normal 0 0 1
    outer loop
      vertex 73.909 113.591 0
      vertex 68.5 136 0
      vertex 73.7607 113.427 0
    endloop
  endfacet
  facet normal 0 0 1
    outer loop
      vertex 74.0726 113.739 0
      vertex 68.5 136 0
      vertex 73.909 113.591 0
    endloop
  endfacet
  facet normal 0 0 1
    outer loop
      vertex 74.25 113.871 0
      vertex 68.5 136 0
      vertex 74.0726 113.739 0
    endloop
  endfacet
  facet normal 0 0 1
    outer loop
      vertex 74.4394 113.984 0
      vertex 68.5 136 0
      vertex 74.25 113.871 0
    endloop
  endfacet
  facet normal 0 0 1
    outer loop
      vertex 74.639 114.079 0
      vertex 68.5 136 0
      vertex 74.4394 113.984 0
    endloop
  endfacet
  facet normal 0 0 1
    outer loop
      vertex 74.8469 114.153 0
      vertex 68.5 136 0
      vertex 74.639 114.079 0
    endloop
  endfacet
  facet normal 0 0 1
    outer loop
      vertex 75.0611 114.207 0
      vertex 68.5 136 0
      vertex 74.8469 114.153 0
    endloop
  endfacet
  facet normal 0 0 1
    outer loop
      vertex 75.2795 114.239 0
      vertex 68.5 136 0
      vertex 75.0611 114.207 0
    endloop
  endfacet
  facet normal 0 0 1
    outer loop
      vertex 75.5 114.25 0
      vertex 68.5 136 0
      vertex 75.2795 114.239 0
    endloop
  endfacet
  facet normal -0 0 1
    outer loop
      vertex 77.7392 111.779 0
      vertex 82.5 109 0
      vertex 77.75 112 0
    endloop
  endfacet
  facet normal -0 0 1
    outer loop
      vertex 77.7068 111.561 0
      vertex 82.5 109 0
      vertex 77.7392 111.779 0
    endloop
  endfacet
  facet normal -0 0 1
    outer loop
      vertex 77.6531 111.347 0
      vertex 82.5 109 0
      vertex 77.7068 111.561 0
    endloop
  endfacet
  facet normal -0 0 1
    outer loop
      vertex 77.5787 111.139 0
      vertex 82.5 109 0
      vertex 77.6531 111.347 0
    endloop
  endfacet
  facet normal -0 0 1
    outer loop
      vertex 77.4843 110.939 0
      vertex 82.5 109 0
      vertex 77.5787 111.139 0
    endloop
  endfacet
  facet normal -0 0 1
    outer loop
      vertex 77.3708 110.75 0
      vertex 82.5 109 0
      vertex 77.4843 110.939 0
    endloop
  endfacet
  facet normal -0 0 1
    outer loop
      vertex 77.2393 110.573 0
      vertex 82.5 109 0
      vertex 77.3708 110.75 0
    endloop
  endfacet
  facet normal -0 0 1
    outer loop
      vertex 77.091 110.409 0
      vertex 82.5 109 0
      vertex 77.2393 110.573 0
    endloop
  endfacet
  facet normal -0 0 1
    outer loop
      vertex 76.9274 110.261 0
      vertex 82.5 109 0
      vertex 77.091 110.409 0
    endloop
  endfacet
  facet normal -0 0 1
    outer loop
      vertex 76.75 110.129 0
      vertex 82.5 109 0
      vertex 76.9274 110.261 0
    endloop
  endfacet
  facet normal -0 0 1
    outer loop
      vertex 76.5606 110.016 0
      vertex 82.5 109 0
      vertex 76.75 110.129 0
    endloop
  endfacet
  facet normal -0 0 1
    outer loop
      vertex 76.361 109.921 0
      vertex 82.5 109 0
      vertex 76.5606 110.016 0
    endloop
  endfacet
  facet normal -0 0 1
    outer loop
      vertex 76.1531 109.847 0
      vertex 82.5 109 0
      vertex 76.361 109.921 0
    endloop
  endfacet
  facet normal -0 0 1
    outer loop
      vertex 75.9389 109.793 0
      vertex 82.5 109 0
      vertex 76.1531 109.847 0
    endloop
  endfacet
  facet normal -0 0 1
    outer loop
      vertex 75.7205 109.761 0
      vertex 82.5 109 0
      vertex 75.9389 109.793 0
    endloop
  endfacet
  facet normal 0 0 1
    outer loop
      vertex 68.5 88 0
      vertex 75.7205 109.761 0
      vertex 75.5 109.75 0
    endloop
  endfacet
  facet normal 0 0 1
    outer loop
      vertex 68.5 88 0
      vertex 75.5 109.75 0
      vertex 75.2795 109.761 0
    endloop
  endfacet
  facet normal 0 0 1
    outer loop
      vertex 68.5 88 0
      vertex 73.25 112 0
      vertex 68.5 136 0
    endloop
  endfacet
  facet normal 0 0 1
    outer loop
      vertex 73.25 112 0
      vertex 68.5 88 0
      vertex 73.2608 111.779 0
    endloop
  endfacet
  facet normal 0 0 1
    outer loop
      vertex 75.7205 109.761 0
      vertex 68.5 88 0
      vertex 82.5 109 0
    endloop
  endfacet
  facet normal 0 0 1
    outer loop
      vertex 75.0611 109.793 0
      vertex 68.5 88 0
      vertex 75.2795 109.761 0
    endloop
  endfacet
  facet normal 0 0 1
    outer loop
      vertex 74.8469 109.847 0
      vertex 68.5 88 0
      vertex 75.0611 109.793 0
    endloop
  endfacet
  facet normal 0 0 1
    outer loop
      vertex 74.639 109.921 0
      vertex 68.5 88 0
      vertex 74.8469 109.847 0
    endloop
  endfacet
  facet normal 0 0 1
    outer loop
      vertex 74.4394 110.016 0
      vertex 68.5 88 0
      vertex 74.639 109.921 0
    endloop
  endfacet
  facet normal 0 0 1
    outer loop
      vertex 74.25 110.129 0
      vertex 68.5 88 0
      vertex 74.4394 110.016 0
    endloop
  endfacet
  facet normal 0 0 1
    outer loop
      vertex 74.0726 110.261 0
      vertex 68.5 88 0
      vertex 74.25 110.129 0
    endloop
  endfacet
  facet normal 0 0 1
    outer loop
      vertex 73.909 110.409 0
      vertex 68.5 88 0
      vertex 74.0726 110.261 0
    endloop
  endfacet
  facet normal 0 0 1
    outer loop
      vertex 73.7607 110.573 0
      vertex 68.5 88 0
      vertex 73.909 110.409 0
    endloop
  endfacet
  facet normal 0 0 1
    outer loop
      vertex 73.6292 110.75 0
      vertex 68.5 88 0
      vertex 73.7607 110.573 0
    endloop
  endfacet
  facet normal 0 0 1
    outer loop
      vertex 73.5157 110.939 0
      vertex 68.5 88 0
      vertex 73.6292 110.75 0
    endloop
  endfacet
  facet normal 0 0 1
    outer loop
      vertex 73.4213 111.139 0
      vertex 68.5 88 0
      vertex 73.5157 110.939 0
    endloop
  endfacet
  facet normal 0 0 1
    outer loop
      vertex 73.3469 111.347 0
      vertex 68.5 88 0
      vertex 73.4213 111.139 0
    endloop
  endfacet
  facet normal 0 0 1
    outer loop
      vertex 73.2932 111.561 0
      vertex 68.5 88 0
      vertex 73.3469 111.347 0
    endloop
  endfacet
  facet normal 0 0 1
    outer loop
      vertex 73.2608 111.779 0
      vertex 68.5 88 0
      vertex 73.2932 111.561 0
    endloop
  endfacet
  facet normal 0 0 -1
    outer loop
      vertex 82.5 27 -5
      vertex 80.25 30 -5
      vertex 82.5 33 -5
    endloop
  endfacet
  facet normal 0 0 -1
    outer loop
      vertex 82.5 27 -5
      vertex 80.2272 29.5353 -5
      vertex 80.25 30 -5
    endloop
  endfacet
  facet normal 0 0 -1
    outer loop
      vertex 82.5 27 -5
      vertex 80.2271 29.5344 -5
      vertex 80.2272 29.5353 -5
    endloop
  endfacet
  facet normal 0 0 -1
    outer loop
      vertex 82.5 27 -5
      vertex 80.1589 29.0742 -5
      vertex 80.2271 29.5344 -5
    endloop
  endfacet
  facet normal 0 0 -1
    outer loop
      vertex 82.5 27 -5
      vertex 80.1587 29.0733 -5
      vertex 80.1589 29.0742 -5
    endloop
  endfacet
  facet normal 0 0 -1
    outer loop
      vertex 82.5 27 -5
      vertex 80.1585 29.0725 -5
      vertex 80.1587 29.0733 -5
    endloop
  endfacet
  facet normal 0 0 -1
    outer loop
      vertex 82.5 27 -5
      vertex 80.0455 28.6211 -5
      vertex 80.1585 29.0725 -5
    endloop
  endfacet
  facet normal 0 0 -1
    outer loop
      vertex 82.5 27 -5
      vertex 80.0452 28.6203 -5
      vertex 80.0455 28.6211 -5
    endloop
  endfacet
  facet normal 0 0 -1
    outer loop
      vertex 82.5 27 -5
      vertex 79.8884 28.1823 -5
      vertex 80.0452 28.6203 -5
    endloop
  endfacet
  facet normal 0 0 -1
    outer loop
      vertex 82.5 27 -5
      vertex 79.6895 27.7617 -5
      vertex 79.8884 28.1823 -5
    endloop
  endfacet
  facet normal 0 0 -1
    outer loop
      vertex 82.5 27 -5
      vertex 79.6891 27.7609 -5
      vertex 79.6895 27.7617 -5
    endloop
  endfacet
  facet normal 0 0 -1
    outer loop
      vertex 82.5 27 -5
      vertex 79.4499 27.3618 -5
      vertex 79.6891 27.7609 -5
    endloop
  endfacet
  facet normal 0 0 -1
    outer loop
      vertex 82.5 27 -5
      vertex 79.4495 27.361 -5
      vertex 79.4499 27.3618 -5
    endloop
  endfacet
  facet normal 0 0 -1
    outer loop
      vertex 82.5 27 -5
      vertex 79.449 27.3603 -5
      vertex 79.4495 27.361 -5
    endloop
  endfacet
  facet normal -0 0 -1
    outer loop
      vertex 82.5 27 -5
      vertex 79.1718 26.9866 -5
      vertex 79.449 27.3603 -5
    endloop
  endfacet
  facet normal 0 0 -1
    outer loop
      vertex 82.5 27 -5
      vertex 79.1712 26.986 -5
      vertex 79.1718 26.9866 -5
    endloop
  endfacet
  facet normal 0 0 -1
    outer loop
      vertex 82.5 27 -5
      vertex 78.8588 26.6412 -5
      vertex 79.1712 26.986 -5
    endloop
  endfacet
  facet normal 0 0 -1
    outer loop
      vertex 82.5 27 -5
      vertex 78.514 26.3288 -5
      vertex 78.8588 26.6412 -5
    endloop
  endfacet
  facet normal 0 0 -1
    outer loop
      vertex 82.5 27 -5
      vertex 78.5134 26.3282 -5
      vertex 78.514 26.3288 -5
    endloop
  endfacet
  facet normal 0 0 -1
    outer loop
      vertex 82.5 27 -5
      vertex 78.1397 26.051 -5
      vertex 78.5134 26.3282 -5
    endloop
  endfacet
  facet normal 0 0 -1
    outer loop
      vertex 82.5 27 -5
      vertex 78.139 26.0505 -5
      vertex 78.1397 26.051 -5
    endloop
  endfacet
  facet normal 0 0 -1
    outer loop
      vertex 82.5 27 -5
      vertex 78.1382 26.0501 -5
      vertex 78.139 26.0505 -5
    endloop
  endfacet
  facet normal 0 0 -1
    outer loop
      vertex 82.5 27 -5
      vertex 77.7391 25.8109 -5
      vertex 78.1382 26.0501 -5
    endloop
  endfacet
  facet normal 0 0 -1
    outer loop
      vertex 74.5 15 -5
      vertex 77.7391 25.8109 -5
      vertex 82.5 27 -5
    endloop
  endfacet
  facet normal 0 0 -1
    outer loop
      vertex 77.7391 25.8109 -5
      vertex 74.5 15 -5
      vertex 77.7383 25.8105 -5
    endloop
  endfacet
  facet normal 0 0 -1
    outer loop
      vertex 77.7383 25.8105 -5
      vertex 74.5 15 -5
      vertex 77.3177 25.6116 -5
    endloop
  endfacet
  facet normal 0 0 -1
    outer loop
      vertex 77.3177 25.6116 -5
      vertex 74.5 15 -5
      vertex 76.8797 25.4548 -5
    endloop
  endfacet
  facet normal 0 0 -1
    outer loop
      vertex 74.5 15 -5
      vertex 76.4258 25.3411 -5
      vertex 76.4267 25.3413 -5
    endloop
  endfacet
  facet normal 0 0 -1
    outer loop
      vertex 74.5 15 -5
      vertex 74.5742 25.3411 -5
      vertex 75.0344 25.2729 -5
    endloop
  endfacet
  facet normal 0 0 -1
    outer loop
      vertex 76.8797 25.4548 -5
      vertex 74.5 15 -5
      vertex 76.8789 25.4545 -5
    endloop
  endfacet
  facet normal 0 0 -1
    outer loop
      vertex 74.5 15 -5
      vertex 76.4275 25.3415 -5
      vertex 76.8789 25.4545 -5
    endloop
  endfacet
  facet normal 0 0 -1
    outer loop
      vertex 74.5 15 -5
      vertex 76.4267 25.3413 -5
      vertex 76.4275 25.3415 -5
    endloop
  endfacet
  facet normal 0 0 -1
    outer loop
      vertex 76.4258 25.3411 -5
      vertex 74.5 15 -5
      vertex 75.9656 25.2729 -5
    endloop
  endfacet
  facet normal 0 0 -1
    outer loop
      vertex 74.5 15 -5
      vertex 75.5009 25.25 -5
      vertex 75.9656 25.2729 -5
    endloop
  endfacet
  facet normal 0 0 -1
    outer loop
      vertex 74.5 15 -5
      vertex 75.5 25.25 -5
      vertex 75.5009 25.25 -5
    endloop
  endfacet
  facet normal 0 0 -1
    outer loop
      vertex 74.5 15 -5
      vertex 75.4991 25.25 -5
      vertex 75.5 25.25 -5
    endloop
  endfacet
  facet normal 0 0 -1
    outer loop
      vertex 74.5 15 -5
      vertex 75.0344 25.2729 -5
      vertex 75.4991 25.25 -5
    endloop
  endfacet
  facet normal -0 0 -1
    outer loop
      vertex 74.5742 25.3411 -5
      vertex 74.5 15 -5
      vertex 74.5733 25.3413 -5
    endloop
  endfacet
  facet normal 0 0 -1
    outer loop
      vertex 74.5 15 -5
      vertex 74.5725 25.3415 -5
      vertex 74.5733 25.3413 -5
    endloop
  endfacet
  facet normal -0 0 -1
    outer loop
      vertex 74.5725 25.3415 -5
      vertex 74.5 15 -5
      vertex 74.5 25.3596 -5
    endloop
  endfacet
  facet normal 0 0 -1
    outer loop
      vertex 80.2272 30.4647 -5
      vertex 82.5 33 -5
      vertex 80.25 30 -5
    endloop
  endfacet
  facet normal 0 0 -1
    outer loop
      vertex 80.2271 30.4656 -5
      vertex 82.5 33 -5
      vertex 80.2272 30.4647 -5
    endloop
  endfacet
  facet normal 0 0 -1
    outer loop
      vertex 80.1589 30.9258 -5
      vertex 82.5 33 -5
      vertex 80.2271 30.4656 -5
    endloop
  endfacet
  facet normal 0 0 -1
    outer loop
      vertex 80.1587 30.9267 -5
      vertex 82.5 33 -5
      vertex 80.1589 30.9258 -5
    endloop
  endfacet
  facet normal 0 0 -1
    outer loop
      vertex 80.1585 30.9275 -5
      vertex 82.5 33 -5
      vertex 80.1587 30.9267 -5
    endloop
  endfacet
  facet normal 0 0 -1
    outer loop
      vertex 80.0455 31.3789 -5
      vertex 82.5 33 -5
      vertex 80.1585 30.9275 -5
    endloop
  endfacet
  facet normal 0 0 -1
    outer loop
      vertex 80.0452 31.3797 -5
      vertex 82.5 33 -5
      vertex 80.0455 31.3789 -5
    endloop
  endfacet
  facet normal 0 0 -1
    outer loop
      vertex 79.8884 31.8177 -5
      vertex 82.5 33 -5
      vertex 80.0452 31.3797 -5
    endloop
  endfacet
  facet normal 0 0 -1
    outer loop
      vertex 79.6895 32.2383 -5
      vertex 82.5 33 -5
      vertex 79.8884 31.8177 -5
    endloop
  endfacet
  facet normal 0 0 -1
    outer loop
      vertex 79.6891 32.2391 -5
      vertex 82.5 33 -5
      vertex 79.6895 32.2383 -5
    endloop
  endfacet
  facet normal 0 0 -1
    outer loop
      vertex 79.4499 32.6382 -5
      vertex 82.5 33 -5
      vertex 79.6891 32.2391 -5
    endloop
  endfacet
  facet normal 0 0 -1
    outer loop
      vertex 79.4495 32.639 -5
      vertex 82.5 33 -5
      vertex 79.4499 32.6382 -5
    endloop
  endfacet
  facet normal 0 0 -1
    outer loop
      vertex 79.449 32.6397 -5
      vertex 82.5 33 -5
      vertex 79.4495 32.639 -5
    endloop
  endfacet
  facet normal 0 0 -1
    outer loop
      vertex 79.1718 33.0134 -5
      vertex 82.5 33 -5
      vertex 79.449 32.6397 -5
    endloop
  endfacet
  facet normal 0 0 -1
    outer loop
      vertex 79.1712 33.014 -5
      vertex 82.5 33 -5
      vertex 79.1718 33.0134 -5
    endloop
  endfacet
  facet normal 0 0 -1
    outer loop
      vertex 78.8588 33.3588 -5
      vertex 82.5 33 -5
      vertex 79.1712 33.014 -5
    endloop
  endfacet
  facet normal 0 0 -1
    outer loop
      vertex 78.514 33.6712 -5
      vertex 82.5 33 -5
      vertex 78.8588 33.3588 -5
    endloop
  endfacet
  facet normal 0 0 -1
    outer loop
      vertex 78.5134 33.6718 -5
      vertex 82.5 33 -5
      vertex 78.514 33.6712 -5
    endloop
  endfacet
  facet normal 0 0 -1
    outer loop
      vertex 78.1397 33.949 -5
      vertex 82.5 33 -5
      vertex 78.5134 33.6718 -5
    endloop
  endfacet
  facet normal 0 0 -1
    outer loop
      vertex 78.139 33.9495 -5
      vertex 82.5 33 -5
      vertex 78.1397 33.949 -5
    endloop
  endfacet
  facet normal 0 0 -1
    outer loop
      vertex 78.1382 33.9499 -5
      vertex 82.5 33 -5
      vertex 78.139 33.9495 -5
    endloop
  endfacet
  facet normal 0 0 -1
    outer loop
      vertex 77.7391 34.1891 -5
      vertex 82.5 33 -5
      vertex 78.1382 33.9499 -5
    endloop
  endfacet
  facet normal 0 0 -1
    outer loop
      vertex 74.5 45 -5
      vertex 77.7391 34.1891 -5
      vertex 77.7383 34.1895 -5
    endloop
  endfacet
  facet normal 0 0 -1
    outer loop
      vertex 74.5 45 -5
      vertex 77.7383 34.1895 -5
      vertex 77.3177 34.3884 -5
    endloop
  endfacet
  facet normal 0 0 -1
    outer loop
      vertex 74.5 45 -5
      vertex 77.3177 34.3884 -5
      vertex 76.8797 34.5452 -5
    endloop
  endfacet
  facet normal 0 0 -1
    outer loop
      vertex 74.5 45 -5
      vertex 76.8797 34.5452 -5
      vertex 76.8789 34.5455 -5
    endloop
  endfacet
  facet normal 0 0 -1
    outer loop
      vertex 74.5 45 -5
      vertex 75.9647 34.7272 -5
      vertex 75.5 34.75 -5
    endloop
  endfacet
  facet normal 0 0 -1
    outer loop
      vertex 74.5 45 -5
      vertex 75.0353 34.7272 -5
      vertex 75.0344 34.7271 -5
    endloop
  endfacet
  facet normal 0 0 -1
    outer loop
      vertex 77.7391 34.1891 -5
      vertex 74.5 45 -5
      vertex 82.5 33 -5
    endloop
  endfacet
  facet normal 0 0 -1
    outer loop
      vertex 76.4275 34.6585 -5
      vertex 74.5 45 -5
      vertex 76.8789 34.5455 -5
    endloop
  endfacet
  facet normal 0 0 -1
    outer loop
      vertex 76.4267 34.6587 -5
      vertex 74.5 45 -5
      vertex 76.4275 34.6585 -5
    endloop
  endfacet
  facet normal 0 0 -1
    outer loop
      vertex 76.4258 34.6589 -5
      vertex 74.5 45 -5
      vertex 76.4267 34.6587 -5
    endloop
  endfacet
  facet normal 0 0 -1
    outer loop
      vertex 75.9656 34.7271 -5
      vertex 74.5 45 -5
      vertex 76.4258 34.6589 -5
    endloop
  endfacet
  facet normal 0 0 -1
    outer loop
      vertex 75.9647 34.7272 -5
      vertex 74.5 45 -5
      vertex 75.9656 34.7271 -5
    endloop
  endfacet
  facet normal 0 0 -1
    outer loop
      vertex 75.0353 34.7272 -5
      vertex 74.5 45 -5
      vertex 75.5 34.75 -5
    endloop
  endfacet
  facet normal 0 0 -1
    outer loop
      vertex 74.5742 34.6589 -5
      vertex 74.5 45 -5
      vertex 75.0344 34.7271 -5
    endloop
  endfacet
  facet normal 0 0 -1
    outer loop
      vertex 74.5733 34.6587 -5
      vertex 74.5 45 -5
      vertex 74.5742 34.6589 -5
    endloop
  endfacet
  facet normal 0 0 -1
    outer loop
      vertex 74.5725 34.6585 -5
      vertex 74.5 45 -5
      vertex 74.5733 34.6587 -5
    endloop
  endfacet
  facet normal 0 0 -1
    outer loop
      vertex 74.5 45 -5
      vertex 74.5725 34.6585 -5
      vertex 74.5 34.6404 -5
    endloop
  endfacet
  facet normal 1 0 0
    outer loop
      vertex 68.5 6 0
      vertex 68.5 0 0
      vertex 68.5 6 -9
    endloop
  endfacet
  facet normal 1 0 0
    outer loop
      vertex 68.5 31 -23.6467
      vertex 68.5 36.75 -29.8533
      vertex 68.5 38 -27.6882
    endloop
  endfacet
  facet normal 1 0 0
    outer loop
      vertex 68.5 36.75 -29.8533
      vertex 68.5 31 -23.6467
      vertex 68.5 29.75 -25.8118
    endloop
  endfacet
  facet normal 1 0 0
    outer loop
      vertex 68.5 31 -23.6467
      vertex 68.5 28.5 -23.6467
      vertex 68.5 29.75 -25.8118
    endloop
  endfacet
  facet normal 1 0 0
    outer loop
      vertex 68.5 28.5 -23.6467
      vertex 68.5 22.75 -29.8533
      vertex 68.5 29.75 -25.8118
    endloop
  endfacet
  facet normal 1 0 0
    outer loop
      vertex 68.5 22.75 -29.8533
      vertex 68.5 21.5 -27.6882
      vertex 68.5 22.75 -37.9362
    endloop
  endfacet
  facet normal 1 -0 0
    outer loop
      vertex 68.5 21.5 -27.6882
      vertex 68.5 22.75 -29.8533
      vertex 68.5 28.5 -23.6467
    endloop
  endfacet
  facet normal 1 0 0
    outer loop
      vertex 68.5 47.5 -23.6467
      vertex 68.5 53.25 -29.8533
      vertex 68.5 54.5 -27.6882
    endloop
  endfacet
  facet normal 1 0 0
    outer loop
      vertex 68.5 53.25 -29.8533
      vertex 68.5 47.5 -23.6467
      vertex 68.5 46.25 -25.8118
    endloop
  endfacet
  facet normal 1 0 0
    outer loop
      vertex 68.5 47.5 -23.6467
      vertex 68.5 45 -23.6467
      vertex 68.5 46.25 -25.8118
    endloop
  endfacet
  facet normal 1 0 0
    outer loop
      vertex 68.5 45 -23.6467
      vertex 68.5 39.25 -29.8533
      vertex 68.5 46.25 -25.8118
    endloop
  endfacet
  facet normal 1 0 0
    outer loop
      vertex 68.5 36.75 -29.8533
      vertex 68.5 39.25 -29.8533
      vertex 68.5 38 -27.6882
    endloop
  endfacet
  facet normal 1 -0 0
    outer loop
      vertex 68.5 38 -27.6882
      vertex 68.5 39.25 -29.8533
      vertex 68.5 45 -23.6467
    endloop
  endfacet
  facet normal 1 0 0
    outer loop
      vertex 68.5 64 -23.6467
      vertex 68.5 69.75 -29.8533
      vertex 68.5 71 -27.6882
    endloop
  endfacet
  facet normal 1 0 0
    outer loop
      vertex 68.5 69.75 -29.8533
      vertex 68.5 64 -23.6467
      vertex 68.5 62.75 -25.8118
    endloop
  endfacet
  facet normal 1 0 0
    outer loop
      vertex 68.5 64 -23.6467
      vertex 68.5 61.5 -23.6467
      vertex 68.5 62.75 -25.8118
    endloop
  endfacet
  facet normal 1 0 0
    outer loop
      vertex 68.5 61.5 -23.6467
      vertex 68.5 55.75 -29.8533
      vertex 68.5 62.75 -25.8118
    endloop
  endfacet
  facet normal 1 0 0
    outer loop
      vertex 68.5 53.25 -29.8533
      vertex 68.5 55.75 -29.8533
      vertex 68.5 54.5 -27.6882
    endloop
  endfacet
  facet normal 1 -0 0
    outer loop
      vertex 68.5 54.5 -27.6882
      vertex 68.5 55.75 -29.8533
      vertex 68.5 61.5 -23.6467
    endloop
  endfacet
  facet normal 1 0 0
    outer loop
      vertex 68.5 80.5 -23.6467
      vertex 68.5 86.25 -29.8533
      vertex 68.5 87.5 -27.6882
    endloop
  endfacet
  facet normal 1 0 0
    outer loop
      vertex 68.5 86.25 -29.8533
      vertex 68.5 80.5 -23.6467
      vertex 68.5 79.25 -25.8118
    endloop
  endfacet
  facet normal 1 0 0
    outer loop
      vertex 68.5 71 -11.5224
      vertex 68.5 88 -9
      vertex 68.5 88 0
    endloop
  endfacet
  facet normal 1 0 0
    outer loop
      vertex 68.5 88 -9
      vertex 68.5 80.5 -15.5638
      vertex 68.5 87.5 -11.5224
    endloop
  endfacet
  facet normal 1 0 0
    outer loop
      vertex 68.5 78 -23.6467
      vertex 68.5 80.5 -23.6467
      vertex 68.5 80.5 -15.5638
    endloop
  endfacet
  facet normal 1 0 0
    outer loop
      vertex 68.5 78 -23.6467
      vertex 68.5 80.5 -15.5638
      vertex 68.5 78 -15.5638
    endloop
  endfacet
  facet normal 1 0 0
    outer loop
      vertex 68.5 88 -9
      vertex 68.5 78 -15.5638
      vertex 68.5 80.5 -15.5638
    endloop
  endfacet
  facet normal 1 0 0
    outer loop
      vertex 68.5 88 -9
      vertex 68.5 71 -11.5224
      vertex 68.5 78 -15.5638
    endloop
  endfacet
  facet normal 1 -0 0
    outer loop
      vertex 68.5 54 0
      vertex 68.5 71 -11.5224
      vertex 68.5 88 0
    endloop
  endfacet
  facet normal 1 -0 0
    outer loop
      vertex 68.5 61.5 -15.5638
      vertex 68.5 64 -23.6467
      vertex 68.5 64 -15.5638
    endloop
  endfacet
  facet normal 1 0 0
    outer loop
      vertex 68.5 61.5 -23.6467
      vertex 68.5 64 -23.6467
      vertex 68.5 61.5 -15.5638
    endloop
  endfacet
  facet normal 1 -0 0
    outer loop
      vertex 68.5 54 -9
      vertex 68.5 71 -11.5224
      vertex 68.5 54 0
    endloop
  endfacet
  facet normal 1 0 0
    outer loop
      vertex 68.5 71 -11.5224
      vertex 68.5 54 -9
      vertex 68.5 64 -15.5638
    endloop
  endfacet
  facet normal 1 0 0
    outer loop
      vertex 68.5 64 -15.5638
      vertex 68.5 54 -9
      vertex 68.5 61.5 -15.5638
    endloop
  endfacet
  facet normal 1 0 0
    outer loop
      vertex 68.5 61.5 -15.5638
      vertex 68.5 54 -9
      vertex 68.5 54.5 -11.5224
    endloop
  endfacet
  facet normal 1 0 0
    outer loop
      vertex 68.5 54 -9
      vertex 68.5 47.5 -15.5638
      vertex 68.5 54.5 -11.5224
    endloop
  endfacet
  facet normal 1 -0 0
    outer loop
      vertex 68.5 45 -15.5638
      vertex 68.5 47.5 -23.6467
      vertex 68.5 47.5 -15.5638
    endloop
  endfacet
  facet normal 1 0 0
    outer loop
      vertex 68.5 45 -23.6467
      vertex 68.5 47.5 -23.6467
      vertex 68.5 45 -15.5638
    endloop
  endfacet
  facet normal 1 0 0
    outer loop
      vertex 68.5 54 -9
      vertex 68.5 45 -15.5638
      vertex 68.5 47.5 -15.5638
    endloop
  endfacet
  facet normal 1 0 0
    outer loop
      vertex 68.5 54 -9
      vertex 68.5 38 -11.5224
      vertex 68.5 45 -15.5638
    endloop
  endfacet
  facet normal 1 -0 0
    outer loop
      vertex 68.5 28.5 -15.5638
      vertex 68.5 31 -23.6467
      vertex 68.5 31 -15.5638
    endloop
  endfacet
  facet normal 1 0 0
    outer loop
      vertex 68.5 28.5 -23.6467
      vertex 68.5 31 -23.6467
      vertex 68.5 28.5 -15.5638
    endloop
  endfacet
  facet normal 1 0 0
    outer loop
      vertex 68.5 38 -11.5224
      vertex 68.5 28.5 -15.5638
      vertex 68.5 31 -15.5638
    endloop
  endfacet
  facet normal 1 0 0
    outer loop
      vertex 68.5 38 -11.5224
      vertex 68.5 21.5 -11.5224
      vertex 68.5 28.5 -15.5638
    endloop
  endfacet
  facet normal 1 0 0
    outer loop
      vertex 68.5 54 -9
      vertex 68.5 21.5 -11.5224
      vertex 68.5 38 -11.5224
    endloop
  endfacet
  facet normal 1 0 0
    outer loop
      vertex 68.5 14.5 -15.5638
      vertex 68.5 6 -9
      vertex 68.5 14.5 -23.6467
    endloop
  endfacet
  facet normal 1 0 0
    outer loop
      vertex 68.5 21.5 -11.5224
      vertex 68.5 6 -9
      vertex 68.5 14.5 -15.5638
    endloop
  endfacet
  facet normal 1 -0 0
    outer loop
      vertex 68.5 6 -9
      vertex 68.5 21.5 -11.5224
      vertex 68.5 54 -9
    endloop
  endfacet
  facet normal 1 0 0
    outer loop
      vertex 68.5 80.5 -23.6467
      vertex 68.5 78 -23.6467
      vertex 68.5 79.25 -25.8118
    endloop
  endfacet
  facet normal 1 0 0
    outer loop
      vertex 68.5 78 -23.6467
      vertex 68.5 72.25 -29.8533
      vertex 68.5 79.25 -25.8118
    endloop
  endfacet
  facet normal 1 0 0
    outer loop
      vertex 68.5 69.75 -29.8533
      vertex 68.5 72.25 -29.8533
      vertex 68.5 71 -27.6882
    endloop
  endfacet
  facet normal 1 -0 0
    outer loop
      vertex 68.5 71 -27.6882
      vertex 68.5 72.25 -29.8533
      vertex 68.5 78 -23.6467
    endloop
  endfacet
  facet normal 1 0 0
    outer loop
      vertex 68.5 97 -23.6467
      vertex 68.5 102.75 -29.8533
      vertex 68.5 104 -27.6882
    endloop
  endfacet
  facet normal 1 0 0
    outer loop
      vertex 68.5 102.75 -29.8533
      vertex 68.5 97 -23.6467
      vertex 68.5 95.75 -25.8118
    endloop
  endfacet
  facet normal 1 0 0
    outer loop
      vertex 68.5 97 -23.6467
      vertex 68.5 94.5 -23.6467
      vertex 68.5 95.75 -25.8118
    endloop
  endfacet
  facet normal 1 0 0
    outer loop
      vertex 68.5 94.5 -23.6467
      vertex 68.5 88.75 -29.8533
      vertex 68.5 95.75 -25.8118
    endloop
  endfacet
  facet normal 1 0 0
    outer loop
      vertex 68.5 86.25 -29.8533
      vertex 68.5 88.75 -29.8533
      vertex 68.5 87.5 -27.6882
    endloop
  endfacet
  facet normal 1 -0 0
    outer loop
      vertex 68.5 87.5 -27.6882
      vertex 68.5 88.75 -29.8533
      vertex 68.5 94.5 -23.6467
    endloop
  endfacet
  facet normal 1 0 0
    outer loop
      vertex 68.5 113.5 -23.6467
      vertex 68.5 119.25 -29.8533
      vertex 68.5 120.5 -27.6882
    endloop
  endfacet
  facet normal 1 0 0
    outer loop
      vertex 68.5 119.25 -29.8533
      vertex 68.5 113.5 -23.6467
      vertex 68.5 112.25 -25.8118
    endloop
  endfacet
  facet normal 1 0 0
    outer loop
      vertex 68.5 136 -9
      vertex 68.5 120.5 -11.5224
      vertex 68.5 127.5 -15.5638
    endloop
  endfacet
  facet normal 1 0 0
    outer loop
      vertex 68.5 111 -23.6467
      vertex 68.5 113.5 -23.6467
      vertex 68.5 113.5 -15.5638
    endloop
  endfacet
  facet normal 1 0 0
    outer loop
      vertex 68.5 111 -23.6467
      vertex 68.5 113.5 -15.5638
      vertex 68.5 111 -15.5638
    endloop
  endfacet
  facet normal 1 0 0
    outer loop
      vertex 68.5 120.5 -11.5224
      vertex 68.5 111 -15.5638
      vertex 68.5 113.5 -15.5638
    endloop
  endfacet
  facet normal 1 0 0
    outer loop
      vertex 68.5 120.5 -11.5224
      vertex 68.5 104 -11.5224
      vertex 68.5 111 -15.5638
    endloop
  endfacet
  facet normal 1 0 0
    outer loop
      vertex 68.5 136 -9
      vertex 68.5 104 -11.5224
      vertex 68.5 120.5 -11.5224
    endloop
  endfacet
  facet normal 1 -0 0
    outer loop
      vertex 68.5 94.5 -15.5638
      vertex 68.5 97 -23.6467
      vertex 68.5 97 -15.5638
    endloop
  endfacet
  facet normal 1 0 0
    outer loop
      vertex 68.5 94.5 -23.6467
      vertex 68.5 97 -23.6467
      vertex 68.5 94.5 -15.5638
    endloop
  endfacet
  facet normal 1 0 0
    outer loop
      vertex 68.5 88 -9
      vertex 68.5 97 -15.5638
      vertex 68.5 104 -11.5224
    endloop
  endfacet
  facet normal 1 -0 0
    outer loop
      vertex 68.5 88 -9
      vertex 68.5 104 -11.5224
      vertex 68.5 136 -9
    endloop
  endfacet
  facet normal 1 0 0
    outer loop
      vertex 68.5 97 -15.5638
      vertex 68.5 88 -9
      vertex 68.5 94.5 -15.5638
    endloop
  endfacet
  facet normal 1 0 0
    outer loop
      vertex 68.5 94.5 -15.5638
      vertex 68.5 88 -9
      vertex 68.5 87.5 -11.5224
    endloop
  endfacet
  facet normal 1 0 0
    outer loop
      vertex 68.5 136 -9
      vertex 68.5 142 0
      vertex 68.5 136 0
    endloop
  endfacet
  facet normal 1 0 0
    outer loop
      vertex 68.5 142 0
      vertex 68.5 136 -9
      vertex 68.5 142 -54.5
    endloop
  endfacet
  facet normal 1 0 0
    outer loop
      vertex 68.5 127.5 -23.6467
      vertex 68.5 136 -9
      vertex 68.5 127.5 -15.5638
    endloop
  endfacet
  facet normal 1 0 0
    outer loop
      vertex 68.5 136 -9
      vertex 68.5 127.5 -23.6467
      vertex 68.5 142 -54.5
    endloop
  endfacet
  facet normal 1 0 0
    outer loop
      vertex 68.5 119.25 -37.9362
      vertex 68.5 127.5 -23.6467
      vertex 68.5 120.5 -27.6882
    endloop
  endfacet
  facet normal 1 0 0
    outer loop
      vertex 68.5 119.25 -37.9362
      vertex 68.5 120.5 -27.6882
      vertex 68.5 119.25 -29.8533
    endloop
  endfacet
  facet normal 1 0 0
    outer loop
      vertex 68.5 127.5 -23.6467
      vertex 68.5 119.25 -37.9362
      vertex 68.5 142 -54.5
    endloop
  endfacet
  facet normal 1 -0 0
    outer loop
      vertex 68.5 112.25 -41.9776
      vertex 68.5 142 -54.5
      vertex 68.5 119.25 -37.9362
    endloop
  endfacet
  facet normal 1 0 0
    outer loop
      vertex 68.5 105.25 -29.8533
      vertex 68.5 102.75 -29.8533
      vertex 68.5 105.25 -37.9362
    endloop
  endfacet
  facet normal 1 0 0
    outer loop
      vertex 68.5 102.75 -37.9362
      vertex 68.5 105.25 -37.9362
      vertex 68.5 102.75 -29.8533
    endloop
  endfacet
  facet normal 1 -0 0
    outer loop
      vertex 68.5 102.75 -37.9362
      vertex 68.5 112.25 -41.9776
      vertex 68.5 105.25 -37.9362
    endloop
  endfacet
  facet normal 1 0 0
    outer loop
      vertex 68.5 95.75 -41.9776
      vertex 68.5 112.25 -41.9776
      vertex 68.5 102.75 -37.9362
    endloop
  endfacet
  facet normal 1 -0 0
    outer loop
      vertex 68.5 95.75 -41.9776
      vertex 68.5 142 -54.5
      vertex 68.5 112.25 -41.9776
    endloop
  endfacet
  facet normal 1 0 0
    outer loop
      vertex 68.5 88.75 -29.8533
      vertex 68.5 86.25 -29.8533
      vertex 68.5 88.75 -37.9362
    endloop
  endfacet
  facet normal 1 0 0
    outer loop
      vertex 68.5 86.25 -37.9362
      vertex 68.5 88.75 -37.9362
      vertex 68.5 86.25 -29.8533
    endloop
  endfacet
  facet normal 1 -0 0
    outer loop
      vertex 68.5 86.25 -37.9362
      vertex 68.5 95.75 -41.9776
      vertex 68.5 88.75 -37.9362
    endloop
  endfacet
  facet normal 1 0 0
    outer loop
      vertex 68.5 79.25 -41.9776
      vertex 68.5 95.75 -41.9776
      vertex 68.5 86.25 -37.9362
    endloop
  endfacet
  facet normal 1 -0 0
    outer loop
      vertex 68.5 79.25 -41.9776
      vertex 68.5 142 -54.5
      vertex 68.5 95.75 -41.9776
    endloop
  endfacet
  facet normal 1 0 0
    outer loop
      vertex 68.5 72.25 -29.8533
      vertex 68.5 69.75 -29.8533
      vertex 68.5 72.25 -37.9362
    endloop
  endfacet
  facet normal 1 0 0
    outer loop
      vertex 68.5 69.75 -37.9362
      vertex 68.5 72.25 -37.9362
      vertex 68.5 69.75 -29.8533
    endloop
  endfacet
  facet normal 1 -0 0
    outer loop
      vertex 68.5 69.75 -37.9362
      vertex 68.5 79.25 -41.9776
      vertex 68.5 72.25 -37.9362
    endloop
  endfacet
  facet normal 1 0 0
    outer loop
      vertex 68.5 62.75 -41.9776
      vertex 68.5 79.25 -41.9776
      vertex 68.5 69.75 -37.9362
    endloop
  endfacet
  facet normal 1 -0 0
    outer loop
      vertex 68.5 62.75 -41.9776
      vertex 68.5 142 -54.5
      vertex 68.5 79.25 -41.9776
    endloop
  endfacet
  facet normal 1 0 0
    outer loop
      vertex 68.5 55.75 -29.8533
      vertex 68.5 53.25 -29.8533
      vertex 68.5 55.75 -37.9362
    endloop
  endfacet
  facet normal 1 0 0
    outer loop
      vertex 68.5 53.25 -37.9362
      vertex 68.5 55.75 -37.9362
      vertex 68.5 53.25 -29.8533
    endloop
  endfacet
  facet normal 1 -0 0
    outer loop
      vertex 68.5 53.25 -37.9362
      vertex 68.5 62.75 -41.9776
      vertex 68.5 55.75 -37.9362
    endloop
  endfacet
  facet normal 1 0 0
    outer loop
      vertex 68.5 46.25 -41.9776
      vertex 68.5 62.75 -41.9776
      vertex 68.5 53.25 -37.9362
    endloop
  endfacet
  facet normal 1 0 0
    outer loop
      vertex 68.5 0 -54.5
      vertex 68.5 62.75 -41.9776
      vertex 68.5 46.25 -41.9776
    endloop
  endfacet
  facet normal 1 0 0
    outer loop
      vertex 68.5 39.25 -29.8533
      vertex 68.5 36.75 -29.8533
      vertex 68.5 39.25 -37.9362
    endloop
  endfacet
  facet normal 1 0 0
    outer loop
      vertex 68.5 36.75 -37.9362
      vertex 68.5 39.25 -37.9362
      vertex 68.5 36.75 -29.8533
    endloop
  endfacet
  facet normal 1 -0 0
    outer loop
      vertex 68.5 36.75 -37.9362
      vertex 68.5 46.25 -41.9776
      vertex 68.5 39.25 -37.9362
    endloop
  endfacet
  facet normal 1 0 0
    outer loop
      vertex 68.5 29.75 -41.9776
      vertex 68.5 46.25 -41.9776
      vertex 68.5 36.75 -37.9362
    endloop
  endfacet
  facet normal 1 0 0
    outer loop
      vertex 68.5 0 -54.5
      vertex 68.5 46.25 -41.9776
      vertex 68.5 29.75 -41.9776
    endloop
  endfacet
  facet normal 1 0 0
    outer loop
      vertex 68.5 14.5 -23.6467
      vertex 68.5 22.75 -37.9362
      vertex 68.5 21.5 -27.6882
    endloop
  endfacet
  facet normal 1 0 0
    outer loop
      vertex 68.5 0 -54.5
      vertex 68.5 14.5 -23.6467
      vertex 68.5 6 -9
    endloop
  endfacet
  facet normal 1 0 0
    outer loop
      vertex 68.5 0 -54.5
      vertex 68.5 6 -9
      vertex 68.5 0 0
    endloop
  endfacet
  facet normal 1 0 0
    outer loop
      vertex 68.5 62.75 -41.9776
      vertex 68.5 0 -54.5
      vertex 68.5 142 -54.5
    endloop
  endfacet
  facet normal 1 0 0
    outer loop
      vertex 68.5 22.75 -37.9362
      vertex 68.5 0 -54.5
      vertex 68.5 29.75 -41.9776
    endloop
  endfacet
  facet normal 1 0 0
    outer loop
      vertex 68.5 14.5 -23.6467
      vertex 68.5 0 -54.5
      vertex 68.5 22.75 -37.9362
    endloop
  endfacet
  facet normal 1 0 0
    outer loop
      vertex 68.5 113.5 -23.6467
      vertex 68.5 111 -23.6467
      vertex 68.5 112.25 -25.8118
    endloop
  endfacet
  facet normal 1 0 0
    outer loop
      vertex 68.5 111 -23.6467
      vertex 68.5 105.25 -29.8533
      vertex 68.5 112.25 -25.8118
    endloop
  endfacet
  facet normal 1 0 0
    outer loop
      vertex 68.5 102.75 -29.8533
      vertex 68.5 105.25 -29.8533
      vertex 68.5 104 -27.6882
    endloop
  endfacet
  facet normal 1 -0 0
    outer loop
      vertex 68.5 104 -27.6882
      vertex 68.5 105.25 -29.8533
      vertex 68.5 111 -23.6467
    endloop
  endfacet
  facet normal 0.5547 0 -0.83205
    outer loop
      vertex 74.5 15 -5
      vertex 74.485 25.3531 -5.01
      vertex 74.5 25.3596 -5
    endloop
  endfacet
  facet normal 0.555079 0 -0.831798
    outer loop
      vertex 74.485 25.3531 -5.01
      vertex 74.4394 28.0157 -5.04043
      vertex 74.485 27.9941 -5.01
    endloop
  endfacet
  facet normal 0.5547 4.74838e-17 -0.83205
    outer loop
      vertex 68.5 6 -9
      vertex 74.485 25.3531 -5.01
      vertex 74.5 15 -5
    endloop
  endfacet
  facet normal 0.554676 -9.97905e-06 -0.832067
    outer loop
      vertex 74.485 25.3531 -5.01
      vertex 74.25 28.1292 -5.16669
      vertex 74.4394 28.0157 -5.04043
    endloop
  endfacet
  facet normal 0.554569 -2.29967e-05 -0.832138
    outer loop
      vertex 74.485 25.3531 -5.01
      vertex 74.0726 28.2607 -5.28492
      vertex 74.25 28.1292 -5.16669
    endloop
  endfacet
  facet normal 0.554716 7.13765e-06 -0.832039
    outer loop
      vertex 74.485 25.3531 -5.01
      vertex 73.909 28.409 -5.39399
      vertex 74.0726 28.2607 -5.28492
    endloop
  endfacet
  facet normal 0.55467 -5.46359e-06 -0.83207
    outer loop
      vertex 74.485 25.3531 -5.01
      vertex 73.7607 28.5726 -5.49285
      vertex 73.909 28.409 -5.39399
    endloop
  endfacet
  facet normal 0.554853 5.38657e-05 -0.831949
    outer loop
      vertex 74.485 25.3531 -5.01
      vertex 73.6292 28.75 -5.58054
      vertex 73.7607 28.5726 -5.49285
    endloop
  endfacet
  facet normal 0.554814 3.96665e-05 -0.831975
    outer loop
      vertex 74.485 25.3531 -5.01
      vertex 73.5157 28.9394 -5.65622
      vertex 73.6292 28.75 -5.58054
    endloop
  endfacet
  facet normal 0.554637 -2.93607e-05 -0.832093
    outer loop
      vertex 74.485 25.3531 -5.01
      vertex 73.4213 29.139 -5.71915
      vertex 73.5157 28.9394 -5.65622
    endloop
  endfacet
  facet normal 0.554704 -1.91924e-06 -0.832047
    outer loop
      vertex 74.485 25.3531 -5.01
      vertex 68.5 6 -9
      vertex 73.4213 29.139 -5.71915
    endloop
  endfacet
  facet normal 0.554651 1.45436e-05 -0.832083
    outer loop
      vertex 73.4213 29.139 -5.71915
      vertex 68.5 6 -9
      vertex 73.3469 29.3469 -5.76874
    endloop
  endfacet
  facet normal 0.554524 5.26763e-05 -0.832168
    outer loop
      vertex 73.3469 29.3469 -5.76874
      vertex 68.5 6 -9
      vertex 73.2932 29.561 -5.80451
    endloop
  endfacet
  facet normal 0.554912 -6.04645e-05 -0.831909
    outer loop
      vertex 73.2608 29.7795 -5.82611
      vertex 68.5 6 -9
      vertex 73.25 30 -5.83333
    endloop
  endfacet
  facet normal 0.554702 3.47397e-07 -0.832049
    outer loop
      vertex 73.2932 29.561 -5.80451
      vertex 68.5 6 -9
      vertex 73.2608 29.7795 -5.82611
    endloop
  endfacet
  facet normal 0.555079 0 -0.831798
    outer loop
      vertex 74.485 32.0059 -5.01
      vertex 74.4394 31.9843 -5.04043
      vertex 74.485 34.6469 -5.01
    endloop
  endfacet
  facet normal 0.5547 0 -0.83205
    outer loop
      vertex 74.485 34.6469 -5.01
      vertex 74.5 45 -5
      vertex 74.5 34.6404 -5
    endloop
  endfacet
  facet normal 0.554676 9.97905e-06 -0.832067
    outer loop
      vertex 74.25 31.8708 -5.16669
      vertex 74.485 34.6469 -5.01
      vertex 74.4394 31.9843 -5.04043
    endloop
  endfacet
  facet normal 0.554569 2.29967e-05 -0.832138
    outer loop
      vertex 74.0726 31.7393 -5.28492
      vertex 74.485 34.6469 -5.01
      vertex 74.25 31.8708 -5.16669
    endloop
  endfacet
  facet normal 0.554716 -7.13765e-06 -0.832039
    outer loop
      vertex 73.909 31.591 -5.39399
      vertex 74.485 34.6469 -5.01
      vertex 74.0726 31.7393 -5.28492
    endloop
  endfacet
  facet normal 0.55467 5.46359e-06 -0.83207
    outer loop
      vertex 73.7607 31.4274 -5.49285
      vertex 74.485 34.6469 -5.01
      vertex 73.909 31.591 -5.39399
    endloop
  endfacet
  facet normal 0.554853 -5.38657e-05 -0.831949
    outer loop
      vertex 73.6292 31.25 -5.58054
      vertex 74.485 34.6469 -5.01
      vertex 73.7607 31.4274 -5.49285
    endloop
  endfacet
  facet normal 0.554814 -3.96665e-05 -0.831975
    outer loop
      vertex 73.5157 31.0606 -5.65622
      vertex 74.485 34.6469 -5.01
      vertex 73.6292 31.25 -5.58054
    endloop
  endfacet
  facet normal 0.554637 2.93607e-05 -0.832093
    outer loop
      vertex 73.4213 30.861 -5.71915
      vertex 74.485 34.6469 -5.01
      vertex 73.5157 31.0606 -5.65622
    endloop
  endfacet
  facet normal 0.554704 1.91924e-06 -0.832047
    outer loop
      vertex 68.5 54 -9
      vertex 74.485 34.6469 -5.01
      vertex 73.4213 30.861 -5.71915
    endloop
  endfacet
  facet normal 0.554651 -1.45436e-05 -0.832083
    outer loop
      vertex 68.5 54 -9
      vertex 73.4213 30.861 -5.71915
      vertex 73.3469 30.6531 -5.76874
    endloop
  endfacet
  facet normal 0.554524 -5.26763e-05 -0.832168
    outer loop
      vertex 68.5 54 -9
      vertex 73.3469 30.6531 -5.76874
      vertex 73.2932 30.439 -5.80451
    endloop
  endfacet
  facet normal 0.554702 -3.47397e-07 -0.832049
    outer loop
      vertex 68.5 54 -9
      vertex 73.2932 30.439 -5.80451
      vertex 73.2608 30.2205 -5.82611
    endloop
  endfacet
  facet normal 0.554701 0 -0.83205
    outer loop
      vertex 68.5 54 -9
      vertex 73.25 30 -5.83333
      vertex 68.5 6 -9
    endloop
  endfacet
  facet normal 0.554912 6.04645e-05 -0.831909
    outer loop
      vertex 73.25 30 -5.83333
      vertex 68.5 54 -9
      vertex 73.2608 30.2205 -5.82611
    endloop
  endfacet
  facet normal 0.5547 -4.74838e-17 -0.83205
    outer loop
      vertex 74.485 34.6469 -5.01
      vertex 68.5 54 -9
      vertex 74.5 45 -5
    endloop
  endfacet
  facet normal 0.83205 0.5547 0
    outer loop
      vertex 68.5 54 0
      vertex 74.5 45 -5
      vertex 68.5 54 -9
    endloop
  endfacet
  facet normal 0.83205 0.5547 0
    outer loop
      vertex 82.5 33 0
      vertex 74.5 45 -5
      vertex 68.5 54 0
    endloop
  endfacet
  facet normal 0.83205 0.5547 0
    outer loop
      vertex 74.5 45 -5
      vertex 82.5 33 0
      vertex 82.5 33 -5
    endloop
  endfacet
  facet normal 0.83205 -0.5547 0
    outer loop
      vertex 82.5 27 0
      vertex 74.5 15 -5
      vertex 82.5 27 -5
    endloop
  endfacet
  facet normal 0.83205 -0.5547 0
    outer loop
      vertex 68.5 6 0
      vertex 74.5 15 -5
      vertex 82.5 27 0
    endloop
  endfacet
  facet normal 0.83205 -0.5547 0
    outer loop
      vertex 74.5 15 -5
      vertex 68.5 6 0
      vertex 68.5 6 -9
    endloop
  endfacet
  facet normal 1 -0 0
    outer loop
      vertex 82.5 109 0
      vertex 82.5 115 -5
      vertex 82.5 115 0
    endloop
  endfacet
  facet normal 1 0 0
    outer loop
      vertex 82.5 115 -5
      vertex 82.5 109 0
      vertex 82.5 109 -5
    endloop
  endfacet
  facet normal 0 0 -1
    outer loop
      vertex 82.5 109 -5
      vertex 80.25 112 -5
      vertex 82.5 115 -5
    endloop
  endfacet
  facet normal 0 0 -1
    outer loop
      vertex 82.5 109 -5
      vertex 80.2272 111.535 -5
      vertex 80.25 112 -5
    endloop
  endfacet
  facet normal 0 0 -1
    outer loop
      vertex 82.5 109 -5
      vertex 80.2271 111.534 -5
      vertex 80.2272 111.535 -5
    endloop
  endfacet
  facet normal 0 0 -1
    outer loop
      vertex 82.5 109 -5
      vertex 80.1589 111.074 -5
      vertex 80.2271 111.534 -5
    endloop
  endfacet
  facet normal 0 0 -1
    outer loop
      vertex 82.5 109 -5
      vertex 80.1587 111.073 -5
      vertex 80.1589 111.074 -5
    endloop
  endfacet
  facet normal 0 0 -1
    outer loop
      vertex 82.5 109 -5
      vertex 80.1585 111.072 -5
      vertex 80.1587 111.073 -5
    endloop
  endfacet
  facet normal 0 0 -1
    outer loop
      vertex 82.5 109 -5
      vertex 80.0455 110.621 -5
      vertex 80.1585 111.072 -5
    endloop
  endfacet
  facet normal 0 0 -1
    outer loop
      vertex 82.5 109 -5
      vertex 80.0452 110.62 -5
      vertex 80.0455 110.621 -5
    endloop
  endfacet
  facet normal 0 0 -1
    outer loop
      vertex 82.5 109 -5
      vertex 79.8884 110.182 -5
      vertex 80.0452 110.62 -5
    endloop
  endfacet
  facet normal 0 0 -1
    outer loop
      vertex 82.5 109 -5
      vertex 79.6895 109.762 -5
      vertex 79.8884 110.182 -5
    endloop
  endfacet
  facet normal 0 0 -1
    outer loop
      vertex 82.5 109 -5
      vertex 79.6891 109.761 -5
      vertex 79.6895 109.762 -5
    endloop
  endfacet
  facet normal 0 0 -1
    outer loop
      vertex 82.5 109 -5
      vertex 79.4499 109.362 -5
      vertex 79.6891 109.761 -5
    endloop
  endfacet
  facet normal 0 0 -1
    outer loop
      vertex 82.5 109 -5
      vertex 79.4495 109.361 -5
      vertex 79.4499 109.362 -5
    endloop
  endfacet
  facet normal 0 0 -1
    outer loop
      vertex 82.5 109 -5
      vertex 79.449 109.36 -5
      vertex 79.4495 109.361 -5
    endloop
  endfacet
  facet normal -0 0 -1
    outer loop
      vertex 82.5 109 -5
      vertex 79.1718 108.987 -5
      vertex 79.449 109.36 -5
    endloop
  endfacet
  facet normal 0 0 -1
    outer loop
      vertex 82.5 109 -5
      vertex 79.1712 108.986 -5
      vertex 79.1718 108.987 -5
    endloop
  endfacet
  facet normal 0 0 -1
    outer loop
      vertex 82.5 109 -5
      vertex 78.8588 108.641 -5
      vertex 79.1712 108.986 -5
    endloop
  endfacet
  facet normal 0 0 -1
    outer loop
      vertex 82.5 109 -5
      vertex 78.514 108.329 -5
      vertex 78.8588 108.641 -5
    endloop
  endfacet
  facet normal 0 0 -1
    outer loop
      vertex 82.5 109 -5
      vertex 78.5134 108.328 -5
      vertex 78.514 108.329 -5
    endloop
  endfacet
  facet normal 0 0 -1
    outer loop
      vertex 82.5 109 -5
      vertex 78.1397 108.051 -5
      vertex 78.5134 108.328 -5
    endloop
  endfacet
  facet normal 0 0 1
    outer loop
      vertex 82.5 109 -5
      vertex 78.139 108.051 -5
      vertex 78.1397 108.051 -5
    endloop
  endfacet
  facet normal 0 0 -1
    outer loop
      vertex 82.5 109 -5
      vertex 78.1382 108.05 -5
      vertex 78.139 108.051 -5
    endloop
  endfacet
  facet normal 0 0 -1
    outer loop
      vertex 82.5 109 -5
      vertex 77.7391 107.811 -5
      vertex 78.1382 108.05 -5
    endloop
  endfacet
  facet normal 0 0 -1
    outer loop
      vertex 74.5 97 -5
      vertex 77.7391 107.811 -5
      vertex 82.5 109 -5
    endloop
  endfacet
  facet normal 0 0 -1
    outer loop
      vertex 77.7391 107.811 -5
      vertex 74.5 97 -5
      vertex 77.7383 107.81 -5
    endloop
  endfacet
  facet normal 0 0 -1
    outer loop
      vertex 77.7383 107.81 -5
      vertex 74.5 97 -5
      vertex 77.3177 107.612 -5
    endloop
  endfacet
  facet normal 0 0 -1
    outer loop
      vertex 77.3177 107.612 -5
      vertex 74.5 97 -5
      vertex 76.8797 107.455 -5
    endloop
  endfacet
  facet normal 0 0 -1
    outer loop
      vertex 74.5 97 -5
      vertex 75.5009 107.25 -5
      vertex 75.9656 107.273 -5
    endloop
  endfacet
  facet normal 0 0 -1
    outer loop
      vertex 74.5 97 -5
      vertex 75.4991 107.25 -5
      vertex 75.5 107.25 -5
    endloop
  endfacet
  facet normal -0 0 -1
    outer loop
      vertex 76.8797 107.455 -5
      vertex 74.5 97 -5
      vertex 76.8789 107.455 -5
    endloop
  endfacet
  facet normal 0 0 -1
    outer loop
      vertex 74.5 97 -5
      vertex 76.4275 107.341 -5
      vertex 76.8789 107.455 -5
    endloop
  endfacet
  facet normal 0 0 -1
    outer loop
      vertex 74.5 97 -5
      vertex 76.4267 107.341 -5
      vertex 76.4275 107.341 -5
    endloop
  endfacet
  facet normal 0 0 -1
    outer loop
      vertex 74.5 97 -5
      vertex 76.4258 107.341 -5
      vertex 76.4267 107.341 -5
    endloop
  endfacet
  facet normal 0 0 -1
    outer loop
      vertex 74.5 97 -5
      vertex 75.9656 107.273 -5
      vertex 76.4258 107.341 -5
    endloop
  endfacet
  facet normal -0 0 -1
    outer loop
      vertex 75.5009 107.25 -5
      vertex 74.5 97 -5
      vertex 75.5 107.25 -5
    endloop
  endfacet
  facet normal -0 0 -1
    outer loop
      vertex 75.4991 107.25 -5
      vertex 74.5 97 -5
      vertex 75.0344 107.273 -5
    endloop
  endfacet
  facet normal 0 0 -1
    outer loop
      vertex 74.5 97 -5
      vertex 74.5742 107.341 -5
      vertex 75.0344 107.273 -5
    endloop
  endfacet
  facet normal 0 0 -1
    outer loop
      vertex 74.5 97 -5
      vertex 74.5733 107.341 -5
      vertex 74.5742 107.341 -5
    endloop
  endfacet
  facet normal 0 0 -1
    outer loop
      vertex 74.5 97 -5
      vertex 74.5725 107.341 -5
      vertex 74.5733 107.341 -5
    endloop
  endfacet
  facet normal -0 0 -1
    outer loop
      vertex 74.5725 107.341 -5
      vertex 74.5 97 -5
      vertex 74.5 107.36 -5
    endloop
  endfacet
  facet normal 0 0 -1
    outer loop
      vertex 80.2272 112.465 -5
      vertex 82.5 115 -5
      vertex 80.25 112 -5
    endloop
  endfacet
  facet normal 0 0 -1
    outer loop
      vertex 80.2271 112.466 -5
      vertex 82.5 115 -5
      vertex 80.2272 112.465 -5
    endloop
  endfacet
  facet normal 0 0 -1
    outer loop
      vertex 80.1589 112.926 -5
      vertex 82.5 115 -5
      vertex 80.2271 112.466 -5
    endloop
  endfacet
  facet normal 0 0 -1
    outer loop
      vertex 80.1587 112.927 -5
      vertex 82.5 115 -5
      vertex 80.1589 112.926 -5
    endloop
  endfacet
  facet normal 0 0 -1
    outer loop
      vertex 80.1585 112.928 -5
      vertex 82.5 115 -5
      vertex 80.1587 112.927 -5
    endloop
  endfacet
  facet normal 0 0 -1
    outer loop
      vertex 80.0455 113.379 -5
      vertex 82.5 115 -5
      vertex 80.1585 112.928 -5
    endloop
  endfacet
  facet normal 0 0 -1
    outer loop
      vertex 80.0452 113.38 -5
      vertex 82.5 115 -5
      vertex 80.0455 113.379 -5
    endloop
  endfacet
  facet normal 0 0 -1
    outer loop
      vertex 79.8884 113.818 -5
      vertex 82.5 115 -5
      vertex 80.0452 113.38 -5
    endloop
  endfacet
  facet normal 0 0 -1
    outer loop
      vertex 79.6895 114.238 -5
      vertex 82.5 115 -5
      vertex 79.8884 113.818 -5
    endloop
  endfacet
  facet normal 0 0 -1
    outer loop
      vertex 79.6891 114.239 -5
      vertex 82.5 115 -5
      vertex 79.6895 114.238 -5
    endloop
  endfacet
  facet normal 0 0 -1
    outer loop
      vertex 79.4499 114.638 -5
      vertex 82.5 115 -5
      vertex 79.6891 114.239 -5
    endloop
  endfacet
  facet normal 0 0 -1
    outer loop
      vertex 79.4495 114.639 -5
      vertex 82.5 115 -5
      vertex 79.4499 114.638 -5
    endloop
  endfacet
  facet normal 0 0 -1
    outer loop
      vertex 79.449 114.64 -5
      vertex 82.5 115 -5
      vertex 79.4495 114.639 -5
    endloop
  endfacet
  facet normal 0 0 -1
    outer loop
      vertex 79.1718 115.013 -5
      vertex 82.5 115 -5
      vertex 79.449 114.64 -5
    endloop
  endfacet
  facet normal 0 0 -1
    outer loop
      vertex 79.1712 115.014 -5
      vertex 82.5 115 -5
      vertex 79.1718 115.013 -5
    endloop
  endfacet
  facet normal 0 0 -1
    outer loop
      vertex 78.8588 115.359 -5
      vertex 82.5 115 -5
      vertex 79.1712 115.014 -5
    endloop
  endfacet
  facet normal 0 0 -1
    outer loop
      vertex 78.514 115.671 -5
      vertex 82.5 115 -5
      vertex 78.8588 115.359 -5
    endloop
  endfacet
  facet normal 0 0 -1
    outer loop
      vertex 78.5134 115.672 -5
      vertex 82.5 115 -5
      vertex 78.514 115.671 -5
    endloop
  endfacet
  facet normal 0 0 -1
    outer loop
      vertex 78.1397 115.949 -5
      vertex 82.5 115 -5
      vertex 78.5134 115.672 -5
    endloop
  endfacet
  facet normal -0 0 1
    outer loop
      vertex 78.139 115.949 -5
      vertex 82.5 115 -5
      vertex 78.1397 115.949 -5
    endloop
  endfacet
  facet normal 0 0 -1
    outer loop
      vertex 78.1382 115.95 -5
      vertex 82.5 115 -5
      vertex 78.139 115.949 -5
    endloop
  endfacet
  facet normal 0 0 -1
    outer loop
      vertex 77.7391 116.189 -5
      vertex 82.5 115 -5
      vertex 78.1382 115.95 -5
    endloop
  endfacet
  facet normal 0 0 -1
    outer loop
      vertex 74.5 127 -5
      vertex 77.7391 116.189 -5
      vertex 77.7383 116.189 -5
    endloop
  endfacet
  facet normal 0 0 -1
    outer loop
      vertex 74.5 127 -5
      vertex 77.7383 116.189 -5
      vertex 77.3177 116.388 -5
    endloop
  endfacet
  facet normal 0 0 -1
    outer loop
      vertex 74.5 127 -5
      vertex 77.3177 116.388 -5
      vertex 76.8797 116.545 -5
    endloop
  endfacet
  facet normal 0 0 -1
    outer loop
      vertex 74.5 127 -5
      vertex 76.8797 116.545 -5
      vertex 76.8789 116.545 -5
    endloop
  endfacet
  facet normal 0 0 -1
    outer loop
      vertex 77.7391 116.189 -5
      vertex 74.5 127 -5
      vertex 82.5 115 -5
    endloop
  endfacet
  facet normal 0 0 -1
    outer loop
      vertex 76.4275 116.659 -5
      vertex 74.5 127 -5
      vertex 76.8789 116.545 -5
    endloop
  endfacet
  facet normal 0 0 -1
    outer loop
      vertex 76.4267 116.659 -5
      vertex 74.5 127 -5
      vertex 76.4275 116.659 -5
    endloop
  endfacet
  facet normal 0 0 -1
    outer loop
      vertex 76.4258 116.659 -5
      vertex 74.5 127 -5
      vertex 76.4267 116.659 -5
    endloop
  endfacet
  facet normal 0 0 -1
    outer loop
      vertex 75.9656 116.727 -5
      vertex 74.5 127 -5
      vertex 76.4258 116.659 -5
    endloop
  endfacet
  facet normal 0 0 -1
    outer loop
      vertex 75.9647 116.727 -5
      vertex 74.5 127 -5
      vertex 75.9656 116.727 -5
    endloop
  endfacet
  facet normal 0 0 -1
    outer loop
      vertex 75.5 116.75 -5
      vertex 74.5 127 -5
      vertex 75.9647 116.727 -5
    endloop
  endfacet
  facet normal 0 0 -1
    outer loop
      vertex 75.0353 116.727 -5
      vertex 74.5 127 -5
      vertex 75.5 116.75 -5
    endloop
  endfacet
  facet normal 0 0 -1
    outer loop
      vertex 75.0344 116.727 -5
      vertex 74.5 127 -5
      vertex 75.0353 116.727 -5
    endloop
  endfacet
  facet normal 0 0 -1
    outer loop
      vertex 74.5742 116.659 -5
      vertex 74.5 127 -5
      vertex 75.0344 116.727 -5
    endloop
  endfacet
  facet normal 0 0 -1
    outer loop
      vertex 74.5733 116.659 -5
      vertex 74.5 127 -5
      vertex 74.5742 116.659 -5
    endloop
  endfacet
  facet normal 0 0 -1
    outer loop
      vertex 74.5725 116.659 -5
      vertex 74.5 127 -5
      vertex 74.5733 116.659 -5
    endloop
  endfacet
  facet normal 0 0 -1
    outer loop
      vertex 74.5 127 -5
      vertex 74.5725 116.659 -5
      vertex 74.5 116.64 -5
    endloop
  endfacet
  facet normal 0.5547 0 -0.83205
    outer loop
      vertex 74.5 97 -5
      vertex 74.485 107.353 -5.01
      vertex 74.5 107.36 -5
    endloop
  endfacet
  facet normal 0.555079 0 -0.831798
    outer loop
      vertex 74.485 107.353 -5.01
      vertex 74.4394 110.016 -5.04043
      vertex 74.485 109.994 -5.01
    endloop
  endfacet
  facet normal 0.5547 4.74842e-17 -0.83205
    outer loop
      vertex 68.5 88 -9
      vertex 74.485 107.353 -5.01
      vertex 74.5 97 -5
    endloop
  endfacet
  facet normal 0.554676 -9.97708e-06 -0.832067
    outer loop
      vertex 74.485 107.353 -5.01
      vertex 74.25 110.129 -5.16669
      vertex 74.4394 110.016 -5.04043
    endloop
  endfacet
  facet normal 0.554569 -2.30034e-05 -0.832138
    outer loop
      vertex 74.485 107.353 -5.01
      vertex 74.0726 110.261 -5.28492
      vertex 74.25 110.129 -5.16669
    endloop
  endfacet
  facet normal 0.554716 7.1344e-06 -0.832039
    outer loop
      vertex 74.485 107.353 -5.01
      vertex 73.909 110.409 -5.39399
      vertex 74.0726 110.261 -5.28492
    endloop
  endfacet
  facet normal 0.55467 -5.46687e-06 -0.83207
    outer loop
      vertex 74.485 107.353 -5.01
      vertex 73.7607 110.573 -5.49285
      vertex 73.909 110.409 -5.39399
    endloop
  endfacet
  facet normal 0.554853 5.38008e-05 -0.831949
    outer loop
      vertex 74.485 107.353 -5.01
      vertex 73.6292 110.75 -5.58054
      vertex 73.7607 110.573 -5.49285
    endloop
  endfacet
  facet normal 0.554814 3.96038e-05 -0.831975
    outer loop
      vertex 74.485 107.353 -5.01
      vertex 73.5157 110.939 -5.65622
      vertex 73.6292 110.75 -5.58054
    endloop
  endfacet
  facet normal 0.554637 -2.94451e-05 -0.832093
    outer loop
      vertex 74.485 107.353 -5.01
      vertex 73.4213 111.139 -5.71915
      vertex 73.5157 110.939 -5.65622
    endloop
  endfacet
  facet normal 0.554704 -1.91922e-06 -0.832047
    outer loop
      vertex 74.485 107.353 -5.01
      vertex 68.5 88 -9
      vertex 73.4213 111.139 -5.71915
    endloop
  endfacet
  facet normal 0.554651 1.4541e-05 -0.832083
    outer loop
      vertex 73.4213 111.139 -5.71915
      vertex 68.5 88 -9
      vertex 73.3469 111.347 -5.76874
    endloop
  endfacet
  facet normal 0.554524 5.26873e-05 -0.832168
    outer loop
      vertex 73.3469 111.347 -5.76874
      vertex 68.5 88 -9
      vertex 73.2932 111.561 -5.80451
    endloop
  endfacet
  facet normal 0.554912 -6.03548e-05 -0.831909
    outer loop
      vertex 73.2608 111.779 -5.82611
      vertex 68.5 88 -9
      vertex 73.25 112 -5.83333
    endloop
  endfacet
  facet normal 0.554702 3.47858e-07 -0.832049
    outer loop
      vertex 73.2932 111.561 -5.80451
      vertex 68.5 88 -9
      vertex 73.2608 111.779 -5.82611
    endloop
  endfacet
  facet normal 0.555079 0 -0.831798
    outer loop
      vertex 74.485 114.006 -5.01
      vertex 74.4394 113.984 -5.04043
      vertex 74.485 116.647 -5.01
    endloop
  endfacet
  facet normal 0.5547 0 -0.83205
    outer loop
      vertex 74.485 116.647 -5.01
      vertex 74.5 127 -5
      vertex 74.5 116.64 -5
    endloop
  endfacet
  facet normal 0.554676 9.97708e-06 -0.832067
    outer loop
      vertex 74.25 113.871 -5.16669
      vertex 74.485 116.647 -5.01
      vertex 74.4394 113.984 -5.04043
    endloop
  endfacet
  facet normal 0.554569 2.30034e-05 -0.832138
    outer loop
      vertex 74.0726 113.739 -5.28492
      vertex 74.485 116.647 -5.01
      vertex 74.25 113.871 -5.16669
    endloop
  endfacet
  facet normal 0.554716 -7.1344e-06 -0.832039
    outer loop
      vertex 73.909 113.591 -5.39399
      vertex 74.485 116.647 -5.01
      vertex 74.0726 113.739 -5.28492
    endloop
  endfacet
  facet normal 0.55467 5.46687e-06 -0.83207
    outer loop
      vertex 73.7607 113.427 -5.49285
      vertex 74.485 116.647 -5.01
      vertex 73.909 113.591 -5.39399
    endloop
  endfacet
  facet normal 0.554853 -5.38008e-05 -0.831949
    outer loop
      vertex 73.6292 113.25 -5.58054
      vertex 74.485 116.647 -5.01
      vertex 73.7607 113.427 -5.49285
    endloop
  endfacet
  facet normal 0.554814 -3.96038e-05 -0.831975
    outer loop
      vertex 73.5157 113.061 -5.65622
      vertex 74.485 116.647 -5.01
      vertex 73.6292 113.25 -5.58054
    endloop
  endfacet
  facet normal 0.554637 2.94451e-05 -0.832093
    outer loop
      vertex 73.4213 112.861 -5.71915
      vertex 74.485 116.647 -5.01
      vertex 73.5157 113.061 -5.65622
    endloop
  endfacet
  facet normal 0.554704 1.91922e-06 -0.832047
    outer loop
      vertex 68.5 136 -9
      vertex 74.485 116.647 -5.01
      vertex 73.4213 112.861 -5.71915
    endloop
  endfacet
  facet normal 0.554651 -1.4541e-05 -0.832083
    outer loop
      vertex 68.5 136 -9
      vertex 73.4213 112.861 -5.71915
      vertex 73.3469 112.653 -5.76874
    endloop
  endfacet
  facet normal 0.554524 -5.26873e-05 -0.832168
    outer loop
      vertex 68.5 136 -9
      vertex 73.3469 112.653 -5.76874
      vertex 73.2932 112.439 -5.80451
    endloop
  endfacet
  facet normal 0.554702 -3.47858e-07 -0.832049
    outer loop
      vertex 68.5 136 -9
      vertex 73.2932 112.439 -5.80451
      vertex 73.2608 112.221 -5.82611
    endloop
  endfacet
  facet normal 0.554701 0 -0.83205
    outer loop
      vertex 68.5 136 -9
      vertex 73.25 112 -5.83333
      vertex 68.5 88 -9
    endloop
  endfacet
  facet normal 0.554912 6.03548e-05 -0.831909
    outer loop
      vertex 73.25 112 -5.83333
      vertex 68.5 136 -9
      vertex 73.2608 112.221 -5.82611
    endloop
  endfacet
  facet normal 0.5547 -4.74842e-17 -0.83205
    outer loop
      vertex 74.485 116.647 -5.01
      vertex 68.5 136 -9
      vertex 74.5 127 -5
    endloop
  endfacet
  facet normal 0.83205 0.5547 0
    outer loop
      vertex 68.5 136 0
      vertex 74.5 127 -5
      vertex 68.5 136 -9
    endloop
  endfacet
  facet normal 0.83205 0.5547 0
    outer loop
      vertex 82.5 115 0
      vertex 74.5 127 -5
      vertex 68.5 136 0
    endloop
  endfacet
  facet normal 0.83205 0.5547 0
    outer loop
      vertex 74.5 127 -5
      vertex 82.5 115 0
      vertex 82.5 115 -5
    endloop
  endfacet
  facet normal 0.83205 -0.5547 0
    outer loop
      vertex 82.5 109 0
      vertex 74.5 97 -5
      vertex 82.5 109 -5
    endloop
  endfacet
  facet normal 0.83205 -0.5547 0
    outer loop
      vertex 68.5 88 0
      vertex 74.5 97 -5
      vertex 82.5 109 0
    endloop
  endfacet
  facet normal 0.83205 -0.5547 0
    outer loop
      vertex 74.5 97 -5
      vertex 68.5 88 0
      vertex 68.5 88 -9
    endloop
  endfacet
  facet normal 0 0 -1
    outer loop
      vertex 68.5 0 -54.5
      vertex 53.5 3.5 -54.5
      vertex 68.5 142 -54.5
    endloop
  endfacet
  facet normal 0 0 -1
    outer loop
      vertex 68.5 0 -54.5
      vertex -53.5 3.5 -54.5
      vertex 53.5 3.5 -54.5
    endloop
  endfacet
  facet normal 0 0 -1
    outer loop
      vertex -68.5 0 -54.5
      vertex -53.5 3.5 -54.5
      vertex 68.5 0 -54.5
    endloop
  endfacet
  facet normal 0 0 -1
    outer loop
      vertex -68.5 142 -54.5
      vertex -53.5 3.5 -54.5
      vertex -68.5 0 -54.5
    endloop
  endfacet
  facet normal 0 0 -1
    outer loop
      vertex -53.5 3.5 -54.5
      vertex -68.5 142 -54.5
      vertex -53.5 142 -54.5
    endloop
  endfacet
  facet normal -0 0 -1
    outer loop
      vertex 68.5 142 -54.5
      vertex 53.5 3.5 -54.5
      vertex 53.5 142 -54.5
    endloop
  endfacet
  facet normal -1 0 0
    outer loop
      vertex 65.5 22.75 -29.8533
      vertex 65.5 28.5 -23.6467
      vertex 65.5 29.75 -25.8118
    endloop
  endfacet
  facet normal -1 0 0
    outer loop
      vertex 65.5 28.5 -23.6467
      vertex 65.5 22.75 -29.8533
      vertex 65.5 21.5 -27.6882
    endloop
  endfacet
  facet normal -1 0 0
    outer loop
      vertex 65.5 39.25 -29.8533
      vertex 65.5 45 -23.6467
      vertex 65.5 46.25 -25.8118
    endloop
  endfacet
  facet normal -1 0 0
    outer loop
      vertex 65.5 45 -23.6467
      vertex 65.5 39.25 -29.8533
      vertex 65.5 38 -27.6882
    endloop
  endfacet
  facet normal -1 0 0
    outer loop
      vertex 65.5 39.25 -29.8533
      vertex 65.5 36.75 -29.8533
      vertex 65.5 38 -27.6882
    endloop
  endfacet
  facet normal -1 0 0
    outer loop
      vertex 65.5 36.75 -29.8533
      vertex 65.5 31 -23.6467
      vertex 65.5 38 -27.6882
    endloop
  endfacet
  facet normal -1 0 0
    outer loop
      vertex 65.5 28.5 -23.6467
      vertex 65.5 31 -23.6467
      vertex 65.5 29.75 -25.8118
    endloop
  endfacet
  facet normal -1 0 0
    outer loop
      vertex 65.5 29.75 -25.8118
      vertex 65.5 31 -23.6467
      vertex 65.5 36.75 -29.8533
    endloop
  endfacet
  facet normal -1 0 0
    outer loop
      vertex 65.5 55.75 -29.8533
      vertex 65.5 61.5 -23.6467
      vertex 65.5 62.75 -25.8118
    endloop
  endfacet
  facet normal -1 0 0
    outer loop
      vertex 65.5 61.5 -23.6467
      vertex 65.5 55.75 -29.8533
      vertex 65.5 54.5 -27.6882
    endloop
  endfacet
  facet normal -1 0 0
    outer loop
      vertex 65.5 55.75 -29.8533
      vertex 65.5 53.25 -29.8533
      vertex 65.5 54.5 -27.6882
    endloop
  endfacet
  facet normal -1 0 0
    outer loop
      vertex 65.5 53.25 -29.8533
      vertex 65.5 47.5 -23.6467
      vertex 65.5 54.5 -27.6882
    endloop
  endfacet
  facet normal -1 0 0
    outer loop
      vertex 65.5 45 -23.6467
      vertex 65.5 47.5 -23.6467
      vertex 65.5 46.25 -25.8118
    endloop
  endfacet
  facet normal -1 0 0
    outer loop
      vertex 65.5 46.25 -25.8118
      vertex 65.5 47.5 -23.6467
      vertex 65.5 53.25 -29.8533
    endloop
  endfacet
  facet normal -1 0 0
    outer loop
      vertex 65.5 72.25 -29.8533
      vertex 65.5 78 -23.6467
      vertex 65.5 79.25 -25.8118
    endloop
  endfacet
  facet normal -1 0 0
    outer loop
      vertex 65.5 78 -23.6467
      vertex 65.5 72.25 -29.8533
      vertex 65.5 71 -27.6882
    endloop
  endfacet
  facet normal -1 0 0
    outer loop
      vertex 65.5 72.25 -29.8533
      vertex 65.5 69.75 -29.8533
      vertex 65.5 71 -27.6882
    endloop
  endfacet
  facet normal -1 0 0
    outer loop
      vertex 65.5 69.75 -29.8533
      vertex 65.5 64 -23.6467
      vertex 65.5 71 -27.6882
    endloop
  endfacet
  facet normal -1 0 0
    outer loop
      vertex 65.5 61.5 -23.6467
      vertex 65.5 64 -23.6467
      vertex 65.5 62.75 -25.8118
    endloop
  endfacet
  facet normal -1 0 0
    outer loop
      vertex 65.5 62.75 -25.8118
      vertex 65.5 64 -23.6467
      vertex 65.5 69.75 -29.8533
    endloop
  endfacet
  facet normal -1 0 0
    outer loop
      vertex 65.5 88.75 -29.8533
      vertex 65.5 94.5 -23.6467
      vertex 65.5 95.75 -25.8118
    endloop
  endfacet
  facet normal -1 0 0
    outer loop
      vertex 65.5 94.5 -23.6467
      vertex 65.5 88.75 -29.8533
      vertex 65.5 87.5 -27.6882
    endloop
  endfacet
  facet normal -1 0 0
    outer loop
      vertex 65.5 88.75 -29.8533
      vertex 65.5 86.25 -29.8533
      vertex 65.5 87.5 -27.6882
    endloop
  endfacet
  facet normal -1 0 0
    outer loop
      vertex 65.5 86.25 -29.8533
      vertex 65.5 80.5 -23.6467
      vertex 65.5 87.5 -27.6882
    endloop
  endfacet
  facet normal -1 0 0
    outer loop
      vertex 65.5 78 -23.6467
      vertex 65.5 80.5 -23.6467
      vertex 65.5 79.25 -25.8118
    endloop
  endfacet
  facet normal -1 0 0
    outer loop
      vertex 65.5 79.25 -25.8118
      vertex 65.5 80.5 -23.6467
      vertex 65.5 86.25 -29.8533
    endloop
  endfacet
  facet normal -1 0 0
    outer loop
      vertex 65.5 105.25 -29.8533
      vertex 65.5 111 -23.6467
      vertex 65.5 112.25 -25.8118
    endloop
  endfacet
  facet normal -1 0 0
    outer loop
      vertex 65.5 111 -23.6467
      vertex 65.5 105.25 -29.8533
      vertex 65.5 104 -27.6882
    endloop
  endfacet
  facet normal -1 0 0
    outer loop
      vertex 65.5 105.25 -29.8533
      vertex 65.5 102.75 -29.8533
      vertex 65.5 104 -27.6882
    endloop
  endfacet
  facet normal -1 0 0
    outer loop
      vertex 65.5 102.75 -29.8533
      vertex 65.5 97 -23.6467
      vertex 65.5 104 -27.6882
    endloop
  endfacet
  facet normal -1 0 0
    outer loop
      vertex 65.5 94.5 -23.6467
      vertex 65.5 97 -23.6467
      vertex 65.5 95.75 -25.8118
    endloop
  endfacet
  facet normal -1 0 0
    outer loop
      vertex 65.5 95.75 -25.8118
      vertex 65.5 97 -23.6467
      vertex 65.5 102.75 -29.8533
    endloop
  endfacet
  facet normal -1 0 0
    outer loop
      vertex 65.5 136.5 -49
      vertex 65.5 120.5 -27.6882
      vertex 65.5 127.5 -23.6467
    endloop
  endfacet
  facet normal -1 0 0
    outer loop
      vertex 65.5 136.5 -49
      vertex 65.5 119.25 -37.9362
      vertex 65.5 120.5 -27.6882
    endloop
  endfacet
  facet normal -1 0 0
    outer loop
      vertex 65.5 134 -50.5
      vertex 65.5 112.25 -41.9776
      vertex 65.5 119.25 -37.9362
    endloop
  endfacet
  facet normal -1 0 0
    outer loop
      vertex 65.5 102.75 -37.9362
      vertex 65.5 105.25 -29.8533
      vertex 65.5 105.25 -37.9362
    endloop
  endfacet
  facet normal -1 0 0
    outer loop
      vertex 65.5 102.75 -29.8533
      vertex 65.5 105.25 -29.8533
      vertex 65.5 102.75 -37.9362
    endloop
  endfacet
  facet normal -1 0 0
    outer loop
      vertex 65.5 112.25 -41.9776
      vertex 65.5 102.75 -37.9362
      vertex 65.5 105.25 -37.9362
    endloop
  endfacet
  facet normal -1 0 0
    outer loop
      vertex 65.5 112.25 -41.9776
      vertex 65.5 95.75 -41.9776
      vertex 65.5 102.75 -37.9362
    endloop
  endfacet
  facet normal -1 0 0
    outer loop
      vertex 65.5 134 -50.5
      vertex 65.5 95.75 -41.9776
      vertex 65.5 112.25 -41.9776
    endloop
  endfacet
  facet normal -1 0 0
    outer loop
      vertex 65.5 86.25 -37.9362
      vertex 65.5 88.75 -29.8533
      vertex 65.5 88.75 -37.9362
    endloop
  endfacet
  facet normal -1 0 0
    outer loop
      vertex 65.5 86.25 -29.8533
      vertex 65.5 88.75 -29.8533
      vertex 65.5 86.25 -37.9362
    endloop
  endfacet
  facet normal -1 0 0
    outer loop
      vertex 65.5 95.75 -41.9776
      vertex 65.5 86.25 -37.9362
      vertex 65.5 88.75 -37.9362
    endloop
  endfacet
  facet normal -1 0 0
    outer loop
      vertex 65.5 95.75 -41.9776
      vertex 65.5 79.25 -41.9776
      vertex 65.5 86.25 -37.9362
    endloop
  endfacet
  facet normal -1 0 0
    outer loop
      vertex 65.5 134 -50.5
      vertex 65.5 79.25 -41.9776
      vertex 65.5 95.75 -41.9776
    endloop
  endfacet
  facet normal -1 0 0
    outer loop
      vertex 65.5 69.75 -37.9362
      vertex 65.5 72.25 -29.8533
      vertex 65.5 72.25 -37.9362
    endloop
  endfacet
  facet normal -1 0 0
    outer loop
      vertex 65.5 69.75 -29.8533
      vertex 65.5 72.25 -29.8533
      vertex 65.5 69.75 -37.9362
    endloop
  endfacet
  facet normal -1 0 0
    outer loop
      vertex 65.5 79.25 -41.9776
      vertex 65.5 69.75 -37.9362
      vertex 65.5 72.25 -37.9362
    endloop
  endfacet
  facet normal -1 0 0
    outer loop
      vertex 65.5 79.25 -41.9776
      vertex 65.5 62.75 -41.9776
      vertex 65.5 69.75 -37.9362
    endloop
  endfacet
  facet normal -1 0 0
    outer loop
      vertex 65.5 134 -50.5
      vertex 65.5 62.75 -41.9776
      vertex 65.5 79.25 -41.9776
    endloop
  endfacet
  facet normal -1 0 0
    outer loop
      vertex 65.5 53.25 -37.9362
      vertex 65.5 55.75 -29.8533
      vertex 65.5 55.75 -37.9362
    endloop
  endfacet
  facet normal -1 0 0
    outer loop
      vertex 65.5 53.25 -29.8533
      vertex 65.5 55.75 -29.8533
      vertex 65.5 53.25 -37.9362
    endloop
  endfacet
  facet normal -1 0 0
    outer loop
      vertex 65.5 62.75 -41.9776
      vertex 65.5 53.25 -37.9362
      vertex 65.5 55.75 -37.9362
    endloop
  endfacet
  facet normal -1 0 0
    outer loop
      vertex 65.5 62.75 -41.9776
      vertex 65.5 46.25 -41.9776
      vertex 65.5 53.25 -37.9362
    endloop
  endfacet
  facet normal -1 0 0
    outer loop
      vertex 65.5 3.5 -50.5
      vertex 65.5 62.75 -41.9776
      vertex 65.5 134 -50.5
    endloop
  endfacet
  facet normal -1 0 0
    outer loop
      vertex 65.5 36.75 -37.9362
      vertex 65.5 39.25 -29.8533
      vertex 65.5 39.25 -37.9362
    endloop
  endfacet
  facet normal -1 0 0
    outer loop
      vertex 65.5 36.75 -29.8533
      vertex 65.5 39.25 -29.8533
      vertex 65.5 36.75 -37.9362
    endloop
  endfacet
  facet normal -1 0 0
    outer loop
      vertex 65.5 46.25 -41.9776
      vertex 65.5 36.75 -37.9362
      vertex 65.5 39.25 -37.9362
    endloop
  endfacet
  facet normal -1 0 0
    outer loop
      vertex 65.5 46.25 -41.9776
      vertex 65.5 29.75 -41.9776
      vertex 65.5 36.75 -37.9362
    endloop
  endfacet
  facet normal -1 -0 0
    outer loop
      vertex 65.5 62.75 -41.9776
      vertex 65.5 3.5 -50.5
      vertex 65.5 46.25 -41.9776
    endloop
  endfacet
  facet normal -1 0 0
    outer loop
      vertex 65.5 22.75 -37.9362
      vertex 65.5 21.5 -27.6882
      vertex 65.5 22.75 -29.8533
    endloop
  endfacet
  facet normal -1 0 0
    outer loop
      vertex 65.5 22.75 -37.9362
      vertex 65.5 14.5 -23.6467
      vertex 65.5 21.5 -27.6882
    endloop
  endfacet
  facet normal -1 0 0
    outer loop
      vertex 65.5 3.5 -3
      vertex 65.5 14.5 -23.6467
      vertex 65.5 3.5 -50.5
    endloop
  endfacet
  facet normal -1 -0 0
    outer loop
      vertex 65.5 22.75 -37.9362
      vertex 65.5 3.5 -50.5
      vertex 65.5 14.5 -23.6467
    endloop
  endfacet
  facet normal -1 -0 0
    outer loop
      vertex 65.5 29.75 -41.9776
      vertex 65.5 3.5 -50.5
      vertex 65.5 22.75 -37.9362
    endloop
  endfacet
  facet normal -1 -0 0
    outer loop
      vertex 65.5 46.25 -41.9776
      vertex 65.5 3.5 -50.5
      vertex 65.5 29.75 -41.9776
    endloop
  endfacet
  facet normal -1 0 0
    outer loop
      vertex 65.5 127.5 -23.6467
      vertex 65.5 140.5 -50.0714
      vertex 65.5 138 -49
    endloop
  endfacet
  facet normal -1 0 0
    outer loop
      vertex 65.5 127.5 -23.6467
      vertex 65.5 138 -49
      vertex 65.5 136.5 -49
    endloop
  endfacet
  facet normal -1 0 0
    outer loop
      vertex 65.5 119.25 -37.9362
      vertex 65.5 136.5 -49
      vertex 65.5 134 -50.5
    endloop
  endfacet
  facet normal -1 0 0
    outer loop
      vertex 65.5 140.5 -50.0714
      vertex 65.5 127.5 -23.6467
      vertex 65.5 140.5 -3
    endloop
  endfacet
  facet normal -1 0 0
    outer loop
      vertex 65.5 127.5 -15.5638
      vertex 65.5 140.5 -3
      vertex 65.5 127.5 -23.6467
    endloop
  endfacet
  facet normal -1 0 0
    outer loop
      vertex 65.5 120.5 -11.5224
      vertex 65.5 140.5 -3
      vertex 65.5 127.5 -15.5638
    endloop
  endfacet
  facet normal -1 0 0
    outer loop
      vertex 65.5 113.5 -23.6467
      vertex 65.5 111 -23.6467
      vertex 65.5 113.5 -15.5638
    endloop
  endfacet
  facet normal -1 0 0
    outer loop
      vertex 65.5 111 -15.5638
      vertex 65.5 113.5 -15.5638
      vertex 65.5 111 -23.6467
    endloop
  endfacet
  facet normal -1 0 0
    outer loop
      vertex 65.5 111 -15.5638
      vertex 65.5 120.5 -11.5224
      vertex 65.5 113.5 -15.5638
    endloop
  endfacet
  facet normal -1 0 0
    outer loop
      vertex 65.5 104 -11.5224
      vertex 65.5 120.5 -11.5224
      vertex 65.5 111 -15.5638
    endloop
  endfacet
  facet normal -1 0 0
    outer loop
      vertex 65.5 120.5 -11.5224
      vertex 65.5 104 -11.5224
      vertex 65.5 140.5 -3
    endloop
  endfacet
  facet normal -1 0 0
    outer loop
      vertex 65.5 97 -23.6467
      vertex 65.5 94.5 -23.6467
      vertex 65.5 97 -15.5638
    endloop
  endfacet
  facet normal -1 0 0
    outer loop
      vertex 65.5 94.5 -15.5638
      vertex 65.5 97 -15.5638
      vertex 65.5 94.5 -23.6467
    endloop
  endfacet
  facet normal -1 0 0
    outer loop
      vertex 65.5 94.5 -15.5638
      vertex 65.5 104 -11.5224
      vertex 65.5 97 -15.5638
    endloop
  endfacet
  facet normal -1 0 0
    outer loop
      vertex 65.5 87.5 -11.5224
      vertex 65.5 104 -11.5224
      vertex 65.5 94.5 -15.5638
    endloop
  endfacet
  facet normal -1 0 0
    outer loop
      vertex 65.5 87.5 -11.5224
      vertex 65.5 140.5 -3
      vertex 65.5 104 -11.5224
    endloop
  endfacet
  facet normal -1 0 0
    outer loop
      vertex 65.5 80.5 -23.6467
      vertex 65.5 78 -23.6467
      vertex 65.5 80.5 -15.5638
    endloop
  endfacet
  facet normal -1 0 0
    outer loop
      vertex 65.5 78 -15.5638
      vertex 65.5 80.5 -15.5638
      vertex 65.5 78 -23.6467
    endloop
  endfacet
  facet normal -1 0 0
    outer loop
      vertex 65.5 78 -15.5638
      vertex 65.5 87.5 -11.5224
      vertex 65.5 80.5 -15.5638
    endloop
  endfacet
  facet normal -1 0 0
    outer loop
      vertex 65.5 71 -11.5224
      vertex 65.5 87.5 -11.5224
      vertex 65.5 78 -15.5638
    endloop
  endfacet
  facet normal -1 0 0
    outer loop
      vertex 65.5 71 -11.5224
      vertex 65.5 140.5 -3
      vertex 65.5 87.5 -11.5224
    endloop
  endfacet
  facet normal -1 0 0
    outer loop
      vertex 65.5 64 -23.6467
      vertex 65.5 61.5 -23.6467
      vertex 65.5 64 -15.5638
    endloop
  endfacet
  facet normal -1 0 0
    outer loop
      vertex 65.5 61.5 -15.5638
      vertex 65.5 64 -15.5638
      vertex 65.5 61.5 -23.6467
    endloop
  endfacet
  facet normal -1 0 0
    outer loop
      vertex 65.5 61.5 -15.5638
      vertex 65.5 71 -11.5224
      vertex 65.5 64 -15.5638
    endloop
  endfacet
  facet normal -1 0 0
    outer loop
      vertex 65.5 54.5 -11.5224
      vertex 65.5 71 -11.5224
      vertex 65.5 61.5 -15.5638
    endloop
  endfacet
  facet normal -1 0 0
    outer loop
      vertex 65.5 3.5 -3
      vertex 65.5 71 -11.5224
      vertex 65.5 54.5 -11.5224
    endloop
  endfacet
  facet normal -1 0 0
    outer loop
      vertex 65.5 47.5 -23.6467
      vertex 65.5 45 -23.6467
      vertex 65.5 47.5 -15.5638
    endloop
  endfacet
  facet normal -1 0 0
    outer loop
      vertex 65.5 45 -15.5638
      vertex 65.5 47.5 -15.5638
      vertex 65.5 45 -23.6467
    endloop
  endfacet
  facet normal -1 0 0
    outer loop
      vertex 65.5 45 -15.5638
      vertex 65.5 54.5 -11.5224
      vertex 65.5 47.5 -15.5638
    endloop
  endfacet
  facet normal -1 0 0
    outer loop
      vertex 65.5 38 -11.5224
      vertex 65.5 54.5 -11.5224
      vertex 65.5 45 -15.5638
    endloop
  endfacet
  facet normal -1 0 0
    outer loop
      vertex 65.5 3.5 -3
      vertex 65.5 54.5 -11.5224
      vertex 65.5 38 -11.5224
    endloop
  endfacet
  facet normal -1 0 0
    outer loop
      vertex 65.5 31 -23.6467
      vertex 65.5 28.5 -23.6467
      vertex 65.5 31 -15.5638
    endloop
  endfacet
  facet normal -1 0 0
    outer loop
      vertex 65.5 28.5 -15.5638
      vertex 65.5 31 -15.5638
      vertex 65.5 28.5 -23.6467
    endloop
  endfacet
  facet normal -1 0 0
    outer loop
      vertex 65.5 28.5 -15.5638
      vertex 65.5 38 -11.5224
      vertex 65.5 31 -15.5638
    endloop
  endfacet
  facet normal -1 0 0
    outer loop
      vertex 65.5 21.5 -11.5224
      vertex 65.5 38 -11.5224
      vertex 65.5 28.5 -15.5638
    endloop
  endfacet
  facet normal -1 0 0
    outer loop
      vertex 65.5 3.5 -3
      vertex 65.5 38 -11.5224
      vertex 65.5 21.5 -11.5224
    endloop
  endfacet
  facet normal -1 0 0
    outer loop
      vertex 65.5 71 -11.5224
      vertex 65.5 3.5 -3
      vertex 65.5 140.5 -3
    endloop
  endfacet
  facet normal -1 0 0
    outer loop
      vertex 65.5 14.5 -15.5638
      vertex 65.5 3.5 -3
      vertex 65.5 21.5 -11.5224
    endloop
  endfacet
  facet normal -1 0 0
    outer loop
      vertex 65.5 14.5 -23.6467
      vertex 65.5 3.5 -3
      vertex 65.5 14.5 -15.5638
    endloop
  endfacet
  facet normal -1 0 0
    outer loop
      vertex 65.5 119.25 -29.8533
      vertex 65.5 120.5 -27.6882
      vertex 65.5 119.25 -37.9362
    endloop
  endfacet
  facet normal -1 0 0
    outer loop
      vertex 65.5 119.25 -29.8533
      vertex 65.5 113.5 -23.6467
      vertex 65.5 120.5 -27.6882
    endloop
  endfacet
  facet normal -1 0 0
    outer loop
      vertex 65.5 111 -23.6467
      vertex 65.5 113.5 -23.6467
      vertex 65.5 112.25 -25.8118
    endloop
  endfacet
  facet normal -1 0 0
    outer loop
      vertex 65.5 112.25 -25.8118
      vertex 65.5 113.5 -23.6467
      vertex 65.5 119.25 -29.8533
    endloop
  endfacet
  facet normal 0 1 0
    outer loop
      vertex -53.5 142 -50.5
      vertex -53.5 142 -54.5
      vertex -67.006 142 -50.5
    endloop
  endfacet
  facet normal 0 1 0
    outer loop
      vertex 68.5 142 0
      vertex 67.006 142 -1.49398
      vertex -68.5 142 0
    endloop
  endfacet
  facet normal 0 1 0
    outer loop
      vertex 68.5 142 0
      vertex 67.006 142 -50.5
      vertex 67.006 142 -1.49398
    endloop
  endfacet
  facet normal 0 1 -0
    outer loop
      vertex 68.5 142 -54.5
      vertex 67.006 142 -50.5
      vertex 68.5 142 0
    endloop
  endfacet
  facet normal 0 1 0
    outer loop
      vertex 53.5 142 -54.5
      vertex 67.006 142 -50.5
      vertex 68.5 142 -54.5
    endloop
  endfacet
  facet normal 0 1 0
    outer loop
      vertex 67.006 142 -50.5
      vertex 53.5 142 -54.5
      vertex 53.5 142 -50.5
    endloop
  endfacet
  facet normal 0 1 -0
    outer loop
      vertex -67.006 142 -1.49398
      vertex -68.5 142 0
      vertex 67.006 142 -1.49398
    endloop
  endfacet
  facet normal 0 1 -0
    outer loop
      vertex -67.006 142 -50.5
      vertex -68.5 142 0
      vertex -67.006 142 -1.49398
    endloop
  endfacet
  facet normal 0 1 0
    outer loop
      vertex -67.006 142 -50.5
      vertex -68.5 142 -54.5
      vertex -68.5 142 0
    endloop
  endfacet
  facet normal 0 1 0
    outer loop
      vertex -68.5 142 -54.5
      vertex -67.006 142 -50.5
      vertex -53.5 142 -54.5
    endloop
  endfacet
  facet normal 0 -1 0
    outer loop
      vertex -68.5 0 0
      vertex -50.5 0 -8.25
      vertex 68.5 0 0
    endloop
  endfacet
  facet normal 0 -1 0
    outer loop
      vertex -68.5 0 0
      vertex -51.0881 0 -8.27889
      vertex -50.5 0 -8.25
    endloop
  endfacet
  facet normal 0 -1 0
    outer loop
      vertex -68.5 0 0
      vertex -51.6705 0 -8.36529
      vertex -51.0881 0 -8.27889
    endloop
  endfacet
  facet normal 0 -1 0
    outer loop
      vertex -68.5 0 0
      vertex -52.2417 0 -8.50836
      vertex -51.6705 0 -8.36529
    endloop
  endfacet
  facet normal 0 -1 0
    outer loop
      vertex -68.5 0 0
      vertex -52.7961 0 -8.70672
      vertex -52.2417 0 -8.50836
    endloop
  endfacet
  facet normal 0 -1 0
    outer loop
      vertex -68.5 0 0
      vertex -53.3284 0 -8.95847
      vertex -52.7961 0 -8.70672
    endloop
  endfacet
  facet normal 0 -1 0
    outer loop
      vertex -68.5 0 0
      vertex -53.8334 0 -9.26118
      vertex -53.3284 0 -8.95847
    endloop
  endfacet
  facet normal 0 -1 0
    outer loop
      vertex -68.5 0 0
      vertex -54.3064 0 -9.61194
      vertex -53.8334 0 -9.26118
    endloop
  endfacet
  facet normal 0 -1 0
    outer loop
      vertex -68.5 0 0
      vertex -54.7426 0 -10.0074
      vertex -54.3064 0 -9.61194
    endloop
  endfacet
  facet normal 0 -1 0
    outer loop
      vertex -68.5 0 0
      vertex -55.1381 0 -10.4436
      vertex -54.7426 0 -10.0074
    endloop
  endfacet
  facet normal 0 -1 0
    outer loop
      vertex -68.5 0 0
      vertex -55.4888 0 -10.9166
      vertex -55.1381 0 -10.4436
    endloop
  endfacet
  facet normal 0 -1 0
    outer loop
      vertex -68.5 0 0
      vertex -55.7915 0 -11.4216
      vertex -55.4888 0 -10.9166
    endloop
  endfacet
  facet normal 0 -1 0
    outer loop
      vertex -68.5 0 0
      vertex -56.0433 0 -11.9539
      vertex -55.7915 0 -11.4216
    endloop
  endfacet
  facet normal 0 -1 0
    outer loop
      vertex -68.5 0 0
      vertex -56.2416 0 -12.5083
      vertex -56.0433 0 -11.9539
    endloop
  endfacet
  facet normal 0 -1 0
    outer loop
      vertex -68.5 0 0
      vertex -56.3847 0 -13.0795
      vertex -56.2416 0 -12.5083
    endloop
  endfacet
  facet normal 0 -1 0
    outer loop
      vertex -68.5 0 0
      vertex -56.4711 0 -13.6619
      vertex -56.3847 0 -13.0795
    endloop
  endfacet
  facet normal 0 -1 0
    outer loop
      vertex -68.5 0 0
      vertex -56.5 0 -14.25
      vertex -56.4711 0 -13.6619
    endloop
  endfacet
  facet normal 0 -1 0
    outer loop
      vertex -68.5 0 0
      vertex -56.5 0 -39.25
      vertex -56.5 0 -14.25
    endloop
  endfacet
  facet normal 0 -1 0
    outer loop
      vertex -68.5 0 -54.5
      vertex -56.5 0 -39.25
      vertex -68.5 0 0
    endloop
  endfacet
  facet normal 0 -1 -0
    outer loop
      vertex -56.5 0 -39.25
      vertex -68.5 0 -54.5
      vertex -56.4711 0 -39.8381
    endloop
  endfacet
  facet normal 0 -1 -0
    outer loop
      vertex -56.4711 0 -39.8381
      vertex -68.5 0 -54.5
      vertex -56.3847 0 -40.4205
    endloop
  endfacet
  facet normal 0 -1 -0
    outer loop
      vertex -50.5 0 -45.25
      vertex -68.5 0 -54.5
      vertex 50.5 0 -45.25
    endloop
  endfacet
  facet normal 0 -1 -0
    outer loop
      vertex -51.0881 0 -45.2211
      vertex -68.5 0 -54.5
      vertex -50.5 0 -45.25
    endloop
  endfacet
  facet normal 0 -1 -0
    outer loop
      vertex -51.6705 0 -45.1347
      vertex -68.5 0 -54.5
      vertex -51.0881 0 -45.2211
    endloop
  endfacet
  facet normal 0 -1 -0
    outer loop
      vertex -52.2417 0 -44.9916
      vertex -68.5 0 -54.5
      vertex -51.6705 0 -45.1347
    endloop
  endfacet
  facet normal 0 -1 -0
    outer loop
      vertex -52.7961 0 -44.7933
      vertex -68.5 0 -54.5
      vertex -52.2417 0 -44.9916
    endloop
  endfacet
  facet normal 0 -1 -0
    outer loop
      vertex -53.3284 0 -44.5415
      vertex -68.5 0 -54.5
      vertex -52.7961 0 -44.7933
    endloop
  endfacet
  facet normal 0 -1 -0
    outer loop
      vertex -53.8334 0 -44.2388
      vertex -68.5 0 -54.5
      vertex -53.3284 0 -44.5415
    endloop
  endfacet
  facet normal 0 -1 -0
    outer loop
      vertex -54.3064 0 -43.8881
      vertex -68.5 0 -54.5
      vertex -53.8334 0 -44.2388
    endloop
  endfacet
  facet normal 0 -1 -0
    outer loop
      vertex -54.7426 0 -43.4926
      vertex -68.5 0 -54.5
      vertex -54.3064 0 -43.8881
    endloop
  endfacet
  facet normal 0 -1 -0
    outer loop
      vertex -55.1381 0 -43.0564
      vertex -68.5 0 -54.5
      vertex -54.7426 0 -43.4926
    endloop
  endfacet
  facet normal 0 -1 -0
    outer loop
      vertex -55.4888 0 -42.5834
      vertex -68.5 0 -54.5
      vertex -55.1381 0 -43.0564
    endloop
  endfacet
  facet normal 0 -1 -0
    outer loop
      vertex -55.7915 0 -42.0784
      vertex -68.5 0 -54.5
      vertex -55.4888 0 -42.5834
    endloop
  endfacet
  facet normal 0 -1 -0
    outer loop
      vertex -56.0433 0 -41.5461
      vertex -68.5 0 -54.5
      vertex -55.7915 0 -42.0784
    endloop
  endfacet
  facet normal 0 -1 -0
    outer loop
      vertex -56.2416 0 -40.9917
      vertex -68.5 0 -54.5
      vertex -56.0433 0 -41.5461
    endloop
  endfacet
  facet normal 0 -1 -0
    outer loop
      vertex -56.3847 0 -40.4205
      vertex -68.5 0 -54.5
      vertex -56.2416 0 -40.9917
    endloop
  endfacet
  facet normal 0 -1 0
    outer loop
      vertex 50.5 0 -8.25
      vertex 68.5 0 0
      vertex -50.5 0 -8.25
    endloop
  endfacet
  facet normal 0 -1 0
    outer loop
      vertex 51.0881 0 -8.27889
      vertex 68.5 0 0
      vertex 50.5 0 -8.25
    endloop
  endfacet
  facet normal 0 -1 0
    outer loop
      vertex 51.6705 0 -8.36529
      vertex 68.5 0 0
      vertex 51.0881 0 -8.27889
    endloop
  endfacet
  facet normal 0 -1 0
    outer loop
      vertex 52.2417 0 -8.50836
      vertex 68.5 0 0
      vertex 51.6705 0 -8.36529
    endloop
  endfacet
  facet normal 0 -1 0
    outer loop
      vertex 52.7961 0 -8.70672
      vertex 68.5 0 0
      vertex 52.2417 0 -8.50836
    endloop
  endfacet
  facet normal 0 -1 0
    outer loop
      vertex 53.3284 0 -8.95847
      vertex 68.5 0 0
      vertex 52.7961 0 -8.70672
    endloop
  endfacet
  facet normal 0 -1 0
    outer loop
      vertex 53.8334 0 -9.26118
      vertex 68.5 0 0
      vertex 53.3284 0 -8.95847
    endloop
  endfacet
  facet normal 0 -1 0
    outer loop
      vertex 54.3064 0 -9.61194
      vertex 68.5 0 0
      vertex 53.8334 0 -9.26118
    endloop
  endfacet
  facet normal 0 -1 0
    outer loop
      vertex 54.7426 0 -10.0074
      vertex 68.5 0 0
      vertex 54.3064 0 -9.61194
    endloop
  endfacet
  facet normal 0 -1 0
    outer loop
      vertex 55.1381 0 -10.4436
      vertex 68.5 0 0
      vertex 54.7426 0 -10.0074
    endloop
  endfacet
  facet normal 0 -1 0
    outer loop
      vertex 55.4888 0 -10.9166
      vertex 68.5 0 0
      vertex 55.1381 0 -10.4436
    endloop
  endfacet
  facet normal 0 -1 0
    outer loop
      vertex 55.7915 0 -11.4216
      vertex 68.5 0 0
      vertex 55.4888 0 -10.9166
    endloop
  endfacet
  facet normal 0 -1 0
    outer loop
      vertex 56.0433 0 -11.9539
      vertex 68.5 0 0
      vertex 55.7915 0 -11.4216
    endloop
  endfacet
  facet normal 0 -1 0
    outer loop
      vertex 56.2416 0 -12.5083
      vertex 68.5 0 0
      vertex 56.0433 0 -11.9539
    endloop
  endfacet
  facet normal 0 -1 0
    outer loop
      vertex 56.3847 0 -13.0795
      vertex 68.5 0 0
      vertex 56.2416 0 -12.5083
    endloop
  endfacet
  facet normal 0 -1 0
    outer loop
      vertex 56.4711 0 -13.6619
      vertex 68.5 0 0
      vertex 56.3847 0 -13.0795
    endloop
  endfacet
  facet normal 0 -1 0
    outer loop
      vertex 56.5 0 -14.25
      vertex 68.5 0 0
      vertex 56.4711 0 -13.6619
    endloop
  endfacet
  facet normal 0 -1 0
    outer loop
      vertex 56.5 0 -39.25
      vertex 68.5 0 0
      vertex 56.5 0 -14.25
    endloop
  endfacet
  facet normal 0 -1 0
    outer loop
      vertex 68.5 0 -54.5
      vertex 56.5 0 -39.25
      vertex 56.4711 0 -39.8381
    endloop
  endfacet
  facet normal 0 -1 0
    outer loop
      vertex 68.5 0 -54.5
      vertex 56.4711 0 -39.8381
      vertex 56.3847 0 -40.4205
    endloop
  endfacet
  facet normal 0 -1 0
    outer loop
      vertex 68.5 0 -54.5
      vertex 56.3847 0 -40.4205
      vertex 56.2416 0 -40.9917
    endloop
  endfacet
  facet normal 0 -1 0
    outer loop
      vertex 68.5 0 -54.5
      vertex 50.5 0 -45.25
      vertex -68.5 0 -54.5
    endloop
  endfacet
  facet normal 0 -1 0
    outer loop
      vertex 56.5 0 -39.25
      vertex 68.5 0 -54.5
      vertex 68.5 0 0
    endloop
  endfacet
  facet normal 0 -1 0
    outer loop
      vertex 56.0433 0 -41.5461
      vertex 68.5 0 -54.5
      vertex 56.2416 0 -40.9917
    endloop
  endfacet
  facet normal 0 -1 0
    outer loop
      vertex 55.7915 0 -42.0784
      vertex 68.5 0 -54.5
      vertex 56.0433 0 -41.5461
    endloop
  endfacet
  facet normal 0 -1 0
    outer loop
      vertex 55.4888 0 -42.5834
      vertex 68.5 0 -54.5
      vertex 55.7915 0 -42.0784
    endloop
  endfacet
  facet normal 0 -1 0
    outer loop
      vertex 55.1381 0 -43.0564
      vertex 68.5 0 -54.5
      vertex 55.4888 0 -42.5834
    endloop
  endfacet
  facet normal 0 -1 0
    outer loop
      vertex 54.7426 0 -43.4926
      vertex 68.5 0 -54.5
      vertex 55.1381 0 -43.0564
    endloop
  endfacet
  facet normal 0 -1 0
    outer loop
      vertex 54.3064 0 -43.8881
      vertex 68.5 0 -54.5
      vertex 54.7426 0 -43.4926
    endloop
  endfacet
  facet normal 0 -1 0
    outer loop
      vertex 53.8334 0 -44.2388
      vertex 68.5 0 -54.5
      vertex 54.3064 0 -43.8881
    endloop
  endfacet
  facet normal 0 -1 0
    outer loop
      vertex 53.3284 0 -44.5415
      vertex 68.5 0 -54.5
      vertex 53.8334 0 -44.2388
    endloop
  endfacet
  facet normal 0 -1 0
    outer loop
      vertex 52.7961 0 -44.7933
      vertex 68.5 0 -54.5
      vertex 53.3284 0 -44.5415
    endloop
  endfacet
  facet normal 0 -1 0
    outer loop
      vertex 52.2417 0 -44.9916
      vertex 68.5 0 -54.5
      vertex 52.7961 0 -44.7933
    endloop
  endfacet
  facet normal 0 -1 0
    outer loop
      vertex 51.6705 0 -45.1347
      vertex 68.5 0 -54.5
      vertex 52.2417 0 -44.9916
    endloop
  endfacet
  facet normal 0 -1 0
    outer loop
      vertex 51.0881 0 -45.2211
      vertex 68.5 0 -54.5
      vertex 51.6705 0 -45.1347
    endloop
  endfacet
  facet normal 0 -1 0
    outer loop
      vertex 50.5 0 -45.25
      vertex 68.5 0 -54.5
      vertex 51.0881 0 -45.2211
    endloop
  endfacet
  facet normal -0 0 1
    outer loop
      vertex 53.5 142 -50.5
      vertex 65.5 140.5 -50.5
      vertex 67.006 142 -50.5
    endloop
  endfacet
  facet normal 0 0 1
    outer loop
      vertex 65.5 140.5 -50.5
      vertex 53.5 142 -50.5
      vertex 53.5 140.5 -50.5
    endloop
  endfacet
  facet normal 0 0 1
    outer loop
      vertex -53.5 142 -50.5
      vertex -65.5 140.5 -50.5
      vertex -53.5 140.5 -50.5
    endloop
  endfacet
  facet normal 0 -0 1
    outer loop
      vertex -65.5 140.5 -50.5
      vertex -53.5 142 -50.5
      vertex -67.006 142 -50.5
    endloop
  endfacet
  facet normal -0 0 1
    outer loop
      vertex 53.5 134 -50.5
      vertex 65.5 3.5 -50.5
      vertex 65.5 134 -50.5
    endloop
  endfacet
  facet normal 0 0 1
    outer loop
      vertex 65.5 3.5 -50.5
      vertex 53.5 134 -50.5
      vertex 53.5 3.5 -50.5
    endloop
  endfacet
  facet normal -1 0 0
    outer loop
      vertex 53.5 142 -54.5
      vertex 53.5 140.5 -50.5
      vertex 53.5 142 -50.5
    endloop
  endfacet
  facet normal -1 0 0
    outer loop
      vertex 53.5 140.5 -50.5
      vertex 53.5 138 -49
      vertex 53.5 140.5 -50.0714
    endloop
  endfacet
  facet normal -1 0 0
    outer loop
      vertex 53.5 134 -50.5
      vertex 53.5 140.5 -50.5
      vertex 53.5 142 -54.5
    endloop
  endfacet
  facet normal -1 0 0
    outer loop
      vertex 53.5 140.5 -50.5
      vertex 53.5 134 -50.5
      vertex 53.5 138 -49
    endloop
  endfacet
  facet normal -1 -0 0
    outer loop
      vertex 53.5 138 -49
      vertex 53.5 134 -50.5
      vertex 53.5 136.5 -49
    endloop
  endfacet
  facet normal -1 0 0
    outer loop
      vertex 53.5 3.5 -54.5
      vertex 53.5 134 -50.5
      vertex 53.5 142 -54.5
    endloop
  endfacet
  facet normal -1 -0 0
    outer loop
      vertex 53.5 134 -50.5
      vertex 53.5 3.5 -54.5
      vertex 53.5 3.5 -50.5
    endloop
  endfacet
  facet normal -0 0.39391 0.919149
    outer loop
      vertex 53.5 140.5 -50.0714
      vertex 65.5 138 -49
      vertex 65.5 140.5 -50.0714
    endloop
  endfacet
  facet normal 0 0.39391 0.919149
    outer loop
      vertex 65.5 138 -49
      vertex 53.5 140.5 -50.0714
      vertex 53.5 138 -49
    endloop
  endfacet
  facet normal 0 -0.514496 0.857493
    outer loop
      vertex 53.5 136.5 -49
      vertex 65.5 134 -50.5
      vertex 65.5 136.5 -49
    endloop
  endfacet
  facet normal 0 -0.514496 0.857493
    outer loop
      vertex 65.5 134 -50.5
      vertex 53.5 136.5 -49
      vertex 53.5 134 -50.5
    endloop
  endfacet
  facet normal -0 0 1
    outer loop
      vertex 53.5 138 -49
      vertex 65.5 136.5 -49
      vertex 65.5 138 -49
    endloop
  endfacet
  facet normal 0 0 1
    outer loop
      vertex 65.5 136.5 -49
      vertex 53.5 138 -49
      vertex 53.5 136.5 -49
    endloop
  endfacet
  facet normal -1 0 0
    outer loop
      vertex -82.5 27 -5
      vertex -82.5 33 0
      vertex -82.5 33 -5
    endloop
  endfacet
  facet normal -1 -0 0
    outer loop
      vertex -82.5 33 0
      vertex -82.5 27 -5
      vertex -82.5 27 0
    endloop
  endfacet
  facet normal 0 0 -1
    outer loop
      vertex -74.5 15 -5
      vertex -74.5725 25.3415 -5
      vertex -74.5 25.3596 -5
    endloop
  endfacet
  facet normal 0 0 -1
    outer loop
      vertex -74.5 15 -5
      vertex -74.5733 25.3413 -5
      vertex -74.5725 25.3415 -5
    endloop
  endfacet
  facet normal 0 0 -1
    outer loop
      vertex -74.5 15 -5
      vertex -74.5742 25.3411 -5
      vertex -74.5733 25.3413 -5
    endloop
  endfacet
  facet normal 0 0 -1
    outer loop
      vertex -74.5 15 -5
      vertex -75.0344 25.2729 -5
      vertex -74.5742 25.3411 -5
    endloop
  endfacet
  facet normal 0 0 -1
    outer loop
      vertex -74.5 15 -5
      vertex -75.4991 25.25 -5
      vertex -75.0344 25.2729 -5
    endloop
  endfacet
  facet normal 0 0 -1
    outer loop
      vertex -74.5 15 -5
      vertex -75.5 25.25 -5
      vertex -75.4991 25.25 -5
    endloop
  endfacet
  facet normal 0 0 -1
    outer loop
      vertex -74.5 15 -5
      vertex -75.5009 25.25 -5
      vertex -75.5 25.25 -5
    endloop
  endfacet
  facet normal 0 0 -1
    outer loop
      vertex -74.5 15 -5
      vertex -75.9656 25.2729 -5
      vertex -75.5009 25.25 -5
    endloop
  endfacet
  facet normal 0 0 -1
    outer loop
      vertex -74.5 15 -5
      vertex -76.4258 25.3411 -5
      vertex -75.9656 25.2729 -5
    endloop
  endfacet
  facet normal 0 0 -1
    outer loop
      vertex -74.5 15 -5
      vertex -76.4267 25.3413 -5
      vertex -76.4258 25.3411 -5
    endloop
  endfacet
  facet normal 0 0 -1
    outer loop
      vertex -74.5 15 -5
      vertex -76.4275 25.3415 -5
      vertex -76.4267 25.3413 -5
    endloop
  endfacet
  facet normal 0 0 -1
    outer loop
      vertex -74.5 15 -5
      vertex -76.8789 25.4545 -5
      vertex -76.4275 25.3415 -5
    endloop
  endfacet
  facet normal 0 0 -1
    outer loop
      vertex -74.5 15 -5
      vertex -76.8797 25.4548 -5
      vertex -76.8789 25.4545 -5
    endloop
  endfacet
  facet normal 0 0 -1
    outer loop
      vertex -74.5 15 -5
      vertex -77.3177 25.6116 -5
      vertex -76.8797 25.4548 -5
    endloop
  endfacet
  facet normal 0 0 -1
    outer loop
      vertex -74.5 15 -5
      vertex -77.7383 25.8105 -5
      vertex -77.3177 25.6116 -5
    endloop
  endfacet
  facet normal 0 0 -1
    outer loop
      vertex -74.5 15 -5
      vertex -77.7391 25.8109 -5
      vertex -77.7383 25.8105 -5
    endloop
  endfacet
  facet normal 0 0 -1
    outer loop
      vertex -82.5 27 -5
      vertex -77.7391 25.8109 -5
      vertex -74.5 15 -5
    endloop
  endfacet
  facet normal 0 0 -1
    outer loop
      vertex -77.7391 25.8109 -5
      vertex -82.5 27 -5
      vertex -78.1382 26.0501 -5
    endloop
  endfacet
  facet normal 0 0 -1
    outer loop
      vertex -78.1382 26.0501 -5
      vertex -82.5 27 -5
      vertex -78.139 26.0505 -5
    endloop
  endfacet
  facet normal 0 0 -1
    outer loop
      vertex -78.139 26.0505 -5
      vertex -82.5 27 -5
      vertex -78.1397 26.051 -5
    endloop
  endfacet
  facet normal 0 0 -1
    outer loop
      vertex -78.1397 26.051 -5
      vertex -82.5 27 -5
      vertex -78.5134 26.3282 -5
    endloop
  endfacet
  facet normal 0 0 -1
    outer loop
      vertex -78.5134 26.3282 -5
      vertex -82.5 27 -5
      vertex -78.514 26.3288 -5
    endloop
  endfacet
  facet normal 0 0 -1
    outer loop
      vertex -78.514 26.3288 -5
      vertex -82.5 27 -5
      vertex -78.8588 26.6412 -5
    endloop
  endfacet
  facet normal 0 0 -1
    outer loop
      vertex -78.8588 26.6412 -5
      vertex -82.5 27 -5
      vertex -79.1712 26.986 -5
    endloop
  endfacet
  facet normal 0 0 -1
    outer loop
      vertex -79.1712 26.986 -5
      vertex -82.5 27 -5
      vertex -79.1718 26.9866 -5
    endloop
  endfacet
  facet normal 0 0 -1
    outer loop
      vertex -79.1718 26.9866 -5
      vertex -82.5 27 -5
      vertex -79.449 27.3603 -5
    endloop
  endfacet
  facet normal -0 0 -1
    outer loop
      vertex -79.449 27.3603 -5
      vertex -82.5 27 -5
      vertex -79.4495 27.361 -5
    endloop
  endfacet
  facet normal -0 0 -1
    outer loop
      vertex -79.4495 27.361 -5
      vertex -82.5 27 -5
      vertex -79.4499 27.3618 -5
    endloop
  endfacet
  facet normal -0 0 -1
    outer loop
      vertex -79.4499 27.3618 -5
      vertex -82.5 27 -5
      vertex -79.6891 27.7609 -5
    endloop
  endfacet
  facet normal -0 0 -1
    outer loop
      vertex -79.6891 27.7609 -5
      vertex -82.5 27 -5
      vertex -79.6895 27.7617 -5
    endloop
  endfacet
  facet normal -0 0 -1
    outer loop
      vertex -80.2272 29.5353 -5
      vertex -82.5 27 -5
      vertex -80.25 30 -5
    endloop
  endfacet
  facet normal -0 0 -1
    outer loop
      vertex -80.2271 29.5344 -5
      vertex -82.5 27 -5
      vertex -80.2272 29.5353 -5
    endloop
  endfacet
  facet normal -0 0 -1
    outer loop
      vertex -80.1589 29.0742 -5
      vertex -82.5 27 -5
      vertex -80.2271 29.5344 -5
    endloop
  endfacet
  facet normal -0 0 -1
    outer loop
      vertex -80.1587 29.0733 -5
      vertex -82.5 27 -5
      vertex -80.1589 29.0742 -5
    endloop
  endfacet
  facet normal -0 0 -1
    outer loop
      vertex -80.1585 29.0725 -5
      vertex -82.5 27 -5
      vertex -80.1587 29.0733 -5
    endloop
  endfacet
  facet normal -0 0 -1
    outer loop
      vertex -80.0455 28.6211 -5
      vertex -82.5 27 -5
      vertex -80.1585 29.0725 -5
    endloop
  endfacet
  facet normal -0 0 -1
    outer loop
      vertex -80.0452 28.6203 -5
      vertex -82.5 27 -5
      vertex -80.0455 28.6211 -5
    endloop
  endfacet
  facet normal -0 0 -1
    outer loop
      vertex -79.8884 28.1823 -5
      vertex -82.5 27 -5
      vertex -80.0452 28.6203 -5
    endloop
  endfacet
  facet normal -0 0 -1
    outer loop
      vertex -79.6895 27.7617 -5
      vertex -82.5 27 -5
      vertex -79.8884 28.1823 -5
    endloop
  endfacet
  facet normal 0 0 -1
    outer loop
      vertex -74.5725 34.6585 -5
      vertex -74.5 45 -5
      vertex -74.5 34.6404 -5
    endloop
  endfacet
  facet normal 0 0 -1
    outer loop
      vertex -74.5733 34.6587 -5
      vertex -74.5 45 -5
      vertex -74.5725 34.6585 -5
    endloop
  endfacet
  facet normal 0 0 -1
    outer loop
      vertex -74.5742 34.6589 -5
      vertex -74.5 45 -5
      vertex -74.5733 34.6587 -5
    endloop
  endfacet
  facet normal 0 0 -1
    outer loop
      vertex -75.0344 34.7271 -5
      vertex -74.5 45 -5
      vertex -74.5742 34.6589 -5
    endloop
  endfacet
  facet normal 0 0 -1
    outer loop
      vertex -75.0353 34.7272 -5
      vertex -74.5 45 -5
      vertex -75.0344 34.7271 -5
    endloop
  endfacet
  facet normal 0 0 -1
    outer loop
      vertex -75.5 34.75 -5
      vertex -74.5 45 -5
      vertex -75.0353 34.7272 -5
    endloop
  endfacet
  facet normal 0 0 -1
    outer loop
      vertex -75.9647 34.7272 -5
      vertex -74.5 45 -5
      vertex -75.5 34.75 -5
    endloop
  endfacet
  facet normal 0 0 -1
    outer loop
      vertex -75.9656 34.7271 -5
      vertex -74.5 45 -5
      vertex -75.9647 34.7272 -5
    endloop
  endfacet
  facet normal 0 0 -1
    outer loop
      vertex -76.4258 34.6589 -5
      vertex -74.5 45 -5
      vertex -75.9656 34.7271 -5
    endloop
  endfacet
  facet normal 0 0 -1
    outer loop
      vertex -76.4267 34.6587 -5
      vertex -74.5 45 -5
      vertex -76.4258 34.6589 -5
    endloop
  endfacet
  facet normal 0 0 -1
    outer loop
      vertex -76.4275 34.6585 -5
      vertex -74.5 45 -5
      vertex -76.4267 34.6587 -5
    endloop
  endfacet
  facet normal 0 0 -1
    outer loop
      vertex -76.8789 34.5455 -5
      vertex -74.5 45 -5
      vertex -76.4275 34.6585 -5
    endloop
  endfacet
  facet normal 0 0 -1
    outer loop
      vertex -76.8797 34.5452 -5
      vertex -74.5 45 -5
      vertex -76.8789 34.5455 -5
    endloop
  endfacet
  facet normal 0 0 -1
    outer loop
      vertex -77.3177 34.3884 -5
      vertex -74.5 45 -5
      vertex -76.8797 34.5452 -5
    endloop
  endfacet
  facet normal 0 0 -1
    outer loop
      vertex -77.7383 34.1895 -5
      vertex -74.5 45 -5
      vertex -77.3177 34.3884 -5
    endloop
  endfacet
  facet normal 0 0 -1
    outer loop
      vertex -77.7391 34.1891 -5
      vertex -74.5 45 -5
      vertex -77.7383 34.1895 -5
    endloop
  endfacet
  facet normal 0 0 -1
    outer loop
      vertex -82.5 33 -5
      vertex -77.7391 34.1891 -5
      vertex -78.1382 33.9499 -5
    endloop
  endfacet
  facet normal 0 0 -1
    outer loop
      vertex -82.5 33 -5
      vertex -78.1382 33.9499 -5
      vertex -78.139 33.9495 -5
    endloop
  endfacet
  facet normal 0 0 -1
    outer loop
      vertex -82.5 33 -5
      vertex -78.139 33.9495 -5
      vertex -78.1397 33.949 -5
    endloop
  endfacet
  facet normal 0 0 -1
    outer loop
      vertex -82.5 33 -5
      vertex -78.1397 33.949 -5
      vertex -78.5134 33.6718 -5
    endloop
  endfacet
  facet normal 0 0 -1
    outer loop
      vertex -82.5 33 -5
      vertex -78.5134 33.6718 -5
      vertex -78.514 33.6712 -5
    endloop
  endfacet
  facet normal 0 0 -1
    outer loop
      vertex -82.5 33 -5
      vertex -78.514 33.6712 -5
      vertex -78.8588 33.3588 -5
    endloop
  endfacet
  facet normal 0 0 -1
    outer loop
      vertex -82.5 33 -5
      vertex -78.8588 33.3588 -5
      vertex -79.1712 33.014 -5
    endloop
  endfacet
  facet normal 0 0 -1
    outer loop
      vertex -82.5 33 -5
      vertex -79.1712 33.014 -5
      vertex -79.1718 33.0134 -5
    endloop
  endfacet
  facet normal 0 0 -1
    outer loop
      vertex -82.5 33 -5
      vertex -79.1718 33.0134 -5
      vertex -79.449 32.6397 -5
    endloop
  endfacet
  facet normal 0 0 -1
    outer loop
      vertex -82.5 33 -5
      vertex -79.449 32.6397 -5
      vertex -79.4495 32.639 -5
    endloop
  endfacet
  facet normal 0 0 -1
    outer loop
      vertex -82.5 33 -5
      vertex -79.4495 32.639 -5
      vertex -79.4499 32.6382 -5
    endloop
  endfacet
  facet normal 0 0 -1
    outer loop
      vertex -82.5 33 -5
      vertex -79.4499 32.6382 -5
      vertex -79.6891 32.2391 -5
    endloop
  endfacet
  facet normal 0 0 -1
    outer loop
      vertex -82.5 33 -5
      vertex -79.6891 32.2391 -5
      vertex -79.6895 32.2383 -5
    endloop
  endfacet
  facet normal 0 0 -1
    outer loop
      vertex -82.5 33 -5
      vertex -79.6895 32.2383 -5
      vertex -79.8884 31.8177 -5
    endloop
  endfacet
  facet normal 0 0 -1
    outer loop
      vertex -82.5 33 -5
      vertex -80.1585 30.9275 -5
      vertex -80.1587 30.9267 -5
    endloop
  endfacet
  facet normal 0 0 -1
    outer loop
      vertex -82.5 33 -5
      vertex -80.25 30 -5
      vertex -82.5 27 -5
    endloop
  endfacet
  facet normal 0 0 -1
    outer loop
      vertex -80.25 30 -5
      vertex -82.5 33 -5
      vertex -80.2272 30.4647 -5
    endloop
  endfacet
  facet normal 0 0 -1
    outer loop
      vertex -80.2272 30.4647 -5
      vertex -82.5 33 -5
      vertex -80.2271 30.4656 -5
    endloop
  endfacet
  facet normal 0 0 -1
    outer loop
      vertex -80.2271 30.4656 -5
      vertex -82.5 33 -5
      vertex -80.1589 30.9258 -5
    endloop
  endfacet
  facet normal 0 0 -1
    outer loop
      vertex -80.1589 30.9258 -5
      vertex -82.5 33 -5
      vertex -80.1587 30.9267 -5
    endloop
  endfacet
  facet normal 0 0 -1
    outer loop
      vertex -80.1585 30.9275 -5
      vertex -82.5 33 -5
      vertex -80.0455 31.3789 -5
    endloop
  endfacet
  facet normal 0 0 -1
    outer loop
      vertex -80.0455 31.3789 -5
      vertex -82.5 33 -5
      vertex -80.0452 31.3797 -5
    endloop
  endfacet
  facet normal 0 0 -1
    outer loop
      vertex -80.0452 31.3797 -5
      vertex -82.5 33 -5
      vertex -79.8884 31.8177 -5
    endloop
  endfacet
  facet normal -0 0 -1
    outer loop
      vertex -77.7391 34.1891 -5
      vertex -82.5 33 -5
      vertex -74.5 45 -5
    endloop
  endfacet
  facet normal -1 0 0
    outer loop
      vertex -68.5 22.75 -29.8533
      vertex -68.5 28.5 -23.6467
      vertex -68.5 29.75 -25.8118
    endloop
  endfacet
  facet normal -1 0 0
    outer loop
      vertex -68.5 28.5 -23.6467
      vertex -68.5 22.75 -29.8533
      vertex -68.5 21.5 -27.6882
    endloop
  endfacet
  facet normal -1 0 0
    outer loop
      vertex -68.5 39.25 -29.8533
      vertex -68.5 45 -23.6467
      vertex -68.5 46.25 -25.8118
    endloop
  endfacet
  facet normal -1 0 0
    outer loop
      vertex -68.5 45 -23.6467
      vertex -68.5 39.25 -29.8533
      vertex -68.5 38 -27.6882
    endloop
  endfacet
  facet normal -1 0 0
    outer loop
      vertex -68.5 39.25 -29.8533
      vertex -68.5 36.75 -29.8533
      vertex -68.5 38 -27.6882
    endloop
  endfacet
  facet normal -1 0 0
    outer loop
      vertex -68.5 36.75 -29.8533
      vertex -68.5 31 -23.6467
      vertex -68.5 38 -27.6882
    endloop
  endfacet
  facet normal -1 0 0
    outer loop
      vertex -68.5 28.5 -23.6467
      vertex -68.5 31 -23.6467
      vertex -68.5 29.75 -25.8118
    endloop
  endfacet
  facet normal -1 0 0
    outer loop
      vertex -68.5 29.75 -25.8118
      vertex -68.5 31 -23.6467
      vertex -68.5 36.75 -29.8533
    endloop
  endfacet
  facet normal -1 0 0
    outer loop
      vertex -68.5 47.5 -15.5638
      vertex -68.5 54 -9
      vertex -68.5 54.5 -11.5224
    endloop
  endfacet
  facet normal -1 0 0
    outer loop
      vertex -68.5 47.5 -23.6467
      vertex -68.5 45 -23.6467
      vertex -68.5 47.5 -15.5638
    endloop
  endfacet
  facet normal -1 0 0
    outer loop
      vertex -68.5 45 -15.5638
      vertex -68.5 47.5 -15.5638
      vertex -68.5 45 -23.6467
    endloop
  endfacet
  facet normal -1 0 0
    outer loop
      vertex -68.5 45 -15.5638
      vertex -68.5 54 -9
      vertex -68.5 47.5 -15.5638
    endloop
  endfacet
  facet normal -1 0 0
    outer loop
      vertex -68.5 38 -11.5224
      vertex -68.5 54 -9
      vertex -68.5 45 -15.5638
    endloop
  endfacet
  facet normal -1 0 0
    outer loop
      vertex -68.5 31 -23.6467
      vertex -68.5 28.5 -23.6467
      vertex -68.5 31 -15.5638
    endloop
  endfacet
  facet normal -1 0 0
    outer loop
      vertex -68.5 28.5 -15.5638
      vertex -68.5 31 -15.5638
      vertex -68.5 28.5 -23.6467
    endloop
  endfacet
  facet normal -1 0 0
    outer loop
      vertex -68.5 28.5 -15.5638
      vertex -68.5 38 -11.5224
      vertex -68.5 31 -15.5638
    endloop
  endfacet
  facet normal -1 0 0
    outer loop
      vertex -68.5 21.5 -11.5224
      vertex -68.5 38 -11.5224
      vertex -68.5 28.5 -15.5638
    endloop
  endfacet
  facet normal -1 0 0
    outer loop
      vertex -68.5 21.5 -11.5224
      vertex -68.5 54 -9
      vertex -68.5 38 -11.5224
    endloop
  endfacet
  facet normal -1 0 0
    outer loop
      vertex -68.5 21.5 -11.5224
      vertex -68.5 6 -9
      vertex -68.5 54 -9
    endloop
  endfacet
  facet normal -1 0 0
    outer loop
      vertex -68.5 6 -9
      vertex -68.5 21.5 -11.5224
      vertex -68.5 14.5 -15.5638
    endloop
  endfacet
  facet normal -1 0 0
    outer loop
      vertex -68.5 55.75 -29.8533
      vertex -68.5 61.5 -23.6467
      vertex -68.5 62.75 -25.8118
    endloop
  endfacet
  facet normal -1 0 0
    outer loop
      vertex -68.5 61.5 -23.6467
      vertex -68.5 55.75 -29.8533
      vertex -68.5 54.5 -27.6882
    endloop
  endfacet
  facet normal -1 0 0
    outer loop
      vertex -68.5 55.75 -29.8533
      vertex -68.5 53.25 -29.8533
      vertex -68.5 54.5 -27.6882
    endloop
  endfacet
  facet normal -1 0 0
    outer loop
      vertex -68.5 53.25 -29.8533
      vertex -68.5 47.5 -23.6467
      vertex -68.5 54.5 -27.6882
    endloop
  endfacet
  facet normal -1 0 0
    outer loop
      vertex -68.5 45 -23.6467
      vertex -68.5 47.5 -23.6467
      vertex -68.5 46.25 -25.8118
    endloop
  endfacet
  facet normal -1 0 0
    outer loop
      vertex -68.5 46.25 -25.8118
      vertex -68.5 47.5 -23.6467
      vertex -68.5 53.25 -29.8533
    endloop
  endfacet
  facet normal -1 0 0
    outer loop
      vertex -68.5 72.25 -29.8533
      vertex -68.5 78 -23.6467
      vertex -68.5 79.25 -25.8118
    endloop
  endfacet
  facet normal -1 0 0
    outer loop
      vertex -68.5 78 -23.6467
      vertex -68.5 72.25 -29.8533
      vertex -68.5 71 -27.6882
    endloop
  endfacet
  facet normal -1 0 0
    outer loop
      vertex -68.5 72.25 -29.8533
      vertex -68.5 69.75 -29.8533
      vertex -68.5 71 -27.6882
    endloop
  endfacet
  facet normal -1 0 0
    outer loop
      vertex -68.5 69.75 -29.8533
      vertex -68.5 64 -23.6467
      vertex -68.5 71 -27.6882
    endloop
  endfacet
  facet normal -1 0 0
    outer loop
      vertex -68.5 61.5 -23.6467
      vertex -68.5 64 -23.6467
      vertex -68.5 62.75 -25.8118
    endloop
  endfacet
  facet normal -1 0 0
    outer loop
      vertex -68.5 62.75 -25.8118
      vertex -68.5 64 -23.6467
      vertex -68.5 69.75 -29.8533
    endloop
  endfacet
  facet normal -1 0 0
    outer loop
      vertex -68.5 88.75 -29.8533
      vertex -68.5 94.5 -23.6467
      vertex -68.5 95.75 -25.8118
    endloop
  endfacet
  facet normal -1 0 0
    outer loop
      vertex -68.5 94.5 -23.6467
      vertex -68.5 88.75 -29.8533
      vertex -68.5 87.5 -27.6882
    endloop
  endfacet
  facet normal -1 0 0
    outer loop
      vertex -68.5 88.75 -29.8533
      vertex -68.5 86.25 -29.8533
      vertex -68.5 87.5 -27.6882
    endloop
  endfacet
  facet normal -1 0 0
    outer loop
      vertex -68.5 86.25 -29.8533
      vertex -68.5 80.5 -23.6467
      vertex -68.5 87.5 -27.6882
    endloop
  endfacet
  facet normal -1 0 0
    outer loop
      vertex -68.5 78 -23.6467
      vertex -68.5 80.5 -23.6467
      vertex -68.5 79.25 -25.8118
    endloop
  endfacet
  facet normal -1 0 0
    outer loop
      vertex -68.5 79.25 -25.8118
      vertex -68.5 80.5 -23.6467
      vertex -68.5 86.25 -29.8533
    endloop
  endfacet
  facet normal -1 0 0
    outer loop
      vertex -68.5 105.25 -29.8533
      vertex -68.5 111 -23.6467
      vertex -68.5 112.25 -25.8118
    endloop
  endfacet
  facet normal -1 0 0
    outer loop
      vertex -68.5 111 -23.6467
      vertex -68.5 105.25 -29.8533
      vertex -68.5 104 -27.6882
    endloop
  endfacet
  facet normal -1 0 0
    outer loop
      vertex -68.5 105.25 -29.8533
      vertex -68.5 102.75 -29.8533
      vertex -68.5 104 -27.6882
    endloop
  endfacet
  facet normal -1 0 0
    outer loop
      vertex -68.5 102.75 -29.8533
      vertex -68.5 97 -23.6467
      vertex -68.5 104 -27.6882
    endloop
  endfacet
  facet normal -1 0 0
    outer loop
      vertex -68.5 94.5 -23.6467
      vertex -68.5 97 -23.6467
      vertex -68.5 95.75 -25.8118
    endloop
  endfacet
  facet normal -1 0 0
    outer loop
      vertex -68.5 95.75 -25.8118
      vertex -68.5 97 -23.6467
      vertex -68.5 102.75 -29.8533
    endloop
  endfacet
  facet normal -1 0 0
    outer loop
      vertex -68.5 142 -54.5
      vertex -68.5 136 -9
      vertex -68.5 142 0
    endloop
  endfacet
  facet normal -1 0 0
    outer loop
      vertex -68.5 142 -54.5
      vertex -68.5 127.5 -23.6467
      vertex -68.5 136 -9
    endloop
  endfacet
  facet normal -1 0 0
    outer loop
      vertex -68.5 119.25 -37.9362
      vertex -68.5 127.5 -23.6467
      vertex -68.5 142 -54.5
    endloop
  endfacet
  facet normal -1 0 0
    outer loop
      vertex -68.5 127.5 -23.6467
      vertex -68.5 119.25 -37.9362
      vertex -68.5 120.5 -27.6882
    endloop
  endfacet
  facet normal -1 0 0
    outer loop
      vertex -68.5 142 -54.5
      vertex -68.5 112.25 -41.9776
      vertex -68.5 119.25 -37.9362
    endloop
  endfacet
  facet normal -1 0 0
    outer loop
      vertex -68.5 102.75 -37.9362
      vertex -68.5 105.25 -29.8533
      vertex -68.5 105.25 -37.9362
    endloop
  endfacet
  facet normal -1 0 0
    outer loop
      vertex -68.5 102.75 -29.8533
      vertex -68.5 105.25 -29.8533
      vertex -68.5 102.75 -37.9362
    endloop
  endfacet
  facet normal -1 0 0
    outer loop
      vertex -68.5 112.25 -41.9776
      vertex -68.5 102.75 -37.9362
      vertex -68.5 105.25 -37.9362
    endloop
  endfacet
  facet normal -1 0 0
    outer loop
      vertex -68.5 112.25 -41.9776
      vertex -68.5 95.75 -41.9776
      vertex -68.5 102.75 -37.9362
    endloop
  endfacet
  facet normal -1 0 0
    outer loop
      vertex -68.5 142 -54.5
      vertex -68.5 95.75 -41.9776
      vertex -68.5 112.25 -41.9776
    endloop
  endfacet
  facet normal -1 0 0
    outer loop
      vertex -68.5 86.25 -37.9362
      vertex -68.5 88.75 -29.8533
      vertex -68.5 88.75 -37.9362
    endloop
  endfacet
  facet normal -1 0 0
    outer loop
      vertex -68.5 86.25 -29.8533
      vertex -68.5 88.75 -29.8533
      vertex -68.5 86.25 -37.9362
    endloop
  endfacet
  facet normal -1 0 0
    outer loop
      vertex -68.5 95.75 -41.9776
      vertex -68.5 86.25 -37.9362
      vertex -68.5 88.75 -37.9362
    endloop
  endfacet
  facet normal -1 0 0
    outer loop
      vertex -68.5 95.75 -41.9776
      vertex -68.5 79.25 -41.9776
      vertex -68.5 86.25 -37.9362
    endloop
  endfacet
  facet normal -1 0 0
    outer loop
      vertex -68.5 142 -54.5
      vertex -68.5 79.25 -41.9776
      vertex -68.5 95.75 -41.9776
    endloop
  endfacet
  facet normal -1 0 0
    outer loop
      vertex -68.5 69.75 -37.9362
      vertex -68.5 72.25 -29.8533
      vertex -68.5 72.25 -37.9362
    endloop
  endfacet
  facet normal -1 0 0
    outer loop
      vertex -68.5 69.75 -29.8533
      vertex -68.5 72.25 -29.8533
      vertex -68.5 69.75 -37.9362
    endloop
  endfacet
  facet normal -1 0 0
    outer loop
      vertex -68.5 79.25 -41.9776
      vertex -68.5 69.75 -37.9362
      vertex -68.5 72.25 -37.9362
    endloop
  endfacet
  facet normal -1 0 0
    outer loop
      vertex -68.5 79.25 -41.9776
      vertex -68.5 62.75 -41.9776
      vertex -68.5 69.75 -37.9362
    endloop
  endfacet
  facet normal -1 0 0
    outer loop
      vertex -68.5 142 -54.5
      vertex -68.5 62.75 -41.9776
      vertex -68.5 79.25 -41.9776
    endloop
  endfacet
  facet normal -1 0 0
    outer loop
      vertex -68.5 53.25 -37.9362
      vertex -68.5 55.75 -29.8533
      vertex -68.5 55.75 -37.9362
    endloop
  endfacet
  facet normal -1 0 0
    outer loop
      vertex -68.5 53.25 -29.8533
      vertex -68.5 55.75 -29.8533
      vertex -68.5 53.25 -37.9362
    endloop
  endfacet
  facet normal -1 0 0
    outer loop
      vertex -68.5 62.75 -41.9776
      vertex -68.5 53.25 -37.9362
      vertex -68.5 55.75 -37.9362
    endloop
  endfacet
  facet normal -1 0 0
    outer loop
      vertex -68.5 62.75 -41.9776
      vertex -68.5 46.25 -41.9776
      vertex -68.5 53.25 -37.9362
    endloop
  endfacet
  facet normal -1 0 0
    outer loop
      vertex -68.5 0 -54.5
      vertex -68.5 62.75 -41.9776
      vertex -68.5 142 -54.5
    endloop
  endfacet
  facet normal -1 0 0
    outer loop
      vertex -68.5 36.75 -37.9362
      vertex -68.5 39.25 -29.8533
      vertex -68.5 39.25 -37.9362
    endloop
  endfacet
  facet normal -1 0 0
    outer loop
      vertex -68.5 36.75 -29.8533
      vertex -68.5 39.25 -29.8533
      vertex -68.5 36.75 -37.9362
    endloop
  endfacet
  facet normal -1 0 0
    outer loop
      vertex -68.5 46.25 -41.9776
      vertex -68.5 36.75 -37.9362
      vertex -68.5 39.25 -37.9362
    endloop
  endfacet
  facet normal -1 0 0
    outer loop
      vertex -68.5 46.25 -41.9776
      vertex -68.5 29.75 -41.9776
      vertex -68.5 36.75 -37.9362
    endloop
  endfacet
  facet normal -1 -0 0
    outer loop
      vertex -68.5 62.75 -41.9776
      vertex -68.5 0 -54.5
      vertex -68.5 46.25 -41.9776
    endloop
  endfacet
  facet normal -1 0 0
    outer loop
      vertex -68.5 22.75 -37.9362
      vertex -68.5 21.5 -27.6882
      vertex -68.5 22.75 -29.8533
    endloop
  endfacet
  facet normal -1 0 0
    outer loop
      vertex -68.5 22.75 -37.9362
      vertex -68.5 14.5 -23.6467
      vertex -68.5 21.5 -27.6882
    endloop
  endfacet
  facet normal -1 0 0
    outer loop
      vertex -68.5 14.5 -23.6467
      vertex -68.5 6 -9
      vertex -68.5 14.5 -15.5638
    endloop
  endfacet
  facet normal -1 0 0
    outer loop
      vertex -68.5 0 -54.5
      vertex -68.5 14.5 -23.6467
      vertex -68.5 22.75 -37.9362
    endloop
  endfacet
  facet normal -1 -0 0
    outer loop
      vertex -68.5 46.25 -41.9776
      vertex -68.5 0 -54.5
      vertex -68.5 29.75 -41.9776
    endloop
  endfacet
  facet normal -1 0 0
    outer loop
      vertex -68.5 0 -54.5
      vertex -68.5 22.75 -37.9362
      vertex -68.5 29.75 -41.9776
    endloop
  endfacet
  facet normal -1 -0 0
    outer loop
      vertex -68.5 14.5 -23.6467
      vertex -68.5 0 -54.5
      vertex -68.5 6 -9
    endloop
  endfacet
  facet normal -1 0 0
    outer loop
      vertex -68.5 0 0
      vertex -68.5 6 -9
      vertex -68.5 0 -54.5
    endloop
  endfacet
  facet normal -1 0 0
    outer loop
      vertex -68.5 6 -9
      vertex -68.5 0 0
      vertex -68.5 6 0
    endloop
  endfacet
  facet normal -1 -0 0
    outer loop
      vertex -68.5 142 0
      vertex -68.5 136 -9
      vertex -68.5 136 0
    endloop
  endfacet
  facet normal -1 0 0
    outer loop
      vertex -68.5 127.5 -15.5638
      vertex -68.5 136 -9
      vertex -68.5 127.5 -23.6467
    endloop
  endfacet
  facet normal -1 0 0
    outer loop
      vertex -68.5 120.5 -11.5224
      vertex -68.5 136 -9
      vertex -68.5 127.5 -15.5638
    endloop
  endfacet
  facet normal -1 0 0
    outer loop
      vertex -68.5 113.5 -23.6467
      vertex -68.5 111 -23.6467
      vertex -68.5 113.5 -15.5638
    endloop
  endfacet
  facet normal -1 0 0
    outer loop
      vertex -68.5 111 -15.5638
      vertex -68.5 113.5 -15.5638
      vertex -68.5 111 -23.6467
    endloop
  endfacet
  facet normal -1 0 0
    outer loop
      vertex -68.5 111 -15.5638
      vertex -68.5 120.5 -11.5224
      vertex -68.5 113.5 -15.5638
    endloop
  endfacet
  facet normal -1 0 0
    outer loop
      vertex -68.5 104 -11.5224
      vertex -68.5 120.5 -11.5224
      vertex -68.5 111 -15.5638
    endloop
  endfacet
  facet normal -1 0 0
    outer loop
      vertex -68.5 104 -11.5224
      vertex -68.5 136 -9
      vertex -68.5 120.5 -11.5224
    endloop
  endfacet
  facet normal -1 0 0
    outer loop
      vertex -68.5 97 -23.6467
      vertex -68.5 94.5 -23.6467
      vertex -68.5 97 -15.5638
    endloop
  endfacet
  facet normal -1 0 0
    outer loop
      vertex -68.5 94.5 -15.5638
      vertex -68.5 97 -15.5638
      vertex -68.5 94.5 -23.6467
    endloop
  endfacet
  facet normal -1 0 0
    outer loop
      vertex -68.5 88 -9
      vertex -68.5 97 -15.5638
      vertex -68.5 94.5 -15.5638
    endloop
  endfacet
  facet normal -1 0 0
    outer loop
      vertex -68.5 104 -11.5224
      vertex -68.5 88 -9
      vertex -68.5 136 -9
    endloop
  endfacet
  facet normal -1 0 0
    outer loop
      vertex -68.5 97 -15.5638
      vertex -68.5 88 -9
      vertex -68.5 104 -11.5224
    endloop
  endfacet
  facet normal -1 0 0
    outer loop
      vertex -68.5 87.5 -11.5224
      vertex -68.5 88 -9
      vertex -68.5 94.5 -15.5638
    endloop
  endfacet
  facet normal -1 0 0
    outer loop
      vertex -68.5 80.5 -15.5638
      vertex -68.5 88 -9
      vertex -68.5 87.5 -11.5224
    endloop
  endfacet
  facet normal -1 0 0
    outer loop
      vertex -68.5 78 -15.5638
      vertex -68.5 88 -9
      vertex -68.5 80.5 -15.5638
    endloop
  endfacet
  facet normal -1 0 0
    outer loop
      vertex -68.5 80.5 -23.6467
      vertex -68.5 78 -23.6467
      vertex -68.5 80.5 -15.5638
    endloop
  endfacet
  facet normal -1 0 0
    outer loop
      vertex -68.5 78 -15.5638
      vertex -68.5 80.5 -15.5638
      vertex -68.5 78 -23.6467
    endloop
  endfacet
  facet normal -1 0 0
    outer loop
      vertex -68.5 71 -11.5224
      vertex -68.5 88 -9
      vertex -68.5 78 -15.5638
    endloop
  endfacet
  facet normal -1 -0 0
    outer loop
      vertex -68.5 88 -9
      vertex -68.5 71 -11.5224
      vertex -68.5 88 0
    endloop
  endfacet
  facet normal -1 0 0
    outer loop
      vertex -68.5 54 -9
      vertex -68.5 71 -11.5224
      vertex -68.5 64 -15.5638
    endloop
  endfacet
  facet normal -1 0 0
    outer loop
      vertex -68.5 64 -23.6467
      vertex -68.5 61.5 -23.6467
      vertex -68.5 64 -15.5638
    endloop
  endfacet
  facet normal -1 0 0
    outer loop
      vertex -68.5 61.5 -15.5638
      vertex -68.5 64 -15.5638
      vertex -68.5 61.5 -23.6467
    endloop
  endfacet
  facet normal -1 0 0
    outer loop
      vertex -68.5 54 -9
      vertex -68.5 64 -15.5638
      vertex -68.5 61.5 -15.5638
    endloop
  endfacet
  facet normal -1 0 0
    outer loop
      vertex -68.5 54 -9
      vertex -68.5 61.5 -15.5638
      vertex -68.5 54.5 -11.5224
    endloop
  endfacet
  facet normal -1 0 0
    outer loop
      vertex -68.5 71 -11.5224
      vertex -68.5 54 -9
      vertex -68.5 54 0
    endloop
  endfacet
  facet normal -1 0 0
    outer loop
      vertex -68.5 71 -11.5224
      vertex -68.5 54 0
      vertex -68.5 88 0
    endloop
  endfacet
  facet normal -1 0 0
    outer loop
      vertex -68.5 119.25 -29.8533
      vertex -68.5 120.5 -27.6882
      vertex -68.5 119.25 -37.9362
    endloop
  endfacet
  facet normal -1 0 0
    outer loop
      vertex -68.5 119.25 -29.8533
      vertex -68.5 113.5 -23.6467
      vertex -68.5 120.5 -27.6882
    endloop
  endfacet
  facet normal -1 0 0
    outer loop
      vertex -68.5 111 -23.6467
      vertex -68.5 113.5 -23.6467
      vertex -68.5 112.25 -25.8118
    endloop
  endfacet
  facet normal -1 0 0
    outer loop
      vertex -68.5 112.25 -25.8118
      vertex -68.5 113.5 -23.6467
      vertex -68.5 119.25 -29.8533
    endloop
  endfacet
  facet normal -0.554701 0 -0.83205
    outer loop
      vertex -68.5 6 -9
      vertex -73.25 30 -5.83333
      vertex -68.5 54 -9
    endloop
  endfacet
  facet normal -0.554912 -6.04645e-05 -0.831909
    outer loop
      vertex -68.5 6 -9
      vertex -73.2608 29.7795 -5.82611
      vertex -73.25 30 -5.83333
    endloop
  endfacet
  facet normal -0.554702 3.47397e-07 -0.832049
    outer loop
      vertex -68.5 6 -9
      vertex -73.2932 29.561 -5.80451
      vertex -73.2608 29.7795 -5.82611
    endloop
  endfacet
  facet normal -0.554524 5.26763e-05 -0.832168
    outer loop
      vertex -68.5 6 -9
      vertex -73.3469 29.3469 -5.76874
      vertex -73.2932 29.561 -5.80451
    endloop
  endfacet
  facet normal -0.554651 1.45436e-05 -0.832083
    outer loop
      vertex -68.5 6 -9
      vertex -73.4213 29.139 -5.71915
      vertex -73.3469 29.3469 -5.76874
    endloop
  endfacet
  facet normal -0.554704 -1.91924e-06 -0.832047
    outer loop
      vertex -74.485 25.3531 -5.01
      vertex -73.4213 29.139 -5.71915
      vertex -68.5 6 -9
    endloop
  endfacet
  facet normal -0.554637 -2.93607e-05 -0.832093
    outer loop
      vertex -73.4213 29.139 -5.71915
      vertex -74.485 25.3531 -5.01
      vertex -73.5157 28.9394 -5.65622
    endloop
  endfacet
  facet normal -0.554814 3.96665e-05 -0.831975
    outer loop
      vertex -73.5157 28.9394 -5.65622
      vertex -74.485 25.3531 -5.01
      vertex -73.6292 28.75 -5.58054
    endloop
  endfacet
  facet normal -0.554853 5.38657e-05 -0.831949
    outer loop
      vertex -73.6292 28.75 -5.58054
      vertex -74.485 25.3531 -5.01
      vertex -73.7607 28.5726 -5.49285
    endloop
  endfacet
  facet normal -0.55467 -5.46359e-06 -0.83207
    outer loop
      vertex -73.7607 28.5726 -5.49285
      vertex -74.485 25.3531 -5.01
      vertex -73.909 28.409 -5.39399
    endloop
  endfacet
  facet normal -0.554716 7.13765e-06 -0.832039
    outer loop
      vertex -73.909 28.409 -5.39399
      vertex -74.485 25.3531 -5.01
      vertex -74.0726 28.2607 -5.28492
    endloop
  endfacet
  facet normal -0.554569 -2.29967e-05 -0.832138
    outer loop
      vertex -74.0726 28.2607 -5.28492
      vertex -74.485 25.3531 -5.01
      vertex -74.25 28.1292 -5.16669
    endloop
  endfacet
  facet normal -0.554676 -9.97905e-06 -0.832067
    outer loop
      vertex -74.25 28.1292 -5.16669
      vertex -74.485 25.3531 -5.01
      vertex -74.4394 28.0157 -5.04043
    endloop
  endfacet
  facet normal -0.5547 4.74838e-17 -0.83205
    outer loop
      vertex -74.5 15 -5
      vertex -74.485 25.3531 -5.01
      vertex -68.5 6 -9
    endloop
  endfacet
  facet normal -0.5547 0 -0.83205
    outer loop
      vertex -74.485 25.3531 -5.01
      vertex -74.5 15 -5
      vertex -74.5 25.3596 -5
    endloop
  endfacet
  facet normal -0.554912 6.04645e-05 -0.831909
    outer loop
      vertex -73.2608 30.2205 -5.82611
      vertex -68.5 54 -9
      vertex -73.25 30 -5.83333
    endloop
  endfacet
  facet normal -0.554702 -3.47397e-07 -0.832049
    outer loop
      vertex -73.2932 30.439 -5.80451
      vertex -68.5 54 -9
      vertex -73.2608 30.2205 -5.82611
    endloop
  endfacet
  facet normal -0.554524 -5.26763e-05 -0.832168
    outer loop
      vertex -73.3469 30.6531 -5.76874
      vertex -68.5 54 -9
      vertex -73.2932 30.439 -5.80451
    endloop
  endfacet
  facet normal -0.554651 -1.45436e-05 -0.832083
    outer loop
      vertex -73.4213 30.861 -5.71915
      vertex -68.5 54 -9
      vertex -73.3469 30.6531 -5.76874
    endloop
  endfacet
  facet normal -0.554637 2.93607e-05 -0.832093
    outer loop
      vertex -74.485 34.6469 -5.01
      vertex -73.4213 30.861 -5.71915
      vertex -73.5157 31.0606 -5.65622
    endloop
  endfacet
  facet normal -0.554814 -3.96665e-05 -0.831975
    outer loop
      vertex -74.485 34.6469 -5.01
      vertex -73.5157 31.0606 -5.65622
      vertex -73.6292 31.25 -5.58054
    endloop
  endfacet
  facet normal -0.554853 -5.38657e-05 -0.831949
    outer loop
      vertex -74.485 34.6469 -5.01
      vertex -73.6292 31.25 -5.58054
      vertex -73.7607 31.4274 -5.49285
    endloop
  endfacet
  facet normal -0.55467 5.46359e-06 -0.83207
    outer loop
      vertex -74.485 34.6469 -5.01
      vertex -73.7607 31.4274 -5.49285
      vertex -73.909 31.591 -5.39399
    endloop
  endfacet
  facet normal -0.554716 -7.13765e-06 -0.832039
    outer loop
      vertex -74.485 34.6469 -5.01
      vertex -73.909 31.591 -5.39399
      vertex -74.0726 31.7393 -5.28492
    endloop
  endfacet
  facet normal -0.554569 2.29967e-05 -0.832138
    outer loop
      vertex -74.485 34.6469 -5.01
      vertex -74.0726 31.7393 -5.28492
      vertex -74.25 31.8708 -5.16669
    endloop
  endfacet
  facet normal -0.554676 9.97905e-06 -0.832067
    outer loop
      vertex -74.485 34.6469 -5.01
      vertex -74.25 31.8708 -5.16669
      vertex -74.4394 31.9843 -5.04043
    endloop
  endfacet
  facet normal -0.555079 -0 -0.831798
    outer loop
      vertex -74.485 34.6469 -5.01
      vertex -74.4394 31.9843 -5.04043
      vertex -74.485 32.0059 -5.01
    endloop
  endfacet
  facet normal -0.554704 1.91924e-06 -0.832047
    outer loop
      vertex -73.4213 30.861 -5.71915
      vertex -74.485 34.6469 -5.01
      vertex -68.5 54 -9
    endloop
  endfacet
  facet normal -0.5547 -0 -0.83205
    outer loop
      vertex -74.5 45 -5
      vertex -74.485 34.6469 -5.01
      vertex -74.5 34.6404 -5
    endloop
  endfacet
  facet normal -0.5547 -4.74838e-17 -0.83205
    outer loop
      vertex -74.485 34.6469 -5.01
      vertex -74.5 45 -5
      vertex -68.5 54 -9
    endloop
  endfacet
  facet normal -0.555079 0 -0.831798
    outer loop
      vertex -74.4394 28.0157 -5.04043
      vertex -74.485 25.3531 -5.01
      vertex -74.485 27.9941 -5.01
    endloop
  endfacet
  facet normal -0.83205 0.5547 0
    outer loop
      vertex -74.5 45 -5
      vertex -68.5 54 0
      vertex -68.5 54 -9
    endloop
  endfacet
  facet normal -0.83205 0.5547 0
    outer loop
      vertex -82.5 33 0
      vertex -74.5 45 -5
      vertex -82.5 33 -5
    endloop
  endfacet
  facet normal -0.83205 0.5547 0
    outer loop
      vertex -74.5 45 -5
      vertex -82.5 33 0
      vertex -68.5 54 0
    endloop
  endfacet
  facet normal -0.83205 -0.5547 0
    outer loop
      vertex -74.5 15 -5
      vertex -82.5 27 0
      vertex -82.5 27 -5
    endloop
  endfacet
  facet normal -0.83205 -0.5547 0
    outer loop
      vertex -74.5 15 -5
      vertex -68.5 6 0
      vertex -82.5 27 0
    endloop
  endfacet
  facet normal -0.83205 -0.5547 -0
    outer loop
      vertex -68.5 6 0
      vertex -74.5 15 -5
      vertex -68.5 6 -9
    endloop
  endfacet
  facet normal -1 0 0
    outer loop
      vertex -82.5 109 -5
      vertex -82.5 115 0
      vertex -82.5 115 -5
    endloop
  endfacet
  facet normal -1 -0 0
    outer loop
      vertex -82.5 115 0
      vertex -82.5 109 -5
      vertex -82.5 109 0
    endloop
  endfacet
  facet normal 0 0 -1
    outer loop
      vertex -74.5 97 -5
      vertex -74.5725 107.341 -5
      vertex -74.5 107.36 -5
    endloop
  endfacet
  facet normal 0 0 -1
    outer loop
      vertex -74.5 97 -5
      vertex -74.5733 107.341 -5
      vertex -74.5725 107.341 -5
    endloop
  endfacet
  facet normal 0 0 -1
    outer loop
      vertex -74.5 97 -5
      vertex -74.5742 107.341 -5
      vertex -74.5733 107.341 -5
    endloop
  endfacet
  facet normal 0 0 -1
    outer loop
      vertex -74.5 97 -5
      vertex -75.0344 107.273 -5
      vertex -74.5742 107.341 -5
    endloop
  endfacet
  facet normal 0 0 -1
    outer loop
      vertex -74.5 97 -5
      vertex -75.4991 107.25 -5
      vertex -75.0344 107.273 -5
    endloop
  endfacet
  facet normal 0 0 -1
    outer loop
      vertex -74.5 97 -5
      vertex -75.5 107.25 -5
      vertex -75.4991 107.25 -5
    endloop
  endfacet
  facet normal 0 0 -1
    outer loop
      vertex -74.5 97 -5
      vertex -75.5009 107.25 -5
      vertex -75.5 107.25 -5
    endloop
  endfacet
  facet normal 0 0 -1
    outer loop
      vertex -74.5 97 -5
      vertex -75.9656 107.273 -5
      vertex -75.5009 107.25 -5
    endloop
  endfacet
  facet normal 0 0 -1
    outer loop
      vertex -74.5 97 -5
      vertex -76.4258 107.341 -5
      vertex -75.9656 107.273 -5
    endloop
  endfacet
  facet normal 0 0 -1
    outer loop
      vertex -74.5 97 -5
      vertex -76.4267 107.341 -5
      vertex -76.4258 107.341 -5
    endloop
  endfacet
  facet normal 0 0 -1
    outer loop
      vertex -74.5 97 -5
      vertex -76.4275 107.341 -5
      vertex -76.4267 107.341 -5
    endloop
  endfacet
  facet normal 0 0 -1
    outer loop
      vertex -74.5 97 -5
      vertex -76.8789 107.455 -5
      vertex -76.4275 107.341 -5
    endloop
  endfacet
  facet normal 0 0 -1
    outer loop
      vertex -74.5 97 -5
      vertex -76.8797 107.455 -5
      vertex -76.8789 107.455 -5
    endloop
  endfacet
  facet normal 0 0 -1
    outer loop
      vertex -74.5 97 -5
      vertex -77.3177 107.612 -5
      vertex -76.8797 107.455 -5
    endloop
  endfacet
  facet normal 0 0 -1
    outer loop
      vertex -74.5 97 -5
      vertex -77.7383 107.81 -5
      vertex -77.3177 107.612 -5
    endloop
  endfacet
  facet normal 0 0 -1
    outer loop
      vertex -74.5 97 -5
      vertex -77.7391 107.811 -5
      vertex -77.7383 107.81 -5
    endloop
  endfacet
  facet normal 0 0 -1
    outer loop
      vertex -82.5 109 -5
      vertex -77.7391 107.811 -5
      vertex -74.5 97 -5
    endloop
  endfacet
  facet normal 0 0 -1
    outer loop
      vertex -77.7391 107.811 -5
      vertex -82.5 109 -5
      vertex -78.1382 108.05 -5
    endloop
  endfacet
  facet normal 0 0 -1
    outer loop
      vertex -78.1382 108.05 -5
      vertex -82.5 109 -5
      vertex -78.139 108.051 -5
    endloop
  endfacet
  facet normal 0 0 1
    outer loop
      vertex -78.139 108.051 -5
      vertex -82.5 109 -5
      vertex -78.1397 108.051 -5
    endloop
  endfacet
  facet normal 0 0 -1
    outer loop
      vertex -78.1397 108.051 -5
      vertex -82.5 109 -5
      vertex -78.5134 108.328 -5
    endloop
  endfacet
  facet normal 0 0 -1
    outer loop
      vertex -78.5134 108.328 -5
      vertex -82.5 109 -5
      vertex -78.514 108.329 -5
    endloop
  endfacet
  facet normal 0 0 -1
    outer loop
      vertex -78.514 108.329 -5
      vertex -82.5 109 -5
      vertex -78.8588 108.641 -5
    endloop
  endfacet
  facet normal 0 0 -1
    outer loop
      vertex -78.8588 108.641 -5
      vertex -82.5 109 -5
      vertex -79.1712 108.986 -5
    endloop
  endfacet
  facet normal 0 0 -1
    outer loop
      vertex -79.1712 108.986 -5
      vertex -82.5 109 -5
      vertex -79.1718 108.987 -5
    endloop
  endfacet
  facet normal 0 0 -1
    outer loop
      vertex -79.1718 108.987 -5
      vertex -82.5 109 -5
      vertex -79.449 109.36 -5
    endloop
  endfacet
  facet normal -0 0 -1
    outer loop
      vertex -79.449 109.36 -5
      vertex -82.5 109 -5
      vertex -79.4495 109.361 -5
    endloop
  endfacet
  facet normal -0 0 -1
    outer loop
      vertex -79.4495 109.361 -5
      vertex -82.5 109 -5
      vertex -79.4499 109.362 -5
    endloop
  endfacet
  facet normal -0 0 -1
    outer loop
      vertex -79.4499 109.362 -5
      vertex -82.5 109 -5
      vertex -79.6891 109.761 -5
    endloop
  endfacet
  facet normal -0 0 -1
    outer loop
      vertex -79.6891 109.761 -5
      vertex -82.5 109 -5
      vertex -79.6895 109.762 -5
    endloop
  endfacet
  facet normal -0 0 -1
    outer loop
      vertex -80.2272 111.535 -5
      vertex -82.5 109 -5
      vertex -80.25 112 -5
    endloop
  endfacet
  facet normal -0 0 -1
    outer loop
      vertex -80.2271 111.534 -5
      vertex -82.5 109 -5
      vertex -80.2272 111.535 -5
    endloop
  endfacet
  facet normal -0 0 -1
    outer loop
      vertex -80.1589 111.074 -5
      vertex -82.5 109 -5
      vertex -80.2271 111.534 -5
    endloop
  endfacet
  facet normal -0 0 -1
    outer loop
      vertex -80.1587 111.073 -5
      vertex -82.5 109 -5
      vertex -80.1589 111.074 -5
    endloop
  endfacet
  facet normal -0 0 -1
    outer loop
      vertex -80.1585 111.072 -5
      vertex -82.5 109 -5
      vertex -80.1587 111.073 -5
    endloop
  endfacet
  facet normal -0 0 -1
    outer loop
      vertex -80.0455 110.621 -5
      vertex -82.5 109 -5
      vertex -80.1585 111.072 -5
    endloop
  endfacet
  facet normal -0 0 -1
    outer loop
      vertex -80.0452 110.62 -5
      vertex -82.5 109 -5
      vertex -80.0455 110.621 -5
    endloop
  endfacet
  facet normal -0 0 -1
    outer loop
      vertex -79.8884 110.182 -5
      vertex -82.5 109 -5
      vertex -80.0452 110.62 -5
    endloop
  endfacet
  facet normal -0 0 -1
    outer loop
      vertex -79.6895 109.762 -5
      vertex -82.5 109 -5
      vertex -79.8884 110.182 -5
    endloop
  endfacet
  facet normal 0 0 -1
    outer loop
      vertex -74.5725 116.659 -5
      vertex -74.5 127 -5
      vertex -74.5 116.64 -5
    endloop
  endfacet
  facet normal 0 0 -1
    outer loop
      vertex -74.5733 116.659 -5
      vertex -74.5 127 -5
      vertex -74.5725 116.659 -5
    endloop
  endfacet
  facet normal 0 0 -1
    outer loop
      vertex -74.5742 116.659 -5
      vertex -74.5 127 -5
      vertex -74.5733 116.659 -5
    endloop
  endfacet
  facet normal 0 0 -1
    outer loop
      vertex -75.0344 116.727 -5
      vertex -74.5 127 -5
      vertex -74.5742 116.659 -5
    endloop
  endfacet
  facet normal 0 0 -1
    outer loop
      vertex -75.0353 116.727 -5
      vertex -74.5 127 -5
      vertex -75.0344 116.727 -5
    endloop
  endfacet
  facet normal 0 0 -1
    outer loop
      vertex -75.5 116.75 -5
      vertex -74.5 127 -5
      vertex -75.0353 116.727 -5
    endloop
  endfacet
  facet normal 0 0 -1
    outer loop
      vertex -75.9647 116.727 -5
      vertex -74.5 127 -5
      vertex -75.5 116.75 -5
    endloop
  endfacet
  facet normal 0 0 -1
    outer loop
      vertex -75.9656 116.727 -5
      vertex -74.5 127 -5
      vertex -75.9647 116.727 -5
    endloop
  endfacet
  facet normal 0 0 -1
    outer loop
      vertex -76.4258 116.659 -5
      vertex -74.5 127 -5
      vertex -75.9656 116.727 -5
    endloop
  endfacet
  facet normal 0 0 -1
    outer loop
      vertex -76.4267 116.659 -5
      vertex -74.5 127 -5
      vertex -76.4258 116.659 -5
    endloop
  endfacet
  facet normal 0 0 -1
    outer loop
      vertex -76.4275 116.659 -5
      vertex -74.5 127 -5
      vertex -76.4267 116.659 -5
    endloop
  endfacet
  facet normal 0 0 -1
    outer loop
      vertex -76.8789 116.545 -5
      vertex -74.5 127 -5
      vertex -76.4275 116.659 -5
    endloop
  endfacet
  facet normal 0 0 -1
    outer loop
      vertex -76.8797 116.545 -5
      vertex -74.5 127 -5
      vertex -76.8789 116.545 -5
    endloop
  endfacet
  facet normal 0 0 -1
    outer loop
      vertex -77.3177 116.388 -5
      vertex -74.5 127 -5
      vertex -76.8797 116.545 -5
    endloop
  endfacet
  facet normal 0 0 -1
    outer loop
      vertex -77.7383 116.189 -5
      vertex -74.5 127 -5
      vertex -77.3177 116.388 -5
    endloop
  endfacet
  facet normal 0 0 -1
    outer loop
      vertex -77.7391 116.189 -5
      vertex -74.5 127 -5
      vertex -77.7383 116.189 -5
    endloop
  endfacet
  facet normal 0 0 -1
    outer loop
      vertex -82.5 115 -5
      vertex -77.7391 116.189 -5
      vertex -78.1382 115.95 -5
    endloop
  endfacet
  facet normal 0 0 -1
    outer loop
      vertex -82.5 115 -5
      vertex -78.1382 115.95 -5
      vertex -78.139 115.949 -5
    endloop
  endfacet
  facet normal 0 0 1
    outer loop
      vertex -82.5 115 -5
      vertex -78.139 115.949 -5
      vertex -78.1397 115.949 -5
    endloop
  endfacet
  facet normal 0 0 -1
    outer loop
      vertex -82.5 115 -5
      vertex -78.1397 115.949 -5
      vertex -78.5134 115.672 -5
    endloop
  endfacet
  facet normal 0 0 -1
    outer loop
      vertex -82.5 115 -5
      vertex -78.5134 115.672 -5
      vertex -78.514 115.671 -5
    endloop
  endfacet
  facet normal 0 0 -1
    outer loop
      vertex -82.5 115 -5
      vertex -78.514 115.671 -5
      vertex -78.8588 115.359 -5
    endloop
  endfacet
  facet normal 0 0 -1
    outer loop
      vertex -82.5 115 -5
      vertex -78.8588 115.359 -5
      vertex -79.1712 115.014 -5
    endloop
  endfacet
  facet normal 0 0 -1
    outer loop
      vertex -82.5 115 -5
      vertex -79.1712 115.014 -5
      vertex -79.1718 115.013 -5
    endloop
  endfacet
  facet normal 0 0 -1
    outer loop
      vertex -82.5 115 -5
      vertex -79.1718 115.013 -5
      vertex -79.449 114.64 -5
    endloop
  endfacet
  facet normal 0 0 -1
    outer loop
      vertex -82.5 115 -5
      vertex -79.449 114.64 -5
      vertex -79.4495 114.639 -5
    endloop
  endfacet
  facet normal 0 0 -1
    outer loop
      vertex -82.5 115 -5
      vertex -79.4495 114.639 -5
      vertex -79.4499 114.638 -5
    endloop
  endfacet
  facet normal 0 0 -1
    outer loop
      vertex -82.5 115 -5
      vertex -79.4499 114.638 -5
      vertex -79.6891 114.239 -5
    endloop
  endfacet
  facet normal 0 0 -1
    outer loop
      vertex -82.5 115 -5
      vertex -79.6891 114.239 -5
      vertex -79.6895 114.238 -5
    endloop
  endfacet
  facet normal 0 0 -1
    outer loop
      vertex -82.5 115 -5
      vertex -79.6895 114.238 -5
      vertex -79.8884 113.818 -5
    endloop
  endfacet
  facet normal 0 0 -1
    outer loop
      vertex -82.5 115 -5
      vertex -80.25 112 -5
      vertex -82.5 109 -5
    endloop
  endfacet
  facet normal 0 0 -1
    outer loop
      vertex -80.25 112 -5
      vertex -82.5 115 -5
      vertex -80.2272 112.465 -5
    endloop
  endfacet
  facet normal 0 0 -1
    outer loop
      vertex -80.2272 112.465 -5
      vertex -82.5 115 -5
      vertex -80.2271 112.466 -5
    endloop
  endfacet
  facet normal 0 0 -1
    outer loop
      vertex -80.2271 112.466 -5
      vertex -82.5 115 -5
      vertex -80.1589 112.926 -5
    endloop
  endfacet
  facet normal 0 0 -1
    outer loop
      vertex -80.1589 112.926 -5
      vertex -82.5 115 -5
      vertex -80.1587 112.927 -5
    endloop
  endfacet
  facet normal 0 0 -1
    outer loop
      vertex -80.1587 112.927 -5
      vertex -82.5 115 -5
      vertex -80.1585 112.928 -5
    endloop
  endfacet
  facet normal 0 0 -1
    outer loop
      vertex -80.1585 112.928 -5
      vertex -82.5 115 -5
      vertex -80.0455 113.379 -5
    endloop
  endfacet
  facet normal 0 0 -1
    outer loop
      vertex -80.0455 113.379 -5
      vertex -82.5 115 -5
      vertex -80.0452 113.38 -5
    endloop
  endfacet
  facet normal 0 0 -1
    outer loop
      vertex -80.0452 113.38 -5
      vertex -82.5 115 -5
      vertex -79.8884 113.818 -5
    endloop
  endfacet
  facet normal -0 0 -1
    outer loop
      vertex -77.7391 116.189 -5
      vertex -82.5 115 -5
      vertex -74.5 127 -5
    endloop
  endfacet
  facet normal -0.554701 0 -0.83205
    outer loop
      vertex -68.5 88 -9
      vertex -73.25 112 -5.83333
      vertex -68.5 136 -9
    endloop
  endfacet
  facet normal -0.554912 -6.03548e-05 -0.831909
    outer loop
      vertex -68.5 88 -9
      vertex -73.2608 111.779 -5.82611
      vertex -73.25 112 -5.83333
    endloop
  endfacet
  facet normal -0.554702 3.47858e-07 -0.832049
    outer loop
      vertex -68.5 88 -9
      vertex -73.2932 111.561 -5.80451
      vertex -73.2608 111.779 -5.82611
    endloop
  endfacet
  facet normal -0.554524 5.26873e-05 -0.832168
    outer loop
      vertex -68.5 88 -9
      vertex -73.3469 111.347 -5.76874
      vertex -73.2932 111.561 -5.80451
    endloop
  endfacet
  facet normal -0.554651 1.4541e-05 -0.832083
    outer loop
      vertex -68.5 88 -9
      vertex -73.4213 111.139 -5.71915
      vertex -73.3469 111.347 -5.76874
    endloop
  endfacet
  facet normal -0.554704 -1.91922e-06 -0.832047
    outer loop
      vertex -74.485 107.353 -5.01
      vertex -73.4213 111.139 -5.71915
      vertex -68.5 88 -9
    endloop
  endfacet
  facet normal -0.554637 -2.94451e-05 -0.832093
    outer loop
      vertex -73.4213 111.139 -5.71915
      vertex -74.485 107.353 -5.01
      vertex -73.5157 110.939 -5.65622
    endloop
  endfacet
  facet normal -0.554814 3.96038e-05 -0.831975
    outer loop
      vertex -73.5157 110.939 -5.65622
      vertex -74.485 107.353 -5.01
      vertex -73.6292 110.75 -5.58054
    endloop
  endfacet
  facet normal -0.554853 5.38008e-05 -0.831949
    outer loop
      vertex -73.6292 110.75 -5.58054
      vertex -74.485 107.353 -5.01
      vertex -73.7607 110.573 -5.49285
    endloop
  endfacet
  facet normal -0.55467 -5.46687e-06 -0.83207
    outer loop
      vertex -73.7607 110.573 -5.49285
      vertex -74.485 107.353 -5.01
      vertex -73.909 110.409 -5.39399
    endloop
  endfacet
  facet normal -0.554716 7.1344e-06 -0.832039
    outer loop
      vertex -73.909 110.409 -5.39399
      vertex -74.485 107.353 -5.01
      vertex -74.0726 110.261 -5.28492
    endloop
  endfacet
  facet normal -0.554569 -2.30034e-05 -0.832138
    outer loop
      vertex -74.0726 110.261 -5.28492
      vertex -74.485 107.353 -5.01
      vertex -74.25 110.129 -5.16669
    endloop
  endfacet
  facet normal -0.554676 -9.97708e-06 -0.832067
    outer loop
      vertex -74.25 110.129 -5.16669
      vertex -74.485 107.353 -5.01
      vertex -74.4394 110.016 -5.04043
    endloop
  endfacet
  facet normal -0.5547 4.74842e-17 -0.83205
    outer loop
      vertex -74.5 97 -5
      vertex -74.485 107.353 -5.01
      vertex -68.5 88 -9
    endloop
  endfacet
  facet normal -0.5547 0 -0.83205
    outer loop
      vertex -74.485 107.353 -5.01
      vertex -74.5 97 -5
      vertex -74.5 107.36 -5
    endloop
  endfacet
  facet normal -0.554912 6.03548e-05 -0.831909
    outer loop
      vertex -73.2608 112.221 -5.82611
      vertex -68.5 136 -9
      vertex -73.25 112 -5.83333
    endloop
  endfacet
  facet normal -0.554702 -3.47858e-07 -0.832049
    outer loop
      vertex -73.2932 112.439 -5.80451
      vertex -68.5 136 -9
      vertex -73.2608 112.221 -5.82611
    endloop
  endfacet
  facet normal -0.554524 -5.26873e-05 -0.832168
    outer loop
      vertex -73.3469 112.653 -5.76874
      vertex -68.5 136 -9
      vertex -73.2932 112.439 -5.80451
    endloop
  endfacet
  facet normal -0.554651 -1.4541e-05 -0.832083
    outer loop
      vertex -73.4213 112.861 -5.71915
      vertex -68.5 136 -9
      vertex -73.3469 112.653 -5.76874
    endloop
  endfacet
  facet normal -0.554637 2.94451e-05 -0.832093
    outer loop
      vertex -74.485 116.647 -5.01
      vertex -73.4213 112.861 -5.71915
      vertex -73.5157 113.061 -5.65622
    endloop
  endfacet
  facet normal -0.554814 -3.96038e-05 -0.831975
    outer loop
      vertex -74.485 116.647 -5.01
      vertex -73.5157 113.061 -5.65622
      vertex -73.6292 113.25 -5.58054
    endloop
  endfacet
  facet normal -0.554853 -5.38008e-05 -0.831949
    outer loop
      vertex -74.485 116.647 -5.01
      vertex -73.6292 113.25 -5.58054
      vertex -73.7607 113.427 -5.49285
    endloop
  endfacet
  facet normal -0.55467 5.46687e-06 -0.83207
    outer loop
      vertex -74.485 116.647 -5.01
      vertex -73.7607 113.427 -5.49285
      vertex -73.909 113.591 -5.39399
    endloop
  endfacet
  facet normal -0.554716 -7.1344e-06 -0.832039
    outer loop
      vertex -74.485 116.647 -5.01
      vertex -73.909 113.591 -5.39399
      vertex -74.0726 113.739 -5.28492
    endloop
  endfacet
  facet normal -0.554569 2.30034e-05 -0.832138
    outer loop
      vertex -74.485 116.647 -5.01
      vertex -74.0726 113.739 -5.28492
      vertex -74.25 113.871 -5.16669
    endloop
  endfacet
  facet normal -0.554676 9.97708e-06 -0.832067
    outer loop
      vertex -74.485 116.647 -5.01
      vertex -74.25 113.871 -5.16669
      vertex -74.4394 113.984 -5.04043
    endloop
  endfacet
  facet normal -0.555079 -0 -0.831798
    outer loop
      vertex -74.485 116.647 -5.01
      vertex -74.4394 113.984 -5.04043
      vertex -74.485 114.006 -5.01
    endloop
  endfacet
  facet normal -0.554704 1.91922e-06 -0.832047
    outer loop
      vertex -73.4213 112.861 -5.71915
      vertex -74.485 116.647 -5.01
      vertex -68.5 136 -9
    endloop
  endfacet
  facet normal -0.5547 -0 -0.83205
    outer loop
      vertex -74.5 127 -5
      vertex -74.485 116.647 -5.01
      vertex -74.5 116.64 -5
    endloop
  endfacet
  facet normal -0.5547 -4.74842e-17 -0.83205
    outer loop
      vertex -74.485 116.647 -5.01
      vertex -74.5 127 -5
      vertex -68.5 136 -9
    endloop
  endfacet
  facet normal -0.555079 0 -0.831798
    outer loop
      vertex -74.4394 110.016 -5.04043
      vertex -74.485 107.353 -5.01
      vertex -74.485 109.994 -5.01
    endloop
  endfacet
  facet normal -0.83205 0.5547 0
    outer loop
      vertex -74.5 127 -5
      vertex -68.5 136 0
      vertex -68.5 136 -9
    endloop
  endfacet
  facet normal -0.83205 0.5547 0
    outer loop
      vertex -82.5 115 0
      vertex -74.5 127 -5
      vertex -82.5 115 -5
    endloop
  endfacet
  facet normal -0.83205 0.5547 0
    outer loop
      vertex -74.5 127 -5
      vertex -82.5 115 0
      vertex -68.5 136 0
    endloop
  endfacet
  facet normal -0.83205 -0.5547 0
    outer loop
      vertex -74.5 97 -5
      vertex -82.5 109 0
      vertex -82.5 109 -5
    endloop
  endfacet
  facet normal -0.83205 -0.5547 0
    outer loop
      vertex -74.5 97 -5
      vertex -68.5 88 0
      vertex -82.5 109 0
    endloop
  endfacet
  facet normal -0.83205 -0.5547 -0
    outer loop
      vertex -68.5 88 0
      vertex -74.5 97 -5
      vertex -68.5 88 -9
    endloop
  endfacet
  facet normal 1 0 0
    outer loop
      vertex -65.5 31 -23.6467
      vertex -65.5 36.75 -29.8533
      vertex -65.5 38 -27.6882
    endloop
  endfacet
  facet normal 1 0 0
    outer loop
      vertex -65.5 36.75 -29.8533
      vertex -65.5 31 -23.6467
      vertex -65.5 29.75 -25.8118
    endloop
  endfacet
  facet normal 1 0 0
    outer loop
      vertex -65.5 31 -23.6467
      vertex -65.5 28.5 -23.6467
      vertex -65.5 29.75 -25.8118
    endloop
  endfacet
  facet normal 1 0 0
    outer loop
      vertex -65.5 28.5 -23.6467
      vertex -65.5 22.75 -29.8533
      vertex -65.5 29.75 -25.8118
    endloop
  endfacet
  facet normal 1 0 0
    outer loop
      vertex -65.5 22.75 -29.8533
      vertex -65.5 21.5 -27.6882
      vertex -65.5 22.75 -37.9362
    endloop
  endfacet
  facet normal 1 -0 0
    outer loop
      vertex -65.5 21.5 -27.6882
      vertex -65.5 22.75 -29.8533
      vertex -65.5 28.5 -23.6467
    endloop
  endfacet
  facet normal 1 0 0
    outer loop
      vertex -65.5 47.5 -23.6467
      vertex -65.5 53.25 -29.8533
      vertex -65.5 54.5 -27.6882
    endloop
  endfacet
  facet normal 1 0 0
    outer loop
      vertex -65.5 53.25 -29.8533
      vertex -65.5 47.5 -23.6467
      vertex -65.5 46.25 -25.8118
    endloop
  endfacet
  facet normal 1 0 0
    outer loop
      vertex -65.5 47.5 -23.6467
      vertex -65.5 45 -23.6467
      vertex -65.5 46.25 -25.8118
    endloop
  endfacet
  facet normal 1 0 0
    outer loop
      vertex -65.5 45 -23.6467
      vertex -65.5 39.25 -29.8533
      vertex -65.5 46.25 -25.8118
    endloop
  endfacet
  facet normal 1 0 0
    outer loop
      vertex -65.5 36.75 -29.8533
      vertex -65.5 39.25 -29.8533
      vertex -65.5 38 -27.6882
    endloop
  endfacet
  facet normal 1 -0 0
    outer loop
      vertex -65.5 38 -27.6882
      vertex -65.5 39.25 -29.8533
      vertex -65.5 45 -23.6467
    endloop
  endfacet
  facet normal 1 0 0
    outer loop
      vertex -65.5 64 -23.6467
      vertex -65.5 69.75 -29.8533
      vertex -65.5 71 -27.6882
    endloop
  endfacet
  facet normal 1 0 0
    outer loop
      vertex -65.5 69.75 -29.8533
      vertex -65.5 64 -23.6467
      vertex -65.5 62.75 -25.8118
    endloop
  endfacet
  facet normal 1 0 0
    outer loop
      vertex -65.5 64 -23.6467
      vertex -65.5 61.5 -23.6467
      vertex -65.5 62.75 -25.8118
    endloop
  endfacet
  facet normal 1 0 0
    outer loop
      vertex -65.5 61.5 -23.6467
      vertex -65.5 55.75 -29.8533
      vertex -65.5 62.75 -25.8118
    endloop
  endfacet
  facet normal 1 0 0
    outer loop
      vertex -65.5 53.25 -29.8533
      vertex -65.5 55.75 -29.8533
      vertex -65.5 54.5 -27.6882
    endloop
  endfacet
  facet normal 1 -0 0
    outer loop
      vertex -65.5 54.5 -27.6882
      vertex -65.5 55.75 -29.8533
      vertex -65.5 61.5 -23.6467
    endloop
  endfacet
  facet normal 1 0 0
    outer loop
      vertex -65.5 80.5 -23.6467
      vertex -65.5 86.25 -29.8533
      vertex -65.5 87.5 -27.6882
    endloop
  endfacet
  facet normal 1 0 0
    outer loop
      vertex -65.5 86.25 -29.8533
      vertex -65.5 80.5 -23.6467
      vertex -65.5 79.25 -25.8118
    endloop
  endfacet
  facet normal 1 0 0
    outer loop
      vertex -65.5 80.5 -23.6467
      vertex -65.5 78 -23.6467
      vertex -65.5 79.25 -25.8118
    endloop
  endfacet
  facet normal 1 0 0
    outer loop
      vertex -65.5 78 -23.6467
      vertex -65.5 72.25 -29.8533
      vertex -65.5 79.25 -25.8118
    endloop
  endfacet
  facet normal 1 0 0
    outer loop
      vertex -65.5 69.75 -29.8533
      vertex -65.5 72.25 -29.8533
      vertex -65.5 71 -27.6882
    endloop
  endfacet
  facet normal 1 -0 0
    outer loop
      vertex -65.5 71 -27.6882
      vertex -65.5 72.25 -29.8533
      vertex -65.5 78 -23.6467
    endloop
  endfacet
  facet normal 1 0 0
    outer loop
      vertex -65.5 97 -23.6467
      vertex -65.5 102.75 -29.8533
      vertex -65.5 104 -27.6882
    endloop
  endfacet
  facet normal 1 0 0
    outer loop
      vertex -65.5 102.75 -29.8533
      vertex -65.5 97 -23.6467
      vertex -65.5 95.75 -25.8118
    endloop
  endfacet
  facet normal 1 0 0
    outer loop
      vertex -65.5 97 -23.6467
      vertex -65.5 94.5 -23.6467
      vertex -65.5 95.75 -25.8118
    endloop
  endfacet
  facet normal 1 0 0
    outer loop
      vertex -65.5 94.5 -23.6467
      vertex -65.5 88.75 -29.8533
      vertex -65.5 95.75 -25.8118
    endloop
  endfacet
  facet normal 1 0 0
    outer loop
      vertex -65.5 86.25 -29.8533
      vertex -65.5 88.75 -29.8533
      vertex -65.5 87.5 -27.6882
    endloop
  endfacet
  facet normal 1 -0 0
    outer loop
      vertex -65.5 87.5 -27.6882
      vertex -65.5 88.75 -29.8533
      vertex -65.5 94.5 -23.6467
    endloop
  endfacet
  facet normal 1 0 0
    outer loop
      vertex -65.5 113.5 -23.6467
      vertex -65.5 119.25 -29.8533
      vertex -65.5 120.5 -27.6882
    endloop
  endfacet
  facet normal 1 0 0
    outer loop
      vertex -65.5 119.25 -29.8533
      vertex -65.5 113.5 -23.6467
      vertex -65.5 112.25 -25.8118
    endloop
  endfacet
  facet normal 1 -0 0
    outer loop
      vertex -65.5 127.5 -23.6467
      vertex -65.5 140.5 -50.0714
      vertex -65.5 140.5 -3
    endloop
  endfacet
  facet normal 1 0 0
    outer loop
      vertex -65.5 140.5 -50.0714
      vertex -65.5 127.5 -23.6467
      vertex -65.5 138 -49
    endloop
  endfacet
  facet normal 1 0 0
    outer loop
      vertex -65.5 138 -49
      vertex -65.5 127.5 -23.6467
      vertex -65.5 136.5 -49
    endloop
  endfacet
  facet normal 1 0 0
    outer loop
      vertex -65.5 127.5 -23.6467
      vertex -65.5 140.5 -3
      vertex -65.5 127.5 -15.5638
    endloop
  endfacet
  facet normal 1 0 0
    outer loop
      vertex -65.5 140.5 -3
      vertex -65.5 120.5 -11.5224
      vertex -65.5 127.5 -15.5638
    endloop
  endfacet
  facet normal 1 0 0
    outer loop
      vertex -65.5 111 -23.6467
      vertex -65.5 113.5 -23.6467
      vertex -65.5 113.5 -15.5638
    endloop
  endfacet
  facet normal 1 0 0
    outer loop
      vertex -65.5 111 -23.6467
      vertex -65.5 113.5 -15.5638
      vertex -65.5 111 -15.5638
    endloop
  endfacet
  facet normal 1 0 0
    outer loop
      vertex -65.5 120.5 -11.5224
      vertex -65.5 111 -15.5638
      vertex -65.5 113.5 -15.5638
    endloop
  endfacet
  facet normal 1 0 0
    outer loop
      vertex -65.5 104 -11.5224
      vertex -65.5 120.5 -11.5224
      vertex -65.5 140.5 -3
    endloop
  endfacet
  facet normal 1 0 0
    outer loop
      vertex -65.5 120.5 -11.5224
      vertex -65.5 104 -11.5224
      vertex -65.5 111 -15.5638
    endloop
  endfacet
  facet normal 1 -0 0
    outer loop
      vertex -65.5 94.5 -15.5638
      vertex -65.5 97 -23.6467
      vertex -65.5 97 -15.5638
    endloop
  endfacet
  facet normal 1 0 0
    outer loop
      vertex -65.5 94.5 -23.6467
      vertex -65.5 97 -23.6467
      vertex -65.5 94.5 -15.5638
    endloop
  endfacet
  facet normal 1 0 0
    outer loop
      vertex -65.5 104 -11.5224
      vertex -65.5 94.5 -15.5638
      vertex -65.5 97 -15.5638
    endloop
  endfacet
  facet normal 1 0 0
    outer loop
      vertex -65.5 104 -11.5224
      vertex -65.5 87.5 -11.5224
      vertex -65.5 94.5 -15.5638
    endloop
  endfacet
  facet normal 1 0 0
    outer loop
      vertex -65.5 140.5 -3
      vertex -65.5 87.5 -11.5224
      vertex -65.5 104 -11.5224
    endloop
  endfacet
  facet normal 1 -0 0
    outer loop
      vertex -65.5 78 -15.5638
      vertex -65.5 80.5 -23.6467
      vertex -65.5 80.5 -15.5638
    endloop
  endfacet
  facet normal 1 0 0
    outer loop
      vertex -65.5 78 -23.6467
      vertex -65.5 80.5 -23.6467
      vertex -65.5 78 -15.5638
    endloop
  endfacet
  facet normal 1 0 0
    outer loop
      vertex -65.5 87.5 -11.5224
      vertex -65.5 78 -15.5638
      vertex -65.5 80.5 -15.5638
    endloop
  endfacet
  facet normal 1 0 0
    outer loop
      vertex -65.5 87.5 -11.5224
      vertex -65.5 71 -11.5224
      vertex -65.5 78 -15.5638
    endloop
  endfacet
  facet normal 1 0 0
    outer loop
      vertex -65.5 140.5 -3
      vertex -65.5 71 -11.5224
      vertex -65.5 87.5 -11.5224
    endloop
  endfacet
  facet normal 1 -0 0
    outer loop
      vertex -65.5 61.5 -15.5638
      vertex -65.5 64 -23.6467
      vertex -65.5 64 -15.5638
    endloop
  endfacet
  facet normal 1 0 0
    outer loop
      vertex -65.5 61.5 -23.6467
      vertex -65.5 64 -23.6467
      vertex -65.5 61.5 -15.5638
    endloop
  endfacet
  facet normal 1 0 0
    outer loop
      vertex -65.5 71 -11.5224
      vertex -65.5 61.5 -15.5638
      vertex -65.5 64 -15.5638
    endloop
  endfacet
  facet normal 1 0 0
    outer loop
      vertex -65.5 71 -11.5224
      vertex -65.5 54.5 -11.5224
      vertex -65.5 61.5 -15.5638
    endloop
  endfacet
  facet normal 1 -0 0
    outer loop
      vertex -65.5 3.5 -3
      vertex -65.5 71 -11.5224
      vertex -65.5 140.5 -3
    endloop
  endfacet
  facet normal 1 -0 0
    outer loop
      vertex -65.5 45 -15.5638
      vertex -65.5 47.5 -23.6467
      vertex -65.5 47.5 -15.5638
    endloop
  endfacet
  facet normal 1 0 0
    outer loop
      vertex -65.5 45 -23.6467
      vertex -65.5 47.5 -23.6467
      vertex -65.5 45 -15.5638
    endloop
  endfacet
  facet normal 1 0 0
    outer loop
      vertex -65.5 54.5 -11.5224
      vertex -65.5 45 -15.5638
      vertex -65.5 47.5 -15.5638
    endloop
  endfacet
  facet normal 1 0 0
    outer loop
      vertex -65.5 54.5 -11.5224
      vertex -65.5 38 -11.5224
      vertex -65.5 45 -15.5638
    endloop
  endfacet
  facet normal 1 0 0
    outer loop
      vertex -65.5 71 -11.5224
      vertex -65.5 3.5 -3
      vertex -65.5 54.5 -11.5224
    endloop
  endfacet
  facet normal 1 -0 0
    outer loop
      vertex -65.5 28.5 -15.5638
      vertex -65.5 31 -23.6467
      vertex -65.5 31 -15.5638
    endloop
  endfacet
  facet normal 1 0 0
    outer loop
      vertex -65.5 28.5 -23.6467
      vertex -65.5 31 -23.6467
      vertex -65.5 28.5 -15.5638
    endloop
  endfacet
  facet normal 1 0 0
    outer loop
      vertex -65.5 38 -11.5224
      vertex -65.5 28.5 -15.5638
      vertex -65.5 31 -15.5638
    endloop
  endfacet
  facet normal 1 0 0
    outer loop
      vertex -65.5 38 -11.5224
      vertex -65.5 21.5 -11.5224
      vertex -65.5 28.5 -15.5638
    endloop
  endfacet
  facet normal 1 0 0
    outer loop
      vertex -65.5 54.5 -11.5224
      vertex -65.5 3.5 -3
      vertex -65.5 38 -11.5224
    endloop
  endfacet
  facet normal 1 0 0
    outer loop
      vertex -65.5 14.5 -15.5638
      vertex -65.5 3.5 -3
      vertex -65.5 14.5 -23.6467
    endloop
  endfacet
  facet normal 1 0 0
    outer loop
      vertex -65.5 21.5 -11.5224
      vertex -65.5 3.5 -3
      vertex -65.5 14.5 -15.5638
    endloop
  endfacet
  facet normal 1 0 0
    outer loop
      vertex -65.5 38 -11.5224
      vertex -65.5 3.5 -3
      vertex -65.5 21.5 -11.5224
    endloop
  endfacet
  facet normal 1 -0 0
    outer loop
      vertex -65.5 119.25 -37.9362
      vertex -65.5 136.5 -49
      vertex -65.5 127.5 -23.6467
    endloop
  endfacet
  facet normal 1 0 0
    outer loop
      vertex -65.5 119.25 -37.9362
      vertex -65.5 127.5 -23.6467
      vertex -65.5 120.5 -27.6882
    endloop
  endfacet
  facet normal 1 0 0
    outer loop
      vertex -65.5 119.25 -37.9362
      vertex -65.5 120.5 -27.6882
      vertex -65.5 119.25 -29.8533
    endloop
  endfacet
  facet normal 1 0 0
    outer loop
      vertex -65.5 136.5 -49
      vertex -65.5 119.25 -37.9362
      vertex -65.5 134 -50.5
    endloop
  endfacet
  facet normal 1 -0 0
    outer loop
      vertex -65.5 112.25 -41.9776
      vertex -65.5 134 -50.5
      vertex -65.5 119.25 -37.9362
    endloop
  endfacet
  facet normal 1 0 0
    outer loop
      vertex -65.5 105.25 -29.8533
      vertex -65.5 102.75 -29.8533
      vertex -65.5 105.25 -37.9362
    endloop
  endfacet
  facet normal 1 0 0
    outer loop
      vertex -65.5 102.75 -37.9362
      vertex -65.5 105.25 -37.9362
      vertex -65.5 102.75 -29.8533
    endloop
  endfacet
  facet normal 1 -0 0
    outer loop
      vertex -65.5 102.75 -37.9362
      vertex -65.5 112.25 -41.9776
      vertex -65.5 105.25 -37.9362
    endloop
  endfacet
  facet normal 1 0 0
    outer loop
      vertex -65.5 95.75 -41.9776
      vertex -65.5 112.25 -41.9776
      vertex -65.5 102.75 -37.9362
    endloop
  endfacet
  facet normal 1 -0 0
    outer loop
      vertex -65.5 95.75 -41.9776
      vertex -65.5 134 -50.5
      vertex -65.5 112.25 -41.9776
    endloop
  endfacet
  facet normal 1 0 0
    outer loop
      vertex -65.5 88.75 -29.8533
      vertex -65.5 86.25 -29.8533
      vertex -65.5 88.75 -37.9362
    endloop
  endfacet
  facet normal 1 0 0
    outer loop
      vertex -65.5 86.25 -37.9362
      vertex -65.5 88.75 -37.9362
      vertex -65.5 86.25 -29.8533
    endloop
  endfacet
  facet normal 1 -0 0
    outer loop
      vertex -65.5 86.25 -37.9362
      vertex -65.5 95.75 -41.9776
      vertex -65.5 88.75 -37.9362
    endloop
  endfacet
  facet normal 1 0 0
    outer loop
      vertex -65.5 79.25 -41.9776
      vertex -65.5 95.75 -41.9776
      vertex -65.5 86.25 -37.9362
    endloop
  endfacet
  facet normal 1 -0 0
    outer loop
      vertex -65.5 79.25 -41.9776
      vertex -65.5 134 -50.5
      vertex -65.5 95.75 -41.9776
    endloop
  endfacet
  facet normal 1 0 0
    outer loop
      vertex -65.5 72.25 -29.8533
      vertex -65.5 69.75 -29.8533
      vertex -65.5 72.25 -37.9362
    endloop
  endfacet
  facet normal 1 0 0
    outer loop
      vertex -65.5 69.75 -37.9362
      vertex -65.5 72.25 -37.9362
      vertex -65.5 69.75 -29.8533
    endloop
  endfacet
  facet normal 1 -0 0
    outer loop
      vertex -65.5 69.75 -37.9362
      vertex -65.5 79.25 -41.9776
      vertex -65.5 72.25 -37.9362
    endloop
  endfacet
  facet normal 1 0 0
    outer loop
      vertex -65.5 62.75 -41.9776
      vertex -65.5 79.25 -41.9776
      vertex -65.5 69.75 -37.9362
    endloop
  endfacet
  facet normal 1 -0 0
    outer loop
      vertex -65.5 62.75 -41.9776
      vertex -65.5 134 -50.5
      vertex -65.5 79.25 -41.9776
    endloop
  endfacet
  facet normal 1 0 0
    outer loop
      vertex -65.5 55.75 -29.8533
      vertex -65.5 53.25 -29.8533
      vertex -65.5 55.75 -37.9362
    endloop
  endfacet
  facet normal 1 0 0
    outer loop
      vertex -65.5 53.25 -37.9362
      vertex -65.5 55.75 -37.9362
      vertex -65.5 53.25 -29.8533
    endloop
  endfacet
  facet normal 1 -0 0
    outer loop
      vertex -65.5 53.25 -37.9362
      vertex -65.5 62.75 -41.9776
      vertex -65.5 55.75 -37.9362
    endloop
  endfacet
  facet normal 1 0 0
    outer loop
      vertex -65.5 46.25 -41.9776
      vertex -65.5 62.75 -41.9776
      vertex -65.5 53.25 -37.9362
    endloop
  endfacet
  facet normal 1 0 0
    outer loop
      vertex -65.5 3.5 -50.5
      vertex -65.5 62.75 -41.9776
      vertex -65.5 46.25 -41.9776
    endloop
  endfacet
  facet normal 1 0 0
    outer loop
      vertex -65.5 39.25 -29.8533
      vertex -65.5 36.75 -29.8533
      vertex -65.5 39.25 -37.9362
    endloop
  endfacet
  facet normal 1 0 0
    outer loop
      vertex -65.5 36.75 -37.9362
      vertex -65.5 39.25 -37.9362
      vertex -65.5 36.75 -29.8533
    endloop
  endfacet
  facet normal 1 -0 0
    outer loop
      vertex -65.5 36.75 -37.9362
      vertex -65.5 46.25 -41.9776
      vertex -65.5 39.25 -37.9362
    endloop
  endfacet
  facet normal 1 0 0
    outer loop
      vertex -65.5 29.75 -41.9776
      vertex -65.5 46.25 -41.9776
      vertex -65.5 36.75 -37.9362
    endloop
  endfacet
  facet normal 1 0 0
    outer loop
      vertex -65.5 3.5 -50.5
      vertex -65.5 46.25 -41.9776
      vertex -65.5 29.75 -41.9776
    endloop
  endfacet
  facet normal 1 0 0
    outer loop
      vertex -65.5 14.5 -23.6467
      vertex -65.5 22.75 -37.9362
      vertex -65.5 21.5 -27.6882
    endloop
  endfacet
  facet normal 1 0 0
    outer loop
      vertex -65.5 62.75 -41.9776
      vertex -65.5 3.5 -50.5
      vertex -65.5 134 -50.5
    endloop
  endfacet
  facet normal 1 0 0
    outer loop
      vertex -65.5 22.75 -37.9362
      vertex -65.5 3.5 -50.5
      vertex -65.5 29.75 -41.9776
    endloop
  endfacet
  facet normal 1 0 0
    outer loop
      vertex -65.5 14.5 -23.6467
      vertex -65.5 3.5 -50.5
      vertex -65.5 22.75 -37.9362
    endloop
  endfacet
  facet normal 1 0 0
    outer loop
      vertex -65.5 3.5 -50.5
      vertex -65.5 14.5 -23.6467
      vertex -65.5 3.5 -3
    endloop
  endfacet
  facet normal 1 0 0
    outer loop
      vertex -65.5 113.5 -23.6467
      vertex -65.5 111 -23.6467
      vertex -65.5 112.25 -25.8118
    endloop
  endfacet
  facet normal 1 0 0
    outer loop
      vertex -65.5 111 -23.6467
      vertex -65.5 105.25 -29.8533
      vertex -65.5 112.25 -25.8118
    endloop
  endfacet
  facet normal 1 0 0
    outer loop
      vertex -65.5 102.75 -29.8533
      vertex -65.5 105.25 -29.8533
      vertex -65.5 104 -27.6882
    endloop
  endfacet
  facet normal 1 -0 0
    outer loop
      vertex -65.5 104 -27.6882
      vertex -65.5 105.25 -29.8533
      vertex -65.5 111 -23.6467
    endloop
  endfacet
  facet normal -0 0 1
    outer loop
      vertex -65.5 134 -50.5
      vertex -53.5 3.5 -50.5
      vertex -53.5 134 -50.5
    endloop
  endfacet
  facet normal 0 0 1
    outer loop
      vertex -53.5 3.5 -50.5
      vertex -65.5 134 -50.5
      vertex -65.5 3.5 -50.5
    endloop
  endfacet
  facet normal 1 0 0
    outer loop
      vertex -53.5 140.5 -50.0714
      vertex -53.5 138 -49
      vertex -53.5 140.5 -50.5
    endloop
  endfacet
  facet normal 1 -0 0
    outer loop
      vertex -53.5 140.5 -50.5
      vertex -53.5 142 -54.5
      vertex -53.5 142 -50.5
    endloop
  endfacet
  facet normal 1 0 0
    outer loop
      vertex -53.5 134 -50.5
      vertex -53.5 140.5 -50.5
      vertex -53.5 138 -49
    endloop
  endfacet
  facet normal 1 0 0
    outer loop
      vertex -53.5 134 -50.5
      vertex -53.5 138 -49
      vertex -53.5 136.5 -49
    endloop
  endfacet
  facet normal 1 0 0
    outer loop
      vertex -53.5 140.5 -50.5
      vertex -53.5 134 -50.5
      vertex -53.5 142 -54.5
    endloop
  endfacet
  facet normal 1 0 0
    outer loop
      vertex -53.5 3.5 -54.5
      vertex -53.5 134 -50.5
      vertex -53.5 3.5 -50.5
    endloop
  endfacet
  facet normal 1 0 0
    outer loop
      vertex -53.5 134 -50.5
      vertex -53.5 3.5 -54.5
      vertex -53.5 142 -54.5
    endloop
  endfacet
  facet normal 0 -0.514496 0.857493
    outer loop
      vertex -65.5 136.5 -49
      vertex -53.5 134 -50.5
      vertex -53.5 136.5 -49
    endloop
  endfacet
  facet normal 0 -0.514496 0.857493
    outer loop
      vertex -53.5 134 -50.5
      vertex -65.5 136.5 -49
      vertex -65.5 134 -50.5
    endloop
  endfacet
  facet normal -0 0 1
    outer loop
      vertex -65.5 138 -49
      vertex -53.5 136.5 -49
      vertex -53.5 138 -49
    endloop
  endfacet
  facet normal 0 0 1
    outer loop
      vertex -53.5 136.5 -49
      vertex -65.5 138 -49
      vertex -65.5 136.5 -49
    endloop
  endfacet
  facet normal -0 0.39391 0.919149
    outer loop
      vertex -65.5 140.5 -50.0714
      vertex -53.5 138 -49
      vertex -53.5 140.5 -50.0714
    endloop
  endfacet
  facet normal 0 0.39391 0.919149
    outer loop
      vertex -53.5 138 -49
      vertex -65.5 140.5 -50.0714
      vertex -65.5 138 -49
    endloop
  endfacet
  facet normal 0 0 -1
    outer loop
      vertex -43.8064 112.25 -3
      vertex -41.9301 120.5 -3
      vertex -39.765 119.25 -3
    endloop
  endfacet
  facet normal 0 0 -1
    outer loop
      vertex -45.9715 113.5 -3
      vertex -43.8064 112.25 -3
      vertex -45.9715 111 -3
    endloop
  endfacet
  facet normal 0 0 -1
    outer loop
      vertex -43.8064 112.25 -3
      vertex -45.9715 113.5 -3
      vertex -41.9301 120.5 -3
    endloop
  endfacet
  facet normal 0 0 -1
    outer loop
      vertex -54.0544 111 -3
      vertex -45.9715 113.5 -3
      vertex -45.9715 111 -3
    endloop
  endfacet
  facet normal 0 0 -1
    outer loop
      vertex -54.0544 111 -3
      vertex -54.0544 113.5 -3
      vertex -45.9715 113.5 -3
    endloop
  endfacet
  facet normal 0 0 -1
    outer loop
      vertex -58.0959 104 -3
      vertex -54.0544 113.5 -3
      vertex -54.0544 111 -3
    endloop
  endfacet
  facet normal -0 0 -1
    outer loop
      vertex -54.0544 113.5 -3
      vertex -58.0959 104 -3
      vertex -58.0959 120.5 -3
    endloop
  endfacet
  facet normal 0 0 -1
    outer loop
      vertex -41.9301 21.5 -3
      vertex -43.8064 29.75 -3
      vertex -39.765 22.75 -3
    endloop
  endfacet
  facet normal 0 -0 -1
    outer loop
      vertex -43.8064 29.75 -3
      vertex -41.9301 21.5 -3
      vertex -45.9715 28.5 -3
    endloop
  endfacet
  facet normal 0 0 -1
    outer loop
      vertex -41.9301 38 -3
      vertex -43.8064 46.25 -3
      vertex -39.765 39.25 -3
    endloop
  endfacet
  facet normal 0 -0 -1
    outer loop
      vertex -43.8064 46.25 -3
      vertex -41.9301 38 -3
      vertex -45.9715 45 -3
    endloop
  endfacet
  facet normal 0 0 -1
    outer loop
      vertex -41.9301 54.5 -3
      vertex -43.8064 62.75 -3
      vertex -39.765 55.75 -3
    endloop
  endfacet
  facet normal 0 -0 -1
    outer loop
      vertex -43.8064 62.75 -3
      vertex -41.9301 54.5 -3
      vertex -45.9715 61.5 -3
    endloop
  endfacet
  facet normal 0 0 -1
    outer loop
      vertex -41.9301 71 -3
      vertex -43.8064 79.25 -3
      vertex -39.765 72.25 -3
    endloop
  endfacet
  facet normal 0 -0 -1
    outer loop
      vertex -43.8064 79.25 -3
      vertex -41.9301 71 -3
      vertex -45.9715 78 -3
    endloop
  endfacet
  facet normal 0 0 -1
    outer loop
      vertex -41.9301 87.5 -3
      vertex -43.8064 95.75 -3
      vertex -39.765 88.75 -3
    endloop
  endfacet
  facet normal 0 -0 -1
    outer loop
      vertex -43.8064 95.75 -3
      vertex -41.9301 87.5 -3
      vertex -45.9715 94.5 -3
    endloop
  endfacet
  facet normal 0 0 -1
    outer loop
      vertex -41.9301 104 -3
      vertex -43.8064 112.25 -3
      vertex -39.765 105.25 -3
    endloop
  endfacet
  facet normal 0 -0 -1
    outer loop
      vertex -43.8064 112.25 -3
      vertex -41.9301 104 -3
      vertex -45.9715 111 -3
    endloop
  endfacet
  facet normal 0 0 -1
    outer loop
      vertex -27.6406 29.75 -3
      vertex -29.517 38 -3
      vertex -25.4756 31 -3
    endloop
  endfacet
  facet normal 0 -0 -1
    outer loop
      vertex -29.517 38 -3
      vertex -27.6406 29.75 -3
      vertex -31.6821 36.75 -3
    endloop
  endfacet
  facet normal 0 0 -1
    outer loop
      vertex -27.6406 46.25 -3
      vertex -29.517 54.5 -3
      vertex -25.4756 47.5 -3
    endloop
  endfacet
  facet normal 0 -0 -1
    outer loop
      vertex -29.517 54.5 -3
      vertex -27.6406 46.25 -3
      vertex -31.6821 53.25 -3
    endloop
  endfacet
  facet normal 0 0 -1
    outer loop
      vertex -27.6406 62.75 -3
      vertex -29.517 71 -3
      vertex -25.4756 64 -3
    endloop
  endfacet
  facet normal 0 -0 -1
    outer loop
      vertex -29.517 71 -3
      vertex -27.6406 62.75 -3
      vertex -31.6821 69.75 -3
    endloop
  endfacet
  facet normal 0 0 -1
    outer loop
      vertex -27.6406 79.25 -3
      vertex -29.517 87.5 -3
      vertex -25.4756 80.5 -3
    endloop
  endfacet
  facet normal 0 -0 -1
    outer loop
      vertex -29.517 87.5 -3
      vertex -27.6406 79.25 -3
      vertex -31.6821 86.25 -3
    endloop
  endfacet
  facet normal 0 0 -1
    outer loop
      vertex -27.6406 95.75 -3
      vertex -29.517 104 -3
      vertex -25.4756 97 -3
    endloop
  endfacet
  facet normal 0 -0 -1
    outer loop
      vertex -29.517 104 -3
      vertex -27.6406 95.75 -3
      vertex -31.6821 102.75 -3
    endloop
  endfacet
  facet normal 0 0 -1
    outer loop
      vertex -27.6406 112.25 -3
      vertex -29.517 120.5 -3
      vertex -25.4756 113.5 -3
    endloop
  endfacet
  facet normal 0 -0 -1
    outer loop
      vertex -29.517 120.5 -3
      vertex -27.6406 112.25 -3
      vertex -31.6821 119.25 -3
    endloop
  endfacet
  facet normal 0 0 -1
    outer loop
      vertex -15.2276 112.25 -3
      vertex -13.3512 120.5 -3
      vertex -11.1862 119.25 -3
    endloop
  endfacet
  facet normal 0 0 -1
    outer loop
      vertex -17.3927 113.5 -3
      vertex -15.2276 112.25 -3
      vertex -17.3927 111 -3
    endloop
  endfacet
  facet normal 0 0 -1
    outer loop
      vertex -15.2276 112.25 -3
      vertex -17.3927 113.5 -3
      vertex -13.3512 120.5 -3
    endloop
  endfacet
  facet normal 0 0 -1
    outer loop
      vertex -25.4756 111 -3
      vertex -17.3927 113.5 -3
      vertex -17.3927 111 -3
    endloop
  endfacet
  facet normal 0 0 -1
    outer loop
      vertex -25.4756 111 -3
      vertex -25.4756 113.5 -3
      vertex -17.3927 113.5 -3
    endloop
  endfacet
  facet normal 0 0 -1
    outer loop
      vertex -25.4756 111 -3
      vertex -27.6406 112.25 -3
      vertex -25.4756 113.5 -3
    endloop
  endfacet
  facet normal 0 0 -1
    outer loop
      vertex -29.517 104 -3
      vertex -27.6406 112.25 -3
      vertex -25.4756 111 -3
    endloop
  endfacet
  facet normal 0 0 -1
    outer loop
      vertex -31.6821 105.25 -3
      vertex -29.517 104 -3
      vertex -31.6821 102.75 -3
    endloop
  endfacet
  facet normal 0 0 -1
    outer loop
      vertex -29.517 104 -3
      vertex -31.6821 105.25 -3
      vertex -27.6406 112.25 -3
    endloop
  endfacet
  facet normal 0 0 -1
    outer loop
      vertex -39.765 102.75 -3
      vertex -31.6821 105.25 -3
      vertex -31.6821 102.75 -3
    endloop
  endfacet
  facet normal 0 0 -1
    outer loop
      vertex -39.765 102.75 -3
      vertex -39.765 105.25 -3
      vertex -31.6821 105.25 -3
    endloop
  endfacet
  facet normal 0 0 -1
    outer loop
      vertex -39.765 102.75 -3
      vertex -41.9301 104 -3
      vertex -39.765 105.25 -3
    endloop
  endfacet
  facet normal 0 0 -1
    outer loop
      vertex -43.8064 95.75 -3
      vertex -41.9301 104 -3
      vertex -39.765 102.75 -3
    endloop
  endfacet
  facet normal 0 0 -1
    outer loop
      vertex -45.9715 97 -3
      vertex -43.8064 95.75 -3
      vertex -45.9715 94.5 -3
    endloop
  endfacet
  facet normal 0 0 -1
    outer loop
      vertex -43.8064 95.75 -3
      vertex -45.9715 97 -3
      vertex -41.9301 104 -3
    endloop
  endfacet
  facet normal 0 0 -1
    outer loop
      vertex -54.0544 94.5 -3
      vertex -45.9715 97 -3
      vertex -45.9715 94.5 -3
    endloop
  endfacet
  facet normal 0 0 -1
    outer loop
      vertex -54.0544 94.5 -3
      vertex -54.0544 97 -3
      vertex -45.9715 97 -3
    endloop
  endfacet
  facet normal 0 0 -1
    outer loop
      vertex -58.0959 87.5 -3
      vertex -54.0544 97 -3
      vertex -54.0544 94.5 -3
    endloop
  endfacet
  facet normal -0 0 -1
    outer loop
      vertex -54.0544 97 -3
      vertex -58.0959 87.5 -3
      vertex -58.0959 104 -3
    endloop
  endfacet
  facet normal 0 0 -1
    outer loop
      vertex -13.3512 21.5 -3
      vertex -15.2276 29.75 -3
      vertex -11.1862 22.75 -3
    endloop
  endfacet
  facet normal 0 -0 -1
    outer loop
      vertex -15.2276 29.75 -3
      vertex -13.3512 21.5 -3
      vertex -17.3927 28.5 -3
    endloop
  endfacet
  facet normal 0 0 -1
    outer loop
      vertex -13.3512 38 -3
      vertex -15.2276 46.25 -3
      vertex -11.1862 39.25 -3
    endloop
  endfacet
  facet normal 0 -0 -1
    outer loop
      vertex -15.2276 46.25 -3
      vertex -13.3512 38 -3
      vertex -17.3927 45 -3
    endloop
  endfacet
  facet normal 0 0 -1
    outer loop
      vertex -13.3512 54.5 -3
      vertex -15.2276 62.75 -3
      vertex -11.1862 55.75 -3
    endloop
  endfacet
  facet normal 0 -0 -1
    outer loop
      vertex -15.2276 62.75 -3
      vertex -13.3512 54.5 -3
      vertex -17.3927 61.5 -3
    endloop
  endfacet
  facet normal 0 0 -1
    outer loop
      vertex -13.3512 71 -3
      vertex -15.2276 79.25 -3
      vertex -11.1862 72.25 -3
    endloop
  endfacet
  facet normal 0 -0 -1
    outer loop
      vertex -15.2276 79.25 -3
      vertex -13.3512 71 -3
      vertex -17.3927 78 -3
    endloop
  endfacet
  facet normal 0 0 -1
    outer loop
      vertex -13.3512 87.5 -3
      vertex -15.2276 95.75 -3
      vertex -11.1862 88.75 -3
    endloop
  endfacet
  facet normal 0 -0 -1
    outer loop
      vertex -15.2276 95.75 -3
      vertex -13.3512 87.5 -3
      vertex -17.3927 94.5 -3
    endloop
  endfacet
  facet normal 0 0 -1
    outer loop
      vertex -13.3512 104 -3
      vertex -15.2276 112.25 -3
      vertex -11.1862 105.25 -3
    endloop
  endfacet
  facet normal 0 -0 -1
    outer loop
      vertex -15.2276 112.25 -3
      vertex -13.3512 104 -3
      vertex -17.3927 111 -3
    endloop
  endfacet
  facet normal 0 0 -1
    outer loop
      vertex 0.938187 29.75 -3
      vertex -0.938187 38 -3
      vertex 3.10326 31 -3
    endloop
  endfacet
  facet normal 0 -0 -1
    outer loop
      vertex -0.938187 38 -3
      vertex 0.938187 29.75 -3
      vertex -3.10326 36.75 -3
    endloop
  endfacet
  facet normal 0 0 -1
    outer loop
      vertex 0.938187 46.25 -3
      vertex -0.938187 54.5 -3
      vertex 3.10326 47.5 -3
    endloop
  endfacet
  facet normal 0 -0 -1
    outer loop
      vertex -0.938187 54.5 -3
      vertex 0.938187 46.25 -3
      vertex -3.10326 53.25 -3
    endloop
  endfacet
  facet normal 0 0 -1
    outer loop
      vertex 0.938187 62.75 -3
      vertex -0.938187 71 -3
      vertex 3.10326 64 -3
    endloop
  endfacet
  facet normal 0 -0 -1
    outer loop
      vertex -0.938187 71 -3
      vertex 0.938187 62.75 -3
      vertex -3.10326 69.75 -3
    endloop
  endfacet
  facet normal 0 0 -1
    outer loop
      vertex 0.938187 79.25 -3
      vertex -0.938187 87.5 -3
      vertex 3.10326 80.5 -3
    endloop
  endfacet
  facet normal 0 -0 -1
    outer loop
      vertex -0.938187 87.5 -3
      vertex 0.938187 79.25 -3
      vertex -3.10326 86.25 -3
    endloop
  endfacet
  facet normal 0 0 -1
    outer loop
      vertex 0.938187 95.75 -3
      vertex -0.938187 104 -3
      vertex 3.10326 97 -3
    endloop
  endfacet
  facet normal 0 -0 -1
    outer loop
      vertex -0.938187 104 -3
      vertex 0.938187 95.75 -3
      vertex -3.10326 102.75 -3
    endloop
  endfacet
  facet normal 0 0 -1
    outer loop
      vertex 0.938187 112.25 -3
      vertex -0.938187 120.5 -3
      vertex 3.10326 113.5 -3
    endloop
  endfacet
  facet normal 0 -0 -1
    outer loop
      vertex -0.938187 120.5 -3
      vertex 0.938187 112.25 -3
      vertex -3.10326 119.25 -3
    endloop
  endfacet
  facet normal 0 0 -1
    outer loop
      vertex 13.3512 112.25 -3
      vertex 15.2276 120.5 -3
      vertex 17.3927 119.25 -3
    endloop
  endfacet
  facet normal 0 0 -1
    outer loop
      vertex 11.1862 113.5 -3
      vertex 13.3512 112.25 -3
      vertex 11.1862 111 -3
    endloop
  endfacet
  facet normal 0 0 -1
    outer loop
      vertex 13.3512 112.25 -3
      vertex 11.1862 113.5 -3
      vertex 15.2276 120.5 -3
    endloop
  endfacet
  facet normal 0 0 -1
    outer loop
      vertex 3.10326 111 -3
      vertex 11.1862 113.5 -3
      vertex 11.1862 111 -3
    endloop
  endfacet
  facet normal 0 0 -1
    outer loop
      vertex 3.10326 111 -3
      vertex 3.10326 113.5 -3
      vertex 11.1862 113.5 -3
    endloop
  endfacet
  facet normal 0 0 -1
    outer loop
      vertex 3.10326 111 -3
      vertex 0.938187 112.25 -3
      vertex 3.10326 113.5 -3
    endloop
  endfacet
  facet normal 0 0 -1
    outer loop
      vertex -0.938187 104 -3
      vertex 0.938187 112.25 -3
      vertex 3.10326 111 -3
    endloop
  endfacet
  facet normal 0 0 -1
    outer loop
      vertex -3.10326 105.25 -3
      vertex -0.938187 104 -3
      vertex -3.10326 102.75 -3
    endloop
  endfacet
  facet normal 0 0 -1
    outer loop
      vertex -0.938187 104 -3
      vertex -3.10326 105.25 -3
      vertex 0.938187 112.25 -3
    endloop
  endfacet
  facet normal 0 0 -1
    outer loop
      vertex -11.1862 102.75 -3
      vertex -3.10326 105.25 -3
      vertex -3.10326 102.75 -3
    endloop
  endfacet
  facet normal 0 0 -1
    outer loop
      vertex -11.1862 102.75 -3
      vertex -11.1862 105.25 -3
      vertex -3.10326 105.25 -3
    endloop
  endfacet
  facet normal 0 0 -1
    outer loop
      vertex -11.1862 102.75 -3
      vertex -13.3512 104 -3
      vertex -11.1862 105.25 -3
    endloop
  endfacet
  facet normal 0 0 -1
    outer loop
      vertex -15.2276 95.75 -3
      vertex -13.3512 104 -3
      vertex -11.1862 102.75 -3
    endloop
  endfacet
  facet normal 0 0 -1
    outer loop
      vertex -17.3927 97 -3
      vertex -15.2276 95.75 -3
      vertex -17.3927 94.5 -3
    endloop
  endfacet
  facet normal 0 0 -1
    outer loop
      vertex -15.2276 95.75 -3
      vertex -17.3927 97 -3
      vertex -13.3512 104 -3
    endloop
  endfacet
  facet normal 0 0 -1
    outer loop
      vertex -25.4756 94.5 -3
      vertex -17.3927 97 -3
      vertex -17.3927 94.5 -3
    endloop
  endfacet
  facet normal 0 0 -1
    outer loop
      vertex -25.4756 94.5 -3
      vertex -25.4756 97 -3
      vertex -17.3927 97 -3
    endloop
  endfacet
  facet normal 0 0 -1
    outer loop
      vertex -25.4756 94.5 -3
      vertex -27.6406 95.75 -3
      vertex -25.4756 97 -3
    endloop
  endfacet
  facet normal 0 0 -1
    outer loop
      vertex -29.517 87.5 -3
      vertex -27.6406 95.75 -3
      vertex -25.4756 94.5 -3
    endloop
  endfacet
  facet normal 0 0 -1
    outer loop
      vertex -31.6821 88.75 -3
      vertex -29.517 87.5 -3
      vertex -31.6821 86.25 -3
    endloop
  endfacet
  facet normal 0 0 -1
    outer loop
      vertex -29.517 87.5 -3
      vertex -31.6821 88.75 -3
      vertex -27.6406 95.75 -3
    endloop
  endfacet
  facet normal 0 0 -1
    outer loop
      vertex -39.765 86.25 -3
      vertex -31.6821 88.75 -3
      vertex -31.6821 86.25 -3
    endloop
  endfacet
  facet normal 0 0 -1
    outer loop
      vertex -39.765 86.25 -3
      vertex -39.765 88.75 -3
      vertex -31.6821 88.75 -3
    endloop
  endfacet
  facet normal 0 0 -1
    outer loop
      vertex -39.765 86.25 -3
      vertex -41.9301 87.5 -3
      vertex -39.765 88.75 -3
    endloop
  endfacet
  facet normal 0 0 -1
    outer loop
      vertex -43.8064 79.25 -3
      vertex -41.9301 87.5 -3
      vertex -39.765 86.25 -3
    endloop
  endfacet
  facet normal 0 0 -1
    outer loop
      vertex -45.9715 80.5 -3
      vertex -43.8064 79.25 -3
      vertex -45.9715 78 -3
    endloop
  endfacet
  facet normal 0 0 -1
    outer loop
      vertex -43.8064 79.25 -3
      vertex -45.9715 80.5 -3
      vertex -41.9301 87.5 -3
    endloop
  endfacet
  facet normal 0 0 -1
    outer loop
      vertex -54.0544 78 -3
      vertex -45.9715 80.5 -3
      vertex -45.9715 78 -3
    endloop
  endfacet
  facet normal 0 0 -1
    outer loop
      vertex -54.0544 78 -3
      vertex -54.0544 80.5 -3
      vertex -45.9715 80.5 -3
    endloop
  endfacet
  facet normal 0 0 -1
    outer loop
      vertex -58.0959 71 -3
      vertex -54.0544 80.5 -3
      vertex -54.0544 78 -3
    endloop
  endfacet
  facet normal -0 0 -1
    outer loop
      vertex -54.0544 80.5 -3
      vertex -58.0959 71 -3
      vertex -58.0959 87.5 -3
    endloop
  endfacet
  facet normal 0 0 -1
    outer loop
      vertex 15.2276 21.5 -3
      vertex 13.3512 29.75 -3
      vertex 17.3927 22.75 -3
    endloop
  endfacet
  facet normal 0 -0 -1
    outer loop
      vertex 13.3512 29.75 -3
      vertex 15.2276 21.5 -3
      vertex 11.1862 28.5 -3
    endloop
  endfacet
  facet normal 0 0 -1
    outer loop
      vertex 15.2276 38 -3
      vertex 13.3512 46.25 -3
      vertex 17.3927 39.25 -3
    endloop
  endfacet
  facet normal 0 -0 -1
    outer loop
      vertex 13.3512 46.25 -3
      vertex 15.2276 38 -3
      vertex 11.1862 45 -3
    endloop
  endfacet
  facet normal 0 0 -1
    outer loop
      vertex 15.2276 54.5 -3
      vertex 13.3512 62.75 -3
      vertex 17.3927 55.75 -3
    endloop
  endfacet
  facet normal 0 -0 -1
    outer loop
      vertex 13.3512 62.75 -3
      vertex 15.2276 54.5 -3
      vertex 11.1862 61.5 -3
    endloop
  endfacet
  facet normal 0 0 -1
    outer loop
      vertex 15.2276 71 -3
      vertex 13.3512 79.25 -3
      vertex 17.3927 72.25 -3
    endloop
  endfacet
  facet normal 0 -0 -1
    outer loop
      vertex 13.3512 79.25 -3
      vertex 15.2276 71 -3
      vertex 11.1862 78 -3
    endloop
  endfacet
  facet normal 0 0 -1
    outer loop
      vertex 15.2276 87.5 -3
      vertex 13.3512 95.75 -3
      vertex 17.3927 88.75 -3
    endloop
  endfacet
  facet normal 0 -0 -1
    outer loop
      vertex 13.3512 95.75 -3
      vertex 15.2276 87.5 -3
      vertex 11.1862 94.5 -3
    endloop
  endfacet
  facet normal 0 0 -1
    outer loop
      vertex 15.2276 104 -3
      vertex 13.3512 112.25 -3
      vertex 17.3927 105.25 -3
    endloop
  endfacet
  facet normal 0 -0 -1
    outer loop
      vertex 13.3512 112.25 -3
      vertex 15.2276 104 -3
      vertex 11.1862 111 -3
    endloop
  endfacet
  facet normal 0 0 -1
    outer loop
      vertex 29.517 29.75 -3
      vertex 27.6406 38 -3
      vertex 31.6821 31 -3
    endloop
  endfacet
  facet normal 0 -0 -1
    outer loop
      vertex 27.6406 38 -3
      vertex 29.517 29.75 -3
      vertex 25.4756 36.75 -3
    endloop
  endfacet
  facet normal 0 0 -1
    outer loop
      vertex 29.517 46.25 -3
      vertex 27.6406 54.5 -3
      vertex 31.6821 47.5 -3
    endloop
  endfacet
  facet normal 0 -0 -1
    outer loop
      vertex 27.6406 54.5 -3
      vertex 29.517 46.25 -3
      vertex 25.4756 53.25 -3
    endloop
  endfacet
  facet normal 0 0 -1
    outer loop
      vertex 29.517 62.75 -3
      vertex 27.6406 71 -3
      vertex 31.6821 64 -3
    endloop
  endfacet
  facet normal 0 -0 -1
    outer loop
      vertex 27.6406 71 -3
      vertex 29.517 62.75 -3
      vertex 25.4756 69.75 -3
    endloop
  endfacet
  facet normal 0 0 -1
    outer loop
      vertex 29.517 79.25 -3
      vertex 27.6406 87.5 -3
      vertex 31.6821 80.5 -3
    endloop
  endfacet
  facet normal 0 -0 -1
    outer loop
      vertex 27.6406 87.5 -3
      vertex 29.517 79.25 -3
      vertex 25.4756 86.25 -3
    endloop
  endfacet
  facet normal 0 0 -1
    outer loop
      vertex 29.517 95.75 -3
      vertex 27.6406 104 -3
      vertex 31.6821 97 -3
    endloop
  endfacet
  facet normal 0 -0 -1
    outer loop
      vertex 27.6406 104 -3
      vertex 29.517 95.75 -3
      vertex 25.4756 102.75 -3
    endloop
  endfacet
  facet normal 0 0 -1
    outer loop
      vertex 29.517 112.25 -3
      vertex 27.6406 120.5 -3
      vertex 31.6821 113.5 -3
    endloop
  endfacet
  facet normal 0 -0 -1
    outer loop
      vertex 27.6406 120.5 -3
      vertex 29.517 112.25 -3
      vertex 25.4756 119.25 -3
    endloop
  endfacet
  facet normal 0 0 -1
    outer loop
      vertex 41.9301 112.25 -3
      vertex 43.8064 120.5 -3
      vertex 45.9715 119.25 -3
    endloop
  endfacet
  facet normal 0 0 -1
    outer loop
      vertex 39.765 113.5 -3
      vertex 41.9301 112.25 -3
      vertex 39.765 111 -3
    endloop
  endfacet
  facet normal 0 0 -1
    outer loop
      vertex 41.9301 112.25 -3
      vertex 39.765 113.5 -3
      vertex 43.8064 120.5 -3
    endloop
  endfacet
  facet normal 0 0 -1
    outer loop
      vertex 31.6821 111 -3
      vertex 39.765 113.5 -3
      vertex 39.765 111 -3
    endloop
  endfacet
  facet normal 0 0 -1
    outer loop
      vertex 31.6821 111 -3
      vertex 31.6821 113.5 -3
      vertex 39.765 113.5 -3
    endloop
  endfacet
  facet normal 0 0 -1
    outer loop
      vertex 31.6821 111 -3
      vertex 29.517 112.25 -3
      vertex 31.6821 113.5 -3
    endloop
  endfacet
  facet normal 0 0 -1
    outer loop
      vertex 27.6406 104 -3
      vertex 29.517 112.25 -3
      vertex 31.6821 111 -3
    endloop
  endfacet
  facet normal 0 0 -1
    outer loop
      vertex 25.4756 105.25 -3
      vertex 27.6406 104 -3
      vertex 25.4756 102.75 -3
    endloop
  endfacet
  facet normal 0 0 -1
    outer loop
      vertex 27.6406 104 -3
      vertex 25.4756 105.25 -3
      vertex 29.517 112.25 -3
    endloop
  endfacet
  facet normal 0 0 -1
    outer loop
      vertex 17.3927 102.75 -3
      vertex 25.4756 105.25 -3
      vertex 25.4756 102.75 -3
    endloop
  endfacet
  facet normal 0 0 -1
    outer loop
      vertex 17.3927 102.75 -3
      vertex 17.3927 105.25 -3
      vertex 25.4756 105.25 -3
    endloop
  endfacet
  facet normal 0 0 -1
    outer loop
      vertex 17.3927 102.75 -3
      vertex 15.2276 104 -3
      vertex 17.3927 105.25 -3
    endloop
  endfacet
  facet normal 0 0 -1
    outer loop
      vertex 13.3512 95.75 -3
      vertex 15.2276 104 -3
      vertex 17.3927 102.75 -3
    endloop
  endfacet
  facet normal 0 0 -1
    outer loop
      vertex 11.1862 97 -3
      vertex 13.3512 95.75 -3
      vertex 11.1862 94.5 -3
    endloop
  endfacet
  facet normal 0 0 -1
    outer loop
      vertex 13.3512 95.75 -3
      vertex 11.1862 97 -3
      vertex 15.2276 104 -3
    endloop
  endfacet
  facet normal 0 0 -1
    outer loop
      vertex 3.10326 94.5 -3
      vertex 11.1862 97 -3
      vertex 11.1862 94.5 -3
    endloop
  endfacet
  facet normal 0 0 -1
    outer loop
      vertex 3.10326 94.5 -3
      vertex 3.10326 97 -3
      vertex 11.1862 97 -3
    endloop
  endfacet
  facet normal 0 0 -1
    outer loop
      vertex 3.10326 94.5 -3
      vertex 0.938187 95.75 -3
      vertex 3.10326 97 -3
    endloop
  endfacet
  facet normal 0 0 -1
    outer loop
      vertex -0.938187 87.5 -3
      vertex 0.938187 95.75 -3
      vertex 3.10326 94.5 -3
    endloop
  endfacet
  facet normal 0 0 -1
    outer loop
      vertex -3.10326 88.75 -3
      vertex -0.938187 87.5 -3
      vertex -3.10326 86.25 -3
    endloop
  endfacet
  facet normal 0 0 -1
    outer loop
      vertex -0.938187 87.5 -3
      vertex -3.10326 88.75 -3
      vertex 0.938187 95.75 -3
    endloop
  endfacet
  facet normal 0 0 -1
    outer loop
      vertex -11.1862 86.25 -3
      vertex -3.10326 88.75 -3
      vertex -3.10326 86.25 -3
    endloop
  endfacet
  facet normal 0 0 -1
    outer loop
      vertex -11.1862 86.25 -3
      vertex -11.1862 88.75 -3
      vertex -3.10326 88.75 -3
    endloop
  endfacet
  facet normal 0 0 -1
    outer loop
      vertex -11.1862 86.25 -3
      vertex -13.3512 87.5 -3
      vertex -11.1862 88.75 -3
    endloop
  endfacet
  facet normal 0 0 -1
    outer loop
      vertex -15.2276 79.25 -3
      vertex -13.3512 87.5 -3
      vertex -11.1862 86.25 -3
    endloop
  endfacet
  facet normal 0 0 -1
    outer loop
      vertex -17.3927 80.5 -3
      vertex -15.2276 79.25 -3
      vertex -17.3927 78 -3
    endloop
  endfacet
  facet normal 0 0 -1
    outer loop
      vertex -15.2276 79.25 -3
      vertex -17.3927 80.5 -3
      vertex -13.3512 87.5 -3
    endloop
  endfacet
  facet normal 0 0 -1
    outer loop
      vertex -25.4756 78 -3
      vertex -17.3927 80.5 -3
      vertex -17.3927 78 -3
    endloop
  endfacet
  facet normal 0 0 -1
    outer loop
      vertex -25.4756 78 -3
      vertex -25.4756 80.5 -3
      vertex -17.3927 80.5 -3
    endloop
  endfacet
  facet normal 0 0 -1
    outer loop
      vertex -25.4756 78 -3
      vertex -27.6406 79.25 -3
      vertex -25.4756 80.5 -3
    endloop
  endfacet
  facet normal 0 0 -1
    outer loop
      vertex -29.517 71 -3
      vertex -27.6406 79.25 -3
      vertex -25.4756 78 -3
    endloop
  endfacet
  facet normal 0 0 -1
    outer loop
      vertex -31.6821 72.25 -3
      vertex -29.517 71 -3
      vertex -31.6821 69.75 -3
    endloop
  endfacet
  facet normal 0 0 -1
    outer loop
      vertex -29.517 71 -3
      vertex -31.6821 72.25 -3
      vertex -27.6406 79.25 -3
    endloop
  endfacet
  facet normal 0 0 -1
    outer loop
      vertex -39.765 69.75 -3
      vertex -31.6821 72.25 -3
      vertex -31.6821 69.75 -3
    endloop
  endfacet
  facet normal 0 0 -1
    outer loop
      vertex -39.765 69.75 -3
      vertex -39.765 72.25 -3
      vertex -31.6821 72.25 -3
    endloop
  endfacet
  facet normal 0 0 -1
    outer loop
      vertex -39.765 69.75 -3
      vertex -41.9301 71 -3
      vertex -39.765 72.25 -3
    endloop
  endfacet
  facet normal 0 0 -1
    outer loop
      vertex -43.8064 62.75 -3
      vertex -41.9301 71 -3
      vertex -39.765 69.75 -3
    endloop
  endfacet
  facet normal 0 0 -1
    outer loop
      vertex -45.9715 64 -3
      vertex -43.8064 62.75 -3
      vertex -45.9715 61.5 -3
    endloop
  endfacet
  facet normal 0 0 -1
    outer loop
      vertex -43.8064 62.75 -3
      vertex -45.9715 64 -3
      vertex -41.9301 71 -3
    endloop
  endfacet
  facet normal 0 0 -1
    outer loop
      vertex -54.0544 61.5 -3
      vertex -45.9715 64 -3
      vertex -45.9715 61.5 -3
    endloop
  endfacet
  facet normal 0 0 -1
    outer loop
      vertex -54.0544 61.5 -3
      vertex -54.0544 64 -3
      vertex -45.9715 64 -3
    endloop
  endfacet
  facet normal 0 0 -1
    outer loop
      vertex -58.0959 54.5 -3
      vertex -54.0544 64 -3
      vertex -54.0544 61.5 -3
    endloop
  endfacet
  facet normal -0 0 -1
    outer loop
      vertex -54.0544 64 -3
      vertex -58.0959 54.5 -3
      vertex -58.0959 71 -3
    endloop
  endfacet
  facet normal 0 0 -1
    outer loop
      vertex 54.0544 102.75 -3
      vertex 58.0959 112.25 -3
      vertex 58.0959 95.75 -3
    endloop
  endfacet
  facet normal 0 0 -1
    outer loop
      vertex 54.0544 102.75 -3
      vertex 54.0544 105.25 -3
      vertex 58.0959 112.25 -3
    endloop
  endfacet
  facet normal 0 0 -1
    outer loop
      vertex 45.9715 102.75 -3
      vertex 54.0544 105.25 -3
      vertex 54.0544 102.75 -3
    endloop
  endfacet
  facet normal 0 0 -1
    outer loop
      vertex 45.9715 102.75 -3
      vertex 45.9715 105.25 -3
      vertex 54.0544 105.25 -3
    endloop
  endfacet
  facet normal 0 0 -1
    outer loop
      vertex 45.9715 102.75 -3
      vertex 43.8064 104 -3
      vertex 45.9715 105.25 -3
    endloop
  endfacet
  facet normal 0 0 -1
    outer loop
      vertex 41.9301 95.75 -3
      vertex 43.8064 104 -3
      vertex 45.9715 102.75 -3
    endloop
  endfacet
  facet normal 0 0 -1
    outer loop
      vertex 39.765 97 -3
      vertex 41.9301 95.75 -3
      vertex 39.765 94.5 -3
    endloop
  endfacet
  facet normal 0 0 -1
    outer loop
      vertex 41.9301 95.75 -3
      vertex 39.765 97 -3
      vertex 43.8064 104 -3
    endloop
  endfacet
  facet normal 0 0 -1
    outer loop
      vertex 31.6821 94.5 -3
      vertex 39.765 97 -3
      vertex 39.765 94.5 -3
    endloop
  endfacet
  facet normal 0 0 -1
    outer loop
      vertex 31.6821 94.5 -3
      vertex 31.6821 97 -3
      vertex 39.765 97 -3
    endloop
  endfacet
  facet normal 0 0 -1
    outer loop
      vertex 31.6821 94.5 -3
      vertex 29.517 95.75 -3
      vertex 31.6821 97 -3
    endloop
  endfacet
  facet normal 0 0 -1
    outer loop
      vertex 27.6406 87.5 -3
      vertex 29.517 95.75 -3
      vertex 31.6821 94.5 -3
    endloop
  endfacet
  facet normal 0 0 -1
    outer loop
      vertex 25.4756 88.75 -3
      vertex 27.6406 87.5 -3
      vertex 25.4756 86.25 -3
    endloop
  endfacet
  facet normal 0 0 -1
    outer loop
      vertex 27.6406 87.5 -3
      vertex 25.4756 88.75 -3
      vertex 29.517 95.75 -3
    endloop
  endfacet
  facet normal 0 0 -1
    outer loop
      vertex 17.3927 86.25 -3
      vertex 25.4756 88.75 -3
      vertex 25.4756 86.25 -3
    endloop
  endfacet
  facet normal 0 0 -1
    outer loop
      vertex 17.3927 86.25 -3
      vertex 17.3927 88.75 -3
      vertex 25.4756 88.75 -3
    endloop
  endfacet
  facet normal 0 0 -1
    outer loop
      vertex 17.3927 86.25 -3
      vertex 15.2276 87.5 -3
      vertex 17.3927 88.75 -3
    endloop
  endfacet
  facet normal 0 0 -1
    outer loop
      vertex 13.3512 79.25 -3
      vertex 15.2276 87.5 -3
      vertex 17.3927 86.25 -3
    endloop
  endfacet
  facet normal 0 0 -1
    outer loop
      vertex 11.1862 80.5 -3
      vertex 13.3512 79.25 -3
      vertex 11.1862 78 -3
    endloop
  endfacet
  facet normal 0 0 -1
    outer loop
      vertex 13.3512 79.25 -3
      vertex 11.1862 80.5 -3
      vertex 15.2276 87.5 -3
    endloop
  endfacet
  facet normal 0 0 -1
    outer loop
      vertex 3.10326 78 -3
      vertex 11.1862 80.5 -3
      vertex 11.1862 78 -3
    endloop
  endfacet
  facet normal 0 0 -1
    outer loop
      vertex 3.10326 78 -3
      vertex 3.10326 80.5 -3
      vertex 11.1862 80.5 -3
    endloop
  endfacet
  facet normal 0 0 -1
    outer loop
      vertex 3.10326 78 -3
      vertex 0.938187 79.25 -3
      vertex 3.10326 80.5 -3
    endloop
  endfacet
  facet normal 0 0 -1
    outer loop
      vertex -0.938187 71 -3
      vertex 0.938187 79.25 -3
      vertex 3.10326 78 -3
    endloop
  endfacet
  facet normal 0 0 -1
    outer loop
      vertex -3.10326 72.25 -3
      vertex -0.938187 71 -3
      vertex -3.10326 69.75 -3
    endloop
  endfacet
  facet normal 0 0 -1
    outer loop
      vertex -0.938187 71 -3
      vertex -3.10326 72.25 -3
      vertex 0.938187 79.25 -3
    endloop
  endfacet
  facet normal 0 0 -1
    outer loop
      vertex -11.1862 69.75 -3
      vertex -3.10326 72.25 -3
      vertex -3.10326 69.75 -3
    endloop
  endfacet
  facet normal 0 0 -1
    outer loop
      vertex -11.1862 69.75 -3
      vertex -11.1862 72.25 -3
      vertex -3.10326 72.25 -3
    endloop
  endfacet
  facet normal 0 0 -1
    outer loop
      vertex -11.1862 69.75 -3
      vertex -13.3512 71 -3
      vertex -11.1862 72.25 -3
    endloop
  endfacet
  facet normal 0 0 -1
    outer loop
      vertex -15.2276 62.75 -3
      vertex -13.3512 71 -3
      vertex -11.1862 69.75 -3
    endloop
  endfacet
  facet normal 0 0 -1
    outer loop
      vertex -17.3927 64 -3
      vertex -15.2276 62.75 -3
      vertex -17.3927 61.5 -3
    endloop
  endfacet
  facet normal 0 0 -1
    outer loop
      vertex -15.2276 62.75 -3
      vertex -17.3927 64 -3
      vertex -13.3512 71 -3
    endloop
  endfacet
  facet normal 0 0 -1
    outer loop
      vertex -25.4756 61.5 -3
      vertex -17.3927 64 -3
      vertex -17.3927 61.5 -3
    endloop
  endfacet
  facet normal 0 0 -1
    outer loop
      vertex -25.4756 61.5 -3
      vertex -25.4756 64 -3
      vertex -17.3927 64 -3
    endloop
  endfacet
  facet normal 0 0 -1
    outer loop
      vertex -25.4756 61.5 -3
      vertex -27.6406 62.75 -3
      vertex -25.4756 64 -3
    endloop
  endfacet
  facet normal 0 0 -1
    outer loop
      vertex -29.517 54.5 -3
      vertex -27.6406 62.75 -3
      vertex -25.4756 61.5 -3
    endloop
  endfacet
  facet normal 0 0 -1
    outer loop
      vertex -31.6821 55.75 -3
      vertex -29.517 54.5 -3
      vertex -31.6821 53.25 -3
    endloop
  endfacet
  facet normal 0 0 -1
    outer loop
      vertex -29.517 54.5 -3
      vertex -31.6821 55.75 -3
      vertex -27.6406 62.75 -3
    endloop
  endfacet
  facet normal 0 0 -1
    outer loop
      vertex -39.765 53.25 -3
      vertex -31.6821 55.75 -3
      vertex -31.6821 53.25 -3
    endloop
  endfacet
  facet normal 0 0 -1
    outer loop
      vertex -39.765 53.25 -3
      vertex -39.765 55.75 -3
      vertex -31.6821 55.75 -3
    endloop
  endfacet
  facet normal 0 0 -1
    outer loop
      vertex -39.765 53.25 -3
      vertex -41.9301 54.5 -3
      vertex -39.765 55.75 -3
    endloop
  endfacet
  facet normal 0 0 -1
    outer loop
      vertex -43.8064 46.25 -3
      vertex -41.9301 54.5 -3
      vertex -39.765 53.25 -3
    endloop
  endfacet
  facet normal 0 0 -1
    outer loop
      vertex -45.9715 47.5 -3
      vertex -43.8064 46.25 -3
      vertex -45.9715 45 -3
    endloop
  endfacet
  facet normal 0 0 -1
    outer loop
      vertex -43.8064 46.25 -3
      vertex -45.9715 47.5 -3
      vertex -41.9301 54.5 -3
    endloop
  endfacet
  facet normal 0 0 -1
    outer loop
      vertex -54.0544 45 -3
      vertex -45.9715 47.5 -3
      vertex -45.9715 45 -3
    endloop
  endfacet
  facet normal 0 0 -1
    outer loop
      vertex -54.0544 45 -3
      vertex -54.0544 47.5 -3
      vertex -45.9715 47.5 -3
    endloop
  endfacet
  facet normal 0 0 -1
    outer loop
      vertex -58.0959 38 -3
      vertex -54.0544 47.5 -3
      vertex -54.0544 45 -3
    endloop
  endfacet
  facet normal -0 0 -1
    outer loop
      vertex -54.0544 47.5 -3
      vertex -58.0959 38 -3
      vertex -58.0959 54.5 -3
    endloop
  endfacet
  facet normal 0 0 -1
    outer loop
      vertex 54.0544 86.25 -3
      vertex 58.0959 95.75 -3
      vertex 58.0959 79.25 -3
    endloop
  endfacet
  facet normal 0 0 -1
    outer loop
      vertex 54.0544 86.25 -3
      vertex 54.0544 88.75 -3
      vertex 58.0959 95.75 -3
    endloop
  endfacet
  facet normal 0 0 -1
    outer loop
      vertex 45.9715 86.25 -3
      vertex 54.0544 88.75 -3
      vertex 54.0544 86.25 -3
    endloop
  endfacet
  facet normal 0 0 -1
    outer loop
      vertex 45.9715 86.25 -3
      vertex 45.9715 88.75 -3
      vertex 54.0544 88.75 -3
    endloop
  endfacet
  facet normal 0 0 -1
    outer loop
      vertex 45.9715 86.25 -3
      vertex 43.8064 87.5 -3
      vertex 45.9715 88.75 -3
    endloop
  endfacet
  facet normal 0 0 -1
    outer loop
      vertex 41.9301 79.25 -3
      vertex 43.8064 87.5 -3
      vertex 45.9715 86.25 -3
    endloop
  endfacet
  facet normal 0 0 -1
    outer loop
      vertex 39.765 80.5 -3
      vertex 41.9301 79.25 -3
      vertex 39.765 78 -3
    endloop
  endfacet
  facet normal 0 0 -1
    outer loop
      vertex 41.9301 79.25 -3
      vertex 39.765 80.5 -3
      vertex 43.8064 87.5 -3
    endloop
  endfacet
  facet normal 0 0 -1
    outer loop
      vertex 31.6821 78 -3
      vertex 39.765 80.5 -3
      vertex 39.765 78 -3
    endloop
  endfacet
  facet normal 0 0 -1
    outer loop
      vertex 31.6821 78 -3
      vertex 31.6821 80.5 -3
      vertex 39.765 80.5 -3
    endloop
  endfacet
  facet normal 0 0 -1
    outer loop
      vertex 31.6821 78 -3
      vertex 29.517 79.25 -3
      vertex 31.6821 80.5 -3
    endloop
  endfacet
  facet normal 0 0 -1
    outer loop
      vertex 27.6406 71 -3
      vertex 29.517 79.25 -3
      vertex 31.6821 78 -3
    endloop
  endfacet
  facet normal 0 0 -1
    outer loop
      vertex 25.4756 72.25 -3
      vertex 27.6406 71 -3
      vertex 25.4756 69.75 -3
    endloop
  endfacet
  facet normal 0 0 -1
    outer loop
      vertex 27.6406 71 -3
      vertex 25.4756 72.25 -3
      vertex 29.517 79.25 -3
    endloop
  endfacet
  facet normal 0 0 -1
    outer loop
      vertex 17.3927 69.75 -3
      vertex 25.4756 72.25 -3
      vertex 25.4756 69.75 -3
    endloop
  endfacet
  facet normal 0 0 -1
    outer loop
      vertex 17.3927 69.75 -3
      vertex 17.3927 72.25 -3
      vertex 25.4756 72.25 -3
    endloop
  endfacet
  facet normal 0 0 -1
    outer loop
      vertex 17.3927 69.75 -3
      vertex 15.2276 71 -3
      vertex 17.3927 72.25 -3
    endloop
  endfacet
  facet normal 0 0 -1
    outer loop
      vertex 13.3512 62.75 -3
      vertex 15.2276 71 -3
      vertex 17.3927 69.75 -3
    endloop
  endfacet
  facet normal 0 0 -1
    outer loop
      vertex 11.1862 64 -3
      vertex 13.3512 62.75 -3
      vertex 11.1862 61.5 -3
    endloop
  endfacet
  facet normal 0 0 -1
    outer loop
      vertex 13.3512 62.75 -3
      vertex 11.1862 64 -3
      vertex 15.2276 71 -3
    endloop
  endfacet
  facet normal 0 0 -1
    outer loop
      vertex 3.10326 61.5 -3
      vertex 11.1862 64 -3
      vertex 11.1862 61.5 -3
    endloop
  endfacet
  facet normal 0 0 -1
    outer loop
      vertex 3.10326 61.5 -3
      vertex 3.10326 64 -3
      vertex 11.1862 64 -3
    endloop
  endfacet
  facet normal 0 0 -1
    outer loop
      vertex 3.10326 61.5 -3
      vertex 0.938187 62.75 -3
      vertex 3.10326 64 -3
    endloop
  endfacet
  facet normal 0 0 -1
    outer loop
      vertex -0.938187 54.5 -3
      vertex 0.938187 62.75 -3
      vertex 3.10326 61.5 -3
    endloop
  endfacet
  facet normal 0 0 -1
    outer loop
      vertex -3.10326 55.75 -3
      vertex -0.938187 54.5 -3
      vertex -3.10326 53.25 -3
    endloop
  endfacet
  facet normal 0 0 -1
    outer loop
      vertex -0.938187 54.5 -3
      vertex -3.10326 55.75 -3
      vertex 0.938187 62.75 -3
    endloop
  endfacet
  facet normal 0 0 -1
    outer loop
      vertex -11.1862 53.25 -3
      vertex -3.10326 55.75 -3
      vertex -3.10326 53.25 -3
    endloop
  endfacet
  facet normal 0 0 -1
    outer loop
      vertex -11.1862 53.25 -3
      vertex -11.1862 55.75 -3
      vertex -3.10326 55.75 -3
    endloop
  endfacet
  facet normal 0 0 -1
    outer loop
      vertex -11.1862 53.25 -3
      vertex -13.3512 54.5 -3
      vertex -11.1862 55.75 -3
    endloop
  endfacet
  facet normal 0 0 -1
    outer loop
      vertex -15.2276 46.25 -3
      vertex -13.3512 54.5 -3
      vertex -11.1862 53.25 -3
    endloop
  endfacet
  facet normal 0 0 -1
    outer loop
      vertex -17.3927 47.5 -3
      vertex -15.2276 46.25 -3
      vertex -17.3927 45 -3
    endloop
  endfacet
  facet normal 0 0 -1
    outer loop
      vertex -15.2276 46.25 -3
      vertex -17.3927 47.5 -3
      vertex -13.3512 54.5 -3
    endloop
  endfacet
  facet normal 0 0 -1
    outer loop
      vertex -25.4756 45 -3
      vertex -17.3927 47.5 -3
      vertex -17.3927 45 -3
    endloop
  endfacet
  facet normal 0 0 -1
    outer loop
      vertex -25.4756 45 -3
      vertex -25.4756 47.5 -3
      vertex -17.3927 47.5 -3
    endloop
  endfacet
  facet normal 0 0 -1
    outer loop
      vertex -25.4756 45 -3
      vertex -27.6406 46.25 -3
      vertex -25.4756 47.5 -3
    endloop
  endfacet
  facet normal 0 0 -1
    outer loop
      vertex -29.517 38 -3
      vertex -27.6406 46.25 -3
      vertex -25.4756 45 -3
    endloop
  endfacet
  facet normal 0 0 -1
    outer loop
      vertex -31.6821 39.25 -3
      vertex -29.517 38 -3
      vertex -31.6821 36.75 -3
    endloop
  endfacet
  facet normal 0 0 -1
    outer loop
      vertex -29.517 38 -3
      vertex -31.6821 39.25 -3
      vertex -27.6406 46.25 -3
    endloop
  endfacet
  facet normal 0 0 -1
    outer loop
      vertex -39.765 36.75 -3
      vertex -31.6821 39.25 -3
      vertex -31.6821 36.75 -3
    endloop
  endfacet
  facet normal 0 0 -1
    outer loop
      vertex -39.765 36.75 -3
      vertex -39.765 39.25 -3
      vertex -31.6821 39.25 -3
    endloop
  endfacet
  facet normal 0 0 -1
    outer loop
      vertex -39.765 36.75 -3
      vertex -41.9301 38 -3
      vertex -39.765 39.25 -3
    endloop
  endfacet
  facet normal 0 0 -1
    outer loop
      vertex -43.8064 29.75 -3
      vertex -41.9301 38 -3
      vertex -39.765 36.75 -3
    endloop
  endfacet
  facet normal 0 0 -1
    outer loop
      vertex -45.9715 31 -3
      vertex -43.8064 29.75 -3
      vertex -45.9715 28.5 -3
    endloop
  endfacet
  facet normal 0 0 -1
    outer loop
      vertex -43.8064 29.75 -3
      vertex -45.9715 31 -3
      vertex -41.9301 38 -3
    endloop
  endfacet
  facet normal 0 0 -1
    outer loop
      vertex -54.0544 28.5 -3
      vertex -45.9715 31 -3
      vertex -45.9715 28.5 -3
    endloop
  endfacet
  facet normal 0 0 -1
    outer loop
      vertex -54.0544 28.5 -3
      vertex -54.0544 31 -3
      vertex -45.9715 31 -3
    endloop
  endfacet
  facet normal 0 0 -1
    outer loop
      vertex -58.0959 21.5 -3
      vertex -54.0544 31 -3
      vertex -54.0544 28.5 -3
    endloop
  endfacet
  facet normal -0 0 -1
    outer loop
      vertex -54.0544 31 -3
      vertex -58.0959 21.5 -3
      vertex -58.0959 38 -3
    endloop
  endfacet
  facet normal 0 0 -1
    outer loop
      vertex 54.0544 69.75 -3
      vertex 58.0959 79.25 -3
      vertex 58.0959 62.75 -3
    endloop
  endfacet
  facet normal 0 0 -1
    outer loop
      vertex 54.0544 69.75 -3
      vertex 54.0544 72.25 -3
      vertex 58.0959 79.25 -3
    endloop
  endfacet
  facet normal 0 0 -1
    outer loop
      vertex 45.9715 69.75 -3
      vertex 54.0544 72.25 -3
      vertex 54.0544 69.75 -3
    endloop
  endfacet
  facet normal 0 0 -1
    outer loop
      vertex 45.9715 69.75 -3
      vertex 45.9715 72.25 -3
      vertex 54.0544 72.25 -3
    endloop
  endfacet
  facet normal 0 0 -1
    outer loop
      vertex 45.9715 69.75 -3
      vertex 43.8064 71 -3
      vertex 45.9715 72.25 -3
    endloop
  endfacet
  facet normal 0 0 -1
    outer loop
      vertex 41.9301 62.75 -3
      vertex 43.8064 71 -3
      vertex 45.9715 69.75 -3
    endloop
  endfacet
  facet normal 0 0 -1
    outer loop
      vertex 39.765 64 -3
      vertex 41.9301 62.75 -3
      vertex 39.765 61.5 -3
    endloop
  endfacet
  facet normal 0 0 -1
    outer loop
      vertex 41.9301 62.75 -3
      vertex 39.765 64 -3
      vertex 43.8064 71 -3
    endloop
  endfacet
  facet normal 0 0 -1
    outer loop
      vertex 31.6821 61.5 -3
      vertex 39.765 64 -3
      vertex 39.765 61.5 -3
    endloop
  endfacet
  facet normal 0 0 -1
    outer loop
      vertex 31.6821 61.5 -3
      vertex 31.6821 64 -3
      vertex 39.765 64 -3
    endloop
  endfacet
  facet normal 0 0 -1
    outer loop
      vertex 31.6821 61.5 -3
      vertex 29.517 62.75 -3
      vertex 31.6821 64 -3
    endloop
  endfacet
  facet normal 0 0 -1
    outer loop
      vertex 27.6406 54.5 -3
      vertex 29.517 62.75 -3
      vertex 31.6821 61.5 -3
    endloop
  endfacet
  facet normal 0 0 -1
    outer loop
      vertex 25.4756 55.75 -3
      vertex 27.6406 54.5 -3
      vertex 25.4756 53.25 -3
    endloop
  endfacet
  facet normal 0 0 -1
    outer loop
      vertex 27.6406 54.5 -3
      vertex 25.4756 55.75 -3
      vertex 29.517 62.75 -3
    endloop
  endfacet
  facet normal 0 0 -1
    outer loop
      vertex 17.3927 53.25 -3
      vertex 25.4756 55.75 -3
      vertex 25.4756 53.25 -3
    endloop
  endfacet
  facet normal 0 0 -1
    outer loop
      vertex 17.3927 53.25 -3
      vertex 17.3927 55.75 -3
      vertex 25.4756 55.75 -3
    endloop
  endfacet
  facet normal 0 0 -1
    outer loop
      vertex 17.3927 53.25 -3
      vertex 15.2276 54.5 -3
      vertex 17.3927 55.75 -3
    endloop
  endfacet
  facet normal 0 0 -1
    outer loop
      vertex 13.3512 46.25 -3
      vertex 15.2276 54.5 -3
      vertex 17.3927 53.25 -3
    endloop
  endfacet
  facet normal 0 0 -1
    outer loop
      vertex 11.1862 47.5 -3
      vertex 13.3512 46.25 -3
      vertex 11.1862 45 -3
    endloop
  endfacet
  facet normal 0 0 -1
    outer loop
      vertex 13.3512 46.25 -3
      vertex 11.1862 47.5 -3
      vertex 15.2276 54.5 -3
    endloop
  endfacet
  facet normal 0 0 -1
    outer loop
      vertex 3.10326 45 -3
      vertex 11.1862 47.5 -3
      vertex 11.1862 45 -3
    endloop
  endfacet
  facet normal 0 0 -1
    outer loop
      vertex 3.10326 45 -3
      vertex 3.10326 47.5 -3
      vertex 11.1862 47.5 -3
    endloop
  endfacet
  facet normal 0 0 -1
    outer loop
      vertex 3.10326 45 -3
      vertex 0.938187 46.25 -3
      vertex 3.10326 47.5 -3
    endloop
  endfacet
  facet normal 0 0 -1
    outer loop
      vertex -0.938187 38 -3
      vertex 0.938187 46.25 -3
      vertex 3.10326 45 -3
    endloop
  endfacet
  facet normal 0 0 -1
    outer loop
      vertex -3.10326 39.25 -3
      vertex -0.938187 38 -3
      vertex -3.10326 36.75 -3
    endloop
  endfacet
  facet normal 0 0 -1
    outer loop
      vertex -0.938187 38 -3
      vertex -3.10326 39.25 -3
      vertex 0.938187 46.25 -3
    endloop
  endfacet
  facet normal 0 0 -1
    outer loop
      vertex -11.1862 36.75 -3
      vertex -3.10326 39.25 -3
      vertex -3.10326 36.75 -3
    endloop
  endfacet
  facet normal 0 0 -1
    outer loop
      vertex -11.1862 36.75 -3
      vertex -11.1862 39.25 -3
      vertex -3.10326 39.25 -3
    endloop
  endfacet
  facet normal 0 0 -1
    outer loop
      vertex -11.1862 36.75 -3
      vertex -13.3512 38 -3
      vertex -11.1862 39.25 -3
    endloop
  endfacet
  facet normal 0 0 -1
    outer loop
      vertex -15.2276 29.75 -3
      vertex -13.3512 38 -3
      vertex -11.1862 36.75 -3
    endloop
  endfacet
  facet normal 0 0 -1
    outer loop
      vertex -17.3927 31 -3
      vertex -15.2276 29.75 -3
      vertex -17.3927 28.5 -3
    endloop
  endfacet
  facet normal 0 0 -1
    outer loop
      vertex -15.2276 29.75 -3
      vertex -17.3927 31 -3
      vertex -13.3512 38 -3
    endloop
  endfacet
  facet normal 0 0 -1
    outer loop
      vertex -25.4756 28.5 -3
      vertex -17.3927 31 -3
      vertex -17.3927 28.5 -3
    endloop
  endfacet
  facet normal 0 0 -1
    outer loop
      vertex -25.4756 28.5 -3
      vertex -25.4756 31 -3
      vertex -17.3927 31 -3
    endloop
  endfacet
  facet normal 0 0 -1
    outer loop
      vertex -25.4756 28.5 -3
      vertex -27.6406 29.75 -3
      vertex -25.4756 31 -3
    endloop
  endfacet
  facet normal 0 0 -1
    outer loop
      vertex -29.517 21.5 -3
      vertex -27.6406 29.75 -3
      vertex -25.4756 28.5 -3
    endloop
  endfacet
  facet normal 0 0 -1
    outer loop
      vertex -27.6406 29.75 -3
      vertex -29.517 21.5 -3
      vertex -31.6821 22.75 -3
    endloop
  endfacet
  facet normal 0 0 -1
    outer loop
      vertex 54.0544 53.25 -3
      vertex 58.0959 62.75 -3
      vertex 58.0959 46.25 -3
    endloop
  endfacet
  facet normal 0 0 -1
    outer loop
      vertex 54.0544 53.25 -3
      vertex 54.0544 55.75 -3
      vertex 58.0959 62.75 -3
    endloop
  endfacet
  facet normal 0 0 -1
    outer loop
      vertex 45.9715 53.25 -3
      vertex 54.0544 55.75 -3
      vertex 54.0544 53.25 -3
    endloop
  endfacet
  facet normal 0 0 -1
    outer loop
      vertex 45.9715 53.25 -3
      vertex 45.9715 55.75 -3
      vertex 54.0544 55.75 -3
    endloop
  endfacet
  facet normal 0 0 -1
    outer loop
      vertex 45.9715 53.25 -3
      vertex 43.8064 54.5 -3
      vertex 45.9715 55.75 -3
    endloop
  endfacet
  facet normal 0 0 -1
    outer loop
      vertex 41.9301 46.25 -3
      vertex 43.8064 54.5 -3
      vertex 45.9715 53.25 -3
    endloop
  endfacet
  facet normal 0 0 -1
    outer loop
      vertex 39.765 47.5 -3
      vertex 41.9301 46.25 -3
      vertex 39.765 45 -3
    endloop
  endfacet
  facet normal 0 0 -1
    outer loop
      vertex 41.9301 46.25 -3
      vertex 39.765 47.5 -3
      vertex 43.8064 54.5 -3
    endloop
  endfacet
  facet normal 0 0 -1
    outer loop
      vertex 31.6821 45 -3
      vertex 39.765 47.5 -3
      vertex 39.765 45 -3
    endloop
  endfacet
  facet normal 0 0 -1
    outer loop
      vertex 31.6821 45 -3
      vertex 31.6821 47.5 -3
      vertex 39.765 47.5 -3
    endloop
  endfacet
  facet normal 0 0 -1
    outer loop
      vertex 31.6821 45 -3
      vertex 29.517 46.25 -3
      vertex 31.6821 47.5 -3
    endloop
  endfacet
  facet normal 0 0 -1
    outer loop
      vertex 27.6406 38 -3
      vertex 29.517 46.25 -3
      vertex 31.6821 45 -3
    endloop
  endfacet
  facet normal 0 0 -1
    outer loop
      vertex 25.4756 39.25 -3
      vertex 27.6406 38 -3
      vertex 25.4756 36.75 -3
    endloop
  endfacet
  facet normal 0 0 -1
    outer loop
      vertex 27.6406 38 -3
      vertex 25.4756 39.25 -3
      vertex 29.517 46.25 -3
    endloop
  endfacet
  facet normal 0 0 -1
    outer loop
      vertex 17.3927 36.75 -3
      vertex 25.4756 39.25 -3
      vertex 25.4756 36.75 -3
    endloop
  endfacet
  facet normal 0 0 -1
    outer loop
      vertex 17.3927 36.75 -3
      vertex 17.3927 39.25 -3
      vertex 25.4756 39.25 -3
    endloop
  endfacet
  facet normal 0 0 -1
    outer loop
      vertex 17.3927 36.75 -3
      vertex 15.2276 38 -3
      vertex 17.3927 39.25 -3
    endloop
  endfacet
  facet normal 0 0 -1
    outer loop
      vertex 13.3512 29.75 -3
      vertex 15.2276 38 -3
      vertex 17.3927 36.75 -3
    endloop
  endfacet
  facet normal 0 0 -1
    outer loop
      vertex 11.1862 31 -3
      vertex 13.3512 29.75 -3
      vertex 11.1862 28.5 -3
    endloop
  endfacet
  facet normal 0 0 -1
    outer loop
      vertex 13.3512 29.75 -3
      vertex 11.1862 31 -3
      vertex 15.2276 38 -3
    endloop
  endfacet
  facet normal 0 0 -1
    outer loop
      vertex 3.10326 28.5 -3
      vertex 11.1862 31 -3
      vertex 11.1862 28.5 -3
    endloop
  endfacet
  facet normal 0 0 -1
    outer loop
      vertex 3.10326 28.5 -3
      vertex 3.10326 31 -3
      vertex 11.1862 31 -3
    endloop
  endfacet
  facet normal 0 0 -1
    outer loop
      vertex 3.10326 28.5 -3
      vertex 0.938187 29.75 -3
      vertex 3.10326 31 -3
    endloop
  endfacet
  facet normal 0 0 -1
    outer loop
      vertex -0.938187 21.5 -3
      vertex 0.938187 29.75 -3
      vertex 3.10326 28.5 -3
    endloop
  endfacet
  facet normal 0 0 -1
    outer loop
      vertex 0.938187 29.75 -3
      vertex -0.938187 21.5 -3
      vertex -3.10326 22.75 -3
    endloop
  endfacet
  facet normal 0 0 -1
    outer loop
      vertex 54.0544 36.75 -3
      vertex 58.0959 46.25 -3
      vertex 58.0959 29.75 -3
    endloop
  endfacet
  facet normal 0 0 -1
    outer loop
      vertex 54.0544 36.75 -3
      vertex 54.0544 39.25 -3
      vertex 58.0959 46.25 -3
    endloop
  endfacet
  facet normal 0 0 -1
    outer loop
      vertex 45.9715 36.75 -3
      vertex 54.0544 39.25 -3
      vertex 54.0544 36.75 -3
    endloop
  endfacet
  facet normal 0 0 -1
    outer loop
      vertex 45.9715 36.75 -3
      vertex 45.9715 39.25 -3
      vertex 54.0544 39.25 -3
    endloop
  endfacet
  facet normal 0 0 -1
    outer loop
      vertex 45.9715 36.75 -3
      vertex 43.8064 38 -3
      vertex 45.9715 39.25 -3
    endloop
  endfacet
  facet normal 0 0 -1
    outer loop
      vertex 41.9301 29.75 -3
      vertex 43.8064 38 -3
      vertex 45.9715 36.75 -3
    endloop
  endfacet
  facet normal 0 0 -1
    outer loop
      vertex 39.765 31 -3
      vertex 41.9301 29.75 -3
      vertex 39.765 28.5 -3
    endloop
  endfacet
  facet normal 0 0 -1
    outer loop
      vertex 41.9301 29.75 -3
      vertex 39.765 31 -3
      vertex 43.8064 38 -3
    endloop
  endfacet
  facet normal 0 0 -1
    outer loop
      vertex 31.6821 28.5 -3
      vertex 39.765 31 -3
      vertex 39.765 28.5 -3
    endloop
  endfacet
  facet normal 0 0 -1
    outer loop
      vertex 31.6821 28.5 -3
      vertex 31.6821 31 -3
      vertex 39.765 31 -3
    endloop
  endfacet
  facet normal 0 0 -1
    outer loop
      vertex 31.6821 28.5 -3
      vertex 29.517 29.75 -3
      vertex 31.6821 31 -3
    endloop
  endfacet
  facet normal 0 0 -1
    outer loop
      vertex 27.6406 21.5 -3
      vertex 29.517 29.75 -3
      vertex 31.6821 28.5 -3
    endloop
  endfacet
  facet normal 0 0 -1
    outer loop
      vertex 29.517 29.75 -3
      vertex 27.6406 21.5 -3
      vertex 25.4756 22.75 -3
    endloop
  endfacet
  facet normal 0 0 -1
    outer loop
      vertex 58.0959 46.25 -3
      vertex 65.5 3.5 -3
      vertex 58.0959 29.75 -3
    endloop
  endfacet
  facet normal 0 0 -1
    outer loop
      vertex 65.5 3.5 -3
      vertex 54.0544 22.75 -3
      vertex 58.0959 29.75 -3
    endloop
  endfacet
  facet normal 0 0 -1
    outer loop
      vertex 39.765 14.5 -3
      vertex 54.0544 22.75 -3
      vertex 65.5 3.5 -3
    endloop
  endfacet
  facet normal -0 0 -1
    outer loop
      vertex 54.0544 22.75 -3
      vertex 39.765 14.5 -3
      vertex 45.9715 22.75 -3
    endloop
  endfacet
  facet normal 0 0 -1
    outer loop
      vertex 45.9715 22.75 -3
      vertex 39.765 14.5 -3
      vertex 43.8064 21.5 -3
    endloop
  endfacet
  facet normal 0 0 -1
    outer loop
      vertex 65.5 3.5 -3
      vertex 31.6821 14.5 -3
      vertex 39.765 14.5 -3
    endloop
  endfacet
  facet normal 0 0 -1
    outer loop
      vertex 31.6821 14.5 -3
      vertex 25.4756 22.75 -3
      vertex 27.6406 21.5 -3
    endloop
  endfacet
  facet normal 0 0 -1
    outer loop
      vertex 31.6821 14.5 -3
      vertex 17.3927 22.75 -3
      vertex 25.4756 22.75 -3
    endloop
  endfacet
  facet normal 0 0 -1
    outer loop
      vertex 31.6821 14.5 -3
      vertex 15.2276 21.5 -3
      vertex 17.3927 22.75 -3
    endloop
  endfacet
  facet normal 0 0 -1
    outer loop
      vertex 31.6821 14.5 -3
      vertex 11.1862 14.5 -3
      vertex 15.2276 21.5 -3
    endloop
  endfacet
  facet normal 0 0 -1
    outer loop
      vertex 65.5 3.5 -3
      vertex 11.1862 14.5 -3
      vertex 31.6821 14.5 -3
    endloop
  endfacet
  facet normal 0 0 -1
    outer loop
      vertex 65.5 3.5 -3
      vertex 3.10326 14.5 -3
      vertex 11.1862 14.5 -3
    endloop
  endfacet
  facet normal 0 0 -1
    outer loop
      vertex 3.10326 14.5 -3
      vertex -3.10326 22.75 -3
      vertex -0.938187 21.5 -3
    endloop
  endfacet
  facet normal 0 0 -1
    outer loop
      vertex 3.10326 14.5 -3
      vertex -11.1862 22.75 -3
      vertex -3.10326 22.75 -3
    endloop
  endfacet
  facet normal 0 0 -1
    outer loop
      vertex 3.10326 14.5 -3
      vertex -13.3512 21.5 -3
      vertex -11.1862 22.75 -3
    endloop
  endfacet
  facet normal 0 0 -1
    outer loop
      vertex 3.10326 14.5 -3
      vertex -17.3927 14.5 -3
      vertex -13.3512 21.5 -3
    endloop
  endfacet
  facet normal 0 0 -1
    outer loop
      vertex -65.5 3.5 -3
      vertex 3.10326 14.5 -3
      vertex 65.5 3.5 -3
    endloop
  endfacet
  facet normal -0 0 -1
    outer loop
      vertex 3.10326 14.5 -3
      vertex -65.5 3.5 -3
      vertex -17.3927 14.5 -3
    endloop
  endfacet
  facet normal 0 0 -1
    outer loop
      vertex -25.4756 14.5 -3
      vertex -31.6821 22.75 -3
      vertex -29.517 21.5 -3
    endloop
  endfacet
  facet normal 0 0 -1
    outer loop
      vertex -25.4756 14.5 -3
      vertex -39.765 22.75 -3
      vertex -31.6821 22.75 -3
    endloop
  endfacet
  facet normal 0 0 -1
    outer loop
      vertex -25.4756 14.5 -3
      vertex -41.9301 21.5 -3
      vertex -39.765 22.75 -3
    endloop
  endfacet
  facet normal 0 0 -1
    outer loop
      vertex -25.4756 14.5 -3
      vertex -45.9715 14.5 -3
      vertex -41.9301 21.5 -3
    endloop
  endfacet
  facet normal -0 0 -1
    outer loop
      vertex -17.3927 14.5 -3
      vertex -65.5 3.5 -3
      vertex -25.4756 14.5 -3
    endloop
  endfacet
  facet normal -0 0 -1
    outer loop
      vertex -25.4756 14.5 -3
      vertex -65.5 3.5 -3
      vertex -45.9715 14.5 -3
    endloop
  endfacet
  facet normal 0 0 -1
    outer loop
      vertex -65.5 3.5 -3
      vertex -58.0959 38 -3
      vertex -58.0959 21.5 -3
    endloop
  endfacet
  facet normal -0 0 -1
    outer loop
      vertex -58.0959 38 -3
      vertex -65.5 3.5 -3
      vertex -58.0959 54.5 -3
    endloop
  endfacet
  facet normal -0 0 -1
    outer loop
      vertex -58.0959 54.5 -3
      vertex -65.5 3.5 -3
      vertex -58.0959 71 -3
    endloop
  endfacet
  facet normal 0 0 -1
    outer loop
      vertex -65.5 140.5 -3
      vertex -58.0959 71 -3
      vertex -65.5 3.5 -3
    endloop
  endfacet
  facet normal 0 0 -1
    outer loop
      vertex -58.0959 71 -3
      vertex -65.5 140.5 -3
      vertex -58.0959 87.5 -3
    endloop
  endfacet
  facet normal 0 0 -1
    outer loop
      vertex -58.0959 87.5 -3
      vertex -65.5 140.5 -3
      vertex -58.0959 104 -3
    endloop
  endfacet
  facet normal -0 0 -1
    outer loop
      vertex -54.0544 14.5 -3
      vertex -65.5 3.5 -3
      vertex -58.0959 21.5 -3
    endloop
  endfacet
  facet normal -0 0 -1
    outer loop
      vertex -45.9715 14.5 -3
      vertex -65.5 3.5 -3
      vertex -54.0544 14.5 -3
    endloop
  endfacet
  facet normal 0 0 -1
    outer loop
      vertex 58.0959 62.75 -3
      vertex 65.5 3.5 -3
      vertex 58.0959 46.25 -3
    endloop
  endfacet
  facet normal 0 0 -1
    outer loop
      vertex 65.5 3.5 -3
      vertex 58.0959 62.75 -3
      vertex 65.5 140.5 -3
    endloop
  endfacet
  facet normal 0 0 -1
    outer loop
      vertex 58.0959 79.25 -3
      vertex 65.5 140.5 -3
      vertex 58.0959 62.75 -3
    endloop
  endfacet
  facet normal 0 0 -1
    outer loop
      vertex 58.0959 95.75 -3
      vertex 65.5 140.5 -3
      vertex 58.0959 79.25 -3
    endloop
  endfacet
  facet normal 0 0 -1
    outer loop
      vertex 58.0959 112.25 -3
      vertex 65.5 140.5 -3
      vertex 58.0959 95.75 -3
    endloop
  endfacet
  facet normal 0 0 -1
    outer loop
      vertex 54.0544 119.25 -3
      vertex 65.5 140.5 -3
      vertex 58.0959 112.25 -3
    endloop
  endfacet
  facet normal 0 0 -1
    outer loop
      vertex 39.765 127.5 -3
      vertex 54.0544 119.25 -3
      vertex 45.9715 119.25 -3
    endloop
  endfacet
  facet normal 0 0 -1
    outer loop
      vertex 39.765 127.5 -3
      vertex 45.9715 119.25 -3
      vertex 43.8064 120.5 -3
    endloop
  endfacet
  facet normal 0 0 -1
    outer loop
      vertex 54.0544 119.25 -3
      vertex 39.765 127.5 -3
      vertex 65.5 140.5 -3
    endloop
  endfacet
  facet normal 0 0 -1
    outer loop
      vertex 31.6821 127.5 -3
      vertex 65.5 140.5 -3
      vertex 39.765 127.5 -3
    endloop
  endfacet
  facet normal 0 0 -1
    outer loop
      vertex 25.4756 119.25 -3
      vertex 31.6821 127.5 -3
      vertex 27.6406 120.5 -3
    endloop
  endfacet
  facet normal 0 0 -1
    outer loop
      vertex 17.3927 119.25 -3
      vertex 31.6821 127.5 -3
      vertex 25.4756 119.25 -3
    endloop
  endfacet
  facet normal 0 0 -1
    outer loop
      vertex 15.2276 120.5 -3
      vertex 31.6821 127.5 -3
      vertex 17.3927 119.25 -3
    endloop
  endfacet
  facet normal 0 0 -1
    outer loop
      vertex 11.1862 127.5 -3
      vertex 31.6821 127.5 -3
      vertex 15.2276 120.5 -3
    endloop
  endfacet
  facet normal 0 0 -1
    outer loop
      vertex 11.1862 127.5 -3
      vertex 65.5 140.5 -3
      vertex 31.6821 127.5 -3
    endloop
  endfacet
  facet normal 0 0 -1
    outer loop
      vertex 3.10326 127.5 -3
      vertex 65.5 140.5 -3
      vertex 11.1862 127.5 -3
    endloop
  endfacet
  facet normal 0 0 -1
    outer loop
      vertex -3.10326 119.25 -3
      vertex 3.10326 127.5 -3
      vertex -0.938187 120.5 -3
    endloop
  endfacet
  facet normal 0 0 -1
    outer loop
      vertex -11.1862 119.25 -3
      vertex 3.10326 127.5 -3
      vertex -3.10326 119.25 -3
    endloop
  endfacet
  facet normal 0 0 -1
    outer loop
      vertex -13.3512 120.5 -3
      vertex 3.10326 127.5 -3
      vertex -11.1862 119.25 -3
    endloop
  endfacet
  facet normal 0 0 -1
    outer loop
      vertex -17.3927 127.5 -3
      vertex 3.10326 127.5 -3
      vertex -13.3512 120.5 -3
    endloop
  endfacet
  facet normal 0 0 -1
    outer loop
      vertex -65.5 140.5 -3
      vertex 3.10326 127.5 -3
      vertex -17.3927 127.5 -3
    endloop
  endfacet
  facet normal 0 0 -1
    outer loop
      vertex -65.5 140.5 -3
      vertex -17.3927 127.5 -3
      vertex -25.4756 127.5 -3
    endloop
  endfacet
  facet normal 0 0 -1
    outer loop
      vertex -31.6821 119.25 -3
      vertex -25.4756 127.5 -3
      vertex -29.517 120.5 -3
    endloop
  endfacet
  facet normal 0 0 -1
    outer loop
      vertex -39.765 119.25 -3
      vertex -25.4756 127.5 -3
      vertex -31.6821 119.25 -3
    endloop
  endfacet
  facet normal 0 0 -1
    outer loop
      vertex -41.9301 120.5 -3
      vertex -25.4756 127.5 -3
      vertex -39.765 119.25 -3
    endloop
  endfacet
  facet normal 0 0 -1
    outer loop
      vertex -45.9715 127.5 -3
      vertex -25.4756 127.5 -3
      vertex -41.9301 120.5 -3
    endloop
  endfacet
  facet normal 0 0 -1
    outer loop
      vertex -65.5 140.5 -3
      vertex -25.4756 127.5 -3
      vertex -45.9715 127.5 -3
    endloop
  endfacet
  facet normal 0 0 -1
    outer loop
      vertex -65.5 140.5 -3
      vertex -45.9715 127.5 -3
      vertex -54.0544 127.5 -3
    endloop
  endfacet
  facet normal 0 0 -1
    outer loop
      vertex 3.10326 127.5 -3
      vertex -65.5 140.5 -3
      vertex 65.5 140.5 -3
    endloop
  endfacet
  facet normal 0 0 -1
    outer loop
      vertex -58.0959 120.5 -3
      vertex -65.5 140.5 -3
      vertex -54.0544 127.5 -3
    endloop
  endfacet
  facet normal 0 0 -1
    outer loop
      vertex -58.0959 104 -3
      vertex -65.5 140.5 -3
      vertex -58.0959 120.5 -3
    endloop
  endfacet
  facet normal 0 0 -1
    outer loop
      vertex 43.8064 21.5 -3
      vertex 41.9301 29.75 -3
      vertex 45.9715 22.75 -3
    endloop
  endfacet
  facet normal 0 -0 -1
    outer loop
      vertex 41.9301 29.75 -3
      vertex 43.8064 21.5 -3
      vertex 39.765 28.5 -3
    endloop
  endfacet
  facet normal 0 0 -1
    outer loop
      vertex 43.8064 38 -3
      vertex 41.9301 46.25 -3
      vertex 45.9715 39.25 -3
    endloop
  endfacet
  facet normal 0 -0 -1
    outer loop
      vertex 41.9301 46.25 -3
      vertex 43.8064 38 -3
      vertex 39.765 45 -3
    endloop
  endfacet
  facet normal 0 0 -1
    outer loop
      vertex 43.8064 54.5 -3
      vertex 41.9301 62.75 -3
      vertex 45.9715 55.75 -3
    endloop
  endfacet
  facet normal 0 -0 -1
    outer loop
      vertex 41.9301 62.75 -3
      vertex 43.8064 54.5 -3
      vertex 39.765 61.5 -3
    endloop
  endfacet
  facet normal 0 0 -1
    outer loop
      vertex 43.8064 71 -3
      vertex 41.9301 79.25 -3
      vertex 45.9715 72.25 -3
    endloop
  endfacet
  facet normal 0 -0 -1
    outer loop
      vertex 41.9301 79.25 -3
      vertex 43.8064 71 -3
      vertex 39.765 78 -3
    endloop
  endfacet
  facet normal 0 0 -1
    outer loop
      vertex 43.8064 87.5 -3
      vertex 41.9301 95.75 -3
      vertex 45.9715 88.75 -3
    endloop
  endfacet
  facet normal 0 -0 -1
    outer loop
      vertex 41.9301 95.75 -3
      vertex 43.8064 87.5 -3
      vertex 39.765 94.5 -3
    endloop
  endfacet
  facet normal 0 0 -1
    outer loop
      vertex 43.8064 104 -3
      vertex 41.9301 112.25 -3
      vertex 45.9715 105.25 -3
    endloop
  endfacet
  facet normal 0 -0 -1
    outer loop
      vertex 41.9301 112.25 -3
      vertex 43.8064 104 -3
      vertex 39.765 111 -3
    endloop
  endfacet
  facet normal 0 1 0
    outer loop
      vertex -53.5 3.5 -54.5
      vertex -50.5 3.5 -45.25
      vertex 53.5 3.5 -54.5
    endloop
  endfacet
  facet normal 0 1 0
    outer loop
      vertex -50.5 3.5 -45.25
      vertex -53.5 3.5 -54.5
      vertex -53.5 3.5 -50.5
    endloop
  endfacet
  facet normal 0 1 0
    outer loop
      vertex 65.5 3.5 -3
      vertex 50.5 3.5 -8.25
      vertex -65.5 3.5 -3
    endloop
  endfacet
  facet normal 0 1 0
    outer loop
      vertex 65.5 3.5 -3
      vertex 51.0881 3.5 -8.27889
      vertex 50.5 3.5 -8.25
    endloop
  endfacet
  facet normal 0 1 0
    outer loop
      vertex 65.5 3.5 -3
      vertex 51.6705 3.5 -8.36529
      vertex 51.0881 3.5 -8.27889
    endloop
  endfacet
  facet normal 0 1 0
    outer loop
      vertex 65.5 3.5 -3
      vertex 52.2417 3.5 -8.50836
      vertex 51.6705 3.5 -8.36529
    endloop
  endfacet
  facet normal 0 1 0
    outer loop
      vertex 65.5 3.5 -3
      vertex 52.7961 3.5 -8.70672
      vertex 52.2417 3.5 -8.50836
    endloop
  endfacet
  facet normal 0 1 0
    outer loop
      vertex 65.5 3.5 -3
      vertex 53.3284 3.5 -8.95847
      vertex 52.7961 3.5 -8.70672
    endloop
  endfacet
  facet normal 0 1 0
    outer loop
      vertex 65.5 3.5 -3
      vertex 53.8334 3.5 -9.26118
      vertex 53.3284 3.5 -8.95847
    endloop
  endfacet
  facet normal 0 1 0
    outer loop
      vertex 65.5 3.5 -3
      vertex 54.3064 3.5 -9.61194
      vertex 53.8334 3.5 -9.26118
    endloop
  endfacet
  facet normal 0 1 0
    outer loop
      vertex 65.5 3.5 -3
      vertex 54.7426 3.5 -10.0074
      vertex 54.3064 3.5 -9.61194
    endloop
  endfacet
  facet normal 0 1 0
    outer loop
      vertex 65.5 3.5 -3
      vertex 55.1381 3.5 -10.4436
      vertex 54.7426 3.5 -10.0074
    endloop
  endfacet
  facet normal 0 1 0
    outer loop
      vertex 65.5 3.5 -3
      vertex 55.4888 3.5 -10.9166
      vertex 55.1381 3.5 -10.4436
    endloop
  endfacet
  facet normal 0 1 0
    outer loop
      vertex 65.5 3.5 -3
      vertex 55.7915 3.5 -11.4216
      vertex 55.4888 3.5 -10.9166
    endloop
  endfacet
  facet normal 0 1 0
    outer loop
      vertex 65.5 3.5 -3
      vertex 56.0433 3.5 -11.9539
      vertex 55.7915 3.5 -11.4216
    endloop
  endfacet
  facet normal 0 1 0
    outer loop
      vertex 65.5 3.5 -3
      vertex 56.2416 3.5 -12.5083
      vertex 56.0433 3.5 -11.9539
    endloop
  endfacet
  facet normal 0 1 0
    outer loop
      vertex 65.5 3.5 -3
      vertex 56.3847 3.5 -13.0795
      vertex 56.2416 3.5 -12.5083
    endloop
  endfacet
  facet normal 0 1 0
    outer loop
      vertex 65.5 3.5 -3
      vertex 56.4711 3.5 -13.6619
      vertex 56.3847 3.5 -13.0795
    endloop
  endfacet
  facet normal 0 1 0
    outer loop
      vertex 65.5 3.5 -3
      vertex 56.5 3.5 -14.25
      vertex 56.4711 3.5 -13.6619
    endloop
  endfacet
  facet normal 0 1 0
    outer loop
      vertex 65.5 3.5 -3
      vertex 56.5 3.5 -39.25
      vertex 56.5 3.5 -14.25
    endloop
  endfacet
  facet normal 0 1 -0
    outer loop
      vertex 65.5 3.5 -50.5
      vertex 56.5 3.5 -39.25
      vertex 65.5 3.5 -3
    endloop
  endfacet
  facet normal 0 1 0
    outer loop
      vertex 56.5 3.5 -39.25
      vertex 65.5 3.5 -50.5
      vertex 56.4711 3.5 -39.8381
    endloop
  endfacet
  facet normal 0 1 0
    outer loop
      vertex 51.0881 3.5 -45.2211
      vertex 53.5 3.5 -50.5
      vertex 50.5 3.5 -45.25
    endloop
  endfacet
  facet normal 0 1 0
    outer loop
      vertex 51.6705 3.5 -45.1347
      vertex 53.5 3.5 -50.5
      vertex 51.0881 3.5 -45.2211
    endloop
  endfacet
  facet normal 0 1 0
    outer loop
      vertex 52.2417 3.5 -44.9916
      vertex 53.5 3.5 -50.5
      vertex 51.6705 3.5 -45.1347
    endloop
  endfacet
  facet normal 0 1 0
    outer loop
      vertex 52.7961 3.5 -44.7933
      vertex 53.5 3.5 -50.5
      vertex 52.2417 3.5 -44.9916
    endloop
  endfacet
  facet normal 0 1 0
    outer loop
      vertex 53.3284 3.5 -44.5415
      vertex 53.5 3.5 -50.5
      vertex 52.7961 3.5 -44.7933
    endloop
  endfacet
  facet normal 0 1 0
    outer loop
      vertex 53.8334 3.5 -44.2388
      vertex 53.5 3.5 -50.5
      vertex 53.3284 3.5 -44.5415
    endloop
  endfacet
  facet normal 0 1 0
    outer loop
      vertex 54.3064 3.5 -43.8881
      vertex 53.5 3.5 -50.5
      vertex 53.8334 3.5 -44.2388
    endloop
  endfacet
  facet normal 0 1 0
    outer loop
      vertex 54.7426 3.5 -43.4926
      vertex 53.5 3.5 -50.5
      vertex 54.3064 3.5 -43.8881
    endloop
  endfacet
  facet normal 0 1 0
    outer loop
      vertex 53.5 3.5 -50.5
      vertex 54.7426 3.5 -43.4926
      vertex 65.5 3.5 -50.5
    endloop
  endfacet
  facet normal 0 1 0
    outer loop
      vertex 55.1381 3.5 -43.0564
      vertex 65.5 3.5 -50.5
      vertex 54.7426 3.5 -43.4926
    endloop
  endfacet
  facet normal 0 1 0
    outer loop
      vertex 55.4888 3.5 -42.5834
      vertex 65.5 3.5 -50.5
      vertex 55.1381 3.5 -43.0564
    endloop
  endfacet
  facet normal 0 1 0
    outer loop
      vertex 55.7915 3.5 -42.0784
      vertex 65.5 3.5 -50.5
      vertex 55.4888 3.5 -42.5834
    endloop
  endfacet
  facet normal 0 1 0
    outer loop
      vertex 56.0433 3.5 -41.5461
      vertex 65.5 3.5 -50.5
      vertex 55.7915 3.5 -42.0784
    endloop
  endfacet
  facet normal 0 1 0
    outer loop
      vertex 56.2416 3.5 -40.9917
      vertex 65.5 3.5 -50.5
      vertex 56.0433 3.5 -41.5461
    endloop
  endfacet
  facet normal 0 1 0
    outer loop
      vertex 56.3847 3.5 -40.4205
      vertex 65.5 3.5 -50.5
      vertex 56.2416 3.5 -40.9917
    endloop
  endfacet
  facet normal 0 1 0
    outer loop
      vertex 56.4711 3.5 -39.8381
      vertex 65.5 3.5 -50.5
      vertex 56.3847 3.5 -40.4205
    endloop
  endfacet
  facet normal 0 1 -0
    outer loop
      vertex -50.5 3.5 -8.25
      vertex -65.5 3.5 -3
      vertex 50.5 3.5 -8.25
    endloop
  endfacet
  facet normal 0 1 -0
    outer loop
      vertex -51.0881 3.5 -8.27889
      vertex -65.5 3.5 -3
      vertex -50.5 3.5 -8.25
    endloop
  endfacet
  facet normal 0 1 -0
    outer loop
      vertex -51.6705 3.5 -8.36529
      vertex -65.5 3.5 -3
      vertex -51.0881 3.5 -8.27889
    endloop
  endfacet
  facet normal 0 1 -0
    outer loop
      vertex -52.2417 3.5 -8.50836
      vertex -65.5 3.5 -3
      vertex -51.6705 3.5 -8.36529
    endloop
  endfacet
  facet normal 0 1 -0
    outer loop
      vertex -52.7961 3.5 -8.70672
      vertex -65.5 3.5 -3
      vertex -52.2417 3.5 -8.50836
    endloop
  endfacet
  facet normal 0 1 -0
    outer loop
      vertex -53.3284 3.5 -8.95847
      vertex -65.5 3.5 -3
      vertex -52.7961 3.5 -8.70672
    endloop
  endfacet
  facet normal 0 1 -0
    outer loop
      vertex -53.8334 3.5 -9.26118
      vertex -65.5 3.5 -3
      vertex -53.3284 3.5 -8.95847
    endloop
  endfacet
  facet normal 0 1 -0
    outer loop
      vertex -54.3064 3.5 -9.61194
      vertex -65.5 3.5 -3
      vertex -53.8334 3.5 -9.26118
    endloop
  endfacet
  facet normal 0 1 -0
    outer loop
      vertex -54.7426 3.5 -10.0074
      vertex -65.5 3.5 -3
      vertex -54.3064 3.5 -9.61194
    endloop
  endfacet
  facet normal 0 1 -0
    outer loop
      vertex -55.1381 3.5 -10.4436
      vertex -65.5 3.5 -3
      vertex -54.7426 3.5 -10.0074
    endloop
  endfacet
  facet normal 0 1 -0
    outer loop
      vertex -55.4888 3.5 -10.9166
      vertex -65.5 3.5 -3
      vertex -55.1381 3.5 -10.4436
    endloop
  endfacet
  facet normal 0 1 -0
    outer loop
      vertex -55.7915 3.5 -11.4216
      vertex -65.5 3.5 -3
      vertex -55.4888 3.5 -10.9166
    endloop
  endfacet
  facet normal 0 1 -0
    outer loop
      vertex -56.0433 3.5 -11.9539
      vertex -65.5 3.5 -3
      vertex -55.7915 3.5 -11.4216
    endloop
  endfacet
  facet normal 0 1 -0
    outer loop
      vertex -56.2416 3.5 -12.5083
      vertex -65.5 3.5 -3
      vertex -56.0433 3.5 -11.9539
    endloop
  endfacet
  facet normal 0 1 -0
    outer loop
      vertex -56.3847 3.5 -13.0795
      vertex -65.5 3.5 -3
      vertex -56.2416 3.5 -12.5083
    endloop
  endfacet
  facet normal 0 1 -0
    outer loop
      vertex -56.4711 3.5 -13.6619
      vertex -65.5 3.5 -3
      vertex -56.3847 3.5 -13.0795
    endloop
  endfacet
  facet normal 0 1 -0
    outer loop
      vertex -56.5 3.5 -14.25
      vertex -65.5 3.5 -3
      vertex -56.4711 3.5 -13.6619
    endloop
  endfacet
  facet normal 0 1 -0
    outer loop
      vertex -56.5 3.5 -39.25
      vertex -65.5 3.5 -3
      vertex -56.5 3.5 -14.25
    endloop
  endfacet
  facet normal 0 1 0
    outer loop
      vertex -65.5 3.5 -50.5
      vertex -56.5 3.5 -39.25
      vertex -56.4711 3.5 -39.8381
    endloop
  endfacet
  facet normal 0 1 0
    outer loop
      vertex -65.5 3.5 -50.5
      vertex -56.4711 3.5 -39.8381
      vertex -56.3847 3.5 -40.4205
    endloop
  endfacet
  facet normal 0 1 -0
    outer loop
      vertex 53.5 3.5 -54.5
      vertex 50.5 3.5 -45.25
      vertex 53.5 3.5 -50.5
    endloop
  endfacet
  facet normal 0 1 0
    outer loop
      vertex 50.5 3.5 -45.25
      vertex 53.5 3.5 -54.5
      vertex -50.5 3.5 -45.25
    endloop
  endfacet
  facet normal 0 1 0
    outer loop
      vertex -50.5 3.5 -45.25
      vertex -53.5 3.5 -50.5
      vertex -51.0881 3.5 -45.2211
    endloop
  endfacet
  facet normal 0 1 0
    outer loop
      vertex -53.5 3.5 -50.5
      vertex -51.6705 3.5 -45.1347
      vertex -51.0881 3.5 -45.2211
    endloop
  endfacet
  facet normal 0 1 0
    outer loop
      vertex -53.5 3.5 -50.5
      vertex -52.2417 3.5 -44.9916
      vertex -51.6705 3.5 -45.1347
    endloop
  endfacet
  facet normal 0 1 0
    outer loop
      vertex -53.5 3.5 -50.5
      vertex -52.7961 3.5 -44.7933
      vertex -52.2417 3.5 -44.9916
    endloop
  endfacet
  facet normal 0 1 0
    outer loop
      vertex -53.5 3.5 -50.5
      vertex -53.3284 3.5 -44.5415
      vertex -52.7961 3.5 -44.7933
    endloop
  endfacet
  facet normal 0 1 -0
    outer loop
      vertex -53.5 3.5 -50.5
      vertex -53.8334 3.5 -44.2388
      vertex -53.3284 3.5 -44.5415
    endloop
  endfacet
  facet normal 0 1 0
    outer loop
      vertex -53.5 3.5 -50.5
      vertex -54.3064 3.5 -43.8881
      vertex -53.8334 3.5 -44.2388
    endloop
  endfacet
  facet normal 0 1 0
    outer loop
      vertex -53.5 3.5 -50.5
      vertex -54.7426 3.5 -43.4926
      vertex -54.3064 3.5 -43.8881
    endloop
  endfacet
  facet normal 0 1 0
    outer loop
      vertex -65.5 3.5 -50.5
      vertex -54.7426 3.5 -43.4926
      vertex -53.5 3.5 -50.5
    endloop
  endfacet
  facet normal 0 1 0
    outer loop
      vertex -54.7426 3.5 -43.4926
      vertex -65.5 3.5 -50.5
      vertex -55.1381 3.5 -43.0564
    endloop
  endfacet
  facet normal 0 1 0
    outer loop
      vertex -55.1381 3.5 -43.0564
      vertex -65.5 3.5 -50.5
      vertex -55.4888 3.5 -42.5834
    endloop
  endfacet
  facet normal 0 1 0
    outer loop
      vertex -55.4888 3.5 -42.5834
      vertex -65.5 3.5 -50.5
      vertex -55.7915 3.5 -42.0784
    endloop
  endfacet
  facet normal 0 1 0
    outer loop
      vertex -55.7915 3.5 -42.0784
      vertex -65.5 3.5 -50.5
      vertex -56.0433 3.5 -41.5461
    endloop
  endfacet
  facet normal 0 1 0
    outer loop
      vertex -56.5 3.5 -39.25
      vertex -65.5 3.5 -50.5
      vertex -65.5 3.5 -3
    endloop
  endfacet
  facet normal 0 1 0
    outer loop
      vertex -56.2416 3.5 -40.9917
      vertex -65.5 3.5 -50.5
      vertex -56.3847 3.5 -40.4205
    endloop
  endfacet
  facet normal 0 1 0
    outer loop
      vertex -56.0433 3.5 -41.5461
      vertex -65.5 3.5 -50.5
      vertex -56.2416 3.5 -40.9917
    endloop
  endfacet
  facet normal -0.989184 -0.14668 0
    outer loop
      vertex -73.2608 30.2205 -2.5
      vertex -73.2932 30.439 0
      vertex -73.2932 30.439 -2.5
    endloop
  endfacet
  facet normal -0.989184 -0.14668 0
    outer loop
      vertex -73.2932 30.439 0
      vertex -73.2608 30.2205 -2.5
      vertex -73.2608 30.2205 0
    endloop
  endfacet
  facet normal -0.989184 -0.14668 -0
    outer loop
      vertex -73.2608 30.2205 -5.01
      vertex -73.2932 30.439 -5.80451
      vertex -73.2608 30.2205 -5.82611
    endloop
  endfacet
  facet normal -0.989184 -0.14668 0
    outer loop
      vertex -73.2932 30.439 -5.80451
      vertex -73.2608 30.2205 -5.01
      vertex -73.2932 30.439 -5.01
    endloop
  endfacet
  facet normal -0.998803 -0.0489209 0
    outer loop
      vertex -73.25 30 -2.5
      vertex -73.2608 30.2205 0
      vertex -73.2608 30.2205 -2.5
    endloop
  endfacet
  facet normal -0.998803 -0.0489209 0
    outer loop
      vertex -73.2608 30.2205 0
      vertex -73.25 30 -2.5
      vertex -73.25 30 0
    endloop
  endfacet
  facet normal -0.998803 -0.0489209 -0
    outer loop
      vertex -73.25 30 -5.01
      vertex -73.2608 30.2205 -5.82611
      vertex -73.25 30 -5.83333
    endloop
  endfacet
  facet normal -0.998803 -0.0489209 0
    outer loop
      vertex -73.2608 30.2205 -5.82611
      vertex -73.25 30 -5.01
      vertex -73.2608 30.2205 -5.01
    endloop
  endfacet
  facet normal -0.969956 -0.243282 0
    outer loop
      vertex -73.2932 30.439 -2.5
      vertex -73.3469 30.6531 0
      vertex -73.3469 30.6531 -2.5
    endloop
  endfacet
  facet normal -0.969956 -0.243282 0
    outer loop
      vertex -73.3469 30.6531 0
      vertex -73.2932 30.439 -2.5
      vertex -73.2932 30.439 0
    endloop
  endfacet
  facet normal -0.969956 -0.243282 -0
    outer loop
      vertex -73.2932 30.439 -5.01
      vertex -73.3469 30.6531 -5.76874
      vertex -73.2932 30.439 -5.80451
    endloop
  endfacet
  facet normal -0.969956 -0.243282 0
    outer loop
      vertex -73.3469 30.6531 -5.76874
      vertex -73.2932 30.439 -5.01
      vertex -73.3469 30.6531 -5.01
    endloop
  endfacet
  facet normal 0.903996 0.427541 0
    outer loop
      vertex -77.4843 28.9394 0
      vertex -77.5787 29.139 -2.5
      vertex -77.5787 29.139 0
    endloop
  endfacet
  facet normal 0.903996 0.427541 0
    outer loop
      vertex -77.5787 29.139 -2.5
      vertex -77.4843 28.9394 0
      vertex -77.4843 28.9394 -2.5
    endloop
  endfacet
  facet normal 0.998803 0.0489209 0
    outer loop
      vertex -77.7392 29.7795 0
      vertex -77.75 30 -2.5
      vertex -77.75 30 0
    endloop
  endfacet
  facet normal 0.998803 0.0489209 0
    outer loop
      vertex -77.75 30 -2.5
      vertex -77.7392 29.7795 0
      vertex -77.7392 29.7795 -2.5
    endloop
  endfacet
  facet normal 0.941527 0.336939 0
    outer loop
      vertex -77.5787 29.139 0
      vertex -77.6531 29.3469 -2.5
      vertex -77.6531 29.3469 0
    endloop
  endfacet
  facet normal 0.941527 0.336939 0
    outer loop
      vertex -77.6531 29.3469 -2.5
      vertex -77.5787 29.139 0
      vertex -77.5787 29.139 -2.5
    endloop
  endfacet
  facet normal 0.514029 -0.857773 0
    outer loop
      vertex -76.75 31.8708 -2.5
      vertex -76.5606 31.9843 0
      vertex -76.75 31.8708 0
    endloop
  endfacet
  facet normal 0.514029 -0.857773 0
    outer loop
      vertex -76.5606 31.9843 0
      vertex -76.75 31.8708 -2.5
      vertex -76.5606 31.9843 -2.5
    endloop
  endfacet
  facet normal -0.336939 0.941527 0
    outer loop
      vertex -74.639 27.9213 -2.5
      vertex -74.8469 27.8469 0
      vertex -74.639 27.9213 0
    endloop
  endfacet
  facet normal -0.336939 0.941527 0
    outer loop
      vertex -74.8469 27.8469 0
      vertex -74.639 27.9213 -2.5
      vertex -74.8469 27.8469 -2.5
    endloop
  endfacet
  facet normal -0.941527 -0.336939 0
    outer loop
      vertex -73.3469 30.6531 -2.5
      vertex -73.4213 30.861 0
      vertex -73.4213 30.861 -2.5
    endloop
  endfacet
  facet normal -0.941527 -0.336939 0
    outer loop
      vertex -73.4213 30.861 0
      vertex -73.3469 30.6531 -2.5
      vertex -73.3469 30.6531 0
    endloop
  endfacet
  facet normal -0.941527 -0.336939 -0
    outer loop
      vertex -73.3469 30.6531 -5.01
      vertex -73.4213 30.861 -5.71915
      vertex -73.3469 30.6531 -5.76874
    endloop
  endfacet
  facet normal -0.941527 -0.336939 0
    outer loop
      vertex -73.4213 30.861 -5.71915
      vertex -73.3469 30.6531 -5.01
      vertex -73.4213 30.861 -5.01
    endloop
  endfacet
  facet normal 0.740902 0.671613 0
    outer loop
      vertex -77.091 28.409 0
      vertex -77.2393 28.5726 -2.5
      vertex -77.2393 28.5726 0
    endloop
  endfacet
  facet normal 0.740902 0.671613 0
    outer loop
      vertex -77.2393 28.5726 -2.5
      vertex -77.091 28.409 0
      vertex -77.091 28.409 -2.5
    endloop
  endfacet
  facet normal -0.514029 0.857773 0
    outer loop
      vertex -74.25 28.1292 -2.5
      vertex -74.4394 28.0157 0
      vertex -74.25 28.1292 0
    endloop
  endfacet
  facet normal -0.514029 0.857773 0
    outer loop
      vertex -74.4394 28.0157 0
      vertex -74.25 28.1292 -2.5
      vertex -74.4394 28.0157 -2.5
    endloop
  endfacet
  facet normal -0.514029 0.857773 0
    outer loop
      vertex -74.25 28.1292 -5.01
      vertex -74.4394 28.0157 -5.04043
      vertex -74.4394 28.0157 -5.01
    endloop
  endfacet
  facet normal -0.514029 0.857773 0
    outer loop
      vertex -74.4394 28.0157 -5.04043
      vertex -74.25 28.1292 -5.01
      vertex -74.25 28.1292 -5.16669
    endloop
  endfacet
  facet normal 0.803357 -0.595498 0
    outer loop
      vertex -77.3708 31.25 0
      vertex -77.2393 31.4274 -2.5
      vertex -77.2393 31.4274 0
    endloop
  endfacet
  facet normal 0.803357 -0.595498 0
    outer loop
      vertex -77.2393 31.4274 -2.5
      vertex -77.3708 31.25 0
      vertex -77.3708 31.25 -2.5
    endloop
  endfacet
  facet normal 0.941527 -0.336939 0
    outer loop
      vertex -77.6531 30.6531 0
      vertex -77.5787 30.861 -2.5
      vertex -77.5787 30.861 0
    endloop
  endfacet
  facet normal 0.941527 -0.336939 0
    outer loop
      vertex -77.5787 30.861 -2.5
      vertex -77.6531 30.6531 0
      vertex -77.6531 30.6531 -2.5
    endloop
  endfacet
  facet normal -0.998803 0.0489209 0
    outer loop
      vertex -73.2608 29.7795 -2.5
      vertex -73.25 30 0
      vertex -73.25 30 -2.5
    endloop
  endfacet
  facet normal -0.998803 0.0489209 0
    outer loop
      vertex -73.25 30 0
      vertex -73.2608 29.7795 -2.5
      vertex -73.2608 29.7795 0
    endloop
  endfacet
  facet normal -0.998803 0.0489209 0
    outer loop
      vertex -73.2608 29.7795 -5.82611
      vertex -73.25 30 -5.01
      vertex -73.25 30 -5.83333
    endloop
  endfacet
  facet normal -0.998803 0.0489209 0
    outer loop
      vertex -73.25 30 -5.01
      vertex -73.2608 29.7795 -5.82611
      vertex -73.2608 29.7795 -5.01
    endloop
  endfacet
  facet normal 0.0489209 -0.998803 0
    outer loop
      vertex -75.7205 32.2392 -2.5
      vertex -75.5 32.25 0
      vertex -75.7205 32.2392 0
    endloop
  endfacet
  facet normal 0.0489209 -0.998803 0
    outer loop
      vertex -75.5 32.25 0
      vertex -75.7205 32.2392 -2.5
      vertex -75.5 32.25 -2.5
    endloop
  endfacet
  facet normal -0.941527 0.336939 0
    outer loop
      vertex -73.4213 29.139 -2.5
      vertex -73.3469 29.3469 0
      vertex -73.3469 29.3469 -2.5
    endloop
  endfacet
  facet normal -0.941527 0.336939 0
    outer loop
      vertex -73.3469 29.3469 0
      vertex -73.4213 29.139 -2.5
      vertex -73.4213 29.139 0
    endloop
  endfacet
  facet normal -0.941527 0.336939 0
    outer loop
      vertex -73.4213 29.139 -5.71915
      vertex -73.3469 29.3469 -5.01
      vertex -73.3469 29.3469 -5.76874
    endloop
  endfacet
  facet normal -0.941527 0.336939 0
    outer loop
      vertex -73.3469 29.3469 -5.01
      vertex -73.4213 29.139 -5.71915
      vertex -73.4213 29.139 -5.01
    endloop
  endfacet
  facet normal -0.595498 -0.803357 0
    outer loop
      vertex -74.25 31.8708 -2.5
      vertex -74.0726 31.7393 0
      vertex -74.25 31.8708 0
    endloop
  endfacet
  facet normal -0.595498 -0.803357 -0
    outer loop
      vertex -74.0726 31.7393 0
      vertex -74.25 31.8708 -2.5
      vertex -74.0726 31.7393 -2.5
    endloop
  endfacet
  facet normal -0.595498 -0.803357 0
    outer loop
      vertex -74.25 31.8708 -5.16669
      vertex -74.0726 31.7393 -5.01
      vertex -74.25 31.8708 -5.01
    endloop
  endfacet
  facet normal -0.595498 -0.803357 -0
    outer loop
      vertex -74.0726 31.7393 -5.01
      vertex -74.25 31.8708 -5.16669
      vertex -74.0726 31.7393 -5.28492
    endloop
  endfacet
  facet normal -0.903996 0.427541 0
    outer loop
      vertex -73.5157 28.9394 -2.5
      vertex -73.4213 29.139 0
      vertex -73.4213 29.139 -2.5
    endloop
  endfacet
  facet normal -0.903996 0.427541 0
    outer loop
      vertex -73.4213 29.139 0
      vertex -73.5157 28.9394 -2.5
      vertex -73.5157 28.9394 0
    endloop
  endfacet
  facet normal -0.903996 0.427541 0
    outer loop
      vertex -73.5157 28.9394 -5.65622
      vertex -73.4213 29.139 -5.01
      vertex -73.4213 29.139 -5.71915
    endloop
  endfacet
  facet normal -0.903996 0.427541 0
    outer loop
      vertex -73.4213 29.139 -5.01
      vertex -73.5157 28.9394 -5.65622
      vertex -73.5157 28.9394 -5.01
    endloop
  endfacet
  facet normal -0.989184 0.14668 0
    outer loop
      vertex -73.2932 29.561 -2.5
      vertex -73.2608 29.7795 0
      vertex -73.2608 29.7795 -2.5
    endloop
  endfacet
  facet normal -0.989184 0.14668 0
    outer loop
      vertex -73.2608 29.7795 0
      vertex -73.2932 29.561 -2.5
      vertex -73.2932 29.561 0
    endloop
  endfacet
  facet normal -0.989184 0.14668 0
    outer loop
      vertex -73.2932 29.561 -5.80451
      vertex -73.2608 29.7795 -5.01
      vertex -73.2608 29.7795 -5.82611
    endloop
  endfacet
  facet normal -0.989184 0.14668 0
    outer loop
      vertex -73.2608 29.7795 -5.01
      vertex -73.2932 29.561 -5.80451
      vertex -73.2932 29.561 -5.01
    endloop
  endfacet
  facet normal 0.243175 -0.969982 0
    outer loop
      vertex -76.1531 32.1531 -2.5
      vertex -75.9389 32.2068 0
      vertex -76.1531 32.1531 0
    endloop
  endfacet
  facet normal 0.243175 -0.969982 0
    outer loop
      vertex -75.9389 32.2068 0
      vertex -76.1531 32.1531 -2.5
      vertex -75.9389 32.2068 -2.5
    endloop
  endfacet
  facet normal -0.0489209 -0.998803 0
    outer loop
      vertex -75.5 32.25 -2.5
      vertex -75.2795 32.2392 0
      vertex -75.5 32.25 0
    endloop
  endfacet
  facet normal -0.0489209 -0.998803 -0
    outer loop
      vertex -75.2795 32.2392 0
      vertex -75.5 32.25 -2.5
      vertex -75.2795 32.2392 -2.5
    endloop
  endfacet
  facet normal -0.427541 0.903996 0
    outer loop
      vertex -74.4394 28.0157 -2.5
      vertex -74.639 27.9213 0
      vertex -74.4394 28.0157 0
    endloop
  endfacet
  facet normal -0.427541 0.903996 0
    outer loop
      vertex -74.639 27.9213 0
      vertex -74.4394 28.0157 -2.5
      vertex -74.639 27.9213 -2.5
    endloop
  endfacet
  facet normal -0.428086 0.903738 0
    outer loop
      vertex -74.4394 28.0157 -5.01
      vertex -74.4394 28.0157 -5.04043
      vertex -74.485 27.9941 -5.01
    endloop
  endfacet
  facet normal -0.243175 -0.969982 0
    outer loop
      vertex -75.0611 32.2068 -2.5
      vertex -74.8469 32.1531 0
      vertex -75.0611 32.2068 0
    endloop
  endfacet
  facet normal -0.243175 -0.969982 -0
    outer loop
      vertex -74.8469 32.1531 0
      vertex -75.0611 32.2068 -2.5
      vertex -74.8469 32.1531 -2.5
    endloop
  endfacet
  facet normal -0.0489209 0.998803 0
    outer loop
      vertex -75.2795 27.7608 -2.5
      vertex -75.5 27.75 0
      vertex -75.2795 27.7608 0
    endloop
  endfacet
  facet normal -0.0489209 0.998803 0
    outer loop
      vertex -75.5 27.75 0
      vertex -75.2795 27.7608 -2.5
      vertex -75.5 27.75 -2.5
    endloop
  endfacet
  facet normal 0.514029 0.857773 -0
    outer loop
      vertex -76.5606 28.0157 -2.5
      vertex -76.75 28.1292 0
      vertex -76.5606 28.0157 0
    endloop
  endfacet
  facet normal 0.514029 0.857773 0
    outer loop
      vertex -76.75 28.1292 0
      vertex -76.5606 28.0157 -2.5
      vertex -76.75 28.1292 -2.5
    endloop
  endfacet
  facet normal -0.243175 0.969982 0
    outer loop
      vertex -74.8469 27.8469 -2.5
      vertex -75.0611 27.7932 0
      vertex -74.8469 27.8469 0
    endloop
  endfacet
  facet normal -0.243175 0.969982 0
    outer loop
      vertex -75.0611 27.7932 0
      vertex -74.8469 27.8469 -2.5
      vertex -75.0611 27.7932 -2.5
    endloop
  endfacet
  facet normal -0.514029 -0.857773 0
    outer loop
      vertex -74.4394 31.9843 -2.5
      vertex -74.25 31.8708 0
      vertex -74.4394 31.9843 0
    endloop
  endfacet
  facet normal -0.514029 -0.857773 -0
    outer loop
      vertex -74.25 31.8708 0
      vertex -74.4394 31.9843 -2.5
      vertex -74.25 31.8708 -2.5
    endloop
  endfacet
  facet normal -0.514029 -0.857773 0
    outer loop
      vertex -74.4394 31.9843 -5.04043
      vertex -74.25 31.8708 -5.01
      vertex -74.4394 31.9843 -5.01
    endloop
  endfacet
  facet normal -0.514029 -0.857773 -0
    outer loop
      vertex -74.25 31.8708 -5.01
      vertex -74.4394 31.9843 -5.04043
      vertex -74.25 31.8708 -5.16669
    endloop
  endfacet
  facet normal 0.336939 -0.941527 0
    outer loop
      vertex -76.361 32.0787 -2.5
      vertex -76.1531 32.1531 0
      vertex -76.361 32.0787 0
    endloop
  endfacet
  facet normal 0.336939 -0.941527 0
    outer loop
      vertex -76.1531 32.1531 0
      vertex -76.361 32.0787 -2.5
      vertex -76.1531 32.1531 -2.5
    endloop
  endfacet
  facet normal 0.998803 -0.0489209 0
    outer loop
      vertex -77.75 30 0
      vertex -77.7392 30.2205 -2.5
      vertex -77.7392 30.2205 0
    endloop
  endfacet
  facet normal 0.998803 -0.0489209 0
    outer loop
      vertex -77.7392 30.2205 -2.5
      vertex -77.75 30 0
      vertex -77.75 30 -2.5
    endloop
  endfacet
  facet normal 0.671613 -0.740902 0
    outer loop
      vertex -77.091 31.591 -2.5
      vertex -76.9274 31.7393 0
      vertex -77.091 31.591 0
    endloop
  endfacet
  facet normal 0.671613 -0.740902 0
    outer loop
      vertex -76.9274 31.7393 0
      vertex -77.091 31.591 -2.5
      vertex -76.9274 31.7393 -2.5
    endloop
  endfacet
  facet normal -0.671613 0.740902 0
    outer loop
      vertex -73.909 28.409 -2.5
      vertex -74.0726 28.2607 0
      vertex -73.909 28.409 0
    endloop
  endfacet
  facet normal -0.671613 0.740902 0
    outer loop
      vertex -74.0726 28.2607 0
      vertex -73.909 28.409 -2.5
      vertex -74.0726 28.2607 -2.5
    endloop
  endfacet
  facet normal -0.671613 0.740902 0
    outer loop
      vertex -73.909 28.409 -5.01
      vertex -74.0726 28.2607 -5.28492
      vertex -74.0726 28.2607 -5.01
    endloop
  endfacet
  facet normal -0.671613 0.740902 0
    outer loop
      vertex -74.0726 28.2607 -5.28492
      vertex -73.909 28.409 -5.01
      vertex -73.909 28.409 -5.39399
    endloop
  endfacet
  facet normal 0.595498 -0.803357 0
    outer loop
      vertex -76.9274 31.7393 -2.5
      vertex -76.75 31.8708 0
      vertex -76.9274 31.7393 0
    endloop
  endfacet
  facet normal 0.595498 -0.803357 0
    outer loop
      vertex -76.75 31.8708 0
      vertex -76.9274 31.7393 -2.5
      vertex -76.75 31.8708 -2.5
    endloop
  endfacet
  facet normal 0.0489209 0.998803 -0
    outer loop
      vertex -75.5 27.75 -2.5
      vertex -75.7205 27.7608 0
      vertex -75.5 27.75 0
    endloop
  endfacet
  facet normal 0.0489209 0.998803 0
    outer loop
      vertex -75.7205 27.7608 0
      vertex -75.5 27.75 -2.5
      vertex -75.7205 27.7608 -2.5
    endloop
  endfacet
  facet normal -0.857773 -0.514029 0
    outer loop
      vertex -73.5157 31.0606 -2.5
      vertex -73.6292 31.25 0
      vertex -73.6292 31.25 -2.5
    endloop
  endfacet
  facet normal -0.857773 -0.514029 0
    outer loop
      vertex -73.6292 31.25 0
      vertex -73.5157 31.0606 -2.5
      vertex -73.5157 31.0606 0
    endloop
  endfacet
  facet normal -0.857773 -0.514029 -0
    outer loop
      vertex -73.5157 31.0606 -5.01
      vertex -73.6292 31.25 -5.58054
      vertex -73.5157 31.0606 -5.65622
    endloop
  endfacet
  facet normal -0.857773 -0.514029 0
    outer loop
      vertex -73.6292 31.25 -5.58054
      vertex -73.5157 31.0606 -5.01
      vertex -73.6292 31.25 -5.01
    endloop
  endfacet
  facet normal 0.671613 0.740902 -0
    outer loop
      vertex -76.9274 28.2607 -2.5
      vertex -77.091 28.409 0
      vertex -76.9274 28.2607 0
    endloop
  endfacet
  facet normal 0.671613 0.740902 0
    outer loop
      vertex -77.091 28.409 0
      vertex -76.9274 28.2607 -2.5
      vertex -77.091 28.409 -2.5
    endloop
  endfacet
  facet normal 0.989184 -0.14668 0
    outer loop
      vertex -77.7392 30.2205 0
      vertex -77.7068 30.439 -2.5
      vertex -77.7068 30.439 0
    endloop
  endfacet
  facet normal 0.989184 -0.14668 0
    outer loop
      vertex -77.7068 30.439 -2.5
      vertex -77.7392 30.2205 0
      vertex -77.7392 30.2205 -2.5
    endloop
  endfacet
  facet normal -0.671613 -0.740902 0
    outer loop
      vertex -74.0726 31.7393 -2.5
      vertex -73.909 31.591 0
      vertex -74.0726 31.7393 0
    endloop
  endfacet
  facet normal -0.671613 -0.740902 -0
    outer loop
      vertex -73.909 31.591 0
      vertex -74.0726 31.7393 -2.5
      vertex -73.909 31.591 -2.5
    endloop
  endfacet
  facet normal -0.671613 -0.740902 0
    outer loop
      vertex -74.0726 31.7393 -5.28492
      vertex -73.909 31.591 -5.01
      vertex -74.0726 31.7393 -5.01
    endloop
  endfacet
  facet normal -0.671613 -0.740902 -0
    outer loop
      vertex -73.909 31.591 -5.01
      vertex -74.0726 31.7393 -5.28492
      vertex -73.909 31.591 -5.39399
    endloop
  endfacet
  facet normal 0.857773 0.514029 0
    outer loop
      vertex -77.3708 28.75 0
      vertex -77.4843 28.9394 -2.5
      vertex -77.4843 28.9394 0
    endloop
  endfacet
  facet normal 0.857773 0.514029 0
    outer loop
      vertex -77.4843 28.9394 -2.5
      vertex -77.3708 28.75 0
      vertex -77.3708 28.75 -2.5
    endloop
  endfacet
  facet normal -0.146746 0.989174 0
    outer loop
      vertex -75.0611 27.7932 -2.5
      vertex -75.2795 27.7608 0
      vertex -75.0611 27.7932 0
    endloop
  endfacet
  facet normal -0.146746 0.989174 0
    outer loop
      vertex -75.2795 27.7608 0
      vertex -75.0611 27.7932 -2.5
      vertex -75.2795 27.7608 -2.5
    endloop
  endfacet
  facet normal 0.427541 -0.903996 0
    outer loop
      vertex -76.5606 31.9843 -2.5
      vertex -76.361 32.0787 0
      vertex -76.5606 31.9843 0
    endloop
  endfacet
  facet normal 0.427541 -0.903996 0
    outer loop
      vertex -76.361 32.0787 0
      vertex -76.5606 31.9843 -2.5
      vertex -76.361 32.0787 -2.5
    endloop
  endfacet
  facet normal -0.903996 -0.427541 0
    outer loop
      vertex -73.4213 30.861 -2.5
      vertex -73.5157 31.0606 0
      vertex -73.5157 31.0606 -2.5
    endloop
  endfacet
  facet normal -0.903996 -0.427541 0
    outer loop
      vertex -73.5157 31.0606 0
      vertex -73.4213 30.861 -2.5
      vertex -73.4213 30.861 0
    endloop
  endfacet
  facet normal -0.903996 -0.427541 -0
    outer loop
      vertex -73.4213 30.861 -5.01
      vertex -73.5157 31.0606 -5.65622
      vertex -73.4213 30.861 -5.71915
    endloop
  endfacet
  facet normal -0.903996 -0.427541 0
    outer loop
      vertex -73.5157 31.0606 -5.65622
      vertex -73.4213 30.861 -5.01
      vertex -73.5157 31.0606 -5.01
    endloop
  endfacet
  facet normal -0.857773 0.514029 0
    outer loop
      vertex -73.6292 28.75 -2.5
      vertex -73.5157 28.9394 0
      vertex -73.5157 28.9394 -2.5
    endloop
  endfacet
  facet normal -0.857773 0.514029 0
    outer loop
      vertex -73.5157 28.9394 0
      vertex -73.6292 28.75 -2.5
      vertex -73.6292 28.75 0
    endloop
  endfacet
  facet normal -0.857773 0.514029 0
    outer loop
      vertex -73.6292 28.75 -5.58054
      vertex -73.5157 28.9394 -5.01
      vertex -73.5157 28.9394 -5.65622
    endloop
  endfacet
  facet normal -0.857773 0.514029 0
    outer loop
      vertex -73.5157 28.9394 -5.01
      vertex -73.6292 28.75 -5.58054
      vertex -73.6292 28.75 -5.01
    endloop
  endfacet
  facet normal -0.969956 0.243282 0
    outer loop
      vertex -73.3469 29.3469 -2.5
      vertex -73.2932 29.561 0
      vertex -73.2932 29.561 -2.5
    endloop
  endfacet
  facet normal -0.969956 0.243282 0
    outer loop
      vertex -73.2932 29.561 0
      vertex -73.3469 29.3469 -2.5
      vertex -73.3469 29.3469 0
    endloop
  endfacet
  facet normal -0.969956 0.243282 0
    outer loop
      vertex -73.3469 29.3469 -5.76874
      vertex -73.2932 29.561 -5.01
      vertex -73.2932 29.561 -5.80451
    endloop
  endfacet
  facet normal -0.969956 0.243282 0
    outer loop
      vertex -73.2932 29.561 -5.01
      vertex -73.3469 29.3469 -5.76874
      vertex -73.3469 29.3469 -5.01
    endloop
  endfacet
  facet normal -0.427541 -0.903996 0
    outer loop
      vertex -74.639 32.0787 -2.5
      vertex -74.4394 31.9843 0
      vertex -74.639 32.0787 0
    endloop
  endfacet
  facet normal -0.427541 -0.903996 -0
    outer loop
      vertex -74.4394 31.9843 0
      vertex -74.639 32.0787 -2.5
      vertex -74.4394 31.9843 -2.5
    endloop
  endfacet
  facet normal -0.428086 -0.903738 0
    outer loop
      vertex -74.4394 31.9843 -5.04043
      vertex -74.4394 31.9843 -5.01
      vertex -74.485 32.0059 -5.01
    endloop
  endfacet
  facet normal 0.146746 -0.989174 0
    outer loop
      vertex -75.9389 32.2068 -2.5
      vertex -75.7205 32.2392 0
      vertex -75.9389 32.2068 0
    endloop
  endfacet
  facet normal 0.146746 -0.989174 0
    outer loop
      vertex -75.7205 32.2392 0
      vertex -75.9389 32.2068 -2.5
      vertex -75.7205 32.2392 -2.5
    endloop
  endfacet
  facet normal 0.903996 -0.427541 0
    outer loop
      vertex -77.5787 30.861 0
      vertex -77.4843 31.0606 -2.5
      vertex -77.4843 31.0606 0
    endloop
  endfacet
  facet normal 0.903996 -0.427541 0
    outer loop
      vertex -77.4843 31.0606 -2.5
      vertex -77.5787 30.861 0
      vertex -77.5787 30.861 -2.5
    endloop
  endfacet
  facet normal 0.857773 -0.514029 0
    outer loop
      vertex -77.4843 31.0606 0
      vertex -77.3708 31.25 -2.5
      vertex -77.3708 31.25 0
    endloop
  endfacet
  facet normal 0.857773 -0.514029 0
    outer loop
      vertex -77.3708 31.25 -2.5
      vertex -77.4843 31.0606 0
      vertex -77.4843 31.0606 -2.5
    endloop
  endfacet
  facet normal 0.740902 -0.671613 0
    outer loop
      vertex -77.2393 31.4274 0
      vertex -77.091 31.591 -2.5
      vertex -77.091 31.591 0
    endloop
  endfacet
  facet normal 0.740902 -0.671613 0
    outer loop
      vertex -77.091 31.591 -2.5
      vertex -77.2393 31.4274 0
      vertex -77.2393 31.4274 -2.5
    endloop
  endfacet
  facet normal 0.969956 -0.243282 0
    outer loop
      vertex -77.7068 30.439 0
      vertex -77.6531 30.6531 -2.5
      vertex -77.6531 30.6531 0
    endloop
  endfacet
  facet normal 0.969956 -0.243282 0
    outer loop
      vertex -77.6531 30.6531 -2.5
      vertex -77.7068 30.439 0
      vertex -77.7068 30.439 -2.5
    endloop
  endfacet
  facet normal -0.803357 0.595498 0
    outer loop
      vertex -73.7607 28.5726 -2.5
      vertex -73.6292 28.75 0
      vertex -73.6292 28.75 -2.5
    endloop
  endfacet
  facet normal -0.803357 0.595498 0
    outer loop
      vertex -73.6292 28.75 0
      vertex -73.7607 28.5726 -2.5
      vertex -73.7607 28.5726 0
    endloop
  endfacet
  facet normal -0.803357 0.595498 0
    outer loop
      vertex -73.7607 28.5726 -5.49285
      vertex -73.6292 28.75 -5.01
      vertex -73.6292 28.75 -5.58054
    endloop
  endfacet
  facet normal -0.803357 0.595498 0
    outer loop
      vertex -73.6292 28.75 -5.01
      vertex -73.7607 28.5726 -5.49285
      vertex -73.7607 28.5726 -5.01
    endloop
  endfacet
  facet normal -0.740902 -0.671613 0
    outer loop
      vertex -73.7607 31.4274 -2.5
      vertex -73.909 31.591 0
      vertex -73.909 31.591 -2.5
    endloop
  endfacet
  facet normal -0.740902 -0.671613 0
    outer loop
      vertex -73.909 31.591 0
      vertex -73.7607 31.4274 -2.5
      vertex -73.7607 31.4274 0
    endloop
  endfacet
  facet normal -0.740902 -0.671613 -0
    outer loop
      vertex -73.7607 31.4274 -5.01
      vertex -73.909 31.591 -5.39399
      vertex -73.7607 31.4274 -5.49285
    endloop
  endfacet
  facet normal -0.740902 -0.671613 0
    outer loop
      vertex -73.909 31.591 -5.39399
      vertex -73.7607 31.4274 -5.01
      vertex -73.909 31.591 -5.01
    endloop
  endfacet
  facet normal -0.336939 -0.941527 0
    outer loop
      vertex -74.8469 32.1531 -2.5
      vertex -74.639 32.0787 0
      vertex -74.8469 32.1531 0
    endloop
  endfacet
  facet normal -0.336939 -0.941527 -0
    outer loop
      vertex -74.639 32.0787 0
      vertex -74.8469 32.1531 -2.5
      vertex -74.639 32.0787 -2.5
    endloop
  endfacet
  facet normal -0.740902 0.671613 0
    outer loop
      vertex -73.909 28.409 -2.5
      vertex -73.7607 28.5726 0
      vertex -73.7607 28.5726 -2.5
    endloop
  endfacet
  facet normal -0.740902 0.671613 0
    outer loop
      vertex -73.7607 28.5726 0
      vertex -73.909 28.409 -2.5
      vertex -73.909 28.409 0
    endloop
  endfacet
  facet normal -0.740902 0.671613 0
    outer loop
      vertex -73.909 28.409 -5.39399
      vertex -73.7607 28.5726 -5.01
      vertex -73.7607 28.5726 -5.49285
    endloop
  endfacet
  facet normal -0.740902 0.671613 0
    outer loop
      vertex -73.7607 28.5726 -5.01
      vertex -73.909 28.409 -5.39399
      vertex -73.909 28.409 -5.01
    endloop
  endfacet
  facet normal -0.803357 -0.595498 0
    outer loop
      vertex -73.6292 31.25 -2.5
      vertex -73.7607 31.4274 0
      vertex -73.7607 31.4274 -2.5
    endloop
  endfacet
  facet normal -0.803357 -0.595498 0
    outer loop
      vertex -73.7607 31.4274 0
      vertex -73.6292 31.25 -2.5
      vertex -73.6292 31.25 0
    endloop
  endfacet
  facet normal -0.803357 -0.595498 -0
    outer loop
      vertex -73.6292 31.25 -5.01
      vertex -73.7607 31.4274 -5.49285
      vertex -73.6292 31.25 -5.58054
    endloop
  endfacet
  facet normal -0.803357 -0.595498 0
    outer loop
      vertex -73.7607 31.4274 -5.49285
      vertex -73.6292 31.25 -5.01
      vertex -73.7607 31.4274 -5.01
    endloop
  endfacet
  facet normal 0.969956 0.243282 0
    outer loop
      vertex -77.6531 29.3469 0
      vertex -77.7068 29.561 -2.5
      vertex -77.7068 29.561 0
    endloop
  endfacet
  facet normal 0.969956 0.243282 0
    outer loop
      vertex -77.7068 29.561 -2.5
      vertex -77.6531 29.3469 0
      vertex -77.6531 29.3469 -2.5
    endloop
  endfacet
  facet normal 0.803357 0.595498 0
    outer loop
      vertex -77.2393 28.5726 0
      vertex -77.3708 28.75 -2.5
      vertex -77.3708 28.75 0
    endloop
  endfacet
  facet normal 0.803357 0.595498 0
    outer loop
      vertex -77.3708 28.75 -2.5
      vertex -77.2393 28.5726 0
      vertex -77.2393 28.5726 -2.5
    endloop
  endfacet
  facet normal -0.146746 -0.989174 0
    outer loop
      vertex -75.2795 32.2392 -2.5
      vertex -75.0611 32.2068 0
      vertex -75.2795 32.2392 0
    endloop
  endfacet
  facet normal -0.146746 -0.989174 -0
    outer loop
      vertex -75.0611 32.2068 0
      vertex -75.2795 32.2392 -2.5
      vertex -75.0611 32.2068 -2.5
    endloop
  endfacet
  facet normal 0.989184 0.14668 0
    outer loop
      vertex -77.7068 29.561 0
      vertex -77.7392 29.7795 -2.5
      vertex -77.7392 29.7795 0
    endloop
  endfacet
  facet normal 0.989184 0.14668 0
    outer loop
      vertex -77.7392 29.7795 -2.5
      vertex -77.7068 29.561 0
      vertex -77.7068 29.561 -2.5
    endloop
  endfacet
  facet normal 0.595498 0.803357 -0
    outer loop
      vertex -76.75 28.1292 -2.5
      vertex -76.9274 28.2607 0
      vertex -76.75 28.1292 0
    endloop
  endfacet
  facet normal 0.595498 0.803357 0
    outer loop
      vertex -76.9274 28.2607 0
      vertex -76.75 28.1292 -2.5
      vertex -76.9274 28.2607 -2.5
    endloop
  endfacet
  facet normal -0.595498 0.803357 0
    outer loop
      vertex -74.0726 28.2607 -2.5
      vertex -74.25 28.1292 0
      vertex -74.0726 28.2607 0
    endloop
  endfacet
  facet normal -0.595498 0.803357 0
    outer loop
      vertex -74.25 28.1292 0
      vertex -74.0726 28.2607 -2.5
      vertex -74.25 28.1292 -2.5
    endloop
  endfacet
  facet normal -0.595498 0.803357 0
    outer loop
      vertex -74.0726 28.2607 -5.01
      vertex -74.25 28.1292 -5.16669
      vertex -74.25 28.1292 -5.01
    endloop
  endfacet
  facet normal -0.595498 0.803357 0
    outer loop
      vertex -74.25 28.1292 -5.16669
      vertex -74.0726 28.2607 -5.01
      vertex -74.0726 28.2607 -5.28492
    endloop
  endfacet
  facet normal 0.336939 0.941527 -0
    outer loop
      vertex -76.1531 27.8469 -2.5
      vertex -76.361 27.9213 0
      vertex -76.1531 27.8469 0
    endloop
  endfacet
  facet normal 0.336939 0.941527 0
    outer loop
      vertex -76.361 27.9213 0
      vertex -76.1531 27.8469 -2.5
      vertex -76.361 27.9213 -2.5
    endloop
  endfacet
  facet normal 0.243175 0.969982 -0
    outer loop
      vertex -75.9389 27.7932 -2.5
      vertex -76.1531 27.8469 0
      vertex -75.9389 27.7932 0
    endloop
  endfacet
  facet normal 0.243175 0.969982 0
    outer loop
      vertex -76.1531 27.8469 0
      vertex -75.9389 27.7932 -2.5
      vertex -76.1531 27.8469 -2.5
    endloop
  endfacet
  facet normal 0.146746 0.989174 -0
    outer loop
      vertex -75.7205 27.7608 -2.5
      vertex -75.9389 27.7932 0
      vertex -75.7205 27.7608 0
    endloop
  endfacet
  facet normal 0.146746 0.989174 0
    outer loop
      vertex -75.9389 27.7932 0
      vertex -75.7205 27.7608 -2.5
      vertex -75.9389 27.7932 -2.5
    endloop
  endfacet
  facet normal 0.427541 0.903996 -0
    outer loop
      vertex -76.361 27.9213 -2.5
      vertex -76.5606 28.0157 0
      vertex -76.361 27.9213 0
    endloop
  endfacet
  facet normal 0.427541 0.903996 0
    outer loop
      vertex -76.5606 28.0157 0
      vertex -76.361 27.9213 -2.5
      vertex -76.5606 28.0157 -2.5
    endloop
  endfacet
  facet normal -0.363692 0.606901 -0.706682
    outer loop
      vertex -74.25 28.1292 -2.5
      vertex -72.8555 26.0422 -5.01
      vertex -74.4394 28.0157 -2.5
    endloop
  endfacet
  facet normal 0.171815 -0.686347 -0.706688
    outer loop
      vertex -76.4275 34.6585 -5
      vertex -76.1531 32.1531 -2.5
      vertex -76.8789 34.5455 -5
    endloop
  endfacet
  facet normal 0.68629 -0.172133 -0.706666
    outer loop
      vertex -77.7068 30.439 -2.5
      vertex -80.1585 30.9275 -5
      vertex -77.6531 30.6531 -2.5
    endloop
  endfacet
  facet normal 0.686409 -0.171602 -0.706679
    outer loop
      vertex -80.1585 30.9275 -5
      vertex -77.7068 30.439 -2.5
      vertex -80.1587 30.9267 -5
    endloop
  endfacet
  facet normal -0.706683 -0.034613 -0.706683
    outer loop
      vertex -70.74 30 -5.01
      vertex -73.25 30 -2.5
      vertex -73.2608 30.2205 -2.5
    endloop
  endfacet
  facet normal -0.706684 -0.034683 -0.706678
    outer loop
      vertex -70.7629 30.4666 -5.01
      vertex -70.74 30 -5.01
      vertex -73.2608 30.2205 -2.5
    endloop
  endfacet
  facet normal 0.0346726 -0.706682 -0.706682
    outer loop
      vertex -75.5 34.75 -5
      vertex -75.5 32.25 -2.5
      vertex -75.9647 34.7272 -5
    endloop
  endfacet
  facet normal 0.524327 0.475057 -0.706684
    outer loop
      vertex -77.091 28.409 -2.5
      vertex -78.8588 26.6412 -5
      vertex -79.1712 26.986 -5
    endloop
  endfacet
  facet normal -0.0348246 0.706681 -0.706675
    outer loop
      vertex -75.2795 27.7608 -2.5
      vertex -75.0344 25.2729 -5
      vertex -75.4991 25.25 -5
    endloop
  endfacet
  facet normal -0.238273 -0.666195 -0.70669
    outer loop
      vertex -74.1182 34.555 -5.01
      vertex -73.6784 34.3977 -5.01
      vertex -74.639 32.0787 -2.5
    endloop
  endfacet
  facet normal -0.63961 0.302501 -0.706677
    outer loop
      vertex -73.4213 29.139 -2.5
      vertex -71.3021 27.7562 -5.01
      vertex -73.5157 28.9394 -2.5
    endloop
  endfacet
  facet normal -0.699862 0.103919 -0.706678
    outer loop
      vertex -70.7629 29.5334 -5.01
      vertex -70.8315 29.0714 -5.01
      vertex -73.2608 29.7795 -2.5
    endloop
  endfacet
  facet normal -0.475194 -0.52422 -0.706671
    outer loop
      vertex -72.4803 33.6795 -5.01
      vertex -73.909 31.591 -2.5
      vertex -74.0726 31.7393 -2.5
    endloop
  endfacet
  facet normal 0.0348246 0.706681 -0.706675
    outer loop
      vertex -75.7205 27.7608 -2.5
      vertex -75.5009 25.25 -5
      vertex -75.9656 25.2729 -5
    endloop
  endfacet
  facet normal 0.421521 0.568263 -0.70668
    outer loop
      vertex -76.9274 28.2607 -2.5
      vertex -78.1397 26.051 -5
      vertex -78.5134 26.3282 -5
    endloop
  endfacet
  facet normal 0.171601 0.686406 -0.706682
    outer loop
      vertex -76.4275 25.3415 -5
      vertex -75.9389 27.7932 -2.5
      vertex -76.4267 25.3413 -5
    endloop
  endfacet
  facet normal 0.172057 0.686304 -0.706671
    outer loop
      vertex -75.9389 27.7932 -2.5
      vertex -76.4275 25.3415 -5
      vertex -76.1531 27.8469 -2.5
    endloop
  endfacet
  facet normal -0.606901 0.363692 -0.706682
    outer loop
      vertex -73.5157 28.9394 -2.5
      vertex -71.5422 27.3555 -5.01
      vertex -73.6292 28.75 -2.5
    endloop
  endfacet
  facet normal -0.238273 0.666195 -0.70669
    outer loop
      vertex -73.6784 25.6023 -5.01
      vertex -74.1182 25.445 -5.01
      vertex -74.639 27.9213 -2.5
    endloop
  endfacet
  facet normal -0.639528 0.302647 -0.706689
    outer loop
      vertex -71.1023 28.1784 -5.01
      vertex -71.3021 27.7562 -5.01
      vertex -73.4213 29.139 -2.5
    endloop
  endfacet
  facet normal -0.0346726 -0.706682 -0.706682
    outer loop
      vertex -75.5 34.75 -5
      vertex -75.0353 34.7272 -5
      vertex -75.5 32.25 -2.5
    endloop
  endfacet
  facet normal -0.153414 0.690361 -0.707012
    outer loop
      vertex -74.5742 25.3411 -5
      vertex -75.0611 27.7932 -2.5
      vertex -74.5733 25.3413 -5
    endloop
  endfacet
  facet normal -0.103827 0.699871 -0.706683
    outer loop
      vertex -75.0611 27.7932 -2.5
      vertex -74.5742 25.3411 -5
      vertex -75.2795 27.7608 -2.5
    endloop
  endfacet
  facet normal 0.639619 0.302473 -0.706681
    outer loop
      vertex -77.5787 29.139 -2.5
      vertex -79.6895 27.7617 -5
      vertex -79.8884 28.1823 -5
    endloop
  endfacet
  facet normal 0.475057 0.524327 -0.706684
    outer loop
      vertex -77.091 28.409 -2.5
      vertex -78.514 26.3288 -5
      vertex -78.8588 26.6412 -5
    endloop
  endfacet
  facet normal -0.606919 0.363667 -0.70668
    outer loop
      vertex -71.3021 27.7562 -5.01
      vertex -71.5422 27.3555 -5.01
      vertex -73.5157 28.9394 -2.5
    endloop
  endfacet
  facet normal -0.666195 0.238273 -0.70669
    outer loop
      vertex -70.945 28.6182 -5.01
      vertex -71.1023 28.1784 -5.01
      vertex -73.4213 29.139 -2.5
    endloop
  endfacet
  facet normal -0.699892 -0.103783 -0.706668
    outer loop
      vertex -70.8315 30.9286 -5.01
      vertex -73.2608 30.2205 -2.5
      vertex -73.2932 30.439 -2.5
    endloop
  endfacet
  facet normal -0.52422 -0.475194 -0.706671
    outer loop
      vertex -71.8205 33.0197 -5.01
      vertex -73.7607 31.4274 -2.5
      vertex -73.909 31.591 -2.5
    endloop
  endfacet
  facet normal -0.363731 0.606874 -0.706685
    outer loop
      vertex -72.8555 26.0422 -5.01
      vertex -73.2561 25.8021 -5.01
      vertex -74.4394 28.0157 -2.5
    endloop
  endfacet
  facet normal 0.411092 0.575529 -0.706944
    outer loop
      vertex -78.1397 26.051 -5
      vertex -76.75 28.1292 -2.5
      vertex -78.139 26.0505 -5
    endloop
  endfacet
  facet normal 0.421325 0.568389 -0.706696
    outer loop
      vertex -76.75 28.1292 -2.5
      vertex -78.1397 26.051 -5
      vertex -76.9274 28.2607 -2.5
    endloop
  endfacet
  facet normal -0.363731 -0.606874 -0.706685
    outer loop
      vertex -73.2561 34.1979 -5.01
      vertex -72.8555 33.9578 -5.01
      vertex -74.4394 31.9843 -2.5
    endloop
  endfacet
  facet normal -0.706684 0.034683 -0.706678
    outer loop
      vertex -70.74 30 -5.01
      vertex -70.7629 29.5334 -5.01
      vertex -73.2608 29.7795 -2.5
    endloop
  endfacet
  facet normal -0.706683 0.034613 -0.706683
    outer loop
      vertex -73.25 30 -2.5
      vertex -70.74 30 -5.01
      vertex -73.2608 29.7795 -2.5
    endloop
  endfacet
  facet normal 0.706689 0.0346133 -0.706678
    outer loop
      vertex -77.7392 29.7795 -2.5
      vertex -80.2272 29.5353 -5
      vertex -77.75 30 -2.5
    endloop
  endfacet
  facet normal 0.702817 0.0780908 -0.707071
    outer loop
      vertex -80.2272 29.5353 -5
      vertex -77.7392 29.7795 -2.5
      vertex -80.2271 29.5344 -5
    endloop
  endfacet
  facet normal -0.568278 -0.421513 -0.706673
    outer loop
      vertex -71.8205 33.0197 -5.01
      vertex -71.5422 32.6445 -5.01
      vertex -73.7607 31.4274 -2.5
    endloop
  endfacet
  facet normal -0.172275 -0.687602 -0.705354
    outer loop
      vertex -74.1182 34.555 -5.01
      vertex -74.5 34.6404 -5
      vertex -74.485 34.6469 -5.01
    endloop
  endfacet
  facet normal -0.17137 -0.686426 -0.706719
    outer loop
      vertex -74.5 34.6404 -5
      vertex -74.8469 32.1531 -2.5
      vertex -74.5725 34.6585 -5
    endloop
  endfacet
  facet normal -0.172019 -0.6863 -0.706683
    outer loop
      vertex -74.8469 32.1531 -2.5
      vertex -74.5 34.6404 -5
      vertex -74.1182 34.555 -5.01
    endloop
  endfacet
  facet normal -0.103722 -0.699894 -0.706675
    outer loop
      vertex -75.0344 34.7271 -5
      vertex -74.5742 34.6589 -5
      vertex -75.2795 32.2392 -2.5
    endloop
  endfacet
  facet normal 0.606878 0.363732 -0.706681
    outer loop
      vertex -77.4843 28.9394 -2.5
      vertex -79.4499 27.3618 -5
      vertex -79.6891 27.7609 -5
    endloop
  endfacet
  facet normal 0.238469 0.666132 -0.706683
    outer loop
      vertex -76.361 27.9213 -2.5
      vertex -76.8797 25.4548 -5
      vertex -77.3177 25.6116 -5
    endloop
  endfacet
  facet normal -0.606919 -0.363667 -0.70668
    outer loop
      vertex -71.5422 32.6445 -5.01
      vertex -71.3021 32.2438 -5.01
      vertex -73.5157 31.0606 -2.5
    endloop
  endfacet
  facet normal 0.606878 -0.363732 -0.706681
    outer loop
      vertex -79.4499 32.6382 -5
      vertex -77.4843 31.0606 -2.5
      vertex -79.6891 32.2391 -5
    endloop
  endfacet
  facet normal -0.568395 0.42133 -0.706688
    outer loop
      vertex -73.6292 28.75 -2.5
      vertex -71.5422 27.3555 -5.01
      vertex -73.7607 28.5726 -2.5
    endloop
  endfacet
  facet normal -0.421513 0.568278 -0.706673
    outer loop
      vertex -72.4803 26.3205 -5.01
      vertex -72.8555 26.0422 -5.01
      vertex -74.0726 28.2607 -2.5
    endloop
  endfacet
  facet normal 0.666132 -0.238469 -0.706683
    outer loop
      vertex -79.8884 31.8177 -5
      vertex -77.5787 30.861 -2.5
      vertex -80.0452 31.3797 -5
    endloop
  endfacet
  facet normal -0.524243 0.475166 -0.706673
    outer loop
      vertex -71.8205 26.9803 -5.01
      vertex -72.1342 26.6342 -5.01
      vertex -73.909 28.409 -2.5
    endloop
  endfacet
  facet normal -0.686337 0.171887 -0.70668
    outer loop
      vertex -70.8315 29.0714 -5.01
      vertex -70.945 28.6182 -5.01
      vertex -73.3469 29.3469 -2.5
    endloop
  endfacet
  facet normal -0.52422 0.475194 -0.706671
    outer loop
      vertex -73.7607 28.5726 -2.5
      vertex -71.8205 26.9803 -5.01
      vertex -73.909 28.409 -2.5
    endloop
  endfacet
  facet normal -0.686337 -0.171887 -0.70668
    outer loop
      vertex -70.945 31.3818 -5.01
      vertex -70.8315 30.9286 -5.01
      vertex -73.3469 30.6531 -2.5
    endloop
  endfacet
  facet normal -0.699862 -0.103919 -0.706678
    outer loop
      vertex -70.8315 30.9286 -5.01
      vertex -70.7629 30.4666 -5.01
      vertex -73.2608 30.2205 -2.5
    endloop
  endfacet
  facet normal 0.68629 0.172133 -0.706666
    outer loop
      vertex -80.1585 29.0725 -5
      vertex -77.7068 29.561 -2.5
      vertex -77.6531 29.3469 -2.5
    endloop
  endfacet
  facet normal 0.686409 0.171602 -0.706679
    outer loop
      vertex -77.7068 29.561 -2.5
      vertex -80.1585 29.0725 -5
      vertex -80.1587 29.0733 -5
    endloop
  endfacet
  facet normal -0.568278 0.421513 -0.706673
    outer loop
      vertex -71.5422 27.3555 -5.01
      vertex -71.8205 26.9803 -5.01
      vertex -73.7607 28.5726 -2.5
    endloop
  endfacet
  facet normal 0.606904 -0.363694 -0.706678
    outer loop
      vertex -79.4499 32.6382 -5
      vertex -77.3708 31.25 -2.5
      vertex -77.4843 31.0606 -2.5
    endloop
  endfacet
  facet normal 0.634936 -0.317468 -0.704322
    outer loop
      vertex -77.3708 31.25 -2.5
      vertex -79.4499 32.6382 -5
      vertex -79.4495 32.639 -5
    endloop
  endfacet
  facet normal -0.639528 -0.302647 -0.706689
    outer loop
      vertex -71.3021 32.2438 -5.01
      vertex -71.1023 31.8216 -5.01
      vertex -73.4213 30.861 -2.5
    endloop
  endfacet
  facet normal 0 0.707107 -0.707107
    outer loop
      vertex -75.5009 25.25 -5
      vertex -75.5 27.75 -2.5
      vertex -75.5 25.25 -5
    endloop
  endfacet
  facet normal 0.0346127 0.706677 -0.706689
    outer loop
      vertex -75.5 27.75 -2.5
      vertex -75.5009 25.25 -5
      vertex -75.7205 27.7608 -2.5
    endloop
  endfacet
  facet normal -0.302498 -0.639604 -0.706683
    outer loop
      vertex -73.2561 34.1979 -5.01
      vertex -74.4394 31.9843 -2.5
      vertex -74.639 32.0787 -2.5
    endloop
  endfacet
  facet normal 0.568263 0.421521 -0.70668
    outer loop
      vertex -77.2393 28.5726 -2.5
      vertex -79.1718 26.9866 -5
      vertex -79.449 27.3603 -5
    endloop
  endfacet
  facet normal 0 0 1
    outer loop
      vertex -73.25 30 -5.01
      vertex -70.74 30 -5.01
      vertex -70.7629 30.4666 -5.01
    endloop
  endfacet
  facet normal 0 0 1
    outer loop
      vertex -73.2608 30.2205 -5.01
      vertex -70.7629 30.4666 -5.01
      vertex -70.8315 30.9286 -5.01
    endloop
  endfacet
  facet normal 0 0 1
    outer loop
      vertex -70.74 30 -5.01
      vertex -73.25 30 -5.01
      vertex -70.7629 29.5334 -5.01
    endloop
  endfacet
  facet normal 0 0 1
    outer loop
      vertex -73.2932 30.439 -5.01
      vertex -70.8315 30.9286 -5.01
      vertex -70.945 31.3818 -5.01
    endloop
  endfacet
  facet normal -0 0 1
    outer loop
      vertex -73.2608 29.7795 -5.01
      vertex -70.7629 29.5334 -5.01
      vertex -73.25 30 -5.01
    endloop
  endfacet
  facet normal 0 0 1
    outer loop
      vertex -73.3469 30.6531 -5.01
      vertex -70.945 31.3818 -5.01
      vertex -71.1023 31.8216 -5.01
    endloop
  endfacet
  facet normal 0 0 1
    outer loop
      vertex -70.7629 29.5334 -5.01
      vertex -73.2608 29.7795 -5.01
      vertex -70.8315 29.0714 -5.01
    endloop
  endfacet
  facet normal 0 0 1
    outer loop
      vertex -73.4213 30.861 -5.01
      vertex -71.1023 31.8216 -5.01
      vertex -71.3021 32.2438 -5.01
    endloop
  endfacet
  facet normal -0 0 1
    outer loop
      vertex -73.2932 29.561 -5.01
      vertex -70.8315 29.0714 -5.01
      vertex -73.2608 29.7795 -5.01
    endloop
  endfacet
  facet normal 0 0 1
    outer loop
      vertex -73.5157 31.0606 -5.01
      vertex -71.3021 32.2438 -5.01
      vertex -71.5422 32.6445 -5.01
    endloop
  endfacet
  facet normal 0 0 1
    outer loop
      vertex -70.8315 29.0714 -5.01
      vertex -73.2932 29.561 -5.01
      vertex -70.945 28.6182 -5.01
    endloop
  endfacet
  facet normal 0 0 1
    outer loop
      vertex -73.6292 31.25 -5.01
      vertex -71.5422 32.6445 -5.01
      vertex -71.8205 33.0197 -5.01
    endloop
  endfacet
  facet normal -0 0 1
    outer loop
      vertex -73.3469 29.3469 -5.01
      vertex -70.945 28.6182 -5.01
      vertex -73.2932 29.561 -5.01
    endloop
  endfacet
  facet normal 0 0 1
    outer loop
      vertex -73.7607 31.4274 -5.01
      vertex -71.8205 33.0197 -5.01
      vertex -72.1342 33.3658 -5.01
    endloop
  endfacet
  facet normal 0 0 1
    outer loop
      vertex -70.945 28.6182 -5.01
      vertex -73.3469 29.3469 -5.01
      vertex -71.1023 28.1784 -5.01
    endloop
  endfacet
  facet normal 0 0 1
    outer loop
      vertex -73.909 31.591 -5.01
      vertex -72.1342 33.3658 -5.01
      vertex -72.4803 33.6795 -5.01
    endloop
  endfacet
  facet normal -0 0 1
    outer loop
      vertex -73.4213 29.139 -5.01
      vertex -71.1023 28.1784 -5.01
      vertex -73.3469 29.3469 -5.01
    endloop
  endfacet
  facet normal 0 0 1
    outer loop
      vertex -74.0726 31.7393 -5.01
      vertex -72.4803 33.6795 -5.01
      vertex -72.8555 33.9578 -5.01
    endloop
  endfacet
  facet normal 0 0 1
    outer loop
      vertex -71.1023 28.1784 -5.01
      vertex -73.4213 29.139 -5.01
      vertex -71.3021 27.7562 -5.01
    endloop
  endfacet
  facet normal -0 0 1
    outer loop
      vertex -73.5157 28.9394 -5.01
      vertex -71.3021 27.7562 -5.01
      vertex -73.4213 29.139 -5.01
    endloop
  endfacet
  facet normal 0 0 1
    outer loop
      vertex -74.25 31.8708 -5.01
      vertex -72.8555 33.9578 -5.01
      vertex -73.2561 34.1979 -5.01
    endloop
  endfacet
  facet normal 0 0 1
    outer loop
      vertex -70.7629 30.4666 -5.01
      vertex -73.2608 30.2205 -5.01
      vertex -73.25 30 -5.01
    endloop
  endfacet
  facet normal 0 0 1
    outer loop
      vertex -70.8315 30.9286 -5.01
      vertex -73.2932 30.439 -5.01
      vertex -73.2608 30.2205 -5.01
    endloop
  endfacet
  facet normal 0 0 1
    outer loop
      vertex -70.945 31.3818 -5.01
      vertex -73.3469 30.6531 -5.01
      vertex -73.2932 30.439 -5.01
    endloop
  endfacet
  facet normal 0 0 1
    outer loop
      vertex -71.1023 31.8216 -5.01
      vertex -73.4213 30.861 -5.01
      vertex -73.3469 30.6531 -5.01
    endloop
  endfacet
  facet normal 0 0 1
    outer loop
      vertex -71.3021 32.2438 -5.01
      vertex -73.5157 31.0606 -5.01
      vertex -73.4213 30.861 -5.01
    endloop
  endfacet
  facet normal 0 0 1
    outer loop
      vertex -71.5422 32.6445 -5.01
      vertex -73.6292 31.25 -5.01
      vertex -73.5157 31.0606 -5.01
    endloop
  endfacet
  facet normal 0 0 1
    outer loop
      vertex -74.485 32.0059 -5.01
      vertex -73.2561 34.1979 -5.01
      vertex -73.6784 34.3977 -5.01
    endloop
  endfacet
  facet normal 0 0 1
    outer loop
      vertex -71.8205 33.0197 -5.01
      vertex -73.7607 31.4274 -5.01
      vertex -73.6292 31.25 -5.01
    endloop
  endfacet
  facet normal 0 0 1
    outer loop
      vertex -72.1342 33.3658 -5.01
      vertex -73.909 31.591 -5.01
      vertex -73.7607 31.4274 -5.01
    endloop
  endfacet
  facet normal 0 0 1
    outer loop
      vertex -72.4803 33.6795 -5.01
      vertex -74.0726 31.7393 -5.01
      vertex -73.909 31.591 -5.01
    endloop
  endfacet
  facet normal 0 0 1
    outer loop
      vertex -74.485 32.0059 -5.01
      vertex -73.6784 34.3977 -5.01
      vertex -74.1182 34.555 -5.01
    endloop
  endfacet
  facet normal 0 0 1
    outer loop
      vertex -72.8555 33.9578 -5.01
      vertex -74.25 31.8708 -5.01
      vertex -74.0726 31.7393 -5.01
    endloop
  endfacet
  facet normal 0 0 1
    outer loop
      vertex -73.2561 34.1979 -5.01
      vertex -74.4394 31.9843 -5.01
      vertex -74.25 31.8708 -5.01
    endloop
  endfacet
  facet normal 0 0 1
    outer loop
      vertex -74.485 32.0059 -5.01
      vertex -74.1182 34.555 -5.01
      vertex -74.485 34.6469 -5.01
    endloop
  endfacet
  facet normal 0 0 1
    outer loop
      vertex -73.2561 34.1979 -5.01
      vertex -74.485 32.0059 -5.01
      vertex -74.4394 31.9843 -5.01
    endloop
  endfacet
  facet normal 0 0 1
    outer loop
      vertex -71.3021 27.7562 -5.01
      vertex -73.5157 28.9394 -5.01
      vertex -71.5422 27.3555 -5.01
    endloop
  endfacet
  facet normal -0 0 1
    outer loop
      vertex -73.6292 28.75 -5.01
      vertex -71.5422 27.3555 -5.01
      vertex -73.5157 28.9394 -5.01
    endloop
  endfacet
  facet normal 0 0 1
    outer loop
      vertex -71.5422 27.3555 -5.01
      vertex -73.6292 28.75 -5.01
      vertex -71.8205 26.9803 -5.01
    endloop
  endfacet
  facet normal -0 0 1
    outer loop
      vertex -73.7607 28.5726 -5.01
      vertex -71.8205 26.9803 -5.01
      vertex -73.6292 28.75 -5.01
    endloop
  endfacet
  facet normal 0 0 1
    outer loop
      vertex -71.8205 26.9803 -5.01
      vertex -73.7607 28.5726 -5.01
      vertex -72.1342 26.6342 -5.01
    endloop
  endfacet
  facet normal -0 0 1
    outer loop
      vertex -73.909 28.409 -5.01
      vertex -72.1342 26.6342 -5.01
      vertex -73.7607 28.5726 -5.01
    endloop
  endfacet
  facet normal 0 0 1
    outer loop
      vertex -72.1342 26.6342 -5.01
      vertex -73.909 28.409 -5.01
      vertex -72.4803 26.3205 -5.01
    endloop
  endfacet
  facet normal -0 0 1
    outer loop
      vertex -74.0726 28.2607 -5.01
      vertex -72.4803 26.3205 -5.01
      vertex -73.909 28.409 -5.01
    endloop
  endfacet
  facet normal 0 0 1
    outer loop
      vertex -72.4803 26.3205 -5.01
      vertex -74.0726 28.2607 -5.01
      vertex -72.8555 26.0422 -5.01
    endloop
  endfacet
  facet normal -0 0 1
    outer loop
      vertex -74.25 28.1292 -5.01
      vertex -72.8555 26.0422 -5.01
      vertex -74.0726 28.2607 -5.01
    endloop
  endfacet
  facet normal 0 0 1
    outer loop
      vertex -72.8555 26.0422 -5.01
      vertex -74.25 28.1292 -5.01
      vertex -73.2561 25.8021 -5.01
    endloop
  endfacet
  facet normal -0 0 1
    outer loop
      vertex -74.4394 28.0157 -5.01
      vertex -73.2561 25.8021 -5.01
      vertex -74.25 28.1292 -5.01
    endloop
  endfacet
  facet normal -0 0 1
    outer loop
      vertex -74.485 27.9941 -5.01
      vertex -73.2561 25.8021 -5.01
      vertex -74.4394 28.0157 -5.01
    endloop
  endfacet
  facet normal 0 0 1
    outer loop
      vertex -73.2561 25.8021 -5.01
      vertex -74.485 27.9941 -5.01
      vertex -73.6784 25.6023 -5.01
    endloop
  endfacet
  facet normal 0 0 1
    outer loop
      vertex -73.6784 25.6023 -5.01
      vertex -74.485 27.9941 -5.01
      vertex -74.1182 25.445 -5.01
    endloop
  endfacet
  facet normal 0 0 1
    outer loop
      vertex -74.1182 25.445 -5.01
      vertex -74.485 27.9941 -5.01
      vertex -74.485 25.3531 -5.01
    endloop
  endfacet
  facet normal 0.632573 0.316286 -0.706976
    outer loop
      vertex -79.6895 27.7617 -5
      vertex -77.4843 28.9394 -2.5
      vertex -79.6891 27.7609 -5
    endloop
  endfacet
  facet normal 0.639604 0.302498 -0.706683
    outer loop
      vertex -77.4843 28.9394 -2.5
      vertex -79.6895 27.7617 -5
      vertex -77.5787 29.139 -2.5
    endloop
  endfacet
  facet normal -0.66616 0.238395 -0.706681
    outer loop
      vertex -73.3469 29.3469 -2.5
      vertex -70.945 28.6182 -5.01
      vertex -73.4213 29.139 -2.5
    endloop
  endfacet
  facet normal -0.475194 0.52422 -0.706671
    outer loop
      vertex -73.909 28.409 -2.5
      vertex -72.4803 26.3205 -5.01
      vertex -74.0726 28.2607 -2.5
    endloop
  endfacet
  facet normal -0.302588 0.639554 -0.70669
    outer loop
      vertex -73.2561 25.8021 -5.01
      vertex -73.6784 25.6023 -5.01
      vertex -74.639 27.9213 -2.5
    endloop
  endfacet
  facet normal 0.666153 0.238393 -0.706689
    outer loop
      vertex -80.0452 28.6203 -5
      vertex -77.6531 29.3469 -2.5
      vertex -77.5787 29.139 -2.5
    endloop
  endfacet
  facet normal 0.662758 0.248534 -0.706387
    outer loop
      vertex -77.6531 29.3469 -2.5
      vertex -80.0452 28.6203 -5
      vertex -80.0455 28.6211 -5
    endloop
  endfacet
  facet normal 0.103827 0.699871 -0.706683
    outer loop
      vertex -76.4258 25.3411 -5
      vertex -75.9389 27.7932 -2.5
      vertex -75.7205 27.7608 -2.5
    endloop
  endfacet
  facet normal 0.153414 0.690361 -0.707012
    outer loop
      vertex -75.9389 27.7932 -2.5
      vertex -76.4258 25.3411 -5
      vertex -76.4267 25.3413 -5
    endloop
  endfacet
  facet normal 0.363732 -0.606878 -0.706681
    outer loop
      vertex -77.7391 34.1891 -5
      vertex -76.5606 31.9843 -2.5
      vertex -78.1382 33.9499 -5
    endloop
  endfacet
  facet normal -0.172275 0.687602 -0.705354
    outer loop
      vertex -74.5 25.3596 -5
      vertex -74.1182 25.445 -5.01
      vertex -74.485 25.3531 -5.01
    endloop
  endfacet
  facet normal -0.172019 0.6863 -0.706683
    outer loop
      vertex -74.5 25.3596 -5
      vertex -74.8469 27.8469 -2.5
      vertex -74.1182 25.445 -5.01
    endloop
  endfacet
  facet normal -0.17137 0.686426 -0.706719
    outer loop
      vertex -74.8469 27.8469 -2.5
      vertex -74.5 25.3596 -5
      vertex -74.5725 25.3415 -5
    endloop
  endfacet
  facet normal 0.475194 -0.524219 -0.706672
    outer loop
      vertex -78.514 33.6712 -5
      vertex -76.9274 31.7393 -2.5
      vertex -77.091 31.591 -2.5
    endloop
  endfacet
  facet normal 0.501206 -0.501206 -0.705397
    outer loop
      vertex -76.9274 31.7393 -2.5
      vertex -78.514 33.6712 -5
      vertex -78.5134 33.6718 -5
    endloop
  endfacet
  facet normal -0.568395 -0.42133 -0.706688
    outer loop
      vertex -71.5422 32.6445 -5.01
      vertex -73.6292 31.25 -2.5
      vertex -73.7607 31.4274 -2.5
    endloop
  endfacet
  facet normal 0.501206 0.501206 -0.705397
    outer loop
      vertex -78.514 26.3288 -5
      vertex -76.9274 28.2607 -2.5
      vertex -78.5134 26.3282 -5
    endloop
  endfacet
  facet normal 0.475194 0.524219 -0.706672
    outer loop
      vertex -76.9274 28.2607 -2.5
      vertex -78.514 26.3288 -5
      vertex -77.091 28.409 -2.5
    endloop
  endfacet
  facet normal -0.171601 0.686406 -0.706682
    outer loop
      vertex -75.0611 27.7932 -2.5
      vertex -74.5725 25.3415 -5
      vertex -74.5733 25.3413 -5
    endloop
  endfacet
  facet normal -0.172057 0.686304 -0.706671
    outer loop
      vertex -74.5725 25.3415 -5
      vertex -75.0611 27.7932 -2.5
      vertex -74.8469 27.8469 -2.5
    endloop
  endfacet
  facet normal 0.699894 -0.103722 -0.706675
    outer loop
      vertex -80.1589 30.9258 -5
      vertex -77.7392 30.2205 -2.5
      vertex -80.2271 30.4656 -5
    endloop
  endfacet
  facet normal 0.475057 -0.524327 -0.706684
    outer loop
      vertex -78.514 33.6712 -5
      vertex -77.091 31.591 -2.5
      vertex -78.8588 33.3588 -5
    endloop
  endfacet
  facet normal -0.606901 -0.363692 -0.706682
    outer loop
      vertex -71.5422 32.6445 -5.01
      vertex -73.5157 31.0606 -2.5
      vertex -73.6292 31.25 -2.5
    endloop
  endfacet
  facet normal 0.666132 0.238469 -0.706683
    outer loop
      vertex -77.5787 29.139 -2.5
      vertex -79.8884 28.1823 -5
      vertex -80.0452 28.6203 -5
    endloop
  endfacet
  facet normal -0.42133 0.568395 -0.706688
    outer loop
      vertex -74.0726 28.2607 -2.5
      vertex -72.8555 26.0422 -5.01
      vertex -74.25 28.1292 -2.5
    endloop
  endfacet
  facet normal -0.686293 0.172134 -0.706663
    outer loop
      vertex -73.2932 29.561 -2.5
      vertex -70.8315 29.0714 -5.01
      vertex -73.3469 29.3469 -2.5
    endloop
  endfacet
  facet normal -0.66616 -0.238395 -0.706681
    outer loop
      vertex -70.945 31.3818 -5.01
      vertex -73.3469 30.6531 -2.5
      vertex -73.4213 30.861 -2.5
    endloop
  endfacet
  facet normal -0.699892 0.103783 -0.706668
    outer loop
      vertex -73.2608 29.7795 -2.5
      vertex -70.8315 29.0714 -5.01
      vertex -73.2932 29.561 -2.5
    endloop
  endfacet
  facet normal 0.699881 -0.103781 -0.70668
    outer loop
      vertex -80.1589 30.9258 -5
      vertex -77.7068 30.439 -2.5
      vertex -77.7392 30.2205 -2.5
    endloop
  endfacet
  facet normal 0.690364 -0.153414 -0.707009
    outer loop
      vertex -77.7068 30.439 -2.5
      vertex -80.1589 30.9258 -5
      vertex -80.1587 30.9267 -5
    endloop
  endfacet
  facet normal -0.666195 -0.238273 -0.70669
    outer loop
      vertex -71.1023 31.8216 -5.01
      vertex -70.945 31.3818 -5.01
      vertex -73.4213 30.861 -2.5
    endloop
  endfacet
  facet normal -0.103722 0.699894 -0.706675
    outer loop
      vertex -74.5742 25.3411 -5
      vertex -75.0344 25.2729 -5
      vertex -75.2795 27.7608 -2.5
    endloop
  endfacet
  facet normal -0.421513 -0.568278 -0.706673
    outer loop
      vertex -72.8555 33.9578 -5.01
      vertex -72.4803 33.6795 -5.01
      vertex -74.0726 31.7393 -2.5
    endloop
  endfacet
  facet normal -0.302498 0.639604 -0.706683
    outer loop
      vertex -74.4394 28.0157 -2.5
      vertex -73.2561 25.8021 -5.01
      vertex -74.639 27.9213 -2.5
    endloop
  endfacet
  facet normal -0.172057 -0.686304 -0.706671
    outer loop
      vertex -75.0611 32.2068 -2.5
      vertex -74.5725 34.6585 -5
      vertex -74.8469 32.1531 -2.5
    endloop
  endfacet
  facet normal -0.171601 -0.686406 -0.706682
    outer loop
      vertex -74.5725 34.6585 -5
      vertex -75.0611 32.2068 -2.5
      vertex -74.5733 34.6587 -5
    endloop
  endfacet
  facet normal 0.524219 0.475194 -0.706672
    outer loop
      vertex -79.1712 26.986 -5
      vertex -77.2393 28.5726 -2.5
      vertex -77.091 28.409 -2.5
    endloop
  endfacet
  facet normal 0.501206 0.501206 -0.705397
    outer loop
      vertex -77.2393 28.5726 -2.5
      vertex -79.1712 26.986 -5
      vertex -79.1718 26.9866 -5
    endloop
  endfacet
  facet normal 0.103722 -0.699894 -0.706675
    outer loop
      vertex -75.9656 34.7271 -5
      vertex -75.7205 32.2392 -2.5
      vertex -76.4258 34.6589 -5
    endloop
  endfacet
  facet normal -0.524243 -0.475166 -0.706673
    outer loop
      vertex -72.1342 33.3658 -5.01
      vertex -71.8205 33.0197 -5.01
      vertex -73.909 31.591 -2.5
    endloop
  endfacet
  facet normal -0.686293 -0.172134 -0.706663
    outer loop
      vertex -70.8315 30.9286 -5.01
      vertex -73.2932 30.439 -2.5
      vertex -73.3469 30.6531 -2.5
    endloop
  endfacet
  facet normal 0.0780908 -0.702817 -0.707071
    outer loop
      vertex -75.9647 34.7272 -5
      vertex -75.7205 32.2392 -2.5
      vertex -75.9656 34.7271 -5
    endloop
  endfacet
  facet normal 0.0346133 -0.706689 -0.706678
    outer loop
      vertex -75.7205 32.2392 -2.5
      vertex -75.9647 34.7272 -5
      vertex -75.5 32.25 -2.5
    endloop
  endfacet
  facet normal -0.63961 -0.302501 -0.706677
    outer loop
      vertex -71.3021 32.2438 -5.01
      vertex -73.4213 30.861 -2.5
      vertex -73.5157 31.0606 -2.5
    endloop
  endfacet
  facet normal -0.0346133 -0.706689 -0.706678
    outer loop
      vertex -75.0353 34.7272 -5
      vertex -75.2795 32.2392 -2.5
      vertex -75.5 32.25 -2.5
    endloop
  endfacet
  facet normal -0.0780908 -0.702817 -0.707071
    outer loop
      vertex -75.2795 32.2392 -2.5
      vertex -75.0353 34.7272 -5
      vertex -75.0344 34.7271 -5
    endloop
  endfacet
  facet normal 0.706689 -0.0346133 -0.706678
    outer loop
      vertex -80.2272 30.4647 -5
      vertex -77.7392 30.2205 -2.5
      vertex -77.75 30 -2.5
    endloop
  endfacet
  facet normal 0.702817 -0.0780908 -0.707071
    outer loop
      vertex -77.7392 30.2205 -2.5
      vertex -80.2272 30.4647 -5
      vertex -80.2271 30.4656 -5
    endloop
  endfacet
  facet normal 0.172057 -0.686304 -0.706671
    outer loop
      vertex -76.4275 34.6585 -5
      vertex -75.9389 32.2068 -2.5
      vertex -76.1531 32.1531 -2.5
    endloop
  endfacet
  facet normal 0.171601 -0.686406 -0.706682
    outer loop
      vertex -75.9389 32.2068 -2.5
      vertex -76.4275 34.6585 -5
      vertex -76.4267 34.6587 -5
    endloop
  endfacet
  facet normal 0.302473 0.639619 -0.706681
    outer loop
      vertex -76.361 27.9213 -2.5
      vertex -77.3177 25.6116 -5
      vertex -77.7383 25.8105 -5
    endloop
  endfacet
  facet normal 0.666153 -0.238393 -0.706689
    outer loop
      vertex -77.6531 30.6531 -2.5
      vertex -80.0452 31.3797 -5
      vertex -77.5787 30.861 -2.5
    endloop
  endfacet
  facet normal 0.662758 -0.248534 -0.706387
    outer loop
      vertex -80.0452 31.3797 -5
      vertex -77.6531 30.6531 -2.5
      vertex -80.0455 31.3789 -5
    endloop
  endfacet
  facet normal 0.686347 -0.171815 -0.706688
    outer loop
      vertex -80.0455 31.3789 -5
      vertex -77.6531 30.6531 -2.5
      vertex -80.1585 30.9275 -5
    endloop
  endfacet
  facet normal -0.238395 0.66616 -0.706681
    outer loop
      vertex -74.639 27.9213 -2.5
      vertex -74.1182 25.445 -5.01
      vertex -74.8469 27.8469 -2.5
    endloop
  endfacet
  facet normal -0.363692 -0.606901 -0.706682
    outer loop
      vertex -72.8555 33.9578 -5.01
      vertex -74.25 31.8708 -2.5
      vertex -74.4394 31.9843 -2.5
    endloop
  endfacet
  facet normal -0.42133 -0.568395 -0.706688
    outer loop
      vertex -72.8555 33.9578 -5.01
      vertex -74.0726 31.7393 -2.5
      vertex -74.25 31.8708 -2.5
    endloop
  endfacet
  facet normal 0.699894 0.103722 -0.706675
    outer loop
      vertex -77.7392 29.7795 -2.5
      vertex -80.1589 29.0742 -5
      vertex -80.2271 29.5344 -5
    endloop
  endfacet
  facet normal 0.363732 0.606878 -0.706681
    outer loop
      vertex -76.5606 28.0157 -2.5
      vertex -77.7391 25.8109 -5
      vertex -78.1382 26.0501 -5
    endloop
  endfacet
  facet normal 0.248534 0.662758 -0.706387
    outer loop
      vertex -76.8797 25.4548 -5
      vertex -76.1531 27.8469 -2.5
      vertex -76.8789 25.4545 -5
    endloop
  endfacet
  facet normal 0.238393 0.666153 -0.706689
    outer loop
      vertex -76.1531 27.8469 -2.5
      vertex -76.8797 25.4548 -5
      vertex -76.361 27.9213 -2.5
    endloop
  endfacet
  facet normal 0.363694 0.606904 -0.706678
    outer loop
      vertex -78.1382 26.0501 -5
      vertex -76.75 28.1292 -2.5
      vertex -76.5606 28.0157 -2.5
    endloop
  endfacet
  facet normal 0.317468 0.634936 -0.704322
    outer loop
      vertex -76.75 28.1292 -2.5
      vertex -78.1382 26.0501 -5
      vertex -78.139 26.0505 -5
    endloop
  endfacet
  facet normal 0.103827 -0.699871 -0.706683
    outer loop
      vertex -75.9389 32.2068 -2.5
      vertex -76.4258 34.6589 -5
      vertex -75.7205 32.2392 -2.5
    endloop
  endfacet
  facet normal 0.153414 -0.690361 -0.707012
    outer loop
      vertex -76.4258 34.6589 -5
      vertex -75.9389 32.2068 -2.5
      vertex -76.4267 34.6587 -5
    endloop
  endfacet
  facet normal -0.153414 -0.690361 -0.707012
    outer loop
      vertex -75.0611 32.2068 -2.5
      vertex -74.5742 34.6589 -5
      vertex -74.5733 34.6587 -5
    endloop
  endfacet
  facet normal -0.103827 -0.699871 -0.706683
    outer loop
      vertex -74.5742 34.6589 -5
      vertex -75.0611 32.2068 -2.5
      vertex -75.2795 32.2392 -2.5
    endloop
  endfacet
  facet normal 0.524219 -0.475194 -0.706672
    outer loop
      vertex -77.2393 31.4274 -2.5
      vertex -79.1712 33.014 -5
      vertex -77.091 31.591 -2.5
    endloop
  endfacet
  facet normal 0.501206 -0.501206 -0.705397
    outer loop
      vertex -79.1712 33.014 -5
      vertex -77.2393 31.4274 -2.5
      vertex -79.1718 33.0134 -5
    endloop
  endfacet
  facet normal 0.690364 0.153414 -0.707009
    outer loop
      vertex -80.1589 29.0742 -5
      vertex -77.7068 29.561 -2.5
      vertex -80.1587 29.0733 -5
    endloop
  endfacet
  facet normal 0.699881 0.103781 -0.70668
    outer loop
      vertex -77.7068 29.561 -2.5
      vertex -80.1589 29.0742 -5
      vertex -77.7392 29.7795 -2.5
    endloop
  endfacet
  facet normal -0.475166 -0.524243 -0.706673
    outer loop
      vertex -72.4803 33.6795 -5.01
      vertex -72.1342 33.3658 -5.01
      vertex -73.909 31.591 -2.5
    endloop
  endfacet
  facet normal -0.475166 0.524243 -0.706673
    outer loop
      vertex -72.1342 26.6342 -5.01
      vertex -72.4803 26.3205 -5.01
      vertex -73.909 28.409 -2.5
    endloop
  endfacet
  facet normal -0.302588 -0.639554 -0.70669
    outer loop
      vertex -73.6784 34.3977 -5.01
      vertex -73.2561 34.1979 -5.01
      vertex -74.639 32.0787 -2.5
    endloop
  endfacet
  facet normal 0.171815 0.686347 -0.706688
    outer loop
      vertex -76.1531 27.8469 -2.5
      vertex -76.4275 25.3415 -5
      vertex -76.8789 25.4545 -5
    endloop
  endfacet
  facet normal 0.634936 0.317468 -0.704322
    outer loop
      vertex -79.4499 27.3618 -5
      vertex -77.3708 28.75 -2.5
      vertex -79.4495 27.361 -5
    endloop
  endfacet
  facet normal 0.606904 0.363694 -0.706678
    outer loop
      vertex -77.3708 28.75 -2.5
      vertex -79.4499 27.3618 -5
      vertex -77.4843 28.9394 -2.5
    endloop
  endfacet
  facet normal 0.686347 0.171815 -0.706688
    outer loop
      vertex -77.6531 29.3469 -2.5
      vertex -80.0455 28.6211 -5
      vertex -80.1585 29.0725 -5
    endloop
  endfacet
  facet normal 0.639619 -0.302473 -0.706681
    outer loop
      vertex -79.6895 32.2383 -5
      vertex -77.5787 30.861 -2.5
      vertex -79.8884 31.8177 -5
    endloop
  endfacet
  facet normal 0.302498 -0.639604 -0.706683
    outer loop
      vertex -76.5606 31.9843 -2.5
      vertex -77.7383 34.1895 -5
      vertex -76.361 32.0787 -2.5
    endloop
  endfacet
  facet normal 0.316286 -0.632573 -0.706976
    outer loop
      vertex -77.7383 34.1895 -5
      vertex -76.5606 31.9843 -2.5
      vertex -77.7391 34.1891 -5
    endloop
  endfacet
  facet normal 0.103722 0.699894 -0.706675
    outer loop
      vertex -75.7205 27.7608 -2.5
      vertex -75.9656 25.2729 -5
      vertex -76.4258 25.3411 -5
    endloop
  endfacet
  facet normal -0.238395 -0.66616 -0.706681
    outer loop
      vertex -74.1182 34.555 -5.01
      vertex -74.639 32.0787 -2.5
      vertex -74.8469 32.1531 -2.5
    endloop
  endfacet
  facet normal 0.302498 0.639604 -0.706683
    outer loop
      vertex -77.7383 25.8105 -5
      vertex -76.5606 28.0157 -2.5
      vertex -76.361 27.9213 -2.5
    endloop
  endfacet
  facet normal 0.316286 0.632573 -0.706976
    outer loop
      vertex -76.5606 28.0157 -2.5
      vertex -77.7383 25.8105 -5
      vertex -77.7391 25.8109 -5
    endloop
  endfacet
  facet normal -0.0346127 0.706677 -0.706689
    outer loop
      vertex -75.4991 25.25 -5
      vertex -75.5 27.75 -2.5
      vertex -75.2795 27.7608 -2.5
    endloop
  endfacet
  facet normal 0 0.707107 -0.707107
    outer loop
      vertex -75.5 27.75 -2.5
      vertex -75.4991 25.25 -5
      vertex -75.5 25.25 -5
    endloop
  endfacet
  facet normal 0.421325 -0.568389 -0.706696
    outer loop
      vertex -78.1397 33.949 -5
      vertex -76.75 31.8708 -2.5
      vertex -76.9274 31.7393 -2.5
    endloop
  endfacet
  facet normal 0.411092 -0.575529 -0.706944
    outer loop
      vertex -76.75 31.8708 -2.5
      vertex -78.1397 33.949 -5
      vertex -78.139 33.9495 -5
    endloop
  endfacet
  facet normal 0.421521 -0.568263 -0.70668
    outer loop
      vertex -78.1397 33.949 -5
      vertex -76.9274 31.7393 -2.5
      vertex -78.5134 33.6718 -5
    endloop
  endfacet
  facet normal 0.568389 0.421325 -0.706696
    outer loop
      vertex -79.449 27.3603 -5
      vertex -77.3708 28.75 -2.5
      vertex -77.2393 28.5726 -2.5
    endloop
  endfacet
  facet normal 0.575529 0.411092 -0.706944
    outer loop
      vertex -77.3708 28.75 -2.5
      vertex -79.449 27.3603 -5
      vertex -79.4495 27.361 -5
    endloop
  endfacet
  facet normal 0.639604 -0.302498 -0.706683
    outer loop
      vertex -79.6895 32.2383 -5
      vertex -77.4843 31.0606 -2.5
      vertex -77.5787 30.861 -2.5
    endloop
  endfacet
  facet normal 0.632573 -0.316286 -0.706976
    outer loop
      vertex -77.4843 31.0606 -2.5
      vertex -79.6895 32.2383 -5
      vertex -79.6891 32.2391 -5
    endloop
  endfacet
  facet normal 0.302473 -0.639619 -0.706681
    outer loop
      vertex -77.3177 34.3884 -5
      vertex -76.361 32.0787 -2.5
      vertex -77.7383 34.1895 -5
    endloop
  endfacet
  facet normal 0.524327 -0.475057 -0.706684
    outer loop
      vertex -78.8588 33.3588 -5
      vertex -77.091 31.591 -2.5
      vertex -79.1712 33.014 -5
    endloop
  endfacet
  facet normal 0.568389 -0.421325 -0.706696
    outer loop
      vertex -77.3708 31.25 -2.5
      vertex -79.449 32.6397 -5
      vertex -77.2393 31.4274 -2.5
    endloop
  endfacet
  facet normal 0.575529 -0.411092 -0.706944
    outer loop
      vertex -79.449 32.6397 -5
      vertex -77.3708 31.25 -2.5
      vertex -79.4495 32.639 -5
    endloop
  endfacet
  facet normal 0.568263 -0.421521 -0.70668
    outer loop
      vertex -79.1718 33.0134 -5
      vertex -77.2393 31.4274 -2.5
      vertex -79.449 32.6397 -5
    endloop
  endfacet
  facet normal 0.706682 0.0346726 -0.706682
    outer loop
      vertex -77.75 30 -2.5
      vertex -80.2272 29.5353 -5
      vertex -80.25 30 -5
    endloop
  endfacet
  facet normal 0.363694 -0.606904 -0.706678
    outer loop
      vertex -76.75 31.8708 -2.5
      vertex -78.1382 33.9499 -5
      vertex -76.5606 31.9843 -2.5
    endloop
  endfacet
  facet normal 0.317468 -0.634936 -0.704322
    outer loop
      vertex -78.1382 33.9499 -5
      vertex -76.75 31.8708 -2.5
      vertex -78.139 33.9495 -5
    endloop
  endfacet
  facet normal 0.706682 -0.0346726 -0.706682
    outer loop
      vertex -80.2272 30.4647 -5
      vertex -77.75 30 -2.5
      vertex -80.25 30 -5
    endloop
  endfacet
  facet normal 0.238393 -0.666153 -0.706689
    outer loop
      vertex -76.8797 34.5452 -5
      vertex -76.1531 32.1531 -2.5
      vertex -76.361 32.0787 -2.5
    endloop
  endfacet
  facet normal 0.248534 -0.662758 -0.706387
    outer loop
      vertex -76.1531 32.1531 -2.5
      vertex -76.8797 34.5452 -5
      vertex -76.8789 34.5455 -5
    endloop
  endfacet
  facet normal 0.238469 -0.666132 -0.706683
    outer loop
      vertex -76.8797 34.5452 -5
      vertex -76.361 32.0787 -2.5
      vertex -77.3177 34.3884 -5
    endloop
  endfacet
  facet normal -0.989135 -0.147009 0
    outer loop
      vertex -73.2608 112.221 -2.5
      vertex -73.2932 112.439 0
      vertex -73.2932 112.439 -2.5
    endloop
  endfacet
  facet normal -0.989135 -0.147009 0
    outer loop
      vertex -73.2932 112.439 0
      vertex -73.2608 112.221 -2.5
      vertex -73.2608 112.221 0
    endloop
  endfacet
  facet normal -0.989135 -0.147009 -0
    outer loop
      vertex -73.2608 112.221 -5.01
      vertex -73.2932 112.439 -5.80451
      vertex -73.2608 112.221 -5.82611
    endloop
  endfacet
  facet normal -0.989135 -0.147009 0
    outer loop
      vertex -73.2932 112.439 -5.80451
      vertex -73.2608 112.221 -5.01
      vertex -73.2932 112.439 -5.01
    endloop
  endfacet
  facet normal -0.998808 -0.0488105 0
    outer loop
      vertex -73.25 112 -2.5
      vertex -73.2608 112.221 0
      vertex -73.2608 112.221 -2.5
    endloop
  endfacet
  facet normal -0.998808 -0.0488105 0
    outer loop
      vertex -73.2608 112.221 0
      vertex -73.25 112 -2.5
      vertex -73.25 112 0
    endloop
  endfacet
  facet normal -0.998808 -0.0488105 -0
    outer loop
      vertex -73.25 112 -5.01
      vertex -73.2608 112.221 -5.82611
      vertex -73.25 112 -5.83333
    endloop
  endfacet
  facet normal -0.998808 -0.0488105 0
    outer loop
      vertex -73.2608 112.221 -5.82611
      vertex -73.25 112 -5.01
      vertex -73.2608 112.221 -5.01
    endloop
  endfacet
  facet normal -0.969929 -0.243389 0
    outer loop
      vertex -73.2932 112.439 -2.5
      vertex -73.3469 112.653 0
      vertex -73.3469 112.653 -2.5
    endloop
  endfacet
  facet normal -0.969929 -0.243389 0
    outer loop
      vertex -73.3469 112.653 0
      vertex -73.2932 112.439 -2.5
      vertex -73.2932 112.439 0
    endloop
  endfacet
  facet normal -0.969929 -0.243389 -0
    outer loop
      vertex -73.2932 112.439 -5.01
      vertex -73.3469 112.653 -5.76874
      vertex -73.2932 112.439 -5.80451
    endloop
  endfacet
  facet normal -0.969929 -0.243389 0
    outer loop
      vertex -73.3469 112.653 -5.76874
      vertex -73.2932 112.439 -5.01
      vertex -73.3469 112.653 -5.01
    endloop
  endfacet
  facet normal 0.904326 0.426842 0
    outer loop
      vertex -77.4843 110.939 0
      vertex -77.5787 111.139 -2.5
      vertex -77.5787 111.139 0
    endloop
  endfacet
  facet normal 0.904326 0.426842 0
    outer loop
      vertex -77.5787 111.139 -2.5
      vertex -77.4843 110.939 0
      vertex -77.4843 110.939 -2.5
    endloop
  endfacet
  facet normal 0.998808 0.0488105 0
    outer loop
      vertex -77.7392 111.779 0
      vertex -77.75 112 -2.5
      vertex -77.75 112 0
    endloop
  endfacet
  facet normal 0.998808 0.0488105 0
    outer loop
      vertex -77.75 112 -2.5
      vertex -77.7392 111.779 0
      vertex -77.7392 111.779 -2.5
    endloop
  endfacet
  facet normal 0.941578 0.336795 0
    outer loop
      vertex -77.5787 111.139 0
      vertex -77.6531 111.347 -2.5
      vertex -77.6531 111.347 0
    endloop
  endfacet
  facet normal 0.941578 0.336795 0
    outer loop
      vertex -77.6531 111.347 -2.5
      vertex -77.5787 111.139 0
      vertex -77.5787 111.139 -2.5
    endloop
  endfacet
  facet normal 0.51236 -0.858771 0
    outer loop
      vertex -76.75 113.871 -2.5
      vertex -76.5606 113.984 0
      vertex -76.75 113.871 0
    endloop
  endfacet
  facet normal 0.51236 -0.858771 0
    outer loop
      vertex -76.5606 113.984 0
      vertex -76.75 113.871 -2.5
      vertex -76.5606 113.984 -2.5
    endloop
  endfacet
  facet normal -0.335331 0.9421 0
    outer loop
      vertex -74.639 109.921 -2.5
      vertex -74.8469 109.847 0
      vertex -74.639 109.921 0
    endloop
  endfacet
  facet normal -0.335331 0.9421 0
    outer loop
      vertex -74.8469 109.847 0
      vertex -74.639 109.921 -2.5
      vertex -74.8469 109.847 -2.5
    endloop
  endfacet
  facet normal -0.941578 -0.336795 0
    outer loop
      vertex -73.3469 112.653 -2.5
      vertex -73.4213 112.861 0
      vertex -73.4213 112.861 -2.5
    endloop
  endfacet
  facet normal -0.941578 -0.336795 0
    outer loop
      vertex -73.4213 112.861 0
      vertex -73.3469 112.653 -2.5
      vertex -73.3469 112.653 0
    endloop
  endfacet
  facet normal -0.941578 -0.336795 -0
    outer loop
      vertex -73.3469 112.653 -5.01
      vertex -73.4213 112.861 -5.71915
      vertex -73.3469 112.653 -5.76874
    endloop
  endfacet
  facet normal -0.941578 -0.336795 0
    outer loop
      vertex -73.4213 112.861 -5.71915
      vertex -73.3469 112.653 -5.01
      vertex -73.4213 112.861 -5.01
    endloop
  endfacet
  facet normal 0.741718 0.670712 0
    outer loop
      vertex -77.091 110.409 0
      vertex -77.2393 110.573 -2.5
      vertex -77.2393 110.573 0
    endloop
  endfacet
  facet normal 0.741718 0.670712 0
    outer loop
      vertex -77.2393 110.573 -2.5
      vertex -77.091 110.409 0
      vertex -77.091 110.409 -2.5
    endloop
  endfacet
  facet normal -0.596957 0.802274 0
    outer loop
      vertex -74.0726 110.261 -2.5
      vertex -74.25 110.129 0
      vertex -74.0726 110.261 0
    endloop
  endfacet
  facet normal -0.596957 0.802274 0
    outer loop
      vertex -74.25 110.129 0
      vertex -74.0726 110.261 -2.5
      vertex -74.25 110.129 -2.5
    endloop
  endfacet
  facet normal -0.596957 0.802274 0
    outer loop
      vertex -74.0726 110.261 -5.01
      vertex -74.25 110.129 -5.16669
      vertex -74.25 110.129 -5.01
    endloop
  endfacet
  facet normal -0.596957 0.802274 0
    outer loop
      vertex -74.25 110.129 -5.16669
      vertex -74.0726 110.261 -5.01
      vertex -74.0726 110.261 -5.28492
    endloop
  endfacet
  facet normal -0.51236 0.858771 0
    outer loop
      vertex -74.25 110.129 -2.5
      vertex -74.4394 110.016 0
      vertex -74.25 110.129 0
    endloop
  endfacet
  facet normal -0.51236 0.858771 0
    outer loop
      vertex -74.4394 110.016 0
      vertex -74.25 110.129 -2.5
      vertex -74.4394 110.016 -2.5
    endloop
  endfacet
  facet normal -0.51236 0.858771 0
    outer loop
      vertex -74.25 110.129 -5.01
      vertex -74.4394 110.016 -5.04043
      vertex -74.4394 110.016 -5.01
    endloop
  endfacet
  facet normal -0.51236 0.858771 0
    outer loop
      vertex -74.4394 110.016 -5.04043
      vertex -74.25 110.129 -5.01
      vertex -74.25 110.129 -5.16669
    endloop
  endfacet
  facet normal 0.802713 -0.596366 0
    outer loop
      vertex -77.3708 113.25 0
      vertex -77.2393 113.427 -2.5
      vertex -77.2393 113.427 0
    endloop
  endfacet
  facet normal 0.802713 -0.596366 0
    outer loop
      vertex -77.2393 113.427 -2.5
      vertex -77.3708 113.25 0
      vertex -77.3708 113.25 -2.5
    endloop
  endfacet
  facet normal 0.941578 -0.336795 0
    outer loop
      vertex -77.6531 112.653 0
      vertex -77.5787 112.861 -2.5
      vertex -77.5787 112.861 0
    endloop
  endfacet
  facet normal 0.941578 -0.336795 0
    outer loop
      vertex -77.5787 112.861 -2.5
      vertex -77.6531 112.653 0
      vertex -77.6531 112.653 -2.5
    endloop
  endfacet
  facet normal -0.998808 0.0488105 0
    outer loop
      vertex -73.2608 111.779 -2.5
      vertex -73.25 112 0
      vertex -73.25 112 -2.5
    endloop
  endfacet
  facet normal -0.998808 0.0488105 0
    outer loop
      vertex -73.25 112 0
      vertex -73.2608 111.779 -2.5
      vertex -73.2608 111.779 0
    endloop
  endfacet
  facet normal -0.998808 0.0488105 0
    outer loop
      vertex -73.2608 111.779 -5.82611
      vertex -73.25 112 -5.01
      vertex -73.25 112 -5.83333
    endloop
  endfacet
  facet normal -0.998808 0.0488105 0
    outer loop
      vertex -73.25 112 -5.01
      vertex -73.2608 111.779 -5.82611
      vertex -73.2608 111.779 -5.01
    endloop
  endfacet
  facet normal 0.0498247 -0.998758 0
    outer loop
      vertex -75.7205 114.239 -2.5
      vertex -75.5 114.25 0
      vertex -75.7205 114.239 0
    endloop
  endfacet
  facet normal 0.0498247 -0.998758 0
    outer loop
      vertex -75.5 114.25 0
      vertex -75.7205 114.239 -2.5
      vertex -75.5 114.25 -2.5
    endloop
  endfacet
  facet normal 0.144972 0.989436 -0
    outer loop
      vertex -75.7205 109.761 -2.5
      vertex -75.9389 109.793 0
      vertex -75.7205 109.761 0
    endloop
  endfacet
  facet normal 0.144972 0.989436 0
    outer loop
      vertex -75.9389 109.793 0
      vertex -75.7205 109.761 -2.5
      vertex -75.9389 109.793 -2.5
    endloop
  endfacet
  facet normal -0.941578 0.336795 0
    outer loop
      vertex -73.4213 111.139 -2.5
      vertex -73.3469 111.347 0
      vertex -73.3469 111.347 -2.5
    endloop
  endfacet
  facet normal -0.941578 0.336795 0
    outer loop
      vertex -73.3469 111.347 0
      vertex -73.4213 111.139 -2.5
      vertex -73.4213 111.139 0
    endloop
  endfacet
  facet normal -0.941578 0.336795 0
    outer loop
      vertex -73.4213 111.139 -5.71915
      vertex -73.3469 111.347 -5.01
      vertex -73.3469 111.347 -5.76874
    endloop
  endfacet
  facet normal -0.941578 0.336795 0
    outer loop
      vertex -73.3469 111.347 -5.01
      vertex -73.4213 111.139 -5.71915
      vertex -73.4213 111.139 -5.01
    endloop
  endfacet
  facet normal -0.596957 -0.802274 0
    outer loop
      vertex -74.25 113.871 -2.5
      vertex -74.0726 113.739 0
      vertex -74.25 113.871 0
    endloop
  endfacet
  facet normal -0.596957 -0.802274 -0
    outer loop
      vertex -74.0726 113.739 0
      vertex -74.25 113.871 -2.5
      vertex -74.0726 113.739 -2.5
    endloop
  endfacet
  facet normal -0.596957 -0.802274 0
    outer loop
      vertex -74.25 113.871 -5.16669
      vertex -74.0726 113.739 -5.01
      vertex -74.25 113.871 -5.01
    endloop
  endfacet
  facet normal -0.596957 -0.802274 -0
    outer loop
      vertex -74.0726 113.739 -5.01
      vertex -74.25 113.871 -5.16669
      vertex -74.0726 113.739 -5.28492
    endloop
  endfacet
  facet normal -0.904326 0.426842 0
    outer loop
      vertex -73.5157 110.939 -2.5
      vertex -73.4213 111.139 0
      vertex -73.4213 111.139 -2.5
    endloop
  endfacet
  facet normal -0.904326 0.426842 0
    outer loop
      vertex -73.4213 111.139 0
      vertex -73.5157 110.939 -2.5
      vertex -73.5157 110.939 0
    endloop
  endfacet
  facet normal -0.904326 0.426842 0
    outer loop
      vertex -73.5157 110.939 -5.65622
      vertex -73.4213 111.139 -5.01
      vertex -73.4213 111.139 -5.71915
    endloop
  endfacet
  facet normal -0.904326 0.426842 0
    outer loop
      vertex -73.4213 111.139 -5.01
      vertex -73.5157 110.939 -5.65622
      vertex -73.5157 110.939 -5.01
    endloop
  endfacet
  facet normal -0.989135 0.147009 0
    outer loop
      vertex -73.2932 111.561 -2.5
      vertex -73.2608 111.779 0
      vertex -73.2608 111.779 -2.5
    endloop
  endfacet
  facet normal -0.989135 0.147009 0
    outer loop
      vertex -73.2608 111.779 0
      vertex -73.2932 111.561 -2.5
      vertex -73.2932 111.561 0
    endloop
  endfacet
  facet normal -0.989135 0.147009 0
    outer loop
      vertex -73.2932 111.561 -5.80451
      vertex -73.2608 111.779 -5.01
      vertex -73.2608 111.779 -5.82611
    endloop
  endfacet
  facet normal -0.989135 0.147009 0
    outer loop
      vertex -73.2608 111.779 -5.01
      vertex -73.2932 111.561 -5.80451
      vertex -73.2932 111.561 -5.01
    endloop
  endfacet
  facet normal 0.244452 -0.969661 0
    outer loop
      vertex -76.1531 114.153 -2.5
      vertex -75.9389 114.207 0
      vertex -76.1531 114.153 0
    endloop
  endfacet
  facet normal 0.244452 -0.969661 0
    outer loop
      vertex -75.9389 114.207 0
      vertex -76.1531 114.153 -2.5
      vertex -75.9389 114.207 -2.5
    endloop
  endfacet
  facet normal -0.0498247 -0.998758 0
    outer loop
      vertex -75.5 114.25 -2.5
      vertex -75.2795 114.239 0
      vertex -75.5 114.25 0
    endloop
  endfacet
  facet normal -0.0498247 -0.998758 -0
    outer loop
      vertex -75.2795 114.239 0
      vertex -75.5 114.25 -2.5
      vertex -75.2795 114.239 -2.5
    endloop
  endfacet
  facet normal -0.429758 0.902944 0
    outer loop
      vertex -74.4394 110.016 -2.5
      vertex -74.639 109.921 0
      vertex -74.4394 110.016 0
    endloop
  endfacet
  facet normal -0.429758 0.902944 0
    outer loop
      vertex -74.639 109.921 0
      vertex -74.4394 110.016 -2.5
      vertex -74.639 109.921 -2.5
    endloop
  endfacet
  facet normal -0.434528 0.900658 0
    outer loop
      vertex -74.4394 110.016 -5.01
      vertex -74.4394 110.016 -5.04043
      vertex -74.485 109.994 -5.01
    endloop
  endfacet
  facet normal -0.244452 -0.969661 0
    outer loop
      vertex -75.0611 114.207 -2.5
      vertex -74.8469 114.153 0
      vertex -75.0611 114.207 0
    endloop
  endfacet
  facet normal -0.244452 -0.969661 -0
    outer loop
      vertex -74.8469 114.153 0
      vertex -75.0611 114.207 -2.5
      vertex -74.8469 114.153 -2.5
    endloop
  endfacet
  facet normal -0.0498247 0.998758 0
    outer loop
      vertex -75.2795 109.761 -2.5
      vertex -75.5 109.75 0
      vertex -75.2795 109.761 0
    endloop
  endfacet
  facet normal -0.0498247 0.998758 0
    outer loop
      vertex -75.5 109.75 0
      vertex -75.2795 109.761 -2.5
      vertex -75.5 109.75 -2.5
    endloop
  endfacet
  facet normal 0.51236 0.858771 -0
    outer loop
      vertex -76.5606 110.016 -2.5
      vertex -76.75 110.129 0
      vertex -76.5606 110.016 0
    endloop
  endfacet
  facet normal 0.51236 0.858771 0
    outer loop
      vertex -76.75 110.129 0
      vertex -76.5606 110.016 -2.5
      vertex -76.75 110.129 -2.5
    endloop
  endfacet
  facet normal -0.244452 0.969661 0
    outer loop
      vertex -74.8469 109.847 -2.5
      vertex -75.0611 109.793 0
      vertex -74.8469 109.847 0
    endloop
  endfacet
  facet normal -0.244452 0.969661 0
    outer loop
      vertex -75.0611 109.793 0
      vertex -74.8469 109.847 -2.5
      vertex -75.0611 109.793 -2.5
    endloop
  endfacet
  facet normal -0.51236 -0.858771 0
    outer loop
      vertex -74.4394 113.984 -2.5
      vertex -74.25 113.871 0
      vertex -74.4394 113.984 0
    endloop
  endfacet
  facet normal -0.51236 -0.858771 -0
    outer loop
      vertex -74.25 113.871 0
      vertex -74.4394 113.984 -2.5
      vertex -74.25 113.871 -2.5
    endloop
  endfacet
  facet normal -0.51236 -0.858771 0
    outer loop
      vertex -74.4394 113.984 -5.04043
      vertex -74.25 113.871 -5.01
      vertex -74.4394 113.984 -5.01
    endloop
  endfacet
  facet normal -0.51236 -0.858771 -0
    outer loop
      vertex -74.25 113.871 -5.01
      vertex -74.4394 113.984 -5.04043
      vertex -74.25 113.871 -5.16669
    endloop
  endfacet
  facet normal 0.335331 -0.9421 0
    outer loop
      vertex -76.361 114.079 -2.5
      vertex -76.1531 114.153 0
      vertex -76.361 114.079 0
    endloop
  endfacet
  facet normal 0.335331 -0.9421 0
    outer loop
      vertex -76.1531 114.153 0
      vertex -76.361 114.079 -2.5
      vertex -76.1531 114.153 -2.5
    endloop
  endfacet
  facet normal 0.998808 -0.0488105 0
    outer loop
      vertex -77.75 112 0
      vertex -77.7392 112.221 -2.5
      vertex -77.7392 112.221 0
    endloop
  endfacet
  facet normal 0.998808 -0.0488105 0
    outer loop
      vertex -77.7392 112.221 -2.5
      vertex -77.75 112 0
      vertex -77.75 112 -2.5
    endloop
  endfacet
  facet normal 0.670866 -0.741579 0
    outer loop
      vertex -77.091 113.591 -2.5
      vertex -76.9274 113.739 0
      vertex -77.091 113.591 0
    endloop
  endfacet
  facet normal 0.670866 -0.741579 0
    outer loop
      vertex -76.9274 113.739 0
      vertex -77.091 113.591 -2.5
      vertex -76.9274 113.739 -2.5
    endloop
  endfacet
  facet normal -0.670866 0.741579 0
    outer loop
      vertex -73.909 110.409 -2.5
      vertex -74.0726 110.261 0
      vertex -73.909 110.409 0
    endloop
  endfacet
  facet normal -0.670866 0.741579 0
    outer loop
      vertex -74.0726 110.261 0
      vertex -73.909 110.409 -2.5
      vertex -74.0726 110.261 -2.5
    endloop
  endfacet
  facet normal -0.670866 0.741579 0
    outer loop
      vertex -73.909 110.409 -5.01
      vertex -74.0726 110.261 -5.28492
      vertex -74.0726 110.261 -5.01
    endloop
  endfacet
  facet normal -0.670866 0.741579 0
    outer loop
      vertex -74.0726 110.261 -5.28492
      vertex -73.909 110.409 -5.01
      vertex -73.909 110.409 -5.39399
    endloop
  endfacet
  facet normal 0.596957 -0.802274 0
    outer loop
      vertex -76.9274 113.739 -2.5
      vertex -76.75 113.871 0
      vertex -76.9274 113.739 0
    endloop
  endfacet
  facet normal 0.596957 -0.802274 0
    outer loop
      vertex -76.75 113.871 0
      vertex -76.9274 113.739 -2.5
      vertex -76.75 113.871 -2.5
    endloop
  endfacet
  facet normal 0.0498247 0.998758 -0
    outer loop
      vertex -75.5 109.75 -2.5
      vertex -75.7205 109.761 0
      vertex -75.5 109.75 0
    endloop
  endfacet
  facet normal 0.0498247 0.998758 0
    outer loop
      vertex -75.7205 109.761 0
      vertex -75.5 109.75 -2.5
      vertex -75.7205 109.761 -2.5
    endloop
  endfacet
  facet normal -0.857293 -0.514829 0
    outer loop
      vertex -73.5157 113.061 -2.5
      vertex -73.6292 113.25 0
      vertex -73.6292 113.25 -2.5
    endloop
  endfacet
  facet normal -0.857293 -0.514829 0
    outer loop
      vertex -73.6292 113.25 0
      vertex -73.5157 113.061 -2.5
      vertex -73.5157 113.061 0
    endloop
  endfacet
  facet normal -0.857293 -0.514829 -0
    outer loop
      vertex -73.5157 113.061 -5.01
      vertex -73.6292 113.25 -5.58054
      vertex -73.5157 113.061 -5.65622
    endloop
  endfacet
  facet normal -0.857293 -0.514829 0
    outer loop
      vertex -73.6292 113.25 -5.58054
      vertex -73.5157 113.061 -5.01
      vertex -73.6292 113.25 -5.01
    endloop
  endfacet
  facet normal 0.670866 0.741579 -0
    outer loop
      vertex -76.9274 110.261 -2.5
      vertex -77.091 110.409 0
      vertex -76.9274 110.261 0
    endloop
  endfacet
  facet normal 0.670866 0.741579 0
    outer loop
      vertex -77.091 110.409 0
      vertex -76.9274 110.261 -2.5
      vertex -77.091 110.409 -2.5
    endloop
  endfacet
  facet normal 0.989135 -0.147009 0
    outer loop
      vertex -77.7392 112.221 0
      vertex -77.7068 112.439 -2.5
      vertex -77.7068 112.439 0
    endloop
  endfacet
  facet normal 0.989135 -0.147009 0
    outer loop
      vertex -77.7068 112.439 -2.5
      vertex -77.7392 112.221 0
      vertex -77.7392 112.221 -2.5
    endloop
  endfacet
  facet normal -0.670866 -0.741579 0
    outer loop
      vertex -74.0726 113.739 -2.5
      vertex -73.909 113.591 0
      vertex -74.0726 113.739 0
    endloop
  endfacet
  facet normal -0.670866 -0.741579 -0
    outer loop
      vertex -73.909 113.591 0
      vertex -74.0726 113.739 -2.5
      vertex -73.909 113.591 -2.5
    endloop
  endfacet
  facet normal -0.670866 -0.741579 0
    outer loop
      vertex -74.0726 113.739 -5.28492
      vertex -73.909 113.591 -5.01
      vertex -74.0726 113.739 -5.01
    endloop
  endfacet
  facet normal -0.670866 -0.741579 -0
    outer loop
      vertex -73.909 113.591 -5.01
      vertex -74.0726 113.739 -5.28492
      vertex -73.909 113.591 -5.39399
    endloop
  endfacet
  facet normal 0.857293 0.514829 0
    outer loop
      vertex -77.3708 110.75 0
      vertex -77.4843 110.939 -2.5
      vertex -77.4843 110.939 0
    endloop
  endfacet
  facet normal 0.857293 0.514829 0
    outer loop
      vertex -77.4843 110.939 -2.5
      vertex -77.3708 110.75 0
      vertex -77.3708 110.75 -2.5
    endloop
  endfacet
  facet normal -0.144972 0.989436 0
    outer loop
      vertex -75.0611 109.793 -2.5
      vertex -75.2795 109.761 0
      vertex -75.0611 109.793 0
    endloop
  endfacet
  facet normal -0.144972 0.989436 0
    outer loop
      vertex -75.2795 109.761 0
      vertex -75.0611 109.793 -2.5
      vertex -75.2795 109.761 -2.5
    endloop
  endfacet
  facet normal 0.429758 -0.902944 0
    outer loop
      vertex -76.5606 113.984 -2.5
      vertex -76.361 114.079 0
      vertex -76.5606 113.984 0
    endloop
  endfacet
  facet normal 0.429758 -0.902944 0
    outer loop
      vertex -76.361 114.079 0
      vertex -76.5606 113.984 -2.5
      vertex -76.361 114.079 -2.5
    endloop
  endfacet
  facet normal -0.904326 -0.426842 0
    outer loop
      vertex -73.4213 112.861 -2.5
      vertex -73.5157 113.061 0
      vertex -73.5157 113.061 -2.5
    endloop
  endfacet
  facet normal -0.904326 -0.426842 0
    outer loop
      vertex -73.5157 113.061 0
      vertex -73.4213 112.861 -2.5
      vertex -73.4213 112.861 0
    endloop
  endfacet
  facet normal -0.904326 -0.426842 -0
    outer loop
      vertex -73.4213 112.861 -5.01
      vertex -73.5157 113.061 -5.65622
      vertex -73.4213 112.861 -5.71915
    endloop
  endfacet
  facet normal -0.904326 -0.426842 0
    outer loop
      vertex -73.5157 113.061 -5.65622
      vertex -73.4213 112.861 -5.01
      vertex -73.5157 113.061 -5.01
    endloop
  endfacet
  facet normal -0.857293 0.514829 0
    outer loop
      vertex -73.6292 110.75 -2.5
      vertex -73.5157 110.939 0
      vertex -73.5157 110.939 -2.5
    endloop
  endfacet
  facet normal -0.857293 0.514829 0
    outer loop
      vertex -73.5157 110.939 0
      vertex -73.6292 110.75 -2.5
      vertex -73.6292 110.75 0
    endloop
  endfacet
  facet normal -0.857293 0.514829 0
    outer loop
      vertex -73.6292 110.75 -5.58054
      vertex -73.5157 110.939 -5.01
      vertex -73.5157 110.939 -5.65622
    endloop
  endfacet
  facet normal -0.857293 0.514829 0
    outer loop
      vertex -73.5157 110.939 -5.01
      vertex -73.6292 110.75 -5.58054
      vertex -73.6292 110.75 -5.01
    endloop
  endfacet
  facet normal -0.969929 0.243389 0
    outer loop
      vertex -73.3469 111.347 -2.5
      vertex -73.2932 111.561 0
      vertex -73.2932 111.561 -2.5
    endloop
  endfacet
  facet normal -0.969929 0.243389 0
    outer loop
      vertex -73.2932 111.561 0
      vertex -73.3469 111.347 -2.5
      vertex -73.3469 111.347 0
    endloop
  endfacet
  facet normal -0.969929 0.243389 0
    outer loop
      vertex -73.3469 111.347 -5.76874
      vertex -73.2932 111.561 -5.01
      vertex -73.2932 111.561 -5.80451
    endloop
  endfacet
  facet normal -0.969929 0.243389 0
    outer loop
      vertex -73.2932 111.561 -5.01
      vertex -73.3469 111.347 -5.76874
      vertex -73.3469 111.347 -5.01
    endloop
  endfacet
  facet normal -0.429758 -0.902944 0
    outer loop
      vertex -74.639 114.079 -2.5
      vertex -74.4394 113.984 0
      vertex -74.639 114.079 0
    endloop
  endfacet
  facet normal -0.429758 -0.902944 -0
    outer loop
      vertex -74.4394 113.984 0
      vertex -74.639 114.079 -2.5
      vertex -74.4394 113.984 -2.5
    endloop
  endfacet
  facet normal -0.434528 -0.900658 0
    outer loop
      vertex -74.4394 113.984 -5.04043
      vertex -74.4394 113.984 -5.01
      vertex -74.485 114.006 -5.01
    endloop
  endfacet
  facet normal 0.144972 -0.989436 0
    outer loop
      vertex -75.9389 114.207 -2.5
      vertex -75.7205 114.239 0
      vertex -75.9389 114.207 0
    endloop
  endfacet
  facet normal 0.144972 -0.989436 0
    outer loop
      vertex -75.7205 114.239 0
      vertex -75.9389 114.207 -2.5
      vertex -75.7205 114.239 -2.5
    endloop
  endfacet
  facet normal 0.857293 -0.514829 0
    outer loop
      vertex -77.4843 113.061 0
      vertex -77.3708 113.25 -2.5
      vertex -77.3708 113.25 0
    endloop
  endfacet
  facet normal 0.857293 -0.514829 0
    outer loop
      vertex -77.3708 113.25 -2.5
      vertex -77.4843 113.061 0
      vertex -77.4843 113.061 -2.5
    endloop
  endfacet
  facet normal 0.741718 -0.670712 0
    outer loop
      vertex -77.2393 113.427 0
      vertex -77.091 113.591 -2.5
      vertex -77.091 113.591 0
    endloop
  endfacet
  facet normal 0.741718 -0.670712 0
    outer loop
      vertex -77.091 113.591 -2.5
      vertex -77.2393 113.427 0
      vertex -77.2393 113.427 -2.5
    endloop
  endfacet
  facet normal 0.969929 -0.243389 0
    outer loop
      vertex -77.7068 112.439 0
      vertex -77.6531 112.653 -2.5
      vertex -77.6531 112.653 0
    endloop
  endfacet
  facet normal 0.969929 -0.243389 0
    outer loop
      vertex -77.6531 112.653 -2.5
      vertex -77.7068 112.439 0
      vertex -77.7068 112.439 -2.5
    endloop
  endfacet
  facet normal -0.802713 0.596366 0
    outer loop
      vertex -73.7607 110.573 -2.5
      vertex -73.6292 110.75 0
      vertex -73.6292 110.75 -2.5
    endloop
  endfacet
  facet normal -0.802713 0.596366 0
    outer loop
      vertex -73.6292 110.75 0
      vertex -73.7607 110.573 -2.5
      vertex -73.7607 110.573 0
    endloop
  endfacet
  facet normal -0.802713 0.596366 0
    outer loop
      vertex -73.7607 110.573 -5.49285
      vertex -73.6292 110.75 -5.01
      vertex -73.6292 110.75 -5.58054
    endloop
  endfacet
  facet normal -0.802713 0.596366 0
    outer loop
      vertex -73.6292 110.75 -5.01
      vertex -73.7607 110.573 -5.49285
      vertex -73.7607 110.573 -5.01
    endloop
  endfacet
  facet normal -0.741718 -0.670712 0
    outer loop
      vertex -73.7607 113.427 -2.5
      vertex -73.909 113.591 0
      vertex -73.909 113.591 -2.5
    endloop
  endfacet
  facet normal -0.741718 -0.670712 0
    outer loop
      vertex -73.909 113.591 0
      vertex -73.7607 113.427 -2.5
      vertex -73.7607 113.427 0
    endloop
  endfacet
  facet normal -0.741718 -0.670712 -0
    outer loop
      vertex -73.7607 113.427 -5.01
      vertex -73.909 113.591 -5.39399
      vertex -73.7607 113.427 -5.49285
    endloop
  endfacet
  facet normal -0.741718 -0.670712 0
    outer loop
      vertex -73.909 113.591 -5.39399
      vertex -73.7607 113.427 -5.01
      vertex -73.909 113.591 -5.01
    endloop
  endfacet
  facet normal -0.335331 -0.9421 0
    outer loop
      vertex -74.8469 114.153 -2.5
      vertex -74.639 114.079 0
      vertex -74.8469 114.153 0
    endloop
  endfacet
  facet normal -0.335331 -0.9421 -0
    outer loop
      vertex -74.639 114.079 0
      vertex -74.8469 114.153 -2.5
      vertex -74.639 114.079 -2.5
    endloop
  endfacet
  facet normal -0.802713 -0.596366 0
    outer loop
      vertex -73.6292 113.25 -2.5
      vertex -73.7607 113.427 0
      vertex -73.7607 113.427 -2.5
    endloop
  endfacet
  facet normal -0.802713 -0.596366 0
    outer loop
      vertex -73.7607 113.427 0
      vertex -73.6292 113.25 -2.5
      vertex -73.6292 113.25 0
    endloop
  endfacet
  facet normal -0.802713 -0.596366 -0
    outer loop
      vertex -73.6292 113.25 -5.01
      vertex -73.7607 113.427 -5.49285
      vertex -73.6292 113.25 -5.58054
    endloop
  endfacet
  facet normal -0.802713 -0.596366 0
    outer loop
      vertex -73.7607 113.427 -5.49285
      vertex -73.6292 113.25 -5.01
      vertex -73.7607 113.427 -5.01
    endloop
  endfacet
  facet normal 0.969929 0.243389 0
    outer loop
      vertex -77.6531 111.347 0
      vertex -77.7068 111.561 -2.5
      vertex -77.7068 111.561 0
    endloop
  endfacet
  facet normal 0.969929 0.243389 0
    outer loop
      vertex -77.7068 111.561 -2.5
      vertex -77.6531 111.347 0
      vertex -77.6531 111.347 -2.5
    endloop
  endfacet
  facet normal 0.802713 0.596366 0
    outer loop
      vertex -77.2393 110.573 0
      vertex -77.3708 110.75 -2.5
      vertex -77.3708 110.75 0
    endloop
  endfacet
  facet normal 0.802713 0.596366 0
    outer loop
      vertex -77.3708 110.75 -2.5
      vertex -77.2393 110.573 0
      vertex -77.2393 110.573 -2.5
    endloop
  endfacet
  facet normal 0.904326 -0.426842 0
    outer loop
      vertex -77.5787 112.861 0
      vertex -77.4843 113.061 -2.5
      vertex -77.4843 113.061 0
    endloop
  endfacet
  facet normal 0.904326 -0.426842 0
    outer loop
      vertex -77.4843 113.061 -2.5
      vertex -77.5787 112.861 0
      vertex -77.5787 112.861 -2.5
    endloop
  endfacet
  facet normal -0.144972 -0.989436 0
    outer loop
      vertex -75.2795 114.239 -2.5
      vertex -75.0611 114.207 0
      vertex -75.2795 114.239 0
    endloop
  endfacet
  facet normal -0.144972 -0.989436 -0
    outer loop
      vertex -75.0611 114.207 0
      vertex -75.2795 114.239 -2.5
      vertex -75.0611 114.207 -2.5
    endloop
  endfacet
  facet normal 0.989135 0.147009 0
    outer loop
      vertex -77.7068 111.561 0
      vertex -77.7392 111.779 -2.5
      vertex -77.7392 111.779 0
    endloop
  endfacet
  facet normal 0.989135 0.147009 0
    outer loop
      vertex -77.7392 111.779 -2.5
      vertex -77.7068 111.561 0
      vertex -77.7068 111.561 -2.5
    endloop
  endfacet
  facet normal -0.741718 0.670712 0
    outer loop
      vertex -73.909 110.409 -2.5
      vertex -73.7607 110.573 0
      vertex -73.7607 110.573 -2.5
    endloop
  endfacet
  facet normal -0.741718 0.670712 0
    outer loop
      vertex -73.7607 110.573 0
      vertex -73.909 110.409 -2.5
      vertex -73.909 110.409 0
    endloop
  endfacet
  facet normal -0.741718 0.670712 0
    outer loop
      vertex -73.909 110.409 -5.39399
      vertex -73.7607 110.573 -5.01
      vertex -73.7607 110.573 -5.49285
    endloop
  endfacet
  facet normal -0.741718 0.670712 0
    outer loop
      vertex -73.7607 110.573 -5.01
      vertex -73.909 110.409 -5.39399
      vertex -73.909 110.409 -5.01
    endloop
  endfacet
  facet normal 0.596957 0.802274 -0
    outer loop
      vertex -76.75 110.129 -2.5
      vertex -76.9274 110.261 0
      vertex -76.75 110.129 0
    endloop
  endfacet
  facet normal 0.596957 0.802274 0
    outer loop
      vertex -76.9274 110.261 0
      vertex -76.75 110.129 -2.5
      vertex -76.9274 110.261 -2.5
    endloop
  endfacet
  facet normal 0.335331 0.9421 -0
    outer loop
      vertex -76.1531 109.847 -2.5
      vertex -76.361 109.921 0
      vertex -76.1531 109.847 0
    endloop
  endfacet
  facet normal 0.335331 0.9421 0
    outer loop
      vertex -76.361 109.921 0
      vertex -76.1531 109.847 -2.5
      vertex -76.361 109.921 -2.5
    endloop
  endfacet
  facet normal 0.244452 0.969661 -0
    outer loop
      vertex -75.9389 109.793 -2.5
      vertex -76.1531 109.847 0
      vertex -75.9389 109.793 0
    endloop
  endfacet
  facet normal 0.244452 0.969661 0
    outer loop
      vertex -76.1531 109.847 0
      vertex -75.9389 109.793 -2.5
      vertex -76.1531 109.847 -2.5
    endloop
  endfacet
  facet normal 0.429758 0.902944 -0
    outer loop
      vertex -76.361 109.921 -2.5
      vertex -76.5606 110.016 0
      vertex -76.361 109.921 0
    endloop
  endfacet
  facet normal 0.429758 0.902944 0
    outer loop
      vertex -76.5606 110.016 0
      vertex -76.361 109.921 -2.5
      vertex -76.5606 110.016 -2.5
    endloop
  endfacet
  facet normal -0.362529 0.607637 -0.706647
    outer loop
      vertex -74.25 110.129 -2.5
      vertex -72.8555 108.042 -5.01
      vertex -74.4394 110.016 -2.5
    endloop
  endfacet
  facet normal 0.173249 -0.686006 -0.706668
    outer loop
      vertex -76.4275 116.659 -5
      vertex -76.1531 114.153 -2.5
      vertex -76.8789 116.545 -5
    endloop
  endfacet
  facet normal 0.686256 -0.172205 -0.706681
    outer loop
      vertex -77.7068 112.439 -2.5
      vertex -80.1585 112.928 -5
      vertex -77.6531 112.653 -2.5
    endloop
  endfacet
  facet normal 0.693377 -0.138675 -0.707105
    outer loop
      vertex -80.1585 112.928 -5
      vertex -77.7068 112.439 -2.5
      vertex -80.1587 112.927 -5
    endloop
  endfacet
  facet normal -0.706685 -0.0345348 -0.706685
    outer loop
      vertex -70.74 112 -5.01
      vertex -73.25 112 -2.5
      vertex -73.2608 112.221 -2.5
    endloop
  endfacet
  facet normal -0.706687 -0.0346534 -0.706677
    outer loop
      vertex -70.7629 112.467 -5.01
      vertex -70.74 112 -5.01
      vertex -73.2608 112.221 -2.5
    endloop
  endfacet
  facet normal 0.0349763 -0.706674 -0.706674
    outer loop
      vertex -75.5 116.75 -5
      vertex -75.5 114.25 -2.5
      vertex -75.9647 116.727 -5
    endloop
  endfacet
  facet normal 0.524453 0.474896 -0.706698
    outer loop
      vertex -77.091 110.409 -2.5
      vertex -78.8588 108.641 -5
      vertex -79.1712 108.986 -5
    endloop
  endfacet
  facet normal -0.0349754 0.706656 -0.706693
    outer loop
      vertex -75.2795 109.761 -2.5
      vertex -75.0344 107.273 -5
      vertex -75.4991 107.25 -5
    endloop
  endfacet
  facet normal -0.237874 -0.666349 -0.706679
    outer loop
      vertex -74.1182 116.555 -5.01
      vertex -73.6784 116.398 -5.01
      vertex -74.639 114.079 -2.5
    endloop
  endfacet
  facet normal -0.639867 0.302017 -0.706651
    outer loop
      vertex -73.4213 111.139 -2.5
      vertex -71.3021 109.756 -5.01
      vertex -73.5157 110.939 -2.5
    endloop
  endfacet
  facet normal -0.699865 0.103919 -0.706676
    outer loop
      vertex -70.7629 111.533 -5.01
      vertex -70.8315 111.071 -5.01
      vertex -73.2608 111.779 -2.5
    endloop
  endfacet
  facet normal -0.474598 -0.524624 -0.706772
    outer loop
      vertex -72.4803 115.68 -5.01
      vertex -73.909 113.591 -2.5
      vertex -74.0726 113.739 -2.5
    endloop
  endfacet
  facet normal 0.0349754 0.706656 -0.706693
    outer loop
      vertex -75.7205 109.761 -2.5
      vertex -75.5009 107.25 -5
      vertex -75.9656 107.273 -5
    endloop
  endfacet
  facet normal 0.421295 0.568368 -0.706731
    outer loop
      vertex -76.9274 110.261 -2.5
      vertex -78.1397 108.051 -5
      vertex -78.5134 108.328 -5
    endloop
  endfacet
  facet normal 0 0.713927 -0.70022
    outer loop
      vertex -76.4275 107.341 -5
      vertex -75.9389 109.793 -2.5
      vertex -76.4267 107.341 -5
    endloop
  endfacet
  facet normal 0.172956 0.686059 -0.706689
    outer loop
      vertex -75.9389 109.793 -2.5
      vertex -76.4275 107.341 -5
      vertex -76.1531 109.847 -2.5
    endloop
  endfacet
  facet normal -0.606517 0.364231 -0.706734
    outer loop
      vertex -73.5157 110.939 -2.5
      vertex -71.5422 109.355 -5.01
      vertex -73.6292 110.75 -2.5
    endloop
  endfacet
  facet normal -0.237874 0.666349 -0.706679
    outer loop
      vertex -73.6784 107.602 -5.01
      vertex -74.1182 107.445 -5.01
      vertex -74.639 109.921 -2.5
    endloop
  endfacet
  facet normal -0.639454 0.302755 -0.706709
    outer loop
      vertex -71.1023 110.178 -5.01
      vertex -71.3021 109.756 -5.01
      vertex -73.4213 111.139 -2.5
    endloop
  endfacet
  facet normal -0.0349763 -0.706674 -0.706674
    outer loop
      vertex -75.5 116.75 -5
      vertex -75.0353 116.727 -5
      vertex -75.5 114.25 -2.5
    endloop
  endfacet
  facet normal 0 0.713927 -0.70022
    outer loop
      vertex -74.5742 107.341 -5
      vertex -75.0611 109.793 -2.5
      vertex -74.5733 107.341 -5
    endloop
  endfacet
  facet normal -0.102579 0.700101 -0.706637
    outer loop
      vertex -75.0611 109.793 -2.5
      vertex -74.5742 107.341 -5
      vertex -75.2795 109.761 -2.5
    endloop
  endfacet
  facet normal 0.639444 0.302822 -0.70669
    outer loop
      vertex -77.5787 111.139 -2.5
      vertex -79.6895 109.762 -5
      vertex -79.8884 110.182 -5
    endloop
  endfacet
  facet normal 0.474716 0.524622 -0.706694
    outer loop
      vertex -77.091 110.409 -2.5
      vertex -78.514 108.329 -5
      vertex -78.8588 108.641 -5
    endloop
  endfacet
  facet normal -0.607046 0.363471 -0.706671
    outer loop
      vertex -71.3021 109.756 -5.01
      vertex -71.5422 109.355 -5.01
      vertex -73.5157 110.939 -2.5
    endloop
  endfacet
  facet normal -0.666214 0.238171 -0.706706
    outer loop
      vertex -70.945 110.618 -5.01
      vertex -71.1023 110.178 -5.01
      vertex -73.4213 111.139 -2.5
    endloop
  endfacet
  facet normal -0.699844 -0.104013 -0.706682
    outer loop
      vertex -70.8315 112.929 -5.01
      vertex -73.2608 112.221 -2.5
      vertex -73.2932 112.439 -2.5
    endloop
  endfacet
  facet normal -0.524732 -0.474499 -0.706758
    outer loop
      vertex -71.8205 115.02 -5.01
      vertex -73.7607 113.427 -2.5
      vertex -73.909 113.591 -2.5
    endloop
  endfacet
  facet normal -0.363593 0.606897 -0.706737
    outer loop
      vertex -72.8555 108.042 -5.01
      vertex -73.2561 107.802 -5.01
      vertex -74.4394 110.016 -2.5
    endloop
  endfacet
  facet normal 0 0.769028 -0.639216
    outer loop
      vertex -78.1397 108.051 -5
      vertex -76.75 110.129 -2.5
      vertex -78.139 108.051 -5
    endloop
  endfacet
  facet normal 0.422389 0.567666 -0.706642
    outer loop
      vertex -76.75 110.129 -2.5
      vertex -78.1397 108.051 -5
      vertex -76.9274 110.261 -2.5
    endloop
  endfacet
  facet normal -0.363593 -0.606897 -0.706737
    outer loop
      vertex -73.2561 116.198 -5.01
      vertex -72.8555 115.958 -5.01
      vertex -74.4394 113.984 -2.5
    endloop
  endfacet
  facet normal -0.706687 0.0346534 -0.706677
    outer loop
      vertex -70.74 112 -5.01
      vertex -70.7629 111.533 -5.01
      vertex -73.2608 111.779 -2.5
    endloop
  endfacet
  facet normal -0.706685 0.0345348 -0.706685
    outer loop
      vertex -73.25 112 -2.5
      vertex -70.74 112 -5.01
      vertex -73.2608 111.779 -2.5
    endloop
  endfacet
  facet normal 0.706696 0.0345354 -0.706674
    outer loop
      vertex -77.7392 111.779 -2.5
      vertex -80.2272 111.535 -5
      vertex -77.75 112 -2.5
    endloop
  endfacet
  facet normal 0.703607 0.0703607 -0.707097
    outer loop
      vertex -80.2272 111.535 -5
      vertex -77.7392 111.779 -2.5
      vertex -80.2271 111.534 -5
    endloop
  endfacet
  facet normal -0.56812 -0.421621 -0.706736
    outer loop
      vertex -71.8205 115.02 -5.01
      vertex -71.5422 114.645 -5.01
      vertex -73.7607 113.427 -2.5
    endloop
  endfacet
  facet normal -0.168293 -0.670979 -0.722125
    outer loop
      vertex -74.1182 116.555 -5.01
      vertex -74.5 116.64 -5
      vertex -74.485 116.647 -5.01
    endloop
  endfacet
  facet normal -0.179483 -0.68487 -0.706214
    outer loop
      vertex -74.5 116.64 -5
      vertex -74.8469 114.153 -2.5
      vertex -74.5725 116.659 -5
    endloop
  endfacet
  facet normal -0.171339 -0.686474 -0.70668
    outer loop
      vertex -74.8469 114.153 -2.5
      vertex -74.5 116.64 -5
      vertex -74.1182 116.555 -5.01
    endloop
  endfacet
  facet normal -0.103421 -0.699917 -0.706697
    outer loop
      vertex -75.0344 116.727 -5
      vertex -74.5742 116.659 -5
      vertex -75.2795 114.239 -2.5
    endloop
  endfacet
  facet normal 0.606871 0.363818 -0.706643
    outer loop
      vertex -77.4843 110.939 -2.5
      vertex -79.4499 109.362 -5
      vertex -79.6891 109.761 -5
    endloop
  endfacet
  facet normal 0.238768 0.666116 -0.706597
    outer loop
      vertex -76.361 109.921 -2.5
      vertex -76.8797 107.455 -5
      vertex -77.3177 107.612 -5
    endloop
  endfacet
  facet normal -0.607046 -0.363471 -0.706671
    outer loop
      vertex -71.5422 114.645 -5.01
      vertex -71.3021 114.244 -5.01
      vertex -73.5157 113.061 -2.5
    endloop
  endfacet
  facet normal 0.606871 -0.363818 -0.706643
    outer loop
      vertex -79.4499 114.638 -5
      vertex -77.4843 113.061 -2.5
      vertex -79.6891 114.239 -5
    endloop
  endfacet
  facet normal -0.567921 0.42193 -0.706711
    outer loop
      vertex -73.6292 110.75 -2.5
      vertex -71.5422 109.355 -5.01
      vertex -73.7607 110.573 -2.5
    endloop
  endfacet
  facet normal -0.421171 0.56843 -0.706755
    outer loop
      vertex -72.4803 108.32 -5.01
      vertex -72.8555 108.042 -5.01
      vertex -74.0726 110.261 -2.5
    endloop
  endfacet
  facet normal 0.666118 -0.238464 -0.706697
    outer loop
      vertex -79.8884 113.818 -5
      vertex -77.5787 112.861 -2.5
      vertex -80.0452 113.38 -5
    endloop
  endfacet
  facet normal -0.524158 0.475227 -0.706695
    outer loop
      vertex -71.8205 108.98 -5.01
      vertex -72.1342 108.634 -5.01
      vertex -73.909 110.409 -2.5
    endloop
  endfacet
  facet normal -0.686307 0.171956 -0.706692
    outer loop
      vertex -70.8315 111.071 -5.01
      vertex -70.945 110.618 -5.01
      vertex -73.3469 111.347 -2.5
    endloop
  endfacet
  facet normal -0.524732 0.474499 -0.706758
    outer loop
      vertex -73.7607 110.573 -2.5
      vertex -71.8205 108.98 -5.01
      vertex -73.909 110.409 -2.5
    endloop
  endfacet
  facet normal -0.686307 -0.171956 -0.706692
    outer loop
      vertex -70.945 113.382 -5.01
      vertex -70.8315 112.929 -5.01
      vertex -73.3469 112.653 -2.5
    endloop
  endfacet
  facet normal -0.699865 -0.103919 -0.706676
    outer loop
      vertex -70.8315 112.929 -5.01
      vertex -70.7629 112.467 -5.01
      vertex -73.2608 112.221 -2.5
    endloop
  endfacet
  facet normal 0.686256 0.172205 -0.706681
    outer loop
      vertex -80.1585 111.072 -5
      vertex -77.7068 111.561 -2.5
      vertex -77.6531 111.347 -2.5
    endloop
  endfacet
  facet normal 0.693377 0.138675 -0.707105
    outer loop
      vertex -77.7068 111.561 -2.5
      vertex -80.1585 111.072 -5
      vertex -80.1587 111.073 -5
    endloop
  endfacet
  facet normal -0.56812 0.421621 -0.706736
    outer loop
      vertex -71.5422 109.355 -5.01
      vertex -71.8205 108.98 -5.01
      vertex -73.7607 110.573 -2.5
    endloop
  endfacet
  facet normal 0.606564 -0.364259 -0.706679
    outer loop
      vertex -79.4499 114.638 -5
      vertex -77.3708 113.25 -2.5
      vertex -77.4843 113.061 -2.5
    endloop
  endfacet
  facet normal 0.663676 -0.26547 -0.699328
    outer loop
      vertex -77.3708 113.25 -2.5
      vertex -79.4499 114.638 -5
      vertex -79.4495 114.639 -5
    endloop
  endfacet
  facet normal -0.639454 -0.302755 -0.706709
    outer loop
      vertex -71.3021 114.244 -5.01
      vertex -71.1023 113.822 -5.01
      vertex -73.4213 112.861 -2.5
    endloop
  endfacet
  facet normal 0 0.707107 -0.707107
    outer loop
      vertex -75.5009 107.25 -5
      vertex -75.5 109.75 -2.5
      vertex -75.5 107.25 -5
    endloop
  endfacet
  facet normal 0.0352529 0.706661 -0.706674
    outer loop
      vertex -75.5 109.75 -2.5
      vertex -75.5009 107.25 -5
      vertex -75.7205 109.761 -2.5
    endloop
  endfacet
  facet normal -0.304027 -0.638777 -0.706776
    outer loop
      vertex -73.2561 116.198 -5.01
      vertex -74.4394 113.984 -2.5
      vertex -74.639 114.079 -2.5
    endloop
  endfacet
  facet normal 0.567872 0.422022 -0.706696
    outer loop
      vertex -77.2393 110.573 -2.5
      vertex -79.1718 108.987 -5
      vertex -79.449 109.36 -5
    endloop
  endfacet
  facet normal 0 0 1
    outer loop
      vertex -73.25 112 -5.01
      vertex -70.74 112 -5.01
      vertex -70.7629 112.467 -5.01
    endloop
  endfacet
  facet normal 0 0 1
    outer loop
      vertex -73.2608 112.221 -5.01
      vertex -70.7629 112.467 -5.01
      vertex -70.8315 112.929 -5.01
    endloop
  endfacet
  facet normal 0 0 1
    outer loop
      vertex -70.74 112 -5.01
      vertex -73.25 112 -5.01
      vertex -70.7629 111.533 -5.01
    endloop
  endfacet
  facet normal 0 0 1
    outer loop
      vertex -73.2932 112.439 -5.01
      vertex -70.8315 112.929 -5.01
      vertex -70.945 113.382 -5.01
    endloop
  endfacet
  facet normal -0 0 1
    outer loop
      vertex -73.2608 111.779 -5.01
      vertex -70.7629 111.533 -5.01
      vertex -73.25 112 -5.01
    endloop
  endfacet
  facet normal 0 0 1
    outer loop
      vertex -73.3469 112.653 -5.01
      vertex -70.945 113.382 -5.01
      vertex -71.1023 113.822 -5.01
    endloop
  endfacet
  facet normal 0 0 1
    outer loop
      vertex -70.7629 111.533 -5.01
      vertex -73.2608 111.779 -5.01
      vertex -70.8315 111.071 -5.01
    endloop
  endfacet
  facet normal 0 0 1
    outer loop
      vertex -73.4213 112.861 -5.01
      vertex -71.1023 113.822 -5.01
      vertex -71.3021 114.244 -5.01
    endloop
  endfacet
  facet normal -0 0 1
    outer loop
      vertex -73.2932 111.561 -5.01
      vertex -70.8315 111.071 -5.01
      vertex -73.2608 111.779 -5.01
    endloop
  endfacet
  facet normal 0 0 1
    outer loop
      vertex -73.5157 113.061 -5.01
      vertex -71.3021 114.244 -5.01
      vertex -71.5422 114.645 -5.01
    endloop
  endfacet
  facet normal 0 0 1
    outer loop
      vertex -70.8315 111.071 -5.01
      vertex -73.2932 111.561 -5.01
      vertex -70.945 110.618 -5.01
    endloop
  endfacet
  facet normal 0 0 1
    outer loop
      vertex -73.6292 113.25 -5.01
      vertex -71.5422 114.645 -5.01
      vertex -71.8205 115.02 -5.01
    endloop
  endfacet
  facet normal -0 0 1
    outer loop
      vertex -73.3469 111.347 -5.01
      vertex -70.945 110.618 -5.01
      vertex -73.2932 111.561 -5.01
    endloop
  endfacet
  facet normal 0 0 1
    outer loop
      vertex -73.7607 113.427 -5.01
      vertex -71.8205 115.02 -5.01
      vertex -72.1342 115.366 -5.01
    endloop
  endfacet
  facet normal 0 0 1
    outer loop
      vertex -70.945 110.618 -5.01
      vertex -73.3469 111.347 -5.01
      vertex -71.1023 110.178 -5.01
    endloop
  endfacet
  facet normal 0 0 1
    outer loop
      vertex -73.909 113.591 -5.01
      vertex -72.1342 115.366 -5.01
      vertex -72.4803 115.68 -5.01
    endloop
  endfacet
  facet normal -0 0 1
    outer loop
      vertex -73.4213 111.139 -5.01
      vertex -71.1023 110.178 -5.01
      vertex -73.3469 111.347 -5.01
    endloop
  endfacet
  facet normal 0 0 1
    outer loop
      vertex -74.0726 113.739 -5.01
      vertex -72.4803 115.68 -5.01
      vertex -72.8555 115.958 -5.01
    endloop
  endfacet
  facet normal 0 0 1
    outer loop
      vertex -71.1023 110.178 -5.01
      vertex -73.4213 111.139 -5.01
      vertex -71.3021 109.756 -5.01
    endloop
  endfacet
  facet normal -0 0 1
    outer loop
      vertex -73.5157 110.939 -5.01
      vertex -71.3021 109.756 -5.01
      vertex -73.4213 111.139 -5.01
    endloop
  endfacet
  facet normal 0 0 1
    outer loop
      vertex -74.25 113.871 -5.01
      vertex -72.8555 115.958 -5.01
      vertex -73.2561 116.198 -5.01
    endloop
  endfacet
  facet normal 0 0 1
    outer loop
      vertex -70.7629 112.467 -5.01
      vertex -73.2608 112.221 -5.01
      vertex -73.25 112 -5.01
    endloop
  endfacet
  facet normal 0 0 1
    outer loop
      vertex -70.8315 112.929 -5.01
      vertex -73.2932 112.439 -5.01
      vertex -73.2608 112.221 -5.01
    endloop
  endfacet
  facet normal 0 0 1
    outer loop
      vertex -70.945 113.382 -5.01
      vertex -73.3469 112.653 -5.01
      vertex -73.2932 112.439 -5.01
    endloop
  endfacet
  facet normal 0 0 1
    outer loop
      vertex -71.1023 113.822 -5.01
      vertex -73.4213 112.861 -5.01
      vertex -73.3469 112.653 -5.01
    endloop
  endfacet
  facet normal 0 0 1
    outer loop
      vertex -71.3021 114.244 -5.01
      vertex -73.5157 113.061 -5.01
      vertex -73.4213 112.861 -5.01
    endloop
  endfacet
  facet normal 0 0 1
    outer loop
      vertex -71.5422 114.645 -5.01
      vertex -73.6292 113.25 -5.01
      vertex -73.5157 113.061 -5.01
    endloop
  endfacet
  facet normal 0 0 1
    outer loop
      vertex -74.485 114.006 -5.01
      vertex -73.2561 116.198 -5.01
      vertex -73.6784 116.398 -5.01
    endloop
  endfacet
  facet normal 0 0 1
    outer loop
      vertex -71.8205 115.02 -5.01
      vertex -73.7607 113.427 -5.01
      vertex -73.6292 113.25 -5.01
    endloop
  endfacet
  facet normal 0 0 1
    outer loop
      vertex -72.1342 115.366 -5.01
      vertex -73.909 113.591 -5.01
      vertex -73.7607 113.427 -5.01
    endloop
  endfacet
  facet normal 0 0 1
    outer loop
      vertex -72.4803 115.68 -5.01
      vertex -74.0726 113.739 -5.01
      vertex -73.909 113.591 -5.01
    endloop
  endfacet
  facet normal 0 0 1
    outer loop
      vertex -74.485 114.006 -5.01
      vertex -73.6784 116.398 -5.01
      vertex -74.1182 116.555 -5.01
    endloop
  endfacet
  facet normal 0 0 1
    outer loop
      vertex -72.8555 115.958 -5.01
      vertex -74.25 113.871 -5.01
      vertex -74.0726 113.739 -5.01
    endloop
  endfacet
  facet normal 0 0 1
    outer loop
      vertex -73.2561 116.198 -5.01
      vertex -74.4394 113.984 -5.01
      vertex -74.25 113.871 -5.01
    endloop
  endfacet
  facet normal 0 0 1
    outer loop
      vertex -74.485 114.006 -5.01
      vertex -74.1182 116.555 -5.01
      vertex -74.485 116.647 -5.01
    endloop
  endfacet
  facet normal 0 0 1
    outer loop
      vertex -73.2561 116.198 -5.01
      vertex -74.485 114.006 -5.01
      vertex -74.4394 113.984 -5.01
    endloop
  endfacet
  facet normal 0 0 1
    outer loop
      vertex -71.3021 109.756 -5.01
      vertex -73.5157 110.939 -5.01
      vertex -71.5422 109.355 -5.01
    endloop
  endfacet
  facet normal -0 0 1
    outer loop
      vertex -73.6292 110.75 -5.01
      vertex -71.5422 109.355 -5.01
      vertex -73.5157 110.939 -5.01
    endloop
  endfacet
  facet normal 0 0 1
    outer loop
      vertex -71.5422 109.355 -5.01
      vertex -73.6292 110.75 -5.01
      vertex -71.8205 108.98 -5.01
    endloop
  endfacet
  facet normal -0 0 1
    outer loop
      vertex -73.7607 110.573 -5.01
      vertex -71.8205 108.98 -5.01
      vertex -73.6292 110.75 -5.01
    endloop
  endfacet
  facet normal 0 0 1
    outer loop
      vertex -71.8205 108.98 -5.01
      vertex -73.7607 110.573 -5.01
      vertex -72.1342 108.634 -5.01
    endloop
  endfacet
  facet normal -0 0 1
    outer loop
      vertex -73.909 110.409 -5.01
      vertex -72.1342 108.634 -5.01
      vertex -73.7607 110.573 -5.01
    endloop
  endfacet
  facet normal 0 0 1
    outer loop
      vertex -72.1342 108.634 -5.01
      vertex -73.909 110.409 -5.01
      vertex -72.4803 108.32 -5.01
    endloop
  endfacet
  facet normal -0 0 1
    outer loop
      vertex -74.0726 110.261 -5.01
      vertex -72.4803 108.32 -5.01
      vertex -73.909 110.409 -5.01
    endloop
  endfacet
  facet normal 0 0 1
    outer loop
      vertex -72.4803 108.32 -5.01
      vertex -74.0726 110.261 -5.01
      vertex -72.8555 108.042 -5.01
    endloop
  endfacet
  facet normal -0 0 1
    outer loop
      vertex -74.25 110.129 -5.01
      vertex -72.8555 108.042 -5.01
      vertex -74.0726 110.261 -5.01
    endloop
  endfacet
  facet normal 0 0 1
    outer loop
      vertex -72.8555 108.042 -5.01
      vertex -74.25 110.129 -5.01
      vertex -73.2561 107.802 -5.01
    endloop
  endfacet
  facet normal -0 0 1
    outer loop
      vertex -74.4394 110.016 -5.01
      vertex -73.2561 107.802 -5.01
      vertex -74.25 110.129 -5.01
    endloop
  endfacet
  facet normal -0 0 1
    outer loop
      vertex -74.485 109.994 -5.01
      vertex -73.2561 107.802 -5.01
      vertex -74.4394 110.016 -5.01
    endloop
  endfacet
  facet normal 0 0 1
    outer loop
      vertex -73.2561 107.802 -5.01
      vertex -74.485 109.994 -5.01
      vertex -73.6784 107.602 -5.01
    endloop
  endfacet
  facet normal 0 0 1
    outer loop
      vertex -73.6784 107.602 -5.01
      vertex -74.485 109.994 -5.01
      vertex -74.1182 107.445 -5.01
    endloop
  endfacet
  facet normal 0 0 1
    outer loop
      vertex -74.1182 107.445 -5.01
      vertex -74.485 109.994 -5.01
      vertex -74.485 107.353 -5.01
    endloop
  endfacet
  facet normal 0.658557 0.263423 -0.704919
    outer loop
      vertex -79.6895 109.762 -5
      vertex -77.4843 110.939 -2.5
      vertex -79.6891 109.761 -5
    endloop
  endfacet
  facet normal 0.639888 0.302027 -0.706627
    outer loop
      vertex -77.4843 110.939 -2.5
      vertex -79.6895 109.762 -5
      vertex -77.5787 111.139 -2.5
    endloop
  endfacet
  facet normal -0.666181 0.238288 -0.706698
    outer loop
      vertex -73.3469 111.347 -2.5
      vertex -70.945 110.618 -5.01
      vertex -73.4213 111.139 -2.5
    endloop
  endfacet
  facet normal -0.474598 0.524624 -0.706772
    outer loop
      vertex -73.909 110.409 -2.5
      vertex -72.4803 108.32 -5.01
      vertex -74.0726 110.261 -2.5
    endloop
  endfacet
  facet normal -0.302838 0.639443 -0.706683
    outer loop
      vertex -73.2561 107.802 -5.01
      vertex -73.6784 107.602 -5.01
      vertex -74.639 109.921 -2.5
    endloop
  endfacet
  facet normal 0.666169 0.238284 -0.70671
    outer loop
      vertex -80.0452 110.62 -5
      vertex -77.6531 111.347 -2.5
      vertex -77.5787 111.139 -2.5
    endloop
  endfacet
  facet normal 0.677269 0.203181 -0.707123
    outer loop
      vertex -77.6531 111.347 -2.5
      vertex -80.0452 110.62 -5
      vertex -80.0455 110.621 -5
    endloop
  endfacet
  facet normal 0.102579 0.700101 -0.706637
    outer loop
      vertex -76.4258 107.341 -5
      vertex -75.9389 109.793 -2.5
      vertex -75.7205 109.761 -2.5
    endloop
  endfacet
  facet normal 0 0.713927 -0.70022
    outer loop
      vertex -75.9389 109.793 -2.5
      vertex -76.4258 107.341 -5
      vertex -76.4267 107.341 -5
    endloop
  endfacet
  facet normal 0.363492 -0.606986 -0.706712
    outer loop
      vertex -77.7391 116.189 -5
      vertex -76.5606 113.984 -2.5
      vertex -78.1382 115.95 -5
    endloop
  endfacet
  facet normal -0.168293 0.670979 -0.722125
    outer loop
      vertex -74.5 107.36 -5
      vertex -74.1182 107.445 -5.01
      vertex -74.485 107.353 -5.01
    endloop
  endfacet
  facet normal -0.171339 0.686474 -0.70668
    outer loop
      vertex -74.5 107.36 -5
      vertex -74.8469 109.847 -2.5
      vertex -74.1182 107.445 -5.01
    endloop
  endfacet
  facet normal -0.179483 0.68487 -0.706214
    outer loop
      vertex -74.8469 109.847 -2.5
      vertex -74.5 107.36 -5
      vertex -74.5725 107.341 -5
    endloop
  endfacet
  facet normal 0.474647 -0.524677 -0.7067
    outer loop
      vertex -78.514 115.671 -5
      vertex -76.9274 113.739 -2.5
      vertex -77.091 113.591 -2.5
    endloop
  endfacet
  facet normal 0.624232 -0.374539 -0.685606
    outer loop
      vertex -76.9274 113.739 -2.5
      vertex -78.514 115.671 -5
      vertex -78.5134 115.672 -5
    endloop
  endfacet
  facet normal -0.567921 -0.42193 -0.706711
    outer loop
      vertex -71.5422 114.645 -5.01
      vertex -73.6292 113.25 -2.5
      vertex -73.7607 113.427 -2.5
    endloop
  endfacet
  facet normal 0.624232 0.374539 -0.685606
    outer loop
      vertex -78.514 108.329 -5
      vertex -76.9274 110.261 -2.5
      vertex -78.5134 108.328 -5
    endloop
  endfacet
  facet normal 0.474647 0.524677 -0.7067
    outer loop
      vertex -76.9274 110.261 -2.5
      vertex -78.514 108.329 -5
      vertex -77.091 110.409 -2.5
    endloop
  endfacet
  facet normal 0 0.713927 -0.70022
    outer loop
      vertex -75.0611 109.793 -2.5
      vertex -74.5725 107.341 -5
      vertex -74.5733 107.341 -5
    endloop
  endfacet
  facet normal -0.172956 0.686059 -0.706689
    outer loop
      vertex -74.5725 107.341 -5
      vertex -75.0611 109.793 -2.5
      vertex -74.8469 109.847 -2.5
    endloop
  endfacet
  facet normal 0.699891 -0.103766 -0.706672
    outer loop
      vertex -80.1589 112.926 -5
      vertex -77.7392 112.221 -2.5
      vertex -80.2271 112.466 -5
    endloop
  endfacet
  facet normal 0.474716 -0.524622 -0.706694
    outer loop
      vertex -78.514 115.671 -5
      vertex -77.091 113.591 -2.5
      vertex -78.8588 115.359 -5
    endloop
  endfacet
  facet normal -0.606517 -0.364231 -0.706734
    outer loop
      vertex -71.5422 114.645 -5.01
      vertex -73.5157 113.061 -2.5
      vertex -73.6292 113.25 -2.5
    endloop
  endfacet
  facet normal 0.666118 0.238464 -0.706697
    outer loop
      vertex -77.5787 111.139 -2.5
      vertex -79.8884 110.182 -5
      vertex -80.0452 110.62 -5
    endloop
  endfacet
  facet normal -0.422381 0.567655 -0.706656
    outer loop
      vertex -74.0726 110.261 -2.5
      vertex -72.8555 108.042 -5.01
      vertex -74.25 110.129 -2.5
    endloop
  endfacet
  facet normal -0.686262 0.172207 -0.706675
    outer loop
      vertex -73.2932 111.561 -2.5
      vertex -70.8315 111.071 -5.01
      vertex -73.3469 111.347 -2.5
    endloop
  endfacet
  facet normal -0.666181 -0.238288 -0.706698
    outer loop
      vertex -70.945 113.382 -5.01
      vertex -73.3469 112.653 -2.5
      vertex -73.4213 112.861 -2.5
    endloop
  endfacet
  facet normal -0.699844 0.104013 -0.706682
    outer loop
      vertex -73.2608 111.779 -2.5
      vertex -70.8315 111.071 -5.01
      vertex -73.2932 111.561 -2.5
    endloop
  endfacet
  facet normal 0.699837 -0.104012 -0.706689
    outer loop
      vertex -80.1589 112.926 -5
      vertex -77.7068 112.439 -2.5
      vertex -77.7392 112.221 -2.5
    endloop
  endfacet
  facet normal 0.693377 -0.138675 -0.707105
    outer loop
      vertex -77.7068 112.439 -2.5
      vertex -80.1589 112.926 -5
      vertex -80.1587 112.927 -5
    endloop
  endfacet
  facet normal -0.666214 -0.238171 -0.706706
    outer loop
      vertex -71.1023 113.822 -5.01
      vertex -70.945 113.382 -5.01
      vertex -73.4213 112.861 -2.5
    endloop
  endfacet
  facet normal -0.103421 0.699917 -0.706697
    outer loop
      vertex -74.5742 107.341 -5
      vertex -75.0344 107.273 -5
      vertex -75.2795 109.761 -2.5
    endloop
  endfacet
  facet normal -0.421171 -0.56843 -0.706755
    outer loop
      vertex -72.8555 115.958 -5.01
      vertex -72.4803 115.68 -5.01
      vertex -74.0726 113.739 -2.5
    endloop
  endfacet
  facet normal -0.304027 0.638777 -0.706776
    outer loop
      vertex -74.4394 110.016 -2.5
      vertex -73.2561 107.802 -5.01
      vertex -74.639 109.921 -2.5
    endloop
  endfacet
  facet normal -0.172956 -0.686059 -0.706689
    outer loop
      vertex -75.0611 114.207 -2.5
      vertex -74.5725 116.659 -5
      vertex -74.8469 114.153 -2.5
    endloop
  endfacet
  facet normal -0 -0.713927 -0.70022
    outer loop
      vertex -74.5725 116.659 -5
      vertex -75.0611 114.207 -2.5
      vertex -74.5733 116.659 -5
    endloop
  endfacet
  facet normal 0.524752 0.474517 -0.706731
    outer loop
      vertex -79.1712 108.986 -5
      vertex -77.2393 110.573 -2.5
      vertex -77.091 110.409 -2.5
    endloop
  endfacet
  facet normal 0.60961 0.365766 -0.703271
    outer loop
      vertex -77.2393 110.573 -2.5
      vertex -79.1712 108.986 -5
      vertex -79.1718 108.987 -5
    endloop
  endfacet
  facet normal 0.103421 -0.699917 -0.706697
    outer loop
      vertex -75.9656 116.727 -5
      vertex -75.7205 114.239 -2.5
      vertex -76.4258 116.659 -5
    endloop
  endfacet
  facet normal -0.524158 -0.475227 -0.706695
    outer loop
      vertex -72.1342 115.366 -5.01
      vertex -71.8205 115.02 -5.01
      vertex -73.909 113.591 -2.5
    endloop
  endfacet
  facet normal -0.686262 -0.172207 -0.706675
    outer loop
      vertex -70.8315 112.929 -5.01
      vertex -73.2932 112.439 -2.5
      vertex -73.3469 112.653 -2.5
    endloop
  endfacet
  facet normal -0 -0.708806 -0.705404
    outer loop
      vertex -75.9647 116.727 -5
      vertex -75.7205 114.239 -2.5
      vertex -75.9656 116.727 -5
    endloop
  endfacet
  facet normal 0.035252 -0.706642 -0.706693
    outer loop
      vertex -75.7205 114.239 -2.5
      vertex -75.9647 116.727 -5
      vertex -75.5 114.25 -2.5
    endloop
  endfacet
  facet normal -0.639867 -0.302017 -0.706651
    outer loop
      vertex -71.3021 114.244 -5.01
      vertex -73.4213 112.861 -2.5
      vertex -73.5157 113.061 -2.5
    endloop
  endfacet
  facet normal -0.035252 -0.706642 -0.706693
    outer loop
      vertex -75.0353 116.727 -5
      vertex -75.2795 114.239 -2.5
      vertex -75.5 114.25 -2.5
    endloop
  endfacet
  facet normal 0 -0.708806 -0.705404
    outer loop
      vertex -75.2795 114.239 -2.5
      vertex -75.0353 116.727 -5
      vertex -75.0344 116.727 -5
    endloop
  endfacet
  facet normal 0.706696 -0.0345354 -0.706674
    outer loop
      vertex -80.2272 112.465 -5
      vertex -77.7392 112.221 -2.5
      vertex -77.75 112 -2.5
    endloop
  endfacet
  facet normal 0.703607 -0.0703607 -0.707097
    outer loop
      vertex -77.7392 112.221 -2.5
      vertex -80.2272 112.465 -5
      vertex -80.2271 112.466 -5
    endloop
  endfacet
  facet normal 0.172956 -0.686059 -0.706689
    outer loop
      vertex -76.4275 116.659 -5
      vertex -75.9389 114.207 -2.5
      vertex -76.1531 114.153 -2.5
    endloop
  endfacet
  facet normal 0 -0.713927 -0.70022
    outer loop
      vertex -75.9389 114.207 -2.5
      vertex -76.4275 116.659 -5
      vertex -76.4267 116.659 -5
    endloop
  endfacet
  facet normal 0.301379 0.640201 -0.706621
    outer loop
      vertex -76.361 109.921 -2.5
      vertex -77.3177 107.612 -5
      vertex -77.7383 107.81 -5
    endloop
  endfacet
  facet normal 0.666169 -0.238284 -0.70671
    outer loop
      vertex -77.6531 112.653 -2.5
      vertex -80.0452 113.38 -5
      vertex -77.5787 112.861 -2.5
    endloop
  endfacet
  facet normal 0.677269 -0.203181 -0.707123
    outer loop
      vertex -80.0452 113.38 -5
      vertex -77.6531 112.653 -2.5
      vertex -80.0455 113.379 -5
    endloop
  endfacet
  facet normal 0.686301 -0.171956 -0.706698
    outer loop
      vertex -80.0455 113.379 -5
      vertex -77.6531 112.653 -2.5
      vertex -80.1585 112.928 -5
    endloop
  endfacet
  facet normal -0.237244 0.666526 -0.706723
    outer loop
      vertex -74.639 109.921 -2.5
      vertex -74.1182 107.445 -5.01
      vertex -74.8469 109.847 -2.5
    endloop
  endfacet
  facet normal -0.362529 -0.607637 -0.706647
    outer loop
      vertex -72.8555 115.958 -5.01
      vertex -74.25 113.871 -2.5
      vertex -74.4394 113.984 -2.5
    endloop
  endfacet
  facet normal -0.422381 -0.567655 -0.706656
    outer loop
      vertex -72.8555 115.958 -5.01
      vertex -74.0726 113.739 -2.5
      vertex -74.25 113.871 -2.5
    endloop
  endfacet
  facet normal 0.699891 0.103766 -0.706672
    outer loop
      vertex -77.7392 111.779 -2.5
      vertex -80.1589 111.074 -5
      vertex -80.2271 111.534 -5
    endloop
  endfacet
  facet normal 0.363492 0.606986 -0.706712
    outer loop
      vertex -76.5606 110.016 -2.5
      vertex -77.7391 107.811 -5
      vertex -78.1382 108.05 -5
    endloop
  endfacet
  facet normal 0 0.722541 -0.691328
    outer loop
      vertex -76.8797 107.455 -5
      vertex -76.1531 109.847 -2.5
      vertex -76.8789 107.455 -5
    endloop
  endfacet
  facet normal 0.23725 0.666545 -0.706704
    outer loop
      vertex -76.1531 109.847 -2.5
      vertex -76.8797 107.455 -5
      vertex -76.361 109.921 -2.5
    endloop
  endfacet
  facet normal 0.362537 0.60765 -0.706632
    outer loop
      vertex -78.1382 108.05 -5
      vertex -76.75 110.129 -2.5
      vertex -76.5606 110.016 -2.5
    endloop
  endfacet
  facet normal 0.565254 0.452204 -0.689927
    outer loop
      vertex -76.75 110.129 -2.5
      vertex -78.1382 108.05 -5
      vertex -78.139 108.051 -5
    endloop
  endfacet
  facet normal 0.102579 -0.700101 -0.706637
    outer loop
      vertex -75.9389 114.207 -2.5
      vertex -76.4258 116.659 -5
      vertex -75.7205 114.239 -2.5
    endloop
  endfacet
  facet normal -0 -0.713927 -0.70022
    outer loop
      vertex -76.4258 116.659 -5
      vertex -75.9389 114.207 -2.5
      vertex -76.4267 116.659 -5
    endloop
  endfacet
  facet normal 0 -0.713927 -0.70022
    outer loop
      vertex -75.0611 114.207 -2.5
      vertex -74.5742 116.659 -5
      vertex -74.5733 116.659 -5
    endloop
  endfacet
  facet normal -0.102579 -0.700101 -0.706637
    outer loop
      vertex -74.5742 116.659 -5
      vertex -75.0611 114.207 -2.5
      vertex -75.2795 114.239 -2.5
    endloop
  endfacet
  facet normal 0.524752 -0.474517 -0.706731
    outer loop
      vertex -77.2393 113.427 -2.5
      vertex -79.1712 115.014 -5
      vertex -77.091 113.591 -2.5
    endloop
  endfacet
  facet normal 0.60961 -0.365766 -0.703271
    outer loop
      vertex -79.1712 115.014 -5
      vertex -77.2393 113.427 -2.5
      vertex -79.1718 115.013 -5
    endloop
  endfacet
  facet normal 0.693377 0.138675 -0.707105
    outer loop
      vertex -80.1589 111.074 -5
      vertex -77.7068 111.561 -2.5
      vertex -80.1587 111.073 -5
    endloop
  endfacet
  facet normal 0.699837 0.104012 -0.706689
    outer loop
      vertex -77.7068 111.561 -2.5
      vertex -80.1589 111.074 -5
      vertex -77.7392 111.779 -2.5
    endloop
  endfacet
  facet normal -0.475396 -0.523995 -0.706702
    outer loop
      vertex -72.4803 115.68 -5.01
      vertex -72.1342 115.366 -5.01
      vertex -73.909 113.591 -2.5
    endloop
  endfacet
  facet normal -0.475396 0.523995 -0.706702
    outer loop
      vertex -72.1342 108.634 -5.01
      vertex -72.4803 108.32 -5.01
      vertex -73.909 110.409 -2.5
    endloop
  endfacet
  facet normal -0.302838 -0.639443 -0.706683
    outer loop
      vertex -73.6784 116.398 -5.01
      vertex -73.2561 116.198 -5.01
      vertex -74.639 114.079 -2.5
    endloop
  endfacet
  facet normal 0.173249 0.686006 -0.706668
    outer loop
      vertex -76.1531 109.847 -2.5
      vertex -76.4275 107.341 -5
      vertex -76.8789 107.455 -5
    endloop
  endfacet
  facet normal 0.663676 0.26547 -0.699328
    outer loop
      vertex -79.4499 109.362 -5
      vertex -77.3708 110.75 -2.5
      vertex -79.4495 109.361 -5
    endloop
  endfacet
  facet normal 0.606564 0.364259 -0.706679
    outer loop
      vertex -77.3708 110.75 -2.5
      vertex -79.4499 109.362 -5
      vertex -77.4843 110.939 -2.5
    endloop
  endfacet
  facet normal 0.686301 0.171956 -0.706698
    outer loop
      vertex -77.6531 111.347 -2.5
      vertex -80.0455 110.621 -5
      vertex -80.1585 111.072 -5
    endloop
  endfacet
  facet normal 0.639444 -0.302822 -0.70669
    outer loop
      vertex -79.6895 114.238 -5
      vertex -77.5787 112.861 -2.5
      vertex -79.8884 113.818 -5
    endloop
  endfacet
  facet normal 0.30406 -0.638846 -0.706699
    outer loop
      vertex -76.5606 113.984 -2.5
      vertex -77.7383 116.189 -5
      vertex -76.361 114.079 -2.5
    endloop
  endfacet
  facet normal -0 -0.749969 -0.661473
    outer loop
      vertex -77.7383 116.189 -5
      vertex -76.5606 113.984 -2.5
      vertex -77.7391 116.189 -5
    endloop
  endfacet
  facet normal 0.103421 0.699917 -0.706697
    outer loop
      vertex -75.7205 109.761 -2.5
      vertex -75.9656 107.273 -5
      vertex -76.4258 107.341 -5
    endloop
  endfacet
  facet normal -0.237244 -0.666526 -0.706723
    outer loop
      vertex -74.1182 116.555 -5.01
      vertex -74.639 114.079 -2.5
      vertex -74.8469 114.153 -2.5
    endloop
  endfacet
  facet normal 0.304005 0.638731 -0.706827
    outer loop
      vertex -77.7383 107.81 -5
      vertex -76.5606 110.016 -2.5
      vertex -76.361 109.921 -2.5
    endloop
  endfacet
  facet normal 0.574928 0.459943 -0.676691
    outer loop
      vertex -76.5606 110.016 -2.5
      vertex -77.7383 107.81 -5
      vertex -77.7391 107.811 -5
    endloop
  endfacet
  facet normal -0.0352529 0.706661 -0.706674
    outer loop
      vertex -75.4991 107.25 -5
      vertex -75.5 109.75 -2.5
      vertex -75.2795 109.761 -2.5
    endloop
  endfacet
  facet normal 0 0.707107 -0.707107
    outer loop
      vertex -75.5 109.75 -2.5
      vertex -75.4991 107.25 -5
      vertex -75.5 107.25 -5
    endloop
  endfacet
  facet normal 0.422389 -0.567666 -0.706642
    outer loop
      vertex -78.1397 115.949 -5
      vertex -76.75 113.871 -2.5
      vertex -76.9274 113.739 -2.5
    endloop
  endfacet
  facet normal 0 -0.769028 -0.639216
    outer loop
      vertex -76.75 113.871 -2.5
      vertex -78.1397 115.949 -5
      vertex -78.139 115.949 -5
    endloop
  endfacet
  facet normal 0.421295 -0.568368 -0.706731
    outer loop
      vertex -78.1397 115.949 -5
      vertex -76.9274 113.739 -2.5
      vertex -78.5134 115.672 -5
    endloop
  endfacet
  facet normal 0.567928 0.421935 -0.706703
    outer loop
      vertex -79.449 109.36 -5
      vertex -77.3708 110.75 -2.5
      vertex -77.2393 110.573 -2.5
    endloop
  endfacet
  facet normal 0.634936 0.317468 -0.704322
    outer loop
      vertex -77.3708 110.75 -2.5
      vertex -79.449 109.36 -5
      vertex -79.4495 109.361 -5
    endloop
  endfacet
  facet normal 0.639888 -0.302027 -0.706627
    outer loop
      vertex -79.6895 114.238 -5
      vertex -77.4843 113.061 -2.5
      vertex -77.5787 112.861 -2.5
    endloop
  endfacet
  facet normal 0.658557 -0.263423 -0.704919
    outer loop
      vertex -77.4843 113.061 -2.5
      vertex -79.6895 114.238 -5
      vertex -79.6891 114.239 -5
    endloop
  endfacet
  facet normal 0.302637 -0.639644 -0.706588
    outer loop
      vertex -77.3177 116.388 -5
      vertex -76.361 114.079 -2.5
      vertex -77.7383 116.189 -5
    endloop
  endfacet
  facet normal 0.524453 -0.474896 -0.706698
    outer loop
      vertex -78.8588 115.359 -5
      vertex -77.091 113.591 -2.5
      vertex -79.1712 115.014 -5
    endloop
  endfacet
  facet normal 0.567928 -0.421935 -0.706703
    outer loop
      vertex -77.3708 113.25 -2.5
      vertex -79.449 114.64 -5
      vertex -77.2393 113.427 -2.5
    endloop
  endfacet
  facet normal 0.634936 -0.317468 -0.704322
    outer loop
      vertex -79.449 114.64 -5
      vertex -77.3708 113.25 -2.5
      vertex -79.4495 114.639 -5
    endloop
  endfacet
  facet normal 0.567872 -0.422022 -0.706696
    outer loop
      vertex -79.1718 115.013 -5
      vertex -77.2393 113.427 -2.5
      vertex -79.449 114.64 -5
    endloop
  endfacet
  facet normal 0.706682 0.0346502 -0.706682
    outer loop
      vertex -77.75 112 -2.5
      vertex -80.2272 111.535 -5
      vertex -80.25 112 -5
    endloop
  endfacet
  facet normal 0.362537 -0.60765 -0.706632
    outer loop
      vertex -76.75 113.871 -2.5
      vertex -78.1382 115.95 -5
      vertex -76.5606 113.984 -2.5
    endloop
  endfacet
  facet normal 0.565254 -0.452204 -0.689927
    outer loop
      vertex -78.1382 115.95 -5
      vertex -76.75 113.871 -2.5
      vertex -78.139 115.949 -5
    endloop
  endfacet
  facet normal 0.706682 -0.0346502 -0.706682
    outer loop
      vertex -80.2272 112.465 -5
      vertex -77.75 112 -2.5
      vertex -80.25 112 -5
    endloop
  endfacet
  facet normal 0.23725 -0.666545 -0.706704
    outer loop
      vertex -76.8797 116.545 -5
      vertex -76.1531 114.153 -2.5
      vertex -76.361 114.079 -2.5
    endloop
  endfacet
  facet normal 0 -0.722541 -0.691328
    outer loop
      vertex -76.1531 114.153 -2.5
      vertex -76.8797 116.545 -5
      vertex -76.8789 116.545 -5
    endloop
  endfacet
  facet normal 0.238768 -0.666116 -0.706597
    outer loop
      vertex -76.8797 116.545 -5
      vertex -76.361 114.079 -2.5
      vertex -77.3177 116.388 -5
    endloop
  endfacet
  facet normal 0.336939 0.941527 -0
    outer loop
      vertex 74.8469 27.8469 -2.5
      vertex 74.639 27.9213 0
      vertex 74.8469 27.8469 0
    endloop
  endfacet
  facet normal 0.336939 0.941527 0
    outer loop
      vertex 74.639 27.9213 0
      vertex 74.8469 27.8469 -2.5
      vertex 74.639 27.9213 -2.5
    endloop
  endfacet
  facet normal -0.989184 -0.14668 0
    outer loop
      vertex 77.7392 30.2205 -2.5
      vertex 77.7068 30.439 0
      vertex 77.7068 30.439 -2.5
    endloop
  endfacet
  facet normal -0.989184 -0.14668 0
    outer loop
      vertex 77.7068 30.439 0
      vertex 77.7392 30.2205 -2.5
      vertex 77.7392 30.2205 0
    endloop
  endfacet
  facet normal -0.998803 -0.0489209 0
    outer loop
      vertex 77.75 30 -2.5
      vertex 77.7392 30.2205 0
      vertex 77.7392 30.2205 -2.5
    endloop
  endfacet
  facet normal -0.998803 -0.0489209 0
    outer loop
      vertex 77.7392 30.2205 0
      vertex 77.75 30 -2.5
      vertex 77.75 30 0
    endloop
  endfacet
  facet normal -0.969956 -0.243282 0
    outer loop
      vertex 77.7068 30.439 -2.5
      vertex 77.6531 30.6531 0
      vertex 77.6531 30.6531 -2.5
    endloop
  endfacet
  facet normal -0.969956 -0.243282 0
    outer loop
      vertex 77.6531 30.6531 0
      vertex 77.7068 30.439 -2.5
      vertex 77.7068 30.439 0
    endloop
  endfacet
  facet normal 0.989184 -0.14668 0
    outer loop
      vertex 73.2608 30.2205 0
      vertex 73.2932 30.439 -2.5
      vertex 73.2932 30.439 0
    endloop
  endfacet
  facet normal 0.989184 -0.14668 0
    outer loop
      vertex 73.2932 30.439 -2.5
      vertex 73.2608 30.2205 0
      vertex 73.2608 30.2205 -2.5
    endloop
  endfacet
  facet normal 0.989184 -0.14668 0
    outer loop
      vertex 73.2608 30.2205 -5.01
      vertex 73.2932 30.439 -5.80451
      vertex 73.2932 30.439 -5.01
    endloop
  endfacet
  facet normal 0.989184 -0.14668 0
    outer loop
      vertex 73.2932 30.439 -5.80451
      vertex 73.2608 30.2205 -5.01
      vertex 73.2608 30.2205 -5.82611
    endloop
  endfacet
  facet normal 0.243175 0.969982 -0
    outer loop
      vertex 75.0611 27.7932 -2.5
      vertex 74.8469 27.8469 0
      vertex 75.0611 27.7932 0
    endloop
  endfacet
  facet normal 0.243175 0.969982 0
    outer loop
      vertex 74.8469 27.8469 0
      vertex 75.0611 27.7932 -2.5
      vertex 74.8469 27.8469 -2.5
    endloop
  endfacet
  facet normal -0.336939 -0.941527 0
    outer loop
      vertex 76.1531 32.1531 -2.5
      vertex 76.361 32.0787 0
      vertex 76.1531 32.1531 0
    endloop
  endfacet
  facet normal -0.336939 -0.941527 -0
    outer loop
      vertex 76.361 32.0787 0
      vertex 76.1531 32.1531 -2.5
      vertex 76.361 32.0787 -2.5
    endloop
  endfacet
  facet normal 0.514029 -0.857773 0
    outer loop
      vertex 74.25 31.8708 -2.5
      vertex 74.4394 31.9843 0
      vertex 74.25 31.8708 0
    endloop
  endfacet
  facet normal 0.514029 -0.857773 0
    outer loop
      vertex 74.4394 31.9843 0
      vertex 74.25 31.8708 -2.5
      vertex 74.4394 31.9843 -2.5
    endloop
  endfacet
  facet normal 0.514029 -0.857773 0
    outer loop
      vertex 74.25 31.8708 -5.01
      vertex 74.4394 31.9843 -5.04043
      vertex 74.4394 31.9843 -5.01
    endloop
  endfacet
  facet normal 0.514029 -0.857773 0
    outer loop
      vertex 74.4394 31.9843 -5.04043
      vertex 74.25 31.8708 -5.01
      vertex 74.25 31.8708 -5.16669
    endloop
  endfacet
  facet normal 0.903996 0.427541 0
    outer loop
      vertex 73.5157 28.9394 0
      vertex 73.4213 29.139 -2.5
      vertex 73.4213 29.139 0
    endloop
  endfacet
  facet normal 0.903996 0.427541 0
    outer loop
      vertex 73.4213 29.139 -2.5
      vertex 73.5157 28.9394 0
      vertex 73.5157 28.9394 -2.5
    endloop
  endfacet
  facet normal 0.903996 0.427541 -0
    outer loop
      vertex 73.5157 28.9394 -5.65622
      vertex 73.4213 29.139 -5.01
      vertex 73.5157 28.9394 -5.01
    endloop
  endfacet
  facet normal 0.903996 0.427541 0
    outer loop
      vertex 73.4213 29.139 -5.01
      vertex 73.5157 28.9394 -5.65622
      vertex 73.4213 29.139 -5.71915
    endloop
  endfacet
  facet normal 0.243175 -0.969982 0
    outer loop
      vertex 74.8469 32.1531 -2.5
      vertex 75.0611 32.2068 0
      vertex 74.8469 32.1531 0
    endloop
  endfacet
  facet normal 0.243175 -0.969982 0
    outer loop
      vertex 75.0611 32.2068 0
      vertex 74.8469 32.1531 -2.5
      vertex 75.0611 32.2068 -2.5
    endloop
  endfacet
  facet normal 0.857773 0.514029 0
    outer loop
      vertex 73.6292 28.75 0
      vertex 73.5157 28.9394 -2.5
      vertex 73.5157 28.9394 0
    endloop
  endfacet
  facet normal 0.857773 0.514029 0
    outer loop
      vertex 73.5157 28.9394 -2.5
      vertex 73.6292 28.75 0
      vertex 73.6292 28.75 -2.5
    endloop
  endfacet
  facet normal 0.857773 0.514029 -0
    outer loop
      vertex 73.6292 28.75 -5.58054
      vertex 73.5157 28.9394 -5.01
      vertex 73.6292 28.75 -5.01
    endloop
  endfacet
  facet normal 0.857773 0.514029 0
    outer loop
      vertex 73.5157 28.9394 -5.01
      vertex 73.6292 28.75 -5.58054
      vertex 73.5157 28.9394 -5.65622
    endloop
  endfacet
  facet normal -0.243175 0.969982 0
    outer loop
      vertex 76.1531 27.8469 -2.5
      vertex 75.9389 27.7932 0
      vertex 76.1531 27.8469 0
    endloop
  endfacet
  facet normal -0.243175 0.969982 0
    outer loop
      vertex 75.9389 27.7932 0
      vertex 76.1531 27.8469 -2.5
      vertex 75.9389 27.7932 -2.5
    endloop
  endfacet
  facet normal 0.595498 0.803357 -0
    outer loop
      vertex 74.25 28.1292 -2.5
      vertex 74.0726 28.2607 0
      vertex 74.25 28.1292 0
    endloop
  endfacet
  facet normal 0.595498 0.803357 0
    outer loop
      vertex 74.0726 28.2607 0
      vertex 74.25 28.1292 -2.5
      vertex 74.0726 28.2607 -2.5
    endloop
  endfacet
  facet normal 0.595498 0.803357 -0
    outer loop
      vertex 74.25 28.1292 -5.16669
      vertex 74.0726 28.2607 -5.01
      vertex 74.25 28.1292 -5.01
    endloop
  endfacet
  facet normal 0.595498 0.803357 0
    outer loop
      vertex 74.0726 28.2607 -5.01
      vertex 74.25 28.1292 -5.16669
      vertex 74.0726 28.2607 -5.28492
    endloop
  endfacet
  facet normal -0.514029 0.857773 0
    outer loop
      vertex 76.75 28.1292 -2.5
      vertex 76.5606 28.0157 0
      vertex 76.75 28.1292 0
    endloop
  endfacet
  facet normal -0.514029 0.857773 0
    outer loop
      vertex 76.5606 28.0157 0
      vertex 76.75 28.1292 -2.5
      vertex 76.5606 28.0157 -2.5
    endloop
  endfacet
  facet normal -0.803357 0.595498 0
    outer loop
      vertex 77.2393 28.5726 -2.5
      vertex 77.3708 28.75 0
      vertex 77.3708 28.75 -2.5
    endloop
  endfacet
  facet normal -0.803357 0.595498 0
    outer loop
      vertex 77.3708 28.75 0
      vertex 77.2393 28.5726 -2.5
      vertex 77.2393 28.5726 0
    endloop
  endfacet
  facet normal -0.146746 -0.989174 0
    outer loop
      vertex 75.7205 32.2392 -2.5
      vertex 75.9389 32.2068 0
      vertex 75.7205 32.2392 0
    endloop
  endfacet
  facet normal -0.146746 -0.989174 -0
    outer loop
      vertex 75.9389 32.2068 0
      vertex 75.7205 32.2392 -2.5
      vertex 75.9389 32.2068 -2.5
    endloop
  endfacet
  facet normal 0.595498 -0.803357 0
    outer loop
      vertex 74.0726 31.7393 -2.5
      vertex 74.25 31.8708 0
      vertex 74.0726 31.7393 0
    endloop
  endfacet
  facet normal 0.595498 -0.803357 0
    outer loop
      vertex 74.25 31.8708 0
      vertex 74.0726 31.7393 -2.5
      vertex 74.25 31.8708 -2.5
    endloop
  endfacet
  facet normal 0.595498 -0.803357 0
    outer loop
      vertex 74.0726 31.7393 -5.01
      vertex 74.25 31.8708 -5.16669
      vertex 74.25 31.8708 -5.01
    endloop
  endfacet
  facet normal 0.595498 -0.803357 0
    outer loop
      vertex 74.25 31.8708 -5.16669
      vertex 74.0726 31.7393 -5.01
      vertex 74.0726 31.7393 -5.28492
    endloop
  endfacet
  facet normal 0.803357 -0.595498 0
    outer loop
      vertex 73.6292 31.25 0
      vertex 73.7607 31.4274 -2.5
      vertex 73.7607 31.4274 0
    endloop
  endfacet
  facet normal 0.803357 -0.595498 0
    outer loop
      vertex 73.7607 31.4274 -2.5
      vertex 73.6292 31.25 0
      vertex 73.6292 31.25 -2.5
    endloop
  endfacet
  facet normal 0.803357 -0.595498 0
    outer loop
      vertex 73.6292 31.25 -5.01
      vertex 73.7607 31.4274 -5.49285
      vertex 73.7607 31.4274 -5.01
    endloop
  endfacet
  facet normal 0.803357 -0.595498 0
    outer loop
      vertex 73.7607 31.4274 -5.49285
      vertex 73.6292 31.25 -5.01
      vertex 73.6292 31.25 -5.58054
    endloop
  endfacet
  facet normal -0.989184 0.14668 0
    outer loop
      vertex 77.7068 29.561 -2.5
      vertex 77.7392 29.7795 0
      vertex 77.7392 29.7795 -2.5
    endloop
  endfacet
  facet normal -0.989184 0.14668 0
    outer loop
      vertex 77.7392 29.7795 0
      vertex 77.7068 29.561 -2.5
      vertex 77.7068 29.561 0
    endloop
  endfacet
  facet normal 0.941527 -0.336939 0
    outer loop
      vertex 73.3469 30.6531 0
      vertex 73.4213 30.861 -2.5
      vertex 73.4213 30.861 0
    endloop
  endfacet
  facet normal 0.941527 -0.336939 0
    outer loop
      vertex 73.4213 30.861 -2.5
      vertex 73.3469 30.6531 0
      vertex 73.3469 30.6531 -2.5
    endloop
  endfacet
  facet normal 0.941527 -0.336939 0
    outer loop
      vertex 73.3469 30.6531 -5.01
      vertex 73.4213 30.861 -5.71915
      vertex 73.4213 30.861 -5.01
    endloop
  endfacet
  facet normal 0.941527 -0.336939 0
    outer loop
      vertex 73.4213 30.861 -5.71915
      vertex 73.3469 30.6531 -5.01
      vertex 73.3469 30.6531 -5.76874
    endloop
  endfacet
  facet normal -0.427541 -0.903996 0
    outer loop
      vertex 76.361 32.0787 -2.5
      vertex 76.5606 31.9843 0
      vertex 76.361 32.0787 0
    endloop
  endfacet
  facet normal -0.427541 -0.903996 -0
    outer loop
      vertex 76.5606 31.9843 0
      vertex 76.361 32.0787 -2.5
      vertex 76.5606 31.9843 -2.5
    endloop
  endfacet
  facet normal 0.941527 0.336939 0
    outer loop
      vertex 73.4213 29.139 0
      vertex 73.3469 29.3469 -2.5
      vertex 73.3469 29.3469 0
    endloop
  endfacet
  facet normal 0.941527 0.336939 0
    outer loop
      vertex 73.3469 29.3469 -2.5
      vertex 73.4213 29.139 0
      vertex 73.4213 29.139 -2.5
    endloop
  endfacet
  facet normal 0.941527 0.336939 -0
    outer loop
      vertex 73.4213 29.139 -5.71915
      vertex 73.3469 29.3469 -5.01
      vertex 73.4213 29.139 -5.01
    endloop
  endfacet
  facet normal 0.941527 0.336939 0
    outer loop
      vertex 73.3469 29.3469 -5.01
      vertex 73.4213 29.139 -5.71915
      vertex 73.3469 29.3469 -5.76874
    endloop
  endfacet
  facet normal -0.969956 0.243282 0
    outer loop
      vertex 77.6531 29.3469 -2.5
      vertex 77.7068 29.561 0
      vertex 77.7068 29.561 -2.5
    endloop
  endfacet
  facet normal -0.969956 0.243282 0
    outer loop
      vertex 77.7068 29.561 0
      vertex 77.6531 29.3469 -2.5
      vertex 77.6531 29.3469 0
    endloop
  endfacet
  facet normal 0.0489209 -0.998803 0
    outer loop
      vertex 75.2795 32.2392 -2.5
      vertex 75.5 32.25 0
      vertex 75.2795 32.2392 0
    endloop
  endfacet
  facet normal 0.0489209 -0.998803 0
    outer loop
      vertex 75.5 32.25 0
      vertex 75.2795 32.2392 -2.5
      vertex 75.5 32.25 -2.5
    endloop
  endfacet
  facet normal -0.671613 -0.740902 0
    outer loop
      vertex 76.9274 31.7393 -2.5
      vertex 77.091 31.591 0
      vertex 76.9274 31.7393 0
    endloop
  endfacet
  facet normal -0.671613 -0.740902 -0
    outer loop
      vertex 77.091 31.591 0
      vertex 76.9274 31.7393 -2.5
      vertex 77.091 31.591 -2.5
    endloop
  endfacet
  facet normal 0.427541 -0.903996 0
    outer loop
      vertex 74.4394 31.9843 -2.5
      vertex 74.639 32.0787 0
      vertex 74.4394 31.9843 0
    endloop
  endfacet
  facet normal 0.427541 -0.903996 0
    outer loop
      vertex 74.639 32.0787 0
      vertex 74.4394 31.9843 -2.5
      vertex 74.639 32.0787 -2.5
    endloop
  endfacet
  facet normal 0.428086 -0.903738 0
    outer loop
      vertex 74.485 32.0059 -5.01
      vertex 74.4394 31.9843 -5.01
      vertex 74.4394 31.9843 -5.04043
    endloop
  endfacet
  facet normal 0.671613 -0.740902 0
    outer loop
      vertex 73.909 31.591 -2.5
      vertex 74.0726 31.7393 0
      vertex 73.909 31.591 0
    endloop
  endfacet
  facet normal 0.671613 -0.740902 0
    outer loop
      vertex 74.0726 31.7393 0
      vertex 73.909 31.591 -2.5
      vertex 74.0726 31.7393 -2.5
    endloop
  endfacet
  facet normal 0.671613 -0.740902 0
    outer loop
      vertex 73.909 31.591 -5.01
      vertex 74.0726 31.7393 -5.28492
      vertex 74.0726 31.7393 -5.01
    endloop
  endfacet
  facet normal 0.671613 -0.740902 0
    outer loop
      vertex 74.0726 31.7393 -5.28492
      vertex 73.909 31.591 -5.01
      vertex 73.909 31.591 -5.39399
    endloop
  endfacet
  facet normal -0.336939 0.941527 0
    outer loop
      vertex 76.361 27.9213 -2.5
      vertex 76.1531 27.8469 0
      vertex 76.361 27.9213 0
    endloop
  endfacet
  facet normal -0.336939 0.941527 0
    outer loop
      vertex 76.1531 27.8469 0
      vertex 76.361 27.9213 -2.5
      vertex 76.1531 27.8469 -2.5
    endloop
  endfacet
  facet normal 0.336939 -0.941527 0
    outer loop
      vertex 74.639 32.0787 -2.5
      vertex 74.8469 32.1531 0
      vertex 74.639 32.0787 0
    endloop
  endfacet
  facet normal 0.336939 -0.941527 0
    outer loop
      vertex 74.8469 32.1531 0
      vertex 74.639 32.0787 -2.5
      vertex 74.8469 32.1531 -2.5
    endloop
  endfacet
  facet normal -0.803357 -0.595498 0
    outer loop
      vertex 77.3708 31.25 -2.5
      vertex 77.2393 31.4274 0
      vertex 77.2393 31.4274 -2.5
    endloop
  endfacet
  facet normal -0.803357 -0.595498 0
    outer loop
      vertex 77.2393 31.4274 0
      vertex 77.3708 31.25 -2.5
      vertex 77.3708 31.25 0
    endloop
  endfacet
  facet normal 0.857773 -0.514029 0
    outer loop
      vertex 73.5157 31.0606 0
      vertex 73.6292 31.25 -2.5
      vertex 73.6292 31.25 0
    endloop
  endfacet
  facet normal 0.857773 -0.514029 0
    outer loop
      vertex 73.6292 31.25 -2.5
      vertex 73.5157 31.0606 0
      vertex 73.5157 31.0606 -2.5
    endloop
  endfacet
  facet normal 0.857773 -0.514029 0
    outer loop
      vertex 73.5157 31.0606 -5.01
      vertex 73.6292 31.25 -5.58054
      vertex 73.6292 31.25 -5.01
    endloop
  endfacet
  facet normal 0.857773 -0.514029 0
    outer loop
      vertex 73.6292 31.25 -5.58054
      vertex 73.5157 31.0606 -5.01
      vertex 73.5157 31.0606 -5.65622
    endloop
  endfacet
  facet normal -0.998803 0.0489209 0
    outer loop
      vertex 77.7392 29.7795 -2.5
      vertex 77.75 30 0
      vertex 77.75 30 -2.5
    endloop
  endfacet
  facet normal -0.998803 0.0489209 0
    outer loop
      vertex 77.75 30 0
      vertex 77.7392 29.7795 -2.5
      vertex 77.7392 29.7795 0
    endloop
  endfacet
  facet normal -0.903996 0.427541 0
    outer loop
      vertex 77.4843 28.9394 -2.5
      vertex 77.5787 29.139 0
      vertex 77.5787 29.139 -2.5
    endloop
  endfacet
  facet normal -0.903996 0.427541 0
    outer loop
      vertex 77.5787 29.139 0
      vertex 77.4843 28.9394 -2.5
      vertex 77.4843 28.9394 0
    endloop
  endfacet
  facet normal -0.857773 -0.514029 0
    outer loop
      vertex 77.4843 31.0606 -2.5
      vertex 77.3708 31.25 0
      vertex 77.3708 31.25 -2.5
    endloop
  endfacet
  facet normal -0.857773 -0.514029 0
    outer loop
      vertex 77.3708 31.25 0
      vertex 77.4843 31.0606 -2.5
      vertex 77.4843 31.0606 0
    endloop
  endfacet
  facet normal 0.671613 0.740902 -0
    outer loop
      vertex 74.0726 28.2607 -2.5
      vertex 73.909 28.409 0
      vertex 74.0726 28.2607 0
    endloop
  endfacet
  facet normal 0.671613 0.740902 0
    outer loop
      vertex 73.909 28.409 0
      vertex 74.0726 28.2607 -2.5
      vertex 73.909 28.409 -2.5
    endloop
  endfacet
  facet normal 0.671613 0.740902 -0
    outer loop
      vertex 74.0726 28.2607 -5.28492
      vertex 73.909 28.409 -5.01
      vertex 74.0726 28.2607 -5.01
    endloop
  endfacet
  facet normal 0.671613 0.740902 0
    outer loop
      vertex 73.909 28.409 -5.01
      vertex 74.0726 28.2607 -5.28492
      vertex 73.909 28.409 -5.39399
    endloop
  endfacet
  facet normal -0.595498 -0.803357 0
    outer loop
      vertex 76.75 31.8708 -2.5
      vertex 76.9274 31.7393 0
      vertex 76.75 31.8708 0
    endloop
  endfacet
  facet normal -0.595498 -0.803357 -0
    outer loop
      vertex 76.9274 31.7393 0
      vertex 76.75 31.8708 -2.5
      vertex 76.9274 31.7393 -2.5
    endloop
  endfacet
  facet normal 0.514029 0.857773 -0
    outer loop
      vertex 74.4394 28.0157 -2.5
      vertex 74.25 28.1292 0
      vertex 74.4394 28.0157 0
    endloop
  endfacet
  facet normal 0.514029 0.857773 0
    outer loop
      vertex 74.25 28.1292 0
      vertex 74.4394 28.0157 -2.5
      vertex 74.25 28.1292 -2.5
    endloop
  endfacet
  facet normal 0.514029 0.857773 -0
    outer loop
      vertex 74.4394 28.0157 -5.04043
      vertex 74.25 28.1292 -5.01
      vertex 74.4394 28.0157 -5.01
    endloop
  endfacet
  facet normal 0.514029 0.857773 0
    outer loop
      vertex 74.25 28.1292 -5.01
      vertex 74.4394 28.0157 -5.04043
      vertex 74.25 28.1292 -5.16669
    endloop
  endfacet
  facet normal -0.514029 -0.857773 0
    outer loop
      vertex 76.5606 31.9843 -2.5
      vertex 76.75 31.8708 0
      vertex 76.5606 31.9843 0
    endloop
  endfacet
  facet normal -0.514029 -0.857773 -0
    outer loop
      vertex 76.75 31.8708 0
      vertex 76.5606 31.9843 -2.5
      vertex 76.75 31.8708 -2.5
    endloop
  endfacet
  facet normal -0.146746 0.989174 0
    outer loop
      vertex 75.9389 27.7932 -2.5
      vertex 75.7205 27.7608 0
      vertex 75.9389 27.7932 0
    endloop
  endfacet
  facet normal -0.146746 0.989174 0
    outer loop
      vertex 75.7205 27.7608 0
      vertex 75.9389 27.7932 -2.5
      vertex 75.7205 27.7608 -2.5
    endloop
  endfacet
  facet normal -0.941527 -0.336939 0
    outer loop
      vertex 77.6531 30.6531 -2.5
      vertex 77.5787 30.861 0
      vertex 77.5787 30.861 -2.5
    endloop
  endfacet
  facet normal -0.941527 -0.336939 0
    outer loop
      vertex 77.5787 30.861 0
      vertex 77.6531 30.6531 -2.5
      vertex 77.6531 30.6531 0
    endloop
  endfacet
  facet normal -0.857773 0.514029 0
    outer loop
      vertex 77.3708 28.75 -2.5
      vertex 77.4843 28.9394 0
      vertex 77.4843 28.9394 -2.5
    endloop
  endfacet
  facet normal -0.857773 0.514029 0
    outer loop
      vertex 77.4843 28.9394 0
      vertex 77.3708 28.75 -2.5
      vertex 77.3708 28.75 0
    endloop
  endfacet
  facet normal 0.998803 0.0489209 0
    outer loop
      vertex 73.2608 29.7795 0
      vertex 73.25 30 -2.5
      vertex 73.25 30 0
    endloop
  endfacet
  facet normal 0.998803 0.0489209 0
    outer loop
      vertex 73.25 30 -2.5
      vertex 73.2608 29.7795 0
      vertex 73.2608 29.7795 -2.5
    endloop
  endfacet
  facet normal 0.998803 0.0489209 -0
    outer loop
      vertex 73.2608 29.7795 -5.82611
      vertex 73.25 30 -5.01
      vertex 73.2608 29.7795 -5.01
    endloop
  endfacet
  facet normal 0.998803 0.0489209 0
    outer loop
      vertex 73.25 30 -5.01
      vertex 73.2608 29.7795 -5.82611
      vertex 73.25 30 -5.83333
    endloop
  endfacet
  facet normal -0.941527 0.336939 0
    outer loop
      vertex 77.5787 29.139 -2.5
      vertex 77.6531 29.3469 0
      vertex 77.6531 29.3469 -2.5
    endloop
  endfacet
  facet normal -0.941527 0.336939 0
    outer loop
      vertex 77.6531 29.3469 0
      vertex 77.5787 29.139 -2.5
      vertex 77.5787 29.139 0
    endloop
  endfacet
  facet normal 0.146746 -0.989174 0
    outer loop
      vertex 75.0611 32.2068 -2.5
      vertex 75.2795 32.2392 0
      vertex 75.0611 32.2068 0
    endloop
  endfacet
  facet normal 0.146746 -0.989174 0
    outer loop
      vertex 75.2795 32.2392 0
      vertex 75.0611 32.2068 -2.5
      vertex 75.2795 32.2392 -2.5
    endloop
  endfacet
  facet normal -0.740902 -0.671613 0
    outer loop
      vertex 77.2393 31.4274 -2.5
      vertex 77.091 31.591 0
      vertex 77.091 31.591 -2.5
    endloop
  endfacet
  facet normal -0.740902 -0.671613 0
    outer loop
      vertex 77.091 31.591 0
      vertex 77.2393 31.4274 -2.5
      vertex 77.2393 31.4274 0
    endloop
  endfacet
  facet normal -0.0489209 -0.998803 0
    outer loop
      vertex 75.5 32.25 -2.5
      vertex 75.7205 32.2392 0
      vertex 75.5 32.25 0
    endloop
  endfacet
  facet normal -0.0489209 -0.998803 -0
    outer loop
      vertex 75.7205 32.2392 0
      vertex 75.5 32.25 -2.5
      vertex 75.7205 32.2392 -2.5
    endloop
  endfacet
  facet normal -0.903996 -0.427541 0
    outer loop
      vertex 77.5787 30.861 -2.5
      vertex 77.4843 31.0606 0
      vertex 77.4843 31.0606 -2.5
    endloop
  endfacet
  facet normal -0.903996 -0.427541 0
    outer loop
      vertex 77.4843 31.0606 0
      vertex 77.5787 30.861 -2.5
      vertex 77.5787 30.861 0
    endloop
  endfacet
  facet normal 0.146746 0.989174 -0
    outer loop
      vertex 75.2795 27.7608 -2.5
      vertex 75.0611 27.7932 0
      vertex 75.2795 27.7608 0
    endloop
  endfacet
  facet normal 0.146746 0.989174 0
    outer loop
      vertex 75.0611 27.7932 0
      vertex 75.2795 27.7608 -2.5
      vertex 75.0611 27.7932 -2.5
    endloop
  endfacet
  facet normal -0.671613 0.740902 0
    outer loop
      vertex 77.091 28.409 -2.5
      vertex 76.9274 28.2607 0
      vertex 77.091 28.409 0
    endloop
  endfacet
  facet normal -0.671613 0.740902 0
    outer loop
      vertex 76.9274 28.2607 0
      vertex 77.091 28.409 -2.5
      vertex 76.9274 28.2607 -2.5
    endloop
  endfacet
  facet normal 0.0489209 0.998803 -0
    outer loop
      vertex 75.5 27.75 -2.5
      vertex 75.2795 27.7608 0
      vertex 75.5 27.75 0
    endloop
  endfacet
  facet normal 0.0489209 0.998803 0
    outer loop
      vertex 75.2795 27.7608 0
      vertex 75.5 27.75 -2.5
      vertex 75.2795 27.7608 -2.5
    endloop
  endfacet
  facet normal 0.740902 -0.671613 0
    outer loop
      vertex 73.7607 31.4274 0
      vertex 73.909 31.591 -2.5
      vertex 73.909 31.591 0
    endloop
  endfacet
  facet normal 0.740902 -0.671613 0
    outer loop
      vertex 73.909 31.591 -2.5
      vertex 73.7607 31.4274 0
      vertex 73.7607 31.4274 -2.5
    endloop
  endfacet
  facet normal 0.740902 -0.671613 0
    outer loop
      vertex 73.7607 31.4274 -5.01
      vertex 73.909 31.591 -5.39399
      vertex 73.909 31.591 -5.01
    endloop
  endfacet
  facet normal 0.740902 -0.671613 0
    outer loop
      vertex 73.909 31.591 -5.39399
      vertex 73.7607 31.4274 -5.01
      vertex 73.7607 31.4274 -5.49285
    endloop
  endfacet
  facet normal 0.903996 -0.427541 0
    outer loop
      vertex 73.4213 30.861 0
      vertex 73.5157 31.0606 -2.5
      vertex 73.5157 31.0606 0
    endloop
  endfacet
  facet normal 0.903996 -0.427541 0
    outer loop
      vertex 73.5157 31.0606 -2.5
      vertex 73.4213 30.861 0
      vertex 73.4213 30.861 -2.5
    endloop
  endfacet
  facet normal 0.903996 -0.427541 0
    outer loop
      vertex 73.4213 30.861 -5.01
      vertex 73.5157 31.0606 -5.65622
      vertex 73.5157 31.0606 -5.01
    endloop
  endfacet
  facet normal 0.903996 -0.427541 0
    outer loop
      vertex 73.5157 31.0606 -5.65622
      vertex 73.4213 30.861 -5.01
      vertex 73.4213 30.861 -5.71915
    endloop
  endfacet
  facet normal 0.969956 -0.243282 0
    outer loop
      vertex 73.2932 30.439 0
      vertex 73.3469 30.6531 -2.5
      vertex 73.3469 30.6531 0
    endloop
  endfacet
  facet normal 0.969956 -0.243282 0
    outer loop
      vertex 73.3469 30.6531 -2.5
      vertex 73.2932 30.439 0
      vertex 73.2932 30.439 -2.5
    endloop
  endfacet
  facet normal 0.969956 -0.243282 0
    outer loop
      vertex 73.2932 30.439 -5.01
      vertex 73.3469 30.6531 -5.76874
      vertex 73.3469 30.6531 -5.01
    endloop
  endfacet
  facet normal 0.969956 -0.243282 0
    outer loop
      vertex 73.3469 30.6531 -5.76874
      vertex 73.2932 30.439 -5.01
      vertex 73.2932 30.439 -5.80451
    endloop
  endfacet
  facet normal -0.243175 -0.969982 0
    outer loop
      vertex 75.9389 32.2068 -2.5
      vertex 76.1531 32.1531 0
      vertex 75.9389 32.2068 0
    endloop
  endfacet
  facet normal -0.243175 -0.969982 -0
    outer loop
      vertex 76.1531 32.1531 0
      vertex 75.9389 32.2068 -2.5
      vertex 76.1531 32.1531 -2.5
    endloop
  endfacet
  facet normal 0.969956 0.243282 0
    outer loop
      vertex 73.3469 29.3469 0
      vertex 73.2932 29.561 -2.5
      vertex 73.2932 29.561 0
    endloop
  endfacet
  facet normal 0.969956 0.243282 0
    outer loop
      vertex 73.2932 29.561 -2.5
      vertex 73.3469 29.3469 0
      vertex 73.3469 29.3469 -2.5
    endloop
  endfacet
  facet normal 0.969956 0.243282 -0
    outer loop
      vertex 73.3469 29.3469 -5.76874
      vertex 73.2932 29.561 -5.01
      vertex 73.3469 29.3469 -5.01
    endloop
  endfacet
  facet normal 0.969956 0.243282 0
    outer loop
      vertex 73.2932 29.561 -5.01
      vertex 73.3469 29.3469 -5.76874
      vertex 73.2932 29.561 -5.80451
    endloop
  endfacet
  facet normal 0.427541 0.903996 -0
    outer loop
      vertex 74.639 27.9213 -2.5
      vertex 74.4394 28.0157 0
      vertex 74.639 27.9213 0
    endloop
  endfacet
  facet normal 0.427541 0.903996 0
    outer loop
      vertex 74.4394 28.0157 0
      vertex 74.639 27.9213 -2.5
      vertex 74.4394 28.0157 -2.5
    endloop
  endfacet
  facet normal 0.428086 0.903738 0
    outer loop
      vertex 74.4394 28.0157 -5.01
      vertex 74.485 27.9941 -5.01
      vertex 74.4394 28.0157 -5.04043
    endloop
  endfacet
  facet normal 0.740902 0.671613 0
    outer loop
      vertex 73.909 28.409 0
      vertex 73.7607 28.5726 -2.5
      vertex 73.7607 28.5726 0
    endloop
  endfacet
  facet normal 0.740902 0.671613 0
    outer loop
      vertex 73.7607 28.5726 -2.5
      vertex 73.909 28.409 0
      vertex 73.909 28.409 -2.5
    endloop
  endfacet
  facet normal 0.740902 0.671613 -0
    outer loop
      vertex 73.909 28.409 -5.39399
      vertex 73.7607 28.5726 -5.01
      vertex 73.909 28.409 -5.01
    endloop
  endfacet
  facet normal 0.740902 0.671613 0
    outer loop
      vertex 73.7607 28.5726 -5.01
      vertex 73.909 28.409 -5.39399
      vertex 73.7607 28.5726 -5.49285
    endloop
  endfacet
  facet normal -0.427541 0.903996 0
    outer loop
      vertex 76.5606 28.0157 -2.5
      vertex 76.361 27.9213 0
      vertex 76.5606 28.0157 0
    endloop
  endfacet
  facet normal -0.427541 0.903996 0
    outer loop
      vertex 76.361 27.9213 0
      vertex 76.5606 28.0157 -2.5
      vertex 76.361 27.9213 -2.5
    endloop
  endfacet
  facet normal -0.0489209 0.998803 0
    outer loop
      vertex 75.7205 27.7608 -2.5
      vertex 75.5 27.75 0
      vertex 75.7205 27.7608 0
    endloop
  endfacet
  facet normal -0.0489209 0.998803 0
    outer loop
      vertex 75.5 27.75 0
      vertex 75.7205 27.7608 -2.5
      vertex 75.5 27.75 -2.5
    endloop
  endfacet
  facet normal 0.989184 0.14668 0
    outer loop
      vertex 73.2932 29.561 0
      vertex 73.2608 29.7795 -2.5
      vertex 73.2608 29.7795 0
    endloop
  endfacet
  facet normal 0.989184 0.14668 0
    outer loop
      vertex 73.2608 29.7795 -2.5
      vertex 73.2932 29.561 0
      vertex 73.2932 29.561 -2.5
    endloop
  endfacet
  facet normal 0.989184 0.14668 -0
    outer loop
      vertex 73.2932 29.561 -5.80451
      vertex 73.2608 29.7795 -5.01
      vertex 73.2932 29.561 -5.01
    endloop
  endfacet
  facet normal 0.989184 0.14668 0
    outer loop
      vertex 73.2608 29.7795 -5.01
      vertex 73.2932 29.561 -5.80451
      vertex 73.2608 29.7795 -5.82611
    endloop
  endfacet
  facet normal -0.595498 0.803357 0
    outer loop
      vertex 76.9274 28.2607 -2.5
      vertex 76.75 28.1292 0
      vertex 76.9274 28.2607 0
    endloop
  endfacet
  facet normal -0.595498 0.803357 0
    outer loop
      vertex 76.75 28.1292 0
      vertex 76.9274 28.2607 -2.5
      vertex 76.75 28.1292 -2.5
    endloop
  endfacet
  facet normal 0.803357 0.595498 0
    outer loop
      vertex 73.7607 28.5726 0
      vertex 73.6292 28.75 -2.5
      vertex 73.6292 28.75 0
    endloop
  endfacet
  facet normal 0.803357 0.595498 0
    outer loop
      vertex 73.6292 28.75 -2.5
      vertex 73.7607 28.5726 0
      vertex 73.7607 28.5726 -2.5
    endloop
  endfacet
  facet normal 0.803357 0.595498 -0
    outer loop
      vertex 73.7607 28.5726 -5.49285
      vertex 73.6292 28.75 -5.01
      vertex 73.7607 28.5726 -5.01
    endloop
  endfacet
  facet normal 0.803357 0.595498 0
    outer loop
      vertex 73.6292 28.75 -5.01
      vertex 73.7607 28.5726 -5.49285
      vertex 73.6292 28.75 -5.58054
    endloop
  endfacet
  facet normal 0.998803 -0.0489209 0
    outer loop
      vertex 73.25 30 0
      vertex 73.2608 30.2205 -2.5
      vertex 73.2608 30.2205 0
    endloop
  endfacet
  facet normal 0.998803 -0.0489209 0
    outer loop
      vertex 73.2608 30.2205 -2.5
      vertex 73.25 30 0
      vertex 73.25 30 -2.5
    endloop
  endfacet
  facet normal 0.998803 -0.0489209 0
    outer loop
      vertex 73.25 30 -5.01
      vertex 73.2608 30.2205 -5.82611
      vertex 73.2608 30.2205 -5.01
    endloop
  endfacet
  facet normal 0.998803 -0.0489209 0
    outer loop
      vertex 73.2608 30.2205 -5.82611
      vertex 73.25 30 -5.01
      vertex 73.25 30 -5.83333
    endloop
  endfacet
  facet normal -0.740902 0.671613 0
    outer loop
      vertex 77.091 28.409 -2.5
      vertex 77.2393 28.5726 0
      vertex 77.2393 28.5726 -2.5
    endloop
  endfacet
  facet normal -0.740902 0.671613 0
    outer loop
      vertex 77.2393 28.5726 0
      vertex 77.091 28.409 -2.5
      vertex 77.091 28.409 0
    endloop
  endfacet
  facet normal -0.706682 -0.0346726 -0.706682
    outer loop
      vertex 80.2272 30.4647 -5
      vertex 80.25 30 -5
      vertex 77.75 30 -2.5
    endloop
  endfacet
  facet normal 0.63961 -0.302501 -0.706677
    outer loop
      vertex 73.5157 31.0606 -2.5
      vertex 73.4213 30.861 -2.5
      vertex 71.3021 32.2438 -5.01
    endloop
  endfacet
  facet normal -0.302473 -0.639619 -0.706681
    outer loop
      vertex 77.3177 34.3884 -5
      vertex 77.7383 34.1895 -5
      vertex 76.361 32.0787 -2.5
    endloop
  endfacet
  facet normal 0.238395 0.66616 -0.706681
    outer loop
      vertex 74.639 27.9213 -2.5
      vertex 74.8469 27.8469 -2.5
      vertex 74.1182 25.445 -5.01
    endloop
  endfacet
  facet normal 0.475194 -0.52422 -0.706671
    outer loop
      vertex 74.0726 31.7393 -2.5
      vertex 73.909 31.591 -2.5
      vertex 72.4803 33.6795 -5.01
    endloop
  endfacet
  facet normal -0.606878 -0.363732 -0.706681
    outer loop
      vertex 79.4499 32.6382 -5
      vertex 79.6891 32.2391 -5
      vertex 77.4843 31.0606 -2.5
    endloop
  endfacet
  facet normal -0.575529 0.411092 -0.706944
    outer loop
      vertex 79.449 27.3603 -5
      vertex 77.3708 28.75 -2.5
      vertex 79.4495 27.361 -5
    endloop
  endfacet
  facet normal -0.568389 0.421325 -0.706696
    outer loop
      vertex 77.3708 28.75 -2.5
      vertex 79.449 27.3603 -5
      vertex 77.2393 28.5726 -2.5
    endloop
  endfacet
  facet normal 0.238395 -0.66616 -0.706681
    outer loop
      vertex 74.8469 32.1531 -2.5
      vertex 74.639 32.0787 -2.5
      vertex 74.1182 34.555 -5.01
    endloop
  endfacet
  facet normal -0.662758 -0.248534 -0.706387
    outer loop
      vertex 77.6531 30.6531 -2.5
      vertex 80.0452 31.3797 -5
      vertex 80.0455 31.3789 -5
    endloop
  endfacet
  facet normal -0.666153 -0.238393 -0.706689
    outer loop
      vertex 80.0452 31.3797 -5
      vertex 77.6531 30.6531 -2.5
      vertex 77.5787 30.861 -2.5
    endloop
  endfacet
  facet normal -0.316286 -0.632573 -0.706976
    outer loop
      vertex 76.5606 31.9843 -2.5
      vertex 77.7383 34.1895 -5
      vertex 77.7391 34.1891 -5
    endloop
  endfacet
  facet normal -0.302498 -0.639604 -0.706683
    outer loop
      vertex 77.7383 34.1895 -5
      vertex 76.5606 31.9843 -2.5
      vertex 76.361 32.0787 -2.5
    endloop
  endfacet
  facet normal -0.171815 0.686347 -0.706688
    outer loop
      vertex 76.8789 25.4545 -5
      vertex 76.4275 25.3415 -5
      vertex 76.1531 27.8469 -2.5
    endloop
  endfacet
  facet normal 0.699862 0.103919 -0.706678
    outer loop
      vertex 73.2608 29.7795 -2.5
      vertex 70.8315 29.0714 -5.01
      vertex 70.7629 29.5334 -5.01
    endloop
  endfacet
  facet normal -0.475057 -0.524327 -0.706684
    outer loop
      vertex 78.514 33.6712 -5
      vertex 78.8588 33.3588 -5
      vertex 77.091 31.591 -2.5
    endloop
  endfacet
  facet normal 0.302588 -0.639554 -0.70669
    outer loop
      vertex 73.6784 34.3977 -5.01
      vertex 74.639 32.0787 -2.5
      vertex 73.2561 34.1979 -5.01
    endloop
  endfacet
  facet normal 0.52422 0.475194 -0.706671
    outer loop
      vertex 73.7607 28.5726 -2.5
      vertex 73.909 28.409 -2.5
      vertex 71.8205 26.9803 -5.01
    endloop
  endfacet
  facet normal 0.302498 0.639604 -0.706683
    outer loop
      vertex 74.4394 28.0157 -2.5
      vertex 74.639 27.9213 -2.5
      vertex 73.2561 25.8021 -5.01
    endloop
  endfacet
  facet normal -0.686347 0.171815 -0.706688
    outer loop
      vertex 80.1585 29.0725 -5
      vertex 80.0455 28.6211 -5
      vertex 77.6531 29.3469 -2.5
    endloop
  endfacet
  facet normal -0.639619 0.302473 -0.706681
    outer loop
      vertex 79.8884 28.1823 -5
      vertex 79.6895 27.7617 -5
      vertex 77.5787 29.139 -2.5
    endloop
  endfacet
  facet normal -0.706682 0.0346726 -0.706682
    outer loop
      vertex 80.25 30 -5
      vertex 80.2272 29.5353 -5
      vertex 77.75 30 -2.5
    endloop
  endfacet
  facet normal 0.706684 0.034683 -0.706678
    outer loop
      vertex 73.2608 29.7795 -2.5
      vertex 70.7629 29.5334 -5.01
      vertex 70.74 30 -5.01
    endloop
  endfacet
  facet normal -0.171601 0.686406 -0.706682
    outer loop
      vertex 75.9389 27.7932 -2.5
      vertex 76.4275 25.3415 -5
      vertex 76.4267 25.3413 -5
    endloop
  endfacet
  facet normal -0.172057 0.686304 -0.706671
    outer loop
      vertex 76.4275 25.3415 -5
      vertex 75.9389 27.7932 -2.5
      vertex 76.1531 27.8469 -2.5
    endloop
  endfacet
  facet normal 0.238273 -0.666195 -0.70669
    outer loop
      vertex 74.1182 34.555 -5.01
      vertex 74.639 32.0787 -2.5
      vertex 73.6784 34.3977 -5.01
    endloop
  endfacet
  facet normal 0.568278 -0.421513 -0.706673
    outer loop
      vertex 71.8205 33.0197 -5.01
      vertex 73.7607 31.4274 -2.5
      vertex 71.5422 32.6445 -5.01
    endloop
  endfacet
  facet normal -0.421521 0.568263 -0.70668
    outer loop
      vertex 78.5134 26.3282 -5
      vertex 78.1397 26.051 -5
      vertex 76.9274 28.2607 -2.5
    endloop
  endfacet
  facet normal 0.666195 0.238273 -0.70669
    outer loop
      vertex 73.4213 29.139 -2.5
      vertex 71.1023 28.1784 -5.01
      vertex 70.945 28.6182 -5.01
    endloop
  endfacet
  facet normal 0.17137 0.686426 -0.706719
    outer loop
      vertex 74.5 25.3596 -5
      vertex 74.8469 27.8469 -2.5
      vertex 74.5725 25.3415 -5
    endloop
  endfacet
  facet normal 0.172275 0.687602 -0.705354
    outer loop
      vertex 74.1182 25.445 -5.01
      vertex 74.5 25.3596 -5
      vertex 74.485 25.3531 -5.01
    endloop
  endfacet
  facet normal 0.172019 0.6863 -0.706683
    outer loop
      vertex 74.5 25.3596 -5
      vertex 74.1182 25.445 -5.01
      vertex 74.8469 27.8469 -2.5
    endloop
  endfacet
  facet normal -0.690364 0.153414 -0.707009
    outer loop
      vertex 77.7068 29.561 -2.5
      vertex 80.1589 29.0742 -5
      vertex 80.1587 29.0733 -5
    endloop
  endfacet
  facet normal -0.699881 0.103781 -0.70668
    outer loop
      vertex 80.1589 29.0742 -5
      vertex 77.7068 29.561 -2.5
      vertex 77.7392 29.7795 -2.5
    endloop
  endfacet
  facet normal 0.363731 0.606874 -0.706685
    outer loop
      vertex 74.4394 28.0157 -2.5
      vertex 73.2561 25.8021 -5.01
      vertex 72.8555 26.0422 -5.01
    endloop
  endfacet
  facet normal -0.699894 -0.103722 -0.706675
    outer loop
      vertex 80.1589 30.9258 -5
      vertex 80.2271 30.4656 -5
      vertex 77.7392 30.2205 -2.5
    endloop
  endfacet
  facet normal 0.606901 -0.363692 -0.706682
    outer loop
      vertex 73.6292 31.25 -2.5
      vertex 73.5157 31.0606 -2.5
      vertex 71.5422 32.6445 -5.01
    endloop
  endfacet
  facet normal 0.63961 0.302501 -0.706677
    outer loop
      vertex 73.4213 29.139 -2.5
      vertex 73.5157 28.9394 -2.5
      vertex 71.3021 27.7562 -5.01
    endloop
  endfacet
  facet normal 0.699862 -0.103919 -0.706678
    outer loop
      vertex 70.8315 30.9286 -5.01
      vertex 73.2608 30.2205 -2.5
      vertex 70.7629 30.4666 -5.01
    endloop
  endfacet
  facet normal -0.0348246 0.706681 -0.706675
    outer loop
      vertex 75.7205 27.7608 -2.5
      vertex 75.9656 25.2729 -5
      vertex 75.5009 25.25 -5
    endloop
  endfacet
  facet normal -0.686409 -0.171602 -0.706679
    outer loop
      vertex 77.7068 30.439 -2.5
      vertex 80.1585 30.9275 -5
      vertex 80.1587 30.9267 -5
    endloop
  endfacet
  facet normal -0.68629 -0.172133 -0.706666
    outer loop
      vertex 80.1585 30.9275 -5
      vertex 77.7068 30.439 -2.5
      vertex 77.6531 30.6531 -2.5
    endloop
  endfacet
  facet normal 0.686293 -0.172134 -0.706663
    outer loop
      vertex 73.3469 30.6531 -2.5
      vertex 73.2932 30.439 -2.5
      vertex 70.8315 30.9286 -5.01
    endloop
  endfacet
  facet normal -0.363732 0.606878 -0.706681
    outer loop
      vertex 78.1382 26.0501 -5
      vertex 77.7391 25.8109 -5
      vertex 76.5606 28.0157 -2.5
    endloop
  endfacet
  facet normal -0.238469 -0.666132 -0.706683
    outer loop
      vertex 76.8797 34.5452 -5
      vertex 77.3177 34.3884 -5
      vertex 76.361 32.0787 -2.5
    endloop
  endfacet
  facet normal 0.17137 -0.686426 -0.706719
    outer loop
      vertex 74.8469 32.1531 -2.5
      vertex 74.5 34.6404 -5
      vertex 74.5725 34.6585 -5
    endloop
  endfacet
  facet normal 0.172019 -0.6863 -0.706683
    outer loop
      vertex 74.1182 34.555 -5.01
      vertex 74.5 34.6404 -5
      vertex 74.8469 32.1531 -2.5
    endloop
  endfacet
  facet normal 0.172275 -0.687602 -0.705354
    outer loop
      vertex 74.5 34.6404 -5
      vertex 74.1182 34.555 -5.01
      vertex 74.485 34.6469 -5.01
    endloop
  endfacet
  facet normal -0.501206 0.501206 -0.705397
    outer loop
      vertex 79.1712 26.986 -5
      vertex 77.2393 28.5726 -2.5
      vertex 79.1718 26.9866 -5
    endloop
  endfacet
  facet normal -0.524219 0.475194 -0.706672
    outer loop
      vertex 77.2393 28.5726 -2.5
      vertex 79.1712 26.986 -5
      vertex 77.091 28.409 -2.5
    endloop
  endfacet
  facet normal -0.568263 0.421521 -0.70668
    outer loop
      vertex 79.449 27.3603 -5
      vertex 79.1718 26.9866 -5
      vertex 77.2393 28.5726 -2.5
    endloop
  endfacet
  facet normal -0.686347 -0.171815 -0.706688
    outer loop
      vertex 80.0455 31.3789 -5
      vertex 80.1585 30.9275 -5
      vertex 77.6531 30.6531 -2.5
    endloop
  endfacet
  facet normal -0.686409 0.171602 -0.706679
    outer loop
      vertex 80.1585 29.0725 -5
      vertex 77.7068 29.561 -2.5
      vertex 80.1587 29.0733 -5
    endloop
  endfacet
  facet normal -0.68629 0.172133 -0.706666
    outer loop
      vertex 77.7068 29.561 -2.5
      vertex 80.1585 29.0725 -5
      vertex 77.6531 29.3469 -2.5
    endloop
  endfacet
  facet normal 0.686337 -0.171887 -0.70668
    outer loop
      vertex 70.945 31.3818 -5.01
      vertex 73.3469 30.6531 -2.5
      vertex 70.8315 30.9286 -5.01
    endloop
  endfacet
  facet normal -0.411092 0.575529 -0.706944
    outer loop
      vertex 76.75 28.1292 -2.5
      vertex 78.1397 26.051 -5
      vertex 78.139 26.0505 -5
    endloop
  endfacet
  facet normal -0.421325 0.568389 -0.706696
    outer loop
      vertex 78.1397 26.051 -5
      vertex 76.75 28.1292 -2.5
      vertex 76.9274 28.2607 -2.5
    endloop
  endfacet
  facet normal 0.363731 -0.606874 -0.706685
    outer loop
      vertex 73.2561 34.1979 -5.01
      vertex 74.4394 31.9843 -2.5
      vertex 72.8555 33.9578 -5.01
    endloop
  endfacet
  facet normal -0.524327 -0.475057 -0.706684
    outer loop
      vertex 78.8588 33.3588 -5
      vertex 79.1712 33.014 -5
      vertex 77.091 31.591 -2.5
    endloop
  endfacet
  facet normal -0.501206 -0.501206 -0.705397
    outer loop
      vertex 77.2393 31.4274 -2.5
      vertex 79.1712 33.014 -5
      vertex 79.1718 33.0134 -5
    endloop
  endfacet
  facet normal -0.524219 -0.475194 -0.706672
    outer loop
      vertex 79.1712 33.014 -5
      vertex 77.2393 31.4274 -2.5
      vertex 77.091 31.591 -2.5
    endloop
  endfacet
  facet normal 0.42133 -0.568395 -0.706688
    outer loop
      vertex 74.25 31.8708 -2.5
      vertex 74.0726 31.7393 -2.5
      vertex 72.8555 33.9578 -5.01
    endloop
  endfacet
  facet normal 0.606919 -0.363667 -0.70668
    outer loop
      vertex 71.5422 32.6445 -5.01
      vertex 73.5157 31.0606 -2.5
      vertex 71.3021 32.2438 -5.01
    endloop
  endfacet
  facet normal 0.706683 0.034613 -0.706683
    outer loop
      vertex 73.25 30 -2.5
      vertex 73.2608 29.7795 -2.5
      vertex 70.74 30 -5.01
    endloop
  endfacet
  facet normal 0.475166 0.524243 -0.706673
    outer loop
      vertex 73.909 28.409 -2.5
      vertex 72.4803 26.3205 -5.01
      vertex 72.1342 26.6342 -5.01
    endloop
  endfacet
  facet normal 0.568395 -0.42133 -0.706688
    outer loop
      vertex 73.7607 31.4274 -2.5
      vertex 73.6292 31.25 -2.5
      vertex 71.5422 32.6445 -5.01
    endloop
  endfacet
  facet normal 0.421513 0.568278 -0.706673
    outer loop
      vertex 74.0726 28.2607 -2.5
      vertex 72.8555 26.0422 -5.01
      vertex 72.4803 26.3205 -5.01
    endloop
  endfacet
  facet normal -0.421521 -0.568263 -0.70668
    outer loop
      vertex 78.1397 33.949 -5
      vertex 78.5134 33.6718 -5
      vertex 76.9274 31.7393 -2.5
    endloop
  endfacet
  facet normal 0.0346726 -0.706682 -0.706682
    outer loop
      vertex 75.5 34.75 -5
      vertex 75.5 32.25 -2.5
      vertex 75.0353 34.7272 -5
    endloop
  endfacet
  facet normal 0.706684 -0.034683 -0.706678
    outer loop
      vertex 70.7629 30.4666 -5.01
      vertex 73.2608 30.2205 -2.5
      vertex 70.74 30 -5.01
    endloop
  endfacet
  facet normal -0.238393 -0.666153 -0.706689
    outer loop
      vertex 76.1531 32.1531 -2.5
      vertex 76.8797 34.5452 -5
      vertex 76.361 32.0787 -2.5
    endloop
  endfacet
  facet normal -0.248534 -0.662758 -0.706387
    outer loop
      vertex 76.8797 34.5452 -5
      vertex 76.1531 32.1531 -2.5
      vertex 76.8789 34.5455 -5
    endloop
  endfacet
  facet normal -0.171815 -0.686347 -0.706688
    outer loop
      vertex 76.4275 34.6585 -5
      vertex 76.8789 34.5455 -5
      vertex 76.1531 32.1531 -2.5
    endloop
  endfacet
  facet normal 0.172057 -0.686304 -0.706671
    outer loop
      vertex 74.5725 34.6585 -5
      vertex 75.0611 32.2068 -2.5
      vertex 74.8469 32.1531 -2.5
    endloop
  endfacet
  facet normal 0.171601 -0.686406 -0.706682
    outer loop
      vertex 75.0611 32.2068 -2.5
      vertex 74.5725 34.6585 -5
      vertex 74.5733 34.6587 -5
    endloop
  endfacet
  facet normal -0.568263 -0.421521 -0.70668
    outer loop
      vertex 79.1718 33.0134 -5
      vertex 79.449 32.6397 -5
      vertex 77.2393 31.4274 -2.5
    endloop
  endfacet
  facet normal -0.103722 -0.699894 -0.706675
    outer loop
      vertex 75.9656 34.7271 -5
      vertex 76.4258 34.6589 -5
      vertex 75.7205 32.2392 -2.5
    endloop
  endfacet
  facet normal -0.363732 -0.606878 -0.706681
    outer loop
      vertex 77.7391 34.1891 -5
      vertex 78.1382 33.9499 -5
      vertex 76.5606 31.9843 -2.5
    endloop
  endfacet
  facet normal -0.317468 -0.634936 -0.704322
    outer loop
      vertex 76.75 31.8708 -2.5
      vertex 78.1382 33.9499 -5
      vertex 78.139 33.9495 -5
    endloop
  endfacet
  facet normal -0.363694 -0.606904 -0.706678
    outer loop
      vertex 78.1382 33.9499 -5
      vertex 76.75 31.8708 -2.5
      vertex 76.5606 31.9843 -2.5
    endloop
  endfacet
  facet normal 0 0.707107 -0.707107
    outer loop
      vertex 75.4991 25.25 -5
      vertex 75.5 27.75 -2.5
      vertex 75.5 25.25 -5
    endloop
  endfacet
  facet normal 0.0346127 0.706677 -0.706689
    outer loop
      vertex 75.5 27.75 -2.5
      vertex 75.4991 25.25 -5
      vertex 75.2795 27.7608 -2.5
    endloop
  endfacet
  facet normal 0.66616 0.238395 -0.706681
    outer loop
      vertex 73.3469 29.3469 -2.5
      vertex 73.4213 29.139 -2.5
      vertex 70.945 28.6182 -5.01
    endloop
  endfacet
  facet normal -0.0346726 -0.706682 -0.706682
    outer loop
      vertex 75.5 34.75 -5
      vertex 75.9647 34.7272 -5
      vertex 75.5 32.25 -2.5
    endloop
  endfacet
  facet normal -0.666132 -0.238469 -0.706683
    outer loop
      vertex 79.8884 31.8177 -5
      vertex 80.0452 31.3797 -5
      vertex 77.5787 30.861 -2.5
    endloop
  endfacet
  facet normal -0.639619 -0.302473 -0.706681
    outer loop
      vertex 79.6895 32.2383 -5
      vertex 79.8884 31.8177 -5
      vertex 77.5787 30.861 -2.5
    endloop
  endfacet
  facet normal -0.666132 0.238469 -0.706683
    outer loop
      vertex 80.0452 28.6203 -5
      vertex 79.8884 28.1823 -5
      vertex 77.5787 29.139 -2.5
    endloop
  endfacet
  facet normal -0.606878 0.363732 -0.706681
    outer loop
      vertex 79.6891 27.7609 -5
      vertex 79.4499 27.3618 -5
      vertex 77.4843 28.9394 -2.5
    endloop
  endfacet
  facet normal 0.238273 0.666195 -0.70669
    outer loop
      vertex 74.639 27.9213 -2.5
      vertex 74.1182 25.445 -5.01
      vertex 73.6784 25.6023 -5.01
    endloop
  endfacet
  facet normal -0.153414 0.690361 -0.707012
    outer loop
      vertex 76.4258 25.3411 -5
      vertex 75.9389 27.7932 -2.5
      vertex 76.4267 25.3413 -5
    endloop
  endfacet
  facet normal -0.103827 0.699871 -0.706683
    outer loop
      vertex 75.9389 27.7932 -2.5
      vertex 76.4258 25.3411 -5
      vertex 75.7205 27.7608 -2.5
    endloop
  endfacet
  facet normal 0.0348246 0.706681 -0.706675
    outer loop
      vertex 75.2795 27.7608 -2.5
      vertex 75.4991 25.25 -5
      vertex 75.0344 25.2729 -5
    endloop
  endfacet
  facet normal -0.632573 0.316286 -0.706976
    outer loop
      vertex 77.4843 28.9394 -2.5
      vertex 79.6895 27.7617 -5
      vertex 79.6891 27.7609 -5
    endloop
  endfacet
  facet normal -0.639604 0.302498 -0.706683
    outer loop
      vertex 79.6895 27.7617 -5
      vertex 77.4843 28.9394 -2.5
      vertex 77.5787 29.139 -2.5
    endloop
  endfacet
  facet normal 0.639528 -0.302647 -0.706689
    outer loop
      vertex 71.3021 32.2438 -5.01
      vertex 73.4213 30.861 -2.5
      vertex 71.1023 31.8216 -5.01
    endloop
  endfacet
  facet normal 0.363692 -0.606901 -0.706682
    outer loop
      vertex 74.4394 31.9843 -2.5
      vertex 74.25 31.8708 -2.5
      vertex 72.8555 33.9578 -5.01
    endloop
  endfacet
  facet normal 0.524243 -0.475166 -0.706673
    outer loop
      vertex 72.1342 33.3658 -5.01
      vertex 73.909 31.591 -2.5
      vertex 71.8205 33.0197 -5.01
    endloop
  endfacet
  facet normal -0.238469 0.666132 -0.706683
    outer loop
      vertex 77.3177 25.6116 -5
      vertex 76.8797 25.4548 -5
      vertex 76.361 27.9213 -2.5
    endloop
  endfacet
  facet normal -0.634936 0.317468 -0.704322
    outer loop
      vertex 77.3708 28.75 -2.5
      vertex 79.4499 27.3618 -5
      vertex 79.4495 27.361 -5
    endloop
  endfacet
  facet normal -0.606904 0.363694 -0.706678
    outer loop
      vertex 79.4499 27.3618 -5
      vertex 77.3708 28.75 -2.5
      vertex 77.4843 28.9394 -2.5
    endloop
  endfacet
  facet normal -0.699894 0.103722 -0.706675
    outer loop
      vertex 80.2271 29.5344 -5
      vertex 80.1589 29.0742 -5
      vertex 77.7392 29.7795 -2.5
    endloop
  endfacet
  facet normal -0.702817 0.0780908 -0.707071
    outer loop
      vertex 77.7392 29.7795 -2.5
      vertex 80.2272 29.5353 -5
      vertex 80.2271 29.5344 -5
    endloop
  endfacet
  facet normal -0.706689 0.0346133 -0.706678
    outer loop
      vertex 80.2272 29.5353 -5
      vertex 77.7392 29.7795 -2.5
      vertex 77.75 30 -2.5
    endloop
  endfacet
  facet normal -0.606904 -0.363694 -0.706678
    outer loop
      vertex 77.3708 31.25 -2.5
      vertex 79.4499 32.6382 -5
      vertex 77.4843 31.0606 -2.5
    endloop
  endfacet
  facet normal -0.634936 -0.317468 -0.704322
    outer loop
      vertex 79.4499 32.6382 -5
      vertex 77.3708 31.25 -2.5
      vertex 79.4495 32.639 -5
    endloop
  endfacet
  facet normal 0.475166 -0.524243 -0.706673
    outer loop
      vertex 72.4803 33.6795 -5.01
      vertex 73.909 31.591 -2.5
      vertex 72.1342 33.3658 -5.01
    endloop
  endfacet
  facet normal 0.52422 -0.475194 -0.706671
    outer loop
      vertex 73.909 31.591 -2.5
      vertex 73.7607 31.4274 -2.5
      vertex 71.8205 33.0197 -5.01
    endloop
  endfacet
  facet normal -0.524327 0.475057 -0.706684
    outer loop
      vertex 79.1712 26.986 -5
      vertex 78.8588 26.6412 -5
      vertex 77.091 28.409 -2.5
    endloop
  endfacet
  facet normal -0.248534 0.662758 -0.706387
    outer loop
      vertex 76.1531 27.8469 -2.5
      vertex 76.8797 25.4548 -5
      vertex 76.8789 25.4545 -5
    endloop
  endfacet
  facet normal -0.238393 0.666153 -0.706689
    outer loop
      vertex 76.8797 25.4548 -5
      vertex 76.1531 27.8469 -2.5
      vertex 76.361 27.9213 -2.5
    endloop
  endfacet
  facet normal 0.103827 0.699871 -0.706683
    outer loop
      vertex 74.5742 25.3411 -5
      vertex 75.0611 27.7932 -2.5
      vertex 75.2795 27.7608 -2.5
    endloop
  endfacet
  facet normal 0.153414 0.690361 -0.707012
    outer loop
      vertex 75.0611 27.7932 -2.5
      vertex 74.5742 25.3411 -5
      vertex 74.5733 25.3413 -5
    endloop
  endfacet
  facet normal -0.0346133 -0.706689 -0.706678
    outer loop
      vertex 75.9647 34.7272 -5
      vertex 75.7205 32.2392 -2.5
      vertex 75.5 32.25 -2.5
    endloop
  endfacet
  facet normal -0.0780908 -0.702817 -0.707071
    outer loop
      vertex 75.7205 32.2392 -2.5
      vertex 75.9647 34.7272 -5
      vertex 75.9656 34.7271 -5
    endloop
  endfacet
  facet normal -0.639604 -0.302498 -0.706683
    outer loop
      vertex 77.4843 31.0606 -2.5
      vertex 79.6895 32.2383 -5
      vertex 77.5787 30.861 -2.5
    endloop
  endfacet
  facet normal -0.632573 -0.316286 -0.706976
    outer loop
      vertex 79.6895 32.2383 -5
      vertex 77.4843 31.0606 -2.5
      vertex 79.6891 32.2391 -5
    endloop
  endfacet
  facet normal 0.302498 -0.639604 -0.706683
    outer loop
      vertex 74.639 32.0787 -2.5
      vertex 74.4394 31.9843 -2.5
      vertex 73.2561 34.1979 -5.01
    endloop
  endfacet
  facet normal 0.699892 0.103783 -0.706668
    outer loop
      vertex 73.2608 29.7795 -2.5
      vertex 73.2932 29.561 -2.5
      vertex 70.8315 29.0714 -5.01
    endloop
  endfacet
  facet normal 0.606919 0.363667 -0.70668
    outer loop
      vertex 73.5157 28.9394 -2.5
      vertex 71.5422 27.3555 -5.01
      vertex 71.3021 27.7562 -5.01
    endloop
  endfacet
  facet normal 0.666195 -0.238273 -0.70669
    outer loop
      vertex 71.1023 31.8216 -5.01
      vertex 73.4213 30.861 -2.5
      vertex 70.945 31.3818 -5.01
    endloop
  endfacet
  facet normal 0.706683 -0.034613 -0.706683
    outer loop
      vertex 73.2608 30.2205 -2.5
      vertex 73.25 30 -2.5
      vertex 70.74 30 -5.01
    endloop
  endfacet
  facet normal 0.66616 -0.238395 -0.706681
    outer loop
      vertex 73.4213 30.861 -2.5
      vertex 73.3469 30.6531 -2.5
      vertex 70.945 31.3818 -5.01
    endloop
  endfacet
  facet normal 0.639528 0.302647 -0.706689
    outer loop
      vertex 73.4213 29.139 -2.5
      vertex 71.3021 27.7562 -5.01
      vertex 71.1023 28.1784 -5.01
    endloop
  endfacet
  facet normal 0.0780908 -0.702817 -0.707071
    outer loop
      vertex 75.0353 34.7272 -5
      vertex 75.2795 32.2392 -2.5
      vertex 75.0344 34.7271 -5
    endloop
  endfacet
  facet normal 0.0346133 -0.706689 -0.706678
    outer loop
      vertex 75.2795 32.2392 -2.5
      vertex 75.0353 34.7272 -5
      vertex 75.5 32.25 -2.5
    endloop
  endfacet
  facet normal 0.421513 -0.568278 -0.706673
    outer loop
      vertex 72.8555 33.9578 -5.01
      vertex 74.0726 31.7393 -2.5
      vertex 72.4803 33.6795 -5.01
    endloop
  endfacet
  facet normal 0.103722 -0.699894 -0.706675
    outer loop
      vertex 75.0344 34.7271 -5
      vertex 75.2795 32.2392 -2.5
      vertex 74.5742 34.6589 -5
    endloop
  endfacet
  facet normal -0.317468 0.634936 -0.704322
    outer loop
      vertex 78.1382 26.0501 -5
      vertex 76.75 28.1292 -2.5
      vertex 78.139 26.0505 -5
    endloop
  endfacet
  facet normal -0.363694 0.606904 -0.706678
    outer loop
      vertex 76.75 28.1292 -2.5
      vertex 78.1382 26.0501 -5
      vertex 76.5606 28.0157 -2.5
    endloop
  endfacet
  facet normal -0.501206 0.501206 -0.705397
    outer loop
      vertex 76.9274 28.2607 -2.5
      vertex 78.514 26.3288 -5
      vertex 78.5134 26.3282 -5
    endloop
  endfacet
  facet normal -0.475194 0.524219 -0.706672
    outer loop
      vertex 78.514 26.3288 -5
      vertex 76.9274 28.2607 -2.5
      vertex 77.091 28.409 -2.5
    endloop
  endfacet
  facet normal -0.421325 -0.568389 -0.706696
    outer loop
      vertex 76.75 31.8708 -2.5
      vertex 78.1397 33.949 -5
      vertex 76.9274 31.7393 -2.5
    endloop
  endfacet
  facet normal -0.411092 -0.575529 -0.706944
    outer loop
      vertex 78.1397 33.949 -5
      vertex 76.75 31.8708 -2.5
      vertex 78.139 33.9495 -5
    endloop
  endfacet
  facet normal -0.475194 -0.524219 -0.706672
    outer loop
      vertex 76.9274 31.7393 -2.5
      vertex 78.514 33.6712 -5
      vertex 77.091 31.591 -2.5
    endloop
  endfacet
  facet normal -0.501206 -0.501206 -0.705397
    outer loop
      vertex 78.514 33.6712 -5
      vertex 76.9274 31.7393 -2.5
      vertex 78.5134 33.6718 -5
    endloop
  endfacet
  facet normal 0.475194 0.52422 -0.706671
    outer loop
      vertex 73.909 28.409 -2.5
      vertex 74.0726 28.2607 -2.5
      vertex 72.4803 26.3205 -5.01
    endloop
  endfacet
  facet normal -0.153414 -0.690361 -0.707012
    outer loop
      vertex 75.9389 32.2068 -2.5
      vertex 76.4258 34.6589 -5
      vertex 76.4267 34.6587 -5
    endloop
  endfacet
  facet normal -0.103827 -0.699871 -0.706683
    outer loop
      vertex 76.4258 34.6589 -5
      vertex 75.9389 32.2068 -2.5
      vertex 75.7205 32.2392 -2.5
    endloop
  endfacet
  facet normal 0.524243 0.475166 -0.706673
    outer loop
      vertex 73.909 28.409 -2.5
      vertex 72.1342 26.6342 -5.01
      vertex 71.8205 26.9803 -5.01
    endloop
  endfacet
  facet normal -0.662758 0.248534 -0.706387
    outer loop
      vertex 80.0452 28.6203 -5
      vertex 77.6531 29.3469 -2.5
      vertex 80.0455 28.6211 -5
    endloop
  endfacet
  facet normal -0.666153 0.238393 -0.706689
    outer loop
      vertex 77.6531 29.3469 -2.5
      vertex 80.0452 28.6203 -5
      vertex 77.5787 29.139 -2.5
    endloop
  endfacet
  facet normal -0.706689 -0.0346133 -0.706678
    outer loop
      vertex 77.7392 30.2205 -2.5
      vertex 80.2272 30.4647 -5
      vertex 77.75 30 -2.5
    endloop
  endfacet
  facet normal -0.702817 -0.0780908 -0.707071
    outer loop
      vertex 80.2272 30.4647 -5
      vertex 77.7392 30.2205 -2.5
      vertex 80.2271 30.4656 -5
    endloop
  endfacet
  facet normal -0.475057 0.524327 -0.706684
    outer loop
      vertex 78.8588 26.6412 -5
      vertex 78.514 26.3288 -5
      vertex 77.091 28.409 -2.5
    endloop
  endfacet
  facet normal -0.103722 0.699894 -0.706675
    outer loop
      vertex 76.4258 25.3411 -5
      vertex 75.9656 25.2729 -5
      vertex 75.7205 27.7608 -2.5
    endloop
  endfacet
  facet normal 0.699892 -0.103783 -0.706668
    outer loop
      vertex 73.2932 30.439 -2.5
      vertex 73.2608 30.2205 -2.5
      vertex 70.8315 30.9286 -5.01
    endloop
  endfacet
  facet normal 0.686337 0.171887 -0.70668
    outer loop
      vertex 73.3469 29.3469 -2.5
      vertex 70.945 28.6182 -5.01
      vertex 70.8315 29.0714 -5.01
    endloop
  endfacet
  facet normal 0.606901 0.363692 -0.706682
    outer loop
      vertex 73.5157 28.9394 -2.5
      vertex 73.6292 28.75 -2.5
      vertex 71.5422 27.3555 -5.01
    endloop
  endfacet
  facet normal -0.0346127 0.706677 -0.706689
    outer loop
      vertex 75.5009 25.25 -5
      vertex 75.5 27.75 -2.5
      vertex 75.7205 27.7608 -2.5
    endloop
  endfacet
  facet normal 0 0.707107 -0.707107
    outer loop
      vertex 75.5 27.75 -2.5
      vertex 75.5009 25.25 -5
      vertex 75.5 25.25 -5
    endloop
  endfacet
  facet normal 0.42133 0.568395 -0.706688
    outer loop
      vertex 74.0726 28.2607 -2.5
      vertex 74.25 28.1292 -2.5
      vertex 72.8555 26.0422 -5.01
    endloop
  endfacet
  facet normal -0.172057 -0.686304 -0.706671
    outer loop
      vertex 75.9389 32.2068 -2.5
      vertex 76.4275 34.6585 -5
      vertex 76.1531 32.1531 -2.5
    endloop
  endfacet
  facet normal -0.171601 -0.686406 -0.706682
    outer loop
      vertex 76.4275 34.6585 -5
      vertex 75.9389 32.2068 -2.5
      vertex 76.4267 34.6587 -5
    endloop
  endfacet
  facet normal 0.171601 0.686406 -0.706682
    outer loop
      vertex 74.5725 25.3415 -5
      vertex 75.0611 27.7932 -2.5
      vertex 74.5733 25.3413 -5
    endloop
  endfacet
  facet normal 0.172057 0.686304 -0.706671
    outer loop
      vertex 75.0611 27.7932 -2.5
      vertex 74.5725 25.3415 -5
      vertex 74.8469 27.8469 -2.5
    endloop
  endfacet
  facet normal -0.699881 -0.103781 -0.70668
    outer loop
      vertex 77.7068 30.439 -2.5
      vertex 80.1589 30.9258 -5
      vertex 77.7392 30.2205 -2.5
    endloop
  endfacet
  facet normal -0.690364 -0.153414 -0.707009
    outer loop
      vertex 80.1589 30.9258 -5
      vertex 77.7068 30.439 -2.5
      vertex 80.1587 30.9267 -5
    endloop
  endfacet
  facet normal 0.363692 0.606901 -0.706682
    outer loop
      vertex 74.25 28.1292 -2.5
      vertex 74.4394 28.0157 -2.5
      vertex 72.8555 26.0422 -5.01
    endloop
  endfacet
  facet normal 0.302588 0.639554 -0.70669
    outer loop
      vertex 74.639 27.9213 -2.5
      vertex 73.6784 25.6023 -5.01
      vertex 73.2561 25.8021 -5.01
    endloop
  endfacet
  facet normal -0.575529 -0.411092 -0.706944
    outer loop
      vertex 77.3708 31.25 -2.5
      vertex 79.449 32.6397 -5
      vertex 79.4495 32.639 -5
    endloop
  endfacet
  facet normal -0.568389 -0.421325 -0.706696
    outer loop
      vertex 79.449 32.6397 -5
      vertex 77.3708 31.25 -2.5
      vertex 77.2393 31.4274 -2.5
    endloop
  endfacet
  facet normal 0.103827 -0.699871 -0.706683
    outer loop
      vertex 75.0611 32.2068 -2.5
      vertex 74.5742 34.6589 -5
      vertex 75.2795 32.2392 -2.5
    endloop
  endfacet
  facet normal 0.153414 -0.690361 -0.707012
    outer loop
      vertex 74.5742 34.6589 -5
      vertex 75.0611 32.2068 -2.5
      vertex 74.5733 34.6587 -5
    endloop
  endfacet
  facet normal 0.103722 0.699894 -0.706675
    outer loop
      vertex 75.2795 27.7608 -2.5
      vertex 75.0344 25.2729 -5
      vertex 74.5742 25.3411 -5
    endloop
  endfacet
  facet normal 0.568278 0.421513 -0.706673
    outer loop
      vertex 73.7607 28.5726 -2.5
      vertex 71.8205 26.9803 -5.01
      vertex 71.5422 27.3555 -5.01
    endloop
  endfacet
  facet normal 0.568395 0.42133 -0.706688
    outer loop
      vertex 73.6292 28.75 -2.5
      vertex 73.7607 28.5726 -2.5
      vertex 71.5422 27.3555 -5.01
    endloop
  endfacet
  facet normal 0.686293 0.172134 -0.706663
    outer loop
      vertex 73.2932 29.561 -2.5
      vertex 73.3469 29.3469 -2.5
      vertex 70.8315 29.0714 -5.01
    endloop
  endfacet
  facet normal -0 0 1
    outer loop
      vertex 74.1182 34.555 -5.01
      vertex 74.485 32.0059 -5.01
      vertex 74.485 34.6469 -5.01
    endloop
  endfacet
  facet normal -0 0 1
    outer loop
      vertex 73.6784 34.3977 -5.01
      vertex 74.485 32.0059 -5.01
      vertex 74.1182 34.555 -5.01
    endloop
  endfacet
  facet normal -0 0 1
    outer loop
      vertex 73.2561 34.1979 -5.01
      vertex 74.485 32.0059 -5.01
      vertex 73.6784 34.3977 -5.01
    endloop
  endfacet
  facet normal 0 0 1
    outer loop
      vertex 74.485 32.0059 -5.01
      vertex 73.2561 34.1979 -5.01
      vertex 74.4394 31.9843 -5.01
    endloop
  endfacet
  facet normal 0 0 1
    outer loop
      vertex 74.4394 31.9843 -5.01
      vertex 73.2561 34.1979 -5.01
      vertex 74.25 31.8708 -5.01
    endloop
  endfacet
  facet normal -0 0 1
    outer loop
      vertex 72.8555 33.9578 -5.01
      vertex 74.25 31.8708 -5.01
      vertex 73.2561 34.1979 -5.01
    endloop
  endfacet
  facet normal 0 0 1
    outer loop
      vertex 74.25 31.8708 -5.01
      vertex 72.8555 33.9578 -5.01
      vertex 74.0726 31.7393 -5.01
    endloop
  endfacet
  facet normal -0 0 1
    outer loop
      vertex 72.4803 33.6795 -5.01
      vertex 74.0726 31.7393 -5.01
      vertex 72.8555 33.9578 -5.01
    endloop
  endfacet
  facet normal 0 0 1
    outer loop
      vertex 74.0726 31.7393 -5.01
      vertex 72.4803 33.6795 -5.01
      vertex 73.909 31.591 -5.01
    endloop
  endfacet
  facet normal -0 0 1
    outer loop
      vertex 72.1342 33.3658 -5.01
      vertex 73.909 31.591 -5.01
      vertex 72.4803 33.6795 -5.01
    endloop
  endfacet
  facet normal 0 0 1
    outer loop
      vertex 73.909 31.591 -5.01
      vertex 72.1342 33.3658 -5.01
      vertex 73.7607 31.4274 -5.01
    endloop
  endfacet
  facet normal -0 0 1
    outer loop
      vertex 71.8205 33.0197 -5.01
      vertex 73.7607 31.4274 -5.01
      vertex 72.1342 33.3658 -5.01
    endloop
  endfacet
  facet normal 0 0 1
    outer loop
      vertex 73.7607 31.4274 -5.01
      vertex 71.8205 33.0197 -5.01
      vertex 73.6292 31.25 -5.01
    endloop
  endfacet
  facet normal -0 0 1
    outer loop
      vertex 71.5422 32.6445 -5.01
      vertex 73.6292 31.25 -5.01
      vertex 71.8205 33.0197 -5.01
    endloop
  endfacet
  facet normal 0 0 1
    outer loop
      vertex 73.6292 31.25 -5.01
      vertex 71.5422 32.6445 -5.01
      vertex 73.5157 31.0606 -5.01
    endloop
  endfacet
  facet normal -0 0 1
    outer loop
      vertex 71.3021 32.2438 -5.01
      vertex 73.5157 31.0606 -5.01
      vertex 71.5422 32.6445 -5.01
    endloop
  endfacet
  facet normal 0 0 1
    outer loop
      vertex 73.2561 25.8021 -5.01
      vertex 74.485 27.9941 -5.01
      vertex 74.4394 28.0157 -5.01
    endloop
  endfacet
  facet normal 0 0 1
    outer loop
      vertex 73.2561 25.8021 -5.01
      vertex 74.4394 28.0157 -5.01
      vertex 74.25 28.1292 -5.01
    endloop
  endfacet
  facet normal 0 0 1
    outer loop
      vertex 74.485 27.9941 -5.01
      vertex 74.1182 25.445 -5.01
      vertex 74.485 25.3531 -5.01
    endloop
  endfacet
  facet normal 0 0 1
    outer loop
      vertex 72.8555 26.0422 -5.01
      vertex 74.25 28.1292 -5.01
      vertex 74.0726 28.2607 -5.01
    endloop
  endfacet
  facet normal 0 0 1
    outer loop
      vertex 72.4803 26.3205 -5.01
      vertex 74.0726 28.2607 -5.01
      vertex 73.909 28.409 -5.01
    endloop
  endfacet
  facet normal 0 0 1
    outer loop
      vertex 72.1342 26.6342 -5.01
      vertex 73.909 28.409 -5.01
      vertex 73.7607 28.5726 -5.01
    endloop
  endfacet
  facet normal 0 0 1
    outer loop
      vertex 74.485 27.9941 -5.01
      vertex 73.6784 25.6023 -5.01
      vertex 74.1182 25.445 -5.01
    endloop
  endfacet
  facet normal 0 0 1
    outer loop
      vertex 71.8205 26.9803 -5.01
      vertex 73.7607 28.5726 -5.01
      vertex 73.6292 28.75 -5.01
    endloop
  endfacet
  facet normal 0 0 1
    outer loop
      vertex 71.5422 27.3555 -5.01
      vertex 73.6292 28.75 -5.01
      vertex 73.5157 28.9394 -5.01
    endloop
  endfacet
  facet normal 0 0 1
    outer loop
      vertex 71.3021 27.7562 -5.01
      vertex 73.5157 28.9394 -5.01
      vertex 73.4213 29.139 -5.01
    endloop
  endfacet
  facet normal 0 0 1
    outer loop
      vertex 71.1023 28.1784 -5.01
      vertex 73.4213 29.139 -5.01
      vertex 73.3469 29.3469 -5.01
    endloop
  endfacet
  facet normal 0 0 1
    outer loop
      vertex 70.945 28.6182 -5.01
      vertex 73.3469 29.3469 -5.01
      vertex 73.2932 29.561 -5.01
    endloop
  endfacet
  facet normal 0 0 1
    outer loop
      vertex 70.8315 29.0714 -5.01
      vertex 73.2932 29.561 -5.01
      vertex 73.2608 29.7795 -5.01
    endloop
  endfacet
  facet normal 0 0 1
    outer loop
      vertex 74.485 27.9941 -5.01
      vertex 73.2561 25.8021 -5.01
      vertex 73.6784 25.6023 -5.01
    endloop
  endfacet
  facet normal 0 0 1
    outer loop
      vertex 70.7629 29.5334 -5.01
      vertex 73.2608 29.7795 -5.01
      vertex 73.25 30 -5.01
    endloop
  endfacet
  facet normal 0 0 1
    outer loop
      vertex 73.5157 31.0606 -5.01
      vertex 71.3021 32.2438 -5.01
      vertex 73.4213 30.861 -5.01
    endloop
  endfacet
  facet normal 0 0 1
    outer loop
      vertex 74.25 28.1292 -5.01
      vertex 72.8555 26.0422 -5.01
      vertex 73.2561 25.8021 -5.01
    endloop
  endfacet
  facet normal -0 0 1
    outer loop
      vertex 71.1023 31.8216 -5.01
      vertex 73.4213 30.861 -5.01
      vertex 71.3021 32.2438 -5.01
    endloop
  endfacet
  facet normal 0 0 1
    outer loop
      vertex 74.0726 28.2607 -5.01
      vertex 72.4803 26.3205 -5.01
      vertex 72.8555 26.0422 -5.01
    endloop
  endfacet
  facet normal 0 0 1
    outer loop
      vertex 73.4213 30.861 -5.01
      vertex 71.1023 31.8216 -5.01
      vertex 73.3469 30.6531 -5.01
    endloop
  endfacet
  facet normal 0 0 1
    outer loop
      vertex 73.909 28.409 -5.01
      vertex 72.1342 26.6342 -5.01
      vertex 72.4803 26.3205 -5.01
    endloop
  endfacet
  facet normal -0 0 1
    outer loop
      vertex 70.945 31.3818 -5.01
      vertex 73.3469 30.6531 -5.01
      vertex 71.1023 31.8216 -5.01
    endloop
  endfacet
  facet normal 0 0 1
    outer loop
      vertex 73.7607 28.5726 -5.01
      vertex 71.8205 26.9803 -5.01
      vertex 72.1342 26.6342 -5.01
    endloop
  endfacet
  facet normal 0 0 1
    outer loop
      vertex 73.3469 30.6531 -5.01
      vertex 70.945 31.3818 -5.01
      vertex 73.2932 30.439 -5.01
    endloop
  endfacet
  facet normal 0 0 1
    outer loop
      vertex 73.6292 28.75 -5.01
      vertex 71.5422 27.3555 -5.01
      vertex 71.8205 26.9803 -5.01
    endloop
  endfacet
  facet normal -0 0 1
    outer loop
      vertex 70.8315 30.9286 -5.01
      vertex 73.2932 30.439 -5.01
      vertex 70.945 31.3818 -5.01
    endloop
  endfacet
  facet normal 0 0 1
    outer loop
      vertex 73.5157 28.9394 -5.01
      vertex 71.3021 27.7562 -5.01
      vertex 71.5422 27.3555 -5.01
    endloop
  endfacet
  facet normal 0 0 1
    outer loop
      vertex 73.2932 30.439 -5.01
      vertex 70.8315 30.9286 -5.01
      vertex 73.2608 30.2205 -5.01
    endloop
  endfacet
  facet normal 0 0 1
    outer loop
      vertex 73.4213 29.139 -5.01
      vertex 71.1023 28.1784 -5.01
      vertex 71.3021 27.7562 -5.01
    endloop
  endfacet
  facet normal -0 0 1
    outer loop
      vertex 70.7629 30.4666 -5.01
      vertex 73.2608 30.2205 -5.01
      vertex 70.8315 30.9286 -5.01
    endloop
  endfacet
  facet normal 0 0 1
    outer loop
      vertex 73.3469 29.3469 -5.01
      vertex 70.945 28.6182 -5.01
      vertex 71.1023 28.1784 -5.01
    endloop
  endfacet
  facet normal 0 0 1
    outer loop
      vertex 73.2608 30.2205 -5.01
      vertex 70.7629 30.4666 -5.01
      vertex 73.25 30 -5.01
    endloop
  endfacet
  facet normal 0 0 1
    outer loop
      vertex 73.2932 29.561 -5.01
      vertex 70.8315 29.0714 -5.01
      vertex 70.945 28.6182 -5.01
    endloop
  endfacet
  facet normal 0 0 1
    outer loop
      vertex 70.74 30 -5.01
      vertex 73.25 30 -5.01
      vertex 70.7629 30.4666 -5.01
    endloop
  endfacet
  facet normal 0 0 1
    outer loop
      vertex 73.2608 29.7795 -5.01
      vertex 70.7629 29.5334 -5.01
      vertex 70.8315 29.0714 -5.01
    endloop
  endfacet
  facet normal 0 0 1
    outer loop
      vertex 73.25 30 -5.01
      vertex 70.74 30 -5.01
      vertex 70.7629 29.5334 -5.01
    endloop
  endfacet
  facet normal -0.302473 0.639619 -0.706681
    outer loop
      vertex 77.7383 25.8105 -5
      vertex 77.3177 25.6116 -5
      vertex 76.361 27.9213 -2.5
    endloop
  endfacet
  facet normal -0.316286 0.632573 -0.706976
    outer loop
      vertex 77.7383 25.8105 -5
      vertex 76.5606 28.0157 -2.5
      vertex 77.7391 25.8109 -5
    endloop
  endfacet
  facet normal -0.302498 0.639604 -0.706683
    outer loop
      vertex 76.5606 28.0157 -2.5
      vertex 77.7383 25.8105 -5
      vertex 76.361 27.9213 -2.5
    endloop
  endfacet
  facet normal 0.335331 0.9421 -0
    outer loop
      vertex 74.8469 109.847 -2.5
      vertex 74.639 109.921 0
      vertex 74.8469 109.847 0
    endloop
  endfacet
  facet normal 0.335331 0.9421 0
    outer loop
      vertex 74.639 109.921 0
      vertex 74.8469 109.847 -2.5
      vertex 74.639 109.921 -2.5
    endloop
  endfacet
  facet normal -0.989135 -0.147009 0
    outer loop
      vertex 77.7392 112.221 -2.5
      vertex 77.7068 112.439 0
      vertex 77.7068 112.439 -2.5
    endloop
  endfacet
  facet normal -0.989135 -0.147009 0
    outer loop
      vertex 77.7068 112.439 0
      vertex 77.7392 112.221 -2.5
      vertex 77.7392 112.221 0
    endloop
  endfacet
  facet normal -0.998808 -0.0488105 0
    outer loop
      vertex 77.75 112 -2.5
      vertex 77.7392 112.221 0
      vertex 77.7392 112.221 -2.5
    endloop
  endfacet
  facet normal -0.998808 -0.0488105 0
    outer loop
      vertex 77.7392 112.221 0
      vertex 77.75 112 -2.5
      vertex 77.75 112 0
    endloop
  endfacet
  facet normal -0.969929 -0.243389 0
    outer loop
      vertex 77.7068 112.439 -2.5
      vertex 77.6531 112.653 0
      vertex 77.6531 112.653 -2.5
    endloop
  endfacet
  facet normal -0.969929 -0.243389 0
    outer loop
      vertex 77.6531 112.653 0
      vertex 77.7068 112.439 -2.5
      vertex 77.7068 112.439 0
    endloop
  endfacet
  facet normal 0.989135 -0.147009 0
    outer loop
      vertex 73.2608 112.221 0
      vertex 73.2932 112.439 -2.5
      vertex 73.2932 112.439 0
    endloop
  endfacet
  facet normal 0.989135 -0.147009 0
    outer loop
      vertex 73.2932 112.439 -2.5
      vertex 73.2608 112.221 0
      vertex 73.2608 112.221 -2.5
    endloop
  endfacet
  facet normal 0.989135 -0.147009 0
    outer loop
      vertex 73.2608 112.221 -5.01
      vertex 73.2932 112.439 -5.80451
      vertex 73.2932 112.439 -5.01
    endloop
  endfacet
  facet normal 0.989135 -0.147009 0
    outer loop
      vertex 73.2932 112.439 -5.80451
      vertex 73.2608 112.221 -5.01
      vertex 73.2608 112.221 -5.82611
    endloop
  endfacet
  facet normal 0.244452 0.969661 -0
    outer loop
      vertex 75.0611 109.793 -2.5
      vertex 74.8469 109.847 0
      vertex 75.0611 109.793 0
    endloop
  endfacet
  facet normal 0.244452 0.969661 0
    outer loop
      vertex 74.8469 109.847 0
      vertex 75.0611 109.793 -2.5
      vertex 74.8469 109.847 -2.5
    endloop
  endfacet
  facet normal -0.335331 -0.9421 0
    outer loop
      vertex 76.1531 114.153 -2.5
      vertex 76.361 114.079 0
      vertex 76.1531 114.153 0
    endloop
  endfacet
  facet normal -0.335331 -0.9421 -0
    outer loop
      vertex 76.361 114.079 0
      vertex 76.1531 114.153 -2.5
      vertex 76.361 114.079 -2.5
    endloop
  endfacet
  facet normal 0.51236 -0.858771 0
    outer loop
      vertex 74.25 113.871 -2.5
      vertex 74.4394 113.984 0
      vertex 74.25 113.871 0
    endloop
  endfacet
  facet normal 0.51236 -0.858771 0
    outer loop
      vertex 74.4394 113.984 0
      vertex 74.25 113.871 -2.5
      vertex 74.4394 113.984 -2.5
    endloop
  endfacet
  facet normal 0.51236 -0.858771 0
    outer loop
      vertex 74.25 113.871 -5.01
      vertex 74.4394 113.984 -5.04043
      vertex 74.4394 113.984 -5.01
    endloop
  endfacet
  facet normal 0.51236 -0.858771 0
    outer loop
      vertex 74.4394 113.984 -5.04043
      vertex 74.25 113.871 -5.01
      vertex 74.25 113.871 -5.16669
    endloop
  endfacet
  facet normal 0.904326 0.426842 0
    outer loop
      vertex 73.5157 110.939 0
      vertex 73.4213 111.139 -2.5
      vertex 73.4213 111.139 0
    endloop
  endfacet
  facet normal 0.904326 0.426842 0
    outer loop
      vertex 73.4213 111.139 -2.5
      vertex 73.5157 110.939 0
      vertex 73.5157 110.939 -2.5
    endloop
  endfacet
  facet normal 0.904326 0.426842 -0
    outer loop
      vertex 73.5157 110.939 -5.65622
      vertex 73.4213 111.139 -5.01
      vertex 73.5157 110.939 -5.01
    endloop
  endfacet
  facet normal 0.904326 0.426842 0
    outer loop
      vertex 73.4213 111.139 -5.01
      vertex 73.5157 110.939 -5.65622
      vertex 73.4213 111.139 -5.71915
    endloop
  endfacet
  facet normal 0.244452 -0.969661 0
    outer loop
      vertex 74.8469 114.153 -2.5
      vertex 75.0611 114.207 0
      vertex 74.8469 114.153 0
    endloop
  endfacet
  facet normal 0.244452 -0.969661 0
    outer loop
      vertex 75.0611 114.207 0
      vertex 74.8469 114.153 -2.5
      vertex 75.0611 114.207 -2.5
    endloop
  endfacet
  facet normal 0.857293 0.514829 0
    outer loop
      vertex 73.6292 110.75 0
      vertex 73.5157 110.939 -2.5
      vertex 73.5157 110.939 0
    endloop
  endfacet
  facet normal 0.857293 0.514829 0
    outer loop
      vertex 73.5157 110.939 -2.5
      vertex 73.6292 110.75 0
      vertex 73.6292 110.75 -2.5
    endloop
  endfacet
  facet normal 0.857293 0.514829 -0
    outer loop
      vertex 73.6292 110.75 -5.58054
      vertex 73.5157 110.939 -5.01
      vertex 73.6292 110.75 -5.01
    endloop
  endfacet
  facet normal 0.857293 0.514829 0
    outer loop
      vertex 73.5157 110.939 -5.01
      vertex 73.6292 110.75 -5.58054
      vertex 73.5157 110.939 -5.65622
    endloop
  endfacet
  facet normal -0.244452 0.969661 0
    outer loop
      vertex 76.1531 109.847 -2.5
      vertex 75.9389 109.793 0
      vertex 76.1531 109.847 0
    endloop
  endfacet
  facet normal -0.244452 0.969661 0
    outer loop
      vertex 75.9389 109.793 0
      vertex 76.1531 109.847 -2.5
      vertex 75.9389 109.793 -2.5
    endloop
  endfacet
  facet normal 0.596957 0.802274 -0
    outer loop
      vertex 74.25 110.129 -2.5
      vertex 74.0726 110.261 0
      vertex 74.25 110.129 0
    endloop
  endfacet
  facet normal 0.596957 0.802274 0
    outer loop
      vertex 74.0726 110.261 0
      vertex 74.25 110.129 -2.5
      vertex 74.0726 110.261 -2.5
    endloop
  endfacet
  facet normal 0.596957 0.802274 -0
    outer loop
      vertex 74.25 110.129 -5.16669
      vertex 74.0726 110.261 -5.01
      vertex 74.25 110.129 -5.01
    endloop
  endfacet
  facet normal 0.596957 0.802274 0
    outer loop
      vertex 74.0726 110.261 -5.01
      vertex 74.25 110.129 -5.16669
      vertex 74.0726 110.261 -5.28492
    endloop
  endfacet
  facet normal -0.51236 0.858771 0
    outer loop
      vertex 76.75 110.129 -2.5
      vertex 76.5606 110.016 0
      vertex 76.75 110.129 0
    endloop
  endfacet
  facet normal -0.51236 0.858771 0
    outer loop
      vertex 76.5606 110.016 0
      vertex 76.75 110.129 -2.5
      vertex 76.5606 110.016 -2.5
    endloop
  endfacet
  facet normal -0.802713 0.596366 0
    outer loop
      vertex 77.2393 110.573 -2.5
      vertex 77.3708 110.75 0
      vertex 77.3708 110.75 -2.5
    endloop
  endfacet
  facet normal -0.802713 0.596366 0
    outer loop
      vertex 77.3708 110.75 0
      vertex 77.2393 110.573 -2.5
      vertex 77.2393 110.573 0
    endloop
  endfacet
  facet normal -0.144972 -0.989436 0
    outer loop
      vertex 75.7205 114.239 -2.5
      vertex 75.9389 114.207 0
      vertex 75.7205 114.239 0
    endloop
  endfacet
  facet normal -0.144972 -0.989436 -0
    outer loop
      vertex 75.9389 114.207 0
      vertex 75.7205 114.239 -2.5
      vertex 75.9389 114.207 -2.5
    endloop
  endfacet
  facet normal 0.596957 -0.802274 0
    outer loop
      vertex 74.0726 113.739 -2.5
      vertex 74.25 113.871 0
      vertex 74.0726 113.739 0
    endloop
  endfacet
  facet normal 0.596957 -0.802274 0
    outer loop
      vertex 74.25 113.871 0
      vertex 74.0726 113.739 -2.5
      vertex 74.25 113.871 -2.5
    endloop
  endfacet
  facet normal 0.596957 -0.802274 0
    outer loop
      vertex 74.0726 113.739 -5.01
      vertex 74.25 113.871 -5.16669
      vertex 74.25 113.871 -5.01
    endloop
  endfacet
  facet normal 0.596957 -0.802274 0
    outer loop
      vertex 74.25 113.871 -5.16669
      vertex 74.0726 113.739 -5.01
      vertex 74.0726 113.739 -5.28492
    endloop
  endfacet
  facet normal -0.429758 0.902944 0
    outer loop
      vertex 76.5606 110.016 -2.5
      vertex 76.361 109.921 0
      vertex 76.5606 110.016 0
    endloop
  endfacet
  facet normal -0.429758 0.902944 0
    outer loop
      vertex 76.361 109.921 0
      vertex 76.5606 110.016 -2.5
      vertex 76.361 109.921 -2.5
    endloop
  endfacet
  facet normal 0.802713 -0.596366 0
    outer loop
      vertex 73.6292 113.25 0
      vertex 73.7607 113.427 -2.5
      vertex 73.7607 113.427 0
    endloop
  endfacet
  facet normal 0.802713 -0.596366 0
    outer loop
      vertex 73.7607 113.427 -2.5
      vertex 73.6292 113.25 0
      vertex 73.6292 113.25 -2.5
    endloop
  endfacet
  facet normal 0.802713 -0.596366 0
    outer loop
      vertex 73.6292 113.25 -5.01
      vertex 73.7607 113.427 -5.49285
      vertex 73.7607 113.427 -5.01
    endloop
  endfacet
  facet normal 0.802713 -0.596366 0
    outer loop
      vertex 73.7607 113.427 -5.49285
      vertex 73.6292 113.25 -5.01
      vertex 73.6292 113.25 -5.58054
    endloop
  endfacet
  facet normal -0.989135 0.147009 0
    outer loop
      vertex 77.7068 111.561 -2.5
      vertex 77.7392 111.779 0
      vertex 77.7392 111.779 -2.5
    endloop
  endfacet
  facet normal -0.989135 0.147009 0
    outer loop
      vertex 77.7392 111.779 0
      vertex 77.7068 111.561 -2.5
      vertex 77.7068 111.561 0
    endloop
  endfacet
  facet normal 0.941578 -0.336795 0
    outer loop
      vertex 73.3469 112.653 0
      vertex 73.4213 112.861 -2.5
      vertex 73.4213 112.861 0
    endloop
  endfacet
  facet normal 0.941578 -0.336795 0
    outer loop
      vertex 73.4213 112.861 -2.5
      vertex 73.3469 112.653 0
      vertex 73.3469 112.653 -2.5
    endloop
  endfacet
  facet normal 0.941578 -0.336795 0
    outer loop
      vertex 73.3469 112.653 -5.01
      vertex 73.4213 112.861 -5.71915
      vertex 73.4213 112.861 -5.01
    endloop
  endfacet
  facet normal 0.941578 -0.336795 0
    outer loop
      vertex 73.4213 112.861 -5.71915
      vertex 73.3469 112.653 -5.01
      vertex 73.3469 112.653 -5.76874
    endloop
  endfacet
  facet normal -0.429758 -0.902944 0
    outer loop
      vertex 76.361 114.079 -2.5
      vertex 76.5606 113.984 0
      vertex 76.361 114.079 0
    endloop
  endfacet
  facet normal -0.429758 -0.902944 -0
    outer loop
      vertex 76.5606 113.984 0
      vertex 76.361 114.079 -2.5
      vertex 76.5606 113.984 -2.5
    endloop
  endfacet
  facet normal 0.941578 0.336795 0
    outer loop
      vertex 73.4213 111.139 0
      vertex 73.3469 111.347 -2.5
      vertex 73.3469 111.347 0
    endloop
  endfacet
  facet normal 0.941578 0.336795 0
    outer loop
      vertex 73.3469 111.347 -2.5
      vertex 73.4213 111.139 0
      vertex 73.4213 111.139 -2.5
    endloop
  endfacet
  facet normal 0.941578 0.336795 -0
    outer loop
      vertex 73.4213 111.139 -5.71915
      vertex 73.3469 111.347 -5.01
      vertex 73.4213 111.139 -5.01
    endloop
  endfacet
  facet normal 0.941578 0.336795 0
    outer loop
      vertex 73.3469 111.347 -5.01
      vertex 73.4213 111.139 -5.71915
      vertex 73.3469 111.347 -5.76874
    endloop
  endfacet
  facet normal -0.969929 0.243389 0
    outer loop
      vertex 77.6531 111.347 -2.5
      vertex 77.7068 111.561 0
      vertex 77.7068 111.561 -2.5
    endloop
  endfacet
  facet normal -0.969929 0.243389 0
    outer loop
      vertex 77.7068 111.561 0
      vertex 77.6531 111.347 -2.5
      vertex 77.6531 111.347 0
    endloop
  endfacet
  facet normal 0.0498247 -0.998758 0
    outer loop
      vertex 75.2795 114.239 -2.5
      vertex 75.5 114.25 0
      vertex 75.2795 114.239 0
    endloop
  endfacet
  facet normal 0.0498247 -0.998758 0
    outer loop
      vertex 75.5 114.25 0
      vertex 75.2795 114.239 -2.5
      vertex 75.5 114.25 -2.5
    endloop
  endfacet
  facet normal -0.670866 -0.741579 0
    outer loop
      vertex 76.9274 113.739 -2.5
      vertex 77.091 113.591 0
      vertex 76.9274 113.739 0
    endloop
  endfacet
  facet normal -0.670866 -0.741579 -0
    outer loop
      vertex 77.091 113.591 0
      vertex 76.9274 113.739 -2.5
      vertex 77.091 113.591 -2.5
    endloop
  endfacet
  facet normal 0.429758 -0.902944 0
    outer loop
      vertex 74.4394 113.984 -2.5
      vertex 74.639 114.079 0
      vertex 74.4394 113.984 0
    endloop
  endfacet
  facet normal 0.429758 -0.902944 0
    outer loop
      vertex 74.639 114.079 0
      vertex 74.4394 113.984 -2.5
      vertex 74.639 114.079 -2.5
    endloop
  endfacet
  facet normal 0.434528 -0.900658 0
    outer loop
      vertex 74.485 114.006 -5.01
      vertex 74.4394 113.984 -5.01
      vertex 74.4394 113.984 -5.04043
    endloop
  endfacet
  facet normal 0.670866 -0.741579 0
    outer loop
      vertex 73.909 113.591 -2.5
      vertex 74.0726 113.739 0
      vertex 73.909 113.591 0
    endloop
  endfacet
  facet normal 0.670866 -0.741579 0
    outer loop
      vertex 74.0726 113.739 0
      vertex 73.909 113.591 -2.5
      vertex 74.0726 113.739 -2.5
    endloop
  endfacet
  facet normal 0.670866 -0.741579 0
    outer loop
      vertex 73.909 113.591 -5.01
      vertex 74.0726 113.739 -5.28492
      vertex 74.0726 113.739 -5.01
    endloop
  endfacet
  facet normal 0.670866 -0.741579 0
    outer loop
      vertex 74.0726 113.739 -5.28492
      vertex 73.909 113.591 -5.01
      vertex 73.909 113.591 -5.39399
    endloop
  endfacet
  facet normal -0.335331 0.9421 0
    outer loop
      vertex 76.361 109.921 -2.5
      vertex 76.1531 109.847 0
      vertex 76.361 109.921 0
    endloop
  endfacet
  facet normal -0.335331 0.9421 0
    outer loop
      vertex 76.1531 109.847 0
      vertex 76.361 109.921 -2.5
      vertex 76.1531 109.847 -2.5
    endloop
  endfacet
  facet normal 0.335331 -0.9421 0
    outer loop
      vertex 74.639 114.079 -2.5
      vertex 74.8469 114.153 0
      vertex 74.639 114.079 0
    endloop
  endfacet
  facet normal 0.335331 -0.9421 0
    outer loop
      vertex 74.8469 114.153 0
      vertex 74.639 114.079 -2.5
      vertex 74.8469 114.153 -2.5
    endloop
  endfacet
  facet normal -0.802713 -0.596366 0
    outer loop
      vertex 77.3708 113.25 -2.5
      vertex 77.2393 113.427 0
      vertex 77.2393 113.427 -2.5
    endloop
  endfacet
  facet normal -0.802713 -0.596366 0
    outer loop
      vertex 77.2393 113.427 0
      vertex 77.3708 113.25 -2.5
      vertex 77.3708 113.25 0
    endloop
  endfacet
  facet normal 0.857293 -0.514829 0
    outer loop
      vertex 73.5157 113.061 0
      vertex 73.6292 113.25 -2.5
      vertex 73.6292 113.25 0
    endloop
  endfacet
  facet normal 0.857293 -0.514829 0
    outer loop
      vertex 73.6292 113.25 -2.5
      vertex 73.5157 113.061 0
      vertex 73.5157 113.061 -2.5
    endloop
  endfacet
  facet normal 0.857293 -0.514829 0
    outer loop
      vertex 73.5157 113.061 -5.01
      vertex 73.6292 113.25 -5.58054
      vertex 73.6292 113.25 -5.01
    endloop
  endfacet
  facet normal 0.857293 -0.514829 0
    outer loop
      vertex 73.6292 113.25 -5.58054
      vertex 73.5157 113.061 -5.01
      vertex 73.5157 113.061 -5.65622
    endloop
  endfacet
  facet normal -0.998808 0.0488105 0
    outer loop
      vertex 77.7392 111.779 -2.5
      vertex 77.75 112 0
      vertex 77.75 112 -2.5
    endloop
  endfacet
  facet normal -0.998808 0.0488105 0
    outer loop
      vertex 77.75 112 0
      vertex 77.7392 111.779 -2.5
      vertex 77.7392 111.779 0
    endloop
  endfacet
  facet normal -0.904326 0.426842 0
    outer loop
      vertex 77.4843 110.939 -2.5
      vertex 77.5787 111.139 0
      vertex 77.5787 111.139 -2.5
    endloop
  endfacet
  facet normal -0.904326 0.426842 0
    outer loop
      vertex 77.5787 111.139 0
      vertex 77.4843 110.939 -2.5
      vertex 77.4843 110.939 0
    endloop
  endfacet
  facet normal 0.670866 0.741579 -0
    outer loop
      vertex 74.0726 110.261 -2.5
      vertex 73.909 110.409 0
      vertex 74.0726 110.261 0
    endloop
  endfacet
  facet normal 0.670866 0.741579 0
    outer loop
      vertex 73.909 110.409 0
      vertex 74.0726 110.261 -2.5
      vertex 73.909 110.409 -2.5
    endloop
  endfacet
  facet normal 0.670866 0.741579 -0
    outer loop
      vertex 74.0726 110.261 -5.28492
      vertex 73.909 110.409 -5.01
      vertex 74.0726 110.261 -5.01
    endloop
  endfacet
  facet normal 0.670866 0.741579 0
    outer loop
      vertex 73.909 110.409 -5.01
      vertex 74.0726 110.261 -5.28492
      vertex 73.909 110.409 -5.39399
    endloop
  endfacet
  facet normal -0.596957 -0.802274 0
    outer loop
      vertex 76.75 113.871 -2.5
      vertex 76.9274 113.739 0
      vertex 76.75 113.871 0
    endloop
  endfacet
  facet normal -0.596957 -0.802274 -0
    outer loop
      vertex 76.9274 113.739 0
      vertex 76.75 113.871 -2.5
      vertex 76.9274 113.739 -2.5
    endloop
  endfacet
  facet normal 0.51236 0.858771 -0
    outer loop
      vertex 74.4394 110.016 -2.5
      vertex 74.25 110.129 0
      vertex 74.4394 110.016 0
    endloop
  endfacet
  facet normal 0.51236 0.858771 0
    outer loop
      vertex 74.25 110.129 0
      vertex 74.4394 110.016 -2.5
      vertex 74.25 110.129 -2.5
    endloop
  endfacet
  facet normal 0.51236 0.858771 -0
    outer loop
      vertex 74.4394 110.016 -5.04043
      vertex 74.25 110.129 -5.01
      vertex 74.4394 110.016 -5.01
    endloop
  endfacet
  facet normal 0.51236 0.858771 0
    outer loop
      vertex 74.25 110.129 -5.01
      vertex 74.4394 110.016 -5.04043
      vertex 74.25 110.129 -5.16669
    endloop
  endfacet
  facet normal -0.51236 -0.858771 0
    outer loop
      vertex 76.5606 113.984 -2.5
      vertex 76.75 113.871 0
      vertex 76.5606 113.984 0
    endloop
  endfacet
  facet normal -0.51236 -0.858771 -0
    outer loop
      vertex 76.75 113.871 0
      vertex 76.5606 113.984 -2.5
      vertex 76.75 113.871 -2.5
    endloop
  endfacet
  facet normal -0.144972 0.989436 0
    outer loop
      vertex 75.9389 109.793 -2.5
      vertex 75.7205 109.761 0
      vertex 75.9389 109.793 0
    endloop
  endfacet
  facet normal -0.144972 0.989436 0
    outer loop
      vertex 75.7205 109.761 0
      vertex 75.9389 109.793 -2.5
      vertex 75.7205 109.761 -2.5
    endloop
  endfacet
  facet normal -0.941578 -0.336795 0
    outer loop
      vertex 77.6531 112.653 -2.5
      vertex 77.5787 112.861 0
      vertex 77.5787 112.861 -2.5
    endloop
  endfacet
  facet normal -0.941578 -0.336795 0
    outer loop
      vertex 77.5787 112.861 0
      vertex 77.6531 112.653 -2.5
      vertex 77.6531 112.653 0
    endloop
  endfacet
  facet normal -0.857293 0.514829 0
    outer loop
      vertex 77.3708 110.75 -2.5
      vertex 77.4843 110.939 0
      vertex 77.4843 110.939 -2.5
    endloop
  endfacet
  facet normal -0.857293 0.514829 0
    outer loop
      vertex 77.4843 110.939 0
      vertex 77.3708 110.75 -2.5
      vertex 77.3708 110.75 0
    endloop
  endfacet
  facet normal 0.998808 0.0488105 0
    outer loop
      vertex 73.2608 111.779 0
      vertex 73.25 112 -2.5
      vertex 73.25 112 0
    endloop
  endfacet
  facet normal 0.998808 0.0488105 0
    outer loop
      vertex 73.25 112 -2.5
      vertex 73.2608 111.779 0
      vertex 73.2608 111.779 -2.5
    endloop
  endfacet
  facet normal 0.998808 0.0488105 -0
    outer loop
      vertex 73.2608 111.779 -5.82611
      vertex 73.25 112 -5.01
      vertex 73.2608 111.779 -5.01
    endloop
  endfacet
  facet normal 0.998808 0.0488105 0
    outer loop
      vertex 73.25 112 -5.01
      vertex 73.2608 111.779 -5.82611
      vertex 73.25 112 -5.83333
    endloop
  endfacet
  facet normal -0.941578 0.336795 0
    outer loop
      vertex 77.5787 111.139 -2.5
      vertex 77.6531 111.347 0
      vertex 77.6531 111.347 -2.5
    endloop
  endfacet
  facet normal -0.941578 0.336795 0
    outer loop
      vertex 77.6531 111.347 0
      vertex 77.5787 111.139 -2.5
      vertex 77.5787 111.139 0
    endloop
  endfacet
  facet normal -0.741718 -0.670712 0
    outer loop
      vertex 77.2393 113.427 -2.5
      vertex 77.091 113.591 0
      vertex 77.091 113.591 -2.5
    endloop
  endfacet
  facet normal -0.741718 -0.670712 0
    outer loop
      vertex 77.091 113.591 0
      vertex 77.2393 113.427 -2.5
      vertex 77.2393 113.427 0
    endloop
  endfacet
  facet normal -0.0498247 -0.998758 0
    outer loop
      vertex 75.5 114.25 -2.5
      vertex 75.7205 114.239 0
      vertex 75.5 114.25 0
    endloop
  endfacet
  facet normal -0.0498247 -0.998758 -0
    outer loop
      vertex 75.7205 114.239 0
      vertex 75.5 114.25 -2.5
      vertex 75.7205 114.239 -2.5
    endloop
  endfacet
  facet normal -0.904326 -0.426842 0
    outer loop
      vertex 77.5787 112.861 -2.5
      vertex 77.4843 113.061 0
      vertex 77.4843 113.061 -2.5
    endloop
  endfacet
  facet normal -0.904326 -0.426842 0
    outer loop
      vertex 77.4843 113.061 0
      vertex 77.5787 112.861 -2.5
      vertex 77.5787 112.861 0
    endloop
  endfacet
  facet normal 0.144972 0.989436 -0
    outer loop
      vertex 75.2795 109.761 -2.5
      vertex 75.0611 109.793 0
      vertex 75.2795 109.761 0
    endloop
  endfacet
  facet normal 0.144972 0.989436 0
    outer loop
      vertex 75.0611 109.793 0
      vertex 75.2795 109.761 -2.5
      vertex 75.0611 109.793 -2.5
    endloop
  endfacet
  facet normal -0.670866 0.741579 0
    outer loop
      vertex 77.091 110.409 -2.5
      vertex 76.9274 110.261 0
      vertex 77.091 110.409 0
    endloop
  endfacet
  facet normal -0.670866 0.741579 0
    outer loop
      vertex 76.9274 110.261 0
      vertex 77.091 110.409 -2.5
      vertex 76.9274 110.261 -2.5
    endloop
  endfacet
  facet normal -0.857293 -0.514829 0
    outer loop
      vertex 77.4843 113.061 -2.5
      vertex 77.3708 113.25 0
      vertex 77.3708 113.25 -2.5
    endloop
  endfacet
  facet normal -0.857293 -0.514829 0
    outer loop
      vertex 77.3708 113.25 0
      vertex 77.4843 113.061 -2.5
      vertex 77.4843 113.061 0
    endloop
  endfacet
  facet normal 0.0498247 0.998758 -0
    outer loop
      vertex 75.5 109.75 -2.5
      vertex 75.2795 109.761 0
      vertex 75.5 109.75 0
    endloop
  endfacet
  facet normal 0.0498247 0.998758 0
    outer loop
      vertex 75.2795 109.761 0
      vertex 75.5 109.75 -2.5
      vertex 75.2795 109.761 -2.5
    endloop
  endfacet
  facet normal 0.741718 -0.670712 0
    outer loop
      vertex 73.7607 113.427 0
      vertex 73.909 113.591 -2.5
      vertex 73.909 113.591 0
    endloop
  endfacet
  facet normal 0.741718 -0.670712 0
    outer loop
      vertex 73.909 113.591 -2.5
      vertex 73.7607 113.427 0
      vertex 73.7607 113.427 -2.5
    endloop
  endfacet
  facet normal 0.741718 -0.670712 0
    outer loop
      vertex 73.7607 113.427 -5.01
      vertex 73.909 113.591 -5.39399
      vertex 73.909 113.591 -5.01
    endloop
  endfacet
  facet normal 0.741718 -0.670712 0
    outer loop
      vertex 73.909 113.591 -5.39399
      vertex 73.7607 113.427 -5.01
      vertex 73.7607 113.427 -5.49285
    endloop
  endfacet
  facet normal 0.144972 -0.989436 0
    outer loop
      vertex 75.0611 114.207 -2.5
      vertex 75.2795 114.239 0
      vertex 75.0611 114.207 0
    endloop
  endfacet
  facet normal 0.144972 -0.989436 0
    outer loop
      vertex 75.2795 114.239 0
      vertex 75.0611 114.207 -2.5
      vertex 75.2795 114.239 -2.5
    endloop
  endfacet
  facet normal 0.904326 -0.426842 0
    outer loop
      vertex 73.4213 112.861 0
      vertex 73.5157 113.061 -2.5
      vertex 73.5157 113.061 0
    endloop
  endfacet
  facet normal 0.904326 -0.426842 0
    outer loop
      vertex 73.5157 113.061 -2.5
      vertex 73.4213 112.861 0
      vertex 73.4213 112.861 -2.5
    endloop
  endfacet
  facet normal 0.904326 -0.426842 0
    outer loop
      vertex 73.4213 112.861 -5.01
      vertex 73.5157 113.061 -5.65622
      vertex 73.5157 113.061 -5.01
    endloop
  endfacet
  facet normal 0.904326 -0.426842 0
    outer loop
      vertex 73.5157 113.061 -5.65622
      vertex 73.4213 112.861 -5.01
      vertex 73.4213 112.861 -5.71915
    endloop
  endfacet
  facet normal 0.969929 -0.243389 0
    outer loop
      vertex 73.2932 112.439 0
      vertex 73.3469 112.653 -2.5
      vertex 73.3469 112.653 0
    endloop
  endfacet
  facet normal 0.969929 -0.243389 0
    outer loop
      vertex 73.3469 112.653 -2.5
      vertex 73.2932 112.439 0
      vertex 73.2932 112.439 -2.5
    endloop
  endfacet
  facet normal 0.969929 -0.243389 0
    outer loop
      vertex 73.2932 112.439 -5.01
      vertex 73.3469 112.653 -5.76874
      vertex 73.3469 112.653 -5.01
    endloop
  endfacet
  facet normal 0.969929 -0.243389 0
    outer loop
      vertex 73.3469 112.653 -5.76874
      vertex 73.2932 112.439 -5.01
      vertex 73.2932 112.439 -5.80451
    endloop
  endfacet
  facet normal -0.244452 -0.969661 0
    outer loop
      vertex 75.9389 114.207 -2.5
      vertex 76.1531 114.153 0
      vertex 75.9389 114.207 0
    endloop
  endfacet
  facet normal -0.244452 -0.969661 -0
    outer loop
      vertex 76.1531 114.153 0
      vertex 75.9389 114.207 -2.5
      vertex 76.1531 114.153 -2.5
    endloop
  endfacet
  facet normal 0.969929 0.243389 0
    outer loop
      vertex 73.3469 111.347 0
      vertex 73.2932 111.561 -2.5
      vertex 73.2932 111.561 0
    endloop
  endfacet
  facet normal 0.969929 0.243389 0
    outer loop
      vertex 73.2932 111.561 -2.5
      vertex 73.3469 111.347 0
      vertex 73.3469 111.347 -2.5
    endloop
  endfacet
  facet normal 0.969929 0.243389 -0
    outer loop
      vertex 73.3469 111.347 -5.76874
      vertex 73.2932 111.561 -5.01
      vertex 73.3469 111.347 -5.01
    endloop
  endfacet
  facet normal 0.969929 0.243389 0
    outer loop
      vertex 73.2932 111.561 -5.01
      vertex 73.3469 111.347 -5.76874
      vertex 73.2932 111.561 -5.80451
    endloop
  endfacet
  facet normal 0.429758 0.902944 -0
    outer loop
      vertex 74.639 109.921 -2.5
      vertex 74.4394 110.016 0
      vertex 74.639 109.921 0
    endloop
  endfacet
  facet normal 0.429758 0.902944 0
    outer loop
      vertex 74.4394 110.016 0
      vertex 74.639 109.921 -2.5
      vertex 74.4394 110.016 -2.5
    endloop
  endfacet
  facet normal 0.434528 0.900658 0
    outer loop
      vertex 74.4394 110.016 -5.01
      vertex 74.485 109.994 -5.01
      vertex 74.4394 110.016 -5.04043
    endloop
  endfacet
  facet normal 0.741718 0.670712 0
    outer loop
      vertex 73.909 110.409 0
      vertex 73.7607 110.573 -2.5
      vertex 73.7607 110.573 0
    endloop
  endfacet
  facet normal 0.741718 0.670712 0
    outer loop
      vertex 73.7607 110.573 -2.5
      vertex 73.909 110.409 0
      vertex 73.909 110.409 -2.5
    endloop
  endfacet
  facet normal 0.741718 0.670712 -0
    outer loop
      vertex 73.909 110.409 -5.39399
      vertex 73.7607 110.573 -5.01
      vertex 73.909 110.409 -5.01
    endloop
  endfacet
  facet normal 0.741718 0.670712 0
    outer loop
      vertex 73.7607 110.573 -5.01
      vertex 73.909 110.409 -5.39399
      vertex 73.7607 110.573 -5.49285
    endloop
  endfacet
  facet normal -0.0498247 0.998758 0
    outer loop
      vertex 75.7205 109.761 -2.5
      vertex 75.5 109.75 0
      vertex 75.7205 109.761 0
    endloop
  endfacet
  facet normal -0.0498247 0.998758 0
    outer loop
      vertex 75.5 109.75 0
      vertex 75.7205 109.761 -2.5
      vertex 75.5 109.75 -2.5
    endloop
  endfacet
  facet normal 0.989135 0.147009 0
    outer loop
      vertex 73.2932 111.561 0
      vertex 73.2608 111.779 -2.5
      vertex 73.2608 111.779 0
    endloop
  endfacet
  facet normal 0.989135 0.147009 0
    outer loop
      vertex 73.2608 111.779 -2.5
      vertex 73.2932 111.561 0
      vertex 73.2932 111.561 -2.5
    endloop
  endfacet
  facet normal 0.989135 0.147009 -0
    outer loop
      vertex 73.2932 111.561 -5.80451
      vertex 73.2608 111.779 -5.01
      vertex 73.2932 111.561 -5.01
    endloop
  endfacet
  facet normal 0.989135 0.147009 0
    outer loop
      vertex 73.2608 111.779 -5.01
      vertex 73.2932 111.561 -5.80451
      vertex 73.2608 111.779 -5.82611
    endloop
  endfacet
  facet normal -0.596957 0.802274 0
    outer loop
      vertex 76.9274 110.261 -2.5
      vertex 76.75 110.129 0
      vertex 76.9274 110.261 0
    endloop
  endfacet
  facet normal -0.596957 0.802274 0
    outer loop
      vertex 76.75 110.129 0
      vertex 76.9274 110.261 -2.5
      vertex 76.75 110.129 -2.5
    endloop
  endfacet
  facet normal 0.802713 0.596366 0
    outer loop
      vertex 73.7607 110.573 0
      vertex 73.6292 110.75 -2.5
      vertex 73.6292 110.75 0
    endloop
  endfacet
  facet normal 0.802713 0.596366 0
    outer loop
      vertex 73.6292 110.75 -2.5
      vertex 73.7607 110.573 0
      vertex 73.7607 110.573 -2.5
    endloop
  endfacet
  facet normal 0.802713 0.596366 -0
    outer loop
      vertex 73.7607 110.573 -5.49285
      vertex 73.6292 110.75 -5.01
      vertex 73.7607 110.573 -5.01
    endloop
  endfacet
  facet normal 0.802713 0.596366 0
    outer loop
      vertex 73.6292 110.75 -5.01
      vertex 73.7607 110.573 -5.49285
      vertex 73.6292 110.75 -5.58054
    endloop
  endfacet
  facet normal 0.998808 -0.0488105 0
    outer loop
      vertex 73.25 112 0
      vertex 73.2608 112.221 -2.5
      vertex 73.2608 112.221 0
    endloop
  endfacet
  facet normal 0.998808 -0.0488105 0
    outer loop
      vertex 73.2608 112.221 -2.5
      vertex 73.25 112 0
      vertex 73.25 112 -2.5
    endloop
  endfacet
  facet normal 0.998808 -0.0488105 0
    outer loop
      vertex 73.25 112 -5.01
      vertex 73.2608 112.221 -5.82611
      vertex 73.2608 112.221 -5.01
    endloop
  endfacet
  facet normal 0.998808 -0.0488105 0
    outer loop
      vertex 73.2608 112.221 -5.82611
      vertex 73.25 112 -5.01
      vertex 73.25 112 -5.83333
    endloop
  endfacet
  facet normal -0.741718 0.670712 0
    outer loop
      vertex 77.091 110.409 -2.5
      vertex 77.2393 110.573 0
      vertex 77.2393 110.573 -2.5
    endloop
  endfacet
  facet normal -0.741718 0.670712 0
    outer loop
      vertex 77.2393 110.573 0
      vertex 77.091 110.409 -2.5
      vertex 77.091 110.409 0
    endloop
  endfacet
  facet normal -0.706682 -0.0346502 -0.706682
    outer loop
      vertex 80.2272 112.465 -5
      vertex 80.25 112 -5
      vertex 77.75 112 -2.5
    endloop
  endfacet
  facet normal 0.639867 -0.302017 -0.706651
    outer loop
      vertex 73.5157 113.061 -2.5
      vertex 73.4213 112.861 -2.5
      vertex 71.3021 114.244 -5.01
    endloop
  endfacet
  facet normal -0.302637 -0.639644 -0.706588
    outer loop
      vertex 77.3177 116.388 -5
      vertex 77.7383 116.189 -5
      vertex 76.361 114.079 -2.5
    endloop
  endfacet
  facet normal 0.237244 0.666526 -0.706723
    outer loop
      vertex 74.639 109.921 -2.5
      vertex 74.8469 109.847 -2.5
      vertex 74.1182 107.445 -5.01
    endloop
  endfacet
  facet normal 0.474598 -0.524624 -0.706772
    outer loop
      vertex 74.0726 113.739 -2.5
      vertex 73.909 113.591 -2.5
      vertex 72.4803 115.68 -5.01
    endloop
  endfacet
  facet normal -0.606871 -0.363818 -0.706643
    outer loop
      vertex 79.4499 114.638 -5
      vertex 79.6891 114.239 -5
      vertex 77.4843 113.061 -2.5
    endloop
  endfacet
  facet normal -0.634936 0.317468 -0.704322
    outer loop
      vertex 79.449 109.36 -5
      vertex 77.3708 110.75 -2.5
      vertex 79.4495 109.361 -5
    endloop
  endfacet
  facet normal -0.567928 0.421935 -0.706703
    outer loop
      vertex 77.3708 110.75 -2.5
      vertex 79.449 109.36 -5
      vertex 77.2393 110.573 -2.5
    endloop
  endfacet
  facet normal 0.237244 -0.666526 -0.706723
    outer loop
      vertex 74.8469 114.153 -2.5
      vertex 74.639 114.079 -2.5
      vertex 74.1182 116.555 -5.01
    endloop
  endfacet
  facet normal -0.677269 -0.203181 -0.707123
    outer loop
      vertex 77.6531 112.653 -2.5
      vertex 80.0452 113.38 -5
      vertex 80.0455 113.379 -5
    endloop
  endfacet
  facet normal -0.666169 -0.238284 -0.70671
    outer loop
      vertex 80.0452 113.38 -5
      vertex 77.6531 112.653 -2.5
      vertex 77.5787 112.861 -2.5
    endloop
  endfacet
  facet normal 0 -0.749969 -0.661473
    outer loop
      vertex 76.5606 113.984 -2.5
      vertex 77.7383 116.189 -5
      vertex 77.7391 116.189 -5
    endloop
  endfacet
  facet normal -0.30406 -0.638846 -0.706699
    outer loop
      vertex 77.7383 116.189 -5
      vertex 76.5606 113.984 -2.5
      vertex 76.361 114.079 -2.5
    endloop
  endfacet
  facet normal -0.173249 0.686006 -0.706668
    outer loop
      vertex 76.8789 107.455 -5
      vertex 76.4275 107.341 -5
      vertex 76.1531 109.847 -2.5
    endloop
  endfacet
  facet normal 0.699865 0.103919 -0.706676
    outer loop
      vertex 73.2608 111.779 -2.5
      vertex 70.8315 111.071 -5.01
      vertex 70.7629 111.533 -5.01
    endloop
  endfacet
  facet normal -0.474716 -0.524622 -0.706694
    outer loop
      vertex 78.514 115.671 -5
      vertex 78.8588 115.359 -5
      vertex 77.091 113.591 -2.5
    endloop
  endfacet
  facet normal 0.302838 -0.639443 -0.706683
    outer loop
      vertex 73.6784 116.398 -5.01
      vertex 74.639 114.079 -2.5
      vertex 73.2561 116.198 -5.01
    endloop
  endfacet
  facet normal 0.524732 0.474499 -0.706758
    outer loop
      vertex 73.7607 110.573 -2.5
      vertex 73.909 110.409 -2.5
      vertex 71.8205 108.98 -5.01
    endloop
  endfacet
  facet normal 0.304027 0.638777 -0.706776
    outer loop
      vertex 74.4394 110.016 -2.5
      vertex 74.639 109.921 -2.5
      vertex 73.2561 107.802 -5.01
    endloop
  endfacet
  facet normal -0.686301 0.171956 -0.706698
    outer loop
      vertex 80.1585 111.072 -5
      vertex 80.0455 110.621 -5
      vertex 77.6531 111.347 -2.5
    endloop
  endfacet
  facet normal -0.639444 0.302822 -0.70669
    outer loop
      vertex 79.8884 110.182 -5
      vertex 79.6895 109.762 -5
      vertex 77.5787 111.139 -2.5
    endloop
  endfacet
  facet normal -0.706682 0.0346502 -0.706682
    outer loop
      vertex 80.25 112 -5
      vertex 80.2272 111.535 -5
      vertex 77.75 112 -2.5
    endloop
  endfacet
  facet normal 0.706687 0.0346534 -0.706677
    outer loop
      vertex 73.2608 111.779 -2.5
      vertex 70.7629 111.533 -5.01
      vertex 70.74 112 -5.01
    endloop
  endfacet
  facet normal 0 0.713927 -0.70022
    outer loop
      vertex 75.9389 109.793 -2.5
      vertex 76.4275 107.341 -5
      vertex 76.4267 107.341 -5
    endloop
  endfacet
  facet normal -0.172956 0.686059 -0.706689
    outer loop
      vertex 76.4275 107.341 -5
      vertex 75.9389 109.793 -2.5
      vertex 76.1531 109.847 -2.5
    endloop
  endfacet
  facet normal 0.237874 -0.666349 -0.706679
    outer loop
      vertex 74.1182 116.555 -5.01
      vertex 74.639 114.079 -2.5
      vertex 73.6784 116.398 -5.01
    endloop
  endfacet
  facet normal 0.56812 -0.421621 -0.706736
    outer loop
      vertex 71.8205 115.02 -5.01
      vertex 73.7607 113.427 -2.5
      vertex 71.5422 114.645 -5.01
    endloop
  endfacet
  facet normal -0.421295 0.568368 -0.706731
    outer loop
      vertex 78.5134 108.328 -5
      vertex 78.1397 108.051 -5
      vertex 76.9274 110.261 -2.5
    endloop
  endfacet
  facet normal 0.666214 0.238171 -0.706706
    outer loop
      vertex 73.4213 111.139 -2.5
      vertex 71.1023 110.178 -5.01
      vertex 70.945 110.618 -5.01
    endloop
  endfacet
  facet normal 0.179483 0.68487 -0.706214
    outer loop
      vertex 74.5 107.36 -5
      vertex 74.8469 109.847 -2.5
      vertex 74.5725 107.341 -5
    endloop
  endfacet
  facet normal 0.168293 0.670979 -0.722125
    outer loop
      vertex 74.1182 107.445 -5.01
      vertex 74.5 107.36 -5
      vertex 74.485 107.353 -5.01
    endloop
  endfacet
  facet normal 0.171339 0.686474 -0.70668
    outer loop
      vertex 74.5 107.36 -5
      vertex 74.1182 107.445 -5.01
      vertex 74.8469 109.847 -2.5
    endloop
  endfacet
  facet normal -0.693377 0.138675 -0.707105
    outer loop
      vertex 77.7068 111.561 -2.5
      vertex 80.1589 111.074 -5
      vertex 80.1587 111.073 -5
    endloop
  endfacet
  facet normal -0.699837 0.104012 -0.706689
    outer loop
      vertex 80.1589 111.074 -5
      vertex 77.7068 111.561 -2.5
      vertex 77.7392 111.779 -2.5
    endloop
  endfacet
  facet normal 0.363593 0.606897 -0.706737
    outer loop
      vertex 74.4394 110.016 -2.5
      vertex 73.2561 107.802 -5.01
      vertex 72.8555 108.042 -5.01
    endloop
  endfacet
  facet normal -0.699891 -0.103766 -0.706672
    outer loop
      vertex 80.1589 112.926 -5
      vertex 80.2271 112.466 -5
      vertex 77.7392 112.221 -2.5
    endloop
  endfacet
  facet normal 0.606517 -0.364231 -0.706734
    outer loop
      vertex 73.6292 113.25 -2.5
      vertex 73.5157 113.061 -2.5
      vertex 71.5422 114.645 -5.01
    endloop
  endfacet
  facet normal 0.639867 0.302017 -0.706651
    outer loop
      vertex 73.4213 111.139 -2.5
      vertex 73.5157 110.939 -2.5
      vertex 71.3021 109.756 -5.01
    endloop
  endfacet
  facet normal 0.699865 -0.103919 -0.706676
    outer loop
      vertex 70.8315 112.929 -5.01
      vertex 73.2608 112.221 -2.5
      vertex 70.7629 112.467 -5.01
    endloop
  endfacet
  facet normal -0.0349754 0.706656 -0.706693
    outer loop
      vertex 75.7205 109.761 -2.5
      vertex 75.9656 107.273 -5
      vertex 75.5009 107.25 -5
    endloop
  endfacet
  facet normal -0.693377 -0.138675 -0.707105
    outer loop
      vertex 77.7068 112.439 -2.5
      vertex 80.1585 112.928 -5
      vertex 80.1587 112.927 -5
    endloop
  endfacet
  facet normal -0.686256 -0.172205 -0.706681
    outer loop
      vertex 80.1585 112.928 -5
      vertex 77.7068 112.439 -2.5
      vertex 77.6531 112.653 -2.5
    endloop
  endfacet
  facet normal 0.686262 -0.172207 -0.706675
    outer loop
      vertex 73.3469 112.653 -2.5
      vertex 73.2932 112.439 -2.5
      vertex 70.8315 112.929 -5.01
    endloop
  endfacet
  facet normal -0.363492 0.606986 -0.706712
    outer loop
      vertex 78.1382 108.05 -5
      vertex 77.7391 107.811 -5
      vertex 76.5606 110.016 -2.5
    endloop
  endfacet
  facet normal -0.238768 -0.666116 -0.706597
    outer loop
      vertex 76.8797 116.545 -5
      vertex 77.3177 116.388 -5
      vertex 76.361 114.079 -2.5
    endloop
  endfacet
  facet normal 0.179483 -0.68487 -0.706214
    outer loop
      vertex 74.8469 114.153 -2.5
      vertex 74.5 116.64 -5
      vertex 74.5725 116.659 -5
    endloop
  endfacet
  facet normal 0.171339 -0.686474 -0.70668
    outer loop
      vertex 74.1182 116.555 -5.01
      vertex 74.5 116.64 -5
      vertex 74.8469 114.153 -2.5
    endloop
  endfacet
  facet normal 0.168293 -0.670979 -0.722125
    outer loop
      vertex 74.5 116.64 -5
      vertex 74.1182 116.555 -5.01
      vertex 74.485 116.647 -5.01
    endloop
  endfacet
  facet normal -0.60961 0.365766 -0.703271
    outer loop
      vertex 79.1712 108.986 -5
      vertex 77.2393 110.573 -2.5
      vertex 79.1718 108.987 -5
    endloop
  endfacet
  facet normal -0.524752 0.474517 -0.706731
    outer loop
      vertex 77.2393 110.573 -2.5
      vertex 79.1712 108.986 -5
      vertex 77.091 110.409 -2.5
    endloop
  endfacet
  facet normal -0.567872 0.422022 -0.706696
    outer loop
      vertex 79.449 109.36 -5
      vertex 79.1718 108.987 -5
      vertex 77.2393 110.573 -2.5
    endloop
  endfacet
  facet normal -0.686301 -0.171956 -0.706698
    outer loop
      vertex 80.0455 113.379 -5
      vertex 80.1585 112.928 -5
      vertex 77.6531 112.653 -2.5
    endloop
  endfacet
  facet normal -0.693377 0.138675 -0.707105
    outer loop
      vertex 80.1585 111.072 -5
      vertex 77.7068 111.561 -2.5
      vertex 80.1587 111.073 -5
    endloop
  endfacet
  facet normal -0.686256 0.172205 -0.706681
    outer loop
      vertex 77.7068 111.561 -2.5
      vertex 80.1585 111.072 -5
      vertex 77.6531 111.347 -2.5
    endloop
  endfacet
  facet normal 0.686307 -0.171956 -0.706692
    outer loop
      vertex 70.945 113.382 -5.01
      vertex 73.3469 112.653 -2.5
      vertex 70.8315 112.929 -5.01
    endloop
  endfacet
  facet normal 0 0.769028 -0.639216
    outer loop
      vertex 76.75 110.129 -2.5
      vertex 78.1397 108.051 -5
      vertex 78.139 108.051 -5
    endloop
  endfacet
  facet normal -0.422389 0.567666 -0.706642
    outer loop
      vertex 78.1397 108.051 -5
      vertex 76.75 110.129 -2.5
      vertex 76.9274 110.261 -2.5
    endloop
  endfacet
  facet normal 0.363593 -0.606897 -0.706737
    outer loop
      vertex 73.2561 116.198 -5.01
      vertex 74.4394 113.984 -2.5
      vertex 72.8555 115.958 -5.01
    endloop
  endfacet
  facet normal -0.524453 -0.474896 -0.706698
    outer loop
      vertex 78.8588 115.359 -5
      vertex 79.1712 115.014 -5
      vertex 77.091 113.591 -2.5
    endloop
  endfacet
  facet normal -0.60961 -0.365766 -0.703271
    outer loop
      vertex 77.2393 113.427 -2.5
      vertex 79.1712 115.014 -5
      vertex 79.1718 115.013 -5
    endloop
  endfacet
  facet normal -0.524752 -0.474517 -0.706731
    outer loop
      vertex 79.1712 115.014 -5
      vertex 77.2393 113.427 -2.5
      vertex 77.091 113.591 -2.5
    endloop
  endfacet
  facet normal 0.422381 -0.567655 -0.706656
    outer loop
      vertex 74.25 113.871 -2.5
      vertex 74.0726 113.739 -2.5
      vertex 72.8555 115.958 -5.01
    endloop
  endfacet
  facet normal 0.607046 -0.363471 -0.706671
    outer loop
      vertex 71.5422 114.645 -5.01
      vertex 73.5157 113.061 -2.5
      vertex 71.3021 114.244 -5.01
    endloop
  endfacet
  facet normal 0.706685 0.0345348 -0.706685
    outer loop
      vertex 73.25 112 -2.5
      vertex 73.2608 111.779 -2.5
      vertex 70.74 112 -5.01
    endloop
  endfacet
  facet normal 0.475396 0.523995 -0.706702
    outer loop
      vertex 73.909 110.409 -2.5
      vertex 72.4803 108.32 -5.01
      vertex 72.1342 108.634 -5.01
    endloop
  endfacet
  facet normal 0.567921 -0.42193 -0.706711
    outer loop
      vertex 73.7607 113.427 -2.5
      vertex 73.6292 113.25 -2.5
      vertex 71.5422 114.645 -5.01
    endloop
  endfacet
  facet normal 0.421171 0.56843 -0.706755
    outer loop
      vertex 74.0726 110.261 -2.5
      vertex 72.8555 108.042 -5.01
      vertex 72.4803 108.32 -5.01
    endloop
  endfacet
  facet normal -0.421295 -0.568368 -0.706731
    outer loop
      vertex 78.1397 115.949 -5
      vertex 78.5134 115.672 -5
      vertex 76.9274 113.739 -2.5
    endloop
  endfacet
  facet normal 0.0349763 -0.706674 -0.706674
    outer loop
      vertex 75.5 116.75 -5
      vertex 75.5 114.25 -2.5
      vertex 75.0353 116.727 -5
    endloop
  endfacet
  facet normal 0.706687 -0.0346534 -0.706677
    outer loop
      vertex 70.7629 112.467 -5.01
      vertex 73.2608 112.221 -2.5
      vertex 70.74 112 -5.01
    endloop
  endfacet
  facet normal -0.23725 -0.666545 -0.706704
    outer loop
      vertex 76.1531 114.153 -2.5
      vertex 76.8797 116.545 -5
      vertex 76.361 114.079 -2.5
    endloop
  endfacet
  facet normal -0 -0.722541 -0.691328
    outer loop
      vertex 76.8797 116.545 -5
      vertex 76.1531 114.153 -2.5
      vertex 76.8789 116.545 -5
    endloop
  endfacet
  facet normal -0.173249 -0.686006 -0.706668
    outer loop
      vertex 76.4275 116.659 -5
      vertex 76.8789 116.545 -5
      vertex 76.1531 114.153 -2.5
    endloop
  endfacet
  facet normal 0.172956 -0.686059 -0.706689
    outer loop
      vertex 74.5725 116.659 -5
      vertex 75.0611 114.207 -2.5
      vertex 74.8469 114.153 -2.5
    endloop
  endfacet
  facet normal 0 -0.713927 -0.70022
    outer loop
      vertex 75.0611 114.207 -2.5
      vertex 74.5725 116.659 -5
      vertex 74.5733 116.659 -5
    endloop
  endfacet
  facet normal -0.567872 -0.422022 -0.706696
    outer loop
      vertex 79.1718 115.013 -5
      vertex 79.449 114.64 -5
      vertex 77.2393 113.427 -2.5
    endloop
  endfacet
  facet normal -0.103421 -0.699917 -0.706697
    outer loop
      vertex 75.9656 116.727 -5
      vertex 76.4258 116.659 -5
      vertex 75.7205 114.239 -2.5
    endloop
  endfacet
  facet normal -0.363492 -0.606986 -0.706712
    outer loop
      vertex 77.7391 116.189 -5
      vertex 78.1382 115.95 -5
      vertex 76.5606 113.984 -2.5
    endloop
  endfacet
  facet normal -0.565254 -0.452204 -0.689927
    outer loop
      vertex 76.75 113.871 -2.5
      vertex 78.1382 115.95 -5
      vertex 78.139 115.949 -5
    endloop
  endfacet
  facet normal -0.362537 -0.60765 -0.706632
    outer loop
      vertex 78.1382 115.95 -5
      vertex 76.75 113.871 -2.5
      vertex 76.5606 113.984 -2.5
    endloop
  endfacet
  facet normal 0 0.707107 -0.707107
    outer loop
      vertex 75.4991 107.25 -5
      vertex 75.5 109.75 -2.5
      vertex 75.5 107.25 -5
    endloop
  endfacet
  facet normal 0.0352529 0.706661 -0.706674
    outer loop
      vertex 75.5 109.75 -2.5
      vertex 75.4991 107.25 -5
      vertex 75.2795 109.761 -2.5
    endloop
  endfacet
  facet normal 0.666181 0.238288 -0.706698
    outer loop
      vertex 73.3469 111.347 -2.5
      vertex 73.4213 111.139 -2.5
      vertex 70.945 110.618 -5.01
    endloop
  endfacet
  facet normal -0.0349763 -0.706674 -0.706674
    outer loop
      vertex 75.5 116.75 -5
      vertex 75.9647 116.727 -5
      vertex 75.5 114.25 -2.5
    endloop
  endfacet
  facet normal -0.666118 -0.238464 -0.706697
    outer loop
      vertex 79.8884 113.818 -5
      vertex 80.0452 113.38 -5
      vertex 77.5787 112.861 -2.5
    endloop
  endfacet
  facet normal -0.639444 -0.302822 -0.70669
    outer loop
      vertex 79.6895 114.238 -5
      vertex 79.8884 113.818 -5
      vertex 77.5787 112.861 -2.5
    endloop
  endfacet
  facet normal -0.666118 0.238464 -0.706697
    outer loop
      vertex 80.0452 110.62 -5
      vertex 79.8884 110.182 -5
      vertex 77.5787 111.139 -2.5
    endloop
  endfacet
  facet normal -0.606871 0.363818 -0.706643
    outer loop
      vertex 79.6891 109.761 -5
      vertex 79.4499 109.362 -5
      vertex 77.4843 110.939 -2.5
    endloop
  endfacet
  facet normal 0.237874 0.666349 -0.706679
    outer loop
      vertex 74.639 109.921 -2.5
      vertex 74.1182 107.445 -5.01
      vertex 73.6784 107.602 -5.01
    endloop
  endfacet
  facet normal 0 0.713927 -0.70022
    outer loop
      vertex 76.4258 107.341 -5
      vertex 75.9389 109.793 -2.5
      vertex 76.4267 107.341 -5
    endloop
  endfacet
  facet normal -0.102579 0.700101 -0.706637
    outer loop
      vertex 75.9389 109.793 -2.5
      vertex 76.4258 107.341 -5
      vertex 75.7205 109.761 -2.5
    endloop
  endfacet
  facet normal 0.0349754 0.706656 -0.706693
    outer loop
      vertex 75.2795 109.761 -2.5
      vertex 75.4991 107.25 -5
      vertex 75.0344 107.273 -5
    endloop
  endfacet
  facet normal -0.658557 0.263423 -0.704919
    outer loop
      vertex 77.4843 110.939 -2.5
      vertex 79.6895 109.762 -5
      vertex 79.6891 109.761 -5
    endloop
  endfacet
  facet normal -0.639888 0.302027 -0.706627
    outer loop
      vertex 79.6895 109.762 -5
      vertex 77.4843 110.939 -2.5
      vertex 77.5787 111.139 -2.5
    endloop
  endfacet
  facet normal 0.639454 -0.302755 -0.706709
    outer loop
      vertex 71.3021 114.244 -5.01
      vertex 73.4213 112.861 -2.5
      vertex 71.1023 113.822 -5.01
    endloop
  endfacet
  facet normal 0.362529 -0.607637 -0.706647
    outer loop
      vertex 74.4394 113.984 -2.5
      vertex 74.25 113.871 -2.5
      vertex 72.8555 115.958 -5.01
    endloop
  endfacet
  facet normal 0.524158 -0.475227 -0.706695
    outer loop
      vertex 72.1342 115.366 -5.01
      vertex 73.909 113.591 -2.5
      vertex 71.8205 115.02 -5.01
    endloop
  endfacet
  facet normal -0.238768 0.666116 -0.706597
    outer loop
      vertex 77.3177 107.612 -5
      vertex 76.8797 107.455 -5
      vertex 76.361 109.921 -2.5
    endloop
  endfacet
  facet normal -0.663676 0.26547 -0.699328
    outer loop
      vertex 77.3708 110.75 -2.5
      vertex 79.4499 109.362 -5
      vertex 79.4495 109.361 -5
    endloop
  endfacet
  facet normal -0.606564 0.364259 -0.706679
    outer loop
      vertex 79.4499 109.362 -5
      vertex 77.3708 110.75 -2.5
      vertex 77.4843 110.939 -2.5
    endloop
  endfacet
  facet normal -0.699891 0.103766 -0.706672
    outer loop
      vertex 80.2271 111.534 -5
      vertex 80.1589 111.074 -5
      vertex 77.7392 111.779 -2.5
    endloop
  endfacet
  facet normal -0.703607 0.0703607 -0.707097
    outer loop
      vertex 77.7392 111.779 -2.5
      vertex 80.2272 111.535 -5
      vertex 80.2271 111.534 -5
    endloop
  endfacet
  facet normal -0.706696 0.0345354 -0.706674
    outer loop
      vertex 80.2272 111.535 -5
      vertex 77.7392 111.779 -2.5
      vertex 77.75 112 -2.5
    endloop
  endfacet
  facet normal -0.606564 -0.364259 -0.706679
    outer loop
      vertex 77.3708 113.25 -2.5
      vertex 79.4499 114.638 -5
      vertex 77.4843 113.061 -2.5
    endloop
  endfacet
  facet normal -0.663676 -0.26547 -0.699328
    outer loop
      vertex 79.4499 114.638 -5
      vertex 77.3708 113.25 -2.5
      vertex 79.4495 114.639 -5
    endloop
  endfacet
  facet normal 0.475396 -0.523995 -0.706702
    outer loop
      vertex 72.4803 115.68 -5.01
      vertex 73.909 113.591 -2.5
      vertex 72.1342 115.366 -5.01
    endloop
  endfacet
  facet normal 0.524732 -0.474499 -0.706758
    outer loop
      vertex 73.909 113.591 -2.5
      vertex 73.7607 113.427 -2.5
      vertex 71.8205 115.02 -5.01
    endloop
  endfacet
  facet normal -0.524453 0.474896 -0.706698
    outer loop
      vertex 79.1712 108.986 -5
      vertex 78.8588 108.641 -5
      vertex 77.091 110.409 -2.5
    endloop
  endfacet
  facet normal 0 0.722541 -0.691328
    outer loop
      vertex 76.1531 109.847 -2.5
      vertex 76.8797 107.455 -5
      vertex 76.8789 107.455 -5
    endloop
  endfacet
  facet normal -0.23725 0.666545 -0.706704
    outer loop
      vertex 76.8797 107.455 -5
      vertex 76.1531 109.847 -2.5
      vertex 76.361 109.921 -2.5
    endloop
  endfacet
  facet normal 0.102579 0.700101 -0.706637
    outer loop
      vertex 74.5742 107.341 -5
      vertex 75.0611 109.793 -2.5
      vertex 75.2795 109.761 -2.5
    endloop
  endfacet
  facet normal 0 0.713927 -0.70022
    outer loop
      vertex 75.0611 109.793 -2.5
      vertex 74.5742 107.341 -5
      vertex 74.5733 107.341 -5
    endloop
  endfacet
  facet normal -0.035252 -0.706642 -0.706693
    outer loop
      vertex 75.9647 116.727 -5
      vertex 75.7205 114.239 -2.5
      vertex 75.5 114.25 -2.5
    endloop
  endfacet
  facet normal 0 -0.708806 -0.705404
    outer loop
      vertex 75.7205 114.239 -2.5
      vertex 75.9647 116.727 -5
      vertex 75.9656 116.727 -5
    endloop
  endfacet
  facet normal -0.639888 -0.302027 -0.706627
    outer loop
      vertex 77.4843 113.061 -2.5
      vertex 79.6895 114.238 -5
      vertex 77.5787 112.861 -2.5
    endloop
  endfacet
  facet normal -0.658557 -0.263423 -0.704919
    outer loop
      vertex 79.6895 114.238 -5
      vertex 77.4843 113.061 -2.5
      vertex 79.6891 114.239 -5
    endloop
  endfacet
  facet normal 0.304027 -0.638777 -0.706776
    outer loop
      vertex 74.639 114.079 -2.5
      vertex 74.4394 113.984 -2.5
      vertex 73.2561 116.198 -5.01
    endloop
  endfacet
  facet normal 0.699844 0.104013 -0.706682
    outer loop
      vertex 73.2608 111.779 -2.5
      vertex 73.2932 111.561 -2.5
      vertex 70.8315 111.071 -5.01
    endloop
  endfacet
  facet normal 0.607046 0.363471 -0.706671
    outer loop
      vertex 73.5157 110.939 -2.5
      vertex 71.5422 109.355 -5.01
      vertex 71.3021 109.756 -5.01
    endloop
  endfacet
  facet normal 0.666214 -0.238171 -0.706706
    outer loop
      vertex 71.1023 113.822 -5.01
      vertex 73.4213 112.861 -2.5
      vertex 70.945 113.382 -5.01
    endloop
  endfacet
  facet normal 0.706685 -0.0345348 -0.706685
    outer loop
      vertex 73.2608 112.221 -2.5
      vertex 73.25 112 -2.5
      vertex 70.74 112 -5.01
    endloop
  endfacet
  facet normal 0.666181 -0.238288 -0.706698
    outer loop
      vertex 73.4213 112.861 -2.5
      vertex 73.3469 112.653 -2.5
      vertex 70.945 113.382 -5.01
    endloop
  endfacet
  facet normal 0.639454 0.302755 -0.706709
    outer loop
      vertex 73.4213 111.139 -2.5
      vertex 71.3021 109.756 -5.01
      vertex 71.1023 110.178 -5.01
    endloop
  endfacet
  facet normal -0 -0.708806 -0.705404
    outer loop
      vertex 75.0353 116.727 -5
      vertex 75.2795 114.239 -2.5
      vertex 75.0344 116.727 -5
    endloop
  endfacet
  facet normal 0.035252 -0.706642 -0.706693
    outer loop
      vertex 75.2795 114.239 -2.5
      vertex 75.0353 116.727 -5
      vertex 75.5 114.25 -2.5
    endloop
  endfacet
  facet normal 0.421171 -0.56843 -0.706755
    outer loop
      vertex 72.8555 115.958 -5.01
      vertex 74.0726 113.739 -2.5
      vertex 72.4803 115.68 -5.01
    endloop
  endfacet
  facet normal 0.103421 -0.699917 -0.706697
    outer loop
      vertex 75.0344 116.727 -5
      vertex 75.2795 114.239 -2.5
      vertex 74.5742 116.659 -5
    endloop
  endfacet
  facet normal -0.565254 0.452204 -0.689927
    outer loop
      vertex 78.1382 108.05 -5
      vertex 76.75 110.129 -2.5
      vertex 78.139 108.051 -5
    endloop
  endfacet
  facet normal -0.362537 0.60765 -0.706632
    outer loop
      vertex 76.75 110.129 -2.5
      vertex 78.1382 108.05 -5
      vertex 76.5606 110.016 -2.5
    endloop
  endfacet
  facet normal -0.624232 0.374539 -0.685606
    outer loop
      vertex 76.9274 110.261 -2.5
      vertex 78.514 108.329 -5
      vertex 78.5134 108.328 -5
    endloop
  endfacet
  facet normal -0.474647 0.524677 -0.7067
    outer loop
      vertex 78.514 108.329 -5
      vertex 76.9274 110.261 -2.5
      vertex 77.091 110.409 -2.5
    endloop
  endfacet
  facet normal -0.422389 -0.567666 -0.706642
    outer loop
      vertex 76.75 113.871 -2.5
      vertex 78.1397 115.949 -5
      vertex 76.9274 113.739 -2.5
    endloop
  endfacet
  facet normal -0 -0.769028 -0.639216
    outer loop
      vertex 78.1397 115.949 -5
      vertex 76.75 113.871 -2.5
      vertex 78.139 115.949 -5
    endloop
  endfacet
  facet normal -0.474647 -0.524677 -0.7067
    outer loop
      vertex 76.9274 113.739 -2.5
      vertex 78.514 115.671 -5
      vertex 77.091 113.591 -2.5
    endloop
  endfacet
  facet normal -0.624232 -0.374539 -0.685606
    outer loop
      vertex 78.514 115.671 -5
      vertex 76.9274 113.739 -2.5
      vertex 78.5134 115.672 -5
    endloop
  endfacet
  facet normal 0.474598 0.524624 -0.706772
    outer loop
      vertex 73.909 110.409 -2.5
      vertex 74.0726 110.261 -2.5
      vertex 72.4803 108.32 -5.01
    endloop
  endfacet
  facet normal 0 -0.713927 -0.70022
    outer loop
      vertex 75.9389 114.207 -2.5
      vertex 76.4258 116.659 -5
      vertex 76.4267 116.659 -5
    endloop
  endfacet
  facet normal -0.102579 -0.700101 -0.706637
    outer loop
      vertex 76.4258 116.659 -5
      vertex 75.9389 114.207 -2.5
      vertex 75.7205 114.239 -2.5
    endloop
  endfacet
  facet normal 0.524158 0.475227 -0.706695
    outer loop
      vertex 73.909 110.409 -2.5
      vertex 72.1342 108.634 -5.01
      vertex 71.8205 108.98 -5.01
    endloop
  endfacet
  facet normal -0.677269 0.203181 -0.707123
    outer loop
      vertex 80.0452 110.62 -5
      vertex 77.6531 111.347 -2.5
      vertex 80.0455 110.621 -5
    endloop
  endfacet
  facet normal -0.666169 0.238284 -0.70671
    outer loop
      vertex 77.6531 111.347 -2.5
      vertex 80.0452 110.62 -5
      vertex 77.5787 111.139 -2.5
    endloop
  endfacet
  facet normal -0.706696 -0.0345354 -0.706674
    outer loop
      vertex 77.7392 112.221 -2.5
      vertex 80.2272 112.465 -5
      vertex 77.75 112 -2.5
    endloop
  endfacet
  facet normal -0.703607 -0.0703607 -0.707097
    outer loop
      vertex 80.2272 112.465 -5
      vertex 77.7392 112.221 -2.5
      vertex 80.2271 112.466 -5
    endloop
  endfacet
  facet normal -0.474716 0.524622 -0.706694
    outer loop
      vertex 78.8588 108.641 -5
      vertex 78.514 108.329 -5
      vertex 77.091 110.409 -2.5
    endloop
  endfacet
  facet normal -0.103421 0.699917 -0.706697
    outer loop
      vertex 76.4258 107.341 -5
      vertex 75.9656 107.273 -5
      vertex 75.7205 109.761 -2.5
    endloop
  endfacet
  facet normal 0.699844 -0.104013 -0.706682
    outer loop
      vertex 73.2932 112.439 -2.5
      vertex 73.2608 112.221 -2.5
      vertex 70.8315 112.929 -5.01
    endloop
  endfacet
  facet normal 0.686307 0.171956 -0.706692
    outer loop
      vertex 73.3469 111.347 -2.5
      vertex 70.945 110.618 -5.01
      vertex 70.8315 111.071 -5.01
    endloop
  endfacet
  facet normal 0.606517 0.364231 -0.706734
    outer loop
      vertex 73.5157 110.939 -2.5
      vertex 73.6292 110.75 -2.5
      vertex 71.5422 109.355 -5.01
    endloop
  endfacet
  facet normal -0.0352529 0.706661 -0.706674
    outer loop
      vertex 75.5009 107.25 -5
      vertex 75.5 109.75 -2.5
      vertex 75.7205 109.761 -2.5
    endloop
  endfacet
  facet normal 0 0.707107 -0.707107
    outer loop
      vertex 75.5 109.75 -2.5
      vertex 75.5009 107.25 -5
      vertex 75.5 107.25 -5
    endloop
  endfacet
  facet normal 0.422381 0.567655 -0.706656
    outer loop
      vertex 74.0726 110.261 -2.5
      vertex 74.25 110.129 -2.5
      vertex 72.8555 108.042 -5.01
    endloop
  endfacet
  facet normal -0.172956 -0.686059 -0.706689
    outer loop
      vertex 75.9389 114.207 -2.5
      vertex 76.4275 116.659 -5
      vertex 76.1531 114.153 -2.5
    endloop
  endfacet
  facet normal -0 -0.713927 -0.70022
    outer loop
      vertex 76.4275 116.659 -5
      vertex 75.9389 114.207 -2.5
      vertex 76.4267 116.659 -5
    endloop
  endfacet
  facet normal 0 0.713927 -0.70022
    outer loop
      vertex 74.5725 107.341 -5
      vertex 75.0611 109.793 -2.5
      vertex 74.5733 107.341 -5
    endloop
  endfacet
  facet normal 0.172956 0.686059 -0.706689
    outer loop
      vertex 75.0611 109.793 -2.5
      vertex 74.5725 107.341 -5
      vertex 74.8469 109.847 -2.5
    endloop
  endfacet
  facet normal -0.699837 -0.104012 -0.706689
    outer loop
      vertex 77.7068 112.439 -2.5
      vertex 80.1589 112.926 -5
      vertex 77.7392 112.221 -2.5
    endloop
  endfacet
  facet normal -0.693377 -0.138675 -0.707105
    outer loop
      vertex 80.1589 112.926 -5
      vertex 77.7068 112.439 -2.5
      vertex 80.1587 112.927 -5
    endloop
  endfacet
  facet normal 0.362529 0.607637 -0.706647
    outer loop
      vertex 74.25 110.129 -2.5
      vertex 74.4394 110.016 -2.5
      vertex 72.8555 108.042 -5.01
    endloop
  endfacet
  facet normal 0.302838 0.639443 -0.706683
    outer loop
      vertex 74.639 109.921 -2.5
      vertex 73.6784 107.602 -5.01
      vertex 73.2561 107.802 -5.01
    endloop
  endfacet
  facet normal -0.634936 -0.317468 -0.704322
    outer loop
      vertex 77.3708 113.25 -2.5
      vertex 79.449 114.64 -5
      vertex 79.4495 114.639 -5
    endloop
  endfacet
  facet normal -0.567928 -0.421935 -0.706703
    outer loop
      vertex 79.449 114.64 -5
      vertex 77.3708 113.25 -2.5
      vertex 77.2393 113.427 -2.5
    endloop
  endfacet
  facet normal 0.102579 -0.700101 -0.706637
    outer loop
      vertex 75.0611 114.207 -2.5
      vertex 74.5742 116.659 -5
      vertex 75.2795 114.239 -2.5
    endloop
  endfacet
  facet normal -0 -0.713927 -0.70022
    outer loop
      vertex 74.5742 116.659 -5
      vertex 75.0611 114.207 -2.5
      vertex 74.5733 116.659 -5
    endloop
  endfacet
  facet normal 0.103421 0.699917 -0.706697
    outer loop
      vertex 75.2795 109.761 -2.5
      vertex 75.0344 107.273 -5
      vertex 74.5742 107.341 -5
    endloop
  endfacet
  facet normal 0.56812 0.421621 -0.706736
    outer loop
      vertex 73.7607 110.573 -2.5
      vertex 71.8205 108.98 -5.01
      vertex 71.5422 109.355 -5.01
    endloop
  endfacet
  facet normal 0.567921 0.42193 -0.706711
    outer loop
      vertex 73.6292 110.75 -2.5
      vertex 73.7607 110.573 -2.5
      vertex 71.5422 109.355 -5.01
    endloop
  endfacet
  facet normal 0.686262 0.172207 -0.706675
    outer loop
      vertex 73.2932 111.561 -2.5
      vertex 73.3469 111.347 -2.5
      vertex 70.8315 111.071 -5.01
    endloop
  endfacet
  facet normal -0 0 1
    outer loop
      vertex 74.1182 116.555 -5.01
      vertex 74.485 114.006 -5.01
      vertex 74.485 116.647 -5.01
    endloop
  endfacet
  facet normal -0 0 1
    outer loop
      vertex 73.6784 116.398 -5.01
      vertex 74.485 114.006 -5.01
      vertex 74.1182 116.555 -5.01
    endloop
  endfacet
  facet normal -0 0 1
    outer loop
      vertex 73.2561 116.198 -5.01
      vertex 74.485 114.006 -5.01
      vertex 73.6784 116.398 -5.01
    endloop
  endfacet
  facet normal 0 0 1
    outer loop
      vertex 74.485 114.006 -5.01
      vertex 73.2561 116.198 -5.01
      vertex 74.4394 113.984 -5.01
    endloop
  endfacet
  facet normal 0 0 1
    outer loop
      vertex 74.4394 113.984 -5.01
      vertex 73.2561 116.198 -5.01
      vertex 74.25 113.871 -5.01
    endloop
  endfacet
  facet normal -0 0 1
    outer loop
      vertex 72.8555 115.958 -5.01
      vertex 74.25 113.871 -5.01
      vertex 73.2561 116.198 -5.01
    endloop
  endfacet
  facet normal 0 0 1
    outer loop
      vertex 74.25 113.871 -5.01
      vertex 72.8555 115.958 -5.01
      vertex 74.0726 113.739 -5.01
    endloop
  endfacet
  facet normal -0 0 1
    outer loop
      vertex 72.4803 115.68 -5.01
      vertex 74.0726 113.739 -5.01
      vertex 72.8555 115.958 -5.01
    endloop
  endfacet
  facet normal 0 0 1
    outer loop
      vertex 74.0726 113.739 -5.01
      vertex 72.4803 115.68 -5.01
      vertex 73.909 113.591 -5.01
    endloop
  endfacet
  facet normal -0 0 1
    outer loop
      vertex 72.1342 115.366 -5.01
      vertex 73.909 113.591 -5.01
      vertex 72.4803 115.68 -5.01
    endloop
  endfacet
  facet normal 0 0 1
    outer loop
      vertex 73.909 113.591 -5.01
      vertex 72.1342 115.366 -5.01
      vertex 73.7607 113.427 -5.01
    endloop
  endfacet
  facet normal -0 0 1
    outer loop
      vertex 71.8205 115.02 -5.01
      vertex 73.7607 113.427 -5.01
      vertex 72.1342 115.366 -5.01
    endloop
  endfacet
  facet normal 0 0 1
    outer loop
      vertex 73.7607 113.427 -5.01
      vertex 71.8205 115.02 -5.01
      vertex 73.6292 113.25 -5.01
    endloop
  endfacet
  facet normal -0 0 1
    outer loop
      vertex 71.5422 114.645 -5.01
      vertex 73.6292 113.25 -5.01
      vertex 71.8205 115.02 -5.01
    endloop
  endfacet
  facet normal 0 0 1
    outer loop
      vertex 73.6292 113.25 -5.01
      vertex 71.5422 114.645 -5.01
      vertex 73.5157 113.061 -5.01
    endloop
  endfacet
  facet normal -0 0 1
    outer loop
      vertex 71.3021 114.244 -5.01
      vertex 73.5157 113.061 -5.01
      vertex 71.5422 114.645 -5.01
    endloop
  endfacet
  facet normal 0 0 1
    outer loop
      vertex 73.2561 107.802 -5.01
      vertex 74.485 109.994 -5.01
      vertex 74.4394 110.016 -5.01
    endloop
  endfacet
  facet normal 0 0 1
    outer loop
      vertex 73.2561 107.802 -5.01
      vertex 74.4394 110.016 -5.01
      vertex 74.25 110.129 -5.01
    endloop
  endfacet
  facet normal 0 0 1
    outer loop
      vertex 74.485 109.994 -5.01
      vertex 74.1182 107.445 -5.01
      vertex 74.485 107.353 -5.01
    endloop
  endfacet
  facet normal 0 0 1
    outer loop
      vertex 72.8555 108.042 -5.01
      vertex 74.25 110.129 -5.01
      vertex 74.0726 110.261 -5.01
    endloop
  endfacet
  facet normal 0 0 1
    outer loop
      vertex 72.4803 108.32 -5.01
      vertex 74.0726 110.261 -5.01
      vertex 73.909 110.409 -5.01
    endloop
  endfacet
  facet normal 0 0 1
    outer loop
      vertex 72.1342 108.634 -5.01
      vertex 73.909 110.409 -5.01
      vertex 73.7607 110.573 -5.01
    endloop
  endfacet
  facet normal 0 0 1
    outer loop
      vertex 74.485 109.994 -5.01
      vertex 73.6784 107.602 -5.01
      vertex 74.1182 107.445 -5.01
    endloop
  endfacet
  facet normal 0 0 1
    outer loop
      vertex 71.8205 108.98 -5.01
      vertex 73.7607 110.573 -5.01
      vertex 73.6292 110.75 -5.01
    endloop
  endfacet
  facet normal 0 0 1
    outer loop
      vertex 71.5422 109.355 -5.01
      vertex 73.6292 110.75 -5.01
      vertex 73.5157 110.939 -5.01
    endloop
  endfacet
  facet normal 0 0 1
    outer loop
      vertex 71.3021 109.756 -5.01
      vertex 73.5157 110.939 -5.01
      vertex 73.4213 111.139 -5.01
    endloop
  endfacet
  facet normal 0 0 1
    outer loop
      vertex 71.1023 110.178 -5.01
      vertex 73.4213 111.139 -5.01
      vertex 73.3469 111.347 -5.01
    endloop
  endfacet
  facet normal 0 0 1
    outer loop
      vertex 70.945 110.618 -5.01
      vertex 73.3469 111.347 -5.01
      vertex 73.2932 111.561 -5.01
    endloop
  endfacet
  facet normal 0 0 1
    outer loop
      vertex 70.8315 111.071 -5.01
      vertex 73.2932 111.561 -5.01
      vertex 73.2608 111.779 -5.01
    endloop
  endfacet
  facet normal 0 0 1
    outer loop
      vertex 74.485 109.994 -5.01
      vertex 73.2561 107.802 -5.01
      vertex 73.6784 107.602 -5.01
    endloop
  endfacet
  facet normal 0 0 1
    outer loop
      vertex 70.7629 111.533 -5.01
      vertex 73.2608 111.779 -5.01
      vertex 73.25 112 -5.01
    endloop
  endfacet
  facet normal 0 0 1
    outer loop
      vertex 73.5157 113.061 -5.01
      vertex 71.3021 114.244 -5.01
      vertex 73.4213 112.861 -5.01
    endloop
  endfacet
  facet normal 0 0 1
    outer loop
      vertex 74.25 110.129 -5.01
      vertex 72.8555 108.042 -5.01
      vertex 73.2561 107.802 -5.01
    endloop
  endfacet
  facet normal -0 0 1
    outer loop
      vertex 71.1023 113.822 -5.01
      vertex 73.4213 112.861 -5.01
      vertex 71.3021 114.244 -5.01
    endloop
  endfacet
  facet normal 0 0 1
    outer loop
      vertex 74.0726 110.261 -5.01
      vertex 72.4803 108.32 -5.01
      vertex 72.8555 108.042 -5.01
    endloop
  endfacet
  facet normal 0 0 1
    outer loop
      vertex 73.4213 112.861 -5.01
      vertex 71.1023 113.822 -5.01
      vertex 73.3469 112.653 -5.01
    endloop
  endfacet
  facet normal 0 0 1
    outer loop
      vertex 73.909 110.409 -5.01
      vertex 72.1342 108.634 -5.01
      vertex 72.4803 108.32 -5.01
    endloop
  endfacet
  facet normal -0 0 1
    outer loop
      vertex 70.945 113.382 -5.01
      vertex 73.3469 112.653 -5.01
      vertex 71.1023 113.822 -5.01
    endloop
  endfacet
  facet normal 0 0 1
    outer loop
      vertex 73.7607 110.573 -5.01
      vertex 71.8205 108.98 -5.01
      vertex 72.1342 108.634 -5.01
    endloop
  endfacet
  facet normal 0 0 1
    outer loop
      vertex 73.3469 112.653 -5.01
      vertex 70.945 113.382 -5.01
      vertex 73.2932 112.439 -5.01
    endloop
  endfacet
  facet normal 0 0 1
    outer loop
      vertex 73.6292 110.75 -5.01
      vertex 71.5422 109.355 -5.01
      vertex 71.8205 108.98 -5.01
    endloop
  endfacet
  facet normal -0 0 1
    outer loop
      vertex 70.8315 112.929 -5.01
      vertex 73.2932 112.439 -5.01
      vertex 70.945 113.382 -5.01
    endloop
  endfacet
  facet normal 0 0 1
    outer loop
      vertex 73.5157 110.939 -5.01
      vertex 71.3021 109.756 -5.01
      vertex 71.5422 109.355 -5.01
    endloop
  endfacet
  facet normal 0 0 1
    outer loop
      vertex 73.2932 112.439 -5.01
      vertex 70.8315 112.929 -5.01
      vertex 73.2608 112.221 -5.01
    endloop
  endfacet
  facet normal 0 0 1
    outer loop
      vertex 73.4213 111.139 -5.01
      vertex 71.1023 110.178 -5.01
      vertex 71.3021 109.756 -5.01
    endloop
  endfacet
  facet normal -0 0 1
    outer loop
      vertex 70.7629 112.467 -5.01
      vertex 73.2608 112.221 -5.01
      vertex 70.8315 112.929 -5.01
    endloop
  endfacet
  facet normal 0 0 1
    outer loop
      vertex 73.3469 111.347 -5.01
      vertex 70.945 110.618 -5.01
      vertex 71.1023 110.178 -5.01
    endloop
  endfacet
  facet normal 0 0 1
    outer loop
      vertex 73.2608 112.221 -5.01
      vertex 70.7629 112.467 -5.01
      vertex 73.25 112 -5.01
    endloop
  endfacet
  facet normal 0 0 1
    outer loop
      vertex 73.2932 111.561 -5.01
      vertex 70.8315 111.071 -5.01
      vertex 70.945 110.618 -5.01
    endloop
  endfacet
  facet normal 0 0 1
    outer loop
      vertex 70.74 112 -5.01
      vertex 73.25 112 -5.01
      vertex 70.7629 112.467 -5.01
    endloop
  endfacet
  facet normal 0 0 1
    outer loop
      vertex 73.2608 111.779 -5.01
      vertex 70.7629 111.533 -5.01
      vertex 70.8315 111.071 -5.01
    endloop
  endfacet
  facet normal 0 0 1
    outer loop
      vertex 73.25 112 -5.01
      vertex 70.74 112 -5.01
      vertex 70.7629 111.533 -5.01
    endloop
  endfacet
  facet normal -0.301379 0.640201 -0.706621
    outer loop
      vertex 77.7383 107.81 -5
      vertex 77.3177 107.612 -5
      vertex 76.361 109.921 -2.5
    endloop
  endfacet
  facet normal -0.574928 0.459943 -0.676691
    outer loop
      vertex 77.7383 107.81 -5
      vertex 76.5606 110.016 -2.5
      vertex 77.7391 107.811 -5
    endloop
  endfacet
  facet normal -0.304005 0.638731 -0.706827
    outer loop
      vertex 76.5606 110.016 -2.5
      vertex 77.7383 107.81 -5
      vertex 76.361 109.921 -2.5
    endloop
  endfacet
  facet normal 0 -0.500004 0.866023
    outer loop
      vertex 65.5 127.5 -23.6467
      vertex 68.5 120.5 -27.6882
      vertex 68.5 127.5 -23.6467
    endloop
  endfacet
  facet normal 0 -0.500004 0.866023
    outer loop
      vertex 68.5 120.5 -27.6882
      vertex 65.5 127.5 -23.6467
      vertex 65.5 120.5 -27.6882
    endloop
  endfacet
  facet normal 0 -1 0
    outer loop
      vertex 65.5 127.5 -23.6467
      vertex 68.5 127.5 -15.5638
      vertex 65.5 127.5 -15.5638
    endloop
  endfacet
  facet normal 0 -1 -0
    outer loop
      vertex 68.5 127.5 -15.5638
      vertex 65.5 127.5 -23.6467
      vertex 68.5 127.5 -23.6467
    endloop
  endfacet
  facet normal 0 -0.499995 -0.866028
    outer loop
      vertex 65.5 120.5 -11.5224
      vertex 68.5 127.5 -15.5638
      vertex 68.5 120.5 -11.5224
    endloop
  endfacet
  facet normal -0 -0.499995 -0.866028
    outer loop
      vertex 68.5 127.5 -15.5638
      vertex 65.5 120.5 -11.5224
      vertex 65.5 127.5 -15.5638
    endloop
  endfacet
  facet normal 0 0.499995 -0.866028
    outer loop
      vertex 65.5 113.5 -15.5638
      vertex 68.5 120.5 -11.5224
      vertex 68.5 113.5 -15.5638
    endloop
  endfacet
  facet normal 0 0.499995 -0.866028
    outer loop
      vertex 68.5 120.5 -11.5224
      vertex 65.5 113.5 -15.5638
      vertex 65.5 120.5 -11.5224
    endloop
  endfacet
  facet normal 0 1 -0
    outer loop
      vertex 68.5 113.5 -23.6467
      vertex 65.5 113.5 -15.5638
      vertex 68.5 113.5 -15.5638
    endloop
  endfacet
  facet normal 0 1 0
    outer loop
      vertex 65.5 113.5 -15.5638
      vertex 68.5 113.5 -23.6467
      vertex 65.5 113.5 -23.6467
    endloop
  endfacet
  facet normal -0 0.500004 0.866023
    outer loop
      vertex 65.5 120.5 -27.6882
      vertex 68.5 113.5 -23.6467
      vertex 68.5 120.5 -27.6882
    endloop
  endfacet
  facet normal 0 0.500004 0.866023
    outer loop
      vertex 68.5 113.5 -23.6467
      vertex 65.5 120.5 -27.6882
      vertex 65.5 113.5 -23.6467
    endloop
  endfacet
  facet normal 0 -0.499995 0.866028
    outer loop
      vertex 65.5 119.25 -37.9362
      vertex 68.5 112.25 -41.9776
      vertex 68.5 119.25 -37.9362
    endloop
  endfacet
  facet normal 0 -0.499995 0.866028
    outer loop
      vertex 68.5 112.25 -41.9776
      vertex 65.5 119.25 -37.9362
      vertex 65.5 112.25 -41.9776
    endloop
  endfacet
  facet normal 0 -1 0
    outer loop
      vertex 65.5 119.25 -37.9362
      vertex 68.5 119.25 -29.8533
      vertex 65.5 119.25 -29.8533
    endloop
  endfacet
  facet normal 0 -1 -0
    outer loop
      vertex 68.5 119.25 -29.8533
      vertex 65.5 119.25 -37.9362
      vertex 68.5 119.25 -37.9362
    endloop
  endfacet
  facet normal 0 -0.500004 -0.866023
    outer loop
      vertex 65.5 112.25 -25.8118
      vertex 68.5 119.25 -29.8533
      vertex 68.5 112.25 -25.8118
    endloop
  endfacet
  facet normal -0 -0.500004 -0.866023
    outer loop
      vertex 68.5 119.25 -29.8533
      vertex 65.5 112.25 -25.8118
      vertex 65.5 119.25 -29.8533
    endloop
  endfacet
  facet normal 0 0.500004 -0.866023
    outer loop
      vertex 65.5 105.25 -29.8533
      vertex 68.5 112.25 -25.8118
      vertex 68.5 105.25 -29.8533
    endloop
  endfacet
  facet normal 0 0.500004 -0.866023
    outer loop
      vertex 68.5 112.25 -25.8118
      vertex 65.5 105.25 -29.8533
      vertex 65.5 112.25 -25.8118
    endloop
  endfacet
  facet normal 0 1 -0
    outer loop
      vertex 68.5 105.25 -37.9362
      vertex 65.5 105.25 -29.8533
      vertex 68.5 105.25 -29.8533
    endloop
  endfacet
  facet normal 0 1 0
    outer loop
      vertex 65.5 105.25 -29.8533
      vertex 68.5 105.25 -37.9362
      vertex 65.5 105.25 -37.9362
    endloop
  endfacet
  facet normal -0 0.499995 0.866028
    outer loop
      vertex 65.5 112.25 -41.9776
      vertex 68.5 105.25 -37.9362
      vertex 68.5 112.25 -41.9776
    endloop
  endfacet
  facet normal 0 0.499995 0.866028
    outer loop
      vertex 68.5 105.25 -37.9362
      vertex 65.5 112.25 -41.9776
      vertex 65.5 105.25 -37.9362
    endloop
  endfacet
  facet normal 0 -0.500004 0.866023
    outer loop
      vertex 65.5 111 -23.6467
      vertex 68.5 104 -27.6882
      vertex 68.5 111 -23.6467
    endloop
  endfacet
  facet normal 0 -0.500004 0.866023
    outer loop
      vertex 68.5 104 -27.6882
      vertex 65.5 111 -23.6467
      vertex 65.5 104 -27.6882
    endloop
  endfacet
  facet normal 0 -1 0
    outer loop
      vertex 65.5 111 -23.6467
      vertex 68.5 111 -15.5638
      vertex 65.5 111 -15.5638
    endloop
  endfacet
  facet normal 0 -1 -0
    outer loop
      vertex 68.5 111 -15.5638
      vertex 65.5 111 -23.6467
      vertex 68.5 111 -23.6467
    endloop
  endfacet
  facet normal 0 -0.499995 -0.866028
    outer loop
      vertex 65.5 104 -11.5224
      vertex 68.5 111 -15.5638
      vertex 68.5 104 -11.5224
    endloop
  endfacet
  facet normal -0 -0.499995 -0.866028
    outer loop
      vertex 68.5 111 -15.5638
      vertex 65.5 104 -11.5224
      vertex 65.5 111 -15.5638
    endloop
  endfacet
  facet normal 0 0.499995 -0.866028
    outer loop
      vertex 65.5 97 -15.5638
      vertex 68.5 104 -11.5224
      vertex 68.5 97 -15.5638
    endloop
  endfacet
  facet normal 0 0.499995 -0.866028
    outer loop
      vertex 68.5 104 -11.5224
      vertex 65.5 97 -15.5638
      vertex 65.5 104 -11.5224
    endloop
  endfacet
  facet normal 0 1 -0
    outer loop
      vertex 68.5 97 -23.6467
      vertex 65.5 97 -15.5638
      vertex 68.5 97 -15.5638
    endloop
  endfacet
  facet normal 0 1 0
    outer loop
      vertex 65.5 97 -15.5638
      vertex 68.5 97 -23.6467
      vertex 65.5 97 -23.6467
    endloop
  endfacet
  facet normal -0 0.500004 0.866023
    outer loop
      vertex 65.5 104 -27.6882
      vertex 68.5 97 -23.6467
      vertex 68.5 104 -27.6882
    endloop
  endfacet
  facet normal 0 0.500004 0.866023
    outer loop
      vertex 68.5 97 -23.6467
      vertex 65.5 104 -27.6882
      vertex 65.5 97 -23.6467
    endloop
  endfacet
  facet normal 0 -0.499995 0.866028
    outer loop
      vertex 65.5 102.75 -37.9362
      vertex 68.5 95.75 -41.9776
      vertex 68.5 102.75 -37.9362
    endloop
  endfacet
  facet normal 0 -0.499995 0.866028
    outer loop
      vertex 68.5 95.75 -41.9776
      vertex 65.5 102.75 -37.9362
      vertex 65.5 95.75 -41.9776
    endloop
  endfacet
  facet normal 0 -1 0
    outer loop
      vertex 65.5 102.75 -37.9362
      vertex 68.5 102.75 -29.8533
      vertex 65.5 102.75 -29.8533
    endloop
  endfacet
  facet normal 0 -1 -0
    outer loop
      vertex 68.5 102.75 -29.8533
      vertex 65.5 102.75 -37.9362
      vertex 68.5 102.75 -37.9362
    endloop
  endfacet
  facet normal 0 -0.500004 -0.866023
    outer loop
      vertex 65.5 95.75 -25.8118
      vertex 68.5 102.75 -29.8533
      vertex 68.5 95.75 -25.8118
    endloop
  endfacet
  facet normal -0 -0.500004 -0.866023
    outer loop
      vertex 68.5 102.75 -29.8533
      vertex 65.5 95.75 -25.8118
      vertex 65.5 102.75 -29.8533
    endloop
  endfacet
  facet normal 0 0.500004 -0.866023
    outer loop
      vertex 65.5 88.75 -29.8533
      vertex 68.5 95.75 -25.8118
      vertex 68.5 88.75 -29.8533
    endloop
  endfacet
  facet normal 0 0.500004 -0.866023
    outer loop
      vertex 68.5 95.75 -25.8118
      vertex 65.5 88.75 -29.8533
      vertex 65.5 95.75 -25.8118
    endloop
  endfacet
  facet normal 0 1 -0
    outer loop
      vertex 68.5 88.75 -37.9362
      vertex 65.5 88.75 -29.8533
      vertex 68.5 88.75 -29.8533
    endloop
  endfacet
  facet normal 0 1 0
    outer loop
      vertex 65.5 88.75 -29.8533
      vertex 68.5 88.75 -37.9362
      vertex 65.5 88.75 -37.9362
    endloop
  endfacet
  facet normal -0 0.499995 0.866028
    outer loop
      vertex 65.5 95.75 -41.9776
      vertex 68.5 88.75 -37.9362
      vertex 68.5 95.75 -41.9776
    endloop
  endfacet
  facet normal 0 0.499995 0.866028
    outer loop
      vertex 68.5 88.75 -37.9362
      vertex 65.5 95.75 -41.9776
      vertex 65.5 88.75 -37.9362
    endloop
  endfacet
  facet normal 0 -0.500004 0.866023
    outer loop
      vertex 65.5 94.5 -23.6467
      vertex 68.5 87.5 -27.6882
      vertex 68.5 94.5 -23.6467
    endloop
  endfacet
  facet normal 0 -0.500004 0.866023
    outer loop
      vertex 68.5 87.5 -27.6882
      vertex 65.5 94.5 -23.6467
      vertex 65.5 87.5 -27.6882
    endloop
  endfacet
  facet normal 0 -1 0
    outer loop
      vertex 65.5 94.5 -23.6467
      vertex 68.5 94.5 -15.5638
      vertex 65.5 94.5 -15.5638
    endloop
  endfacet
  facet normal 0 -1 -0
    outer loop
      vertex 68.5 94.5 -15.5638
      vertex 65.5 94.5 -23.6467
      vertex 68.5 94.5 -23.6467
    endloop
  endfacet
  facet normal 0 -0.499995 -0.866028
    outer loop
      vertex 65.5 87.5 -11.5224
      vertex 68.5 94.5 -15.5638
      vertex 68.5 87.5 -11.5224
    endloop
  endfacet
  facet normal -0 -0.499995 -0.866028
    outer loop
      vertex 68.5 94.5 -15.5638
      vertex 65.5 87.5 -11.5224
      vertex 65.5 94.5 -15.5638
    endloop
  endfacet
  facet normal 0 0.499995 -0.866028
    outer loop
      vertex 65.5 80.5 -15.5638
      vertex 68.5 87.5 -11.5224
      vertex 68.5 80.5 -15.5638
    endloop
  endfacet
  facet normal 0 0.499995 -0.866028
    outer loop
      vertex 68.5 87.5 -11.5224
      vertex 65.5 80.5 -15.5638
      vertex 65.5 87.5 -11.5224
    endloop
  endfacet
  facet normal 0 1 -0
    outer loop
      vertex 68.5 80.5 -23.6467
      vertex 65.5 80.5 -15.5638
      vertex 68.5 80.5 -15.5638
    endloop
  endfacet
  facet normal 0 1 0
    outer loop
      vertex 65.5 80.5 -15.5638
      vertex 68.5 80.5 -23.6467
      vertex 65.5 80.5 -23.6467
    endloop
  endfacet
  facet normal -0 0.500004 0.866023
    outer loop
      vertex 65.5 87.5 -27.6882
      vertex 68.5 80.5 -23.6467
      vertex 68.5 87.5 -27.6882
    endloop
  endfacet
  facet normal 0 0.500004 0.866023
    outer loop
      vertex 68.5 80.5 -23.6467
      vertex 65.5 87.5 -27.6882
      vertex 65.5 80.5 -23.6467
    endloop
  endfacet
  facet normal 0 -0.499995 0.866028
    outer loop
      vertex 65.5 86.25 -37.9362
      vertex 68.5 79.25 -41.9776
      vertex 68.5 86.25 -37.9362
    endloop
  endfacet
  facet normal 0 -0.499995 0.866028
    outer loop
      vertex 68.5 79.25 -41.9776
      vertex 65.5 86.25 -37.9362
      vertex 65.5 79.25 -41.9776
    endloop
  endfacet
  facet normal 0 -1 0
    outer loop
      vertex 65.5 86.25 -37.9362
      vertex 68.5 86.25 -29.8533
      vertex 65.5 86.25 -29.8533
    endloop
  endfacet
  facet normal 0 -1 -0
    outer loop
      vertex 68.5 86.25 -29.8533
      vertex 65.5 86.25 -37.9362
      vertex 68.5 86.25 -37.9362
    endloop
  endfacet
  facet normal 0 -0.500004 -0.866023
    outer loop
      vertex 65.5 79.25 -25.8118
      vertex 68.5 86.25 -29.8533
      vertex 68.5 79.25 -25.8118
    endloop
  endfacet
  facet normal -0 -0.500004 -0.866023
    outer loop
      vertex 68.5 86.25 -29.8533
      vertex 65.5 79.25 -25.8118
      vertex 65.5 86.25 -29.8533
    endloop
  endfacet
  facet normal 0 0.500004 -0.866023
    outer loop
      vertex 65.5 72.25 -29.8533
      vertex 68.5 79.25 -25.8118
      vertex 68.5 72.25 -29.8533
    endloop
  endfacet
  facet normal 0 0.500004 -0.866023
    outer loop
      vertex 68.5 79.25 -25.8118
      vertex 65.5 72.25 -29.8533
      vertex 65.5 79.25 -25.8118
    endloop
  endfacet
  facet normal 0 1 -0
    outer loop
      vertex 68.5 72.25 -37.9362
      vertex 65.5 72.25 -29.8533
      vertex 68.5 72.25 -29.8533
    endloop
  endfacet
  facet normal 0 1 0
    outer loop
      vertex 65.5 72.25 -29.8533
      vertex 68.5 72.25 -37.9362
      vertex 65.5 72.25 -37.9362
    endloop
  endfacet
  facet normal -0 0.499995 0.866028
    outer loop
      vertex 65.5 79.25 -41.9776
      vertex 68.5 72.25 -37.9362
      vertex 68.5 79.25 -41.9776
    endloop
  endfacet
  facet normal 0 0.499995 0.866028
    outer loop
      vertex 68.5 72.25 -37.9362
      vertex 65.5 79.25 -41.9776
      vertex 65.5 72.25 -37.9362
    endloop
  endfacet
  facet normal 0 -0.500004 0.866023
    outer loop
      vertex 65.5 78 -23.6467
      vertex 68.5 71 -27.6882
      vertex 68.5 78 -23.6467
    endloop
  endfacet
  facet normal 0 -0.500004 0.866023
    outer loop
      vertex 68.5 71 -27.6882
      vertex 65.5 78 -23.6467
      vertex 65.5 71 -27.6882
    endloop
  endfacet
  facet normal 0 -1 0
    outer loop
      vertex 65.5 78 -23.6467
      vertex 68.5 78 -15.5638
      vertex 65.5 78 -15.5638
    endloop
  endfacet
  facet normal 0 -1 -0
    outer loop
      vertex 68.5 78 -15.5638
      vertex 65.5 78 -23.6467
      vertex 68.5 78 -23.6467
    endloop
  endfacet
  facet normal 0 -0.499995 -0.866028
    outer loop
      vertex 65.5 71 -11.5224
      vertex 68.5 78 -15.5638
      vertex 68.5 71 -11.5224
    endloop
  endfacet
  facet normal -0 -0.499995 -0.866028
    outer loop
      vertex 68.5 78 -15.5638
      vertex 65.5 71 -11.5224
      vertex 65.5 78 -15.5638
    endloop
  endfacet
  facet normal 0 0.499995 -0.866028
    outer loop
      vertex 65.5 64 -15.5638
      vertex 68.5 71 -11.5224
      vertex 68.5 64 -15.5638
    endloop
  endfacet
  facet normal 0 0.499995 -0.866028
    outer loop
      vertex 68.5 71 -11.5224
      vertex 65.5 64 -15.5638
      vertex 65.5 71 -11.5224
    endloop
  endfacet
  facet normal 0 1 -0
    outer loop
      vertex 68.5 64 -23.6467
      vertex 65.5 64 -15.5638
      vertex 68.5 64 -15.5638
    endloop
  endfacet
  facet normal 0 1 0
    outer loop
      vertex 65.5 64 -15.5638
      vertex 68.5 64 -23.6467
      vertex 65.5 64 -23.6467
    endloop
  endfacet
  facet normal -0 0.500004 0.866023
    outer loop
      vertex 65.5 71 -27.6882
      vertex 68.5 64 -23.6467
      vertex 68.5 71 -27.6882
    endloop
  endfacet
  facet normal 0 0.500004 0.866023
    outer loop
      vertex 68.5 64 -23.6467
      vertex 65.5 71 -27.6882
      vertex 65.5 64 -23.6467
    endloop
  endfacet
  facet normal 0 -0.499995 0.866028
    outer loop
      vertex 65.5 69.75 -37.9362
      vertex 68.5 62.75 -41.9776
      vertex 68.5 69.75 -37.9362
    endloop
  endfacet
  facet normal 0 -0.499995 0.866028
    outer loop
      vertex 68.5 62.75 -41.9776
      vertex 65.5 69.75 -37.9362
      vertex 65.5 62.75 -41.9776
    endloop
  endfacet
  facet normal 0 -1 0
    outer loop
      vertex 65.5 69.75 -37.9362
      vertex 68.5 69.75 -29.8533
      vertex 65.5 69.75 -29.8533
    endloop
  endfacet
  facet normal 0 -1 -0
    outer loop
      vertex 68.5 69.75 -29.8533
      vertex 65.5 69.75 -37.9362
      vertex 68.5 69.75 -37.9362
    endloop
  endfacet
  facet normal 0 -0.500004 -0.866023
    outer loop
      vertex 65.5 62.75 -25.8118
      vertex 68.5 69.75 -29.8533
      vertex 68.5 62.75 -25.8118
    endloop
  endfacet
  facet normal -0 -0.500004 -0.866023
    outer loop
      vertex 68.5 69.75 -29.8533
      vertex 65.5 62.75 -25.8118
      vertex 65.5 69.75 -29.8533
    endloop
  endfacet
  facet normal 0 0.500004 -0.866023
    outer loop
      vertex 65.5 55.75 -29.8533
      vertex 68.5 62.75 -25.8118
      vertex 68.5 55.75 -29.8533
    endloop
  endfacet
  facet normal 0 0.500004 -0.866023
    outer loop
      vertex 68.5 62.75 -25.8118
      vertex 65.5 55.75 -29.8533
      vertex 65.5 62.75 -25.8118
    endloop
  endfacet
  facet normal 0 1 -0
    outer loop
      vertex 68.5 55.75 -37.9362
      vertex 65.5 55.75 -29.8533
      vertex 68.5 55.75 -29.8533
    endloop
  endfacet
  facet normal 0 1 0
    outer loop
      vertex 65.5 55.75 -29.8533
      vertex 68.5 55.75 -37.9362
      vertex 65.5 55.75 -37.9362
    endloop
  endfacet
  facet normal -0 0.499995 0.866028
    outer loop
      vertex 65.5 62.75 -41.9776
      vertex 68.5 55.75 -37.9362
      vertex 68.5 62.75 -41.9776
    endloop
  endfacet
  facet normal 0 0.499995 0.866028
    outer loop
      vertex 68.5 55.75 -37.9362
      vertex 65.5 62.75 -41.9776
      vertex 65.5 55.75 -37.9362
    endloop
  endfacet
  facet normal 0 -0.500004 0.866023
    outer loop
      vertex 65.5 61.5 -23.6467
      vertex 68.5 54.5 -27.6882
      vertex 68.5 61.5 -23.6467
    endloop
  endfacet
  facet normal 0 -0.500004 0.866023
    outer loop
      vertex 68.5 54.5 -27.6882
      vertex 65.5 61.5 -23.6467
      vertex 65.5 54.5 -27.6882
    endloop
  endfacet
  facet normal 0 -1 0
    outer loop
      vertex 65.5 61.5 -23.6467
      vertex 68.5 61.5 -15.5638
      vertex 65.5 61.5 -15.5638
    endloop
  endfacet
  facet normal 0 -1 -0
    outer loop
      vertex 68.5 61.5 -15.5638
      vertex 65.5 61.5 -23.6467
      vertex 68.5 61.5 -23.6467
    endloop
  endfacet
  facet normal 0 -0.499995 -0.866028
    outer loop
      vertex 65.5 54.5 -11.5224
      vertex 68.5 61.5 -15.5638
      vertex 68.5 54.5 -11.5224
    endloop
  endfacet
  facet normal -0 -0.499995 -0.866028
    outer loop
      vertex 68.5 61.5 -15.5638
      vertex 65.5 54.5 -11.5224
      vertex 65.5 61.5 -15.5638
    endloop
  endfacet
  facet normal 0 0.499995 -0.866028
    outer loop
      vertex 65.5 47.5 -15.5638
      vertex 68.5 54.5 -11.5224
      vertex 68.5 47.5 -15.5638
    endloop
  endfacet
  facet normal 0 0.499995 -0.866028
    outer loop
      vertex 68.5 54.5 -11.5224
      vertex 65.5 47.5 -15.5638
      vertex 65.5 54.5 -11.5224
    endloop
  endfacet
  facet normal 0 1 -0
    outer loop
      vertex 68.5 47.5 -23.6467
      vertex 65.5 47.5 -15.5638
      vertex 68.5 47.5 -15.5638
    endloop
  endfacet
  facet normal 0 1 0
    outer loop
      vertex 65.5 47.5 -15.5638
      vertex 68.5 47.5 -23.6467
      vertex 65.5 47.5 -23.6467
    endloop
  endfacet
  facet normal -0 0.500004 0.866023
    outer loop
      vertex 65.5 54.5 -27.6882
      vertex 68.5 47.5 -23.6467
      vertex 68.5 54.5 -27.6882
    endloop
  endfacet
  facet normal 0 0.500004 0.866023
    outer loop
      vertex 68.5 47.5 -23.6467
      vertex 65.5 54.5 -27.6882
      vertex 65.5 47.5 -23.6467
    endloop
  endfacet
  facet normal 0 -0.499995 0.866028
    outer loop
      vertex 65.5 53.25 -37.9362
      vertex 68.5 46.25 -41.9776
      vertex 68.5 53.25 -37.9362
    endloop
  endfacet
  facet normal 0 -0.499995 0.866028
    outer loop
      vertex 68.5 46.25 -41.9776
      vertex 65.5 53.25 -37.9362
      vertex 65.5 46.25 -41.9776
    endloop
  endfacet
  facet normal 0 -1 0
    outer loop
      vertex 65.5 53.25 -37.9362
      vertex 68.5 53.25 -29.8533
      vertex 65.5 53.25 -29.8533
    endloop
  endfacet
  facet normal 0 -1 -0
    outer loop
      vertex 68.5 53.25 -29.8533
      vertex 65.5 53.25 -37.9362
      vertex 68.5 53.25 -37.9362
    endloop
  endfacet
  facet normal 0 -0.500004 -0.866023
    outer loop
      vertex 65.5 46.25 -25.8118
      vertex 68.5 53.25 -29.8533
      vertex 68.5 46.25 -25.8118
    endloop
  endfacet
  facet normal -0 -0.500004 -0.866023
    outer loop
      vertex 68.5 53.25 -29.8533
      vertex 65.5 46.25 -25.8118
      vertex 65.5 53.25 -29.8533
    endloop
  endfacet
  facet normal 0 0.500004 -0.866023
    outer loop
      vertex 65.5 39.25 -29.8533
      vertex 68.5 46.25 -25.8118
      vertex 68.5 39.25 -29.8533
    endloop
  endfacet
  facet normal 0 0.500004 -0.866023
    outer loop
      vertex 68.5 46.25 -25.8118
      vertex 65.5 39.25 -29.8533
      vertex 65.5 46.25 -25.8118
    endloop
  endfacet
  facet normal 0 1 -0
    outer loop
      vertex 68.5 39.25 -37.9362
      vertex 65.5 39.25 -29.8533
      vertex 68.5 39.25 -29.8533
    endloop
  endfacet
  facet normal 0 1 0
    outer loop
      vertex 65.5 39.25 -29.8533
      vertex 68.5 39.25 -37.9362
      vertex 65.5 39.25 -37.9362
    endloop
  endfacet
  facet normal -0 0.499995 0.866028
    outer loop
      vertex 65.5 46.25 -41.9776
      vertex 68.5 39.25 -37.9362
      vertex 68.5 46.25 -41.9776
    endloop
  endfacet
  facet normal 0 0.499995 0.866028
    outer loop
      vertex 68.5 39.25 -37.9362
      vertex 65.5 46.25 -41.9776
      vertex 65.5 39.25 -37.9362
    endloop
  endfacet
  facet normal 0 -0.500004 0.866023
    outer loop
      vertex 65.5 45 -23.6467
      vertex 68.5 38 -27.6882
      vertex 68.5 45 -23.6467
    endloop
  endfacet
  facet normal 0 -0.500004 0.866023
    outer loop
      vertex 68.5 38 -27.6882
      vertex 65.5 45 -23.6467
      vertex 65.5 38 -27.6882
    endloop
  endfacet
  facet normal 0 -1 0
    outer loop
      vertex 65.5 45 -23.6467
      vertex 68.5 45 -15.5638
      vertex 65.5 45 -15.5638
    endloop
  endfacet
  facet normal 0 -1 -0
    outer loop
      vertex 68.5 45 -15.5638
      vertex 65.5 45 -23.6467
      vertex 68.5 45 -23.6467
    endloop
  endfacet
  facet normal 0 -0.499995 -0.866028
    outer loop
      vertex 65.5 38 -11.5224
      vertex 68.5 45 -15.5638
      vertex 68.5 38 -11.5224
    endloop
  endfacet
  facet normal -0 -0.499995 -0.866028
    outer loop
      vertex 68.5 45 -15.5638
      vertex 65.5 38 -11.5224
      vertex 65.5 45 -15.5638
    endloop
  endfacet
  facet normal 0 0.499995 -0.866028
    outer loop
      vertex 65.5 31 -15.5638
      vertex 68.5 38 -11.5224
      vertex 68.5 31 -15.5638
    endloop
  endfacet
  facet normal 0 0.499995 -0.866028
    outer loop
      vertex 68.5 38 -11.5224
      vertex 65.5 31 -15.5638
      vertex 65.5 38 -11.5224
    endloop
  endfacet
  facet normal 0 1 -0
    outer loop
      vertex 68.5 31 -23.6467
      vertex 65.5 31 -15.5638
      vertex 68.5 31 -15.5638
    endloop
  endfacet
  facet normal 0 1 0
    outer loop
      vertex 65.5 31 -15.5638
      vertex 68.5 31 -23.6467
      vertex 65.5 31 -23.6467
    endloop
  endfacet
  facet normal -0 0.500004 0.866023
    outer loop
      vertex 65.5 38 -27.6882
      vertex 68.5 31 -23.6467
      vertex 68.5 38 -27.6882
    endloop
  endfacet
  facet normal 0 0.500004 0.866023
    outer loop
      vertex 68.5 31 -23.6467
      vertex 65.5 38 -27.6882
      vertex 65.5 31 -23.6467
    endloop
  endfacet
  facet normal 0 -0.499995 0.866028
    outer loop
      vertex 65.5 36.75 -37.9362
      vertex 68.5 29.75 -41.9776
      vertex 68.5 36.75 -37.9362
    endloop
  endfacet
  facet normal 0 -0.499995 0.866028
    outer loop
      vertex 68.5 29.75 -41.9776
      vertex 65.5 36.75 -37.9362
      vertex 65.5 29.75 -41.9776
    endloop
  endfacet
  facet normal 0 -1 0
    outer loop
      vertex 65.5 36.75 -37.9362
      vertex 68.5 36.75 -29.8533
      vertex 65.5 36.75 -29.8533
    endloop
  endfacet
  facet normal 0 -1 -0
    outer loop
      vertex 68.5 36.75 -29.8533
      vertex 65.5 36.75 -37.9362
      vertex 68.5 36.75 -37.9362
    endloop
  endfacet
  facet normal 0 -0.500004 -0.866023
    outer loop
      vertex 65.5 29.75 -25.8118
      vertex 68.5 36.75 -29.8533
      vertex 68.5 29.75 -25.8118
    endloop
  endfacet
  facet normal -0 -0.500004 -0.866023
    outer loop
      vertex 68.5 36.75 -29.8533
      vertex 65.5 29.75 -25.8118
      vertex 65.5 36.75 -29.8533
    endloop
  endfacet
  facet normal 0 0.500004 -0.866023
    outer loop
      vertex 65.5 22.75 -29.8533
      vertex 68.5 29.75 -25.8118
      vertex 68.5 22.75 -29.8533
    endloop
  endfacet
  facet normal 0 0.500004 -0.866023
    outer loop
      vertex 68.5 29.75 -25.8118
      vertex 65.5 22.75 -29.8533
      vertex 65.5 29.75 -25.8118
    endloop
  endfacet
  facet normal 0 1 -0
    outer loop
      vertex 68.5 22.75 -37.9362
      vertex 65.5 22.75 -29.8533
      vertex 68.5 22.75 -29.8533
    endloop
  endfacet
  facet normal 0 1 0
    outer loop
      vertex 65.5 22.75 -29.8533
      vertex 68.5 22.75 -37.9362
      vertex 65.5 22.75 -37.9362
    endloop
  endfacet
  facet normal -0 0.499995 0.866028
    outer loop
      vertex 65.5 29.75 -41.9776
      vertex 68.5 22.75 -37.9362
      vertex 68.5 29.75 -41.9776
    endloop
  endfacet
  facet normal 0 0.499995 0.866028
    outer loop
      vertex 68.5 22.75 -37.9362
      vertex 65.5 29.75 -41.9776
      vertex 65.5 22.75 -37.9362
    endloop
  endfacet
  facet normal 0 -0.500004 0.866023
    outer loop
      vertex 65.5 28.5 -23.6467
      vertex 68.5 21.5 -27.6882
      vertex 68.5 28.5 -23.6467
    endloop
  endfacet
  facet normal 0 -0.500004 0.866023
    outer loop
      vertex 68.5 21.5 -27.6882
      vertex 65.5 28.5 -23.6467
      vertex 65.5 21.5 -27.6882
    endloop
  endfacet
  facet normal 0 -1 0
    outer loop
      vertex 65.5 28.5 -23.6467
      vertex 68.5 28.5 -15.5638
      vertex 65.5 28.5 -15.5638
    endloop
  endfacet
  facet normal 0 -1 -0
    outer loop
      vertex 68.5 28.5 -15.5638
      vertex 65.5 28.5 -23.6467
      vertex 68.5 28.5 -23.6467
    endloop
  endfacet
  facet normal 0 -0.499995 -0.866028
    outer loop
      vertex 65.5 21.5 -11.5224
      vertex 68.5 28.5 -15.5638
      vertex 68.5 21.5 -11.5224
    endloop
  endfacet
  facet normal -0 -0.499995 -0.866028
    outer loop
      vertex 68.5 28.5 -15.5638
      vertex 65.5 21.5 -11.5224
      vertex 65.5 28.5 -15.5638
    endloop
  endfacet
  facet normal 0 0.499995 -0.866028
    outer loop
      vertex 65.5 14.5 -15.5638
      vertex 68.5 21.5 -11.5224
      vertex 68.5 14.5 -15.5638
    endloop
  endfacet
  facet normal 0 0.499995 -0.866028
    outer loop
      vertex 68.5 21.5 -11.5224
      vertex 65.5 14.5 -15.5638
      vertex 65.5 21.5 -11.5224
    endloop
  endfacet
  facet normal 0 1 -0
    outer loop
      vertex 68.5 14.5 -23.6467
      vertex 65.5 14.5 -15.5638
      vertex 68.5 14.5 -15.5638
    endloop
  endfacet
  facet normal 0 1 0
    outer loop
      vertex 65.5 14.5 -15.5638
      vertex 68.5 14.5 -23.6467
      vertex 65.5 14.5 -23.6467
    endloop
  endfacet
  facet normal -0 0.500004 0.866023
    outer loop
      vertex 65.5 21.5 -27.6882
      vertex 68.5 14.5 -23.6467
      vertex 68.5 21.5 -27.6882
    endloop
  endfacet
  facet normal 0 0.500004 0.866023
    outer loop
      vertex 68.5 14.5 -23.6467
      vertex 65.5 21.5 -27.6882
      vertex 65.5 14.5 -23.6467
    endloop
  endfacet
  facet normal 0 -0.500004 0.866023
    outer loop
      vertex -68.5 127.5 -23.6467
      vertex -65.5 120.5 -27.6882
      vertex -65.5 127.5 -23.6467
    endloop
  endfacet
  facet normal 0 -0.500004 0.866023
    outer loop
      vertex -65.5 120.5 -27.6882
      vertex -68.5 127.5 -23.6467
      vertex -68.5 120.5 -27.6882
    endloop
  endfacet
  facet normal 0 -1 0
    outer loop
      vertex -68.5 127.5 -23.6467
      vertex -65.5 127.5 -15.5638
      vertex -68.5 127.5 -15.5638
    endloop
  endfacet
  facet normal 0 -1 -0
    outer loop
      vertex -65.5 127.5 -15.5638
      vertex -68.5 127.5 -23.6467
      vertex -65.5 127.5 -23.6467
    endloop
  endfacet
  facet normal 0 -0.499995 -0.866028
    outer loop
      vertex -68.5 120.5 -11.5224
      vertex -65.5 127.5 -15.5638
      vertex -65.5 120.5 -11.5224
    endloop
  endfacet
  facet normal -0 -0.499995 -0.866028
    outer loop
      vertex -65.5 127.5 -15.5638
      vertex -68.5 120.5 -11.5224
      vertex -68.5 127.5 -15.5638
    endloop
  endfacet
  facet normal 0 0.499995 -0.866028
    outer loop
      vertex -68.5 113.5 -15.5638
      vertex -65.5 120.5 -11.5224
      vertex -65.5 113.5 -15.5638
    endloop
  endfacet
  facet normal 0 0.499995 -0.866028
    outer loop
      vertex -65.5 120.5 -11.5224
      vertex -68.5 113.5 -15.5638
      vertex -68.5 120.5 -11.5224
    endloop
  endfacet
  facet normal 0 1 -0
    outer loop
      vertex -65.5 113.5 -23.6467
      vertex -68.5 113.5 -15.5638
      vertex -65.5 113.5 -15.5638
    endloop
  endfacet
  facet normal 0 1 0
    outer loop
      vertex -68.5 113.5 -15.5638
      vertex -65.5 113.5 -23.6467
      vertex -68.5 113.5 -23.6467
    endloop
  endfacet
  facet normal -0 0.500004 0.866023
    outer loop
      vertex -68.5 120.5 -27.6882
      vertex -65.5 113.5 -23.6467
      vertex -65.5 120.5 -27.6882
    endloop
  endfacet
  facet normal 0 0.500004 0.866023
    outer loop
      vertex -65.5 113.5 -23.6467
      vertex -68.5 120.5 -27.6882
      vertex -68.5 113.5 -23.6467
    endloop
  endfacet
  facet normal 0 -0.499995 0.866028
    outer loop
      vertex -68.5 119.25 -37.9362
      vertex -65.5 112.25 -41.9776
      vertex -65.5 119.25 -37.9362
    endloop
  endfacet
  facet normal 0 -0.499995 0.866028
    outer loop
      vertex -65.5 112.25 -41.9776
      vertex -68.5 119.25 -37.9362
      vertex -68.5 112.25 -41.9776
    endloop
  endfacet
  facet normal 0 -1 0
    outer loop
      vertex -68.5 119.25 -37.9362
      vertex -65.5 119.25 -29.8533
      vertex -68.5 119.25 -29.8533
    endloop
  endfacet
  facet normal 0 -1 -0
    outer loop
      vertex -65.5 119.25 -29.8533
      vertex -68.5 119.25 -37.9362
      vertex -65.5 119.25 -37.9362
    endloop
  endfacet
  facet normal 0 -0.500004 -0.866023
    outer loop
      vertex -68.5 112.25 -25.8118
      vertex -65.5 119.25 -29.8533
      vertex -65.5 112.25 -25.8118
    endloop
  endfacet
  facet normal -0 -0.500004 -0.866023
    outer loop
      vertex -65.5 119.25 -29.8533
      vertex -68.5 112.25 -25.8118
      vertex -68.5 119.25 -29.8533
    endloop
  endfacet
  facet normal 0 0.500004 -0.866023
    outer loop
      vertex -68.5 105.25 -29.8533
      vertex -65.5 112.25 -25.8118
      vertex -65.5 105.25 -29.8533
    endloop
  endfacet
  facet normal 0 0.500004 -0.866023
    outer loop
      vertex -65.5 112.25 -25.8118
      vertex -68.5 105.25 -29.8533
      vertex -68.5 112.25 -25.8118
    endloop
  endfacet
  facet normal 0 1 -0
    outer loop
      vertex -65.5 105.25 -37.9362
      vertex -68.5 105.25 -29.8533
      vertex -65.5 105.25 -29.8533
    endloop
  endfacet
  facet normal 0 1 0
    outer loop
      vertex -68.5 105.25 -29.8533
      vertex -65.5 105.25 -37.9362
      vertex -68.5 105.25 -37.9362
    endloop
  endfacet
  facet normal -0 0.499995 0.866028
    outer loop
      vertex -68.5 112.25 -41.9776
      vertex -65.5 105.25 -37.9362
      vertex -65.5 112.25 -41.9776
    endloop
  endfacet
  facet normal 0 0.499995 0.866028
    outer loop
      vertex -65.5 105.25 -37.9362
      vertex -68.5 112.25 -41.9776
      vertex -68.5 105.25 -37.9362
    endloop
  endfacet
  facet normal 0 -0.500004 0.866023
    outer loop
      vertex -68.5 111 -23.6467
      vertex -65.5 104 -27.6882
      vertex -65.5 111 -23.6467
    endloop
  endfacet
  facet normal 0 -0.500004 0.866023
    outer loop
      vertex -65.5 104 -27.6882
      vertex -68.5 111 -23.6467
      vertex -68.5 104 -27.6882
    endloop
  endfacet
  facet normal 0 -1 0
    outer loop
      vertex -68.5 111 -23.6467
      vertex -65.5 111 -15.5638
      vertex -68.5 111 -15.5638
    endloop
  endfacet
  facet normal 0 -1 -0
    outer loop
      vertex -65.5 111 -15.5638
      vertex -68.5 111 -23.6467
      vertex -65.5 111 -23.6467
    endloop
  endfacet
  facet normal 0 -0.499995 -0.866028
    outer loop
      vertex -68.5 104 -11.5224
      vertex -65.5 111 -15.5638
      vertex -65.5 104 -11.5224
    endloop
  endfacet
  facet normal -0 -0.499995 -0.866028
    outer loop
      vertex -65.5 111 -15.5638
      vertex -68.5 104 -11.5224
      vertex -68.5 111 -15.5638
    endloop
  endfacet
  facet normal 0 0.499995 -0.866028
    outer loop
      vertex -68.5 97 -15.5638
      vertex -65.5 104 -11.5224
      vertex -65.5 97 -15.5638
    endloop
  endfacet
  facet normal 0 0.499995 -0.866028
    outer loop
      vertex -65.5 104 -11.5224
      vertex -68.5 97 -15.5638
      vertex -68.5 104 -11.5224
    endloop
  endfacet
  facet normal 0 1 -0
    outer loop
      vertex -65.5 97 -23.6467
      vertex -68.5 97 -15.5638
      vertex -65.5 97 -15.5638
    endloop
  endfacet
  facet normal 0 1 0
    outer loop
      vertex -68.5 97 -15.5638
      vertex -65.5 97 -23.6467
      vertex -68.5 97 -23.6467
    endloop
  endfacet
  facet normal -0 0.500004 0.866023
    outer loop
      vertex -68.5 104 -27.6882
      vertex -65.5 97 -23.6467
      vertex -65.5 104 -27.6882
    endloop
  endfacet
  facet normal 0 0.500004 0.866023
    outer loop
      vertex -65.5 97 -23.6467
      vertex -68.5 104 -27.6882
      vertex -68.5 97 -23.6467
    endloop
  endfacet
  facet normal 0 -0.499995 0.866028
    outer loop
      vertex -68.5 102.75 -37.9362
      vertex -65.5 95.75 -41.9776
      vertex -65.5 102.75 -37.9362
    endloop
  endfacet
  facet normal 0 -0.499995 0.866028
    outer loop
      vertex -65.5 95.75 -41.9776
      vertex -68.5 102.75 -37.9362
      vertex -68.5 95.75 -41.9776
    endloop
  endfacet
  facet normal 0 -1 0
    outer loop
      vertex -68.5 102.75 -37.9362
      vertex -65.5 102.75 -29.8533
      vertex -68.5 102.75 -29.8533
    endloop
  endfacet
  facet normal 0 -1 -0
    outer loop
      vertex -65.5 102.75 -29.8533
      vertex -68.5 102.75 -37.9362
      vertex -65.5 102.75 -37.9362
    endloop
  endfacet
  facet normal 0 -0.500004 -0.866023
    outer loop
      vertex -68.5 95.75 -25.8118
      vertex -65.5 102.75 -29.8533
      vertex -65.5 95.75 -25.8118
    endloop
  endfacet
  facet normal -0 -0.500004 -0.866023
    outer loop
      vertex -65.5 102.75 -29.8533
      vertex -68.5 95.75 -25.8118
      vertex -68.5 102.75 -29.8533
    endloop
  endfacet
  facet normal 0 0.500004 -0.866023
    outer loop
      vertex -68.5 88.75 -29.8533
      vertex -65.5 95.75 -25.8118
      vertex -65.5 88.75 -29.8533
    endloop
  endfacet
  facet normal 0 0.500004 -0.866023
    outer loop
      vertex -65.5 95.75 -25.8118
      vertex -68.5 88.75 -29.8533
      vertex -68.5 95.75 -25.8118
    endloop
  endfacet
  facet normal 0 1 -0
    outer loop
      vertex -65.5 88.75 -37.9362
      vertex -68.5 88.75 -29.8533
      vertex -65.5 88.75 -29.8533
    endloop
  endfacet
  facet normal 0 1 0
    outer loop
      vertex -68.5 88.75 -29.8533
      vertex -65.5 88.75 -37.9362
      vertex -68.5 88.75 -37.9362
    endloop
  endfacet
  facet normal -0 0.499995 0.866028
    outer loop
      vertex -68.5 95.75 -41.9776
      vertex -65.5 88.75 -37.9362
      vertex -65.5 95.75 -41.9776
    endloop
  endfacet
  facet normal 0 0.499995 0.866028
    outer loop
      vertex -65.5 88.75 -37.9362
      vertex -68.5 95.75 -41.9776
      vertex -68.5 88.75 -37.9362
    endloop
  endfacet
  facet normal 0 -0.500004 0.866023
    outer loop
      vertex -68.5 94.5 -23.6467
      vertex -65.5 87.5 -27.6882
      vertex -65.5 94.5 -23.6467
    endloop
  endfacet
  facet normal 0 -0.500004 0.866023
    outer loop
      vertex -65.5 87.5 -27.6882
      vertex -68.5 94.5 -23.6467
      vertex -68.5 87.5 -27.6882
    endloop
  endfacet
  facet normal 0 -1 0
    outer loop
      vertex -68.5 94.5 -23.6467
      vertex -65.5 94.5 -15.5638
      vertex -68.5 94.5 -15.5638
    endloop
  endfacet
  facet normal 0 -1 -0
    outer loop
      vertex -65.5 94.5 -15.5638
      vertex -68.5 94.5 -23.6467
      vertex -65.5 94.5 -23.6467
    endloop
  endfacet
  facet normal 0 -0.499995 -0.866028
    outer loop
      vertex -68.5 87.5 -11.5224
      vertex -65.5 94.5 -15.5638
      vertex -65.5 87.5 -11.5224
    endloop
  endfacet
  facet normal -0 -0.499995 -0.866028
    outer loop
      vertex -65.5 94.5 -15.5638
      vertex -68.5 87.5 -11.5224
      vertex -68.5 94.5 -15.5638
    endloop
  endfacet
  facet normal 0 0.499995 -0.866028
    outer loop
      vertex -68.5 80.5 -15.5638
      vertex -65.5 87.5 -11.5224
      vertex -65.5 80.5 -15.5638
    endloop
  endfacet
  facet normal 0 0.499995 -0.866028
    outer loop
      vertex -65.5 87.5 -11.5224
      vertex -68.5 80.5 -15.5638
      vertex -68.5 87.5 -11.5224
    endloop
  endfacet
  facet normal 0 1 -0
    outer loop
      vertex -65.5 80.5 -23.6467
      vertex -68.5 80.5 -15.5638
      vertex -65.5 80.5 -15.5638
    endloop
  endfacet
  facet normal 0 1 0
    outer loop
      vertex -68.5 80.5 -15.5638
      vertex -65.5 80.5 -23.6467
      vertex -68.5 80.5 -23.6467
    endloop
  endfacet
  facet normal -0 0.500004 0.866023
    outer loop
      vertex -68.5 87.5 -27.6882
      vertex -65.5 80.5 -23.6467
      vertex -65.5 87.5 -27.6882
    endloop
  endfacet
  facet normal 0 0.500004 0.866023
    outer loop
      vertex -65.5 80.5 -23.6467
      vertex -68.5 87.5 -27.6882
      vertex -68.5 80.5 -23.6467
    endloop
  endfacet
  facet normal 0 -0.499995 0.866028
    outer loop
      vertex -68.5 86.25 -37.9362
      vertex -65.5 79.25 -41.9776
      vertex -65.5 86.25 -37.9362
    endloop
  endfacet
  facet normal 0 -0.499995 0.866028
    outer loop
      vertex -65.5 79.25 -41.9776
      vertex -68.5 86.25 -37.9362
      vertex -68.5 79.25 -41.9776
    endloop
  endfacet
  facet normal 0 -1 0
    outer loop
      vertex -68.5 86.25 -37.9362
      vertex -65.5 86.25 -29.8533
      vertex -68.5 86.25 -29.8533
    endloop
  endfacet
  facet normal 0 -1 -0
    outer loop
      vertex -65.5 86.25 -29.8533
      vertex -68.5 86.25 -37.9362
      vertex -65.5 86.25 -37.9362
    endloop
  endfacet
  facet normal 0 -0.500004 -0.866023
    outer loop
      vertex -68.5 79.25 -25.8118
      vertex -65.5 86.25 -29.8533
      vertex -65.5 79.25 -25.8118
    endloop
  endfacet
  facet normal -0 -0.500004 -0.866023
    outer loop
      vertex -65.5 86.25 -29.8533
      vertex -68.5 79.25 -25.8118
      vertex -68.5 86.25 -29.8533
    endloop
  endfacet
  facet normal 0 0.500004 -0.866023
    outer loop
      vertex -68.5 72.25 -29.8533
      vertex -65.5 79.25 -25.8118
      vertex -65.5 72.25 -29.8533
    endloop
  endfacet
  facet normal 0 0.500004 -0.866023
    outer loop
      vertex -65.5 79.25 -25.8118
      vertex -68.5 72.25 -29.8533
      vertex -68.5 79.25 -25.8118
    endloop
  endfacet
  facet normal 0 1 -0
    outer loop
      vertex -65.5 72.25 -37.9362
      vertex -68.5 72.25 -29.8533
      vertex -65.5 72.25 -29.8533
    endloop
  endfacet
  facet normal 0 1 0
    outer loop
      vertex -68.5 72.25 -29.8533
      vertex -65.5 72.25 -37.9362
      vertex -68.5 72.25 -37.9362
    endloop
  endfacet
  facet normal -0 0.499995 0.866028
    outer loop
      vertex -68.5 79.25 -41.9776
      vertex -65.5 72.25 -37.9362
      vertex -65.5 79.25 -41.9776
    endloop
  endfacet
  facet normal 0 0.499995 0.866028
    outer loop
      vertex -65.5 72.25 -37.9362
      vertex -68.5 79.25 -41.9776
      vertex -68.5 72.25 -37.9362
    endloop
  endfacet
  facet normal 0 -0.500004 0.866023
    outer loop
      vertex -68.5 78 -23.6467
      vertex -65.5 71 -27.6882
      vertex -65.5 78 -23.6467
    endloop
  endfacet
  facet normal 0 -0.500004 0.866023
    outer loop
      vertex -65.5 71 -27.6882
      vertex -68.5 78 -23.6467
      vertex -68.5 71 -27.6882
    endloop
  endfacet
  facet normal 0 -1 0
    outer loop
      vertex -68.5 78 -23.6467
      vertex -65.5 78 -15.5638
      vertex -68.5 78 -15.5638
    endloop
  endfacet
  facet normal 0 -1 -0
    outer loop
      vertex -65.5 78 -15.5638
      vertex -68.5 78 -23.6467
      vertex -65.5 78 -23.6467
    endloop
  endfacet
  facet normal 0 -0.499995 -0.866028
    outer loop
      vertex -68.5 71 -11.5224
      vertex -65.5 78 -15.5638
      vertex -65.5 71 -11.5224
    endloop
  endfacet
  facet normal -0 -0.499995 -0.866028
    outer loop
      vertex -65.5 78 -15.5638
      vertex -68.5 71 -11.5224
      vertex -68.5 78 -15.5638
    endloop
  endfacet
  facet normal 0 0.499995 -0.866028
    outer loop
      vertex -68.5 64 -15.5638
      vertex -65.5 71 -11.5224
      vertex -65.5 64 -15.5638
    endloop
  endfacet
  facet normal 0 0.499995 -0.866028
    outer loop
      vertex -65.5 71 -11.5224
      vertex -68.5 64 -15.5638
      vertex -68.5 71 -11.5224
    endloop
  endfacet
  facet normal 0 1 -0
    outer loop
      vertex -65.5 64 -23.6467
      vertex -68.5 64 -15.5638
      vertex -65.5 64 -15.5638
    endloop
  endfacet
  facet normal 0 1 0
    outer loop
      vertex -68.5 64 -15.5638
      vertex -65.5 64 -23.6467
      vertex -68.5 64 -23.6467
    endloop
  endfacet
  facet normal -0 0.500004 0.866023
    outer loop
      vertex -68.5 71 -27.6882
      vertex -65.5 64 -23.6467
      vertex -65.5 71 -27.6882
    endloop
  endfacet
  facet normal 0 0.500004 0.866023
    outer loop
      vertex -65.5 64 -23.6467
      vertex -68.5 71 -27.6882
      vertex -68.5 64 -23.6467
    endloop
  endfacet
  facet normal 0 -0.499995 0.866028
    outer loop
      vertex -68.5 69.75 -37.9362
      vertex -65.5 62.75 -41.9776
      vertex -65.5 69.75 -37.9362
    endloop
  endfacet
  facet normal 0 -0.499995 0.866028
    outer loop
      vertex -65.5 62.75 -41.9776
      vertex -68.5 69.75 -37.9362
      vertex -68.5 62.75 -41.9776
    endloop
  endfacet
  facet normal 0 -1 0
    outer loop
      vertex -68.5 69.75 -37.9362
      vertex -65.5 69.75 -29.8533
      vertex -68.5 69.75 -29.8533
    endloop
  endfacet
  facet normal 0 -1 -0
    outer loop
      vertex -65.5 69.75 -29.8533
      vertex -68.5 69.75 -37.9362
      vertex -65.5 69.75 -37.9362
    endloop
  endfacet
  facet normal 0 -0.500004 -0.866023
    outer loop
      vertex -68.5 62.75 -25.8118
      vertex -65.5 69.75 -29.8533
      vertex -65.5 62.75 -25.8118
    endloop
  endfacet
  facet normal -0 -0.500004 -0.866023
    outer loop
      vertex -65.5 69.75 -29.8533
      vertex -68.5 62.75 -25.8118
      vertex -68.5 69.75 -29.8533
    endloop
  endfacet
  facet normal 0 0.500004 -0.866023
    outer loop
      vertex -68.5 55.75 -29.8533
      vertex -65.5 62.75 -25.8118
      vertex -65.5 55.75 -29.8533
    endloop
  endfacet
  facet normal 0 0.500004 -0.866023
    outer loop
      vertex -65.5 62.75 -25.8118
      vertex -68.5 55.75 -29.8533
      vertex -68.5 62.75 -25.8118
    endloop
  endfacet
  facet normal 0 1 -0
    outer loop
      vertex -65.5 55.75 -37.9362
      vertex -68.5 55.75 -29.8533
      vertex -65.5 55.75 -29.8533
    endloop
  endfacet
  facet normal 0 1 0
    outer loop
      vertex -68.5 55.75 -29.8533
      vertex -65.5 55.75 -37.9362
      vertex -68.5 55.75 -37.9362
    endloop
  endfacet
  facet normal -0 0.499995 0.866028
    outer loop
      vertex -68.5 62.75 -41.9776
      vertex -65.5 55.75 -37.9362
      vertex -65.5 62.75 -41.9776
    endloop
  endfacet
  facet normal 0 0.499995 0.866028
    outer loop
      vertex -65.5 55.75 -37.9362
      vertex -68.5 62.75 -41.9776
      vertex -68.5 55.75 -37.9362
    endloop
  endfacet
  facet normal 0 -0.500004 0.866023
    outer loop
      vertex -68.5 61.5 -23.6467
      vertex -65.5 54.5 -27.6882
      vertex -65.5 61.5 -23.6467
    endloop
  endfacet
  facet normal 0 -0.500004 0.866023
    outer loop
      vertex -65.5 54.5 -27.6882
      vertex -68.5 61.5 -23.6467
      vertex -68.5 54.5 -27.6882
    endloop
  endfacet
  facet normal 0 -1 0
    outer loop
      vertex -68.5 61.5 -23.6467
      vertex -65.5 61.5 -15.5638
      vertex -68.5 61.5 -15.5638
    endloop
  endfacet
  facet normal 0 -1 -0
    outer loop
      vertex -65.5 61.5 -15.5638
      vertex -68.5 61.5 -23.6467
      vertex -65.5 61.5 -23.6467
    endloop
  endfacet
  facet normal 0 -0.499995 -0.866028
    outer loop
      vertex -68.5 54.5 -11.5224
      vertex -65.5 61.5 -15.5638
      vertex -65.5 54.5 -11.5224
    endloop
  endfacet
  facet normal -0 -0.499995 -0.866028
    outer loop
      vertex -65.5 61.5 -15.5638
      vertex -68.5 54.5 -11.5224
      vertex -68.5 61.5 -15.5638
    endloop
  endfacet
  facet normal 0 0.499995 -0.866028
    outer loop
      vertex -68.5 47.5 -15.5638
      vertex -65.5 54.5 -11.5224
      vertex -65.5 47.5 -15.5638
    endloop
  endfacet
  facet normal 0 0.499995 -0.866028
    outer loop
      vertex -65.5 54.5 -11.5224
      vertex -68.5 47.5 -15.5638
      vertex -68.5 54.5 -11.5224
    endloop
  endfacet
  facet normal 0 1 -0
    outer loop
      vertex -65.5 47.5 -23.6467
      vertex -68.5 47.5 -15.5638
      vertex -65.5 47.5 -15.5638
    endloop
  endfacet
  facet normal 0 1 0
    outer loop
      vertex -68.5 47.5 -15.5638
      vertex -65.5 47.5 -23.6467
      vertex -68.5 47.5 -23.6467
    endloop
  endfacet
  facet normal -0 0.500004 0.866023
    outer loop
      vertex -68.5 54.5 -27.6882
      vertex -65.5 47.5 -23.6467
      vertex -65.5 54.5 -27.6882
    endloop
  endfacet
  facet normal 0 0.500004 0.866023
    outer loop
      vertex -65.5 47.5 -23.6467
      vertex -68.5 54.5 -27.6882
      vertex -68.5 47.5 -23.6467
    endloop
  endfacet
  facet normal 0 -0.499995 0.866028
    outer loop
      vertex -68.5 53.25 -37.9362
      vertex -65.5 46.25 -41.9776
      vertex -65.5 53.25 -37.9362
    endloop
  endfacet
  facet normal 0 -0.499995 0.866028
    outer loop
      vertex -65.5 46.25 -41.9776
      vertex -68.5 53.25 -37.9362
      vertex -68.5 46.25 -41.9776
    endloop
  endfacet
  facet normal 0 -1 0
    outer loop
      vertex -68.5 53.25 -37.9362
      vertex -65.5 53.25 -29.8533
      vertex -68.5 53.25 -29.8533
    endloop
  endfacet
  facet normal 0 -1 -0
    outer loop
      vertex -65.5 53.25 -29.8533
      vertex -68.5 53.25 -37.9362
      vertex -65.5 53.25 -37.9362
    endloop
  endfacet
  facet normal 0 -0.500004 -0.866023
    outer loop
      vertex -68.5 46.25 -25.8118
      vertex -65.5 53.25 -29.8533
      vertex -65.5 46.25 -25.8118
    endloop
  endfacet
  facet normal -0 -0.500004 -0.866023
    outer loop
      vertex -65.5 53.25 -29.8533
      vertex -68.5 46.25 -25.8118
      vertex -68.5 53.25 -29.8533
    endloop
  endfacet
  facet normal 0 0.500004 -0.866023
    outer loop
      vertex -68.5 39.25 -29.8533
      vertex -65.5 46.25 -25.8118
      vertex -65.5 39.25 -29.8533
    endloop
  endfacet
  facet normal 0 0.500004 -0.866023
    outer loop
      vertex -65.5 46.25 -25.8118
      vertex -68.5 39.25 -29.8533
      vertex -68.5 46.25 -25.8118
    endloop
  endfacet
  facet normal 0 1 -0
    outer loop
      vertex -65.5 39.25 -37.9362
      vertex -68.5 39.25 -29.8533
      vertex -65.5 39.25 -29.8533
    endloop
  endfacet
  facet normal 0 1 0
    outer loop
      vertex -68.5 39.25 -29.8533
      vertex -65.5 39.25 -37.9362
      vertex -68.5 39.25 -37.9362
    endloop
  endfacet
  facet normal -0 0.499995 0.866028
    outer loop
      vertex -68.5 46.25 -41.9776
      vertex -65.5 39.25 -37.9362
      vertex -65.5 46.25 -41.9776
    endloop
  endfacet
  facet normal 0 0.499995 0.866028
    outer loop
      vertex -65.5 39.25 -37.9362
      vertex -68.5 46.25 -41.9776
      vertex -68.5 39.25 -37.9362
    endloop
  endfacet
  facet normal 0 -0.500004 0.866023
    outer loop
      vertex -68.5 45 -23.6467
      vertex -65.5 38 -27.6882
      vertex -65.5 45 -23.6467
    endloop
  endfacet
  facet normal 0 -0.500004 0.866023
    outer loop
      vertex -65.5 38 -27.6882
      vertex -68.5 45 -23.6467
      vertex -68.5 38 -27.6882
    endloop
  endfacet
  facet normal 0 -1 0
    outer loop
      vertex -68.5 45 -23.6467
      vertex -65.5 45 -15.5638
      vertex -68.5 45 -15.5638
    endloop
  endfacet
  facet normal 0 -1 -0
    outer loop
      vertex -65.5 45 -15.5638
      vertex -68.5 45 -23.6467
      vertex -65.5 45 -23.6467
    endloop
  endfacet
  facet normal 0 -0.499995 -0.866028
    outer loop
      vertex -68.5 38 -11.5224
      vertex -65.5 45 -15.5638
      vertex -65.5 38 -11.5224
    endloop
  endfacet
  facet normal -0 -0.499995 -0.866028
    outer loop
      vertex -65.5 45 -15.5638
      vertex -68.5 38 -11.5224
      vertex -68.5 45 -15.5638
    endloop
  endfacet
  facet normal 0 0.499995 -0.866028
    outer loop
      vertex -68.5 31 -15.5638
      vertex -65.5 38 -11.5224
      vertex -65.5 31 -15.5638
    endloop
  endfacet
  facet normal 0 0.499995 -0.866028
    outer loop
      vertex -65.5 38 -11.5224
      vertex -68.5 31 -15.5638
      vertex -68.5 38 -11.5224
    endloop
  endfacet
  facet normal 0 1 -0
    outer loop
      vertex -65.5 31 -23.6467
      vertex -68.5 31 -15.5638
      vertex -65.5 31 -15.5638
    endloop
  endfacet
  facet normal 0 1 0
    outer loop
      vertex -68.5 31 -15.5638
      vertex -65.5 31 -23.6467
      vertex -68.5 31 -23.6467
    endloop
  endfacet
  facet normal -0 0.500004 0.866023
    outer loop
      vertex -68.5 38 -27.6882
      vertex -65.5 31 -23.6467
      vertex -65.5 38 -27.6882
    endloop
  endfacet
  facet normal 0 0.500004 0.866023
    outer loop
      vertex -65.5 31 -23.6467
      vertex -68.5 38 -27.6882
      vertex -68.5 31 -23.6467
    endloop
  endfacet
  facet normal 0 -0.499995 0.866028
    outer loop
      vertex -68.5 36.75 -37.9362
      vertex -65.5 29.75 -41.9776
      vertex -65.5 36.75 -37.9362
    endloop
  endfacet
  facet normal 0 -0.499995 0.866028
    outer loop
      vertex -65.5 29.75 -41.9776
      vertex -68.5 36.75 -37.9362
      vertex -68.5 29.75 -41.9776
    endloop
  endfacet
  facet normal 0 -1 0
    outer loop
      vertex -68.5 36.75 -37.9362
      vertex -65.5 36.75 -29.8533
      vertex -68.5 36.75 -29.8533
    endloop
  endfacet
  facet normal 0 -1 -0
    outer loop
      vertex -65.5 36.75 -29.8533
      vertex -68.5 36.75 -37.9362
      vertex -65.5 36.75 -37.9362
    endloop
  endfacet
  facet normal 0 -0.500004 -0.866023
    outer loop
      vertex -68.5 29.75 -25.8118
      vertex -65.5 36.75 -29.8533
      vertex -65.5 29.75 -25.8118
    endloop
  endfacet
  facet normal -0 -0.500004 -0.866023
    outer loop
      vertex -65.5 36.75 -29.8533
      vertex -68.5 29.75 -25.8118
      vertex -68.5 36.75 -29.8533
    endloop
  endfacet
  facet normal 0 0.500004 -0.866023
    outer loop
      vertex -68.5 22.75 -29.8533
      vertex -65.5 29.75 -25.8118
      vertex -65.5 22.75 -29.8533
    endloop
  endfacet
  facet normal 0 0.500004 -0.866023
    outer loop
      vertex -65.5 29.75 -25.8118
      vertex -68.5 22.75 -29.8533
      vertex -68.5 29.75 -25.8118
    endloop
  endfacet
  facet normal 0 1 -0
    outer loop
      vertex -65.5 22.75 -37.9362
      vertex -68.5 22.75 -29.8533
      vertex -65.5 22.75 -29.8533
    endloop
  endfacet
  facet normal 0 1 0
    outer loop
      vertex -68.5 22.75 -29.8533
      vertex -65.5 22.75 -37.9362
      vertex -68.5 22.75 -37.9362
    endloop
  endfacet
  facet normal -0 0.499995 0.866028
    outer loop
      vertex -68.5 29.75 -41.9776
      vertex -65.5 22.75 -37.9362
      vertex -65.5 29.75 -41.9776
    endloop
  endfacet
  facet normal 0 0.499995 0.866028
    outer loop
      vertex -65.5 22.75 -37.9362
      vertex -68.5 29.75 -41.9776
      vertex -68.5 22.75 -37.9362
    endloop
  endfacet
  facet normal 0 -0.500004 0.866023
    outer loop
      vertex -68.5 28.5 -23.6467
      vertex -65.5 21.5 -27.6882
      vertex -65.5 28.5 -23.6467
    endloop
  endfacet
  facet normal 0 -0.500004 0.866023
    outer loop
      vertex -65.5 21.5 -27.6882
      vertex -68.5 28.5 -23.6467
      vertex -68.5 21.5 -27.6882
    endloop
  endfacet
  facet normal 0 -1 0
    outer loop
      vertex -68.5 28.5 -23.6467
      vertex -65.5 28.5 -15.5638
      vertex -68.5 28.5 -15.5638
    endloop
  endfacet
  facet normal 0 -1 -0
    outer loop
      vertex -65.5 28.5 -15.5638
      vertex -68.5 28.5 -23.6467
      vertex -65.5 28.5 -23.6467
    endloop
  endfacet
  facet normal 0 -0.499995 -0.866028
    outer loop
      vertex -68.5 21.5 -11.5224
      vertex -65.5 28.5 -15.5638
      vertex -65.5 21.5 -11.5224
    endloop
  endfacet
  facet normal -0 -0.499995 -0.866028
    outer loop
      vertex -65.5 28.5 -15.5638
      vertex -68.5 21.5 -11.5224
      vertex -68.5 28.5 -15.5638
    endloop
  endfacet
  facet normal 0 0.499995 -0.866028
    outer loop
      vertex -68.5 14.5 -15.5638
      vertex -65.5 21.5 -11.5224
      vertex -65.5 14.5 -15.5638
    endloop
  endfacet
  facet normal 0 0.499995 -0.866028
    outer loop
      vertex -65.5 21.5 -11.5224
      vertex -68.5 14.5 -15.5638
      vertex -68.5 21.5 -11.5224
    endloop
  endfacet
  facet normal 0 1 -0
    outer loop
      vertex -65.5 14.5 -23.6467
      vertex -68.5 14.5 -15.5638
      vertex -65.5 14.5 -15.5638
    endloop
  endfacet
  facet normal 0 1 0
    outer loop
      vertex -68.5 14.5 -15.5638
      vertex -65.5 14.5 -23.6467
      vertex -68.5 14.5 -23.6467
    endloop
  endfacet
  facet normal -0 0.500004 0.866023
    outer loop
      vertex -68.5 21.5 -27.6882
      vertex -65.5 14.5 -23.6467
      vertex -65.5 21.5 -27.6882
    endloop
  endfacet
  facet normal 0 0.500004 0.866023
    outer loop
      vertex -65.5 14.5 -23.6467
      vertex -68.5 21.5 -27.6882
      vertex -68.5 14.5 -23.6467
    endloop
  endfacet
  facet normal -0.740823 0 0.6717
    outer loop
      vertex 54.7426 0 -43.4926
      vertex 55.1381 3.5 -43.0564
      vertex 54.7426 3.5 -43.4926
    endloop
  endfacet
  facet normal -0.740823 0 0.6717
    outer loop
      vertex 55.1381 3.5 -43.0564
      vertex 54.7426 0 -43.4926
      vertex 55.1381 0 -43.0564
    endloop
  endfacet
  facet normal -0.803289 0 0.595589
    outer loop
      vertex 55.1381 0 -43.0564
      vertex 55.4888 3.5 -42.5834
      vertex 55.1381 3.5 -43.0564
    endloop
  endfacet
  facet normal -0.803289 0 0.595589
    outer loop
      vertex 55.4888 3.5 -42.5834
      vertex 55.1381 0 -43.0564
      vertex 55.4888 0 -42.5834
    endloop
  endfacet
  facet normal -0.671663 0 -0.740857
    outer loop
      vertex 54.3064 0 -9.61194
      vertex 54.7426 3.5 -10.0074
      vertex 54.7426 0 -10.0074
    endloop
  endfacet
  facet normal -0.671663 0 -0.740857
    outer loop
      vertex 54.7426 3.5 -10.0074
      vertex 54.3064 0 -9.61194
      vertex 54.3064 3.5 -9.61194
    endloop
  endfacet
  facet normal 0.146746 0 -0.989174
    outer loop
      vertex -51.6705 0 -8.36529
      vertex -51.0881 3.5 -8.27889
      vertex -51.0881 0 -8.27889
    endloop
  endfacet
  facet normal 0.146746 0 -0.989174
    outer loop
      vertex -51.0881 3.5 -8.27889
      vertex -51.6705 0 -8.36529
      vertex -51.6705 3.5 -8.36529
    endloop
  endfacet
  facet normal 0 0 -1
    outer loop
      vertex -50.5 0 -8.25
      vertex 50.5 3.5 -8.25
      vertex 50.5 0 -8.25
    endloop
  endfacet
  facet normal -0 0 -1
    outer loop
      vertex 50.5 3.5 -8.25
      vertex -50.5 0 -8.25
      vertex -50.5 3.5 -8.25
    endloop
  endfacet
  facet normal -0.970023 0 -0.243015
    outer loop
      vertex 56.3847 0 -13.0795
      vertex 56.2416 3.5 -12.5083
      vertex 56.3847 3.5 -13.0795
    endloop
  endfacet
  facet normal -0.970023 -0 -0.243015
    outer loop
      vertex 56.2416 3.5 -12.5083
      vertex 56.3847 0 -13.0795
      vertex 56.2416 0 -12.5083
    endloop
  endfacet
  facet normal 0.94158 -0 0.336788
    outer loop
      vertex -56.2416 0 -40.9917
      vertex -56.0433 3.5 -41.5461
      vertex -56.2416 3.5 -40.9917
    endloop
  endfacet
  facet normal 0.94158 0 0.336788
    outer loop
      vertex -56.0433 3.5 -41.5461
      vertex -56.2416 0 -40.9917
      vertex -56.0433 0 -41.5461
    endloop
  endfacet
  facet normal 0.336788 0 0.94158
    outer loop
      vertex -52.7961 3.5 -44.7933
      vertex -52.2417 0 -44.9916
      vertex -52.2417 3.5 -44.9916
    endloop
  endfacet
  facet normal 0.336788 0 0.94158
    outer loop
      vertex -52.2417 0 -44.9916
      vertex -52.7961 3.5 -44.7933
      vertex -52.7961 0 -44.7933
    endloop
  endfacet
  facet normal -0.998795 0 -0.0490821
    outer loop
      vertex 56.5 0 -14.25
      vertex 56.4711 3.5 -13.6619
      vertex 56.5 3.5 -14.25
    endloop
  endfacet
  facet normal -0.998795 -0 -0.0490821
    outer loop
      vertex 56.4711 3.5 -13.6619
      vertex 56.5 0 -14.25
      vertex 56.4711 0 -13.6619
    endloop
  endfacet
  facet normal 1 -0 0
    outer loop
      vertex -56.5 0 -14.25
      vertex -56.5 3.5 -39.25
      vertex -56.5 3.5 -14.25
    endloop
  endfacet
  facet normal 1 0 0
    outer loop
      vertex -56.5 3.5 -39.25
      vertex -56.5 0 -14.25
      vertex -56.5 0 -39.25
    endloop
  endfacet
  facet normal -0.242967 0 -0.970035
    outer loop
      vertex 51.6705 0 -8.36529
      vertex 52.2417 3.5 -8.50836
      vertex 52.2417 0 -8.50836
    endloop
  endfacet
  facet normal -0.242967 0 -0.970035
    outer loop
      vertex 52.2417 3.5 -8.50836
      vertex 51.6705 0 -8.36529
      vertex 51.6705 3.5 -8.36529
    endloop
  endfacet
  facet normal 0.336879 0 -0.941548
    outer loop
      vertex -52.7961 0 -8.70672
      vertex -52.2417 3.5 -8.50836
      vertex -52.2417 0 -8.50836
    endloop
  endfacet
  facet normal 0.336879 0 -0.941548
    outer loop
      vertex -52.2417 3.5 -8.50836
      vertex -52.7961 0 -8.70672
      vertex -52.7961 3.5 -8.70672
    endloop
  endfacet
  facet normal 0.803289 -0 0.595589
    outer loop
      vertex -55.4888 0 -42.5834
      vertex -55.1381 3.5 -43.0564
      vertex -55.4888 3.5 -42.5834
    endloop
  endfacet
  facet normal 0.803289 0 0.595589
    outer loop
      vertex -55.1381 3.5 -43.0564
      vertex -55.4888 0 -42.5834
      vertex -55.1381 0 -43.0564
    endloop
  endfacet
  facet normal -0.336788 0 0.94158
    outer loop
      vertex 52.2417 3.5 -44.9916
      vertex 52.7961 0 -44.7933
      vertex 52.7961 3.5 -44.7933
    endloop
  endfacet
  facet normal -0.336788 0 0.94158
    outer loop
      vertex 52.7961 0 -44.7933
      vertex 52.2417 3.5 -44.9916
      vertex 52.2417 0 -44.9916
    endloop
  endfacet
  facet normal -0.970023 0 0.243015
    outer loop
      vertex 56.2416 0 -40.9917
      vertex 56.3847 3.5 -40.4205
      vertex 56.2416 3.5 -40.9917
    endloop
  endfacet
  facet normal -0.970023 0 0.243015
    outer loop
      vertex 56.3847 3.5 -40.4205
      vertex 56.2416 0 -40.9917
      vertex 56.3847 0 -40.4205
    endloop
  endfacet
  facet normal -1 0 0
    outer loop
      vertex 56.5 0 -39.25
      vertex 56.5 3.5 -14.25
      vertex 56.5 3.5 -39.25
    endloop
  endfacet
  facet normal -1 -0 0
    outer loop
      vertex 56.5 3.5 -14.25
      vertex 56.5 0 -39.25
      vertex 56.5 0 -14.25
    endloop
  endfacet
  facet normal -0.6717 0 0.740823
    outer loop
      vertex 54.3064 3.5 -43.8881
      vertex 54.7426 0 -43.4926
      vertex 54.7426 3.5 -43.4926
    endloop
  endfacet
  facet normal -0.6717 0 0.740823
    outer loop
      vertex 54.7426 0 -43.4926
      vertex 54.3064 3.5 -43.8881
      vertex 54.3064 0 -43.8881
    endloop
  endfacet
  facet normal 0.514121 0 0.857718
    outer loop
      vertex -53.8334 3.5 -44.2388
      vertex -53.3284 0 -44.5415
      vertex -53.3284 3.5 -44.5415
    endloop
  endfacet
  facet normal 0.514121 0 0.857718
    outer loop
      vertex -53.3284 0 -44.5415
      vertex -53.8334 3.5 -44.2388
      vertex -53.8334 0 -44.2388
    endloop
  endfacet
  facet normal 0.514134 0 -0.85771
    outer loop
      vertex -53.8334 0 -9.26118
      vertex -53.3284 3.5 -8.95847
      vertex -53.3284 0 -8.95847
    endloop
  endfacet
  facet normal 0.514134 0 -0.85771
    outer loop
      vertex -53.3284 3.5 -8.95847
      vertex -53.8334 0 -9.26118
      vertex -53.8334 3.5 -9.26118
    endloop
  endfacet
  facet normal 0.0490821 0 0.998795
    outer loop
      vertex -51.0881 3.5 -45.2211
      vertex -50.5 0 -45.25
      vertex -50.5 3.5 -45.25
    endloop
  endfacet
  facet normal 0.0490821 0 0.998795
    outer loop
      vertex -50.5 0 -45.25
      vertex -51.0881 3.5 -45.2211
      vertex -51.0881 0 -45.2211
    endloop
  endfacet
  facet normal -0.243015 0 0.970023
    outer loop
      vertex 51.6705 3.5 -45.1347
      vertex 52.2417 0 -44.9916
      vertex 52.2417 3.5 -44.9916
    endloop
  endfacet
  facet normal -0.243015 0 0.970023
    outer loop
      vertex 52.2417 0 -44.9916
      vertex 51.6705 3.5 -45.1347
      vertex 51.6705 0 -45.1347
    endloop
  endfacet
  facet normal 0.740823 0 -0.6717
    outer loop
      vertex -54.7426 0 -10.0074
      vertex -55.1381 3.5 -10.4436
      vertex -54.7426 3.5 -10.0074
    endloop
  endfacet
  facet normal 0.740823 0 -0.6717
    outer loop
      vertex -55.1381 3.5 -10.4436
      vertex -54.7426 0 -10.0074
      vertex -55.1381 0 -10.4436
    endloop
  endfacet
  facet normal -0.857718 0 -0.514121
    outer loop
      vertex 55.7915 0 -11.4216
      vertex 55.4888 3.5 -10.9166
      vertex 55.7915 3.5 -11.4216
    endloop
  endfacet
  facet normal -0.857718 -0 -0.514121
    outer loop
      vertex 55.4888 3.5 -10.9166
      vertex 55.7915 0 -11.4216
      vertex 55.4888 0 -10.9166
    endloop
  endfacet
  facet normal 0.803289 0 -0.595589
    outer loop
      vertex -55.1381 0 -10.4436
      vertex -55.4888 3.5 -10.9166
      vertex -55.1381 3.5 -10.4436
    endloop
  endfacet
  facet normal 0.803289 0 -0.595589
    outer loop
      vertex -55.4888 3.5 -10.9166
      vertex -55.1381 0 -10.4436
      vertex -55.4888 0 -10.9166
    endloop
  endfacet
  facet normal 0.6717 0 0.740823
    outer loop
      vertex -54.7426 3.5 -43.4926
      vertex -54.3064 0 -43.8881
      vertex -54.3064 3.5 -43.8881
    endloop
  endfacet
  facet normal 0.6717 0 0.740823
    outer loop
      vertex -54.3064 0 -43.8881
      vertex -54.7426 3.5 -43.4926
      vertex -54.7426 0 -43.4926
    endloop
  endfacet
  facet normal -0.146746 0 -0.989174
    outer loop
      vertex 51.0881 0 -8.27889
      vertex 51.6705 3.5 -8.36529
      vertex 51.6705 0 -8.36529
    endloop
  endfacet
  facet normal -0.146746 0 -0.989174
    outer loop
      vertex 51.6705 3.5 -8.36529
      vertex 51.0881 0 -8.27889
      vertex 51.0881 3.5 -8.27889
    endloop
  endfacet
  facet normal -0.94158 0 -0.336788
    outer loop
      vertex 56.2416 0 -12.5083
      vertex 56.0433 3.5 -11.9539
      vertex 56.2416 3.5 -12.5083
    endloop
  endfacet
  facet normal -0.94158 -0 -0.336788
    outer loop
      vertex 56.0433 3.5 -11.9539
      vertex 56.2416 0 -12.5083
      vertex 56.0433 0 -11.9539
    endloop
  endfacet
  facet normal -0.0490821 0 0.998795
    outer loop
      vertex 50.5 3.5 -45.25
      vertex 51.0881 0 -45.2211
      vertex 51.0881 3.5 -45.2211
    endloop
  endfacet
  facet normal -0.0490821 0 0.998795
    outer loop
      vertex 51.0881 0 -45.2211
      vertex 50.5 3.5 -45.25
      vertex 50.5 0 -45.25
    endloop
  endfacet
  facet normal -0.595589 0 0.803289
    outer loop
      vertex 53.8334 3.5 -44.2388
      vertex 54.3064 0 -43.8881
      vertex 54.3064 3.5 -43.8881
    endloop
  endfacet
  facet normal -0.595589 0 0.803289
    outer loop
      vertex 54.3064 0 -43.8881
      vertex 53.8334 3.5 -44.2388
      vertex 53.8334 0 -44.2388
    endloop
  endfacet
  facet normal -0.857718 0 0.514121
    outer loop
      vertex 55.4888 0 -42.5834
      vertex 55.7915 3.5 -42.0784
      vertex 55.4888 3.5 -42.5834
    endloop
  endfacet
  facet normal -0.857718 0 0.514121
    outer loop
      vertex 55.7915 3.5 -42.0784
      vertex 55.4888 0 -42.5834
      vertex 55.7915 0 -42.0784
    endloop
  endfacet
  facet normal 0.857718 -0 0.514121
    outer loop
      vertex -55.7915 0 -42.0784
      vertex -55.4888 3.5 -42.5834
      vertex -55.7915 3.5 -42.0784
    endloop
  endfacet
  facet normal 0.857718 0 0.514121
    outer loop
      vertex -55.4888 3.5 -42.5834
      vertex -55.7915 0 -42.0784
      vertex -55.4888 0 -42.5834
    endloop
  endfacet
  facet normal -0.0490651 0 -0.998796
    outer loop
      vertex 50.5 0 -8.25
      vertex 51.0881 3.5 -8.27889
      vertex 51.0881 0 -8.27889
    endloop
  endfacet
  facet normal -0.0490651 0 -0.998796
    outer loop
      vertex 51.0881 3.5 -8.27889
      vertex 50.5 0 -8.25
      vertex 50.5 3.5 -8.25
    endloop
  endfacet
  facet normal 0.970023 0 -0.243015
    outer loop
      vertex -56.2416 0 -12.5083
      vertex -56.3847 3.5 -13.0795
      vertex -56.2416 3.5 -12.5083
    endloop
  endfacet
  facet normal 0.970023 0 -0.243015
    outer loop
      vertex -56.3847 3.5 -13.0795
      vertex -56.2416 0 -12.5083
      vertex -56.3847 0 -13.0795
    endloop
  endfacet
  facet normal 0.989174 0 -0.146746
    outer loop
      vertex -56.3847 0 -13.0795
      vertex -56.4711 3.5 -13.6619
      vertex -56.3847 3.5 -13.0795
    endloop
  endfacet
  facet normal 0.989174 0 -0.146746
    outer loop
      vertex -56.4711 3.5 -13.6619
      vertex -56.3847 0 -13.0795
      vertex -56.4711 0 -13.6619
    endloop
  endfacet
  facet normal -0.989174 0 -0.146746
    outer loop
      vertex 56.4711 0 -13.6619
      vertex 56.3847 3.5 -13.0795
      vertex 56.4711 3.5 -13.6619
    endloop
  endfacet
  facet normal -0.989174 -0 -0.146746
    outer loop
      vertex 56.3847 3.5 -13.0795
      vertex 56.4711 0 -13.6619
      vertex 56.3847 0 -13.0795
    endloop
  endfacet
  facet normal 0.970023 -0 0.243015
    outer loop
      vertex -56.3847 0 -40.4205
      vertex -56.2416 3.5 -40.9917
      vertex -56.3847 3.5 -40.4205
    endloop
  endfacet
  facet normal 0.970023 0 0.243015
    outer loop
      vertex -56.2416 3.5 -40.9917
      vertex -56.3847 0 -40.4205
      vertex -56.2416 0 -40.9917
    endloop
  endfacet
  facet normal -0.740823 0 -0.6717
    outer loop
      vertex 55.1381 0 -10.4436
      vertex 54.7426 3.5 -10.0074
      vertex 55.1381 3.5 -10.4436
    endloop
  endfacet
  facet normal -0.740823 -0 -0.6717
    outer loop
      vertex 54.7426 3.5 -10.0074
      vertex 55.1381 0 -10.4436
      vertex 54.7426 0 -10.0074
    endloop
  endfacet
  facet normal -0.146746 0 0.989174
    outer loop
      vertex 51.0881 3.5 -45.2211
      vertex 51.6705 0 -45.1347
      vertex 51.6705 3.5 -45.1347
    endloop
  endfacet
  facet normal -0.146746 0 0.989174
    outer loop
      vertex 51.6705 0 -45.1347
      vertex 51.0881 3.5 -45.2211
      vertex 51.0881 0 -45.2211
    endloop
  endfacet
  facet normal 0.242967 0 -0.970035
    outer loop
      vertex -52.2417 0 -8.50836
      vertex -51.6705 3.5 -8.36529
      vertex -51.6705 0 -8.36529
    endloop
  endfacet
  facet normal 0.242967 0 -0.970035
    outer loop
      vertex -51.6705 3.5 -8.36529
      vertex -52.2417 0 -8.50836
      vertex -52.2417 3.5 -8.50836
    endloop
  endfacet
  facet normal 0.998795 0 -0.0490821
    outer loop
      vertex -56.4711 0 -13.6619
      vertex -56.5 3.5 -14.25
      vertex -56.4711 3.5 -13.6619
    endloop
  endfacet
  facet normal 0.998795 0 -0.0490821
    outer loop
      vertex -56.5 3.5 -14.25
      vertex -56.4711 0 -13.6619
      vertex -56.5 0 -14.25
    endloop
  endfacet
  facet normal -0.998795 0 0.0490821
    outer loop
      vertex 56.4711 0 -39.8381
      vertex 56.5 3.5 -39.25
      vertex 56.4711 3.5 -39.8381
    endloop
  endfacet
  facet normal -0.998795 0 0.0490821
    outer loop
      vertex 56.5 3.5 -39.25
      vertex 56.4711 0 -39.8381
      vertex 56.5 0 -39.25
    endloop
  endfacet
  facet normal 0.595655 0 -0.803241
    outer loop
      vertex -54.3064 0 -9.61194
      vertex -53.8334 3.5 -9.26118
      vertex -53.8334 0 -9.26118
    endloop
  endfacet
  facet normal 0.595655 0 -0.803241
    outer loop
      vertex -53.8334 3.5 -9.26118
      vertex -54.3064 0 -9.61194
      vertex -54.3064 3.5 -9.61194
    endloop
  endfacet
  facet normal -0 0 1
    outer loop
      vertex -50.5 3.5 -45.25
      vertex 50.5 0 -45.25
      vertex 50.5 3.5 -45.25
    endloop
  endfacet
  facet normal 0 0 1
    outer loop
      vertex 50.5 0 -45.25
      vertex -50.5 3.5 -45.25
      vertex -50.5 0 -45.25
    endloop
  endfacet
  facet normal 0.0490651 0 -0.998796
    outer loop
      vertex -51.0881 0 -8.27889
      vertex -50.5 3.5 -8.25
      vertex -50.5 0 -8.25
    endloop
  endfacet
  facet normal 0.0490651 0 -0.998796
    outer loop
      vertex -50.5 3.5 -8.25
      vertex -51.0881 0 -8.27889
      vertex -51.0881 3.5 -8.27889
    endloop
  endfacet
  facet normal -0.514121 0 0.857718
    outer loop
      vertex 53.3284 3.5 -44.5415
      vertex 53.8334 0 -44.2388
      vertex 53.8334 3.5 -44.2388
    endloop
  endfacet
  facet normal -0.514121 0 0.857718
    outer loop
      vertex 53.8334 0 -44.2388
      vertex 53.3284 3.5 -44.5415
      vertex 53.3284 0 -44.5415
    endloop
  endfacet
  facet normal -0.427612 0 0.903962
    outer loop
      vertex 52.7961 3.5 -44.7933
      vertex 53.3284 0 -44.5415
      vertex 53.3284 3.5 -44.5415
    endloop
  endfacet
  facet normal -0.427612 0 0.903962
    outer loop
      vertex 53.3284 0 -44.5415
      vertex 52.7961 3.5 -44.7933
      vertex 52.7961 0 -44.7933
    endloop
  endfacet
  facet normal 0.94158 0 -0.336788
    outer loop
      vertex -56.0433 0 -11.9539
      vertex -56.2416 3.5 -12.5083
      vertex -56.0433 3.5 -11.9539
    endloop
  endfacet
  facet normal 0.94158 0 -0.336788
    outer loop
      vertex -56.2416 3.5 -12.5083
      vertex -56.0433 0 -11.9539
      vertex -56.2416 0 -12.5083
    endloop
  endfacet
  facet normal -0.903962 0 -0.427612
    outer loop
      vertex 56.0433 0 -11.9539
      vertex 55.7915 3.5 -11.4216
      vertex 56.0433 3.5 -11.9539
    endloop
  endfacet
  facet normal -0.903962 -0 -0.427612
    outer loop
      vertex 55.7915 3.5 -11.4216
      vertex 56.0433 0 -11.9539
      vertex 55.7915 0 -11.4216
    endloop
  endfacet
  facet normal 0.998795 -0 0.0490821
    outer loop
      vertex -56.5 0 -39.25
      vertex -56.4711 3.5 -39.8381
      vertex -56.5 3.5 -39.25
    endloop
  endfacet
  facet normal 0.998795 0 0.0490821
    outer loop
      vertex -56.4711 3.5 -39.8381
      vertex -56.5 0 -39.25
      vertex -56.4711 0 -39.8381
    endloop
  endfacet
  facet normal 0.903962 -0 0.427612
    outer loop
      vertex -56.0433 0 -41.5461
      vertex -55.7915 3.5 -42.0784
      vertex -56.0433 3.5 -41.5461
    endloop
  endfacet
  facet normal 0.903962 0 0.427612
    outer loop
      vertex -55.7915 3.5 -42.0784
      vertex -56.0433 0 -41.5461
      vertex -55.7915 0 -42.0784
    endloop
  endfacet
  facet normal -0.803289 0 -0.595589
    outer loop
      vertex 55.4888 0 -10.9166
      vertex 55.1381 3.5 -10.4436
      vertex 55.4888 3.5 -10.9166
    endloop
  endfacet
  facet normal -0.803289 -0 -0.595589
    outer loop
      vertex 55.1381 3.5 -10.4436
      vertex 55.4888 0 -10.9166
      vertex 55.1381 0 -10.4436
    endloop
  endfacet
  facet normal 0.903962 0 -0.427612
    outer loop
      vertex -55.7915 0 -11.4216
      vertex -56.0433 3.5 -11.9539
      vertex -55.7915 3.5 -11.4216
    endloop
  endfacet
  facet normal 0.903962 0 -0.427612
    outer loop
      vertex -56.0433 3.5 -11.9539
      vertex -55.7915 0 -11.4216
      vertex -56.0433 0 -11.9539
    endloop
  endfacet
  facet normal 0.595589 0 0.803289
    outer loop
      vertex -54.3064 3.5 -43.8881
      vertex -53.8334 0 -44.2388
      vertex -53.8334 3.5 -44.2388
    endloop
  endfacet
  facet normal 0.595589 0 0.803289
    outer loop
      vertex -53.8334 0 -44.2388
      vertex -54.3064 3.5 -43.8881
      vertex -54.3064 0 -43.8881
    endloop
  endfacet
  facet normal -0.94158 0 0.336788
    outer loop
      vertex 56.0433 0 -41.5461
      vertex 56.2416 3.5 -40.9917
      vertex 56.0433 3.5 -41.5461
    endloop
  endfacet
  facet normal -0.94158 0 0.336788
    outer loop
      vertex 56.2416 3.5 -40.9917
      vertex 56.0433 0 -41.5461
      vertex 56.2416 0 -40.9917
    endloop
  endfacet
  facet normal -0.989174 0 0.146746
    outer loop
      vertex 56.3847 0 -40.4205
      vertex 56.4711 3.5 -39.8381
      vertex 56.3847 3.5 -40.4205
    endloop
  endfacet
  facet normal -0.989174 0 0.146746
    outer loop
      vertex 56.4711 3.5 -39.8381
      vertex 56.3847 0 -40.4205
      vertex 56.4711 0 -39.8381
    endloop
  endfacet
  facet normal 0.427612 0 0.903962
    outer loop
      vertex -53.3284 3.5 -44.5415
      vertex -52.7961 0 -44.7933
      vertex -52.7961 3.5 -44.7933
    endloop
  endfacet
  facet normal 0.427612 0 0.903962
    outer loop
      vertex -52.7961 0 -44.7933
      vertex -53.3284 3.5 -44.5415
      vertex -53.3284 0 -44.5415
    endloop
  endfacet
  facet normal -0.336879 0 -0.941548
    outer loop
      vertex 52.2417 0 -8.50836
      vertex 52.7961 3.5 -8.70672
      vertex 52.7961 0 -8.70672
    endloop
  endfacet
  facet normal -0.336879 0 -0.941548
    outer loop
      vertex 52.7961 3.5 -8.70672
      vertex 52.2417 0 -8.50836
      vertex 52.2417 3.5 -8.50836
    endloop
  endfacet
  facet normal -0.427542 0 -0.903995
    outer loop
      vertex 52.7961 0 -8.70672
      vertex 53.3284 3.5 -8.95847
      vertex 53.3284 0 -8.95847
    endloop
  endfacet
  facet normal -0.427542 0 -0.903995
    outer loop
      vertex 53.3284 3.5 -8.95847
      vertex 52.7961 0 -8.70672
      vertex 52.7961 3.5 -8.70672
    endloop
  endfacet
  facet normal -0.595655 0 -0.803241
    outer loop
      vertex 53.8334 0 -9.26118
      vertex 54.3064 3.5 -9.61194
      vertex 54.3064 0 -9.61194
    endloop
  endfacet
  facet normal -0.595655 0 -0.803241
    outer loop
      vertex 54.3064 3.5 -9.61194
      vertex 53.8334 0 -9.26118
      vertex 53.8334 3.5 -9.26118
    endloop
  endfacet
  facet normal 0.427542 0 -0.903995
    outer loop
      vertex -53.3284 0 -8.95847
      vertex -52.7961 3.5 -8.70672
      vertex -52.7961 0 -8.70672
    endloop
  endfacet
  facet normal 0.427542 0 -0.903995
    outer loop
      vertex -52.7961 3.5 -8.70672
      vertex -53.3284 0 -8.95847
      vertex -53.3284 3.5 -8.95847
    endloop
  endfacet
  facet normal 0.989174 -0 0.146746
    outer loop
      vertex -56.4711 0 -39.8381
      vertex -56.3847 3.5 -40.4205
      vertex -56.4711 3.5 -39.8381
    endloop
  endfacet
  facet normal 0.989174 0 0.146746
    outer loop
      vertex -56.3847 3.5 -40.4205
      vertex -56.4711 0 -39.8381
      vertex -56.3847 0 -40.4205
    endloop
  endfacet
  facet normal 0.671663 0 -0.740857
    outer loop
      vertex -54.7426 0 -10.0074
      vertex -54.3064 3.5 -9.61194
      vertex -54.3064 0 -9.61194
    endloop
  endfacet
  facet normal 0.671663 0 -0.740857
    outer loop
      vertex -54.3064 3.5 -9.61194
      vertex -54.7426 0 -10.0074
      vertex -54.7426 3.5 -10.0074
    endloop
  endfacet
  facet normal -0.903962 0 0.427612
    outer loop
      vertex 55.7915 0 -42.0784
      vertex 56.0433 3.5 -41.5461
      vertex 55.7915 3.5 -42.0784
    endloop
  endfacet
  facet normal -0.903962 0 0.427612
    outer loop
      vertex 56.0433 3.5 -41.5461
      vertex 55.7915 0 -42.0784
      vertex 56.0433 0 -41.5461
    endloop
  endfacet
  facet normal 0.857718 0 -0.514121
    outer loop
      vertex -55.4888 0 -10.9166
      vertex -55.7915 3.5 -11.4216
      vertex -55.4888 3.5 -10.9166
    endloop
  endfacet
  facet normal 0.857718 0 -0.514121
    outer loop
      vertex -55.7915 3.5 -11.4216
      vertex -55.4888 0 -10.9166
      vertex -55.7915 0 -11.4216
    endloop
  endfacet
  facet normal 0.740823 -0 0.6717
    outer loop
      vertex -55.1381 0 -43.0564
      vertex -54.7426 3.5 -43.4926
      vertex -55.1381 3.5 -43.0564
    endloop
  endfacet
  facet normal 0.740823 0 0.6717
    outer loop
      vertex -54.7426 3.5 -43.4926
      vertex -55.1381 0 -43.0564
      vertex -54.7426 0 -43.4926
    endloop
  endfacet
  facet normal 0.243015 0 0.970023
    outer loop
      vertex -52.2417 3.5 -44.9916
      vertex -51.6705 0 -45.1347
      vertex -51.6705 3.5 -45.1347
    endloop
  endfacet
  facet normal 0.243015 0 0.970023
    outer loop
      vertex -51.6705 0 -45.1347
      vertex -52.2417 3.5 -44.9916
      vertex -52.2417 0 -44.9916
    endloop
  endfacet
  facet normal 0.146746 0 0.989174
    outer loop
      vertex -51.6705 3.5 -45.1347
      vertex -51.0881 0 -45.2211
      vertex -51.0881 3.5 -45.2211
    endloop
  endfacet
  facet normal 0.146746 0 0.989174
    outer loop
      vertex -51.0881 0 -45.2211
      vertex -51.6705 3.5 -45.1347
      vertex -51.6705 0 -45.1347
    endloop
  endfacet
  facet normal -0.514134 0 -0.85771
    outer loop
      vertex 53.3284 0 -8.95847
      vertex 53.8334 3.5 -9.26118
      vertex 53.8334 0 -9.26118
    endloop
  endfacet
  facet normal -0.514134 0 -0.85771
    outer loop
      vertex 53.8334 3.5 -9.26118
      vertex 53.3284 0 -8.95847
      vertex 53.3284 3.5 -8.95847
    endloop
  endfacet
  facet normal -0.866028 -0.499995 0
    outer loop
      vertex -41.9301 120.5 -3
      vertex -45.9715 127.5 0
      vertex -45.9715 127.5 -3
    endloop
  endfacet
  facet normal -0.866028 -0.499995 0
    outer loop
      vertex -45.9715 127.5 0
      vertex -41.9301 120.5 -3
      vertex -41.9301 120.5 0
    endloop
  endfacet
  facet normal 0 -1 0
    outer loop
      vertex -54.0544 127.5 -3
      vertex -45.9715 127.5 0
      vertex -54.0544 127.5 0
    endloop
  endfacet
  facet normal 0 -1 -0
    outer loop
      vertex -45.9715 127.5 0
      vertex -54.0544 127.5 -3
      vertex -45.9715 127.5 -3
    endloop
  endfacet
  facet normal 0.866023 -0.500004 0
    outer loop
      vertex -58.0959 120.5 0
      vertex -54.0544 127.5 -3
      vertex -54.0544 127.5 0
    endloop
  endfacet
  facet normal 0.866023 -0.500004 0
    outer loop
      vertex -54.0544 127.5 -3
      vertex -58.0959 120.5 0
      vertex -58.0959 120.5 -3
    endloop
  endfacet
  facet normal 0.866023 0.500004 0
    outer loop
      vertex -54.0544 113.5 0
      vertex -58.0959 120.5 -3
      vertex -58.0959 120.5 0
    endloop
  endfacet
  facet normal 0.866023 0.500004 0
    outer loop
      vertex -58.0959 120.5 -3
      vertex -54.0544 113.5 0
      vertex -54.0544 113.5 -3
    endloop
  endfacet
  facet normal 0 1 -0
    outer loop
      vertex -45.9715 113.5 -3
      vertex -54.0544 113.5 0
      vertex -45.9715 113.5 0
    endloop
  endfacet
  facet normal 0 1 0
    outer loop
      vertex -54.0544 113.5 0
      vertex -45.9715 113.5 -3
      vertex -54.0544 113.5 -3
    endloop
  endfacet
  facet normal -0.866028 0.499995 0
    outer loop
      vertex -45.9715 113.5 -3
      vertex -41.9301 120.5 0
      vertex -41.9301 120.5 -3
    endloop
  endfacet
  facet normal -0.866028 0.499995 0
    outer loop
      vertex -41.9301 120.5 0
      vertex -45.9715 113.5 -3
      vertex -45.9715 113.5 0
    endloop
  endfacet
  facet normal -0.866028 -0.499995 0
    outer loop
      vertex 43.8064 120.5 -3
      vertex 39.765 127.5 0
      vertex 39.765 127.5 -3
    endloop
  endfacet
  facet normal -0.866028 -0.499995 0
    outer loop
      vertex 39.765 127.5 0
      vertex 43.8064 120.5 -3
      vertex 43.8064 120.5 0
    endloop
  endfacet
  facet normal 0 -1 0
    outer loop
      vertex 31.6821 127.5 -3
      vertex 39.765 127.5 0
      vertex 31.6821 127.5 0
    endloop
  endfacet
  facet normal 0 -1 -0
    outer loop
      vertex 39.765 127.5 0
      vertex 31.6821 127.5 -3
      vertex 39.765 127.5 -3
    endloop
  endfacet
  facet normal 0.866023 -0.500004 0
    outer loop
      vertex 27.6406 120.5 0
      vertex 31.6821 127.5 -3
      vertex 31.6821 127.5 0
    endloop
  endfacet
  facet normal 0.866023 -0.500004 0
    outer loop
      vertex 31.6821 127.5 -3
      vertex 27.6406 120.5 0
      vertex 27.6406 120.5 -3
    endloop
  endfacet
  facet normal 0.866023 0.500004 0
    outer loop
      vertex 31.6821 113.5 0
      vertex 27.6406 120.5 -3
      vertex 27.6406 120.5 0
    endloop
  endfacet
  facet normal 0.866023 0.500004 0
    outer loop
      vertex 27.6406 120.5 -3
      vertex 31.6821 113.5 0
      vertex 31.6821 113.5 -3
    endloop
  endfacet
  facet normal 0 1 -0
    outer loop
      vertex 39.765 113.5 -3
      vertex 31.6821 113.5 0
      vertex 39.765 113.5 0
    endloop
  endfacet
  facet normal 0 1 0
    outer loop
      vertex 31.6821 113.5 0
      vertex 39.765 113.5 -3
      vertex 31.6821 113.5 -3
    endloop
  endfacet
  facet normal -0.866028 0.499995 0
    outer loop
      vertex 39.765 113.5 -3
      vertex 43.8064 120.5 0
      vertex 43.8064 120.5 -3
    endloop
  endfacet
  facet normal -0.866028 0.499995 0
    outer loop
      vertex 43.8064 120.5 0
      vertex 39.765 113.5 -3
      vertex 39.765 113.5 0
    endloop
  endfacet
  facet normal -0.866028 -0.499995 0
    outer loop
      vertex 15.2276 120.5 -3
      vertex 11.1862 127.5 0
      vertex 11.1862 127.5 -3
    endloop
  endfacet
  facet normal -0.866028 -0.499995 0
    outer loop
      vertex 11.1862 127.5 0
      vertex 15.2276 120.5 -3
      vertex 15.2276 120.5 0
    endloop
  endfacet
  facet normal 0 -1 0
    outer loop
      vertex 3.10326 127.5 -3
      vertex 11.1862 127.5 0
      vertex 3.10326 127.5 0
    endloop
  endfacet
  facet normal 0 -1 -0
    outer loop
      vertex 11.1862 127.5 0
      vertex 3.10326 127.5 -3
      vertex 11.1862 127.5 -3
    endloop
  endfacet
  facet normal 0.866026 -0.5 0
    outer loop
      vertex -0.938187 120.5 0
      vertex 3.10326 127.5 -3
      vertex 3.10326 127.5 0
    endloop
  endfacet
  facet normal 0.866026 -0.5 0
    outer loop
      vertex 3.10326 127.5 -3
      vertex -0.938187 120.5 0
      vertex -0.938187 120.5 -3
    endloop
  endfacet
  facet normal 0.866026 0.5 0
    outer loop
      vertex 3.10326 113.5 0
      vertex -0.938187 120.5 -3
      vertex -0.938187 120.5 0
    endloop
  endfacet
  facet normal 0.866026 0.5 0
    outer loop
      vertex -0.938187 120.5 -3
      vertex 3.10326 113.5 0
      vertex 3.10326 113.5 -3
    endloop
  endfacet
  facet normal 0 1 -0
    outer loop
      vertex 11.1862 113.5 -3
      vertex 3.10326 113.5 0
      vertex 11.1862 113.5 0
    endloop
  endfacet
  facet normal 0 1 0
    outer loop
      vertex 3.10326 113.5 0
      vertex 11.1862 113.5 -3
      vertex 3.10326 113.5 -3
    endloop
  endfacet
  facet normal -0.866028 0.499995 0
    outer loop
      vertex 11.1862 113.5 -3
      vertex 15.2276 120.5 0
      vertex 15.2276 120.5 -3
    endloop
  endfacet
  facet normal -0.866028 0.499995 0
    outer loop
      vertex 15.2276 120.5 0
      vertex 11.1862 113.5 -3
      vertex 11.1862 113.5 0
    endloop
  endfacet
  facet normal -0.866023 -0.500004 0
    outer loop
      vertex -13.3512 120.5 -3
      vertex -17.3927 127.5 0
      vertex -17.3927 127.5 -3
    endloop
  endfacet
  facet normal -0.866023 -0.500004 0
    outer loop
      vertex -17.3927 127.5 0
      vertex -13.3512 120.5 -3
      vertex -13.3512 120.5 0
    endloop
  endfacet
  facet normal 0 -1 0
    outer loop
      vertex -25.4756 127.5 -3
      vertex -17.3927 127.5 0
      vertex -25.4756 127.5 0
    endloop
  endfacet
  facet normal 0 -1 -0
    outer loop
      vertex -17.3927 127.5 0
      vertex -25.4756 127.5 -3
      vertex -17.3927 127.5 -3
    endloop
  endfacet
  facet normal 0.866028 -0.499995 0
    outer loop
      vertex -29.517 120.5 0
      vertex -25.4756 127.5 -3
      vertex -25.4756 127.5 0
    endloop
  endfacet
  facet normal 0.866028 -0.499995 0
    outer loop
      vertex -25.4756 127.5 -3
      vertex -29.517 120.5 0
      vertex -29.517 120.5 -3
    endloop
  endfacet
  facet normal 0.866028 0.499995 0
    outer loop
      vertex -25.4756 113.5 0
      vertex -29.517 120.5 -3
      vertex -29.517 120.5 0
    endloop
  endfacet
  facet normal 0.866028 0.499995 0
    outer loop
      vertex -29.517 120.5 -3
      vertex -25.4756 113.5 0
      vertex -25.4756 113.5 -3
    endloop
  endfacet
  facet normal 0 1 -0
    outer loop
      vertex -17.3927 113.5 -3
      vertex -25.4756 113.5 0
      vertex -17.3927 113.5 0
    endloop
  endfacet
  facet normal 0 1 0
    outer loop
      vertex -25.4756 113.5 0
      vertex -17.3927 113.5 -3
      vertex -25.4756 113.5 -3
    endloop
  endfacet
  facet normal -0.866023 0.500004 0
    outer loop
      vertex -17.3927 113.5 -3
      vertex -13.3512 120.5 0
      vertex -13.3512 120.5 -3
    endloop
  endfacet
  facet normal -0.866023 0.500004 0
    outer loop
      vertex -13.3512 120.5 0
      vertex -17.3927 113.5 -3
      vertex -17.3927 113.5 0
    endloop
  endfacet
  facet normal -0.866023 -0.500004 0
    outer loop
      vertex 58.0959 112.25 -3
      vertex 54.0544 119.25 0
      vertex 54.0544 119.25 -3
    endloop
  endfacet
  facet normal -0.866023 -0.500004 0
    outer loop
      vertex 54.0544 119.25 0
      vertex 58.0959 112.25 -3
      vertex 58.0959 112.25 0
    endloop
  endfacet
  facet normal 0 -1 0
    outer loop
      vertex 45.9715 119.25 -3
      vertex 54.0544 119.25 0
      vertex 45.9715 119.25 0
    endloop
  endfacet
  facet normal 0 -1 -0
    outer loop
      vertex 54.0544 119.25 0
      vertex 45.9715 119.25 -3
      vertex 54.0544 119.25 -3
    endloop
  endfacet
  facet normal 0.866028 -0.499995 0
    outer loop
      vertex 41.9301 112.25 0
      vertex 45.9715 119.25 -3
      vertex 45.9715 119.25 0
    endloop
  endfacet
  facet normal 0.866028 -0.499995 0
    outer loop
      vertex 45.9715 119.25 -3
      vertex 41.9301 112.25 0
      vertex 41.9301 112.25 -3
    endloop
  endfacet
  facet normal 0.866028 0.499995 0
    outer loop
      vertex 45.9715 105.25 0
      vertex 41.9301 112.25 -3
      vertex 41.9301 112.25 0
    endloop
  endfacet
  facet normal 0.866028 0.499995 0
    outer loop
      vertex 41.9301 112.25 -3
      vertex 45.9715 105.25 0
      vertex 45.9715 105.25 -3
    endloop
  endfacet
  facet normal 0 1 -0
    outer loop
      vertex 54.0544 105.25 -3
      vertex 45.9715 105.25 0
      vertex 54.0544 105.25 0
    endloop
  endfacet
  facet normal 0 1 0
    outer loop
      vertex 45.9715 105.25 0
      vertex 54.0544 105.25 -3
      vertex 45.9715 105.25 -3
    endloop
  endfacet
  facet normal -0.866023 0.500004 0
    outer loop
      vertex 54.0544 105.25 -3
      vertex 58.0959 112.25 0
      vertex 58.0959 112.25 -3
    endloop
  endfacet
  facet normal -0.866023 0.500004 0
    outer loop
      vertex 58.0959 112.25 0
      vertex 54.0544 105.25 -3
      vertex 54.0544 105.25 0
    endloop
  endfacet
  facet normal -0.866028 -0.499995 0
    outer loop
      vertex 29.517 112.25 -3
      vertex 25.4756 119.25 0
      vertex 25.4756 119.25 -3
    endloop
  endfacet
  facet normal -0.866028 -0.499995 0
    outer loop
      vertex 25.4756 119.25 0
      vertex 29.517 112.25 -3
      vertex 29.517 112.25 0
    endloop
  endfacet
  facet normal 0 -1 0
    outer loop
      vertex 17.3927 119.25 -3
      vertex 25.4756 119.25 0
      vertex 17.3927 119.25 0
    endloop
  endfacet
  facet normal 0 -1 -0
    outer loop
      vertex 25.4756 119.25 0
      vertex 17.3927 119.25 -3
      vertex 25.4756 119.25 -3
    endloop
  endfacet
  facet normal 0.866023 -0.500004 0
    outer loop
      vertex 13.3512 112.25 0
      vertex 17.3927 119.25 -3
      vertex 17.3927 119.25 0
    endloop
  endfacet
  facet normal 0.866023 -0.500004 0
    outer loop
      vertex 17.3927 119.25 -3
      vertex 13.3512 112.25 0
      vertex 13.3512 112.25 -3
    endloop
  endfacet
  facet normal 0.866023 0.500004 0
    outer loop
      vertex 17.3927 105.25 0
      vertex 13.3512 112.25 -3
      vertex 13.3512 112.25 0
    endloop
  endfacet
  facet normal 0.866023 0.500004 0
    outer loop
      vertex 13.3512 112.25 -3
      vertex 17.3927 105.25 0
      vertex 17.3927 105.25 -3
    endloop
  endfacet
  facet normal 0 1 -0
    outer loop
      vertex 25.4756 105.25 -3
      vertex 17.3927 105.25 0
      vertex 25.4756 105.25 0
    endloop
  endfacet
  facet normal 0 1 0
    outer loop
      vertex 17.3927 105.25 0
      vertex 25.4756 105.25 -3
      vertex 17.3927 105.25 -3
    endloop
  endfacet
  facet normal -0.866028 0.499995 0
    outer loop
      vertex 25.4756 105.25 -3
      vertex 29.517 112.25 0
      vertex 29.517 112.25 -3
    endloop
  endfacet
  facet normal -0.866028 0.499995 0
    outer loop
      vertex 29.517 112.25 0
      vertex 25.4756 105.25 -3
      vertex 25.4756 105.25 0
    endloop
  endfacet
  facet normal -0.866023 -0.500004 0
    outer loop
      vertex -27.6406 112.25 -3
      vertex -31.6821 119.25 0
      vertex -31.6821 119.25 -3
    endloop
  endfacet
  facet normal -0.866023 -0.500004 0
    outer loop
      vertex -31.6821 119.25 0
      vertex -27.6406 112.25 -3
      vertex -27.6406 112.25 0
    endloop
  endfacet
  facet normal 0 -1 0
    outer loop
      vertex -39.765 119.25 -3
      vertex -31.6821 119.25 0
      vertex -39.765 119.25 0
    endloop
  endfacet
  facet normal 0 -1 -0
    outer loop
      vertex -31.6821 119.25 0
      vertex -39.765 119.25 -3
      vertex -31.6821 119.25 -3
    endloop
  endfacet
  facet normal 0.866028 -0.499995 0
    outer loop
      vertex -43.8064 112.25 0
      vertex -39.765 119.25 -3
      vertex -39.765 119.25 0
    endloop
  endfacet
  facet normal 0.866028 -0.499995 0
    outer loop
      vertex -39.765 119.25 -3
      vertex -43.8064 112.25 0
      vertex -43.8064 112.25 -3
    endloop
  endfacet
  facet normal 0.866028 0.499995 0
    outer loop
      vertex -39.765 105.25 0
      vertex -43.8064 112.25 -3
      vertex -43.8064 112.25 0
    endloop
  endfacet
  facet normal 0.866028 0.499995 0
    outer loop
      vertex -43.8064 112.25 -3
      vertex -39.765 105.25 0
      vertex -39.765 105.25 -3
    endloop
  endfacet
  facet normal 0 1 -0
    outer loop
      vertex -31.6821 105.25 -3
      vertex -39.765 105.25 0
      vertex -31.6821 105.25 0
    endloop
  endfacet
  facet normal 0 1 0
    outer loop
      vertex -39.765 105.25 0
      vertex -31.6821 105.25 -3
      vertex -39.765 105.25 -3
    endloop
  endfacet
  facet normal -0.866023 0.500004 0
    outer loop
      vertex -31.6821 105.25 -3
      vertex -27.6406 112.25 0
      vertex -27.6406 112.25 -3
    endloop
  endfacet
  facet normal -0.866023 0.500004 0
    outer loop
      vertex -27.6406 112.25 0
      vertex -31.6821 105.25 -3
      vertex -31.6821 105.25 0
    endloop
  endfacet
  facet normal -0.866026 -0.5 0
    outer loop
      vertex 0.938187 112.25 -3
      vertex -3.10326 119.25 0
      vertex -3.10326 119.25 -3
    endloop
  endfacet
  facet normal -0.866026 -0.5 0
    outer loop
      vertex -3.10326 119.25 0
      vertex 0.938187 112.25 -3
      vertex 0.938187 112.25 0
    endloop
  endfacet
  facet normal 0 -1 0
    outer loop
      vertex -11.1862 119.25 -3
      vertex -3.10326 119.25 0
      vertex -11.1862 119.25 0
    endloop
  endfacet
  facet normal 0 -1 -0
    outer loop
      vertex -3.10326 119.25 0
      vertex -11.1862 119.25 -3
      vertex -3.10326 119.25 -3
    endloop
  endfacet
  facet normal 0.866028 -0.499995 0
    outer loop
      vertex -15.2276 112.25 0
      vertex -11.1862 119.25 -3
      vertex -11.1862 119.25 0
    endloop
  endfacet
  facet normal 0.866028 -0.499995 0
    outer loop
      vertex -11.1862 119.25 -3
      vertex -15.2276 112.25 0
      vertex -15.2276 112.25 -3
    endloop
  endfacet
  facet normal 0.866028 0.499995 0
    outer loop
      vertex -11.1862 105.25 0
      vertex -15.2276 112.25 -3
      vertex -15.2276 112.25 0
    endloop
  endfacet
  facet normal 0.866028 0.499995 0
    outer loop
      vertex -15.2276 112.25 -3
      vertex -11.1862 105.25 0
      vertex -11.1862 105.25 -3
    endloop
  endfacet
  facet normal 0 1 -0
    outer loop
      vertex -3.10326 105.25 -3
      vertex -11.1862 105.25 0
      vertex -3.10326 105.25 0
    endloop
  endfacet
  facet normal 0 1 0
    outer loop
      vertex -11.1862 105.25 0
      vertex -3.10326 105.25 -3
      vertex -11.1862 105.25 -3
    endloop
  endfacet
  facet normal -0.866026 0.5 0
    outer loop
      vertex -3.10326 105.25 -3
      vertex 0.938187 112.25 0
      vertex 0.938187 112.25 -3
    endloop
  endfacet
  facet normal -0.866026 0.5 0
    outer loop
      vertex 0.938187 112.25 0
      vertex -3.10326 105.25 -3
      vertex -3.10326 105.25 0
    endloop
  endfacet
  facet normal -0.866028 -0.499995 0
    outer loop
      vertex -41.9301 104 -3
      vertex -45.9715 111 0
      vertex -45.9715 111 -3
    endloop
  endfacet
  facet normal -0.866028 -0.499995 0
    outer loop
      vertex -45.9715 111 0
      vertex -41.9301 104 -3
      vertex -41.9301 104 0
    endloop
  endfacet
  facet normal 0 -1 0
    outer loop
      vertex -54.0544 111 -3
      vertex -45.9715 111 0
      vertex -54.0544 111 0
    endloop
  endfacet
  facet normal 0 -1 -0
    outer loop
      vertex -45.9715 111 0
      vertex -54.0544 111 -3
      vertex -45.9715 111 -3
    endloop
  endfacet
  facet normal 0.866023 -0.500004 0
    outer loop
      vertex -58.0959 104 0
      vertex -54.0544 111 -3
      vertex -54.0544 111 0
    endloop
  endfacet
  facet normal 0.866023 -0.500004 0
    outer loop
      vertex -54.0544 111 -3
      vertex -58.0959 104 0
      vertex -58.0959 104 -3
    endloop
  endfacet
  facet normal 0.866023 0.500004 0
    outer loop
      vertex -54.0544 97 0
      vertex -58.0959 104 -3
      vertex -58.0959 104 0
    endloop
  endfacet
  facet normal 0.866023 0.500004 0
    outer loop
      vertex -58.0959 104 -3
      vertex -54.0544 97 0
      vertex -54.0544 97 -3
    endloop
  endfacet
  facet normal 0 1 -0
    outer loop
      vertex -45.9715 97 -3
      vertex -54.0544 97 0
      vertex -45.9715 97 0
    endloop
  endfacet
  facet normal 0 1 0
    outer loop
      vertex -54.0544 97 0
      vertex -45.9715 97 -3
      vertex -54.0544 97 -3
    endloop
  endfacet
  facet normal -0.866028 0.499995 0
    outer loop
      vertex -45.9715 97 -3
      vertex -41.9301 104 0
      vertex -41.9301 104 -3
    endloop
  endfacet
  facet normal -0.866028 0.499995 0
    outer loop
      vertex -41.9301 104 0
      vertex -45.9715 97 -3
      vertex -45.9715 97 0
    endloop
  endfacet
  facet normal -0.866028 -0.499995 0
    outer loop
      vertex 43.8064 104 -3
      vertex 39.765 111 0
      vertex 39.765 111 -3
    endloop
  endfacet
  facet normal -0.866028 -0.499995 0
    outer loop
      vertex 39.765 111 0
      vertex 43.8064 104 -3
      vertex 43.8064 104 0
    endloop
  endfacet
  facet normal 0 -1 0
    outer loop
      vertex 31.6821 111 -3
      vertex 39.765 111 0
      vertex 31.6821 111 0
    endloop
  endfacet
  facet normal 0 -1 -0
    outer loop
      vertex 39.765 111 0
      vertex 31.6821 111 -3
      vertex 39.765 111 -3
    endloop
  endfacet
  facet normal 0.866023 -0.500004 0
    outer loop
      vertex 27.6406 104 0
      vertex 31.6821 111 -3
      vertex 31.6821 111 0
    endloop
  endfacet
  facet normal 0.866023 -0.500004 0
    outer loop
      vertex 31.6821 111 -3
      vertex 27.6406 104 0
      vertex 27.6406 104 -3
    endloop
  endfacet
  facet normal 0.866023 0.500004 0
    outer loop
      vertex 31.6821 97 0
      vertex 27.6406 104 -3
      vertex 27.6406 104 0
    endloop
  endfacet
  facet normal 0.866023 0.500004 0
    outer loop
      vertex 27.6406 104 -3
      vertex 31.6821 97 0
      vertex 31.6821 97 -3
    endloop
  endfacet
  facet normal 0 1 -0
    outer loop
      vertex 39.765 97 -3
      vertex 31.6821 97 0
      vertex 39.765 97 0
    endloop
  endfacet
  facet normal 0 1 0
    outer loop
      vertex 31.6821 97 0
      vertex 39.765 97 -3
      vertex 31.6821 97 -3
    endloop
  endfacet
  facet normal -0.866028 0.499995 0
    outer loop
      vertex 39.765 97 -3
      vertex 43.8064 104 0
      vertex 43.8064 104 -3
    endloop
  endfacet
  facet normal -0.866028 0.499995 0
    outer loop
      vertex 43.8064 104 0
      vertex 39.765 97 -3
      vertex 39.765 97 0
    endloop
  endfacet
  facet normal -0.866028 -0.499995 0
    outer loop
      vertex 15.2276 104 -3
      vertex 11.1862 111 0
      vertex 11.1862 111 -3
    endloop
  endfacet
  facet normal -0.866028 -0.499995 0
    outer loop
      vertex 11.1862 111 0
      vertex 15.2276 104 -3
      vertex 15.2276 104 0
    endloop
  endfacet
  facet normal 0 -1 0
    outer loop
      vertex 3.10326 111 -3
      vertex 11.1862 111 0
      vertex 3.10326 111 0
    endloop
  endfacet
  facet normal 0 -1 -0
    outer loop
      vertex 11.1862 111 0
      vertex 3.10326 111 -3
      vertex 11.1862 111 -3
    endloop
  endfacet
  facet normal 0.866026 -0.5 0
    outer loop
      vertex -0.938187 104 0
      vertex 3.10326 111 -3
      vertex 3.10326 111 0
    endloop
  endfacet
  facet normal 0.866026 -0.5 0
    outer loop
      vertex 3.10326 111 -3
      vertex -0.938187 104 0
      vertex -0.938187 104 -3
    endloop
  endfacet
  facet normal 0.866026 0.5 0
    outer loop
      vertex 3.10326 97 0
      vertex -0.938187 104 -3
      vertex -0.938187 104 0
    endloop
  endfacet
  facet normal 0.866026 0.5 0
    outer loop
      vertex -0.938187 104 -3
      vertex 3.10326 97 0
      vertex 3.10326 97 -3
    endloop
  endfacet
  facet normal 0 1 -0
    outer loop
      vertex 11.1862 97 -3
      vertex 3.10326 97 0
      vertex 11.1862 97 0
    endloop
  endfacet
  facet normal 0 1 0
    outer loop
      vertex 3.10326 97 0
      vertex 11.1862 97 -3
      vertex 3.10326 97 -3
    endloop
  endfacet
  facet normal -0.866028 0.499995 0
    outer loop
      vertex 11.1862 97 -3
      vertex 15.2276 104 0
      vertex 15.2276 104 -3
    endloop
  endfacet
  facet normal -0.866028 0.499995 0
    outer loop
      vertex 15.2276 104 0
      vertex 11.1862 97 -3
      vertex 11.1862 97 0
    endloop
  endfacet
  facet normal -0.866023 -0.500004 0
    outer loop
      vertex -13.3512 104 -3
      vertex -17.3927 111 0
      vertex -17.3927 111 -3
    endloop
  endfacet
  facet normal -0.866023 -0.500004 0
    outer loop
      vertex -17.3927 111 0
      vertex -13.3512 104 -3
      vertex -13.3512 104 0
    endloop
  endfacet
  facet normal 0 -1 0
    outer loop
      vertex -25.4756 111 -3
      vertex -17.3927 111 0
      vertex -25.4756 111 0
    endloop
  endfacet
  facet normal 0 -1 -0
    outer loop
      vertex -17.3927 111 0
      vertex -25.4756 111 -3
      vertex -17.3927 111 -3
    endloop
  endfacet
  facet normal 0.866028 -0.499995 0
    outer loop
      vertex -29.517 104 0
      vertex -25.4756 111 -3
      vertex -25.4756 111 0
    endloop
  endfacet
  facet normal 0.866028 -0.499995 0
    outer loop
      vertex -25.4756 111 -3
      vertex -29.517 104 0
      vertex -29.517 104 -3
    endloop
  endfacet
  facet normal 0.866028 0.499995 0
    outer loop
      vertex -25.4756 97 0
      vertex -29.517 104 -3
      vertex -29.517 104 0
    endloop
  endfacet
  facet normal 0.866028 0.499995 0
    outer loop
      vertex -29.517 104 -3
      vertex -25.4756 97 0
      vertex -25.4756 97 -3
    endloop
  endfacet
  facet normal 0 1 -0
    outer loop
      vertex -17.3927 97 -3
      vertex -25.4756 97 0
      vertex -17.3927 97 0
    endloop
  endfacet
  facet normal 0 1 0
    outer loop
      vertex -25.4756 97 0
      vertex -17.3927 97 -3
      vertex -25.4756 97 -3
    endloop
  endfacet
  facet normal -0.866023 0.500004 0
    outer loop
      vertex -17.3927 97 -3
      vertex -13.3512 104 0
      vertex -13.3512 104 -3
    endloop
  endfacet
  facet normal -0.866023 0.500004 0
    outer loop
      vertex -13.3512 104 0
      vertex -17.3927 97 -3
      vertex -17.3927 97 0
    endloop
  endfacet
  facet normal -0.866023 -0.500004 0
    outer loop
      vertex 58.0959 95.75 -3
      vertex 54.0544 102.75 0
      vertex 54.0544 102.75 -3
    endloop
  endfacet
  facet normal -0.866023 -0.500004 0
    outer loop
      vertex 54.0544 102.75 0
      vertex 58.0959 95.75 -3
      vertex 58.0959 95.75 0
    endloop
  endfacet
  facet normal 0 -1 0
    outer loop
      vertex 45.9715 102.75 -3
      vertex 54.0544 102.75 0
      vertex 45.9715 102.75 0
    endloop
  endfacet
  facet normal 0 -1 -0
    outer loop
      vertex 54.0544 102.75 0
      vertex 45.9715 102.75 -3
      vertex 54.0544 102.75 -3
    endloop
  endfacet
  facet normal 0.866028 -0.499995 0
    outer loop
      vertex 41.9301 95.75 0
      vertex 45.9715 102.75 -3
      vertex 45.9715 102.75 0
    endloop
  endfacet
  facet normal 0.866028 -0.499995 0
    outer loop
      vertex 45.9715 102.75 -3
      vertex 41.9301 95.75 0
      vertex 41.9301 95.75 -3
    endloop
  endfacet
  facet normal 0.866028 0.499995 0
    outer loop
      vertex 45.9715 88.75 0
      vertex 41.9301 95.75 -3
      vertex 41.9301 95.75 0
    endloop
  endfacet
  facet normal 0.866028 0.499995 0
    outer loop
      vertex 41.9301 95.75 -3
      vertex 45.9715 88.75 0
      vertex 45.9715 88.75 -3
    endloop
  endfacet
  facet normal 0 1 -0
    outer loop
      vertex 54.0544 88.75 -3
      vertex 45.9715 88.75 0
      vertex 54.0544 88.75 0
    endloop
  endfacet
  facet normal 0 1 0
    outer loop
      vertex 45.9715 88.75 0
      vertex 54.0544 88.75 -3
      vertex 45.9715 88.75 -3
    endloop
  endfacet
  facet normal -0.866023 0.500004 0
    outer loop
      vertex 54.0544 88.75 -3
      vertex 58.0959 95.75 0
      vertex 58.0959 95.75 -3
    endloop
  endfacet
  facet normal -0.866023 0.500004 0
    outer loop
      vertex 58.0959 95.75 0
      vertex 54.0544 88.75 -3
      vertex 54.0544 88.75 0
    endloop
  endfacet
  facet normal -0.866026 -0.5 0
    outer loop
      vertex 0.938187 95.75 -3
      vertex -3.10326 102.75 0
      vertex -3.10326 102.75 -3
    endloop
  endfacet
  facet normal -0.866026 -0.5 0
    outer loop
      vertex -3.10326 102.75 0
      vertex 0.938187 95.75 -3
      vertex 0.938187 95.75 0
    endloop
  endfacet
  facet normal 0 -1 0
    outer loop
      vertex -11.1862 102.75 -3
      vertex -3.10326 102.75 0
      vertex -11.1862 102.75 0
    endloop
  endfacet
  facet normal 0 -1 -0
    outer loop
      vertex -3.10326 102.75 0
      vertex -11.1862 102.75 -3
      vertex -3.10326 102.75 -3
    endloop
  endfacet
  facet normal 0.866028 -0.499995 0
    outer loop
      vertex -15.2276 95.75 0
      vertex -11.1862 102.75 -3
      vertex -11.1862 102.75 0
    endloop
  endfacet
  facet normal 0.866028 -0.499995 0
    outer loop
      vertex -11.1862 102.75 -3
      vertex -15.2276 95.75 0
      vertex -15.2276 95.75 -3
    endloop
  endfacet
  facet normal 0.866028 0.499995 0
    outer loop
      vertex -11.1862 88.75 0
      vertex -15.2276 95.75 -3
      vertex -15.2276 95.75 0
    endloop
  endfacet
  facet normal 0.866028 0.499995 0
    outer loop
      vertex -15.2276 95.75 -3
      vertex -11.1862 88.75 0
      vertex -11.1862 88.75 -3
    endloop
  endfacet
  facet normal 0 1 -0
    outer loop
      vertex -3.10326 88.75 -3
      vertex -11.1862 88.75 0
      vertex -3.10326 88.75 0
    endloop
  endfacet
  facet normal 0 1 0
    outer loop
      vertex -11.1862 88.75 0
      vertex -3.10326 88.75 -3
      vertex -11.1862 88.75 -3
    endloop
  endfacet
  facet normal -0.866026 0.5 0
    outer loop
      vertex -3.10326 88.75 -3
      vertex 0.938187 95.75 0
      vertex 0.938187 95.75 -3
    endloop
  endfacet
  facet normal -0.866026 0.5 0
    outer loop
      vertex 0.938187 95.75 0
      vertex -3.10326 88.75 -3
      vertex -3.10326 88.75 0
    endloop
  endfacet
  facet normal -0.866028 -0.499995 0
    outer loop
      vertex 29.517 95.75 -3
      vertex 25.4756 102.75 0
      vertex 25.4756 102.75 -3
    endloop
  endfacet
  facet normal -0.866028 -0.499995 0
    outer loop
      vertex 25.4756 102.75 0
      vertex 29.517 95.75 -3
      vertex 29.517 95.75 0
    endloop
  endfacet
  facet normal 0 -1 0
    outer loop
      vertex 17.3927 102.75 -3
      vertex 25.4756 102.75 0
      vertex 17.3927 102.75 0
    endloop
  endfacet
  facet normal 0 -1 -0
    outer loop
      vertex 25.4756 102.75 0
      vertex 17.3927 102.75 -3
      vertex 25.4756 102.75 -3
    endloop
  endfacet
  facet normal 0.866023 -0.500004 0
    outer loop
      vertex 13.3512 95.75 0
      vertex 17.3927 102.75 -3
      vertex 17.3927 102.75 0
    endloop
  endfacet
  facet normal 0.866023 -0.500004 0
    outer loop
      vertex 17.3927 102.75 -3
      vertex 13.3512 95.75 0
      vertex 13.3512 95.75 -3
    endloop
  endfacet
  facet normal 0.866023 0.500004 0
    outer loop
      vertex 17.3927 88.75 0
      vertex 13.3512 95.75 -3
      vertex 13.3512 95.75 0
    endloop
  endfacet
  facet normal 0.866023 0.500004 0
    outer loop
      vertex 13.3512 95.75 -3
      vertex 17.3927 88.75 0
      vertex 17.3927 88.75 -3
    endloop
  endfacet
  facet normal 0 1 -0
    outer loop
      vertex 25.4756 88.75 -3
      vertex 17.3927 88.75 0
      vertex 25.4756 88.75 0
    endloop
  endfacet
  facet normal 0 1 0
    outer loop
      vertex 17.3927 88.75 0
      vertex 25.4756 88.75 -3
      vertex 17.3927 88.75 -3
    endloop
  endfacet
  facet normal -0.866028 0.499995 0
    outer loop
      vertex 25.4756 88.75 -3
      vertex 29.517 95.75 0
      vertex 29.517 95.75 -3
    endloop
  endfacet
  facet normal -0.866028 0.499995 0
    outer loop
      vertex 29.517 95.75 0
      vertex 25.4756 88.75 -3
      vertex 25.4756 88.75 0
    endloop
  endfacet
  facet normal -0.866023 -0.500004 0
    outer loop
      vertex -27.6406 95.75 -3
      vertex -31.6821 102.75 0
      vertex -31.6821 102.75 -3
    endloop
  endfacet
  facet normal -0.866023 -0.500004 0
    outer loop
      vertex -31.6821 102.75 0
      vertex -27.6406 95.75 -3
      vertex -27.6406 95.75 0
    endloop
  endfacet
  facet normal 0 -1 0
    outer loop
      vertex -39.765 102.75 -3
      vertex -31.6821 102.75 0
      vertex -39.765 102.75 0
    endloop
  endfacet
  facet normal 0 -1 -0
    outer loop
      vertex -31.6821 102.75 0
      vertex -39.765 102.75 -3
      vertex -31.6821 102.75 -3
    endloop
  endfacet
  facet normal 0.866028 -0.499995 0
    outer loop
      vertex -43.8064 95.75 0
      vertex -39.765 102.75 -3
      vertex -39.765 102.75 0
    endloop
  endfacet
  facet normal 0.866028 -0.499995 0
    outer loop
      vertex -39.765 102.75 -3
      vertex -43.8064 95.75 0
      vertex -43.8064 95.75 -3
    endloop
  endfacet
  facet normal 0.866028 0.499995 0
    outer loop
      vertex -39.765 88.75 0
      vertex -43.8064 95.75 -3
      vertex -43.8064 95.75 0
    endloop
  endfacet
  facet normal 0.866028 0.499995 0
    outer loop
      vertex -43.8064 95.75 -3
      vertex -39.765 88.75 0
      vertex -39.765 88.75 -3
    endloop
  endfacet
  facet normal 0 1 -0
    outer loop
      vertex -31.6821 88.75 -3
      vertex -39.765 88.75 0
      vertex -31.6821 88.75 0
    endloop
  endfacet
  facet normal 0 1 0
    outer loop
      vertex -39.765 88.75 0
      vertex -31.6821 88.75 -3
      vertex -39.765 88.75 -3
    endloop
  endfacet
  facet normal -0.866023 0.500004 0
    outer loop
      vertex -31.6821 88.75 -3
      vertex -27.6406 95.75 0
      vertex -27.6406 95.75 -3
    endloop
  endfacet
  facet normal -0.866023 0.500004 0
    outer loop
      vertex -27.6406 95.75 0
      vertex -31.6821 88.75 -3
      vertex -31.6821 88.75 0
    endloop
  endfacet
  facet normal -0.866028 -0.499995 0
    outer loop
      vertex -41.9301 87.5 -3
      vertex -45.9715 94.5 0
      vertex -45.9715 94.5 -3
    endloop
  endfacet
  facet normal -0.866028 -0.499995 0
    outer loop
      vertex -45.9715 94.5 0
      vertex -41.9301 87.5 -3
      vertex -41.9301 87.5 0
    endloop
  endfacet
  facet normal 0 -1 0
    outer loop
      vertex -54.0544 94.5 -3
      vertex -45.9715 94.5 0
      vertex -54.0544 94.5 0
    endloop
  endfacet
  facet normal 0 -1 -0
    outer loop
      vertex -45.9715 94.5 0
      vertex -54.0544 94.5 -3
      vertex -45.9715 94.5 -3
    endloop
  endfacet
  facet normal 0.866023 -0.500004 0
    outer loop
      vertex -58.0959 87.5 0
      vertex -54.0544 94.5 -3
      vertex -54.0544 94.5 0
    endloop
  endfacet
  facet normal 0.866023 -0.500004 0
    outer loop
      vertex -54.0544 94.5 -3
      vertex -58.0959 87.5 0
      vertex -58.0959 87.5 -3
    endloop
  endfacet
  facet normal 0.866023 0.500004 0
    outer loop
      vertex -54.0544 80.5 0
      vertex -58.0959 87.5 -3
      vertex -58.0959 87.5 0
    endloop
  endfacet
  facet normal 0.866023 0.500004 0
    outer loop
      vertex -58.0959 87.5 -3
      vertex -54.0544 80.5 0
      vertex -54.0544 80.5 -3
    endloop
  endfacet
  facet normal 0 1 -0
    outer loop
      vertex -45.9715 80.5 -3
      vertex -54.0544 80.5 0
      vertex -45.9715 80.5 0
    endloop
  endfacet
  facet normal 0 1 0
    outer loop
      vertex -54.0544 80.5 0
      vertex -45.9715 80.5 -3
      vertex -54.0544 80.5 -3
    endloop
  endfacet
  facet normal -0.866028 0.499995 0
    outer loop
      vertex -45.9715 80.5 -3
      vertex -41.9301 87.5 0
      vertex -41.9301 87.5 -3
    endloop
  endfacet
  facet normal -0.866028 0.499995 0
    outer loop
      vertex -41.9301 87.5 0
      vertex -45.9715 80.5 -3
      vertex -45.9715 80.5 0
    endloop
  endfacet
  facet normal -0.866023 -0.500004 0
    outer loop
      vertex -13.3512 87.5 -3
      vertex -17.3927 94.5 0
      vertex -17.3927 94.5 -3
    endloop
  endfacet
  facet normal -0.866023 -0.500004 0
    outer loop
      vertex -17.3927 94.5 0
      vertex -13.3512 87.5 -3
      vertex -13.3512 87.5 0
    endloop
  endfacet
  facet normal 0 -1 0
    outer loop
      vertex -25.4756 94.5 -3
      vertex -17.3927 94.5 0
      vertex -25.4756 94.5 0
    endloop
  endfacet
  facet normal 0 -1 -0
    outer loop
      vertex -17.3927 94.5 0
      vertex -25.4756 94.5 -3
      vertex -17.3927 94.5 -3
    endloop
  endfacet
  facet normal 0.866028 -0.499995 0
    outer loop
      vertex -29.517 87.5 0
      vertex -25.4756 94.5 -3
      vertex -25.4756 94.5 0
    endloop
  endfacet
  facet normal 0.866028 -0.499995 0
    outer loop
      vertex -25.4756 94.5 -3
      vertex -29.517 87.5 0
      vertex -29.517 87.5 -3
    endloop
  endfacet
  facet normal 0.866028 0.499995 0
    outer loop
      vertex -25.4756 80.5 0
      vertex -29.517 87.5 -3
      vertex -29.517 87.5 0
    endloop
  endfacet
  facet normal 0.866028 0.499995 0
    outer loop
      vertex -29.517 87.5 -3
      vertex -25.4756 80.5 0
      vertex -25.4756 80.5 -3
    endloop
  endfacet
  facet normal 0 1 -0
    outer loop
      vertex -17.3927 80.5 -3
      vertex -25.4756 80.5 0
      vertex -17.3927 80.5 0
    endloop
  endfacet
  facet normal 0 1 0
    outer loop
      vertex -25.4756 80.5 0
      vertex -17.3927 80.5 -3
      vertex -25.4756 80.5 -3
    endloop
  endfacet
  facet normal -0.866023 0.500004 0
    outer loop
      vertex -17.3927 80.5 -3
      vertex -13.3512 87.5 0
      vertex -13.3512 87.5 -3
    endloop
  endfacet
  facet normal -0.866023 0.500004 0
    outer loop
      vertex -13.3512 87.5 0
      vertex -17.3927 80.5 -3
      vertex -17.3927 80.5 0
    endloop
  endfacet
  facet normal -0.866028 -0.499995 0
    outer loop
      vertex 43.8064 87.5 -3
      vertex 39.765 94.5 0
      vertex 39.765 94.5 -3
    endloop
  endfacet
  facet normal -0.866028 -0.499995 0
    outer loop
      vertex 39.765 94.5 0
      vertex 43.8064 87.5 -3
      vertex 43.8064 87.5 0
    endloop
  endfacet
  facet normal 0 -1 0
    outer loop
      vertex 31.6821 94.5 -3
      vertex 39.765 94.5 0
      vertex 31.6821 94.5 0
    endloop
  endfacet
  facet normal 0 -1 -0
    outer loop
      vertex 39.765 94.5 0
      vertex 31.6821 94.5 -3
      vertex 39.765 94.5 -3
    endloop
  endfacet
  facet normal 0.866023 -0.500004 0
    outer loop
      vertex 27.6406 87.5 0
      vertex 31.6821 94.5 -3
      vertex 31.6821 94.5 0
    endloop
  endfacet
  facet normal 0.866023 -0.500004 0
    outer loop
      vertex 31.6821 94.5 -3
      vertex 27.6406 87.5 0
      vertex 27.6406 87.5 -3
    endloop
  endfacet
  facet normal 0.866023 0.500004 0
    outer loop
      vertex 31.6821 80.5 0
      vertex 27.6406 87.5 -3
      vertex 27.6406 87.5 0
    endloop
  endfacet
  facet normal 0.866023 0.500004 0
    outer loop
      vertex 27.6406 87.5 -3
      vertex 31.6821 80.5 0
      vertex 31.6821 80.5 -3
    endloop
  endfacet
  facet normal 0 1 -0
    outer loop
      vertex 39.765 80.5 -3
      vertex 31.6821 80.5 0
      vertex 39.765 80.5 0
    endloop
  endfacet
  facet normal 0 1 0
    outer loop
      vertex 31.6821 80.5 0
      vertex 39.765 80.5 -3
      vertex 31.6821 80.5 -3
    endloop
  endfacet
  facet normal -0.866028 0.499995 0
    outer loop
      vertex 39.765 80.5 -3
      vertex 43.8064 87.5 0
      vertex 43.8064 87.5 -3
    endloop
  endfacet
  facet normal -0.866028 0.499995 0
    outer loop
      vertex 43.8064 87.5 0
      vertex 39.765 80.5 -3
      vertex 39.765 80.5 0
    endloop
  endfacet
  facet normal -0.866028 -0.499995 0
    outer loop
      vertex 15.2276 87.5 -3
      vertex 11.1862 94.5 0
      vertex 11.1862 94.5 -3
    endloop
  endfacet
  facet normal -0.866028 -0.499995 0
    outer loop
      vertex 11.1862 94.5 0
      vertex 15.2276 87.5 -3
      vertex 15.2276 87.5 0
    endloop
  endfacet
  facet normal 0 -1 0
    outer loop
      vertex 3.10326 94.5 -3
      vertex 11.1862 94.5 0
      vertex 3.10326 94.5 0
    endloop
  endfacet
  facet normal 0 -1 -0
    outer loop
      vertex 11.1862 94.5 0
      vertex 3.10326 94.5 -3
      vertex 11.1862 94.5 -3
    endloop
  endfacet
  facet normal 0.866026 -0.5 0
    outer loop
      vertex -0.938187 87.5 0
      vertex 3.10326 94.5 -3
      vertex 3.10326 94.5 0
    endloop
  endfacet
  facet normal 0.866026 -0.5 0
    outer loop
      vertex 3.10326 94.5 -3
      vertex -0.938187 87.5 0
      vertex -0.938187 87.5 -3
    endloop
  endfacet
  facet normal 0.866026 0.5 0
    outer loop
      vertex 3.10326 80.5 0
      vertex -0.938187 87.5 -3
      vertex -0.938187 87.5 0
    endloop
  endfacet
  facet normal 0.866026 0.5 0
    outer loop
      vertex -0.938187 87.5 -3
      vertex 3.10326 80.5 0
      vertex 3.10326 80.5 -3
    endloop
  endfacet
  facet normal 0 1 -0
    outer loop
      vertex 11.1862 80.5 -3
      vertex 3.10326 80.5 0
      vertex 11.1862 80.5 0
    endloop
  endfacet
  facet normal 0 1 0
    outer loop
      vertex 3.10326 80.5 0
      vertex 11.1862 80.5 -3
      vertex 3.10326 80.5 -3
    endloop
  endfacet
  facet normal -0.866028 0.499995 0
    outer loop
      vertex 11.1862 80.5 -3
      vertex 15.2276 87.5 0
      vertex 15.2276 87.5 -3
    endloop
  endfacet
  facet normal -0.866028 0.499995 0
    outer loop
      vertex 15.2276 87.5 0
      vertex 11.1862 80.5 -3
      vertex 11.1862 80.5 0
    endloop
  endfacet
  facet normal -0.866028 -0.499995 0
    outer loop
      vertex 29.517 79.25 -3
      vertex 25.4756 86.25 0
      vertex 25.4756 86.25 -3
    endloop
  endfacet
  facet normal -0.866028 -0.499995 0
    outer loop
      vertex 25.4756 86.25 0
      vertex 29.517 79.25 -3
      vertex 29.517 79.25 0
    endloop
  endfacet
  facet normal 0 -1 0
    outer loop
      vertex 17.3927 86.25 -3
      vertex 25.4756 86.25 0
      vertex 17.3927 86.25 0
    endloop
  endfacet
  facet normal 0 -1 -0
    outer loop
      vertex 25.4756 86.25 0
      vertex 17.3927 86.25 -3
      vertex 25.4756 86.25 -3
    endloop
  endfacet
  facet normal 0.866023 -0.500004 0
    outer loop
      vertex 13.3512 79.25 0
      vertex 17.3927 86.25 -3
      vertex 17.3927 86.25 0
    endloop
  endfacet
  facet normal 0.866023 -0.500004 0
    outer loop
      vertex 17.3927 86.25 -3
      vertex 13.3512 79.25 0
      vertex 13.3512 79.25 -3
    endloop
  endfacet
  facet normal 0.866023 0.500004 0
    outer loop
      vertex 17.3927 72.25 0
      vertex 13.3512 79.25 -3
      vertex 13.3512 79.25 0
    endloop
  endfacet
  facet normal 0.866023 0.500004 0
    outer loop
      vertex 13.3512 79.25 -3
      vertex 17.3927 72.25 0
      vertex 17.3927 72.25 -3
    endloop
  endfacet
  facet normal 0 1 -0
    outer loop
      vertex 25.4756 72.25 -3
      vertex 17.3927 72.25 0
      vertex 25.4756 72.25 0
    endloop
  endfacet
  facet normal 0 1 0
    outer loop
      vertex 17.3927 72.25 0
      vertex 25.4756 72.25 -3
      vertex 17.3927 72.25 -3
    endloop
  endfacet
  facet normal -0.866028 0.499995 0
    outer loop
      vertex 25.4756 72.25 -3
      vertex 29.517 79.25 0
      vertex 29.517 79.25 -3
    endloop
  endfacet
  facet normal -0.866028 0.499995 0
    outer loop
      vertex 29.517 79.25 0
      vertex 25.4756 72.25 -3
      vertex 25.4756 72.25 0
    endloop
  endfacet
  facet normal -0.866023 -0.500004 0
    outer loop
      vertex -27.6406 79.25 -3
      vertex -31.6821 86.25 0
      vertex -31.6821 86.25 -3
    endloop
  endfacet
  facet normal -0.866023 -0.500004 0
    outer loop
      vertex -31.6821 86.25 0
      vertex -27.6406 79.25 -3
      vertex -27.6406 79.25 0
    endloop
  endfacet
  facet normal 0 -1 0
    outer loop
      vertex -39.765 86.25 -3
      vertex -31.6821 86.25 0
      vertex -39.765 86.25 0
    endloop
  endfacet
  facet normal 0 -1 -0
    outer loop
      vertex -31.6821 86.25 0
      vertex -39.765 86.25 -3
      vertex -31.6821 86.25 -3
    endloop
  endfacet
  facet normal 0.866028 -0.499995 0
    outer loop
      vertex -43.8064 79.25 0
      vertex -39.765 86.25 -3
      vertex -39.765 86.25 0
    endloop
  endfacet
  facet normal 0.866028 -0.499995 0
    outer loop
      vertex -39.765 86.25 -3
      vertex -43.8064 79.25 0
      vertex -43.8064 79.25 -3
    endloop
  endfacet
  facet normal 0.866028 0.499995 0
    outer loop
      vertex -39.765 72.25 0
      vertex -43.8064 79.25 -3
      vertex -43.8064 79.25 0
    endloop
  endfacet
  facet normal 0.866028 0.499995 0
    outer loop
      vertex -43.8064 79.25 -3
      vertex -39.765 72.25 0
      vertex -39.765 72.25 -3
    endloop
  endfacet
  facet normal 0 1 -0
    outer loop
      vertex -31.6821 72.25 -3
      vertex -39.765 72.25 0
      vertex -31.6821 72.25 0
    endloop
  endfacet
  facet normal 0 1 0
    outer loop
      vertex -39.765 72.25 0
      vertex -31.6821 72.25 -3
      vertex -39.765 72.25 -3
    endloop
  endfacet
  facet normal -0.866023 0.500004 0
    outer loop
      vertex -31.6821 72.25 -3
      vertex -27.6406 79.25 0
      vertex -27.6406 79.25 -3
    endloop
  endfacet
  facet normal -0.866023 0.500004 0
    outer loop
      vertex -27.6406 79.25 0
      vertex -31.6821 72.25 -3
      vertex -31.6821 72.25 0
    endloop
  endfacet
  facet normal -0.866026 -0.5 0
    outer loop
      vertex 0.938187 79.25 -3
      vertex -3.10326 86.25 0
      vertex -3.10326 86.25 -3
    endloop
  endfacet
  facet normal -0.866026 -0.5 0
    outer loop
      vertex -3.10326 86.25 0
      vertex 0.938187 79.25 -3
      vertex 0.938187 79.25 0
    endloop
  endfacet
  facet normal 0 -1 0
    outer loop
      vertex -11.1862 86.25 -3
      vertex -3.10326 86.25 0
      vertex -11.1862 86.25 0
    endloop
  endfacet
  facet normal 0 -1 -0
    outer loop
      vertex -3.10326 86.25 0
      vertex -11.1862 86.25 -3
      vertex -3.10326 86.25 -3
    endloop
  endfacet
  facet normal 0.866028 -0.499995 0
    outer loop
      vertex -15.2276 79.25 0
      vertex -11.1862 86.25 -3
      vertex -11.1862 86.25 0
    endloop
  endfacet
  facet normal 0.866028 -0.499995 0
    outer loop
      vertex -11.1862 86.25 -3
      vertex -15.2276 79.25 0
      vertex -15.2276 79.25 -3
    endloop
  endfacet
  facet normal 0.866028 0.499995 0
    outer loop
      vertex -11.1862 72.25 0
      vertex -15.2276 79.25 -3
      vertex -15.2276 79.25 0
    endloop
  endfacet
  facet normal 0.866028 0.499995 0
    outer loop
      vertex -15.2276 79.25 -3
      vertex -11.1862 72.25 0
      vertex -11.1862 72.25 -3
    endloop
  endfacet
  facet normal 0 1 -0
    outer loop
      vertex -3.10326 72.25 -3
      vertex -11.1862 72.25 0
      vertex -3.10326 72.25 0
    endloop
  endfacet
  facet normal 0 1 0
    outer loop
      vertex -11.1862 72.25 0
      vertex -3.10326 72.25 -3
      vertex -11.1862 72.25 -3
    endloop
  endfacet
  facet normal -0.866026 0.5 0
    outer loop
      vertex -3.10326 72.25 -3
      vertex 0.938187 79.25 0
      vertex 0.938187 79.25 -3
    endloop
  endfacet
  facet normal -0.866026 0.5 0
    outer loop
      vertex 0.938187 79.25 0
      vertex -3.10326 72.25 -3
      vertex -3.10326 72.25 0
    endloop
  endfacet
  facet normal -0.866023 -0.500004 0
    outer loop
      vertex 58.0959 79.25 -3
      vertex 54.0544 86.25 0
      vertex 54.0544 86.25 -3
    endloop
  endfacet
  facet normal -0.866023 -0.500004 0
    outer loop
      vertex 54.0544 86.25 0
      vertex 58.0959 79.25 -3
      vertex 58.0959 79.25 0
    endloop
  endfacet
  facet normal 0 -1 0
    outer loop
      vertex 45.9715 86.25 -3
      vertex 54.0544 86.25 0
      vertex 45.9715 86.25 0
    endloop
  endfacet
  facet normal 0 -1 -0
    outer loop
      vertex 54.0544 86.25 0
      vertex 45.9715 86.25 -3
      vertex 54.0544 86.25 -3
    endloop
  endfacet
  facet normal 0.866028 -0.499995 0
    outer loop
      vertex 41.9301 79.25 0
      vertex 45.9715 86.25 -3
      vertex 45.9715 86.25 0
    endloop
  endfacet
  facet normal 0.866028 -0.499995 0
    outer loop
      vertex 45.9715 86.25 -3
      vertex 41.9301 79.25 0
      vertex 41.9301 79.25 -3
    endloop
  endfacet
  facet normal 0.866028 0.499995 0
    outer loop
      vertex 45.9715 72.25 0
      vertex 41.9301 79.25 -3
      vertex 41.9301 79.25 0
    endloop
  endfacet
  facet normal 0.866028 0.499995 0
    outer loop
      vertex 41.9301 79.25 -3
      vertex 45.9715 72.25 0
      vertex 45.9715 72.25 -3
    endloop
  endfacet
  facet normal 0 1 -0
    outer loop
      vertex 54.0544 72.25 -3
      vertex 45.9715 72.25 0
      vertex 54.0544 72.25 0
    endloop
  endfacet
  facet normal 0 1 0
    outer loop
      vertex 45.9715 72.25 0
      vertex 54.0544 72.25 -3
      vertex 45.9715 72.25 -3
    endloop
  endfacet
  facet normal -0.866023 0.500004 0
    outer loop
      vertex 54.0544 72.25 -3
      vertex 58.0959 79.25 0
      vertex 58.0959 79.25 -3
    endloop
  endfacet
  facet normal -0.866023 0.500004 0
    outer loop
      vertex 58.0959 79.25 0
      vertex 54.0544 72.25 -3
      vertex 54.0544 72.25 0
    endloop
  endfacet
  facet normal -0.866028 -0.499995 0
    outer loop
      vertex 15.2276 71 -3
      vertex 11.1862 78 0
      vertex 11.1862 78 -3
    endloop
  endfacet
  facet normal -0.866028 -0.499995 0
    outer loop
      vertex 11.1862 78 0
      vertex 15.2276 71 -3
      vertex 15.2276 71 0
    endloop
  endfacet
  facet normal 0 -1 0
    outer loop
      vertex 3.10326 78 -3
      vertex 11.1862 78 0
      vertex 3.10326 78 0
    endloop
  endfacet
  facet normal 0 -1 -0
    outer loop
      vertex 11.1862 78 0
      vertex 3.10326 78 -3
      vertex 11.1862 78 -3
    endloop
  endfacet
  facet normal 0.866026 -0.5 0
    outer loop
      vertex -0.938187 71 0
      vertex 3.10326 78 -3
      vertex 3.10326 78 0
    endloop
  endfacet
  facet normal 0.866026 -0.5 0
    outer loop
      vertex 3.10326 78 -3
      vertex -0.938187 71 0
      vertex -0.938187 71 -3
    endloop
  endfacet
  facet normal 0.866026 0.5 0
    outer loop
      vertex 3.10326 64 0
      vertex -0.938187 71 -3
      vertex -0.938187 71 0
    endloop
  endfacet
  facet normal 0.866026 0.5 0
    outer loop
      vertex -0.938187 71 -3
      vertex 3.10326 64 0
      vertex 3.10326 64 -3
    endloop
  endfacet
  facet normal 0 1 -0
    outer loop
      vertex 11.1862 64 -3
      vertex 3.10326 64 0
      vertex 11.1862 64 0
    endloop
  endfacet
  facet normal 0 1 0
    outer loop
      vertex 3.10326 64 0
      vertex 11.1862 64 -3
      vertex 3.10326 64 -3
    endloop
  endfacet
  facet normal -0.866028 0.499995 0
    outer loop
      vertex 11.1862 64 -3
      vertex 15.2276 71 0
      vertex 15.2276 71 -3
    endloop
  endfacet
  facet normal -0.866028 0.499995 0
    outer loop
      vertex 15.2276 71 0
      vertex 11.1862 64 -3
      vertex 11.1862 64 0
    endloop
  endfacet
  facet normal -0.866028 -0.499995 0
    outer loop
      vertex 43.8064 71 -3
      vertex 39.765 78 0
      vertex 39.765 78 -3
    endloop
  endfacet
  facet normal -0.866028 -0.499995 0
    outer loop
      vertex 39.765 78 0
      vertex 43.8064 71 -3
      vertex 43.8064 71 0
    endloop
  endfacet
  facet normal 0 -1 0
    outer loop
      vertex 31.6821 78 -3
      vertex 39.765 78 0
      vertex 31.6821 78 0
    endloop
  endfacet
  facet normal 0 -1 -0
    outer loop
      vertex 39.765 78 0
      vertex 31.6821 78 -3
      vertex 39.765 78 -3
    endloop
  endfacet
  facet normal 0.866023 -0.500004 0
    outer loop
      vertex 27.6406 71 0
      vertex 31.6821 78 -3
      vertex 31.6821 78 0
    endloop
  endfacet
  facet normal 0.866023 -0.500004 0
    outer loop
      vertex 31.6821 78 -3
      vertex 27.6406 71 0
      vertex 27.6406 71 -3
    endloop
  endfacet
  facet normal 0.866023 0.500004 0
    outer loop
      vertex 31.6821 64 0
      vertex 27.6406 71 -3
      vertex 27.6406 71 0
    endloop
  endfacet
  facet normal 0.866023 0.500004 0
    outer loop
      vertex 27.6406 71 -3
      vertex 31.6821 64 0
      vertex 31.6821 64 -3
    endloop
  endfacet
  facet normal 0 1 -0
    outer loop
      vertex 39.765 64 -3
      vertex 31.6821 64 0
      vertex 39.765 64 0
    endloop
  endfacet
  facet normal 0 1 0
    outer loop
      vertex 31.6821 64 0
      vertex 39.765 64 -3
      vertex 31.6821 64 -3
    endloop
  endfacet
  facet normal -0.866028 0.499995 0
    outer loop
      vertex 39.765 64 -3
      vertex 43.8064 71 0
      vertex 43.8064 71 -3
    endloop
  endfacet
  facet normal -0.866028 0.499995 0
    outer loop
      vertex 43.8064 71 0
      vertex 39.765 64 -3
      vertex 39.765 64 0
    endloop
  endfacet
  facet normal -0.866028 -0.499995 0
    outer loop
      vertex -41.9301 71 -3
      vertex -45.9715 78 0
      vertex -45.9715 78 -3
    endloop
  endfacet
  facet normal -0.866028 -0.499995 0
    outer loop
      vertex -45.9715 78 0
      vertex -41.9301 71 -3
      vertex -41.9301 71 0
    endloop
  endfacet
  facet normal 0 -1 0
    outer loop
      vertex -54.0544 78 -3
      vertex -45.9715 78 0
      vertex -54.0544 78 0
    endloop
  endfacet
  facet normal 0 -1 -0
    outer loop
      vertex -45.9715 78 0
      vertex -54.0544 78 -3
      vertex -45.9715 78 -3
    endloop
  endfacet
  facet normal 0.866023 -0.500004 0
    outer loop
      vertex -58.0959 71 0
      vertex -54.0544 78 -3
      vertex -54.0544 78 0
    endloop
  endfacet
  facet normal 0.866023 -0.500004 0
    outer loop
      vertex -54.0544 78 -3
      vertex -58.0959 71 0
      vertex -58.0959 71 -3
    endloop
  endfacet
  facet normal 0.866023 0.500004 0
    outer loop
      vertex -54.0544 64 0
      vertex -58.0959 71 -3
      vertex -58.0959 71 0
    endloop
  endfacet
  facet normal 0.866023 0.500004 0
    outer loop
      vertex -58.0959 71 -3
      vertex -54.0544 64 0
      vertex -54.0544 64 -3
    endloop
  endfacet
  facet normal 0 1 -0
    outer loop
      vertex -45.9715 64 -3
      vertex -54.0544 64 0
      vertex -45.9715 64 0
    endloop
  endfacet
  facet normal 0 1 0
    outer loop
      vertex -54.0544 64 0
      vertex -45.9715 64 -3
      vertex -54.0544 64 -3
    endloop
  endfacet
  facet normal -0.866028 0.499995 0
    outer loop
      vertex -45.9715 64 -3
      vertex -41.9301 71 0
      vertex -41.9301 71 -3
    endloop
  endfacet
  facet normal -0.866028 0.499995 0
    outer loop
      vertex -41.9301 71 0
      vertex -45.9715 64 -3
      vertex -45.9715 64 0
    endloop
  endfacet
  facet normal -0.866023 -0.500004 0
    outer loop
      vertex -13.3512 71 -3
      vertex -17.3927 78 0
      vertex -17.3927 78 -3
    endloop
  endfacet
  facet normal -0.866023 -0.500004 0
    outer loop
      vertex -17.3927 78 0
      vertex -13.3512 71 -3
      vertex -13.3512 71 0
    endloop
  endfacet
  facet normal 0 -1 0
    outer loop
      vertex -25.4756 78 -3
      vertex -17.3927 78 0
      vertex -25.4756 78 0
    endloop
  endfacet
  facet normal 0 -1 -0
    outer loop
      vertex -17.3927 78 0
      vertex -25.4756 78 -3
      vertex -17.3927 78 -3
    endloop
  endfacet
  facet normal 0.866028 -0.499995 0
    outer loop
      vertex -29.517 71 0
      vertex -25.4756 78 -3
      vertex -25.4756 78 0
    endloop
  endfacet
  facet normal 0.866028 -0.499995 0
    outer loop
      vertex -25.4756 78 -3
      vertex -29.517 71 0
      vertex -29.517 71 -3
    endloop
  endfacet
  facet normal 0.866028 0.499995 0
    outer loop
      vertex -25.4756 64 0
      vertex -29.517 71 -3
      vertex -29.517 71 0
    endloop
  endfacet
  facet normal 0.866028 0.499995 0
    outer loop
      vertex -29.517 71 -3
      vertex -25.4756 64 0
      vertex -25.4756 64 -3
    endloop
  endfacet
  facet normal 0 1 -0
    outer loop
      vertex -17.3927 64 -3
      vertex -25.4756 64 0
      vertex -17.3927 64 0
    endloop
  endfacet
  facet normal 0 1 0
    outer loop
      vertex -25.4756 64 0
      vertex -17.3927 64 -3
      vertex -25.4756 64 -3
    endloop
  endfacet
  facet normal -0.866023 0.500004 0
    outer loop
      vertex -17.3927 64 -3
      vertex -13.3512 71 0
      vertex -13.3512 71 -3
    endloop
  endfacet
  facet normal -0.866023 0.500004 0
    outer loop
      vertex -13.3512 71 0
      vertex -17.3927 64 -3
      vertex -17.3927 64 0
    endloop
  endfacet
  facet normal -0.866023 -0.500004 0
    outer loop
      vertex 58.0959 62.75 -3
      vertex 54.0544 69.75 0
      vertex 54.0544 69.75 -3
    endloop
  endfacet
  facet normal -0.866023 -0.500004 0
    outer loop
      vertex 54.0544 69.75 0
      vertex 58.0959 62.75 -3
      vertex 58.0959 62.75 0
    endloop
  endfacet
  facet normal 0 -1 0
    outer loop
      vertex 45.9715 69.75 -3
      vertex 54.0544 69.75 0
      vertex 45.9715 69.75 0
    endloop
  endfacet
  facet normal 0 -1 -0
    outer loop
      vertex 54.0544 69.75 0
      vertex 45.9715 69.75 -3
      vertex 54.0544 69.75 -3
    endloop
  endfacet
  facet normal 0.866028 -0.499995 0
    outer loop
      vertex 41.9301 62.75 0
      vertex 45.9715 69.75 -3
      vertex 45.9715 69.75 0
    endloop
  endfacet
  facet normal 0.866028 -0.499995 0
    outer loop
      vertex 45.9715 69.75 -3
      vertex 41.9301 62.75 0
      vertex 41.9301 62.75 -3
    endloop
  endfacet
  facet normal 0.866028 0.499995 0
    outer loop
      vertex 45.9715 55.75 0
      vertex 41.9301 62.75 -3
      vertex 41.9301 62.75 0
    endloop
  endfacet
  facet normal 0.866028 0.499995 0
    outer loop
      vertex 41.9301 62.75 -3
      vertex 45.9715 55.75 0
      vertex 45.9715 55.75 -3
    endloop
  endfacet
  facet normal 0 1 -0
    outer loop
      vertex 54.0544 55.75 -3
      vertex 45.9715 55.75 0
      vertex 54.0544 55.75 0
    endloop
  endfacet
  facet normal 0 1 0
    outer loop
      vertex 45.9715 55.75 0
      vertex 54.0544 55.75 -3
      vertex 45.9715 55.75 -3
    endloop
  endfacet
  facet normal -0.866023 0.500004 0
    outer loop
      vertex 54.0544 55.75 -3
      vertex 58.0959 62.75 0
      vertex 58.0959 62.75 -3
    endloop
  endfacet
  facet normal -0.866023 0.500004 0
    outer loop
      vertex 58.0959 62.75 0
      vertex 54.0544 55.75 -3
      vertex 54.0544 55.75 0
    endloop
  endfacet
  facet normal -0.866023 -0.500004 0
    outer loop
      vertex -27.6406 62.75 -3
      vertex -31.6821 69.75 0
      vertex -31.6821 69.75 -3
    endloop
  endfacet
  facet normal -0.866023 -0.500004 0
    outer loop
      vertex -31.6821 69.75 0
      vertex -27.6406 62.75 -3
      vertex -27.6406 62.75 0
    endloop
  endfacet
  facet normal 0 -1 0
    outer loop
      vertex -39.765 69.75 -3
      vertex -31.6821 69.75 0
      vertex -39.765 69.75 0
    endloop
  endfacet
  facet normal 0 -1 -0
    outer loop
      vertex -31.6821 69.75 0
      vertex -39.765 69.75 -3
      vertex -31.6821 69.75 -3
    endloop
  endfacet
  facet normal 0.866028 -0.499995 0
    outer loop
      vertex -43.8064 62.75 0
      vertex -39.765 69.75 -3
      vertex -39.765 69.75 0
    endloop
  endfacet
  facet normal 0.866028 -0.499995 0
    outer loop
      vertex -39.765 69.75 -3
      vertex -43.8064 62.75 0
      vertex -43.8064 62.75 -3
    endloop
  endfacet
  facet normal 0.866028 0.499995 0
    outer loop
      vertex -39.765 55.75 0
      vertex -43.8064 62.75 -3
      vertex -43.8064 62.75 0
    endloop
  endfacet
  facet normal 0.866028 0.499995 0
    outer loop
      vertex -43.8064 62.75 -3
      vertex -39.765 55.75 0
      vertex -39.765 55.75 -3
    endloop
  endfacet
  facet normal 0 1 -0
    outer loop
      vertex -31.6821 55.75 -3
      vertex -39.765 55.75 0
      vertex -31.6821 55.75 0
    endloop
  endfacet
  facet normal 0 1 0
    outer loop
      vertex -39.765 55.75 0
      vertex -31.6821 55.75 -3
      vertex -39.765 55.75 -3
    endloop
  endfacet
  facet normal -0.866023 0.500004 0
    outer loop
      vertex -31.6821 55.75 -3
      vertex -27.6406 62.75 0
      vertex -27.6406 62.75 -3
    endloop
  endfacet
  facet normal -0.866023 0.500004 0
    outer loop
      vertex -27.6406 62.75 0
      vertex -31.6821 55.75 -3
      vertex -31.6821 55.75 0
    endloop
  endfacet
  facet normal -0.866026 -0.5 0
    outer loop
      vertex 0.938187 62.75 -3
      vertex -3.10326 69.75 0
      vertex -3.10326 69.75 -3
    endloop
  endfacet
  facet normal -0.866026 -0.5 0
    outer loop
      vertex -3.10326 69.75 0
      vertex 0.938187 62.75 -3
      vertex 0.938187 62.75 0
    endloop
  endfacet
  facet normal 0 -1 0
    outer loop
      vertex -11.1862 69.75 -3
      vertex -3.10326 69.75 0
      vertex -11.1862 69.75 0
    endloop
  endfacet
  facet normal 0 -1 -0
    outer loop
      vertex -3.10326 69.75 0
      vertex -11.1862 69.75 -3
      vertex -3.10326 69.75 -3
    endloop
  endfacet
  facet normal 0.866028 -0.499995 0
    outer loop
      vertex -15.2276 62.75 0
      vertex -11.1862 69.75 -3
      vertex -11.1862 69.75 0
    endloop
  endfacet
  facet normal 0.866028 -0.499995 0
    outer loop
      vertex -11.1862 69.75 -3
      vertex -15.2276 62.75 0
      vertex -15.2276 62.75 -3
    endloop
  endfacet
  facet normal 0.866028 0.499995 0
    outer loop
      vertex -11.1862 55.75 0
      vertex -15.2276 62.75 -3
      vertex -15.2276 62.75 0
    endloop
  endfacet
  facet normal 0.866028 0.499995 0
    outer loop
      vertex -15.2276 62.75 -3
      vertex -11.1862 55.75 0
      vertex -11.1862 55.75 -3
    endloop
  endfacet
  facet normal 0 1 -0
    outer loop
      vertex -3.10326 55.75 -3
      vertex -11.1862 55.75 0
      vertex -3.10326 55.75 0
    endloop
  endfacet
  facet normal 0 1 0
    outer loop
      vertex -11.1862 55.75 0
      vertex -3.10326 55.75 -3
      vertex -11.1862 55.75 -3
    endloop
  endfacet
  facet normal -0.866026 0.5 0
    outer loop
      vertex -3.10326 55.75 -3
      vertex 0.938187 62.75 0
      vertex 0.938187 62.75 -3
    endloop
  endfacet
  facet normal -0.866026 0.5 0
    outer loop
      vertex 0.938187 62.75 0
      vertex -3.10326 55.75 -3
      vertex -3.10326 55.75 0
    endloop
  endfacet
  facet normal -0.866028 -0.499995 0
    outer loop
      vertex 29.517 62.75 -3
      vertex 25.4756 69.75 0
      vertex 25.4756 69.75 -3
    endloop
  endfacet
  facet normal -0.866028 -0.499995 0
    outer loop
      vertex 25.4756 69.75 0
      vertex 29.517 62.75 -3
      vertex 29.517 62.75 0
    endloop
  endfacet
  facet normal 0 -1 0
    outer loop
      vertex 17.3927 69.75 -3
      vertex 25.4756 69.75 0
      vertex 17.3927 69.75 0
    endloop
  endfacet
  facet normal 0 -1 -0
    outer loop
      vertex 25.4756 69.75 0
      vertex 17.3927 69.75 -3
      vertex 25.4756 69.75 -3
    endloop
  endfacet
  facet normal 0.866023 -0.500004 0
    outer loop
      vertex 13.3512 62.75 0
      vertex 17.3927 69.75 -3
      vertex 17.3927 69.75 0
    endloop
  endfacet
  facet normal 0.866023 -0.500004 0
    outer loop
      vertex 17.3927 69.75 -3
      vertex 13.3512 62.75 0
      vertex 13.3512 62.75 -3
    endloop
  endfacet
  facet normal 0.866023 0.500004 0
    outer loop
      vertex 17.3927 55.75 0
      vertex 13.3512 62.75 -3
      vertex 13.3512 62.75 0
    endloop
  endfacet
  facet normal 0.866023 0.500004 0
    outer loop
      vertex 13.3512 62.75 -3
      vertex 17.3927 55.75 0
      vertex 17.3927 55.75 -3
    endloop
  endfacet
  facet normal 0 1 -0
    outer loop
      vertex 25.4756 55.75 -3
      vertex 17.3927 55.75 0
      vertex 25.4756 55.75 0
    endloop
  endfacet
  facet normal 0 1 0
    outer loop
      vertex 17.3927 55.75 0
      vertex 25.4756 55.75 -3
      vertex 17.3927 55.75 -3
    endloop
  endfacet
  facet normal -0.866028 0.499995 0
    outer loop
      vertex 25.4756 55.75 -3
      vertex 29.517 62.75 0
      vertex 29.517 62.75 -3
    endloop
  endfacet
  facet normal -0.866028 0.499995 0
    outer loop
      vertex 29.517 62.75 0
      vertex 25.4756 55.75 -3
      vertex 25.4756 55.75 0
    endloop
  endfacet
  facet normal -0.866028 -0.499995 0
    outer loop
      vertex 43.8064 54.5 -3
      vertex 39.765 61.5 0
      vertex 39.765 61.5 -3
    endloop
  endfacet
  facet normal -0.866028 -0.499995 0
    outer loop
      vertex 39.765 61.5 0
      vertex 43.8064 54.5 -3
      vertex 43.8064 54.5 0
    endloop
  endfacet
  facet normal 0 -1 0
    outer loop
      vertex 31.6821 61.5 -3
      vertex 39.765 61.5 0
      vertex 31.6821 61.5 0
    endloop
  endfacet
  facet normal 0 -1 -0
    outer loop
      vertex 39.765 61.5 0
      vertex 31.6821 61.5 -3
      vertex 39.765 61.5 -3
    endloop
  endfacet
  facet normal 0.866023 -0.500004 0
    outer loop
      vertex 27.6406 54.5 0
      vertex 31.6821 61.5 -3
      vertex 31.6821 61.5 0
    endloop
  endfacet
  facet normal 0.866023 -0.500004 0
    outer loop
      vertex 31.6821 61.5 -3
      vertex 27.6406 54.5 0
      vertex 27.6406 54.5 -3
    endloop
  endfacet
  facet normal 0.866023 0.500004 0
    outer loop
      vertex 31.6821 47.5 0
      vertex 27.6406 54.5 -3
      vertex 27.6406 54.5 0
    endloop
  endfacet
  facet normal 0.866023 0.500004 0
    outer loop
      vertex 27.6406 54.5 -3
      vertex 31.6821 47.5 0
      vertex 31.6821 47.5 -3
    endloop
  endfacet
  facet normal 0 1 -0
    outer loop
      vertex 39.765 47.5 -3
      vertex 31.6821 47.5 0
      vertex 39.765 47.5 0
    endloop
  endfacet
  facet normal 0 1 0
    outer loop
      vertex 31.6821 47.5 0
      vertex 39.765 47.5 -3
      vertex 31.6821 47.5 -3
    endloop
  endfacet
  facet normal -0.866028 0.499995 0
    outer loop
      vertex 39.765 47.5 -3
      vertex 43.8064 54.5 0
      vertex 43.8064 54.5 -3
    endloop
  endfacet
  facet normal -0.866028 0.499995 0
    outer loop
      vertex 43.8064 54.5 0
      vertex 39.765 47.5 -3
      vertex 39.765 47.5 0
    endloop
  endfacet
  facet normal -0.866028 -0.499995 0
    outer loop
      vertex 15.2276 54.5 -3
      vertex 11.1862 61.5 0
      vertex 11.1862 61.5 -3
    endloop
  endfacet
  facet normal -0.866028 -0.499995 0
    outer loop
      vertex 11.1862 61.5 0
      vertex 15.2276 54.5 -3
      vertex 15.2276 54.5 0
    endloop
  endfacet
  facet normal 0 -1 0
    outer loop
      vertex 3.10326 61.5 -3
      vertex 11.1862 61.5 0
      vertex 3.10326 61.5 0
    endloop
  endfacet
  facet normal 0 -1 -0
    outer loop
      vertex 11.1862 61.5 0
      vertex 3.10326 61.5 -3
      vertex 11.1862 61.5 -3
    endloop
  endfacet
  facet normal 0.866026 -0.5 0
    outer loop
      vertex -0.938187 54.5 0
      vertex 3.10326 61.5 -3
      vertex 3.10326 61.5 0
    endloop
  endfacet
  facet normal 0.866026 -0.5 0
    outer loop
      vertex 3.10326 61.5 -3
      vertex -0.938187 54.5 0
      vertex -0.938187 54.5 -3
    endloop
  endfacet
  facet normal 0.866026 0.5 0
    outer loop
      vertex 3.10326 47.5 0
      vertex -0.938187 54.5 -3
      vertex -0.938187 54.5 0
    endloop
  endfacet
  facet normal 0.866026 0.5 0
    outer loop
      vertex -0.938187 54.5 -3
      vertex 3.10326 47.5 0
      vertex 3.10326 47.5 -3
    endloop
  endfacet
  facet normal 0 1 -0
    outer loop
      vertex 11.1862 47.5 -3
      vertex 3.10326 47.5 0
      vertex 11.1862 47.5 0
    endloop
  endfacet
  facet normal 0 1 0
    outer loop
      vertex 3.10326 47.5 0
      vertex 11.1862 47.5 -3
      vertex 3.10326 47.5 -3
    endloop
  endfacet
  facet normal -0.866028 0.499995 0
    outer loop
      vertex 11.1862 47.5 -3
      vertex 15.2276 54.5 0
      vertex 15.2276 54.5 -3
    endloop
  endfacet
  facet normal -0.866028 0.499995 0
    outer loop
      vertex 15.2276 54.5 0
      vertex 11.1862 47.5 -3
      vertex 11.1862 47.5 0
    endloop
  endfacet
  facet normal -0.866023 -0.500004 0
    outer loop
      vertex -13.3512 54.5 -3
      vertex -17.3927 61.5 0
      vertex -17.3927 61.5 -3
    endloop
  endfacet
  facet normal -0.866023 -0.500004 0
    outer loop
      vertex -17.3927 61.5 0
      vertex -13.3512 54.5 -3
      vertex -13.3512 54.5 0
    endloop
  endfacet
  facet normal 0 -1 0
    outer loop
      vertex -25.4756 61.5 -3
      vertex -17.3927 61.5 0
      vertex -25.4756 61.5 0
    endloop
  endfacet
  facet normal 0 -1 -0
    outer loop
      vertex -17.3927 61.5 0
      vertex -25.4756 61.5 -3
      vertex -17.3927 61.5 -3
    endloop
  endfacet
  facet normal 0.866028 -0.499995 0
    outer loop
      vertex -29.517 54.5 0
      vertex -25.4756 61.5 -3
      vertex -25.4756 61.5 0
    endloop
  endfacet
  facet normal 0.866028 -0.499995 0
    outer loop
      vertex -25.4756 61.5 -3
      vertex -29.517 54.5 0
      vertex -29.517 54.5 -3
    endloop
  endfacet
  facet normal 0.866028 0.499995 0
    outer loop
      vertex -25.4756 47.5 0
      vertex -29.517 54.5 -3
      vertex -29.517 54.5 0
    endloop
  endfacet
  facet normal 0.866028 0.499995 0
    outer loop
      vertex -29.517 54.5 -3
      vertex -25.4756 47.5 0
      vertex -25.4756 47.5 -3
    endloop
  endfacet
  facet normal 0 1 -0
    outer loop
      vertex -17.3927 47.5 -3
      vertex -25.4756 47.5 0
      vertex -17.3927 47.5 0
    endloop
  endfacet
  facet normal 0 1 0
    outer loop
      vertex -25.4756 47.5 0
      vertex -17.3927 47.5 -3
      vertex -25.4756 47.5 -3
    endloop
  endfacet
  facet normal -0.866023 0.500004 0
    outer loop
      vertex -17.3927 47.5 -3
      vertex -13.3512 54.5 0
      vertex -13.3512 54.5 -3
    endloop
  endfacet
  facet normal -0.866023 0.500004 0
    outer loop
      vertex -13.3512 54.5 0
      vertex -17.3927 47.5 -3
      vertex -17.3927 47.5 0
    endloop
  endfacet
  facet normal -0.866028 -0.499995 0
    outer loop
      vertex -41.9301 54.5 -3
      vertex -45.9715 61.5 0
      vertex -45.9715 61.5 -3
    endloop
  endfacet
  facet normal -0.866028 -0.499995 0
    outer loop
      vertex -45.9715 61.5 0
      vertex -41.9301 54.5 -3
      vertex -41.9301 54.5 0
    endloop
  endfacet
  facet normal 0 -1 0
    outer loop
      vertex -54.0544 61.5 -3
      vertex -45.9715 61.5 0
      vertex -54.0544 61.5 0
    endloop
  endfacet
  facet normal 0 -1 -0
    outer loop
      vertex -45.9715 61.5 0
      vertex -54.0544 61.5 -3
      vertex -45.9715 61.5 -3
    endloop
  endfacet
  facet normal 0.866023 -0.500004 0
    outer loop
      vertex -58.0959 54.5 0
      vertex -54.0544 61.5 -3
      vertex -54.0544 61.5 0
    endloop
  endfacet
  facet normal 0.866023 -0.500004 0
    outer loop
      vertex -54.0544 61.5 -3
      vertex -58.0959 54.5 0
      vertex -58.0959 54.5 -3
    endloop
  endfacet
  facet normal 0.866023 0.500004 0
    outer loop
      vertex -54.0544 47.5 0
      vertex -58.0959 54.5 -3
      vertex -58.0959 54.5 0
    endloop
  endfacet
  facet normal 0.866023 0.500004 0
    outer loop
      vertex -58.0959 54.5 -3
      vertex -54.0544 47.5 0
      vertex -54.0544 47.5 -3
    endloop
  endfacet
  facet normal 0 1 -0
    outer loop
      vertex -45.9715 47.5 -3
      vertex -54.0544 47.5 0
      vertex -45.9715 47.5 0
    endloop
  endfacet
  facet normal 0 1 0
    outer loop
      vertex -54.0544 47.5 0
      vertex -45.9715 47.5 -3
      vertex -54.0544 47.5 -3
    endloop
  endfacet
  facet normal -0.866028 0.499995 0
    outer loop
      vertex -45.9715 47.5 -3
      vertex -41.9301 54.5 0
      vertex -41.9301 54.5 -3
    endloop
  endfacet
  facet normal -0.866028 0.499995 0
    outer loop
      vertex -41.9301 54.5 0
      vertex -45.9715 47.5 -3
      vertex -45.9715 47.5 0
    endloop
  endfacet
  facet normal -0.866023 -0.500004 0
    outer loop
      vertex -27.6406 46.25 -3
      vertex -31.6821 53.25 0
      vertex -31.6821 53.25 -3
    endloop
  endfacet
  facet normal -0.866023 -0.500004 0
    outer loop
      vertex -31.6821 53.25 0
      vertex -27.6406 46.25 -3
      vertex -27.6406 46.25 0
    endloop
  endfacet
  facet normal 0 -1 0
    outer loop
      vertex -39.765 53.25 -3
      vertex -31.6821 53.25 0
      vertex -39.765 53.25 0
    endloop
  endfacet
  facet normal 0 -1 -0
    outer loop
      vertex -31.6821 53.25 0
      vertex -39.765 53.25 -3
      vertex -31.6821 53.25 -3
    endloop
  endfacet
  facet normal 0.866028 -0.499995 0
    outer loop
      vertex -43.8064 46.25 0
      vertex -39.765 53.25 -3
      vertex -39.765 53.25 0
    endloop
  endfacet
  facet normal 0.866028 -0.499995 0
    outer loop
      vertex -39.765 53.25 -3
      vertex -43.8064 46.25 0
      vertex -43.8064 46.25 -3
    endloop
  endfacet
  facet normal 0.866028 0.499995 0
    outer loop
      vertex -39.765 39.25 0
      vertex -43.8064 46.25 -3
      vertex -43.8064 46.25 0
    endloop
  endfacet
  facet normal 0.866028 0.499995 0
    outer loop
      vertex -43.8064 46.25 -3
      vertex -39.765 39.25 0
      vertex -39.765 39.25 -3
    endloop
  endfacet
  facet normal 0 1 -0
    outer loop
      vertex -31.6821 39.25 -3
      vertex -39.765 39.25 0
      vertex -31.6821 39.25 0
    endloop
  endfacet
  facet normal 0 1 0
    outer loop
      vertex -39.765 39.25 0
      vertex -31.6821 39.25 -3
      vertex -39.765 39.25 -3
    endloop
  endfacet
  facet normal -0.866023 0.500004 0
    outer loop
      vertex -31.6821 39.25 -3
      vertex -27.6406 46.25 0
      vertex -27.6406 46.25 -3
    endloop
  endfacet
  facet normal -0.866023 0.500004 0
    outer loop
      vertex -27.6406 46.25 0
      vertex -31.6821 39.25 -3
      vertex -31.6821 39.25 0
    endloop
  endfacet
  facet normal -0.866028 -0.499995 0
    outer loop
      vertex 29.517 46.25 -3
      vertex 25.4756 53.25 0
      vertex 25.4756 53.25 -3
    endloop
  endfacet
  facet normal -0.866028 -0.499995 0
    outer loop
      vertex 25.4756 53.25 0
      vertex 29.517 46.25 -3
      vertex 29.517 46.25 0
    endloop
  endfacet
  facet normal 0 -1 0
    outer loop
      vertex 17.3927 53.25 -3
      vertex 25.4756 53.25 0
      vertex 17.3927 53.25 0
    endloop
  endfacet
  facet normal 0 -1 -0
    outer loop
      vertex 25.4756 53.25 0
      vertex 17.3927 53.25 -3
      vertex 25.4756 53.25 -3
    endloop
  endfacet
  facet normal 0.866023 -0.500004 0
    outer loop
      vertex 13.3512 46.25 0
      vertex 17.3927 53.25 -3
      vertex 17.3927 53.25 0
    endloop
  endfacet
  facet normal 0.866023 -0.500004 0
    outer loop
      vertex 17.3927 53.25 -3
      vertex 13.3512 46.25 0
      vertex 13.3512 46.25 -3
    endloop
  endfacet
  facet normal 0.866023 0.500004 0
    outer loop
      vertex 17.3927 39.25 0
      vertex 13.3512 46.25 -3
      vertex 13.3512 46.25 0
    endloop
  endfacet
  facet normal 0.866023 0.500004 0
    outer loop
      vertex 13.3512 46.25 -3
      vertex 17.3927 39.25 0
      vertex 17.3927 39.25 -3
    endloop
  endfacet
  facet normal 0 1 -0
    outer loop
      vertex 25.4756 39.25 -3
      vertex 17.3927 39.25 0
      vertex 25.4756 39.25 0
    endloop
  endfacet
  facet normal 0 1 0
    outer loop
      vertex 17.3927 39.25 0
      vertex 25.4756 39.25 -3
      vertex 17.3927 39.25 -3
    endloop
  endfacet
  facet normal -0.866028 0.499995 0
    outer loop
      vertex 25.4756 39.25 -3
      vertex 29.517 46.25 0
      vertex 29.517 46.25 -3
    endloop
  endfacet
  facet normal -0.866028 0.499995 0
    outer loop
      vertex 29.517 46.25 0
      vertex 25.4756 39.25 -3
      vertex 25.4756 39.25 0
    endloop
  endfacet
  facet normal -0.866026 -0.5 0
    outer loop
      vertex 0.938187 46.25 -3
      vertex -3.10326 53.25 0
      vertex -3.10326 53.25 -3
    endloop
  endfacet
  facet normal -0.866026 -0.5 0
    outer loop
      vertex -3.10326 53.25 0
      vertex 0.938187 46.25 -3
      vertex 0.938187 46.25 0
    endloop
  endfacet
  facet normal 0 -1 0
    outer loop
      vertex -11.1862 53.25 -3
      vertex -3.10326 53.25 0
      vertex -11.1862 53.25 0
    endloop
  endfacet
  facet normal 0 -1 -0
    outer loop
      vertex -3.10326 53.25 0
      vertex -11.1862 53.25 -3
      vertex -3.10326 53.25 -3
    endloop
  endfacet
  facet normal 0.866028 -0.499995 0
    outer loop
      vertex -15.2276 46.25 0
      vertex -11.1862 53.25 -3
      vertex -11.1862 53.25 0
    endloop
  endfacet
  facet normal 0.866028 -0.499995 0
    outer loop
      vertex -11.1862 53.25 -3
      vertex -15.2276 46.25 0
      vertex -15.2276 46.25 -3
    endloop
  endfacet
  facet normal 0.866028 0.499995 0
    outer loop
      vertex -11.1862 39.25 0
      vertex -15.2276 46.25 -3
      vertex -15.2276 46.25 0
    endloop
  endfacet
  facet normal 0.866028 0.499995 0
    outer loop
      vertex -15.2276 46.25 -3
      vertex -11.1862 39.25 0
      vertex -11.1862 39.25 -3
    endloop
  endfacet
  facet normal 0 1 -0
    outer loop
      vertex -3.10326 39.25 -3
      vertex -11.1862 39.25 0
      vertex -3.10326 39.25 0
    endloop
  endfacet
  facet normal 0 1 0
    outer loop
      vertex -11.1862 39.25 0
      vertex -3.10326 39.25 -3
      vertex -11.1862 39.25 -3
    endloop
  endfacet
  facet normal -0.866026 0.5 0
    outer loop
      vertex -3.10326 39.25 -3
      vertex 0.938187 46.25 0
      vertex 0.938187 46.25 -3
    endloop
  endfacet
  facet normal -0.866026 0.5 0
    outer loop
      vertex 0.938187 46.25 0
      vertex -3.10326 39.25 -3
      vertex -3.10326 39.25 0
    endloop
  endfacet
  facet normal -0.866023 -0.500004 0
    outer loop
      vertex 58.0959 46.25 -3
      vertex 54.0544 53.25 0
      vertex 54.0544 53.25 -3
    endloop
  endfacet
  facet normal -0.866023 -0.500004 0
    outer loop
      vertex 54.0544 53.25 0
      vertex 58.0959 46.25 -3
      vertex 58.0959 46.25 0
    endloop
  endfacet
  facet normal 0 -1 0
    outer loop
      vertex 45.9715 53.25 -3
      vertex 54.0544 53.25 0
      vertex 45.9715 53.25 0
    endloop
  endfacet
  facet normal 0 -1 -0
    outer loop
      vertex 54.0544 53.25 0
      vertex 45.9715 53.25 -3
      vertex 54.0544 53.25 -3
    endloop
  endfacet
  facet normal 0.866028 -0.499995 0
    outer loop
      vertex 41.9301 46.25 0
      vertex 45.9715 53.25 -3
      vertex 45.9715 53.25 0
    endloop
  endfacet
  facet normal 0.866028 -0.499995 0
    outer loop
      vertex 45.9715 53.25 -3
      vertex 41.9301 46.25 0
      vertex 41.9301 46.25 -3
    endloop
  endfacet
  facet normal 0.866028 0.499995 0
    outer loop
      vertex 45.9715 39.25 0
      vertex 41.9301 46.25 -3
      vertex 41.9301 46.25 0
    endloop
  endfacet
  facet normal 0.866028 0.499995 0
    outer loop
      vertex 41.9301 46.25 -3
      vertex 45.9715 39.25 0
      vertex 45.9715 39.25 -3
    endloop
  endfacet
  facet normal 0 1 -0
    outer loop
      vertex 54.0544 39.25 -3
      vertex 45.9715 39.25 0
      vertex 54.0544 39.25 0
    endloop
  endfacet
  facet normal 0 1 0
    outer loop
      vertex 45.9715 39.25 0
      vertex 54.0544 39.25 -3
      vertex 45.9715 39.25 -3
    endloop
  endfacet
  facet normal -0.866023 0.500004 0
    outer loop
      vertex 54.0544 39.25 -3
      vertex 58.0959 46.25 0
      vertex 58.0959 46.25 -3
    endloop
  endfacet
  facet normal -0.866023 0.500004 0
    outer loop
      vertex 58.0959 46.25 0
      vertex 54.0544 39.25 -3
      vertex 54.0544 39.25 0
    endloop
  endfacet
  facet normal -0.866023 -0.500004 0
    outer loop
      vertex -13.3512 38 -3
      vertex -17.3927 45 0
      vertex -17.3927 45 -3
    endloop
  endfacet
  facet normal -0.866023 -0.500004 0
    outer loop
      vertex -17.3927 45 0
      vertex -13.3512 38 -3
      vertex -13.3512 38 0
    endloop
  endfacet
  facet normal 0 -1 0
    outer loop
      vertex -25.4756 45 -3
      vertex -17.3927 45 0
      vertex -25.4756 45 0
    endloop
  endfacet
  facet normal 0 -1 -0
    outer loop
      vertex -17.3927 45 0
      vertex -25.4756 45 -3
      vertex -17.3927 45 -3
    endloop
  endfacet
  facet normal 0.866028 -0.499995 0
    outer loop
      vertex -29.517 38 0
      vertex -25.4756 45 -3
      vertex -25.4756 45 0
    endloop
  endfacet
  facet normal 0.866028 -0.499995 0
    outer loop
      vertex -25.4756 45 -3
      vertex -29.517 38 0
      vertex -29.517 38 -3
    endloop
  endfacet
  facet normal 0.866028 0.499995 0
    outer loop
      vertex -25.4756 31 0
      vertex -29.517 38 -3
      vertex -29.517 38 0
    endloop
  endfacet
  facet normal 0.866028 0.499995 0
    outer loop
      vertex -29.517 38 -3
      vertex -25.4756 31 0
      vertex -25.4756 31 -3
    endloop
  endfacet
  facet normal 0 1 -0
    outer loop
      vertex -17.3927 31 -3
      vertex -25.4756 31 0
      vertex -17.3927 31 0
    endloop
  endfacet
  facet normal 0 1 0
    outer loop
      vertex -25.4756 31 0
      vertex -17.3927 31 -3
      vertex -25.4756 31 -3
    endloop
  endfacet
  facet normal -0.866023 0.500004 0
    outer loop
      vertex -17.3927 31 -3
      vertex -13.3512 38 0
      vertex -13.3512 38 -3
    endloop
  endfacet
  facet normal -0.866023 0.500004 0
    outer loop
      vertex -13.3512 38 0
      vertex -17.3927 31 -3
      vertex -17.3927 31 0
    endloop
  endfacet
  facet normal -0.866028 -0.499995 0
    outer loop
      vertex -41.9301 38 -3
      vertex -45.9715 45 0
      vertex -45.9715 45 -3
    endloop
  endfacet
  facet normal -0.866028 -0.499995 0
    outer loop
      vertex -45.9715 45 0
      vertex -41.9301 38 -3
      vertex -41.9301 38 0
    endloop
  endfacet
  facet normal 0 -1 0
    outer loop
      vertex -54.0544 45 -3
      vertex -45.9715 45 0
      vertex -54.0544 45 0
    endloop
  endfacet
  facet normal 0 -1 -0
    outer loop
      vertex -45.9715 45 0
      vertex -54.0544 45 -3
      vertex -45.9715 45 -3
    endloop
  endfacet
  facet normal 0.866023 -0.500004 0
    outer loop
      vertex -58.0959 38 0
      vertex -54.0544 45 -3
      vertex -54.0544 45 0
    endloop
  endfacet
  facet normal 0.866023 -0.500004 0
    outer loop
      vertex -54.0544 45 -3
      vertex -58.0959 38 0
      vertex -58.0959 38 -3
    endloop
  endfacet
  facet normal 0.866023 0.500004 0
    outer loop
      vertex -54.0544 31 0
      vertex -58.0959 38 -3
      vertex -58.0959 38 0
    endloop
  endfacet
  facet normal 0.866023 0.500004 0
    outer loop
      vertex -58.0959 38 -3
      vertex -54.0544 31 0
      vertex -54.0544 31 -3
    endloop
  endfacet
  facet normal 0 1 -0
    outer loop
      vertex -45.9715 31 -3
      vertex -54.0544 31 0
      vertex -45.9715 31 0
    endloop
  endfacet
  facet normal 0 1 0
    outer loop
      vertex -54.0544 31 0
      vertex -45.9715 31 -3
      vertex -54.0544 31 -3
    endloop
  endfacet
  facet normal -0.866028 0.499995 0
    outer loop
      vertex -45.9715 31 -3
      vertex -41.9301 38 0
      vertex -41.9301 38 -3
    endloop
  endfacet
  facet normal -0.866028 0.499995 0
    outer loop
      vertex -41.9301 38 0
      vertex -45.9715 31 -3
      vertex -45.9715 31 0
    endloop
  endfacet
  facet normal -0.866028 -0.499995 0
    outer loop
      vertex 15.2276 38 -3
      vertex 11.1862 45 0
      vertex 11.1862 45 -3
    endloop
  endfacet
  facet normal -0.866028 -0.499995 0
    outer loop
      vertex 11.1862 45 0
      vertex 15.2276 38 -3
      vertex 15.2276 38 0
    endloop
  endfacet
  facet normal 0 -1 0
    outer loop
      vertex 3.10326 45 -3
      vertex 11.1862 45 0
      vertex 3.10326 45 0
    endloop
  endfacet
  facet normal 0 -1 -0
    outer loop
      vertex 11.1862 45 0
      vertex 3.10326 45 -3
      vertex 11.1862 45 -3
    endloop
  endfacet
  facet normal 0.866026 -0.5 0
    outer loop
      vertex -0.938187 38 0
      vertex 3.10326 45 -3
      vertex 3.10326 45 0
    endloop
  endfacet
  facet normal 0.866026 -0.5 0
    outer loop
      vertex 3.10326 45 -3
      vertex -0.938187 38 0
      vertex -0.938187 38 -3
    endloop
  endfacet
  facet normal 0.866026 0.5 0
    outer loop
      vertex 3.10326 31 0
      vertex -0.938187 38 -3
      vertex -0.938187 38 0
    endloop
  endfacet
  facet normal 0.866026 0.5 0
    outer loop
      vertex -0.938187 38 -3
      vertex 3.10326 31 0
      vertex 3.10326 31 -3
    endloop
  endfacet
  facet normal 0 1 -0
    outer loop
      vertex 11.1862 31 -3
      vertex 3.10326 31 0
      vertex 11.1862 31 0
    endloop
  endfacet
  facet normal 0 1 0
    outer loop
      vertex 3.10326 31 0
      vertex 11.1862 31 -3
      vertex 3.10326 31 -3
    endloop
  endfacet
  facet normal -0.866028 0.499995 0
    outer loop
      vertex 11.1862 31 -3
      vertex 15.2276 38 0
      vertex 15.2276 38 -3
    endloop
  endfacet
  facet normal -0.866028 0.499995 0
    outer loop
      vertex 15.2276 38 0
      vertex 11.1862 31 -3
      vertex 11.1862 31 0
    endloop
  endfacet
  facet normal -0.866028 -0.499995 0
    outer loop
      vertex 43.8064 38 -3
      vertex 39.765 45 0
      vertex 39.765 45 -3
    endloop
  endfacet
  facet normal -0.866028 -0.499995 0
    outer loop
      vertex 39.765 45 0
      vertex 43.8064 38 -3
      vertex 43.8064 38 0
    endloop
  endfacet
  facet normal 0 -1 0
    outer loop
      vertex 31.6821 45 -3
      vertex 39.765 45 0
      vertex 31.6821 45 0
    endloop
  endfacet
  facet normal 0 -1 -0
    outer loop
      vertex 39.765 45 0
      vertex 31.6821 45 -3
      vertex 39.765 45 -3
    endloop
  endfacet
  facet normal 0.866023 -0.500004 0
    outer loop
      vertex 27.6406 38 0
      vertex 31.6821 45 -3
      vertex 31.6821 45 0
    endloop
  endfacet
  facet normal 0.866023 -0.500004 0
    outer loop
      vertex 31.6821 45 -3
      vertex 27.6406 38 0
      vertex 27.6406 38 -3
    endloop
  endfacet
  facet normal 0.866023 0.500004 0
    outer loop
      vertex 31.6821 31 0
      vertex 27.6406 38 -3
      vertex 27.6406 38 0
    endloop
  endfacet
  facet normal 0.866023 0.500004 0
    outer loop
      vertex 27.6406 38 -3
      vertex 31.6821 31 0
      vertex 31.6821 31 -3
    endloop
  endfacet
  facet normal 0 1 -0
    outer loop
      vertex 39.765 31 -3
      vertex 31.6821 31 0
      vertex 39.765 31 0
    endloop
  endfacet
  facet normal 0 1 0
    outer loop
      vertex 31.6821 31 0
      vertex 39.765 31 -3
      vertex 31.6821 31 -3
    endloop
  endfacet
  facet normal -0.866028 0.499995 0
    outer loop
      vertex 39.765 31 -3
      vertex 43.8064 38 0
      vertex 43.8064 38 -3
    endloop
  endfacet
  facet normal -0.866028 0.499995 0
    outer loop
      vertex 43.8064 38 0
      vertex 39.765 31 -3
      vertex 39.765 31 0
    endloop
  endfacet
  facet normal -0.866023 -0.500004 0
    outer loop
      vertex -27.6406 29.75 -3
      vertex -31.6821 36.75 0
      vertex -31.6821 36.75 -3
    endloop
  endfacet
  facet normal -0.866023 -0.500004 0
    outer loop
      vertex -31.6821 36.75 0
      vertex -27.6406 29.75 -3
      vertex -27.6406 29.75 0
    endloop
  endfacet
  facet normal 0 -1 0
    outer loop
      vertex -39.765 36.75 -3
      vertex -31.6821 36.75 0
      vertex -39.765 36.75 0
    endloop
  endfacet
  facet normal 0 -1 -0
    outer loop
      vertex -31.6821 36.75 0
      vertex -39.765 36.75 -3
      vertex -31.6821 36.75 -3
    endloop
  endfacet
  facet normal 0.866028 -0.499995 0
    outer loop
      vertex -43.8064 29.75 0
      vertex -39.765 36.75 -3
      vertex -39.765 36.75 0
    endloop
  endfacet
  facet normal 0.866028 -0.499995 0
    outer loop
      vertex -39.765 36.75 -3
      vertex -43.8064 29.75 0
      vertex -43.8064 29.75 -3
    endloop
  endfacet
  facet normal 0.866028 0.499995 0
    outer loop
      vertex -39.765 22.75 0
      vertex -43.8064 29.75 -3
      vertex -43.8064 29.75 0
    endloop
  endfacet
  facet normal 0.866028 0.499995 0
    outer loop
      vertex -43.8064 29.75 -3
      vertex -39.765 22.75 0
      vertex -39.765 22.75 -3
    endloop
  endfacet
  facet normal 0 1 -0
    outer loop
      vertex -31.6821 22.75 -3
      vertex -39.765 22.75 0
      vertex -31.6821 22.75 0
    endloop
  endfacet
  facet normal 0 1 0
    outer loop
      vertex -39.765 22.75 0
      vertex -31.6821 22.75 -3
      vertex -39.765 22.75 -3
    endloop
  endfacet
  facet normal -0.866023 0.500004 0
    outer loop
      vertex -31.6821 22.75 -3
      vertex -27.6406 29.75 0
      vertex -27.6406 29.75 -3
    endloop
  endfacet
  facet normal -0.866023 0.500004 0
    outer loop
      vertex -27.6406 29.75 0
      vertex -31.6821 22.75 -3
      vertex -31.6821 22.75 0
    endloop
  endfacet
  facet normal -0.866023 -0.500004 0
    outer loop
      vertex 58.0959 29.75 -3
      vertex 54.0544 36.75 0
      vertex 54.0544 36.75 -3
    endloop
  endfacet
  facet normal -0.866023 -0.500004 0
    outer loop
      vertex 54.0544 36.75 0
      vertex 58.0959 29.75 -3
      vertex 58.0959 29.75 0
    endloop
  endfacet
  facet normal 0 -1 0
    outer loop
      vertex 45.9715 36.75 -3
      vertex 54.0544 36.75 0
      vertex 45.9715 36.75 0
    endloop
  endfacet
  facet normal 0 -1 -0
    outer loop
      vertex 54.0544 36.75 0
      vertex 45.9715 36.75 -3
      vertex 54.0544 36.75 -3
    endloop
  endfacet
  facet normal 0.866028 -0.499995 0
    outer loop
      vertex 41.9301 29.75 0
      vertex 45.9715 36.75 -3
      vertex 45.9715 36.75 0
    endloop
  endfacet
  facet normal 0.866028 -0.499995 0
    outer loop
      vertex 45.9715 36.75 -3
      vertex 41.9301 29.75 0
      vertex 41.9301 29.75 -3
    endloop
  endfacet
  facet normal 0.866028 0.499995 0
    outer loop
      vertex 45.9715 22.75 0
      vertex 41.9301 29.75 -3
      vertex 41.9301 29.75 0
    endloop
  endfacet
  facet normal 0.866028 0.499995 0
    outer loop
      vertex 41.9301 29.75 -3
      vertex 45.9715 22.75 0
      vertex 45.9715 22.75 -3
    endloop
  endfacet
  facet normal 0 1 -0
    outer loop
      vertex 54.0544 22.75 -3
      vertex 45.9715 22.75 0
      vertex 54.0544 22.75 0
    endloop
  endfacet
  facet normal 0 1 0
    outer loop
      vertex 45.9715 22.75 0
      vertex 54.0544 22.75 -3
      vertex 45.9715 22.75 -3
    endloop
  endfacet
  facet normal -0.866023 0.500004 0
    outer loop
      vertex 54.0544 22.75 -3
      vertex 58.0959 29.75 0
      vertex 58.0959 29.75 -3
    endloop
  endfacet
  facet normal -0.866023 0.500004 0
    outer loop
      vertex 58.0959 29.75 0
      vertex 54.0544 22.75 -3
      vertex 54.0544 22.75 0
    endloop
  endfacet
  facet normal -0.866028 -0.499995 0
    outer loop
      vertex 29.517 29.75 -3
      vertex 25.4756 36.75 0
      vertex 25.4756 36.75 -3
    endloop
  endfacet
  facet normal -0.866028 -0.499995 0
    outer loop
      vertex 25.4756 36.75 0
      vertex 29.517 29.75 -3
      vertex 29.517 29.75 0
    endloop
  endfacet
  facet normal 0 -1 0
    outer loop
      vertex 17.3927 36.75 -3
      vertex 25.4756 36.75 0
      vertex 17.3927 36.75 0
    endloop
  endfacet
  facet normal 0 -1 -0
    outer loop
      vertex 25.4756 36.75 0
      vertex 17.3927 36.75 -3
      vertex 25.4756 36.75 -3
    endloop
  endfacet
  facet normal 0.866023 -0.500004 0
    outer loop
      vertex 13.3512 29.75 0
      vertex 17.3927 36.75 -3
      vertex 17.3927 36.75 0
    endloop
  endfacet
  facet normal 0.866023 -0.500004 0
    outer loop
      vertex 17.3927 36.75 -3
      vertex 13.3512 29.75 0
      vertex 13.3512 29.75 -3
    endloop
  endfacet
  facet normal 0.866023 0.500004 0
    outer loop
      vertex 17.3927 22.75 0
      vertex 13.3512 29.75 -3
      vertex 13.3512 29.75 0
    endloop
  endfacet
  facet normal 0.866023 0.500004 0
    outer loop
      vertex 13.3512 29.75 -3
      vertex 17.3927 22.75 0
      vertex 17.3927 22.75 -3
    endloop
  endfacet
  facet normal 0 1 -0
    outer loop
      vertex 25.4756 22.75 -3
      vertex 17.3927 22.75 0
      vertex 25.4756 22.75 0
    endloop
  endfacet
  facet normal 0 1 0
    outer loop
      vertex 17.3927 22.75 0
      vertex 25.4756 22.75 -3
      vertex 17.3927 22.75 -3
    endloop
  endfacet
  facet normal -0.866028 0.499995 0
    outer loop
      vertex 25.4756 22.75 -3
      vertex 29.517 29.75 0
      vertex 29.517 29.75 -3
    endloop
  endfacet
  facet normal -0.866028 0.499995 0
    outer loop
      vertex 29.517 29.75 0
      vertex 25.4756 22.75 -3
      vertex 25.4756 22.75 0
    endloop
  endfacet
  facet normal -0.866026 -0.5 0
    outer loop
      vertex 0.938187 29.75 -3
      vertex -3.10326 36.75 0
      vertex -3.10326 36.75 -3
    endloop
  endfacet
  facet normal -0.866026 -0.5 0
    outer loop
      vertex -3.10326 36.75 0
      vertex 0.938187 29.75 -3
      vertex 0.938187 29.75 0
    endloop
  endfacet
  facet normal 0 -1 0
    outer loop
      vertex -11.1862 36.75 -3
      vertex -3.10326 36.75 0
      vertex -11.1862 36.75 0
    endloop
  endfacet
  facet normal 0 -1 -0
    outer loop
      vertex -3.10326 36.75 0
      vertex -11.1862 36.75 -3
      vertex -3.10326 36.75 -3
    endloop
  endfacet
  facet normal 0.866028 -0.499995 0
    outer loop
      vertex -15.2276 29.75 0
      vertex -11.1862 36.75 -3
      vertex -11.1862 36.75 0
    endloop
  endfacet
  facet normal 0.866028 -0.499995 0
    outer loop
      vertex -11.1862 36.75 -3
      vertex -15.2276 29.75 0
      vertex -15.2276 29.75 -3
    endloop
  endfacet
  facet normal 0.866028 0.499995 0
    outer loop
      vertex -11.1862 22.75 0
      vertex -15.2276 29.75 -3
      vertex -15.2276 29.75 0
    endloop
  endfacet
  facet normal 0.866028 0.499995 0
    outer loop
      vertex -15.2276 29.75 -3
      vertex -11.1862 22.75 0
      vertex -11.1862 22.75 -3
    endloop
  endfacet
  facet normal 0 1 -0
    outer loop
      vertex -3.10326 22.75 -3
      vertex -11.1862 22.75 0
      vertex -3.10326 22.75 0
    endloop
  endfacet
  facet normal 0 1 0
    outer loop
      vertex -11.1862 22.75 0
      vertex -3.10326 22.75 -3
      vertex -11.1862 22.75 -3
    endloop
  endfacet
  facet normal -0.866026 0.5 0
    outer loop
      vertex -3.10326 22.75 -3
      vertex 0.938187 29.75 0
      vertex 0.938187 29.75 -3
    endloop
  endfacet
  facet normal -0.866026 0.5 0
    outer loop
      vertex 0.938187 29.75 0
      vertex -3.10326 22.75 -3
      vertex -3.10326 22.75 0
    endloop
  endfacet
  facet normal -0.866028 -0.499995 0
    outer loop
      vertex 43.8064 21.5 -3
      vertex 39.765 28.5 0
      vertex 39.765 28.5 -3
    endloop
  endfacet
  facet normal -0.866028 -0.499995 0
    outer loop
      vertex 39.765 28.5 0
      vertex 43.8064 21.5 -3
      vertex 43.8064 21.5 0
    endloop
  endfacet
  facet normal 0 -1 0
    outer loop
      vertex 31.6821 28.5 -3
      vertex 39.765 28.5 0
      vertex 31.6821 28.5 0
    endloop
  endfacet
  facet normal 0 -1 -0
    outer loop
      vertex 39.765 28.5 0
      vertex 31.6821 28.5 -3
      vertex 39.765 28.5 -3
    endloop
  endfacet
  facet normal 0.866023 -0.500004 0
    outer loop
      vertex 27.6406 21.5 0
      vertex 31.6821 28.5 -3
      vertex 31.6821 28.5 0
    endloop
  endfacet
  facet normal 0.866023 -0.500004 0
    outer loop
      vertex 31.6821 28.5 -3
      vertex 27.6406 21.5 0
      vertex 27.6406 21.5 -3
    endloop
  endfacet
  facet normal 0.866023 0.500004 0
    outer loop
      vertex 31.6821 14.5 0
      vertex 27.6406 21.5 -3
      vertex 27.6406 21.5 0
    endloop
  endfacet
  facet normal 0.866023 0.500004 0
    outer loop
      vertex 27.6406 21.5 -3
      vertex 31.6821 14.5 0
      vertex 31.6821 14.5 -3
    endloop
  endfacet
  facet normal 0 1 -0
    outer loop
      vertex 39.765 14.5 -3
      vertex 31.6821 14.5 0
      vertex 39.765 14.5 0
    endloop
  endfacet
  facet normal 0 1 0
    outer loop
      vertex 31.6821 14.5 0
      vertex 39.765 14.5 -3
      vertex 31.6821 14.5 -3
    endloop
  endfacet
  facet normal -0.866028 0.499995 0
    outer loop
      vertex 39.765 14.5 -3
      vertex 43.8064 21.5 0
      vertex 43.8064 21.5 -3
    endloop
  endfacet
  facet normal -0.866028 0.499995 0
    outer loop
      vertex 43.8064 21.5 0
      vertex 39.765 14.5 -3
      vertex 39.765 14.5 0
    endloop
  endfacet
  facet normal -0.866028 -0.499995 0
    outer loop
      vertex 15.2276 21.5 -3
      vertex 11.1862 28.5 0
      vertex 11.1862 28.5 -3
    endloop
  endfacet
  facet normal -0.866028 -0.499995 0
    outer loop
      vertex 11.1862 28.5 0
      vertex 15.2276 21.5 -3
      vertex 15.2276 21.5 0
    endloop
  endfacet
  facet normal 0 -1 0
    outer loop
      vertex 3.10326 28.5 -3
      vertex 11.1862 28.5 0
      vertex 3.10326 28.5 0
    endloop
  endfacet
  facet normal 0 -1 -0
    outer loop
      vertex 11.1862 28.5 0
      vertex 3.10326 28.5 -3
      vertex 11.1862 28.5 -3
    endloop
  endfacet
  facet normal 0.866026 -0.5 0
    outer loop
      vertex -0.938187 21.5 0
      vertex 3.10326 28.5 -3
      vertex 3.10326 28.5 0
    endloop
  endfacet
  facet normal 0.866026 -0.5 0
    outer loop
      vertex 3.10326 28.5 -3
      vertex -0.938187 21.5 0
      vertex -0.938187 21.5 -3
    endloop
  endfacet
  facet normal 0.866026 0.5 0
    outer loop
      vertex 3.10326 14.5 0
      vertex -0.938187 21.5 -3
      vertex -0.938187 21.5 0
    endloop
  endfacet
  facet normal 0.866026 0.5 0
    outer loop
      vertex -0.938187 21.5 -3
      vertex 3.10326 14.5 0
      vertex 3.10326 14.5 -3
    endloop
  endfacet
  facet normal 0 1 -0
    outer loop
      vertex 11.1862 14.5 -3
      vertex 3.10326 14.5 0
      vertex 11.1862 14.5 0
    endloop
  endfacet
  facet normal 0 1 0
    outer loop
      vertex 3.10326 14.5 0
      vertex 11.1862 14.5 -3
      vertex 3.10326 14.5 -3
    endloop
  endfacet
  facet normal -0.866028 0.499995 0
    outer loop
      vertex 11.1862 14.5 -3
      vertex 15.2276 21.5 0
      vertex 15.2276 21.5 -3
    endloop
  endfacet
  facet normal -0.866028 0.499995 0
    outer loop
      vertex 15.2276 21.5 0
      vertex 11.1862 14.5 -3
      vertex 11.1862 14.5 0
    endloop
  endfacet
  facet normal -0.866028 -0.499995 0
    outer loop
      vertex -41.9301 21.5 -3
      vertex -45.9715 28.5 0
      vertex -45.9715 28.5 -3
    endloop
  endfacet
  facet normal -0.866028 -0.499995 0
    outer loop
      vertex -45.9715 28.5 0
      vertex -41.9301 21.5 -3
      vertex -41.9301 21.5 0
    endloop
  endfacet
  facet normal 0 -1 0
    outer loop
      vertex -54.0544 28.5 -3
      vertex -45.9715 28.5 0
      vertex -54.0544 28.5 0
    endloop
  endfacet
  facet normal 0 -1 -0
    outer loop
      vertex -45.9715 28.5 0
      vertex -54.0544 28.5 -3
      vertex -45.9715 28.5 -3
    endloop
  endfacet
  facet normal 0.866023 -0.500004 0
    outer loop
      vertex -58.0959 21.5 0
      vertex -54.0544 28.5 -3
      vertex -54.0544 28.5 0
    endloop
  endfacet
  facet normal 0.866023 -0.500004 0
    outer loop
      vertex -54.0544 28.5 -3
      vertex -58.0959 21.5 0
      vertex -58.0959 21.5 -3
    endloop
  endfacet
  facet normal 0.866023 0.500004 0
    outer loop
      vertex -54.0544 14.5 0
      vertex -58.0959 21.5 -3
      vertex -58.0959 21.5 0
    endloop
  endfacet
  facet normal 0.866023 0.500004 0
    outer loop
      vertex -58.0959 21.5 -3
      vertex -54.0544 14.5 0
      vertex -54.0544 14.5 -3
    endloop
  endfacet
  facet normal 0 1 -0
    outer loop
      vertex -45.9715 14.5 -3
      vertex -54.0544 14.5 0
      vertex -45.9715 14.5 0
    endloop
  endfacet
  facet normal 0 1 0
    outer loop
      vertex -54.0544 14.5 0
      vertex -45.9715 14.5 -3
      vertex -54.0544 14.5 -3
    endloop
  endfacet
  facet normal -0.866028 0.499995 0
    outer loop
      vertex -45.9715 14.5 -3
      vertex -41.9301 21.5 0
      vertex -41.9301 21.5 -3
    endloop
  endfacet
  facet normal -0.866028 0.499995 0
    outer loop
      vertex -41.9301 21.5 0
      vertex -45.9715 14.5 -3
      vertex -45.9715 14.5 0
    endloop
  endfacet
  facet normal -0.866023 -0.500004 0
    outer loop
      vertex -13.3512 21.5 -3
      vertex -17.3927 28.5 0
      vertex -17.3927 28.5 -3
    endloop
  endfacet
  facet normal -0.866023 -0.500004 0
    outer loop
      vertex -17.3927 28.5 0
      vertex -13.3512 21.5 -3
      vertex -13.3512 21.5 0
    endloop
  endfacet
  facet normal 0 -1 0
    outer loop
      vertex -25.4756 28.5 -3
      vertex -17.3927 28.5 0
      vertex -25.4756 28.5 0
    endloop
  endfacet
  facet normal 0 -1 -0
    outer loop
      vertex -17.3927 28.5 0
      vertex -25.4756 28.5 -3
      vertex -17.3927 28.5 -3
    endloop
  endfacet
  facet normal 0.866028 -0.499995 0
    outer loop
      vertex -29.517 21.5 0
      vertex -25.4756 28.5 -3
      vertex -25.4756 28.5 0
    endloop
  endfacet
  facet normal 0.866028 -0.499995 0
    outer loop
      vertex -25.4756 28.5 -3
      vertex -29.517 21.5 0
      vertex -29.517 21.5 -3
    endloop
  endfacet
  facet normal 0.866028 0.499995 0
    outer loop
      vertex -25.4756 14.5 0
      vertex -29.517 21.5 -3
      vertex -29.517 21.5 0
    endloop
  endfacet
  facet normal 0.866028 0.499995 0
    outer loop
      vertex -29.517 21.5 -3
      vertex -25.4756 14.5 0
      vertex -25.4756 14.5 -3
    endloop
  endfacet
  facet normal 0 1 -0
    outer loop
      vertex -17.3927 14.5 -3
      vertex -25.4756 14.5 0
      vertex -17.3927 14.5 0
    endloop
  endfacet
  facet normal 0 1 0
    outer loop
      vertex -25.4756 14.5 0
      vertex -17.3927 14.5 -3
      vertex -25.4756 14.5 -3
    endloop
  endfacet
  facet normal -0.866023 0.500004 0
    outer loop
      vertex -17.3927 14.5 -3
      vertex -13.3512 21.5 0
      vertex -13.3512 21.5 -3
    endloop
  endfacet
  facet normal -0.866023 0.500004 0
    outer loop
      vertex -13.3512 21.5 0
      vertex -17.3927 14.5 -3
      vertex -17.3927 14.5 0
    endloop
  endfacet
  facet normal 0 1 -0
    outer loop
      vertex -53.5 140.5 -50.5
      vertex -65.5 140.5 -50.0714
      vertex -53.5 140.5 -50.0714
    endloop
  endfacet
  facet normal 0 1 0
    outer loop
      vertex -65.5 140.5 -50.0714
      vertex -53.5 140.5 -50.5
      vertex -65.5 140.5 -50.5
    endloop
  endfacet
  facet normal 0 1 -0
    outer loop
      vertex 65.5 140.5 -50.5
      vertex 53.5 140.5 -50.0714
      vertex 65.5 140.5 -50.0714
    endloop
  endfacet
  facet normal 0 1 0
    outer loop
      vertex 53.5 140.5 -50.0714
      vertex 65.5 140.5 -50.5
      vertex 53.5 140.5 -50.5
    endloop
  endfacet
  facet normal 0 0.708521 -0.705689
    outer loop
      vertex 65.5 140.5 -3
      vertex -67.006 142 -1.49398
      vertex 67.006 142 -1.49398
    endloop
  endfacet
  facet normal 0 0.708521 -0.705689
    outer loop
      vertex -67.006 142 -1.49398
      vertex 65.5 140.5 -3
      vertex -65.5 140.5 -3
    endloop
  endfacet
  facet normal 0.705694 0.708517 0
    outer loop
      vertex -67.006 142 -50.5
      vertex -65.5 140.5 -3
      vertex -65.5 140.5 -50.0714
    endloop
  endfacet
  facet normal 0.705694 0.708517 0
    outer loop
      vertex -67.006 142 -50.5
      vertex -65.5 140.5 -50.0714
      vertex -65.5 140.5 -50.5
    endloop
  endfacet
  facet normal 0.705694 0.708517 0
    outer loop
      vertex -65.5 140.5 -3
      vertex -67.006 142 -50.5
      vertex -67.006 142 -1.49398
    endloop
  endfacet
  facet normal -0.705694 0.708517 0
    outer loop
      vertex 67.006 142 -50.5
      vertex 65.5 140.5 -3
      vertex 67.006 142 -1.49398
    endloop
  endfacet
  facet normal -0.705694 0.708517 0
    outer loop
      vertex 65.5 140.5 -3
      vertex 67.006 142 -50.5
      vertex 65.5 140.5 -50.0714
    endloop
  endfacet
  facet normal -0.705694 0.708517 0
    outer loop
      vertex 65.5 140.5 -50.0714
      vertex 67.006 142 -50.5
      vertex 65.5 140.5 -50.5
    endloop
  endfacet
endsolid OpenSCAD_Model
