solid OpenSCAD_Model
  facet normal 1 -0 0
    outer loop
      vertex 82.5 0 33
      vertex 82.5 6.5 27
      vertex 82.5 6.5 33
    endloop
  endfacet
  facet normal 1 0 0
    outer loop
      vertex 82.5 6.5 27
      vertex 82.5 0 33
      vertex 82.5 0 27
    endloop
  endfacet
  facet normal 0 -1 0
    outer loop
      vertex -53 0 120.163
      vertex -73.5157 0 113.061
      vertex -54 0 113.215
    endloop
  endfacet
  facet normal 0 -1 0
    outer loop
      vertex -73.4213 0 112.861
      vertex -54 0 113.215
      vertex -73.5157 0 113.061
    endloop
  endfacet
  facet normal 0 -1 0
    outer loop
      vertex -73.3469 0 112.653
      vertex -54 0 113.215
      vertex -73.4213 0 112.861
    endloop
  endfacet
  facet normal 0 -1 0
    outer loop
      vertex -73.2932 0 112.439
      vertex -54 0 113.215
      vertex -73.3469 0 112.653
    endloop
  endfacet
  facet normal 0 -1 0
    outer loop
      vertex -73.2608 0 112.221
      vertex -54 0 113.215
      vertex -73.2932 0 112.439
    endloop
  endfacet
  facet normal 0 -1 0
    outer loop
      vertex -59 0 104.555
      vertex -73.2608 0 112.221
      vertex -73.25 0 112
    endloop
  endfacet
  facet normal 0 -1 0
    outer loop
      vertex -59 0 104.555
      vertex -73.25 0 112
      vertex -73.2608 0 111.779
    endloop
  endfacet
  facet normal 0 -1 0
    outer loop
      vertex -59 0 104.555
      vertex -73.2608 0 111.779
      vertex -73.2932 0 111.561
    endloop
  endfacet
  facet normal 0 -1 0
    outer loop
      vertex -59 0 104.555
      vertex -73.2932 0 111.561
      vertex -73.3469 0 111.347
    endloop
  endfacet
  facet normal 0 -1 0
    outer loop
      vertex -59 0 104.555
      vertex -73.3469 0 111.347
      vertex -73.4213 0 111.139
    endloop
  endfacet
  facet normal 0 -1 0
    outer loop
      vertex -59 0 104.555
      vertex -73.4213 0 111.139
      vertex -73.5157 0 110.939
    endloop
  endfacet
  facet normal 0 -1 0
    outer loop
      vertex -59 0 104.555
      vertex -73.5157 0 110.939
      vertex -73.6292 0 110.75
    endloop
  endfacet
  facet normal 0 -1 0
    outer loop
      vertex -59 0 104.555
      vertex -73.6292 0 110.75
      vertex -73.7607 0 110.573
    endloop
  endfacet
  facet normal 0 -1 0
    outer loop
      vertex -59 0 104.555
      vertex -73.7607 0 110.573
      vertex -73.909 0 110.409
    endloop
  endfacet
  facet normal 0 -1 0
    outer loop
      vertex -59 0 104.555
      vertex -73.909 0 110.409
      vertex -74.0726 0 110.261
    endloop
  endfacet
  facet normal 0 -1 0
    outer loop
      vertex -59 0 104.555
      vertex -74.0726 0 110.261
      vertex -74.25 0 110.129
    endloop
  endfacet
  facet normal 0 -1 0
    outer loop
      vertex -59 0 99.8757
      vertex -74.25 0 110.129
      vertex -74.4394 0 110.016
    endloop
  endfacet
  facet normal 0 -1 0
    outer loop
      vertex -59 0 99.8757
      vertex -74.4394 0 110.016
      vertex -74.639 0 109.921
    endloop
  endfacet
  facet normal 0 -1 0
    outer loop
      vertex -68.5 0 88
      vertex -74.639 0 109.921
      vertex -74.8469 0 109.847
    endloop
  endfacet
  facet normal 0 -1 0
    outer loop
      vertex -68.5 0 88
      vertex -74.8469 0 109.847
      vertex -75.0611 0 109.793
    endloop
  endfacet
  facet normal 0 -1 0
    outer loop
      vertex -75.7205 0 109.761
      vertex -68.5 0 88
      vertex -75.5 0 109.75
    endloop
  endfacet
  facet normal 0 -1 0
    outer loop
      vertex -73.2608 0 112.221
      vertex -59 0 104.555
      vertex -54 0 113.215
    endloop
  endfacet
  facet normal 0 -1 0
    outer loop
      vertex -68.5 0 88
      vertex -75.0611 0 109.793
      vertex -75.2795 0 109.761
    endloop
  endfacet
  facet normal 0 -1 0
    outer loop
      vertex -75.5 0 109.75
      vertex -68.5 0 88
      vertex -75.2795 0 109.761
    endloop
  endfacet
  facet normal 0 -1 0
    outer loop
      vertex -74.25 0 110.129
      vertex -59 0 99.8757
      vertex -59 0 104.555
    endloop
  endfacet
  facet normal 0 -1 0
    outer loop
      vertex -74.639 0 109.921
      vertex -68.5 0 88
      vertex -59 0 99.8757
    endloop
  endfacet
  facet normal 0 -1 -0
    outer loop
      vertex -59 0 99.8757
      vertex -68.5 0 88
      vertex -54 0 91.2154
    endloop
  endfacet
  facet normal 0 -1 -0
    outer loop
      vertex -54 0 91.2154
      vertex -68.5 0 88
      vertex -53 0 88.9474
    endloop
  endfacet
  facet normal 0 -1 0
    outer loop
      vertex -68.5 0 88
      vertex -53 0 84.268
      vertex -53 0 88.9474
    endloop
  endfacet
  facet normal 0 -1 0
    outer loop
      vertex -68.5 0 88
      vertex -54 0 82
      vertex -53 0 84.268
    endloop
  endfacet
  facet normal 0 -1 0
    outer loop
      vertex -68.5 0 88
      vertex -59 0 73.3397
      vertex -54 0 82
    endloop
  endfacet
  facet normal 0 -1 0
    outer loop
      vertex -68.5 0 88
      vertex -59 0 68.6603
      vertex -59 0 73.3397
    endloop
  endfacet
  facet normal 0 -1 0
    outer loop
      vertex -68.5 0 54
      vertex -54 0 60
      vertex -59 0 68.6603
    endloop
  endfacet
  facet normal 0 -1 0
    outer loop
      vertex -68.5 0 54
      vertex -59 0 68.6603
      vertex -68.5 0 88
    endloop
  endfacet
  facet normal 0 -1 -0
    outer loop
      vertex -54 0 60
      vertex -68.5 0 54
      vertex -53 0 57.732
    endloop
  endfacet
  facet normal 0 -1 0
    outer loop
      vertex -68.5 0 54
      vertex -53 0 53.0526
      vertex -53 0 57.732
    endloop
  endfacet
  facet normal 0 -1 0
    outer loop
      vertex -68.5 0 54
      vertex -54 0 50.7846
      vertex -53 0 53.0526
    endloop
  endfacet
  facet normal 0 -1 0
    outer loop
      vertex -68.5 0 54
      vertex -59 0 42.1243
      vertex -54 0 50.7846
    endloop
  endfacet
  facet normal 0 -1 0
    outer loop
      vertex -74.639 0 32.0787
      vertex -59 0 42.1243
      vertex -68.5 0 54
    endloop
  endfacet
  facet normal 0 -1 0
    outer loop
      vertex -75.7205 0 32.2392
      vertex -68.5 0 54
      vertex -82.5 0 33
    endloop
  endfacet
  facet normal 0 -1 0
    outer loop
      vertex -75.2795 0 32.2392
      vertex -68.5 0 54
      vertex -75.5 0 32.25
    endloop
  endfacet
  facet normal 0 -1 0
    outer loop
      vertex -75.0611 0 32.2068
      vertex -68.5 0 54
      vertex -75.2795 0 32.2392
    endloop
  endfacet
  facet normal 0 -1 0
    outer loop
      vertex -74.8469 0 32.1531
      vertex -68.5 0 54
      vertex -75.0611 0 32.2068
    endloop
  endfacet
  facet normal 0 -1 0
    outer loop
      vertex -74.639 0 32.0787
      vertex -68.5 0 54
      vertex -74.8469 0 32.1531
    endloop
  endfacet
  facet normal 0 -1 0
    outer loop
      vertex -59 0 42.1243
      vertex -74.639 0 32.0787
      vertex -74.4394 0 31.9843
    endloop
  endfacet
  facet normal 0 -1 0
    outer loop
      vertex -74.25 0 31.8708
      vertex -59 0 42.1243
      vertex -74.4394 0 31.9843
    endloop
  endfacet
  facet normal 0 -1 -0
    outer loop
      vertex -59 0 42.1243
      vertex -74.25 0 31.8708
      vertex -59 0 37.4449
    endloop
  endfacet
  facet normal 0 -1 0
    outer loop
      vertex -74.0726 0 31.7393
      vertex -59 0 37.4449
      vertex -74.25 0 31.8708
    endloop
  endfacet
  facet normal 0 -1 0
    outer loop
      vertex -73.909 0 31.591
      vertex -59 0 37.4449
      vertex -74.0726 0 31.7393
    endloop
  endfacet
  facet normal 0 -1 0
    outer loop
      vertex -73.7607 0 31.4274
      vertex -59 0 37.4449
      vertex -73.909 0 31.591
    endloop
  endfacet
  facet normal 0 -1 0
    outer loop
      vertex -73.6292 0 31.25
      vertex -59 0 37.4449
      vertex -73.7607 0 31.4274
    endloop
  endfacet
  facet normal 0 -1 0
    outer loop
      vertex -73.5157 0 31.0606
      vertex -59 0 37.4449
      vertex -73.6292 0 31.25
    endloop
  endfacet
  facet normal 0 -1 0
    outer loop
      vertex -73.4213 0 30.861
      vertex -59 0 37.4449
      vertex -73.5157 0 31.0606
    endloop
  endfacet
  facet normal 0 -1 0
    outer loop
      vertex -73.3469 0 30.6531
      vertex -59 0 37.4449
      vertex -73.4213 0 30.861
    endloop
  endfacet
  facet normal 0 -1 0
    outer loop
      vertex -73.2932 0 30.439
      vertex -59 0 37.4449
      vertex -73.3469 0 30.6531
    endloop
  endfacet
  facet normal 0 -1 0
    outer loop
      vertex -73.2608 0 30.2205
      vertex -59 0 37.4449
      vertex -73.2932 0 30.439
    endloop
  endfacet
  facet normal 0 -1 0
    outer loop
      vertex -73.25 0 30
      vertex -59 0 37.4449
      vertex -73.2608 0 30.2205
    endloop
  endfacet
  facet normal 0 -1 0
    outer loop
      vertex -73.2608 0 29.7795
      vertex -59 0 37.4449
      vertex -73.25 0 30
    endloop
  endfacet
  facet normal 0 -1 0
    outer loop
      vertex -54 0 28.7846
      vertex -73.2608 0 29.7795
      vertex -73.2932 0 29.561
    endloop
  endfacet
  facet normal 0 -1 0
    outer loop
      vertex -54 0 28.7846
      vertex -73.2932 0 29.561
      vertex -73.3469 0 29.3469
    endloop
  endfacet
  facet normal 0 -1 0
    outer loop
      vertex -54 0 28.7846
      vertex -73.3469 0 29.3469
      vertex -73.4213 0 29.139
    endloop
  endfacet
  facet normal 0 -1 0
    outer loop
      vertex -54 0 28.7846
      vertex -73.4213 0 29.139
      vertex -73.5157 0 28.9394
    endloop
  endfacet
  facet normal 0 -1 0
    outer loop
      vertex -73.2608 0 29.7795
      vertex -54 0 28.7846
      vertex -59 0 37.4449
    endloop
  endfacet
  facet normal 0 -1 0
    outer loop
      vertex -53 0 21.8372
      vertex -73.5157 0 28.9394
      vertex -73.6292 0 28.75
    endloop
  endfacet
  facet normal 0 -1 0
    outer loop
      vertex -68.5 0 136
      vertex -75.7205 0 114.239
      vertex -75.5 0 114.25
    endloop
  endfacet
  facet normal 0 -1 0
    outer loop
      vertex -82.5 0 115
      vertex -75.9389 0 114.207
      vertex -75.7205 0 114.239
    endloop
  endfacet
  facet normal 0 -1 0
    outer loop
      vertex -82.5 0 115
      vertex -76.1531 0 114.153
      vertex -75.9389 0 114.207
    endloop
  endfacet
  facet normal 0 -1 0
    outer loop
      vertex -82.5 0 115
      vertex -76.361 0 114.079
      vertex -76.1531 0 114.153
    endloop
  endfacet
  facet normal 0 -1 0
    outer loop
      vertex -82.5 0 115
      vertex -76.5606 0 113.984
      vertex -76.361 0 114.079
    endloop
  endfacet
  facet normal 0 -1 0
    outer loop
      vertex -82.5 0 115
      vertex -76.75 0 113.871
      vertex -76.5606 0 113.984
    endloop
  endfacet
  facet normal 0 -1 0
    outer loop
      vertex -82.5 0 115
      vertex -76.9274 0 113.739
      vertex -76.75 0 113.871
    endloop
  endfacet
  facet normal 0 -1 0
    outer loop
      vertex -82.5 0 115
      vertex -77.091 0 113.591
      vertex -76.9274 0 113.739
    endloop
  endfacet
  facet normal 0 -1 0
    outer loop
      vertex -82.5 0 115
      vertex -77.2393 0 113.427
      vertex -77.091 0 113.591
    endloop
  endfacet
  facet normal 0 -1 0
    outer loop
      vertex -82.5 0 115
      vertex -77.3708 0 113.25
      vertex -77.2393 0 113.427
    endloop
  endfacet
  facet normal 0 -1 0
    outer loop
      vertex -82.5 0 115
      vertex -77.4843 0 113.061
      vertex -77.3708 0 113.25
    endloop
  endfacet
  facet normal 0 -1 0
    outer loop
      vertex -82.5 0 115
      vertex -77.5787 0 112.861
      vertex -77.4843 0 113.061
    endloop
  endfacet
  facet normal 0 -1 0
    outer loop
      vertex -82.5 0 115
      vertex -77.6531 0 112.653
      vertex -77.5787 0 112.861
    endloop
  endfacet
  facet normal 0 -1 0
    outer loop
      vertex -82.5 0 115
      vertex -77.7068 0 112.439
      vertex -77.6531 0 112.653
    endloop
  endfacet
  facet normal 0 -1 0
    outer loop
      vertex -82.5 0 115
      vertex -77.7392 0 112.221
      vertex -77.7068 0 112.439
    endloop
  endfacet
  facet normal 0 -1 0
    outer loop
      vertex -82.5 0 115
      vertex -77.75 0 112
      vertex -77.7392 0 112.221
    endloop
  endfacet
  facet normal 0 -1 0
    outer loop
      vertex -82.5 0 109
      vertex -77.75 0 112
      vertex -82.5 0 115
    endloop
  endfacet
  facet normal 0 -1 -0
    outer loop
      vertex -77.75 0 112
      vertex -82.5 0 109
      vertex -77.7392 0 111.779
    endloop
  endfacet
  facet normal 0 -1 -0
    outer loop
      vertex -77.7392 0 111.779
      vertex -82.5 0 109
      vertex -77.7068 0 111.561
    endloop
  endfacet
  facet normal 0 -1 -0
    outer loop
      vertex -77.7068 0 111.561
      vertex -82.5 0 109
      vertex -77.6531 0 111.347
    endloop
  endfacet
  facet normal 0 -1 -0
    outer loop
      vertex -77.6531 0 111.347
      vertex -82.5 0 109
      vertex -77.5787 0 111.139
    endloop
  endfacet
  facet normal 0 -1 -0
    outer loop
      vertex -77.5787 0 111.139
      vertex -82.5 0 109
      vertex -77.4843 0 110.939
    endloop
  endfacet
  facet normal 0 -1 -0
    outer loop
      vertex -77.4843 0 110.939
      vertex -82.5 0 109
      vertex -77.3708 0 110.75
    endloop
  endfacet
  facet normal 0 -1 -0
    outer loop
      vertex -77.3708 0 110.75
      vertex -82.5 0 109
      vertex -77.2393 0 110.573
    endloop
  endfacet
  facet normal 0 -1 -0
    outer loop
      vertex -77.2393 0 110.573
      vertex -82.5 0 109
      vertex -77.091 0 110.409
    endloop
  endfacet
  facet normal 0 -1 0
    outer loop
      vertex -68.5 0 88
      vertex -75.7205 0 109.761
      vertex -82.5 0 109
    endloop
  endfacet
  facet normal 0 -1 -0
    outer loop
      vertex -75.9389 0 109.793
      vertex -82.5 0 109
      vertex -75.7205 0 109.761
    endloop
  endfacet
  facet normal 0 -1 -0
    outer loop
      vertex -76.1531 0 109.847
      vertex -82.5 0 109
      vertex -75.9389 0 109.793
    endloop
  endfacet
  facet normal 0 -1 -0
    outer loop
      vertex -76.361 0 109.921
      vertex -82.5 0 109
      vertex -76.1531 0 109.847
    endloop
  endfacet
  facet normal 0 -1 -0
    outer loop
      vertex -76.5606 0 110.016
      vertex -82.5 0 109
      vertex -76.361 0 109.921
    endloop
  endfacet
  facet normal 0 -1 -0
    outer loop
      vertex -76.75 0 110.129
      vertex -82.5 0 109
      vertex -76.5606 0 110.016
    endloop
  endfacet
  facet normal 0 -1 -0
    outer loop
      vertex -76.9274 0 110.261
      vertex -82.5 0 109
      vertex -76.75 0 110.129
    endloop
  endfacet
  facet normal 0 -1 -0
    outer loop
      vertex -77.091 0 110.409
      vertex -82.5 0 109
      vertex -76.9274 0 110.261
    endloop
  endfacet
  facet normal 0 -1 0
    outer loop
      vertex 41 0 120.163
      vertex 48 0 128.823
      vertex 36 0 128.823
    endloop
  endfacet
  facet normal 0 -1 0
    outer loop
      vertex 41 0 120.163
      vertex 43 0 120.163
      vertex 48 0 128.823
    endloop
  endfacet
  facet normal 0 -1 0
    outer loop
      vertex 41 0 115.483
      vertex 43 0 120.163
      vertex 41 0 120.163
    endloop
  endfacet
  facet normal 0 -1 0
    outer loop
      vertex 41 0 115.483
      vertex 43 0 115.483
      vertex 43 0 120.163
    endloop
  endfacet
  facet normal 0 -1 0
    outer loop
      vertex 41 0 115.483
      vertex 42 0 113.215
      vertex 43 0 115.483
    endloop
  endfacet
  facet normal 0 -1 0
    outer loop
      vertex 36 0 106.823
      vertex 42 0 113.215
      vertex 41 0 115.483
    endloop
  endfacet
  facet normal 0 -1 0
    outer loop
      vertex 37 0 104.555
      vertex 36 0 106.823
      vertex 35 0 104.555
    endloop
  endfacet
  facet normal 0 -1 0
    outer loop
      vertex 36 0 106.823
      vertex 37 0 104.555
      vertex 42 0 113.215
    endloop
  endfacet
  facet normal 0 -1 0
    outer loop
      vertex 35 0 99.8757
      vertex 37 0 104.555
      vertex 35 0 104.555
    endloop
  endfacet
  facet normal 0 -1 0
    outer loop
      vertex 35 0 99.8757
      vertex 37 0 99.8757
      vertex 37 0 104.555
    endloop
  endfacet
  facet normal 0 -1 0
    outer loop
      vertex 35 0 99.8757
      vertex 36 0 97.6077
      vertex 37 0 99.8757
    endloop
  endfacet
  facet normal 0 -1 0
    outer loop
      vertex 30 0 91.2154
      vertex 36 0 97.6077
      vertex 35 0 99.8757
    endloop
  endfacet
  facet normal 0 -1 0
    outer loop
      vertex 31 0 88.9474
      vertex 30 0 91.2154
      vertex 29 0 88.9474
    endloop
  endfacet
  facet normal 0 -1 0
    outer loop
      vertex 30 0 91.2154
      vertex 31 0 88.9474
      vertex 36 0 97.6077
    endloop
  endfacet
  facet normal 0 -1 0
    outer loop
      vertex 29 0 84.268
      vertex 31 0 88.9474
      vertex 29 0 88.9474
    endloop
  endfacet
  facet normal 0 -1 0
    outer loop
      vertex 29 0 84.268
      vertex 31 0 84.268
      vertex 31 0 88.9474
    endloop
  endfacet
  facet normal 0 -1 0
    outer loop
      vertex 29 0 84.268
      vertex 30 0 82
      vertex 31 0 84.268
    endloop
  endfacet
  facet normal 0 -1 0
    outer loop
      vertex 24 0 75.6077
      vertex 30 0 82
      vertex 29 0 84.268
    endloop
  endfacet
  facet normal 0 -1 0
    outer loop
      vertex 25 0 73.3397
      vertex 24 0 75.6077
      vertex 23 0 73.3397
    endloop
  endfacet
  facet normal 0 -1 0
    outer loop
      vertex 24 0 75.6077
      vertex 25 0 73.3397
      vertex 30 0 82
    endloop
  endfacet
  facet normal 0 -1 0
    outer loop
      vertex 23 0 68.6603
      vertex 25 0 73.3397
      vertex 23 0 73.3397
    endloop
  endfacet
  facet normal 0 -1 0
    outer loop
      vertex 23 0 68.6603
      vertex 25 0 68.6603
      vertex 25 0 73.3397
    endloop
  endfacet
  facet normal 0 -1 0
    outer loop
      vertex 23 0 68.6603
      vertex 24 0 66.3923
      vertex 25 0 68.6603
    endloop
  endfacet
  facet normal 0 -1 0
    outer loop
      vertex 18 0 60
      vertex 24 0 66.3923
      vertex 23 0 68.6603
    endloop
  endfacet
  facet normal 0 -1 0
    outer loop
      vertex 19 0 57.732
      vertex 18 0 60
      vertex 17 0 57.732
    endloop
  endfacet
  facet normal 0 -1 0
    outer loop
      vertex 18 0 60
      vertex 19 0 57.732
      vertex 24 0 66.3923
    endloop
  endfacet
  facet normal 0 -1 0
    outer loop
      vertex 17 0 53.0526
      vertex 19 0 57.732
      vertex 17 0 57.732
    endloop
  endfacet
  facet normal 0 -1 0
    outer loop
      vertex 17 0 53.0526
      vertex 19 0 53.0526
      vertex 19 0 57.732
    endloop
  endfacet
  facet normal 0 -1 0
    outer loop
      vertex 17 0 53.0526
      vertex 18 0 50.7846
      vertex 19 0 53.0526
    endloop
  endfacet
  facet normal 0 -1 0
    outer loop
      vertex 12 0 44.3923
      vertex 18 0 50.7846
      vertex 17 0 53.0526
    endloop
  endfacet
  facet normal 0 -1 0
    outer loop
      vertex 13 0 42.1243
      vertex 12 0 44.3923
      vertex 11 0 42.1243
    endloop
  endfacet
  facet normal 0 -1 0
    outer loop
      vertex 12 0 44.3923
      vertex 13 0 42.1243
      vertex 18 0 50.7846
    endloop
  endfacet
  facet normal 0 -1 0
    outer loop
      vertex 11 0 37.4449
      vertex 13 0 42.1243
      vertex 11 0 42.1243
    endloop
  endfacet
  facet normal 0 -1 0
    outer loop
      vertex 11 0 37.4449
      vertex 13 0 37.4449
      vertex 13 0 42.1243
    endloop
  endfacet
  facet normal 0 -1 0
    outer loop
      vertex 11 0 37.4449
      vertex 12 0 35.1769
      vertex 13 0 37.4449
    endloop
  endfacet
  facet normal 0 -1 0
    outer loop
      vertex 6 0 28.7846
      vertex 12 0 35.1769
      vertex 11 0 37.4449
    endloop
  endfacet
  facet normal 0 -1 0
    outer loop
      vertex 7 0 26.5166
      vertex 6 0 28.7846
      vertex 5 0 26.5166
    endloop
  endfacet
  facet normal 0 -1 0
    outer loop
      vertex 6 0 28.7846
      vertex 7 0 26.5166
      vertex 12 0 35.1769
    endloop
  endfacet
  facet normal 0 -1 0
    outer loop
      vertex 5 0 21.8372
      vertex 7 0 26.5166
      vertex 5 0 26.5166
    endloop
  endfacet
  facet normal 0 -1 0
    outer loop
      vertex 5 0 21.8372
      vertex 7 0 21.8372
      vertex 7 0 26.5166
    endloop
  endfacet
  facet normal 0 -1 0
    outer loop
      vertex 0 0 13.1769
      vertex 7 0 21.8372
      vertex 5 0 21.8372
    endloop
  endfacet
  facet normal 0 -1 -0
    outer loop
      vertex 7 0 21.8372
      vertex 0 0 13.1769
      vertex 12 0 13.1769
    endloop
  endfacet
  facet normal 0 -1 0
    outer loop
      vertex 29 0 120.163
      vertex 36 0 128.823
      vertex 24 0 128.823
    endloop
  endfacet
  facet normal 0 -1 0
    outer loop
      vertex 29 0 120.163
      vertex 31 0 120.163
      vertex 36 0 128.823
    endloop
  endfacet
  facet normal 0 -1 0
    outer loop
      vertex 29 0 115.483
      vertex 31 0 120.163
      vertex 29 0 120.163
    endloop
  endfacet
  facet normal 0 -1 0
    outer loop
      vertex 29 0 115.483
      vertex 31 0 115.483
      vertex 31 0 120.163
    endloop
  endfacet
  facet normal 0 -1 0
    outer loop
      vertex 29 0 115.483
      vertex 30 0 113.215
      vertex 31 0 115.483
    endloop
  endfacet
  facet normal 0 -1 0
    outer loop
      vertex 24 0 106.823
      vertex 30 0 113.215
      vertex 29 0 115.483
    endloop
  endfacet
  facet normal 0 -1 0
    outer loop
      vertex 25 0 104.555
      vertex 24 0 106.823
      vertex 23 0 104.555
    endloop
  endfacet
  facet normal 0 -1 0
    outer loop
      vertex 24 0 106.823
      vertex 25 0 104.555
      vertex 30 0 113.215
    endloop
  endfacet
  facet normal 0 -1 0
    outer loop
      vertex 23 0 99.8757
      vertex 25 0 104.555
      vertex 23 0 104.555
    endloop
  endfacet
  facet normal 0 -1 0
    outer loop
      vertex 23 0 99.8757
      vertex 25 0 99.8757
      vertex 25 0 104.555
    endloop
  endfacet
  facet normal 0 -1 0
    outer loop
      vertex 23 0 99.8757
      vertex 24 0 97.6077
      vertex 25 0 99.8757
    endloop
  endfacet
  facet normal 0 -1 0
    outer loop
      vertex 18 0 91.2154
      vertex 24 0 97.6077
      vertex 23 0 99.8757
    endloop
  endfacet
  facet normal 0 -1 0
    outer loop
      vertex 19 0 88.9474
      vertex 18 0 91.2154
      vertex 17 0 88.9474
    endloop
  endfacet
  facet normal 0 -1 0
    outer loop
      vertex 18 0 91.2154
      vertex 19 0 88.9474
      vertex 24 0 97.6077
    endloop
  endfacet
  facet normal 0 -1 0
    outer loop
      vertex 17 0 84.268
      vertex 19 0 88.9474
      vertex 17 0 88.9474
    endloop
  endfacet
  facet normal 0 -1 0
    outer loop
      vertex 17 0 84.268
      vertex 19 0 84.268
      vertex 19 0 88.9474
    endloop
  endfacet
  facet normal 0 -1 0
    outer loop
      vertex 17 0 84.268
      vertex 18 0 82
      vertex 19 0 84.268
    endloop
  endfacet
  facet normal 0 -1 0
    outer loop
      vertex 12 0 75.6077
      vertex 18 0 82
      vertex 17 0 84.268
    endloop
  endfacet
  facet normal 0 -1 0
    outer loop
      vertex 13 0 73.3397
      vertex 12 0 75.6077
      vertex 11 0 73.3397
    endloop
  endfacet
  facet normal 0 -1 0
    outer loop
      vertex 12 0 75.6077
      vertex 13 0 73.3397
      vertex 18 0 82
    endloop
  endfacet
  facet normal 0 -1 0
    outer loop
      vertex 11 0 68.6603
      vertex 13 0 73.3397
      vertex 11 0 73.3397
    endloop
  endfacet
  facet normal 0 -1 0
    outer loop
      vertex 11 0 68.6603
      vertex 13 0 68.6603
      vertex 13 0 73.3397
    endloop
  endfacet
  facet normal 0 -1 0
    outer loop
      vertex 11 0 68.6603
      vertex 12 0 66.3923
      vertex 13 0 68.6603
    endloop
  endfacet
  facet normal 0 -1 0
    outer loop
      vertex 6 0 60
      vertex 12 0 66.3923
      vertex 11 0 68.6603
    endloop
  endfacet
  facet normal 0 -1 0
    outer loop
      vertex 7 0 57.732
      vertex 6 0 60
      vertex 5 0 57.732
    endloop
  endfacet
  facet normal 0 -1 0
    outer loop
      vertex 6 0 60
      vertex 7 0 57.732
      vertex 12 0 66.3923
    endloop
  endfacet
  facet normal 0 -1 0
    outer loop
      vertex 5 0 53.0526
      vertex 7 0 57.732
      vertex 5 0 57.732
    endloop
  endfacet
  facet normal 0 -1 0
    outer loop
      vertex 5 0 53.0526
      vertex 7 0 53.0526
      vertex 7 0 57.732
    endloop
  endfacet
  facet normal 0 -1 0
    outer loop
      vertex 5 0 53.0526
      vertex 6 0 50.7846
      vertex 7 0 53.0526
    endloop
  endfacet
  facet normal 0 -1 0
    outer loop
      vertex 0 0 44.3923
      vertex 6 0 50.7846
      vertex 5 0 53.0526
    endloop
  endfacet
  facet normal 0 -1 0
    outer loop
      vertex 1 0 42.1243
      vertex 0 0 44.3923
      vertex -1 0 42.1243
    endloop
  endfacet
  facet normal 0 -1 0
    outer loop
      vertex 0 0 44.3923
      vertex 1 0 42.1243
      vertex 6 0 50.7846
    endloop
  endfacet
  facet normal 0 -1 0
    outer loop
      vertex -1 0 37.4449
      vertex 1 0 42.1243
      vertex -1 0 42.1243
    endloop
  endfacet
  facet normal 0 -1 0
    outer loop
      vertex -1 0 37.4449
      vertex 1 0 37.4449
      vertex 1 0 42.1243
    endloop
  endfacet
  facet normal 0 -1 0
    outer loop
      vertex -1 0 37.4449
      vertex 0 0 35.1769
      vertex 1 0 37.4449
    endloop
  endfacet
  facet normal 0 -1 0
    outer loop
      vertex -6 0 28.7846
      vertex 0 0 35.1769
      vertex -1 0 37.4449
    endloop
  endfacet
  facet normal 0 -1 0
    outer loop
      vertex -5 0 26.5166
      vertex -6 0 28.7846
      vertex -7 0 26.5166
    endloop
  endfacet
  facet normal 0 -1 0
    outer loop
      vertex -6 0 28.7846
      vertex -5 0 26.5166
      vertex 0 0 35.1769
    endloop
  endfacet
  facet normal 0 -1 0
    outer loop
      vertex -7 0 21.8372
      vertex -5 0 26.5166
      vertex -7 0 26.5166
    endloop
  endfacet
  facet normal 0 -1 0
    outer loop
      vertex -7 0 21.8372
      vertex -5 0 21.8372
      vertex -5 0 26.5166
    endloop
  endfacet
  facet normal 0 -1 0
    outer loop
      vertex -12 0 13.1769
      vertex -5 0 21.8372
      vertex -7 0 21.8372
    endloop
  endfacet
  facet normal 0 -1 -0
    outer loop
      vertex -5 0 21.8372
      vertex -12 0 13.1769
      vertex 0 0 13.1769
    endloop
  endfacet
  facet normal 0 -1 0
    outer loop
      vertex 17 0 120.163
      vertex 24 0 128.823
      vertex 12 0 128.823
    endloop
  endfacet
  facet normal 0 -1 0
    outer loop
      vertex 17 0 120.163
      vertex 19 0 120.163
      vertex 24 0 128.823
    endloop
  endfacet
  facet normal 0 -1 0
    outer loop
      vertex 17 0 115.483
      vertex 19 0 120.163
      vertex 17 0 120.163
    endloop
  endfacet
  facet normal 0 -1 0
    outer loop
      vertex 17 0 115.483
      vertex 19 0 115.483
      vertex 19 0 120.163
    endloop
  endfacet
  facet normal 0 -1 0
    outer loop
      vertex 17 0 115.483
      vertex 18 0 113.215
      vertex 19 0 115.483
    endloop
  endfacet
  facet normal 0 -1 0
    outer loop
      vertex 12 0 106.823
      vertex 18 0 113.215
      vertex 17 0 115.483
    endloop
  endfacet
  facet normal 0 -1 0
    outer loop
      vertex 13 0 104.555
      vertex 12 0 106.823
      vertex 11 0 104.555
    endloop
  endfacet
  facet normal 0 -1 0
    outer loop
      vertex 12 0 106.823
      vertex 13 0 104.555
      vertex 18 0 113.215
    endloop
  endfacet
  facet normal 0 -1 0
    outer loop
      vertex 11 0 99.8757
      vertex 13 0 104.555
      vertex 11 0 104.555
    endloop
  endfacet
  facet normal 0 -1 0
    outer loop
      vertex 11 0 99.8757
      vertex 13 0 99.8757
      vertex 13 0 104.555
    endloop
  endfacet
  facet normal 0 -1 0
    outer loop
      vertex 11 0 99.8757
      vertex 12 0 97.6077
      vertex 13 0 99.8757
    endloop
  endfacet
  facet normal 0 -1 0
    outer loop
      vertex 6 0 91.2154
      vertex 12 0 97.6077
      vertex 11 0 99.8757
    endloop
  endfacet
  facet normal 0 -1 0
    outer loop
      vertex 7 0 88.9474
      vertex 6 0 91.2154
      vertex 5 0 88.9474
    endloop
  endfacet
  facet normal 0 -1 0
    outer loop
      vertex 6 0 91.2154
      vertex 7 0 88.9474
      vertex 12 0 97.6077
    endloop
  endfacet
  facet normal 0 -1 0
    outer loop
      vertex 5 0 84.268
      vertex 7 0 88.9474
      vertex 5 0 88.9474
    endloop
  endfacet
  facet normal 0 -1 0
    outer loop
      vertex 5 0 84.268
      vertex 7 0 84.268
      vertex 7 0 88.9474
    endloop
  endfacet
  facet normal 0 -1 0
    outer loop
      vertex 5 0 84.268
      vertex 6 0 82
      vertex 7 0 84.268
    endloop
  endfacet
  facet normal 0 -1 0
    outer loop
      vertex 0 0 75.6077
      vertex 6 0 82
      vertex 5 0 84.268
    endloop
  endfacet
  facet normal 0 -1 0
    outer loop
      vertex 1 0 73.3397
      vertex 0 0 75.6077
      vertex -1 0 73.3397
    endloop
  endfacet
  facet normal 0 -1 0
    outer loop
      vertex 0 0 75.6077
      vertex 1 0 73.3397
      vertex 6 0 82
    endloop
  endfacet
  facet normal 0 -1 0
    outer loop
      vertex -1 0 68.6603
      vertex 1 0 73.3397
      vertex -1 0 73.3397
    endloop
  endfacet
  facet normal 0 -1 0
    outer loop
      vertex -1 0 68.6603
      vertex 1 0 68.6603
      vertex 1 0 73.3397
    endloop
  endfacet
  facet normal 0 -1 0
    outer loop
      vertex -1 0 68.6603
      vertex 0 0 66.3923
      vertex 1 0 68.6603
    endloop
  endfacet
  facet normal 0 -1 0
    outer loop
      vertex -6 0 60
      vertex 0 0 66.3923
      vertex -1 0 68.6603
    endloop
  endfacet
  facet normal 0 -1 0
    outer loop
      vertex -5 0 57.732
      vertex -6 0 60
      vertex -7 0 57.732
    endloop
  endfacet
  facet normal 0 -1 0
    outer loop
      vertex -6 0 60
      vertex -5 0 57.732
      vertex 0 0 66.3923
    endloop
  endfacet
  facet normal 0 -1 0
    outer loop
      vertex -7 0 53.0526
      vertex -5 0 57.732
      vertex -7 0 57.732
    endloop
  endfacet
  facet normal 0 -1 0
    outer loop
      vertex -7 0 53.0526
      vertex -5 0 53.0526
      vertex -5 0 57.732
    endloop
  endfacet
  facet normal 0 -1 0
    outer loop
      vertex -7 0 53.0526
      vertex -6 0 50.7846
      vertex -5 0 53.0526
    endloop
  endfacet
  facet normal 0 -1 0
    outer loop
      vertex -12 0 44.3923
      vertex -6 0 50.7846
      vertex -7 0 53.0526
    endloop
  endfacet
  facet normal 0 -1 0
    outer loop
      vertex -11 0 42.1243
      vertex -12 0 44.3923
      vertex -13 0 42.1243
    endloop
  endfacet
  facet normal 0 -1 0
    outer loop
      vertex -12 0 44.3923
      vertex -11 0 42.1243
      vertex -6 0 50.7846
    endloop
  endfacet
  facet normal 0 -1 0
    outer loop
      vertex -13 0 37.4449
      vertex -11 0 42.1243
      vertex -13 0 42.1243
    endloop
  endfacet
  facet normal 0 -1 0
    outer loop
      vertex -13 0 37.4449
      vertex -11 0 37.4449
      vertex -11 0 42.1243
    endloop
  endfacet
  facet normal 0 -1 0
    outer loop
      vertex -13 0 37.4449
      vertex -12 0 35.1769
      vertex -11 0 37.4449
    endloop
  endfacet
  facet normal 0 -1 0
    outer loop
      vertex -18 0 28.7846
      vertex -12 0 35.1769
      vertex -13 0 37.4449
    endloop
  endfacet
  facet normal 0 -1 0
    outer loop
      vertex -17 0 26.5166
      vertex -18 0 28.7846
      vertex -19 0 26.5166
    endloop
  endfacet
  facet normal 0 -1 0
    outer loop
      vertex -18 0 28.7846
      vertex -17 0 26.5166
      vertex -12 0 35.1769
    endloop
  endfacet
  facet normal 0 -1 0
    outer loop
      vertex -19 0 21.8372
      vertex -17 0 26.5166
      vertex -19 0 26.5166
    endloop
  endfacet
  facet normal 0 -1 0
    outer loop
      vertex -19 0 21.8372
      vertex -17 0 21.8372
      vertex -17 0 26.5166
    endloop
  endfacet
  facet normal 0 -1 0
    outer loop
      vertex -24 0 13.1769
      vertex -17 0 21.8372
      vertex -19 0 21.8372
    endloop
  endfacet
  facet normal 0 -1 -0
    outer loop
      vertex -17 0 21.8372
      vertex -24 0 13.1769
      vertex -12 0 13.1769
    endloop
  endfacet
  facet normal 0 -1 0
    outer loop
      vertex 5 0 120.163
      vertex 12 0 128.823
      vertex 0 0 128.823
    endloop
  endfacet
  facet normal 0 -1 0
    outer loop
      vertex 5 0 120.163
      vertex 7 0 120.163
      vertex 12 0 128.823
    endloop
  endfacet
  facet normal 0 -1 0
    outer loop
      vertex 5 0 115.483
      vertex 7 0 120.163
      vertex 5 0 120.163
    endloop
  endfacet
  facet normal 0 -1 0
    outer loop
      vertex 5 0 115.483
      vertex 7 0 115.483
      vertex 7 0 120.163
    endloop
  endfacet
  facet normal 0 -1 0
    outer loop
      vertex 5 0 115.483
      vertex 6 0 113.215
      vertex 7 0 115.483
    endloop
  endfacet
  facet normal 0 -1 0
    outer loop
      vertex 0 0 106.823
      vertex 6 0 113.215
      vertex 5 0 115.483
    endloop
  endfacet
  facet normal 0 -1 0
    outer loop
      vertex 1 0 104.555
      vertex 0 0 106.823
      vertex -1 0 104.555
    endloop
  endfacet
  facet normal 0 -1 0
    outer loop
      vertex 0 0 106.823
      vertex 1 0 104.555
      vertex 6 0 113.215
    endloop
  endfacet
  facet normal 0 -1 0
    outer loop
      vertex -1 0 99.8757
      vertex 1 0 104.555
      vertex -1 0 104.555
    endloop
  endfacet
  facet normal 0 -1 0
    outer loop
      vertex -1 0 99.8757
      vertex 1 0 99.8757
      vertex 1 0 104.555
    endloop
  endfacet
  facet normal 0 -1 0
    outer loop
      vertex -1 0 99.8757
      vertex 0 0 97.6077
      vertex 1 0 99.8757
    endloop
  endfacet
  facet normal 0 -1 0
    outer loop
      vertex -6 0 91.2154
      vertex 0 0 97.6077
      vertex -1 0 99.8757
    endloop
  endfacet
  facet normal 0 -1 0
    outer loop
      vertex -5 0 88.9474
      vertex -6 0 91.2154
      vertex -7 0 88.9474
    endloop
  endfacet
  facet normal 0 -1 0
    outer loop
      vertex -6 0 91.2154
      vertex -5 0 88.9474
      vertex 0 0 97.6077
    endloop
  endfacet
  facet normal 0 -1 0
    outer loop
      vertex -7 0 84.268
      vertex -5 0 88.9474
      vertex -7 0 88.9474
    endloop
  endfacet
  facet normal 0 -1 0
    outer loop
      vertex -7 0 84.268
      vertex -5 0 84.268
      vertex -5 0 88.9474
    endloop
  endfacet
  facet normal 0 -1 0
    outer loop
      vertex -7 0 84.268
      vertex -6 0 82
      vertex -5 0 84.268
    endloop
  endfacet
  facet normal 0 -1 0
    outer loop
      vertex -12 0 75.6077
      vertex -6 0 82
      vertex -7 0 84.268
    endloop
  endfacet
  facet normal 0 -1 0
    outer loop
      vertex -11 0 73.3397
      vertex -12 0 75.6077
      vertex -13 0 73.3397
    endloop
  endfacet
  facet normal 0 -1 0
    outer loop
      vertex -12 0 75.6077
      vertex -11 0 73.3397
      vertex -6 0 82
    endloop
  endfacet
  facet normal 0 -1 0
    outer loop
      vertex -13 0 68.6603
      vertex -11 0 73.3397
      vertex -13 0 73.3397
    endloop
  endfacet
  facet normal 0 -1 0
    outer loop
      vertex -13 0 68.6603
      vertex -11 0 68.6603
      vertex -11 0 73.3397
    endloop
  endfacet
  facet normal 0 -1 0
    outer loop
      vertex -13 0 68.6603
      vertex -12 0 66.3923
      vertex -11 0 68.6603
    endloop
  endfacet
  facet normal 0 -1 0
    outer loop
      vertex -18 0 60
      vertex -12 0 66.3923
      vertex -13 0 68.6603
    endloop
  endfacet
  facet normal 0 -1 0
    outer loop
      vertex -17 0 57.732
      vertex -18 0 60
      vertex -19 0 57.732
    endloop
  endfacet
  facet normal 0 -1 0
    outer loop
      vertex -18 0 60
      vertex -17 0 57.732
      vertex -12 0 66.3923
    endloop
  endfacet
  facet normal 0 -1 0
    outer loop
      vertex -19 0 53.0526
      vertex -17 0 57.732
      vertex -19 0 57.732
    endloop
  endfacet
  facet normal 0 -1 0
    outer loop
      vertex -19 0 53.0526
      vertex -17 0 53.0526
      vertex -17 0 57.732
    endloop
  endfacet
  facet normal 0 -1 0
    outer loop
      vertex -19 0 53.0526
      vertex -18 0 50.7846
      vertex -17 0 53.0526
    endloop
  endfacet
  facet normal 0 -1 0
    outer loop
      vertex -24 0 44.3923
      vertex -18 0 50.7846
      vertex -19 0 53.0526
    endloop
  endfacet
  facet normal 0 -1 0
    outer loop
      vertex -23 0 42.1243
      vertex -24 0 44.3923
      vertex -25 0 42.1243
    endloop
  endfacet
  facet normal 0 -1 0
    outer loop
      vertex -24 0 44.3923
      vertex -23 0 42.1243
      vertex -18 0 50.7846
    endloop
  endfacet
  facet normal 0 -1 0
    outer loop
      vertex -25 0 37.4449
      vertex -23 0 42.1243
      vertex -25 0 42.1243
    endloop
  endfacet
  facet normal 0 -1 0
    outer loop
      vertex -25 0 37.4449
      vertex -23 0 37.4449
      vertex -23 0 42.1243
    endloop
  endfacet
  facet normal 0 -1 0
    outer loop
      vertex -25 0 37.4449
      vertex -24 0 35.1769
      vertex -23 0 37.4449
    endloop
  endfacet
  facet normal 0 -1 0
    outer loop
      vertex -30 0 28.7846
      vertex -24 0 35.1769
      vertex -25 0 37.4449
    endloop
  endfacet
  facet normal 0 -1 0
    outer loop
      vertex -29 0 26.5166
      vertex -30 0 28.7846
      vertex -31 0 26.5166
    endloop
  endfacet
  facet normal 0 -1 0
    outer loop
      vertex -30 0 28.7846
      vertex -29 0 26.5166
      vertex -24 0 35.1769
    endloop
  endfacet
  facet normal 0 -1 0
    outer loop
      vertex -31 0 21.8372
      vertex -29 0 26.5166
      vertex -31 0 26.5166
    endloop
  endfacet
  facet normal 0 -1 0
    outer loop
      vertex -31 0 21.8372
      vertex -29 0 21.8372
      vertex -29 0 26.5166
    endloop
  endfacet
  facet normal 0 -1 0
    outer loop
      vertex -36 0 13.1769
      vertex -29 0 21.8372
      vertex -31 0 21.8372
    endloop
  endfacet
  facet normal 0 -1 -0
    outer loop
      vertex -29 0 21.8372
      vertex -36 0 13.1769
      vertex -24 0 13.1769
    endloop
  endfacet
  facet normal 0 -1 0
    outer loop
      vertex -7 0 120.163
      vertex 0 0 128.823
      vertex -12 0 128.823
    endloop
  endfacet
  facet normal 0 -1 0
    outer loop
      vertex -7 0 120.163
      vertex -5 0 120.163
      vertex 0 0 128.823
    endloop
  endfacet
  facet normal 0 -1 0
    outer loop
      vertex -7 0 115.483
      vertex -5 0 120.163
      vertex -7 0 120.163
    endloop
  endfacet
  facet normal 0 -1 0
    outer loop
      vertex -7 0 115.483
      vertex -5 0 115.483
      vertex -5 0 120.163
    endloop
  endfacet
  facet normal 0 -1 0
    outer loop
      vertex -7 0 115.483
      vertex -6 0 113.215
      vertex -5 0 115.483
    endloop
  endfacet
  facet normal 0 -1 0
    outer loop
      vertex -12 0 106.823
      vertex -6 0 113.215
      vertex -7 0 115.483
    endloop
  endfacet
  facet normal 0 -1 0
    outer loop
      vertex -11 0 104.555
      vertex -12 0 106.823
      vertex -13 0 104.555
    endloop
  endfacet
  facet normal 0 -1 0
    outer loop
      vertex -12 0 106.823
      vertex -11 0 104.555
      vertex -6 0 113.215
    endloop
  endfacet
  facet normal 0 -1 0
    outer loop
      vertex -13 0 99.8757
      vertex -11 0 104.555
      vertex -13 0 104.555
    endloop
  endfacet
  facet normal 0 -1 0
    outer loop
      vertex -13 0 99.8757
      vertex -11 0 99.8757
      vertex -11 0 104.555
    endloop
  endfacet
  facet normal 0 -1 0
    outer loop
      vertex -13 0 99.8757
      vertex -12 0 97.6077
      vertex -11 0 99.8757
    endloop
  endfacet
  facet normal 0 -1 0
    outer loop
      vertex -18 0 91.2154
      vertex -12 0 97.6077
      vertex -13 0 99.8757
    endloop
  endfacet
  facet normal 0 -1 0
    outer loop
      vertex -17 0 88.9474
      vertex -18 0 91.2154
      vertex -19 0 88.9474
    endloop
  endfacet
  facet normal 0 -1 0
    outer loop
      vertex -18 0 91.2154
      vertex -17 0 88.9474
      vertex -12 0 97.6077
    endloop
  endfacet
  facet normal 0 -1 0
    outer loop
      vertex -19 0 84.268
      vertex -17 0 88.9474
      vertex -19 0 88.9474
    endloop
  endfacet
  facet normal 0 -1 0
    outer loop
      vertex -19 0 84.268
      vertex -17 0 84.268
      vertex -17 0 88.9474
    endloop
  endfacet
  facet normal 0 -1 0
    outer loop
      vertex -19 0 84.268
      vertex -18 0 82
      vertex -17 0 84.268
    endloop
  endfacet
  facet normal 0 -1 0
    outer loop
      vertex -24 0 75.6077
      vertex -18 0 82
      vertex -19 0 84.268
    endloop
  endfacet
  facet normal 0 -1 0
    outer loop
      vertex -23 0 73.3397
      vertex -24 0 75.6077
      vertex -25 0 73.3397
    endloop
  endfacet
  facet normal 0 -1 0
    outer loop
      vertex -24 0 75.6077
      vertex -23 0 73.3397
      vertex -18 0 82
    endloop
  endfacet
  facet normal 0 -1 0
    outer loop
      vertex -25 0 68.6603
      vertex -23 0 73.3397
      vertex -25 0 73.3397
    endloop
  endfacet
  facet normal 0 -1 0
    outer loop
      vertex -25 0 68.6603
      vertex -23 0 68.6603
      vertex -23 0 73.3397
    endloop
  endfacet
  facet normal 0 -1 0
    outer loop
      vertex -25 0 68.6603
      vertex -24 0 66.3923
      vertex -23 0 68.6603
    endloop
  endfacet
  facet normal 0 -1 0
    outer loop
      vertex -30 0 60
      vertex -24 0 66.3923
      vertex -25 0 68.6603
    endloop
  endfacet
  facet normal 0 -1 0
    outer loop
      vertex -29 0 57.732
      vertex -30 0 60
      vertex -31 0 57.732
    endloop
  endfacet
  facet normal 0 -1 0
    outer loop
      vertex -30 0 60
      vertex -29 0 57.732
      vertex -24 0 66.3923
    endloop
  endfacet
  facet normal 0 -1 0
    outer loop
      vertex -31 0 53.0526
      vertex -29 0 57.732
      vertex -31 0 57.732
    endloop
  endfacet
  facet normal 0 -1 0
    outer loop
      vertex -31 0 53.0526
      vertex -29 0 53.0526
      vertex -29 0 57.732
    endloop
  endfacet
  facet normal 0 -1 0
    outer loop
      vertex -31 0 53.0526
      vertex -30 0 50.7846
      vertex -29 0 53.0526
    endloop
  endfacet
  facet normal 0 -1 0
    outer loop
      vertex -36 0 44.3923
      vertex -30 0 50.7846
      vertex -31 0 53.0526
    endloop
  endfacet
  facet normal 0 -1 0
    outer loop
      vertex -35 0 42.1243
      vertex -36 0 44.3923
      vertex -37 0 42.1243
    endloop
  endfacet
  facet normal 0 -1 0
    outer loop
      vertex -36 0 44.3923
      vertex -35 0 42.1243
      vertex -30 0 50.7846
    endloop
  endfacet
  facet normal 0 -1 0
    outer loop
      vertex -37 0 37.4449
      vertex -35 0 42.1243
      vertex -37 0 42.1243
    endloop
  endfacet
  facet normal 0 -1 0
    outer loop
      vertex -37 0 37.4449
      vertex -35 0 37.4449
      vertex -35 0 42.1243
    endloop
  endfacet
  facet normal 0 -1 0
    outer loop
      vertex -37 0 37.4449
      vertex -36 0 35.1769
      vertex -35 0 37.4449
    endloop
  endfacet
  facet normal 0 -1 0
    outer loop
      vertex -42 0 28.7846
      vertex -36 0 35.1769
      vertex -37 0 37.4449
    endloop
  endfacet
  facet normal 0 -1 0
    outer loop
      vertex -41 0 26.5166
      vertex -42 0 28.7846
      vertex -43 0 26.5166
    endloop
  endfacet
  facet normal 0 -1 0
    outer loop
      vertex -42 0 28.7846
      vertex -41 0 26.5166
      vertex -36 0 35.1769
    endloop
  endfacet
  facet normal 0 -1 0
    outer loop
      vertex -43 0 21.8372
      vertex -41 0 26.5166
      vertex -43 0 26.5166
    endloop
  endfacet
  facet normal 0 -1 0
    outer loop
      vertex -43 0 21.8372
      vertex -41 0 21.8372
      vertex -41 0 26.5166
    endloop
  endfacet
  facet normal 0 -1 0
    outer loop
      vertex -48 0 13.1769
      vertex -41 0 21.8372
      vertex -43 0 21.8372
    endloop
  endfacet
  facet normal 0 -1 -0
    outer loop
      vertex -41 0 21.8372
      vertex -48 0 13.1769
      vertex -36 0 13.1769
    endloop
  endfacet
  facet normal 0 -1 0
    outer loop
      vertex -19 0 120.163
      vertex -12 0 128.823
      vertex -24 0 128.823
    endloop
  endfacet
  facet normal 0 -1 0
    outer loop
      vertex -19 0 120.163
      vertex -17 0 120.163
      vertex -12 0 128.823
    endloop
  endfacet
  facet normal 0 -1 0
    outer loop
      vertex -19 0 115.483
      vertex -17 0 120.163
      vertex -19 0 120.163
    endloop
  endfacet
  facet normal 0 -1 0
    outer loop
      vertex -19 0 115.483
      vertex -17 0 115.483
      vertex -17 0 120.163
    endloop
  endfacet
  facet normal 0 -1 0
    outer loop
      vertex -19 0 115.483
      vertex -18 0 113.215
      vertex -17 0 115.483
    endloop
  endfacet
  facet normal 0 -1 0
    outer loop
      vertex -24 0 106.823
      vertex -18 0 113.215
      vertex -19 0 115.483
    endloop
  endfacet
  facet normal 0 -1 0
    outer loop
      vertex -23 0 104.555
      vertex -24 0 106.823
      vertex -25 0 104.555
    endloop
  endfacet
  facet normal 0 -1 0
    outer loop
      vertex -24 0 106.823
      vertex -23 0 104.555
      vertex -18 0 113.215
    endloop
  endfacet
  facet normal 0 -1 0
    outer loop
      vertex -25 0 99.8757
      vertex -23 0 104.555
      vertex -25 0 104.555
    endloop
  endfacet
  facet normal 0 -1 0
    outer loop
      vertex -25 0 99.8757
      vertex -23 0 99.8757
      vertex -23 0 104.555
    endloop
  endfacet
  facet normal 0 -1 0
    outer loop
      vertex -25 0 99.8757
      vertex -24 0 97.6077
      vertex -23 0 99.8757
    endloop
  endfacet
  facet normal 0 -1 0
    outer loop
      vertex -30 0 91.2154
      vertex -24 0 97.6077
      vertex -25 0 99.8757
    endloop
  endfacet
  facet normal 0 -1 0
    outer loop
      vertex -29 0 88.9474
      vertex -30 0 91.2154
      vertex -31 0 88.9474
    endloop
  endfacet
  facet normal 0 -1 0
    outer loop
      vertex -30 0 91.2154
      vertex -29 0 88.9474
      vertex -24 0 97.6077
    endloop
  endfacet
  facet normal 0 -1 0
    outer loop
      vertex -31 0 84.268
      vertex -29 0 88.9474
      vertex -31 0 88.9474
    endloop
  endfacet
  facet normal 0 -1 0
    outer loop
      vertex -31 0 84.268
      vertex -29 0 84.268
      vertex -29 0 88.9474
    endloop
  endfacet
  facet normal 0 -1 0
    outer loop
      vertex -31 0 84.268
      vertex -30 0 82
      vertex -29 0 84.268
    endloop
  endfacet
  facet normal 0 -1 0
    outer loop
      vertex -36 0 75.6077
      vertex -30 0 82
      vertex -31 0 84.268
    endloop
  endfacet
  facet normal 0 -1 0
    outer loop
      vertex -35 0 73.3397
      vertex -36 0 75.6077
      vertex -37 0 73.3397
    endloop
  endfacet
  facet normal 0 -1 0
    outer loop
      vertex -36 0 75.6077
      vertex -35 0 73.3397
      vertex -30 0 82
    endloop
  endfacet
  facet normal 0 -1 0
    outer loop
      vertex -37 0 68.6603
      vertex -35 0 73.3397
      vertex -37 0 73.3397
    endloop
  endfacet
  facet normal 0 -1 0
    outer loop
      vertex -37 0 68.6603
      vertex -35 0 68.6603
      vertex -35 0 73.3397
    endloop
  endfacet
  facet normal 0 -1 0
    outer loop
      vertex -37 0 68.6603
      vertex -36 0 66.3923
      vertex -35 0 68.6603
    endloop
  endfacet
  facet normal 0 -1 0
    outer loop
      vertex -42 0 60
      vertex -36 0 66.3923
      vertex -37 0 68.6603
    endloop
  endfacet
  facet normal 0 -1 0
    outer loop
      vertex -41 0 57.732
      vertex -42 0 60
      vertex -43 0 57.732
    endloop
  endfacet
  facet normal 0 -1 0
    outer loop
      vertex -42 0 60
      vertex -41 0 57.732
      vertex -36 0 66.3923
    endloop
  endfacet
  facet normal 0 -1 0
    outer loop
      vertex -43 0 53.0526
      vertex -41 0 57.732
      vertex -43 0 57.732
    endloop
  endfacet
  facet normal 0 -1 0
    outer loop
      vertex -43 0 53.0526
      vertex -41 0 53.0526
      vertex -41 0 57.732
    endloop
  endfacet
  facet normal 0 -1 0
    outer loop
      vertex -43 0 53.0526
      vertex -42 0 50.7846
      vertex -41 0 53.0526
    endloop
  endfacet
  facet normal 0 -1 0
    outer loop
      vertex -48 0 44.3923
      vertex -42 0 50.7846
      vertex -43 0 53.0526
    endloop
  endfacet
  facet normal 0 -1 0
    outer loop
      vertex -47 0 42.1243
      vertex -48 0 44.3923
      vertex -49 0 42.1243
    endloop
  endfacet
  facet normal 0 -1 0
    outer loop
      vertex -48 0 44.3923
      vertex -47 0 42.1243
      vertex -42 0 50.7846
    endloop
  endfacet
  facet normal 0 -1 0
    outer loop
      vertex -49 0 37.4449
      vertex -47 0 42.1243
      vertex -49 0 42.1243
    endloop
  endfacet
  facet normal 0 -1 0
    outer loop
      vertex -49 0 37.4449
      vertex -47 0 37.4449
      vertex -47 0 42.1243
    endloop
  endfacet
  facet normal 0 -1 0
    outer loop
      vertex -49 0 37.4449
      vertex -48 0 35.1769
      vertex -47 0 37.4449
    endloop
  endfacet
  facet normal 0 -1 0
    outer loop
      vertex -54 0 28.7846
      vertex -48 0 35.1769
      vertex -49 0 37.4449
    endloop
  endfacet
  facet normal 0 -1 0
    outer loop
      vertex -53 0 21.8372
      vertex -73.6292 0 28.75
      vertex -73.7607 0 28.5726
    endloop
  endfacet
  facet normal 0 -1 0
    outer loop
      vertex -53 0 21.8372
      vertex -73.7607 0 28.5726
      vertex -73.909 0 28.409
    endloop
  endfacet
  facet normal 0 -1 0
    outer loop
      vertex -53 0 21.8372
      vertex -73.909 0 28.409
      vertex -74.0726 0 28.2607
    endloop
  endfacet
  facet normal 0 -1 0
    outer loop
      vertex -68.5 0 6
      vertex -74.0726 0 28.2607
      vertex -74.25 0 28.1292
    endloop
  endfacet
  facet normal 0 -1 0
    outer loop
      vertex -68.5 0 6
      vertex -74.25 0 28.1292
      vertex -74.4394 0 28.0157
    endloop
  endfacet
  facet normal 0 -1 0
    outer loop
      vertex -68.5 0 6
      vertex -74.4394 0 28.0157
      vertex -74.639 0 27.9213
    endloop
  endfacet
  facet normal 0 -1 0
    outer loop
      vertex -68.5 0 6
      vertex -74.639 0 27.9213
      vertex -74.8469 0 27.8469
    endloop
  endfacet
  facet normal 0 -1 0
    outer loop
      vertex -68.5 0 6
      vertex -74.8469 0 27.8469
      vertex -75.0611 0 27.7932
    endloop
  endfacet
  facet normal 0 -1 0
    outer loop
      vertex -68.5 0 6
      vertex -75.0611 0 27.7932
      vertex -75.2795 0 27.7608
    endloop
  endfacet
  facet normal 0 -1 0
    outer loop
      vertex -68.5 0 6
      vertex -75.2795 0 27.7608
      vertex -75.5 0 27.75
    endloop
  endfacet
  facet normal 0 -1 0
    outer loop
      vertex -75.7205 0 27.7608
      vertex -68.5 0 6
      vertex -75.5 0 27.75
    endloop
  endfacet
  facet normal 0 -1 0
    outer loop
      vertex -54 0 28.7846
      vertex -53 0 26.5166
      vertex -48 0 35.1769
    endloop
  endfacet
  facet normal 0 -1 0
    outer loop
      vertex -73.5157 0 28.9394
      vertex -53 0 21.8372
      vertex -54 0 28.7846
    endloop
  endfacet
  facet normal 0 -1 0
    outer loop
      vertex -54 0 28.7846
      vertex -53 0 21.8372
      vertex -53 0 26.5166
    endloop
  endfacet
  facet normal 0 -1 0
    outer loop
      vertex -74.0726 0 28.2607
      vertex -68.5 0 6
      vertex -53 0 21.8372
    endloop
  endfacet
  facet normal 0 -1 0
    outer loop
      vertex -68.5 0 0
      vertex -36 0 13.1769
      vertex -48 0 13.1769
    endloop
  endfacet
  facet normal 0 -1 -0
    outer loop
      vertex -36 0 13.1769
      vertex -68.5 0 0
      vertex -24 0 13.1769
    endloop
  endfacet
  facet normal 0 -1 -0
    outer loop
      vertex -24 0 13.1769
      vertex -68.5 0 0
      vertex -12 0 13.1769
    endloop
  endfacet
  facet normal 0 -1 -0
    outer loop
      vertex -12 0 13.1769
      vertex -68.5 0 0
      vertex 0 0 13.1769
    endloop
  endfacet
  facet normal 0 -1 0
    outer loop
      vertex 68.5 0 0
      vertex 0 0 13.1769
      vertex -68.5 0 0
    endloop
  endfacet
  facet normal 0 -1 0
    outer loop
      vertex 0 0 13.1769
      vertex 68.5 0 0
      vertex 12 0 13.1769
    endloop
  endfacet
  facet normal 0 -1 0
    outer loop
      vertex 12 0 13.1769
      vertex 68.5 0 0
      vertex 24 0 13.1769
    endloop
  endfacet
  facet normal 0 -1 0
    outer loop
      vertex -68.5 0 0
      vertex -48 0 13.1769
      vertex -68.5 0 6
    endloop
  endfacet
  facet normal 0 -1 -0
    outer loop
      vertex -53 0 21.8372
      vertex -68.5 0 6
      vertex -48 0 13.1769
    endloop
  endfacet
  facet normal 0 -1 0
    outer loop
      vertex -31 0 120.163
      vertex -24 0 128.823
      vertex -36 0 128.823
    endloop
  endfacet
  facet normal 0 -1 0
    outer loop
      vertex -31 0 120.163
      vertex -29 0 120.163
      vertex -24 0 128.823
    endloop
  endfacet
  facet normal 0 -1 0
    outer loop
      vertex -31 0 115.483
      vertex -29 0 120.163
      vertex -31 0 120.163
    endloop
  endfacet
  facet normal 0 -1 0
    outer loop
      vertex -31 0 115.483
      vertex -29 0 115.483
      vertex -29 0 120.163
    endloop
  endfacet
  facet normal 0 -1 0
    outer loop
      vertex -31 0 115.483
      vertex -30 0 113.215
      vertex -29 0 115.483
    endloop
  endfacet
  facet normal 0 -1 0
    outer loop
      vertex -36 0 106.823
      vertex -30 0 113.215
      vertex -31 0 115.483
    endloop
  endfacet
  facet normal 0 -1 0
    outer loop
      vertex -35 0 104.555
      vertex -36 0 106.823
      vertex -37 0 104.555
    endloop
  endfacet
  facet normal 0 -1 0
    outer loop
      vertex -36 0 106.823
      vertex -35 0 104.555
      vertex -30 0 113.215
    endloop
  endfacet
  facet normal 0 -1 0
    outer loop
      vertex -37 0 99.8757
      vertex -35 0 104.555
      vertex -37 0 104.555
    endloop
  endfacet
  facet normal 0 -1 0
    outer loop
      vertex -37 0 99.8757
      vertex -35 0 99.8757
      vertex -35 0 104.555
    endloop
  endfacet
  facet normal 0 -1 0
    outer loop
      vertex -37 0 99.8757
      vertex -36 0 97.6077
      vertex -35 0 99.8757
    endloop
  endfacet
  facet normal 0 -1 0
    outer loop
      vertex -42 0 91.2154
      vertex -36 0 97.6077
      vertex -37 0 99.8757
    endloop
  endfacet
  facet normal 0 -1 0
    outer loop
      vertex -41 0 88.9474
      vertex -42 0 91.2154
      vertex -43 0 88.9474
    endloop
  endfacet
  facet normal 0 -1 0
    outer loop
      vertex -42 0 91.2154
      vertex -41 0 88.9474
      vertex -36 0 97.6077
    endloop
  endfacet
  facet normal 0 -1 0
    outer loop
      vertex -43 0 84.268
      vertex -41 0 88.9474
      vertex -43 0 88.9474
    endloop
  endfacet
  facet normal 0 -1 0
    outer loop
      vertex -43 0 84.268
      vertex -41 0 84.268
      vertex -41 0 88.9474
    endloop
  endfacet
  facet normal 0 -1 0
    outer loop
      vertex -43 0 84.268
      vertex -42 0 82
      vertex -41 0 84.268
    endloop
  endfacet
  facet normal 0 -1 0
    outer loop
      vertex -48 0 75.6077
      vertex -42 0 82
      vertex -43 0 84.268
    endloop
  endfacet
  facet normal 0 -1 0
    outer loop
      vertex -47 0 73.3397
      vertex -48 0 75.6077
      vertex -49 0 73.3397
    endloop
  endfacet
  facet normal 0 -1 0
    outer loop
      vertex -48 0 75.6077
      vertex -47 0 73.3397
      vertex -42 0 82
    endloop
  endfacet
  facet normal 0 -1 0
    outer loop
      vertex -49 0 68.6603
      vertex -47 0 73.3397
      vertex -49 0 73.3397
    endloop
  endfacet
  facet normal 0 -1 0
    outer loop
      vertex -49 0 68.6603
      vertex -47 0 68.6603
      vertex -47 0 73.3397
    endloop
  endfacet
  facet normal 0 -1 0
    outer loop
      vertex -49 0 68.6603
      vertex -48 0 66.3923
      vertex -47 0 68.6603
    endloop
  endfacet
  facet normal 0 -1 0
    outer loop
      vertex -54 0 60
      vertex -48 0 66.3923
      vertex -49 0 68.6603
    endloop
  endfacet
  facet normal 0 -1 0
    outer loop
      vertex -48 0 66.3923
      vertex -54 0 60
      vertex -53 0 57.732
    endloop
  endfacet
  facet normal 0 -1 0
    outer loop
      vertex -43 0 120.163
      vertex -36 0 128.823
      vertex -48 0 128.823
    endloop
  endfacet
  facet normal 0 -1 0
    outer loop
      vertex -43 0 120.163
      vertex -41 0 120.163
      vertex -36 0 128.823
    endloop
  endfacet
  facet normal 0 -1 0
    outer loop
      vertex -43 0 115.483
      vertex -41 0 120.163
      vertex -43 0 120.163
    endloop
  endfacet
  facet normal 0 -1 0
    outer loop
      vertex -43 0 115.483
      vertex -41 0 115.483
      vertex -41 0 120.163
    endloop
  endfacet
  facet normal 0 -1 0
    outer loop
      vertex -43 0 115.483
      vertex -42 0 113.215
      vertex -41 0 115.483
    endloop
  endfacet
  facet normal 0 -1 0
    outer loop
      vertex -48 0 106.823
      vertex -42 0 113.215
      vertex -43 0 115.483
    endloop
  endfacet
  facet normal 0 -1 0
    outer loop
      vertex -47 0 104.555
      vertex -48 0 106.823
      vertex -49 0 104.555
    endloop
  endfacet
  facet normal 0 -1 0
    outer loop
      vertex -48 0 106.823
      vertex -47 0 104.555
      vertex -42 0 113.215
    endloop
  endfacet
  facet normal 0 -1 0
    outer loop
      vertex -49 0 99.8757
      vertex -47 0 104.555
      vertex -49 0 104.555
    endloop
  endfacet
  facet normal 0 -1 0
    outer loop
      vertex -49 0 99.8757
      vertex -47 0 99.8757
      vertex -47 0 104.555
    endloop
  endfacet
  facet normal 0 -1 0
    outer loop
      vertex -49 0 99.8757
      vertex -48 0 97.6077
      vertex -47 0 99.8757
    endloop
  endfacet
  facet normal 0 -1 0
    outer loop
      vertex -54 0 91.2154
      vertex -48 0 97.6077
      vertex -49 0 99.8757
    endloop
  endfacet
  facet normal 0 -1 0
    outer loop
      vertex -48 0 97.6077
      vertex -54 0 91.2154
      vertex -53 0 88.9474
    endloop
  endfacet
  facet normal 0 -1 0
    outer loop
      vertex -48 0 128.823
      vertex -68.5 0 142
      vertex -68.5 0 136
    endloop
  endfacet
  facet normal 0 -1 0
    outer loop
      vertex 0 0 128.823
      vertex -68.5 0 142
      vertex -12 0 128.823
    endloop
  endfacet
  facet normal 0 -1 0
    outer loop
      vertex -68.5 0 142
      vertex -48 0 128.823
      vertex -36 0 128.823
    endloop
  endfacet
  facet normal 0 -1 0
    outer loop
      vertex -68.5 0 136
      vertex -53 0 120.163
      vertex -48 0 128.823
    endloop
  endfacet
  facet normal 0 -1 0
    outer loop
      vertex -74.0726 0 113.739
      vertex -53 0 120.163
      vertex -68.5 0 136
    endloop
  endfacet
  facet normal 0 -1 0
    outer loop
      vertex -75.7205 0 114.239
      vertex -68.5 0 136
      vertex -82.5 0 115
    endloop
  endfacet
  facet normal 0 -1 0
    outer loop
      vertex -68.5 0 136
      vertex -75.5 0 114.25
      vertex -75.2795 0 114.239
    endloop
  endfacet
  facet normal 0 -1 0
    outer loop
      vertex -75.0611 0 114.207
      vertex -68.5 0 136
      vertex -75.2795 0 114.239
    endloop
  endfacet
  facet normal 0 -1 0
    outer loop
      vertex -74.8469 0 114.153
      vertex -68.5 0 136
      vertex -75.0611 0 114.207
    endloop
  endfacet
  facet normal 0 -1 0
    outer loop
      vertex -74.639 0 114.079
      vertex -68.5 0 136
      vertex -74.8469 0 114.153
    endloop
  endfacet
  facet normal 0 -1 0
    outer loop
      vertex -74.4394 0 113.984
      vertex -68.5 0 136
      vertex -74.639 0 114.079
    endloop
  endfacet
  facet normal 0 -1 0
    outer loop
      vertex -74.25 0 113.871
      vertex -68.5 0 136
      vertex -74.4394 0 113.984
    endloop
  endfacet
  facet normal 0 -1 0
    outer loop
      vertex -74.0726 0 113.739
      vertex -68.5 0 136
      vertex -74.25 0 113.871
    endloop
  endfacet
  facet normal 0 -1 0
    outer loop
      vertex -53 0 120.163
      vertex -74.0726 0 113.739
      vertex -73.909 0 113.591
    endloop
  endfacet
  facet normal 0 -1 0
    outer loop
      vertex -73.7607 0 113.427
      vertex -53 0 120.163
      vertex -73.909 0 113.591
    endloop
  endfacet
  facet normal 0 -1 0
    outer loop
      vertex -73.6292 0 113.25
      vertex -53 0 120.163
      vertex -73.7607 0 113.427
    endloop
  endfacet
  facet normal 0 -1 0
    outer loop
      vertex -73.5157 0 113.061
      vertex -53 0 120.163
      vertex -73.6292 0 113.25
    endloop
  endfacet
  facet normal 0 -1 -0
    outer loop
      vertex -53 0 120.163
      vertex -54 0 113.215
      vertex -53 0 115.483
    endloop
  endfacet
  facet normal 0 -1 0
    outer loop
      vertex -54 0 113.215
      vertex -48 0 106.823
      vertex -53 0 115.483
    endloop
  endfacet
  facet normal -0 -1 0
    outer loop
      vertex -48 0 106.823
      vertex -54 0 113.215
      vertex -49 0 104.555
    endloop
  endfacet
  facet normal 0 -1 0
    outer loop
      vertex -68.5 0 142
      vertex -36 0 128.823
      vertex -24 0 128.823
    endloop
  endfacet
  facet normal 0 -1 0
    outer loop
      vertex -68.5 0 142
      vertex -24 0 128.823
      vertex -12 0 128.823
    endloop
  endfacet
  facet normal 0 -1 0
    outer loop
      vertex -68.5 0 142
      vertex 0 0 128.823
      vertex 68.5 0 142
    endloop
  endfacet
  facet normal 0 -1 0
    outer loop
      vertex 12 0 128.823
      vertex 68.5 0 142
      vertex 0 0 128.823
    endloop
  endfacet
  facet normal 0 -1 0
    outer loop
      vertex 24 0 128.823
      vertex 68.5 0 142
      vertex 12 0 128.823
    endloop
  endfacet
  facet normal 0 -1 0
    outer loop
      vertex 36 0 128.823
      vertex 68.5 0 142
      vertex 24 0 128.823
    endloop
  endfacet
  facet normal 0 -1 0
    outer loop
      vertex 48 0 128.823
      vertex 68.5 0 142
      vertex 36 0 128.823
    endloop
  endfacet
  facet normal 0 -1 -0
    outer loop
      vertex 68.5 0 142
      vertex 48 0 128.823
      vertex 68.5 0 136
    endloop
  endfacet
  facet normal 0 -1 0
    outer loop
      vertex 53 0 120.163
      vertex 68.5 0 136
      vertex 48 0 128.823
    endloop
  endfacet
  facet normal 0 -1 0
    outer loop
      vertex 54 0 113.215
      vertex 53 0 120.163
      vertex 53 0 115.483
    endloop
  endfacet
  facet normal -0 -1 0
    outer loop
      vertex 74.0726 0 113.739
      vertex 53 0 120.163
      vertex 73.909 0 113.591
    endloop
  endfacet
  facet normal -0 -1 0
    outer loop
      vertex 75.5 0 114.25
      vertex 68.5 0 136
      vertex 75.2795 0 114.239
    endloop
  endfacet
  facet normal 0 -1 0
    outer loop
      vertex 75.7205 0 114.239
      vertex 68.5 0 136
      vertex 75.5 0 114.25
    endloop
  endfacet
  facet normal 0 -1 0
    outer loop
      vertex 68.5 0 136
      vertex 75.0611 0 114.207
      vertex 75.2795 0 114.239
    endloop
  endfacet
  facet normal 0 -1 0
    outer loop
      vertex 68.5 0 136
      vertex 74.8469 0 114.153
      vertex 75.0611 0 114.207
    endloop
  endfacet
  facet normal 0 -1 0
    outer loop
      vertex 68.5 0 136
      vertex 74.639 0 114.079
      vertex 74.8469 0 114.153
    endloop
  endfacet
  facet normal 0 -1 0
    outer loop
      vertex 68.5 0 136
      vertex 74.4394 0 113.984
      vertex 74.639 0 114.079
    endloop
  endfacet
  facet normal 0 -1 0
    outer loop
      vertex 68.5 0 136
      vertex 74.25 0 113.871
      vertex 74.4394 0 113.984
    endloop
  endfacet
  facet normal 0 -1 0
    outer loop
      vertex 68.5 0 136
      vertex 74.0726 0 113.739
      vertex 74.25 0 113.871
    endloop
  endfacet
  facet normal 0 -1 0
    outer loop
      vertex 53 0 120.163
      vertex 74.0726 0 113.739
      vertex 68.5 0 136
    endloop
  endfacet
  facet normal 0 -1 0
    outer loop
      vertex 53 0 120.163
      vertex 73.7607 0 113.427
      vertex 73.909 0 113.591
    endloop
  endfacet
  facet normal 0 -1 0
    outer loop
      vertex 53 0 120.163
      vertex 73.6292 0 113.25
      vertex 73.7607 0 113.427
    endloop
  endfacet
  facet normal 0 -1 0
    outer loop
      vertex 73.5157 0 113.061
      vertex 53 0 120.163
      vertex 54 0 113.215
    endloop
  endfacet
  facet normal 0 -1 0
    outer loop
      vertex 48 0 106.823
      vertex 54 0 113.215
      vertex 53 0 115.483
    endloop
  endfacet
  facet normal 0 -1 0
    outer loop
      vertex 49 0 104.555
      vertex 48 0 106.823
      vertex 47 0 104.555
    endloop
  endfacet
  facet normal 0 -1 0
    outer loop
      vertex 48 0 106.823
      vertex 49 0 104.555
      vertex 54 0 113.215
    endloop
  endfacet
  facet normal 0 -1 0
    outer loop
      vertex 47 0 99.8757
      vertex 49 0 104.555
      vertex 47 0 104.555
    endloop
  endfacet
  facet normal 0 -1 0
    outer loop
      vertex 47 0 99.8757
      vertex 49 0 99.8757
      vertex 49 0 104.555
    endloop
  endfacet
  facet normal 0 -1 0
    outer loop
      vertex 47 0 99.8757
      vertex 48 0 97.6077
      vertex 49 0 99.8757
    endloop
  endfacet
  facet normal 0 -1 0
    outer loop
      vertex 42 0 91.2154
      vertex 48 0 97.6077
      vertex 47 0 99.8757
    endloop
  endfacet
  facet normal 0 -1 0
    outer loop
      vertex 43 0 88.9474
      vertex 42 0 91.2154
      vertex 41 0 88.9474
    endloop
  endfacet
  facet normal 0 -1 0
    outer loop
      vertex 42 0 91.2154
      vertex 43 0 88.9474
      vertex 48 0 97.6077
    endloop
  endfacet
  facet normal 0 -1 0
    outer loop
      vertex 41 0 84.268
      vertex 43 0 88.9474
      vertex 41 0 88.9474
    endloop
  endfacet
  facet normal 0 -1 0
    outer loop
      vertex 41 0 84.268
      vertex 43 0 84.268
      vertex 43 0 88.9474
    endloop
  endfacet
  facet normal 0 -1 0
    outer loop
      vertex 41 0 84.268
      vertex 42 0 82
      vertex 43 0 84.268
    endloop
  endfacet
  facet normal 0 -1 0
    outer loop
      vertex 36 0 75.6077
      vertex 42 0 82
      vertex 41 0 84.268
    endloop
  endfacet
  facet normal 0 -1 0
    outer loop
      vertex 37 0 73.3397
      vertex 36 0 75.6077
      vertex 35 0 73.3397
    endloop
  endfacet
  facet normal 0 -1 0
    outer loop
      vertex 36 0 75.6077
      vertex 37 0 73.3397
      vertex 42 0 82
    endloop
  endfacet
  facet normal 0 -1 0
    outer loop
      vertex 35 0 68.6603
      vertex 37 0 73.3397
      vertex 35 0 73.3397
    endloop
  endfacet
  facet normal 0 -1 0
    outer loop
      vertex 35 0 68.6603
      vertex 37 0 68.6603
      vertex 37 0 73.3397
    endloop
  endfacet
  facet normal 0 -1 0
    outer loop
      vertex 35 0 68.6603
      vertex 36 0 66.3923
      vertex 37 0 68.6603
    endloop
  endfacet
  facet normal 0 -1 0
    outer loop
      vertex 30 0 60
      vertex 36 0 66.3923
      vertex 35 0 68.6603
    endloop
  endfacet
  facet normal 0 -1 0
    outer loop
      vertex 31 0 57.732
      vertex 30 0 60
      vertex 29 0 57.732
    endloop
  endfacet
  facet normal 0 -1 0
    outer loop
      vertex 30 0 60
      vertex 31 0 57.732
      vertex 36 0 66.3923
    endloop
  endfacet
  facet normal 0 -1 0
    outer loop
      vertex 29 0 53.0526
      vertex 31 0 57.732
      vertex 29 0 57.732
    endloop
  endfacet
  facet normal 0 -1 0
    outer loop
      vertex 29 0 53.0526
      vertex 31 0 53.0526
      vertex 31 0 57.732
    endloop
  endfacet
  facet normal 0 -1 0
    outer loop
      vertex 29 0 53.0526
      vertex 30 0 50.7846
      vertex 31 0 53.0526
    endloop
  endfacet
  facet normal 0 -1 0
    outer loop
      vertex 24 0 44.3923
      vertex 30 0 50.7846
      vertex 29 0 53.0526
    endloop
  endfacet
  facet normal 0 -1 0
    outer loop
      vertex 25 0 42.1243
      vertex 24 0 44.3923
      vertex 23 0 42.1243
    endloop
  endfacet
  facet normal 0 -1 0
    outer loop
      vertex 24 0 44.3923
      vertex 25 0 42.1243
      vertex 30 0 50.7846
    endloop
  endfacet
  facet normal 0 -1 0
    outer loop
      vertex 23 0 37.4449
      vertex 25 0 42.1243
      vertex 23 0 42.1243
    endloop
  endfacet
  facet normal 0 -1 0
    outer loop
      vertex 23 0 37.4449
      vertex 25 0 37.4449
      vertex 25 0 42.1243
    endloop
  endfacet
  facet normal 0 -1 0
    outer loop
      vertex 23 0 37.4449
      vertex 24 0 35.1769
      vertex 25 0 37.4449
    endloop
  endfacet
  facet normal 0 -1 0
    outer loop
      vertex 18 0 28.7846
      vertex 24 0 35.1769
      vertex 23 0 37.4449
    endloop
  endfacet
  facet normal 0 -1 0
    outer loop
      vertex 19 0 26.5166
      vertex 18 0 28.7846
      vertex 17 0 26.5166
    endloop
  endfacet
  facet normal 0 -1 0
    outer loop
      vertex 18 0 28.7846
      vertex 19 0 26.5166
      vertex 24 0 35.1769
    endloop
  endfacet
  facet normal 0 -1 0
    outer loop
      vertex 17 0 21.8372
      vertex 19 0 26.5166
      vertex 17 0 26.5166
    endloop
  endfacet
  facet normal 0 -1 0
    outer loop
      vertex 17 0 21.8372
      vertex 19 0 21.8372
      vertex 19 0 26.5166
    endloop
  endfacet
  facet normal 0 -1 0
    outer loop
      vertex 12 0 13.1769
      vertex 19 0 21.8372
      vertex 17 0 21.8372
    endloop
  endfacet
  facet normal 0 -1 -0
    outer loop
      vertex 19 0 21.8372
      vertex 12 0 13.1769
      vertex 24 0 13.1769
    endloop
  endfacet
  facet normal 0 -1 0
    outer loop
      vertex 68.5 0 136
      vertex 75.7205 0 114.239
      vertex 82.5 0 115
    endloop
  endfacet
  facet normal 0 -1 0
    outer loop
      vertex 75.9389 0 114.207
      vertex 82.5 0 115
      vertex 75.7205 0 114.239
    endloop
  endfacet
  facet normal 0 -1 0
    outer loop
      vertex 76.1531 0 114.153
      vertex 82.5 0 115
      vertex 75.9389 0 114.207
    endloop
  endfacet
  facet normal 0 -1 0
    outer loop
      vertex 76.361 0 114.079
      vertex 82.5 0 115
      vertex 76.1531 0 114.153
    endloop
  endfacet
  facet normal 0 -1 0
    outer loop
      vertex 76.5606 0 113.984
      vertex 82.5 0 115
      vertex 76.361 0 114.079
    endloop
  endfacet
  facet normal 0 -1 0
    outer loop
      vertex 76.75 0 113.871
      vertex 82.5 0 115
      vertex 76.5606 0 113.984
    endloop
  endfacet
  facet normal 0 -1 0
    outer loop
      vertex 76.9274 0 113.739
      vertex 82.5 0 115
      vertex 76.75 0 113.871
    endloop
  endfacet
  facet normal 0 -1 0
    outer loop
      vertex 77.091 0 113.591
      vertex 82.5 0 115
      vertex 76.9274 0 113.739
    endloop
  endfacet
  facet normal 0 -1 0
    outer loop
      vertex 77.2393 0 113.427
      vertex 82.5 0 115
      vertex 77.091 0 113.591
    endloop
  endfacet
  facet normal 0 -1 0
    outer loop
      vertex 77.3708 0 113.25
      vertex 82.5 0 115
      vertex 77.2393 0 113.427
    endloop
  endfacet
  facet normal 0 -1 0
    outer loop
      vertex 77.4843 0 113.061
      vertex 82.5 0 115
      vertex 77.3708 0 113.25
    endloop
  endfacet
  facet normal 0 -1 0
    outer loop
      vertex 77.5787 0 112.861
      vertex 82.5 0 115
      vertex 77.4843 0 113.061
    endloop
  endfacet
  facet normal 0 -1 0
    outer loop
      vertex 77.6531 0 112.653
      vertex 82.5 0 115
      vertex 77.5787 0 112.861
    endloop
  endfacet
  facet normal 0 -1 0
    outer loop
      vertex 77.7068 0 112.439
      vertex 82.5 0 115
      vertex 77.6531 0 112.653
    endloop
  endfacet
  facet normal 0 -1 0
    outer loop
      vertex 77.7392 0 112.221
      vertex 82.5 0 115
      vertex 77.7068 0 112.439
    endloop
  endfacet
  facet normal 0 -1 0
    outer loop
      vertex 77.75 0 112
      vertex 82.5 0 115
      vertex 77.7392 0 112.221
    endloop
  endfacet
  facet normal 0 -1 0
    outer loop
      vertex 82.5 0 109
      vertex 77.75 0 112
      vertex 77.7392 0 111.779
    endloop
  endfacet
  facet normal 0 -1 0
    outer loop
      vertex 82.5 0 109
      vertex 77.7392 0 111.779
      vertex 77.7068 0 111.561
    endloop
  endfacet
  facet normal 0 -1 0
    outer loop
      vertex 82.5 0 109
      vertex 77.7068 0 111.561
      vertex 77.6531 0 111.347
    endloop
  endfacet
  facet normal 0 -1 0
    outer loop
      vertex 82.5 0 109
      vertex 77.6531 0 111.347
      vertex 77.5787 0 111.139
    endloop
  endfacet
  facet normal 0 -1 0
    outer loop
      vertex 82.5 0 109
      vertex 77.5787 0 111.139
      vertex 77.4843 0 110.939
    endloop
  endfacet
  facet normal 0 -1 0
    outer loop
      vertex 82.5 0 109
      vertex 77.4843 0 110.939
      vertex 77.3708 0 110.75
    endloop
  endfacet
  facet normal 0 -1 0
    outer loop
      vertex 82.5 0 109
      vertex 77.3708 0 110.75
      vertex 77.2393 0 110.573
    endloop
  endfacet
  facet normal 0 -1 0
    outer loop
      vertex 82.5 0 109
      vertex 77.2393 0 110.573
      vertex 77.091 0 110.409
    endloop
  endfacet
  facet normal 0 -1 0
    outer loop
      vertex 82.5 0 109
      vertex 77.091 0 110.409
      vertex 76.9274 0 110.261
    endloop
  endfacet
  facet normal 0 -1 0
    outer loop
      vertex 77.75 0 112
      vertex 82.5 0 109
      vertex 82.5 0 115
    endloop
  endfacet
  facet normal 0 -1 0
    outer loop
      vertex 76.75 0 110.129
      vertex 82.5 0 109
      vertex 76.9274 0 110.261
    endloop
  endfacet
  facet normal 0 -1 0
    outer loop
      vertex 76.5606 0 110.016
      vertex 82.5 0 109
      vertex 76.75 0 110.129
    endloop
  endfacet
  facet normal 0 -1 0
    outer loop
      vertex 76.361 0 109.921
      vertex 82.5 0 109
      vertex 76.5606 0 110.016
    endloop
  endfacet
  facet normal 0 -1 0
    outer loop
      vertex 76.1531 0 109.847
      vertex 82.5 0 109
      vertex 76.361 0 109.921
    endloop
  endfacet
  facet normal 0 -1 0
    outer loop
      vertex 75.9389 0 109.793
      vertex 82.5 0 109
      vertex 76.1531 0 109.847
    endloop
  endfacet
  facet normal 0 -1 0
    outer loop
      vertex 75.7205 0 109.761
      vertex 82.5 0 109
      vertex 75.9389 0 109.793
    endloop
  endfacet
  facet normal 0 -1 0
    outer loop
      vertex 68.5 0 88
      vertex 75.7205 0 109.761
      vertex 75.5 0 109.75
    endloop
  endfacet
  facet normal 0 -1 0
    outer loop
      vertex -42 0 113.215
      vertex -36 0 106.823
      vertex -41 0 115.483
    endloop
  endfacet
  facet normal -0 -1 0
    outer loop
      vertex -36 0 106.823
      vertex -42 0 113.215
      vertex -37 0 104.555
    endloop
  endfacet
  facet normal 0 -1 0
    outer loop
      vertex -30 0 113.215
      vertex -24 0 106.823
      vertex -29 0 115.483
    endloop
  endfacet
  facet normal -0 -1 0
    outer loop
      vertex -24 0 106.823
      vertex -30 0 113.215
      vertex -25 0 104.555
    endloop
  endfacet
  facet normal 0 -1 0
    outer loop
      vertex -18 0 113.215
      vertex -12 0 106.823
      vertex -17 0 115.483
    endloop
  endfacet
  facet normal -0 -1 0
    outer loop
      vertex -12 0 106.823
      vertex -18 0 113.215
      vertex -13 0 104.555
    endloop
  endfacet
  facet normal 0 -1 0
    outer loop
      vertex -6 0 113.215
      vertex 0 0 106.823
      vertex -5 0 115.483
    endloop
  endfacet
  facet normal -0 -1 0
    outer loop
      vertex 0 0 106.823
      vertex -6 0 113.215
      vertex -1 0 104.555
    endloop
  endfacet
  facet normal 0 -1 0
    outer loop
      vertex 6 0 113.215
      vertex 12 0 106.823
      vertex 7 0 115.483
    endloop
  endfacet
  facet normal -0 -1 0
    outer loop
      vertex 12 0 106.823
      vertex 6 0 113.215
      vertex 11 0 104.555
    endloop
  endfacet
  facet normal 0 -1 0
    outer loop
      vertex 18 0 113.215
      vertex 24 0 106.823
      vertex 19 0 115.483
    endloop
  endfacet
  facet normal -0 -1 0
    outer loop
      vertex 24 0 106.823
      vertex 18 0 113.215
      vertex 23 0 104.555
    endloop
  endfacet
  facet normal 0 -1 0
    outer loop
      vertex 30 0 113.215
      vertex 36 0 106.823
      vertex 31 0 115.483
    endloop
  endfacet
  facet normal -0 -1 0
    outer loop
      vertex 36 0 106.823
      vertex 30 0 113.215
      vertex 35 0 104.555
    endloop
  endfacet
  facet normal 0 -1 0
    outer loop
      vertex 42 0 113.215
      vertex 48 0 106.823
      vertex 43 0 115.483
    endloop
  endfacet
  facet normal -0 -1 0
    outer loop
      vertex 48 0 106.823
      vertex 42 0 113.215
      vertex 47 0 104.555
    endloop
  endfacet
  facet normal 0 -1 0
    outer loop
      vertex 53 0 120.163
      vertex 73.5157 0 113.061
      vertex 73.6292 0 113.25
    endloop
  endfacet
  facet normal 0 -1 0
    outer loop
      vertex 54 0 113.215
      vertex 73.4213 0 112.861
      vertex 73.5157 0 113.061
    endloop
  endfacet
  facet normal 0 -1 0
    outer loop
      vertex 54 0 113.215
      vertex 73.3469 0 112.653
      vertex 73.4213 0 112.861
    endloop
  endfacet
  facet normal 0 -1 0
    outer loop
      vertex 54 0 113.215
      vertex 73.2932 0 112.439
      vertex 73.3469 0 112.653
    endloop
  endfacet
  facet normal 0 -1 0
    outer loop
      vertex 54 0 113.215
      vertex 73.2608 0 112.221
      vertex 73.2932 0 112.439
    endloop
  endfacet
  facet normal 0 -1 0
    outer loop
      vertex 59 0 104.555
      vertex 73.2608 0 112.221
      vertex 54 0 113.215
    endloop
  endfacet
  facet normal 0 -1 0
    outer loop
      vertex 73.2608 0 112.221
      vertex 59 0 104.555
      vertex 73.25 0 112
    endloop
  endfacet
  facet normal 0 -1 -0
    outer loop
      vertex 73.25 0 112
      vertex 59 0 104.555
      vertex 73.2608 0 111.779
    endloop
  endfacet
  facet normal 0 -1 -0
    outer loop
      vertex 73.2608 0 111.779
      vertex 59 0 104.555
      vertex 73.2932 0 111.561
    endloop
  endfacet
  facet normal 0 -1 -0
    outer loop
      vertex 73.2932 0 111.561
      vertex 59 0 104.555
      vertex 73.3469 0 111.347
    endloop
  endfacet
  facet normal 0 -1 -0
    outer loop
      vertex 73.3469 0 111.347
      vertex 59 0 104.555
      vertex 73.4213 0 111.139
    endloop
  endfacet
  facet normal 0 -1 -0
    outer loop
      vertex 73.4213 0 111.139
      vertex 59 0 104.555
      vertex 73.5157 0 110.939
    endloop
  endfacet
  facet normal 0 -1 -0
    outer loop
      vertex 73.5157 0 110.939
      vertex 59 0 104.555
      vertex 73.6292 0 110.75
    endloop
  endfacet
  facet normal 0 -1 -0
    outer loop
      vertex 73.6292 0 110.75
      vertex 59 0 104.555
      vertex 73.7607 0 110.573
    endloop
  endfacet
  facet normal 0 -1 -0
    outer loop
      vertex 73.7607 0 110.573
      vertex 59 0 104.555
      vertex 73.909 0 110.409
    endloop
  endfacet
  facet normal 0 -1 -0
    outer loop
      vertex 73.909 0 110.409
      vertex 59 0 104.555
      vertex 74.0726 0 110.261
    endloop
  endfacet
  facet normal 0 -1 -0
    outer loop
      vertex 74.0726 0 110.261
      vertex 59 0 104.555
      vertex 74.25 0 110.129
    endloop
  endfacet
  facet normal 0 -1 0
    outer loop
      vertex 59 0 99.8757
      vertex 74.25 0 110.129
      vertex 59 0 104.555
    endloop
  endfacet
  facet normal 0 -1 -0
    outer loop
      vertex 74.25 0 110.129
      vertex 59 0 99.8757
      vertex 74.4394 0 110.016
    endloop
  endfacet
  facet normal 0 -1 -0
    outer loop
      vertex 74.4394 0 110.016
      vertex 59 0 99.8757
      vertex 74.639 0 109.921
    endloop
  endfacet
  facet normal 0 -1 0
    outer loop
      vertex 68.5 0 88
      vertex 75.5 0 109.75
      vertex 75.2795 0 109.761
    endloop
  endfacet
  facet normal 0 -1 0
    outer loop
      vertex 68.5 0 88
      vertex 74.639 0 109.921
      vertex 59 0 99.8757
    endloop
  endfacet
  facet normal 0 -1 -0
    outer loop
      vertex 74.639 0 109.921
      vertex 68.5 0 88
      vertex 74.8469 0 109.847
    endloop
  endfacet
  facet normal 0 -1 -0
    outer loop
      vertex 74.8469 0 109.847
      vertex 68.5 0 88
      vertex 75.0611 0 109.793
    endloop
  endfacet
  facet normal 0 -1 -0
    outer loop
      vertex 75.0611 0 109.793
      vertex 68.5 0 88
      vertex 75.2795 0 109.761
    endloop
  endfacet
  facet normal 0 -1 0
    outer loop
      vertex 68.5 0 88
      vertex 59 0 99.8757
      vertex 54 0 91.2154
    endloop
  endfacet
  facet normal 0 -1 0
    outer loop
      vertex 68.5 0 88
      vertex 54 0 91.2154
      vertex 53 0 88.9474
    endloop
  endfacet
  facet normal 0 -1 -0
    outer loop
      vertex 75.7205 0 109.761
      vertex 68.5 0 88
      vertex 82.5 0 109
    endloop
  endfacet
  facet normal 0 -1 0
    outer loop
      vertex 53 0 84.268
      vertex 68.5 0 88
      vertex 53 0 88.9474
    endloop
  endfacet
  facet normal 0 -1 0
    outer loop
      vertex 54 0 82
      vertex 68.5 0 88
      vertex 53 0 84.268
    endloop
  endfacet
  facet normal 0 -1 0
    outer loop
      vertex 59 0 73.3397
      vertex 68.5 0 88
      vertex 54 0 82
    endloop
  endfacet
  facet normal 0 -1 0
    outer loop
      vertex 59 0 68.6603
      vertex 68.5 0 88
      vertex 59 0 73.3397
    endloop
  endfacet
  facet normal 0 -1 0
    outer loop
      vertex 68.5 0 54
      vertex 54 0 60
      vertex 53 0 57.732
    endloop
  endfacet
  facet normal 0 -1 0
    outer loop
      vertex 59 0 68.6603
      vertex 68.5 0 54
      vertex 68.5 0 88
    endloop
  endfacet
  facet normal 0 -1 0
    outer loop
      vertex 54 0 60
      vertex 68.5 0 54
      vertex 59 0 68.6603
    endloop
  endfacet
  facet normal 0 -1 0
    outer loop
      vertex 53 0 53.0526
      vertex 68.5 0 54
      vertex 53 0 57.732
    endloop
  endfacet
  facet normal 0 -1 0
    outer loop
      vertex 54 0 50.7846
      vertex 68.5 0 54
      vertex 53 0 53.0526
    endloop
  endfacet
  facet normal 0 -1 0
    outer loop
      vertex 59 0 42.1243
      vertex 68.5 0 54
      vertex 54 0 50.7846
    endloop
  endfacet
  facet normal 0 -1 0
    outer loop
      vertex 74.25 0 31.8708
      vertex 59 0 42.1243
      vertex 59 0 37.4449
    endloop
  endfacet
  facet normal -0 -1 0
    outer loop
      vertex 74.639 0 32.0787
      vertex 59 0 42.1243
      vertex 74.4394 0 31.9843
    endloop
  endfacet
  facet normal 0 -1 0
    outer loop
      vertex 75.7205 0 32.2392
      vertex 68.5 0 54
      vertex 75.5 0 32.25
    endloop
  endfacet
  facet normal 0 -1 0
    outer loop
      vertex 68.5 0 54
      vertex 75.2795 0 32.2392
      vertex 75.5 0 32.25
    endloop
  endfacet
  facet normal 0 -1 0
    outer loop
      vertex 68.5 0 54
      vertex 75.0611 0 32.2068
      vertex 75.2795 0 32.2392
    endloop
  endfacet
  facet normal 0 -1 0
    outer loop
      vertex 68.5 0 54
      vertex 74.8469 0 32.1531
      vertex 75.0611 0 32.2068
    endloop
  endfacet
  facet normal 0 -1 0
    outer loop
      vertex 68.5 0 54
      vertex 74.639 0 32.0787
      vertex 74.8469 0 32.1531
    endloop
  endfacet
  facet normal 0 -1 0
    outer loop
      vertex 59 0 42.1243
      vertex 74.639 0 32.0787
      vertex 68.5 0 54
    endloop
  endfacet
  facet normal 0 -1 0
    outer loop
      vertex 59 0 42.1243
      vertex 74.25 0 31.8708
      vertex 74.4394 0 31.9843
    endloop
  endfacet
  facet normal 0 -1 0
    outer loop
      vertex 59 0 37.4449
      vertex 74.0726 0 31.7393
      vertex 74.25 0 31.8708
    endloop
  endfacet
  facet normal 0 -1 0
    outer loop
      vertex 59 0 37.4449
      vertex 73.909 0 31.591
      vertex 74.0726 0 31.7393
    endloop
  endfacet
  facet normal 0 -1 0
    outer loop
      vertex 59 0 37.4449
      vertex 73.7607 0 31.4274
      vertex 73.909 0 31.591
    endloop
  endfacet
  facet normal 0 -1 0
    outer loop
      vertex 59 0 37.4449
      vertex 73.6292 0 31.25
      vertex 73.7607 0 31.4274
    endloop
  endfacet
  facet normal 0 -1 0
    outer loop
      vertex 59 0 37.4449
      vertex 73.5157 0 31.0606
      vertex 73.6292 0 31.25
    endloop
  endfacet
  facet normal 0 -1 0
    outer loop
      vertex 59 0 37.4449
      vertex 73.4213 0 30.861
      vertex 73.5157 0 31.0606
    endloop
  endfacet
  facet normal 0 -1 0
    outer loop
      vertex 59 0 37.4449
      vertex 73.3469 0 30.6531
      vertex 73.4213 0 30.861
    endloop
  endfacet
  facet normal 0 -1 0
    outer loop
      vertex 59 0 37.4449
      vertex 73.2932 0 30.439
      vertex 73.3469 0 30.6531
    endloop
  endfacet
  facet normal 0 -1 0
    outer loop
      vertex 59 0 37.4449
      vertex 73.2608 0 30.2205
      vertex 73.2932 0 30.439
    endloop
  endfacet
  facet normal 0 -1 0
    outer loop
      vertex 59 0 37.4449
      vertex 73.25 0 30
      vertex 73.2608 0 30.2205
    endloop
  endfacet
  facet normal 0 -1 0
    outer loop
      vertex 59 0 37.4449
      vertex 73.2608 0 29.7795
      vertex 73.25 0 30
    endloop
  endfacet
  facet normal 0 -1 0
    outer loop
      vertex 54 0 28.7846
      vertex 73.2608 0 29.7795
      vertex 59 0 37.4449
    endloop
  endfacet
  facet normal 0 -1 -0
    outer loop
      vertex 73.2608 0 29.7795
      vertex 54 0 28.7846
      vertex 73.2932 0 29.561
    endloop
  endfacet
  facet normal 0 -1 -0
    outer loop
      vertex 73.2932 0 29.561
      vertex 54 0 28.7846
      vertex 73.3469 0 29.3469
    endloop
  endfacet
  facet normal 0 -1 -0
    outer loop
      vertex 73.3469 0 29.3469
      vertex 54 0 28.7846
      vertex 73.4213 0 29.139
    endloop
  endfacet
  facet normal 0 -1 -0
    outer loop
      vertex 73.4213 0 29.139
      vertex 54 0 28.7846
      vertex 73.5157 0 28.9394
    endloop
  endfacet
  facet normal 0 -1 0
    outer loop
      vertex 53 0 21.8372
      vertex 73.5157 0 28.9394
      vertex 54 0 28.7846
    endloop
  endfacet
  facet normal 0 -1 0
    outer loop
      vertex -68.5 0 54
      vertex -75.7205 0 32.2392
      vertex -75.5 0 32.25
    endloop
  endfacet
  facet normal 0 -1 0
    outer loop
      vertex -82.5 0 33
      vertex -75.9389 0 32.2068
      vertex -75.7205 0 32.2392
    endloop
  endfacet
  facet normal 0 -1 0
    outer loop
      vertex -82.5 0 33
      vertex -76.1531 0 32.1531
      vertex -75.9389 0 32.2068
    endloop
  endfacet
  facet normal 0 -1 0
    outer loop
      vertex -82.5 0 33
      vertex -76.361 0 32.0787
      vertex -76.1531 0 32.1531
    endloop
  endfacet
  facet normal 0 -1 0
    outer loop
      vertex -82.5 0 33
      vertex -76.5606 0 31.9843
      vertex -76.361 0 32.0787
    endloop
  endfacet
  facet normal 0 -1 0
    outer loop
      vertex -82.5 0 33
      vertex -76.75 0 31.8708
      vertex -76.5606 0 31.9843
    endloop
  endfacet
  facet normal 0 -1 0
    outer loop
      vertex -82.5 0 33
      vertex -76.9274 0 31.7393
      vertex -76.75 0 31.8708
    endloop
  endfacet
  facet normal 0 -1 0
    outer loop
      vertex -82.5 0 33
      vertex -77.091 0 31.591
      vertex -76.9274 0 31.7393
    endloop
  endfacet
  facet normal 0 -1 0
    outer loop
      vertex -82.5 0 33
      vertex -77.2393 0 31.4274
      vertex -77.091 0 31.591
    endloop
  endfacet
  facet normal 0 -1 0
    outer loop
      vertex -82.5 0 33
      vertex -77.3708 0 31.25
      vertex -77.2393 0 31.4274
    endloop
  endfacet
  facet normal 0 -1 0
    outer loop
      vertex -82.5 0 33
      vertex -77.4843 0 31.0606
      vertex -77.3708 0 31.25
    endloop
  endfacet
  facet normal 0 -1 0
    outer loop
      vertex -82.5 0 33
      vertex -77.5787 0 30.861
      vertex -77.4843 0 31.0606
    endloop
  endfacet
  facet normal 0 -1 0
    outer loop
      vertex -82.5 0 33
      vertex -77.6531 0 30.6531
      vertex -77.5787 0 30.861
    endloop
  endfacet
  facet normal 0 -1 0
    outer loop
      vertex -82.5 0 33
      vertex -77.7068 0 30.439
      vertex -77.6531 0 30.6531
    endloop
  endfacet
  facet normal 0 -1 0
    outer loop
      vertex -82.5 0 33
      vertex -77.7392 0 30.2205
      vertex -77.7068 0 30.439
    endloop
  endfacet
  facet normal 0 -1 0
    outer loop
      vertex -82.5 0 33
      vertex -77.75 0 30
      vertex -77.7392 0 30.2205
    endloop
  endfacet
  facet normal 0 -1 0
    outer loop
      vertex -82.5 0 27
      vertex -77.75 0 30
      vertex -82.5 0 33
    endloop
  endfacet
  facet normal 0 -1 -0
    outer loop
      vertex -77.75 0 30
      vertex -82.5 0 27
      vertex -77.7392 0 29.7795
    endloop
  endfacet
  facet normal 0 -1 -0
    outer loop
      vertex -77.7392 0 29.7795
      vertex -82.5 0 27
      vertex -77.7068 0 29.561
    endloop
  endfacet
  facet normal 0 -1 -0
    outer loop
      vertex -77.7068 0 29.561
      vertex -82.5 0 27
      vertex -77.6531 0 29.3469
    endloop
  endfacet
  facet normal 0 -1 -0
    outer loop
      vertex -77.6531 0 29.3469
      vertex -82.5 0 27
      vertex -77.5787 0 29.139
    endloop
  endfacet
  facet normal 0 -1 -0
    outer loop
      vertex -77.5787 0 29.139
      vertex -82.5 0 27
      vertex -77.4843 0 28.9394
    endloop
  endfacet
  facet normal 0 -1 -0
    outer loop
      vertex -77.4843 0 28.9394
      vertex -82.5 0 27
      vertex -77.3708 0 28.75
    endloop
  endfacet
  facet normal 0 -1 -0
    outer loop
      vertex -77.3708 0 28.75
      vertex -82.5 0 27
      vertex -77.2393 0 28.5726
    endloop
  endfacet
  facet normal 0 -1 -0
    outer loop
      vertex -77.2393 0 28.5726
      vertex -82.5 0 27
      vertex -77.091 0 28.409
    endloop
  endfacet
  facet normal 0 -1 0
    outer loop
      vertex -68.5 0 6
      vertex -75.7205 0 27.7608
      vertex -82.5 0 27
    endloop
  endfacet
  facet normal 0 -1 -0
    outer loop
      vertex -75.9389 0 27.7932
      vertex -82.5 0 27
      vertex -75.7205 0 27.7608
    endloop
  endfacet
  facet normal 0 -1 -0
    outer loop
      vertex -76.1531 0 27.8469
      vertex -82.5 0 27
      vertex -75.9389 0 27.7932
    endloop
  endfacet
  facet normal 0 -1 -0
    outer loop
      vertex -76.361 0 27.9213
      vertex -82.5 0 27
      vertex -76.1531 0 27.8469
    endloop
  endfacet
  facet normal 0 -1 -0
    outer loop
      vertex -76.5606 0 28.0157
      vertex -82.5 0 27
      vertex -76.361 0 27.9213
    endloop
  endfacet
  facet normal 0 -1 -0
    outer loop
      vertex -76.75 0 28.1292
      vertex -82.5 0 27
      vertex -76.5606 0 28.0157
    endloop
  endfacet
  facet normal 0 -1 -0
    outer loop
      vertex -76.9274 0 28.2607
      vertex -82.5 0 27
      vertex -76.75 0 28.1292
    endloop
  endfacet
  facet normal 0 -1 -0
    outer loop
      vertex -77.091 0 28.409
      vertex -82.5 0 27
      vertex -76.9274 0 28.2607
    endloop
  endfacet
  facet normal 0 -1 0
    outer loop
      vertex -48 0 35.1769
      vertex -42 0 28.7846
      vertex -47 0 37.4449
    endloop
  endfacet
  facet normal -0 -1 0
    outer loop
      vertex -42 0 28.7846
      vertex -48 0 35.1769
      vertex -43 0 26.5166
    endloop
  endfacet
  facet normal 0 -1 0
    outer loop
      vertex -36 0 35.1769
      vertex -30 0 28.7846
      vertex -35 0 37.4449
    endloop
  endfacet
  facet normal -0 -1 0
    outer loop
      vertex -30 0 28.7846
      vertex -36 0 35.1769
      vertex -31 0 26.5166
    endloop
  endfacet
  facet normal 0 -1 0
    outer loop
      vertex -24 0 35.1769
      vertex -18 0 28.7846
      vertex -23 0 37.4449
    endloop
  endfacet
  facet normal -0 -1 0
    outer loop
      vertex -18 0 28.7846
      vertex -24 0 35.1769
      vertex -19 0 26.5166
    endloop
  endfacet
  facet normal 0 -1 0
    outer loop
      vertex -12 0 35.1769
      vertex -6 0 28.7846
      vertex -11 0 37.4449
    endloop
  endfacet
  facet normal -0 -1 0
    outer loop
      vertex -6 0 28.7846
      vertex -12 0 35.1769
      vertex -7 0 26.5166
    endloop
  endfacet
  facet normal 0 -1 0
    outer loop
      vertex 0 0 35.1769
      vertex 6 0 28.7846
      vertex 1 0 37.4449
    endloop
  endfacet
  facet normal -0 -1 0
    outer loop
      vertex 6 0 28.7846
      vertex 0 0 35.1769
      vertex 5 0 26.5166
    endloop
  endfacet
  facet normal 0 -1 0
    outer loop
      vertex 12 0 35.1769
      vertex 18 0 28.7846
      vertex 13 0 37.4449
    endloop
  endfacet
  facet normal -0 -1 0
    outer loop
      vertex 18 0 28.7846
      vertex 12 0 35.1769
      vertex 17 0 26.5166
    endloop
  endfacet
  facet normal 0 -1 0
    outer loop
      vertex 24 0 35.1769
      vertex 30 0 28.7846
      vertex 25 0 37.4449
    endloop
  endfacet
  facet normal -0 -1 0
    outer loop
      vertex 30 0 28.7846
      vertex 24 0 35.1769
      vertex 29 0 26.5166
    endloop
  endfacet
  facet normal 0 -1 0
    outer loop
      vertex 36 0 35.1769
      vertex 42 0 28.7846
      vertex 37 0 37.4449
    endloop
  endfacet
  facet normal -0 -1 0
    outer loop
      vertex 42 0 28.7846
      vertex 36 0 35.1769
      vertex 41 0 26.5166
    endloop
  endfacet
  facet normal 0 -1 0
    outer loop
      vertex 48 0 35.1769
      vertex 54 0 28.7846
      vertex 49 0 37.4449
    endloop
  endfacet
  facet normal 0 -1 -0
    outer loop
      vertex 73.5157 0 28.9394
      vertex 53 0 21.8372
      vertex 73.6292 0 28.75
    endloop
  endfacet
  facet normal 0 -1 -0
    outer loop
      vertex 73.6292 0 28.75
      vertex 53 0 21.8372
      vertex 73.7607 0 28.5726
    endloop
  endfacet
  facet normal 0 -1 -0
    outer loop
      vertex 73.7607 0 28.5726
      vertex 53 0 21.8372
      vertex 73.909 0 28.409
    endloop
  endfacet
  facet normal 0 -1 -0
    outer loop
      vertex 73.909 0 28.409
      vertex 53 0 21.8372
      vertex 74.0726 0 28.2607
    endloop
  endfacet
  facet normal 0 -1 0
    outer loop
      vertex 68.5 0 6
      vertex 74.0726 0 28.2607
      vertex 53 0 21.8372
    endloop
  endfacet
  facet normal 0 -1 -0
    outer loop
      vertex 74.0726 0 28.2607
      vertex 68.5 0 6
      vertex 74.25 0 28.1292
    endloop
  endfacet
  facet normal 0 -1 -0
    outer loop
      vertex 74.25 0 28.1292
      vertex 68.5 0 6
      vertex 74.4394 0 28.0157
    endloop
  endfacet
  facet normal 0 -1 -0
    outer loop
      vertex 74.4394 0 28.0157
      vertex 68.5 0 6
      vertex 74.639 0 27.9213
    endloop
  endfacet
  facet normal 0 -1 -0
    outer loop
      vertex 74.639 0 27.9213
      vertex 68.5 0 6
      vertex 74.8469 0 27.8469
    endloop
  endfacet
  facet normal 0 -1 -0
    outer loop
      vertex 74.8469 0 27.8469
      vertex 68.5 0 6
      vertex 75.0611 0 27.7932
    endloop
  endfacet
  facet normal 0 -1 -0
    outer loop
      vertex 75.0611 0 27.7932
      vertex 68.5 0 6
      vertex 75.2795 0 27.7608
    endloop
  endfacet
  facet normal 0 -1 0
    outer loop
      vertex 53 0 26.5166
      vertex 54 0 28.7846
      vertex 48 0 35.1769
    endloop
  endfacet
  facet normal 0 -1 0
    outer loop
      vertex 53 0 21.8372
      vertex 54 0 28.7846
      vertex 53 0 26.5166
    endloop
  endfacet
  facet normal 0 -1 -0
    outer loop
      vertex 75.2795 0 27.7608
      vertex 68.5 0 6
      vertex 75.5 0 27.75
    endloop
  endfacet
  facet normal 0 -1 0
    outer loop
      vertex 68.5 0 6
      vertex 53 0 21.8372
      vertex 48 0 13.1769
    endloop
  endfacet
  facet normal 0 -1 -0
    outer loop
      vertex 75.5 0 27.75
      vertex 68.5 0 6
      vertex 82.5 0 27
    endloop
  endfacet
  facet normal 0 -1 0
    outer loop
      vertex 24 0 13.1769
      vertex 68.5 0 0
      vertex 36 0 13.1769
    endloop
  endfacet
  facet normal 0 -1 0
    outer loop
      vertex 36 0 13.1769
      vertex 68.5 0 0
      vertex 48 0 13.1769
    endloop
  endfacet
  facet normal 0 -1 0
    outer loop
      vertex 48 0 13.1769
      vertex 68.5 0 0
      vertex 68.5 0 6
    endloop
  endfacet
  facet normal 0 -1 0
    outer loop
      vertex 68.5 0 54
      vertex 75.7205 0 32.2392
      vertex 82.5 0 33
    endloop
  endfacet
  facet normal 0 -1 0
    outer loop
      vertex 75.9389 0 32.2068
      vertex 82.5 0 33
      vertex 75.7205 0 32.2392
    endloop
  endfacet
  facet normal 0 -1 0
    outer loop
      vertex 76.1531 0 32.1531
      vertex 82.5 0 33
      vertex 75.9389 0 32.2068
    endloop
  endfacet
  facet normal 0 -1 0
    outer loop
      vertex 76.361 0 32.0787
      vertex 82.5 0 33
      vertex 76.1531 0 32.1531
    endloop
  endfacet
  facet normal 0 -1 0
    outer loop
      vertex 76.5606 0 31.9843
      vertex 82.5 0 33
      vertex 76.361 0 32.0787
    endloop
  endfacet
  facet normal 0 -1 0
    outer loop
      vertex 76.75 0 31.8708
      vertex 82.5 0 33
      vertex 76.5606 0 31.9843
    endloop
  endfacet
  facet normal 0 -1 0
    outer loop
      vertex 76.9274 0 31.7393
      vertex 82.5 0 33
      vertex 76.75 0 31.8708
    endloop
  endfacet
  facet normal 0 -1 0
    outer loop
      vertex 77.091 0 31.591
      vertex 82.5 0 33
      vertex 76.9274 0 31.7393
    endloop
  endfacet
  facet normal 0 -1 0
    outer loop
      vertex 77.2393 0 31.4274
      vertex 82.5 0 33
      vertex 77.091 0 31.591
    endloop
  endfacet
  facet normal 0 -1 0
    outer loop
      vertex 77.3708 0 31.25
      vertex 82.5 0 33
      vertex 77.2393 0 31.4274
    endloop
  endfacet
  facet normal 0 -1 0
    outer loop
      vertex 77.4843 0 31.0606
      vertex 82.5 0 33
      vertex 77.3708 0 31.25
    endloop
  endfacet
  facet normal 0 -1 0
    outer loop
      vertex 77.5787 0 30.861
      vertex 82.5 0 33
      vertex 77.4843 0 31.0606
    endloop
  endfacet
  facet normal 0 -1 0
    outer loop
      vertex 77.6531 0 30.6531
      vertex 82.5 0 33
      vertex 77.5787 0 30.861
    endloop
  endfacet
  facet normal 0 -1 0
    outer loop
      vertex 77.7068 0 30.439
      vertex 82.5 0 33
      vertex 77.6531 0 30.6531
    endloop
  endfacet
  facet normal 0 -1 0
    outer loop
      vertex 77.7392 0 30.2205
      vertex 82.5 0 33
      vertex 77.7068 0 30.439
    endloop
  endfacet
  facet normal 0 -1 0
    outer loop
      vertex 77.75 0 30
      vertex 82.5 0 33
      vertex 77.7392 0 30.2205
    endloop
  endfacet
  facet normal 0 -1 0
    outer loop
      vertex 82.5 0 27
      vertex 77.75 0 30
      vertex 77.7392 0 29.7795
    endloop
  endfacet
  facet normal 0 -1 0
    outer loop
      vertex 82.5 0 27
      vertex 77.7392 0 29.7795
      vertex 77.7068 0 29.561
    endloop
  endfacet
  facet normal 0 -1 0
    outer loop
      vertex 82.5 0 27
      vertex 77.7068 0 29.561
      vertex 77.6531 0 29.3469
    endloop
  endfacet
  facet normal 0 -1 0
    outer loop
      vertex 82.5 0 27
      vertex 77.6531 0 29.3469
      vertex 77.5787 0 29.139
    endloop
  endfacet
  facet normal 0 -1 0
    outer loop
      vertex 82.5 0 27
      vertex 77.5787 0 29.139
      vertex 77.4843 0 28.9394
    endloop
  endfacet
  facet normal 0 -1 0
    outer loop
      vertex 82.5 0 27
      vertex 77.4843 0 28.9394
      vertex 77.3708 0 28.75
    endloop
  endfacet
  facet normal 0 -1 0
    outer loop
      vertex 82.5 0 27
      vertex 77.3708 0 28.75
      vertex 77.2393 0 28.5726
    endloop
  endfacet
  facet normal 0 -1 0
    outer loop
      vertex 82.5 0 27
      vertex 77.2393 0 28.5726
      vertex 77.091 0 28.409
    endloop
  endfacet
  facet normal 0 -1 0
    outer loop
      vertex 82.5 0 27
      vertex 77.091 0 28.409
      vertex 76.9274 0 28.2607
    endloop
  endfacet
  facet normal 0 -1 0
    outer loop
      vertex 77.75 0 30
      vertex 82.5 0 27
      vertex 82.5 0 33
    endloop
  endfacet
  facet normal 0 -1 0
    outer loop
      vertex 76.75 0 28.1292
      vertex 82.5 0 27
      vertex 76.9274 0 28.2607
    endloop
  endfacet
  facet normal 0 -1 0
    outer loop
      vertex 76.5606 0 28.0157
      vertex 82.5 0 27
      vertex 76.75 0 28.1292
    endloop
  endfacet
  facet normal 0 -1 0
    outer loop
      vertex 76.361 0 27.9213
      vertex 82.5 0 27
      vertex 76.5606 0 28.0157
    endloop
  endfacet
  facet normal 0 -1 0
    outer loop
      vertex 76.1531 0 27.8469
      vertex 82.5 0 27
      vertex 76.361 0 27.9213
    endloop
  endfacet
  facet normal 0 -1 0
    outer loop
      vertex 75.9389 0 27.7932
      vertex 82.5 0 27
      vertex 76.1531 0 27.8469
    endloop
  endfacet
  facet normal 0 -1 0
    outer loop
      vertex 75.7205 0 27.7608
      vertex 82.5 0 27
      vertex 75.9389 0 27.7932
    endloop
  endfacet
  facet normal 0 -1 0
    outer loop
      vertex 82.5 0 27
      vertex 75.7205 0 27.7608
      vertex 75.5 0 27.75
    endloop
  endfacet
  facet normal 0 -1 0
    outer loop
      vertex 48 0 44.3923
      vertex 54 0 50.7846
      vertex 53 0 53.0526
    endloop
  endfacet
  facet normal 0 -1 0
    outer loop
      vertex 49 0 42.1243
      vertex 48 0 44.3923
      vertex 47 0 42.1243
    endloop
  endfacet
  facet normal 0 -1 0
    outer loop
      vertex 48 0 44.3923
      vertex 49 0 42.1243
      vertex 54 0 50.7846
    endloop
  endfacet
  facet normal 0 -1 0
    outer loop
      vertex 47 0 37.4449
      vertex 49 0 42.1243
      vertex 47 0 42.1243
    endloop
  endfacet
  facet normal 0 -1 0
    outer loop
      vertex 47 0 37.4449
      vertex 49 0 37.4449
      vertex 49 0 42.1243
    endloop
  endfacet
  facet normal 0 -1 0
    outer loop
      vertex 47 0 37.4449
      vertex 48 0 35.1769
      vertex 49 0 37.4449
    endloop
  endfacet
  facet normal 0 -1 0
    outer loop
      vertex 42 0 28.7846
      vertex 48 0 35.1769
      vertex 47 0 37.4449
    endloop
  endfacet
  facet normal 0 -1 0
    outer loop
      vertex 43 0 26.5166
      vertex 42 0 28.7846
      vertex 41 0 26.5166
    endloop
  endfacet
  facet normal 0 -1 0
    outer loop
      vertex 42 0 28.7846
      vertex 43 0 26.5166
      vertex 48 0 35.1769
    endloop
  endfacet
  facet normal 0 -1 0
    outer loop
      vertex 41 0 21.8372
      vertex 43 0 26.5166
      vertex 41 0 26.5166
    endloop
  endfacet
  facet normal 0 -1 0
    outer loop
      vertex 41 0 21.8372
      vertex 43 0 21.8372
      vertex 43 0 26.5166
    endloop
  endfacet
  facet normal 0 -1 0
    outer loop
      vertex 36 0 13.1769
      vertex 43 0 21.8372
      vertex 41 0 21.8372
    endloop
  endfacet
  facet normal 0 -1 -0
    outer loop
      vertex 43 0 21.8372
      vertex 36 0 13.1769
      vertex 48 0 13.1769
    endloop
  endfacet
  facet normal 0 -1 0
    outer loop
      vertex -54 0 50.7846
      vertex -48 0 44.3923
      vertex -53 0 53.0526
    endloop
  endfacet
  facet normal -0 -1 0
    outer loop
      vertex -48 0 44.3923
      vertex -54 0 50.7846
      vertex -49 0 42.1243
    endloop
  endfacet
  facet normal 0 -1 0
    outer loop
      vertex -42 0 50.7846
      vertex -36 0 44.3923
      vertex -41 0 53.0526
    endloop
  endfacet
  facet normal -0 -1 0
    outer loop
      vertex -36 0 44.3923
      vertex -42 0 50.7846
      vertex -37 0 42.1243
    endloop
  endfacet
  facet normal 0 -1 0
    outer loop
      vertex -30 0 50.7846
      vertex -24 0 44.3923
      vertex -29 0 53.0526
    endloop
  endfacet
  facet normal -0 -1 0
    outer loop
      vertex -24 0 44.3923
      vertex -30 0 50.7846
      vertex -25 0 42.1243
    endloop
  endfacet
  facet normal 0 -1 0
    outer loop
      vertex -18 0 50.7846
      vertex -12 0 44.3923
      vertex -17 0 53.0526
    endloop
  endfacet
  facet normal -0 -1 0
    outer loop
      vertex -12 0 44.3923
      vertex -18 0 50.7846
      vertex -13 0 42.1243
    endloop
  endfacet
  facet normal 0 -1 0
    outer loop
      vertex -6 0 50.7846
      vertex 0 0 44.3923
      vertex -5 0 53.0526
    endloop
  endfacet
  facet normal -0 -1 0
    outer loop
      vertex 0 0 44.3923
      vertex -6 0 50.7846
      vertex -1 0 42.1243
    endloop
  endfacet
  facet normal 0 -1 0
    outer loop
      vertex 6 0 50.7846
      vertex 12 0 44.3923
      vertex 7 0 53.0526
    endloop
  endfacet
  facet normal -0 -1 0
    outer loop
      vertex 12 0 44.3923
      vertex 6 0 50.7846
      vertex 11 0 42.1243
    endloop
  endfacet
  facet normal 0 -1 0
    outer loop
      vertex 18 0 50.7846
      vertex 24 0 44.3923
      vertex 19 0 53.0526
    endloop
  endfacet
  facet normal -0 -1 0
    outer loop
      vertex 24 0 44.3923
      vertex 18 0 50.7846
      vertex 23 0 42.1243
    endloop
  endfacet
  facet normal 0 -1 0
    outer loop
      vertex 30 0 50.7846
      vertex 36 0 44.3923
      vertex 31 0 53.0526
    endloop
  endfacet
  facet normal -0 -1 0
    outer loop
      vertex 36 0 44.3923
      vertex 30 0 50.7846
      vertex 35 0 42.1243
    endloop
  endfacet
  facet normal 0 -1 0
    outer loop
      vertex 42 0 50.7846
      vertex 48 0 44.3923
      vertex 43 0 53.0526
    endloop
  endfacet
  facet normal -0 -1 0
    outer loop
      vertex 48 0 44.3923
      vertex 42 0 50.7846
      vertex 47 0 42.1243
    endloop
  endfacet
  facet normal 0 -1 0
    outer loop
      vertex 48 0 75.6077
      vertex 54 0 82
      vertex 53 0 84.268
    endloop
  endfacet
  facet normal 0 -1 0
    outer loop
      vertex 49 0 73.3397
      vertex 48 0 75.6077
      vertex 47 0 73.3397
    endloop
  endfacet
  facet normal 0 -1 0
    outer loop
      vertex 48 0 75.6077
      vertex 49 0 73.3397
      vertex 54 0 82
    endloop
  endfacet
  facet normal 0 -1 0
    outer loop
      vertex 47 0 68.6603
      vertex 49 0 73.3397
      vertex 47 0 73.3397
    endloop
  endfacet
  facet normal 0 -1 0
    outer loop
      vertex 47 0 68.6603
      vertex 49 0 68.6603
      vertex 49 0 73.3397
    endloop
  endfacet
  facet normal 0 -1 0
    outer loop
      vertex 47 0 68.6603
      vertex 48 0 66.3923
      vertex 49 0 68.6603
    endloop
  endfacet
  facet normal 0 -1 0
    outer loop
      vertex 42 0 60
      vertex 48 0 66.3923
      vertex 47 0 68.6603
    endloop
  endfacet
  facet normal 0 -1 0
    outer loop
      vertex 43 0 57.732
      vertex 42 0 60
      vertex 41 0 57.732
    endloop
  endfacet
  facet normal 0 -1 0
    outer loop
      vertex 42 0 60
      vertex 43 0 57.732
      vertex 48 0 66.3923
    endloop
  endfacet
  facet normal 0 -1 0
    outer loop
      vertex 41 0 53.0526
      vertex 43 0 57.732
      vertex 41 0 57.732
    endloop
  endfacet
  facet normal 0 -1 0
    outer loop
      vertex 41 0 53.0526
      vertex 43 0 53.0526
      vertex 43 0 57.732
    endloop
  endfacet
  facet normal 0 -1 0
    outer loop
      vertex 41 0 53.0526
      vertex 42 0 50.7846
      vertex 43 0 53.0526
    endloop
  endfacet
  facet normal 0 -1 0
    outer loop
      vertex 36 0 44.3923
      vertex 42 0 50.7846
      vertex 41 0 53.0526
    endloop
  endfacet
  facet normal 0 -1 0
    outer loop
      vertex 37 0 42.1243
      vertex 36 0 44.3923
      vertex 35 0 42.1243
    endloop
  endfacet
  facet normal 0 -1 0
    outer loop
      vertex 36 0 44.3923
      vertex 37 0 42.1243
      vertex 42 0 50.7846
    endloop
  endfacet
  facet normal 0 -1 0
    outer loop
      vertex 35 0 37.4449
      vertex 37 0 42.1243
      vertex 35 0 42.1243
    endloop
  endfacet
  facet normal 0 -1 0
    outer loop
      vertex 35 0 37.4449
      vertex 37 0 37.4449
      vertex 37 0 42.1243
    endloop
  endfacet
  facet normal 0 -1 0
    outer loop
      vertex 35 0 37.4449
      vertex 36 0 35.1769
      vertex 37 0 37.4449
    endloop
  endfacet
  facet normal 0 -1 0
    outer loop
      vertex 30 0 28.7846
      vertex 36 0 35.1769
      vertex 35 0 37.4449
    endloop
  endfacet
  facet normal 0 -1 0
    outer loop
      vertex 31 0 26.5166
      vertex 30 0 28.7846
      vertex 29 0 26.5166
    endloop
  endfacet
  facet normal 0 -1 0
    outer loop
      vertex 30 0 28.7846
      vertex 31 0 26.5166
      vertex 36 0 35.1769
    endloop
  endfacet
  facet normal 0 -1 0
    outer loop
      vertex 29 0 21.8372
      vertex 31 0 26.5166
      vertex 29 0 26.5166
    endloop
  endfacet
  facet normal 0 -1 0
    outer loop
      vertex 29 0 21.8372
      vertex 31 0 21.8372
      vertex 31 0 26.5166
    endloop
  endfacet
  facet normal 0 -1 0
    outer loop
      vertex 24 0 13.1769
      vertex 31 0 21.8372
      vertex 29 0 21.8372
    endloop
  endfacet
  facet normal 0 -1 -0
    outer loop
      vertex 31 0 21.8372
      vertex 24 0 13.1769
      vertex 36 0 13.1769
    endloop
  endfacet
  facet normal 0 -1 0
    outer loop
      vertex -54 0 82
      vertex -48 0 75.6077
      vertex -53 0 84.268
    endloop
  endfacet
  facet normal -0 -1 0
    outer loop
      vertex -48 0 75.6077
      vertex -54 0 82
      vertex -49 0 73.3397
    endloop
  endfacet
  facet normal 0 -1 0
    outer loop
      vertex -42 0 82
      vertex -36 0 75.6077
      vertex -41 0 84.268
    endloop
  endfacet
  facet normal -0 -1 0
    outer loop
      vertex -36 0 75.6077
      vertex -42 0 82
      vertex -37 0 73.3397
    endloop
  endfacet
  facet normal 0 -1 0
    outer loop
      vertex -30 0 82
      vertex -24 0 75.6077
      vertex -29 0 84.268
    endloop
  endfacet
  facet normal -0 -1 0
    outer loop
      vertex -24 0 75.6077
      vertex -30 0 82
      vertex -25 0 73.3397
    endloop
  endfacet
  facet normal 0 -1 0
    outer loop
      vertex -18 0 82
      vertex -12 0 75.6077
      vertex -17 0 84.268
    endloop
  endfacet
  facet normal -0 -1 0
    outer loop
      vertex -12 0 75.6077
      vertex -18 0 82
      vertex -13 0 73.3397
    endloop
  endfacet
  facet normal 0 -1 0
    outer loop
      vertex -6 0 82
      vertex 0 0 75.6077
      vertex -5 0 84.268
    endloop
  endfacet
  facet normal -0 -1 0
    outer loop
      vertex 0 0 75.6077
      vertex -6 0 82
      vertex -1 0 73.3397
    endloop
  endfacet
  facet normal 0 -1 0
    outer loop
      vertex 6 0 82
      vertex 12 0 75.6077
      vertex 7 0 84.268
    endloop
  endfacet
  facet normal -0 -1 0
    outer loop
      vertex 12 0 75.6077
      vertex 6 0 82
      vertex 11 0 73.3397
    endloop
  endfacet
  facet normal 0 -1 0
    outer loop
      vertex 18 0 82
      vertex 24 0 75.6077
      vertex 19 0 84.268
    endloop
  endfacet
  facet normal -0 -1 0
    outer loop
      vertex 24 0 75.6077
      vertex 18 0 82
      vertex 23 0 73.3397
    endloop
  endfacet
  facet normal 0 -1 0
    outer loop
      vertex 30 0 82
      vertex 36 0 75.6077
      vertex 31 0 84.268
    endloop
  endfacet
  facet normal -0 -1 0
    outer loop
      vertex 36 0 75.6077
      vertex 30 0 82
      vertex 35 0 73.3397
    endloop
  endfacet
  facet normal 0 -1 0
    outer loop
      vertex 42 0 82
      vertex 48 0 75.6077
      vertex 43 0 84.268
    endloop
  endfacet
  facet normal -0 -1 0
    outer loop
      vertex 48 0 75.6077
      vertex 42 0 82
      vertex 47 0 73.3397
    endloop
  endfacet
  facet normal 0 -1 0
    outer loop
      vertex -48 0 66.3923
      vertex -42 0 60
      vertex -47 0 68.6603
    endloop
  endfacet
  facet normal -0 -1 0
    outer loop
      vertex -42 0 60
      vertex -48 0 66.3923
      vertex -43 0 57.732
    endloop
  endfacet
  facet normal 0 -1 0
    outer loop
      vertex -36 0 66.3923
      vertex -30 0 60
      vertex -35 0 68.6603
    endloop
  endfacet
  facet normal -0 -1 0
    outer loop
      vertex -30 0 60
      vertex -36 0 66.3923
      vertex -31 0 57.732
    endloop
  endfacet
  facet normal 0 -1 0
    outer loop
      vertex -24 0 66.3923
      vertex -18 0 60
      vertex -23 0 68.6603
    endloop
  endfacet
  facet normal -0 -1 0
    outer loop
      vertex -18 0 60
      vertex -24 0 66.3923
      vertex -19 0 57.732
    endloop
  endfacet
  facet normal 0 -1 0
    outer loop
      vertex -12 0 66.3923
      vertex -6 0 60
      vertex -11 0 68.6603
    endloop
  endfacet
  facet normal -0 -1 0
    outer loop
      vertex -6 0 60
      vertex -12 0 66.3923
      vertex -7 0 57.732
    endloop
  endfacet
  facet normal 0 -1 0
    outer loop
      vertex 0 0 66.3923
      vertex 6 0 60
      vertex 1 0 68.6603
    endloop
  endfacet
  facet normal -0 -1 0
    outer loop
      vertex 6 0 60
      vertex 0 0 66.3923
      vertex 5 0 57.732
    endloop
  endfacet
  facet normal 0 -1 0
    outer loop
      vertex 12 0 66.3923
      vertex 18 0 60
      vertex 13 0 68.6603
    endloop
  endfacet
  facet normal -0 -1 0
    outer loop
      vertex 18 0 60
      vertex 12 0 66.3923
      vertex 17 0 57.732
    endloop
  endfacet
  facet normal 0 -1 0
    outer loop
      vertex 24 0 66.3923
      vertex 30 0 60
      vertex 25 0 68.6603
    endloop
  endfacet
  facet normal -0 -1 0
    outer loop
      vertex 30 0 60
      vertex 24 0 66.3923
      vertex 29 0 57.732
    endloop
  endfacet
  facet normal 0 -1 0
    outer loop
      vertex 36 0 66.3923
      vertex 42 0 60
      vertex 37 0 68.6603
    endloop
  endfacet
  facet normal -0 -1 0
    outer loop
      vertex 42 0 60
      vertex 36 0 66.3923
      vertex 41 0 57.732
    endloop
  endfacet
  facet normal 0 -1 0
    outer loop
      vertex 48 0 66.3923
      vertex 54 0 60
      vertex 49 0 68.6603
    endloop
  endfacet
  facet normal -0 -1 0
    outer loop
      vertex 54 0 60
      vertex 48 0 66.3923
      vertex 53 0 57.732
    endloop
  endfacet
  facet normal 0 -1 0
    outer loop
      vertex -48 0 97.6077
      vertex -42 0 91.2154
      vertex -47 0 99.8757
    endloop
  endfacet
  facet normal -0 -1 0
    outer loop
      vertex -42 0 91.2154
      vertex -48 0 97.6077
      vertex -43 0 88.9474
    endloop
  endfacet
  facet normal 0 -1 0
    outer loop
      vertex -36 0 97.6077
      vertex -30 0 91.2154
      vertex -35 0 99.8757
    endloop
  endfacet
  facet normal -0 -1 0
    outer loop
      vertex -30 0 91.2154
      vertex -36 0 97.6077
      vertex -31 0 88.9474
    endloop
  endfacet
  facet normal 0 -1 0
    outer loop
      vertex -24 0 97.6077
      vertex -18 0 91.2154
      vertex -23 0 99.8757
    endloop
  endfacet
  facet normal -0 -1 0
    outer loop
      vertex -18 0 91.2154
      vertex -24 0 97.6077
      vertex -19 0 88.9474
    endloop
  endfacet
  facet normal 0 -1 0
    outer loop
      vertex -12 0 97.6077
      vertex -6 0 91.2154
      vertex -11 0 99.8757
    endloop
  endfacet
  facet normal -0 -1 0
    outer loop
      vertex -6 0 91.2154
      vertex -12 0 97.6077
      vertex -7 0 88.9474
    endloop
  endfacet
  facet normal 0 -1 0
    outer loop
      vertex 0 0 97.6077
      vertex 6 0 91.2154
      vertex 1 0 99.8757
    endloop
  endfacet
  facet normal -0 -1 0
    outer loop
      vertex 6 0 91.2154
      vertex 0 0 97.6077
      vertex 5 0 88.9474
    endloop
  endfacet
  facet normal 0 -1 0
    outer loop
      vertex 12 0 97.6077
      vertex 18 0 91.2154
      vertex 13 0 99.8757
    endloop
  endfacet
  facet normal -0 -1 0
    outer loop
      vertex 18 0 91.2154
      vertex 12 0 97.6077
      vertex 17 0 88.9474
    endloop
  endfacet
  facet normal 0 -1 0
    outer loop
      vertex 24 0 97.6077
      vertex 30 0 91.2154
      vertex 25 0 99.8757
    endloop
  endfacet
  facet normal -0 -1 0
    outer loop
      vertex 30 0 91.2154
      vertex 24 0 97.6077
      vertex 29 0 88.9474
    endloop
  endfacet
  facet normal 0 -1 0
    outer loop
      vertex 36 0 97.6077
      vertex 42 0 91.2154
      vertex 37 0 99.8757
    endloop
  endfacet
  facet normal -0 -1 0
    outer loop
      vertex 42 0 91.2154
      vertex 36 0 97.6077
      vertex 41 0 88.9474
    endloop
  endfacet
  facet normal 0 -1 0
    outer loop
      vertex 48 0 97.6077
      vertex 54 0 91.2154
      vertex 49 0 99.8757
    endloop
  endfacet
  facet normal -0 -1 0
    outer loop
      vertex 54 0 91.2154
      vertex 48 0 97.6077
      vertex 53 0 88.9474
    endloop
  endfacet
  facet normal 0 1 0
    outer loop
      vertex 68.5 6.5 54
      vertex 75.9647 6.5 34.7272
      vertex 75.5 6.5 34.75
    endloop
  endfacet
  facet normal 0 1 0
    outer loop
      vertex 68.5 6.5 54
      vertex 75.9656 6.5 34.7271
      vertex 75.9647 6.5 34.7272
    endloop
  endfacet
  facet normal 0 1 0
    outer loop
      vertex 68.5 6.5 54
      vertex 76.4258 6.5 34.6589
      vertex 75.9656 6.5 34.7271
    endloop
  endfacet
  facet normal 0 1 0
    outer loop
      vertex 68.5 6.5 54
      vertex 76.4267 6.5 34.6587
      vertex 76.4258 6.5 34.6589
    endloop
  endfacet
  facet normal 0 1 0
    outer loop
      vertex 68.5 6.5 54
      vertex 76.4275 6.5 34.6585
      vertex 76.4267 6.5 34.6587
    endloop
  endfacet
  facet normal 0 1 0
    outer loop
      vertex 68.5 6.5 54
      vertex 76.8789 6.5 34.5455
      vertex 76.4275 6.5 34.6585
    endloop
  endfacet
  facet normal 0 1 0
    outer loop
      vertex 68.5 6.5 54
      vertex 76.8797 6.5 34.5452
      vertex 76.8789 6.5 34.5455
    endloop
  endfacet
  facet normal 0 1 0
    outer loop
      vertex 68.5 6.5 54
      vertex 77.3177 6.5 34.3884
      vertex 76.8797 6.5 34.5452
    endloop
  endfacet
  facet normal 0 1 0
    outer loop
      vertex 82.5 6.5 33
      vertex 77.3177 6.5 34.3884
      vertex 68.5 6.5 54
    endloop
  endfacet
  facet normal 0 1 0
    outer loop
      vertex 77.3177 6.5 34.3884
      vertex 82.5 6.5 33
      vertex 77.7383 6.5 34.1895
    endloop
  endfacet
  facet normal 0 1 0
    outer loop
      vertex 77.7383 6.5 34.1895
      vertex 82.5 6.5 33
      vertex 77.7391 6.5 34.1891
    endloop
  endfacet
  facet normal 0 1 0
    outer loop
      vertex 77.7391 6.5 34.1891
      vertex 82.5 6.5 33
      vertex 78.1382 6.5 33.9499
    endloop
  endfacet
  facet normal 0 1 0
    outer loop
      vertex 78.1382 6.5 33.9499
      vertex 82.5 6.5 33
      vertex 78.139 6.5 33.9495
    endloop
  endfacet
  facet normal 0 1 0
    outer loop
      vertex 78.139 6.5 33.9495
      vertex 82.5 6.5 33
      vertex 78.1397 6.5 33.949
    endloop
  endfacet
  facet normal 0 1 0
    outer loop
      vertex 78.1397 6.5 33.949
      vertex 82.5 6.5 33
      vertex 78.5134 6.5 33.6718
    endloop
  endfacet
  facet normal 0 1 0
    outer loop
      vertex 78.5134 6.5 33.6718
      vertex 82.5 6.5 33
      vertex 78.514 6.5 33.6712
    endloop
  endfacet
  facet normal 0 1 0
    outer loop
      vertex 78.514 6.5 33.6712
      vertex 82.5 6.5 33
      vertex 78.8588 6.5 33.3588
    endloop
  endfacet
  facet normal 0 1 0
    outer loop
      vertex 78.8588 6.5 33.3588
      vertex 82.5 6.5 33
      vertex 79.1712 6.5 33.014
    endloop
  endfacet
  facet normal 0 1 0
    outer loop
      vertex 79.1712 6.5 33.014
      vertex 82.5 6.5 33
      vertex 79.1718 6.5 33.0134
    endloop
  endfacet
  facet normal 0 1 0
    outer loop
      vertex 82.5 6.5 33
      vertex 79.449 6.5 32.6397
      vertex 79.1718 6.5 33.0134
    endloop
  endfacet
  facet normal 0 1 0
    outer loop
      vertex 82.5 6.5 33
      vertex 79.4495 6.5 32.639
      vertex 79.449 6.5 32.6397
    endloop
  endfacet
  facet normal 0 1 0
    outer loop
      vertex 82.5 6.5 33
      vertex 79.4499 6.5 32.6382
      vertex 79.4495 6.5 32.639
    endloop
  endfacet
  facet normal 0 1 0
    outer loop
      vertex 82.5 6.5 33
      vertex 79.6891 6.5 32.2391
      vertex 79.4499 6.5 32.6382
    endloop
  endfacet
  facet normal 0 1 0
    outer loop
      vertex 82.5 6.5 33
      vertex 79.6895 6.5 32.2383
      vertex 79.6891 6.5 32.2391
    endloop
  endfacet
  facet normal 0 1 0
    outer loop
      vertex 82.5 6.5 33
      vertex 79.8884 6.5 31.8177
      vertex 79.6895 6.5 32.2383
    endloop
  endfacet
  facet normal 0 1 0
    outer loop
      vertex 82.5 6.5 33
      vertex 80.0452 6.5 31.3797
      vertex 79.8884 6.5 31.8177
    endloop
  endfacet
  facet normal 0 1 0
    outer loop
      vertex 82.5 6.5 33
      vertex 80.0455 6.5 31.3789
      vertex 80.0452 6.5 31.3797
    endloop
  endfacet
  facet normal 0 1 0
    outer loop
      vertex 82.5 6.5 33
      vertex 80.1585 6.5 30.9275
      vertex 80.0455 6.5 31.3789
    endloop
  endfacet
  facet normal 0 1 0
    outer loop
      vertex 82.5 6.5 33
      vertex 80.1587 6.5 30.9267
      vertex 80.1585 6.5 30.9275
    endloop
  endfacet
  facet normal 0 1 0
    outer loop
      vertex 82.5 6.5 33
      vertex 80.1589 6.5 30.9258
      vertex 80.1587 6.5 30.9267
    endloop
  endfacet
  facet normal 0 1 0
    outer loop
      vertex 82.5 6.5 33
      vertex 80.2271 6.5 30.4656
      vertex 80.1589 6.5 30.9258
    endloop
  endfacet
  facet normal 0 1 0
    outer loop
      vertex 82.5 6.5 33
      vertex 80.2272 6.5 30.4647
      vertex 80.2271 6.5 30.4656
    endloop
  endfacet
  facet normal 0 1 0
    outer loop
      vertex 82.5 6.5 33
      vertex 80.25 6.5 30
      vertex 80.2272 6.5 30.4647
    endloop
  endfacet
  facet normal 0 1 -0
    outer loop
      vertex 82.5 6.5 27
      vertex 80.25 6.5 30
      vertex 82.5 6.5 33
    endloop
  endfacet
  facet normal 0 1 0
    outer loop
      vertex 80.25 6.5 30
      vertex 82.5 6.5 27
      vertex 80.2272 6.5 29.5353
    endloop
  endfacet
  facet normal 0 1 0
    outer loop
      vertex 80.2272 6.5 29.5353
      vertex 82.5 6.5 27
      vertex 80.2271 6.5 29.5344
    endloop
  endfacet
  facet normal 0 1 0
    outer loop
      vertex 80.2271 6.5 29.5344
      vertex 82.5 6.5 27
      vertex 80.1589 6.5 29.0742
    endloop
  endfacet
  facet normal 0 1 0
    outer loop
      vertex 80.1589 6.5 29.0742
      vertex 82.5 6.5 27
      vertex 80.1587 6.5 29.0733
    endloop
  endfacet
  facet normal 0 1 0
    outer loop
      vertex 80.1587 6.5 29.0733
      vertex 82.5 6.5 27
      vertex 80.1585 6.5 29.0725
    endloop
  endfacet
  facet normal 0 1 0
    outer loop
      vertex 80.1585 6.5 29.0725
      vertex 82.5 6.5 27
      vertex 80.0455 6.5 28.6211
    endloop
  endfacet
  facet normal 0 1 0
    outer loop
      vertex 80.0455 6.5 28.6211
      vertex 82.5 6.5 27
      vertex 80.0452 6.5 28.6203
    endloop
  endfacet
  facet normal 0 1 0
    outer loop
      vertex 80.0452 6.5 28.6203
      vertex 82.5 6.5 27
      vertex 79.8884 6.5 28.1823
    endloop
  endfacet
  facet normal 0 1 0
    outer loop
      vertex 79.8884 6.5 28.1823
      vertex 82.5 6.5 27
      vertex 79.6895 6.5 27.7617
    endloop
  endfacet
  facet normal 0 1 0
    outer loop
      vertex 79.6895 6.5 27.7617
      vertex 82.5 6.5 27
      vertex 79.6891 6.5 27.7609
    endloop
  endfacet
  facet normal 0 1 0
    outer loop
      vertex 82.5 6.5 27
      vertex 79.4499 6.5 27.3618
      vertex 79.6891 6.5 27.7609
    endloop
  endfacet
  facet normal 0 1 0
    outer loop
      vertex 82.5 6.5 27
      vertex 79.4495 6.5 27.361
      vertex 79.4499 6.5 27.3618
    endloop
  endfacet
  facet normal 0 1 0
    outer loop
      vertex 82.5 6.5 27
      vertex 79.449 6.5 27.3603
      vertex 79.4495 6.5 27.361
    endloop
  endfacet
  facet normal 0 1 0
    outer loop
      vertex 82.5 6.5 27
      vertex 79.1718 6.5 26.9866
      vertex 79.449 6.5 27.3603
    endloop
  endfacet
  facet normal 0 1 0
    outer loop
      vertex 82.5 6.5 27
      vertex 79.1712 6.5 26.986
      vertex 79.1718 6.5 26.9866
    endloop
  endfacet
  facet normal 0 1 0
    outer loop
      vertex 82.5 6.5 27
      vertex 78.8588 6.5 26.6412
      vertex 79.1712 6.5 26.986
    endloop
  endfacet
  facet normal 0 1 0
    outer loop
      vertex 82.5 6.5 27
      vertex 78.514 6.5 26.3288
      vertex 78.8588 6.5 26.6412
    endloop
  endfacet
  facet normal 0 1 0
    outer loop
      vertex 82.5 6.5 27
      vertex 78.5134 6.5 26.3282
      vertex 78.514 6.5 26.3288
    endloop
  endfacet
  facet normal 0 1 0
    outer loop
      vertex 82.5 6.5 27
      vertex 78.1397 6.5 26.051
      vertex 78.5134 6.5 26.3282
    endloop
  endfacet
  facet normal 0 1 0
    outer loop
      vertex 82.5 6.5 27
      vertex 78.139 6.5 26.0505
      vertex 78.1397 6.5 26.051
    endloop
  endfacet
  facet normal 0 1 0
    outer loop
      vertex 82.5 6.5 27
      vertex 78.1382 6.5 26.0501
      vertex 78.139 6.5 26.0505
    endloop
  endfacet
  facet normal 0 1 0
    outer loop
      vertex 82.5 6.5 27
      vertex 77.7391 6.5 25.8109
      vertex 78.1382 6.5 26.0501
    endloop
  endfacet
  facet normal 0 1 0
    outer loop
      vertex 82.5 6.5 27
      vertex 77.7383 6.5 25.8105
      vertex 77.7391 6.5 25.8109
    endloop
  endfacet
  facet normal 0 1 0
    outer loop
      vertex 82.5 6.5 27
      vertex 77.3177 6.5 25.6116
      vertex 77.7383 6.5 25.8105
    endloop
  endfacet
  facet normal 0 1 0
    outer loop
      vertex 68.5 6.5 6
      vertex 77.3177 6.5 25.6116
      vertex 82.5 6.5 27
    endloop
  endfacet
  facet normal 0 1 0
    outer loop
      vertex 77.3177 6.5 25.6116
      vertex 68.5 6.5 6
      vertex 76.8797 6.5 25.4548
    endloop
  endfacet
  facet normal 0 1 0
    outer loop
      vertex 68.5 6.5 6
      vertex 76.4258 6.5 25.3411
      vertex 76.4267 6.5 25.3413
    endloop
  endfacet
  facet normal 0 1 0
    outer loop
      vertex 75.5009 6.5 25.25
      vertex 68.5 6.5 6
      vertex 75.5 6.5 25.25
    endloop
  endfacet
  facet normal 0 1 0
    outer loop
      vertex 75.9656 6.5 25.2729
      vertex 68.5 6.5 6
      vertex 75.5009 6.5 25.25
    endloop
  endfacet
  facet normal 0 1 0
    outer loop
      vertex 76.4258 6.5 25.3411
      vertex 68.5 6.5 6
      vertex 75.9656 6.5 25.2729
    endloop
  endfacet
  facet normal 0 1 0
    outer loop
      vertex 76.4275 6.5 25.3415
      vertex 68.5 6.5 6
      vertex 76.4267 6.5 25.3413
    endloop
  endfacet
  facet normal 0 1 0
    outer loop
      vertex 76.8789 6.5 25.4545
      vertex 68.5 6.5 6
      vertex 76.4275 6.5 25.3415
    endloop
  endfacet
  facet normal 0 1 0
    outer loop
      vertex 76.8797 6.5 25.4548
      vertex 68.5 6.5 6
      vertex 76.8789 6.5 25.4545
    endloop
  endfacet
  facet normal 0 1 -0
    outer loop
      vertex 75.0353 6.5 34.7272
      vertex 68.5 6.5 54
      vertex 75.5 6.5 34.75
    endloop
  endfacet
  facet normal 0 1 -0
    outer loop
      vertex 75.0344 6.5 34.7271
      vertex 68.5 6.5 54
      vertex 75.0353 6.5 34.7272
    endloop
  endfacet
  facet normal 0 1 -0
    outer loop
      vertex 74.5742 6.5 34.6589
      vertex 68.5 6.5 54
      vertex 75.0344 6.5 34.7271
    endloop
  endfacet
  facet normal 0 1 -0
    outer loop
      vertex 74.5733 6.5 34.6587
      vertex 68.5 6.5 54
      vertex 74.5742 6.5 34.6589
    endloop
  endfacet
  facet normal 0 1 -0
    outer loop
      vertex 74.5725 6.5 34.6585
      vertex 68.5 6.5 54
      vertex 74.5733 6.5 34.6587
    endloop
  endfacet
  facet normal 0 1 -0
    outer loop
      vertex 74.1211 6.5 34.5455
      vertex 68.5 6.5 54
      vertex 74.5725 6.5 34.6585
    endloop
  endfacet
  facet normal 0 1 -0
    outer loop
      vertex 74.1203 6.5 34.5452
      vertex 68.5 6.5 54
      vertex 74.1211 6.5 34.5455
    endloop
  endfacet
  facet normal 0 1 -0
    outer loop
      vertex 73.6823 6.5 34.3884
      vertex 68.5 6.5 54
      vertex 74.1203 6.5 34.5452
    endloop
  endfacet
  facet normal 0 1 -0
    outer loop
      vertex 73.2617 6.5 34.1895
      vertex 68.5 6.5 54
      vertex 73.6823 6.5 34.3884
    endloop
  endfacet
  facet normal 0 1 -0
    outer loop
      vertex 73.2609 6.5 34.1891
      vertex 68.5 6.5 54
      vertex 73.2617 6.5 34.1895
    endloop
  endfacet
  facet normal 0 1 -0
    outer loop
      vertex 72.8618 6.5 33.9499
      vertex 68.5 6.5 54
      vertex 73.2609 6.5 34.1891
    endloop
  endfacet
  facet normal 0 1 -0
    outer loop
      vertex 72.861 6.5 33.9495
      vertex 68.5 6.5 54
      vertex 72.8618 6.5 33.9499
    endloop
  endfacet
  facet normal 0 1 -0
    outer loop
      vertex 72.8603 6.5 33.949
      vertex 68.5 6.5 54
      vertex 72.861 6.5 33.9495
    endloop
  endfacet
  facet normal 0 1 -0
    outer loop
      vertex 72.4866 6.5 33.6718
      vertex 68.5 6.5 54
      vertex 72.8603 6.5 33.949
    endloop
  endfacet
  facet normal 0 1 -0
    outer loop
      vertex 72.486 6.5 33.6712
      vertex 68.5 6.5 54
      vertex 72.4866 6.5 33.6718
    endloop
  endfacet
  facet normal 0 1 -0
    outer loop
      vertex 72.1412 6.5 33.3588
      vertex 68.5 6.5 54
      vertex 72.486 6.5 33.6712
    endloop
  endfacet
  facet normal 0 1 -0
    outer loop
      vertex 71.8288 6.5 33.014
      vertex 68.5 6.5 54
      vertex 72.1412 6.5 33.3588
    endloop
  endfacet
  facet normal 0 1 -0
    outer loop
      vertex 71.8282 6.5 33.0134
      vertex 68.5 6.5 54
      vertex 71.8288 6.5 33.014
    endloop
  endfacet
  facet normal 0 1 -0
    outer loop
      vertex 71.551 6.5 32.6397
      vertex 68.5 6.5 54
      vertex 71.8282 6.5 33.0134
    endloop
  endfacet
  facet normal 0 1 -0
    outer loop
      vertex 71.5505 6.5 32.639
      vertex 68.5 6.5 54
      vertex 71.551 6.5 32.6397
    endloop
  endfacet
  facet normal 0 1 -0
    outer loop
      vertex 71.5501 6.5 32.6382
      vertex 68.5 6.5 54
      vertex 71.5505 6.5 32.639
    endloop
  endfacet
  facet normal 0 1 -0
    outer loop
      vertex 71.3109 6.5 32.2391
      vertex 68.5 6.5 54
      vertex 71.5501 6.5 32.6382
    endloop
  endfacet
  facet normal 0 1 -0
    outer loop
      vertex 71.3105 6.5 32.2383
      vertex 68.5 6.5 54
      vertex 71.3109 6.5 32.2391
    endloop
  endfacet
  facet normal 0 1 -0
    outer loop
      vertex 71.1116 6.5 31.8177
      vertex 68.5 6.5 54
      vertex 71.3105 6.5 32.2383
    endloop
  endfacet
  facet normal 0 1 -0
    outer loop
      vertex 70.9548 6.5 31.3797
      vertex 68.5 6.5 54
      vertex 71.1116 6.5 31.8177
    endloop
  endfacet
  facet normal 0 1 -0
    outer loop
      vertex 70.9545 6.5 31.3789
      vertex 68.5 6.5 54
      vertex 70.9548 6.5 31.3797
    endloop
  endfacet
  facet normal 0 1 -0
    outer loop
      vertex 70.8415 6.5 30.9275
      vertex 68.5 6.5 54
      vertex 70.9545 6.5 31.3789
    endloop
  endfacet
  facet normal 0 1 -0
    outer loop
      vertex 70.8413 6.5 30.9267
      vertex 68.5 6.5 54
      vertex 70.8415 6.5 30.9275
    endloop
  endfacet
  facet normal 0 1 -0
    outer loop
      vertex 70.8411 6.5 30.9258
      vertex 68.5 6.5 54
      vertex 70.8413 6.5 30.9267
    endloop
  endfacet
  facet normal 0 1 -0
    outer loop
      vertex 70.7729 6.5 30.4656
      vertex 68.5 6.5 54
      vertex 70.8411 6.5 30.9258
    endloop
  endfacet
  facet normal 0 1 -0
    outer loop
      vertex 70.75 6.5 30.0009
      vertex 68.5 6.5 54
      vertex 70.7729 6.5 30.4656
    endloop
  endfacet
  facet normal 0 1 -0
    outer loop
      vertex 70.75 6.5 30
      vertex 68.5 6.5 54
      vertex 70.75 6.5 30.0009
    endloop
  endfacet
  facet normal 0 1 0
    outer loop
      vertex 68.5 6.5 6
      vertex 70.75 6.5 30
      vertex 70.75 6.5 29.9991
    endloop
  endfacet
  facet normal 0 1 0
    outer loop
      vertex 68.5 6.5 6
      vertex 70.75 6.5 29.9991
      vertex 70.7729 6.5 29.5344
    endloop
  endfacet
  facet normal 0 1 0
    outer loop
      vertex 71.1116 6.5 28.1823
      vertex 70.9545 6.5 28.6211
      vertex 70.9548 6.5 28.6203
    endloop
  endfacet
  facet normal 0 1 0
    outer loop
      vertex 68.5 6.5 6
      vertex 71.5501 6.5 27.3618
      vertex 71.5505 6.5 27.361
    endloop
  endfacet
  facet normal 0 1 0
    outer loop
      vertex 68.5 6.5 6
      vertex 71.551 6.5 27.3603
      vertex 71.8282 6.5 26.9866
    endloop
  endfacet
  facet normal 0 1 0
    outer loop
      vertex 68.5 6.5 6
      vertex 72.8603 6.5 26.051
      vertex 72.861 6.5 26.0505
    endloop
  endfacet
  facet normal 0 1 0
    outer loop
      vertex 68.5 6.5 6
      vertex 72.8618 6.5 26.0501
      vertex 73.2609 6.5 25.8109
    endloop
  endfacet
  facet normal 0 1 0
    outer loop
      vertex 68.5 6.5 6
      vertex 74.5742 6.5 25.3411
      vertex 75.0344 6.5 25.2729
    endloop
  endfacet
  facet normal 0 1 0
    outer loop
      vertex 70.75 6.5 30
      vertex 68.5 6.5 6
      vertex 68.5 6.5 54
    endloop
  endfacet
  facet normal 0 1 0
    outer loop
      vertex 70.8411 6.5 29.0742
      vertex 68.5 6.5 6
      vertex 70.7729 6.5 29.5344
    endloop
  endfacet
  facet normal 0 1 0
    outer loop
      vertex 70.8413 6.5 29.0733
      vertex 68.5 6.5 6
      vertex 70.8411 6.5 29.0742
    endloop
  endfacet
  facet normal 0 1 0
    outer loop
      vertex 70.8415 6.5 29.0725
      vertex 68.5 6.5 6
      vertex 70.8413 6.5 29.0733
    endloop
  endfacet
  facet normal 0 1 0
    outer loop
      vertex 70.9545 6.5 28.6211
      vertex 68.5 6.5 6
      vertex 70.8415 6.5 29.0725
    endloop
  endfacet
  facet normal 0 1 0
    outer loop
      vertex 71.1116 6.5 28.1823
      vertex 68.5 6.5 6
      vertex 70.9545 6.5 28.6211
    endloop
  endfacet
  facet normal 0 1 0
    outer loop
      vertex 71.3105 6.5 27.7617
      vertex 68.5 6.5 6
      vertex 71.1116 6.5 28.1823
    endloop
  endfacet
  facet normal 0 1 0
    outer loop
      vertex 71.3109 6.5 27.7609
      vertex 68.5 6.5 6
      vertex 71.3105 6.5 27.7617
    endloop
  endfacet
  facet normal 0 1 0
    outer loop
      vertex 71.5501 6.5 27.3618
      vertex 68.5 6.5 6
      vertex 71.3109 6.5 27.7609
    endloop
  endfacet
  facet normal 0 1 0
    outer loop
      vertex 71.551 6.5 27.3603
      vertex 68.5 6.5 6
      vertex 71.5505 6.5 27.361
    endloop
  endfacet
  facet normal 0 1 0
    outer loop
      vertex 71.8288 6.5 26.986
      vertex 68.5 6.5 6
      vertex 71.8282 6.5 26.9866
    endloop
  endfacet
  facet normal 0 1 0
    outer loop
      vertex 72.1412 6.5 26.6412
      vertex 68.5 6.5 6
      vertex 71.8288 6.5 26.986
    endloop
  endfacet
  facet normal 0 1 0
    outer loop
      vertex 72.486 6.5 26.3288
      vertex 68.5 6.5 6
      vertex 72.1412 6.5 26.6412
    endloop
  endfacet
  facet normal 0 1 0
    outer loop
      vertex 72.4866 6.5 26.3282
      vertex 68.5 6.5 6
      vertex 72.486 6.5 26.3288
    endloop
  endfacet
  facet normal 0 1 0
    outer loop
      vertex 72.8603 6.5 26.051
      vertex 68.5 6.5 6
      vertex 72.4866 6.5 26.3282
    endloop
  endfacet
  facet normal 0 1 0
    outer loop
      vertex 72.8618 6.5 26.0501
      vertex 68.5 6.5 6
      vertex 72.861 6.5 26.0505
    endloop
  endfacet
  facet normal 0 1 0
    outer loop
      vertex 73.2617 6.5 25.8105
      vertex 68.5 6.5 6
      vertex 73.2609 6.5 25.8109
    endloop
  endfacet
  facet normal 0 1 0
    outer loop
      vertex 73.6823 6.5 25.6116
      vertex 68.5 6.5 6
      vertex 73.2617 6.5 25.8105
    endloop
  endfacet
  facet normal 0 1 0
    outer loop
      vertex 74.1203 6.5 25.4548
      vertex 68.5 6.5 6
      vertex 73.6823 6.5 25.6116
    endloop
  endfacet
  facet normal 0 1 0
    outer loop
      vertex 74.1211 6.5 25.4545
      vertex 68.5 6.5 6
      vertex 74.1203 6.5 25.4548
    endloop
  endfacet
  facet normal 0 1 0
    outer loop
      vertex 74.5725 6.5 25.3415
      vertex 68.5 6.5 6
      vertex 74.1211 6.5 25.4545
    endloop
  endfacet
  facet normal 0 1 0
    outer loop
      vertex 74.5733 6.5 25.3413
      vertex 68.5 6.5 6
      vertex 74.5725 6.5 25.3415
    endloop
  endfacet
  facet normal 0 1 0
    outer loop
      vertex 74.5742 6.5 25.3411
      vertex 68.5 6.5 6
      vertex 74.5733 6.5 25.3413
    endloop
  endfacet
  facet normal 0 1 0
    outer loop
      vertex 75.4991 6.5 25.25
      vertex 68.5 6.5 6
      vertex 75.0344 6.5 25.2729
    endloop
  endfacet
  facet normal 0 1 0
    outer loop
      vertex 68.5 6.5 6
      vertex 75.4991 6.5 25.25
      vertex 75.5 6.5 25.25
    endloop
  endfacet
  facet normal 1 0 0
    outer loop
      vertex 68.5 0 54
      vertex 68.5 9.75 65.5359
      vertex 68.5 0 88
    endloop
  endfacet
  facet normal 1 0 0
    outer loop
      vertex 68.5 9.75 65.5359
      vertex 68.5 0 54
      vertex 68.5 6.5 54
    endloop
  endfacet
  facet normal 1 -0 0
    outer loop
      vertex 68.5 26.75 42.9808
      vertex 68.5 32.75 36.5885
      vertex 68.5 27.75 45.2487
    endloop
  endfacet
  facet normal 1 0 0
    outer loop
      vertex 68.5 32.75 36.5885
      vertex 68.5 26.75 42.9808
      vertex 68.5 31.75 34.3205
    endloop
  endfacet
  facet normal 1 0 0
    outer loop
      vertex 68.5 27.75 49.9282
      vertex 68.5 25.75 49.9282
      vertex 68.5 27.75 45.2487
    endloop
  endfacet
  facet normal 1 0 0
    outer loop
      vertex 68.5 25.75 45.2487
      vertex 68.5 27.75 45.2487
      vertex 68.5 25.75 49.9282
    endloop
  endfacet
  facet normal 1 -0 0
    outer loop
      vertex 68.5 20.75 58.5885
      vertex 68.5 26.75 52.1962
      vertex 68.5 21.75 60.8564
    endloop
  endfacet
  facet normal 1 0 0
    outer loop
      vertex 68.5 26.75 52.1962
      vertex 68.5 20.75 58.5885
      vertex 68.5 25.75 49.9282
    endloop
  endfacet
  facet normal 1 0 0
    outer loop
      vertex 68.5 21.75 65.5359
      vertex 68.5 19.75 65.5359
      vertex 68.5 21.75 60.8564
    endloop
  endfacet
  facet normal 1 0 0
    outer loop
      vertex 68.5 19.75 60.8564
      vertex 68.5 21.75 60.8564
      vertex 68.5 19.75 65.5359
    endloop
  endfacet
  facet normal 1 -0 0
    outer loop
      vertex 68.5 14.75 74.1962
      vertex 68.5 20.75 67.8038
      vertex 68.5 15.75 76.4641
    endloop
  endfacet
  facet normal 1 0 0
    outer loop
      vertex 68.5 20.75 67.8038
      vertex 68.5 14.75 74.1962
      vertex 68.5 19.75 65.5359
    endloop
  endfacet
  facet normal 1 0 0
    outer loop
      vertex 68.5 14.75 83.4115
      vertex 68.5 14.75 74.1962
      vertex 68.5 15.75 76.4641
    endloop
  endfacet
  facet normal 1 -0 0
    outer loop
      vertex 68.5 6.5 88
      vertex 68.5 14.75 83.4115
      vertex 68.5 9.75 92.0718
    endloop
  endfacet
  facet normal 1 0 0
    outer loop
      vertex 68.5 14.75 83.4115
      vertex 68.5 6.5 88
      vertex 68.5 14.75 74.1962
    endloop
  endfacet
  facet normal 1 0 0
    outer loop
      vertex 68.5 33.75 92.0718
      vertex 68.5 31.75 92.0718
      vertex 68.5 32.75 89.8038
    endloop
  endfacet
  facet normal 1 0 0
    outer loop
      vertex 68.5 26.75 83.4115
      vertex 68.5 32.75 89.8038
      vertex 68.5 31.75 92.0718
    endloop
  endfacet
  facet normal 1 0 0
    outer loop
      vertex 68.5 25.75 81.1436
      vertex 68.5 27.75 81.1436
      vertex 68.5 26.75 83.4115
    endloop
  endfacet
  facet normal 1 0 0
    outer loop
      vertex 68.5 32.75 89.8038
      vertex 68.5 26.75 83.4115
      vertex 68.5 27.75 81.1436
    endloop
  endfacet
  facet normal 1 0 0
    outer loop
      vertex 68.5 33.75 60.8564
      vertex 68.5 31.75 60.8564
      vertex 68.5 32.75 58.5885
    endloop
  endfacet
  facet normal 1 0 0
    outer loop
      vertex 68.5 26.75 52.1962
      vertex 68.5 32.75 58.5885
      vertex 68.5 31.75 60.8564
    endloop
  endfacet
  facet normal 1 0 0
    outer loop
      vertex 68.5 25.75 49.9282
      vertex 68.5 27.75 49.9282
      vertex 68.5 26.75 52.1962
    endloop
  endfacet
  facet normal 1 0 0
    outer loop
      vertex 68.5 32.75 58.5885
      vertex 68.5 26.75 52.1962
      vertex 68.5 27.75 49.9282
    endloop
  endfacet
  facet normal 1 -0 0
    outer loop
      vertex 68.5 14.75 42.9808
      vertex 68.5 20.75 36.5885
      vertex 68.5 15.75 45.2487
    endloop
  endfacet
  facet normal 1 0 0
    outer loop
      vertex 68.5 20.75 36.5885
      vertex 68.5 14.75 42.9808
      vertex 68.5 19.75 34.3205
    endloop
  endfacet
  facet normal 1 0 0
    outer loop
      vertex 68.5 15.75 49.9282
      vertex 68.5 6.5 54
      vertex 68.5 15.75 45.2487
    endloop
  endfacet
  facet normal 1 -0 0
    outer loop
      vertex 68.5 6.5 54
      vertex 68.5 14.75 52.1962
      vertex 68.5 9.75 60.8564
    endloop
  endfacet
  facet normal 1 0 0
    outer loop
      vertex 68.5 15.75 45.2487
      vertex 68.5 6.5 54
      vertex 68.5 14.75 42.9808
    endloop
  endfacet
  facet normal 1 0 0
    outer loop
      vertex 68.5 21.75 92.0718
      vertex 68.5 19.75 92.0718
      vertex 68.5 20.75 89.8038
    endloop
  endfacet
  facet normal 1 0 0
    outer loop
      vertex 68.5 14.75 83.4115
      vertex 68.5 20.75 89.8038
      vertex 68.5 19.75 92.0718
    endloop
  endfacet
  facet normal 1 0 0
    outer loop
      vertex 68.5 15.75 81.1436
      vertex 68.5 14.75 83.4115
      vertex 68.5 15.75 76.4641
    endloop
  endfacet
  facet normal 1 0 0
    outer loop
      vertex 68.5 20.75 89.8038
      vertex 68.5 14.75 83.4115
      vertex 68.5 15.75 81.1436
    endloop
  endfacet
  facet normal 1 0 0
    outer loop
      vertex 68.5 21.75 60.8564
      vertex 68.5 19.75 60.8564
      vertex 68.5 20.75 58.5885
    endloop
  endfacet
  facet normal 1 0 0
    outer loop
      vertex 68.5 14.75 52.1962
      vertex 68.5 20.75 58.5885
      vertex 68.5 19.75 60.8564
    endloop
  endfacet
  facet normal 1 0 0
    outer loop
      vertex 68.5 6.5 54
      vertex 68.5 15.75 49.9282
      vertex 68.5 14.75 52.1962
    endloop
  endfacet
  facet normal 1 0 0
    outer loop
      vertex 68.5 20.75 58.5885
      vertex 68.5 14.75 52.1962
      vertex 68.5 15.75 49.9282
    endloop
  endfacet
  facet normal 1 -0 0
    outer loop
      vertex 68.5 38.75 52.1962
      vertex 68.5 43.75 34.3205
      vertex 68.5 43.75 60.8564
    endloop
  endfacet
  facet normal 1 0 0
    outer loop
      vertex 68.5 38.75 52.1962
      vertex 68.5 38.75 42.9808
      vertex 68.5 43.75 34.3205
    endloop
  endfacet
  facet normal 1 0 0
    outer loop
      vertex 68.5 38.75 52.1962
      vertex 68.5 37.75 49.9282
      vertex 68.5 38.75 42.9808
    endloop
  endfacet
  facet normal 1 -0 0
    outer loop
      vertex 68.5 32.75 58.5885
      vertex 68.5 38.75 52.1962
      vertex 68.5 33.75 60.8564
    endloop
  endfacet
  facet normal 1 0 0
    outer loop
      vertex 68.5 38.75 52.1962
      vertex 68.5 32.75 58.5885
      vertex 68.5 37.75 49.9282
    endloop
  endfacet
  facet normal 1 0 0
    outer loop
      vertex 68.5 33.75 65.5359
      vertex 68.5 31.75 65.5359
      vertex 68.5 33.75 60.8564
    endloop
  endfacet
  facet normal 1 0 0
    outer loop
      vertex 68.5 31.75 60.8564
      vertex 68.5 33.75 60.8564
      vertex 68.5 31.75 65.5359
    endloop
  endfacet
  facet normal 1 -0 0
    outer loop
      vertex 68.5 26.75 74.1962
      vertex 68.5 32.75 67.8038
      vertex 68.5 27.75 76.4641
    endloop
  endfacet
  facet normal 1 0 0
    outer loop
      vertex 68.5 32.75 67.8038
      vertex 68.5 26.75 74.1962
      vertex 68.5 31.75 65.5359
    endloop
  endfacet
  facet normal 1 0 0
    outer loop
      vertex 68.5 27.75 81.1436
      vertex 68.5 25.75 81.1436
      vertex 68.5 27.75 76.4641
    endloop
  endfacet
  facet normal 1 0 0
    outer loop
      vertex 68.5 25.75 76.4641
      vertex 68.5 27.75 76.4641
      vertex 68.5 25.75 81.1436
    endloop
  endfacet
  facet normal 1 -0 0
    outer loop
      vertex 68.5 20.75 89.8038
      vertex 68.5 26.75 83.4115
      vertex 68.5 21.75 92.0718
    endloop
  endfacet
  facet normal 1 0 0
    outer loop
      vertex 68.5 26.75 83.4115
      vertex 68.5 20.75 89.8038
      vertex 68.5 25.75 81.1436
    endloop
  endfacet
  facet normal 1 0 0
    outer loop
      vertex 68.5 21.75 96.7513
      vertex 68.5 19.75 96.7513
      vertex 68.5 21.75 92.0718
    endloop
  endfacet
  facet normal 1 0 0
    outer loop
      vertex 68.5 19.75 92.0718
      vertex 68.5 21.75 92.0718
      vertex 68.5 19.75 96.7513
    endloop
  endfacet
  facet normal 1 -0 0
    outer loop
      vertex 68.5 14.75 105.412
      vertex 68.5 20.75 99.0192
      vertex 68.5 15.75 107.68
    endloop
  endfacet
  facet normal 1 0 0
    outer loop
      vertex 68.5 20.75 99.0192
      vertex 68.5 14.75 105.412
      vertex 68.5 19.75 96.7513
    endloop
  endfacet
  facet normal 1 -0 0
    outer loop
      vertex 68.5 38.75 83.4115
      vertex 68.5 43.75 65.5359
      vertex 68.5 43.75 92.0718
    endloop
  endfacet
  facet normal 1 0 0
    outer loop
      vertex 68.5 38.75 83.4115
      vertex 68.5 38.75 74.1962
      vertex 68.5 43.75 65.5359
    endloop
  endfacet
  facet normal 1 0 0
    outer loop
      vertex 68.5 38.75 83.4115
      vertex 68.5 37.75 81.1436
      vertex 68.5 38.75 74.1962
    endloop
  endfacet
  facet normal 1 -0 0
    outer loop
      vertex 68.5 32.75 89.8038
      vertex 68.5 38.75 83.4115
      vertex 68.5 33.75 92.0718
    endloop
  endfacet
  facet normal 1 0 0
    outer loop
      vertex 68.5 38.75 83.4115
      vertex 68.5 32.75 89.8038
      vertex 68.5 37.75 81.1436
    endloop
  endfacet
  facet normal 1 0 0
    outer loop
      vertex 68.5 33.75 96.7513
      vertex 68.5 31.75 96.7513
      vertex 68.5 33.75 92.0718
    endloop
  endfacet
  facet normal 1 0 0
    outer loop
      vertex 68.5 31.75 92.0718
      vertex 68.5 33.75 92.0718
      vertex 68.5 31.75 96.7513
    endloop
  endfacet
  facet normal 1 -0 0
    outer loop
      vertex 68.5 26.75 105.412
      vertex 68.5 32.75 99.0192
      vertex 68.5 27.75 107.68
    endloop
  endfacet
  facet normal 1 0 0
    outer loop
      vertex 68.5 32.75 99.0192
      vertex 68.5 26.75 105.412
      vertex 68.5 31.75 96.7513
    endloop
  endfacet
  facet normal 1 0 0
    outer loop
      vertex 68.5 43.75 92.0718
      vertex 68.5 54.5 142
      vertex 68.5 43.75 96.7513
    endloop
  endfacet
  facet normal 1 -0 0
    outer loop
      vertex 68.5 37.75 112.359
      vertex 68.5 43.75 96.7513
      vertex 68.5 54.5 142
    endloop
  endfacet
  facet normal 1 0 0
    outer loop
      vertex 68.5 43.75 96.7513
      vertex 68.5 37.75 112.359
      vertex 68.5 38.75 105.412
    endloop
  endfacet
  facet normal 1 0 0
    outer loop
      vertex 68.5 54.5 142
      vertex 68.5 32.75 121.019
      vertex 68.5 37.75 112.359
    endloop
  endfacet
  facet normal 1 0 0
    outer loop
      vertex 68.5 25.75 107.68
      vertex 68.5 27.75 107.68
      vertex 68.5 27.75 112.359
    endloop
  endfacet
  facet normal 1 0 0
    outer loop
      vertex 68.5 25.75 107.68
      vertex 68.5 27.75 112.359
      vertex 68.5 25.75 112.359
    endloop
  endfacet
  facet normal 1 0 0
    outer loop
      vertex 68.5 32.75 121.019
      vertex 68.5 25.75 112.359
      vertex 68.5 27.75 112.359
    endloop
  endfacet
  facet normal 1 0 0
    outer loop
      vertex 68.5 32.75 121.019
      vertex 68.5 20.75 121.019
      vertex 68.5 25.75 112.359
    endloop
  endfacet
  facet normal 1 -0 0
    outer loop
      vertex 68.5 6.5 136
      vertex 68.5 32.75 121.019
      vertex 68.5 54.5 142
    endloop
  endfacet
  facet normal 1 0 0
    outer loop
      vertex 68.5 15.75 112.359
      vertex 68.5 14.75 105.412
      vertex 68.5 15.75 107.68
    endloop
  endfacet
  facet normal 1 0 0
    outer loop
      vertex 68.5 15.75 112.359
      vertex 68.5 9.75 96.7513
      vertex 68.5 14.75 105.412
    endloop
  endfacet
  facet normal 1 0 0
    outer loop
      vertex 68.5 6.5 88
      vertex 68.5 9.75 92.0718
      vertex 68.5 9.75 96.7513
    endloop
  endfacet
  facet normal 1 -0 0
    outer loop
      vertex 68.5 0 88
      vertex 68.5 14.75 74.1962
      vertex 68.5 6.5 88
    endloop
  endfacet
  facet normal 1 0 0
    outer loop
      vertex 68.5 14.75 74.1962
      vertex 68.5 0 88
      vertex 68.5 9.75 65.5359
    endloop
  endfacet
  facet normal 1 0 0
    outer loop
      vertex 68.5 14.75 42.9808
      vertex 68.5 6.5 54
      vertex 68.5 9.75 34.3205
    endloop
  endfacet
  facet normal 1 0 0
    outer loop
      vertex 68.5 6.5 88
      vertex 68.5 9.75 96.7513
      vertex 68.5 6.5 136
    endloop
  endfacet
  facet normal 1 0 0
    outer loop
      vertex 68.5 15.75 112.359
      vertex 68.5 6.5 136
      vertex 68.5 9.75 96.7513
    endloop
  endfacet
  facet normal 1 0 0
    outer loop
      vertex 68.5 20.75 121.019
      vertex 68.5 6.5 136
      vertex 68.5 15.75 112.359
    endloop
  endfacet
  facet normal 1 0 0
    outer loop
      vertex 68.5 32.75 121.019
      vertex 68.5 6.5 136
      vertex 68.5 20.75 121.019
    endloop
  endfacet
  facet normal 1 -0 0
    outer loop
      vertex 68.5 0 142
      vertex 68.5 6.5 136
      vertex 68.5 54.5 142
    endloop
  endfacet
  facet normal 1 0 0
    outer loop
      vertex 68.5 6.5 136
      vertex 68.5 0 142
      vertex 68.5 0 136
    endloop
  endfacet
  facet normal 1 0 0
    outer loop
      vertex 68.5 43.75 65.5359
      vertex 68.5 54.5 142
      vertex 68.5 43.75 92.0718
    endloop
  endfacet
  facet normal 1 0 0
    outer loop
      vertex 68.5 54.5 142
      vertex 68.5 43.75 65.5359
      vertex 68.5 54.5 0
    endloop
  endfacet
  facet normal 1 -0 0
    outer loop
      vertex 68.5 43.75 60.8564
      vertex 68.5 54.5 0
      vertex 68.5 43.75 65.5359
    endloop
  endfacet
  facet normal 1 -0 0
    outer loop
      vertex 68.5 43.75 34.3205
      vertex 68.5 54.5 0
      vertex 68.5 43.75 60.8564
    endloop
  endfacet
  facet normal 1 -0 0
    outer loop
      vertex 68.5 43.75 29.6411
      vertex 68.5 54.5 0
      vertex 68.5 43.75 34.3205
    endloop
  endfacet
  facet normal 1 -0 0
    outer loop
      vertex 68.5 38.75 20.9808
      vertex 68.5 54.5 0
      vertex 68.5 43.75 29.6411
    endloop
  endfacet
  facet normal 1 0 0
    outer loop
      vertex 68.5 33.75 34.3205
      vertex 68.5 31.75 34.3205
      vertex 68.5 33.75 29.6411
    endloop
  endfacet
  facet normal 1 0 0
    outer loop
      vertex 68.5 31.75 29.6411
      vertex 68.5 33.75 29.6411
      vertex 68.5 31.75 34.3205
    endloop
  endfacet
  facet normal 1 -0 0
    outer loop
      vertex 68.5 31.75 29.6411
      vertex 68.5 38.75 20.9808
      vertex 68.5 33.75 29.6411
    endloop
  endfacet
  facet normal 1 0 0
    outer loop
      vertex 68.5 26.75 20.9808
      vertex 68.5 38.75 20.9808
      vertex 68.5 31.75 29.6411
    endloop
  endfacet
  facet normal 1 0 0
    outer loop
      vertex 68.5 38.75 20.9808
      vertex 68.5 26.75 20.9808
      vertex 68.5 54.5 0
    endloop
  endfacet
  facet normal 1 0 0
    outer loop
      vertex 68.5 21.75 34.3205
      vertex 68.5 19.75 34.3205
      vertex 68.5 21.75 29.6411
    endloop
  endfacet
  facet normal 1 0 0
    outer loop
      vertex 68.5 19.75 29.6411
      vertex 68.5 21.75 29.6411
      vertex 68.5 19.75 34.3205
    endloop
  endfacet
  facet normal 1 -0 0
    outer loop
      vertex 68.5 19.75 29.6411
      vertex 68.5 26.75 20.9808
      vertex 68.5 21.75 29.6411
    endloop
  endfacet
  facet normal 1 0 0
    outer loop
      vertex 68.5 14.75 20.9808
      vertex 68.5 26.75 20.9808
      vertex 68.5 19.75 29.6411
    endloop
  endfacet
  facet normal 1 0 0
    outer loop
      vertex 68.5 6.5 6
      vertex 68.5 26.75 20.9808
      vertex 68.5 14.75 20.9808
    endloop
  endfacet
  facet normal 1 0 0
    outer loop
      vertex 68.5 9.75 65.5359
      vertex 68.5 6.5 54
      vertex 68.5 9.75 60.8564
    endloop
  endfacet
  facet normal 1 0 0
    outer loop
      vertex 68.5 9.75 34.3205
      vertex 68.5 6.5 54
      vertex 68.5 9.75 29.6411
    endloop
  endfacet
  facet normal 1 0 0
    outer loop
      vertex 68.5 6.5 6
      vertex 68.5 9.75 29.6411
      vertex 68.5 6.5 54
    endloop
  endfacet
  facet normal 1 0 0
    outer loop
      vertex 68.5 6.5 6
      vertex 68.5 14.75 20.9808
      vertex 68.5 9.75 29.6411
    endloop
  endfacet
  facet normal 1 0 0
    outer loop
      vertex 68.5 26.75 20.9808
      vertex 68.5 6.5 6
      vertex 68.5 54.5 0
    endloop
  endfacet
  facet normal 1 0 0
    outer loop
      vertex 68.5 0 0
      vertex 68.5 6.5 6
      vertex 68.5 0 6
    endloop
  endfacet
  facet normal 1 0 0
    outer loop
      vertex 68.5 6.5 6
      vertex 68.5 0 0
      vertex 68.5 54.5 0
    endloop
  endfacet
  facet normal 1 -0 0
    outer loop
      vertex 68.5 37.75 107.68
      vertex 68.5 38.75 105.412
      vertex 68.5 37.75 112.359
    endloop
  endfacet
  facet normal 1 0 0
    outer loop
      vertex 68.5 32.75 99.0192
      vertex 68.5 38.75 105.412
      vertex 68.5 37.75 107.68
    endloop
  endfacet
  facet normal 1 0 0
    outer loop
      vertex 68.5 31.75 96.7513
      vertex 68.5 33.75 96.7513
      vertex 68.5 32.75 99.0192
    endloop
  endfacet
  facet normal 1 0 0
    outer loop
      vertex 68.5 38.75 105.412
      vertex 68.5 32.75 99.0192
      vertex 68.5 33.75 96.7513
    endloop
  endfacet
  facet normal 1 -0 0
    outer loop
      vertex 68.5 37.75 76.4641
      vertex 68.5 38.75 74.1962
      vertex 68.5 37.75 81.1436
    endloop
  endfacet
  facet normal 1 0 0
    outer loop
      vertex 68.5 32.75 67.8038
      vertex 68.5 38.75 74.1962
      vertex 68.5 37.75 76.4641
    endloop
  endfacet
  facet normal 1 0 0
    outer loop
      vertex 68.5 31.75 65.5359
      vertex 68.5 33.75 65.5359
      vertex 68.5 32.75 67.8038
    endloop
  endfacet
  facet normal 1 0 0
    outer loop
      vertex 68.5 38.75 74.1962
      vertex 68.5 32.75 67.8038
      vertex 68.5 33.75 65.5359
    endloop
  endfacet
  facet normal 1 -0 0
    outer loop
      vertex 68.5 37.75 45.2487
      vertex 68.5 38.75 42.9808
      vertex 68.5 37.75 49.9282
    endloop
  endfacet
  facet normal 1 0 0
    outer loop
      vertex 68.5 32.75 36.5885
      vertex 68.5 38.75 42.9808
      vertex 68.5 37.75 45.2487
    endloop
  endfacet
  facet normal 1 0 0
    outer loop
      vertex 68.5 31.75 34.3205
      vertex 68.5 33.75 34.3205
      vertex 68.5 32.75 36.5885
    endloop
  endfacet
  facet normal 1 0 0
    outer loop
      vertex 68.5 38.75 42.9808
      vertex 68.5 32.75 36.5885
      vertex 68.5 33.75 34.3205
    endloop
  endfacet
  facet normal 1 0 0
    outer loop
      vertex 68.5 27.75 107.68
      vertex 68.5 25.75 107.68
      vertex 68.5 26.75 105.412
    endloop
  endfacet
  facet normal 1 0 0
    outer loop
      vertex 68.5 20.75 99.0192
      vertex 68.5 26.75 105.412
      vertex 68.5 25.75 107.68
    endloop
  endfacet
  facet normal 1 0 0
    outer loop
      vertex 68.5 19.75 96.7513
      vertex 68.5 21.75 96.7513
      vertex 68.5 20.75 99.0192
    endloop
  endfacet
  facet normal 1 0 0
    outer loop
      vertex 68.5 26.75 105.412
      vertex 68.5 20.75 99.0192
      vertex 68.5 21.75 96.7513
    endloop
  endfacet
  facet normal 1 0 0
    outer loop
      vertex 68.5 27.75 76.4641
      vertex 68.5 25.75 76.4641
      vertex 68.5 26.75 74.1962
    endloop
  endfacet
  facet normal 1 0 0
    outer loop
      vertex 68.5 20.75 67.8038
      vertex 68.5 26.75 74.1962
      vertex 68.5 25.75 76.4641
    endloop
  endfacet
  facet normal 1 0 0
    outer loop
      vertex 68.5 19.75 65.5359
      vertex 68.5 21.75 65.5359
      vertex 68.5 20.75 67.8038
    endloop
  endfacet
  facet normal 1 0 0
    outer loop
      vertex 68.5 26.75 74.1962
      vertex 68.5 20.75 67.8038
      vertex 68.5 21.75 65.5359
    endloop
  endfacet
  facet normal 1 0 0
    outer loop
      vertex 68.5 27.75 45.2487
      vertex 68.5 25.75 45.2487
      vertex 68.5 26.75 42.9808
    endloop
  endfacet
  facet normal 1 0 0
    outer loop
      vertex 68.5 20.75 36.5885
      vertex 68.5 26.75 42.9808
      vertex 68.5 25.75 45.2487
    endloop
  endfacet
  facet normal 1 0 0
    outer loop
      vertex 68.5 19.75 34.3205
      vertex 68.5 21.75 34.3205
      vertex 68.5 20.75 36.5885
    endloop
  endfacet
  facet normal 1 0 0
    outer loop
      vertex 68.5 26.75 42.9808
      vertex 68.5 20.75 36.5885
      vertex 68.5 21.75 34.3205
    endloop
  endfacet
  facet normal 0.83205 -0 0.5547
    outer loop
      vertex 68.5 0 54
      vertex 82.5 6.5 33
      vertex 68.5 6.5 54
    endloop
  endfacet
  facet normal 0.83205 0 0.5547
    outer loop
      vertex 82.5 6.5 33
      vertex 68.5 0 54
      vertex 82.5 0 33
    endloop
  endfacet
  facet normal 0.83205 0 -0.5547
    outer loop
      vertex 82.5 0 27
      vertex 68.5 6.5 6
      vertex 82.5 6.5 27
    endloop
  endfacet
  facet normal 0.83205 0 -0.5547
    outer loop
      vertex 68.5 6.5 6
      vertex 82.5 0 27
      vertex 68.5 0 6
    endloop
  endfacet
  facet normal 1 -0 0
    outer loop
      vertex 82.5 0 115
      vertex 82.5 6.5 109
      vertex 82.5 6.5 115
    endloop
  endfacet
  facet normal 1 0 0
    outer loop
      vertex 82.5 6.5 109
      vertex 82.5 0 115
      vertex 82.5 0 109
    endloop
  endfacet
  facet normal 0 1 0
    outer loop
      vertex 68.5 6.5 136
      vertex 75.9647 6.5 116.727
      vertex 75.5 6.5 116.75
    endloop
  endfacet
  facet normal 0 1 0
    outer loop
      vertex 68.5 6.5 136
      vertex 75.9656 6.5 116.727
      vertex 75.9647 6.5 116.727
    endloop
  endfacet
  facet normal 0 1 0
    outer loop
      vertex 68.5 6.5 136
      vertex 76.4258 6.5 116.659
      vertex 75.9656 6.5 116.727
    endloop
  endfacet
  facet normal 0 1 0
    outer loop
      vertex 68.5 6.5 136
      vertex 76.4267 6.5 116.659
      vertex 76.4258 6.5 116.659
    endloop
  endfacet
  facet normal 0 1 0
    outer loop
      vertex 68.5 6.5 136
      vertex 76.4275 6.5 116.659
      vertex 76.4267 6.5 116.659
    endloop
  endfacet
  facet normal 0 1 0
    outer loop
      vertex 68.5 6.5 136
      vertex 76.8789 6.5 116.545
      vertex 76.4275 6.5 116.659
    endloop
  endfacet
  facet normal 0 1 0
    outer loop
      vertex 68.5 6.5 136
      vertex 76.8797 6.5 116.545
      vertex 76.8789 6.5 116.545
    endloop
  endfacet
  facet normal 0 1 0
    outer loop
      vertex 68.5 6.5 136
      vertex 77.3177 6.5 116.388
      vertex 76.8797 6.5 116.545
    endloop
  endfacet
  facet normal 0 1 0
    outer loop
      vertex 82.5 6.5 115
      vertex 77.3177 6.5 116.388
      vertex 68.5 6.5 136
    endloop
  endfacet
  facet normal 0 1 0
    outer loop
      vertex 77.3177 6.5 116.388
      vertex 82.5 6.5 115
      vertex 77.7383 6.5 116.189
    endloop
  endfacet
  facet normal 0 -1 0
    outer loop
      vertex 77.7383 6.5 116.189
      vertex 82.5 6.5 115
      vertex 77.7391 6.5 116.189
    endloop
  endfacet
  facet normal 0 1 0
    outer loop
      vertex 77.7391 6.5 116.189
      vertex 82.5 6.5 115
      vertex 78.1382 6.5 115.95
    endloop
  endfacet
  facet normal 0 1 0
    outer loop
      vertex 78.1382 6.5 115.95
      vertex 82.5 6.5 115
      vertex 78.139 6.5 115.949
    endloop
  endfacet
  facet normal 0 -1 0
    outer loop
      vertex 78.139 6.5 115.949
      vertex 82.5 6.5 115
      vertex 78.1397 6.5 115.949
    endloop
  endfacet
  facet normal 0 1 0
    outer loop
      vertex 78.1397 6.5 115.949
      vertex 82.5 6.5 115
      vertex 78.5134 6.5 115.672
    endloop
  endfacet
  facet normal 0 1 0
    outer loop
      vertex 78.5134 6.5 115.672
      vertex 82.5 6.5 115
      vertex 78.514 6.5 115.671
    endloop
  endfacet
  facet normal 0 1 0
    outer loop
      vertex 78.514 6.5 115.671
      vertex 82.5 6.5 115
      vertex 78.8588 6.5 115.359
    endloop
  endfacet
  facet normal 0 1 0
    outer loop
      vertex 78.8588 6.5 115.359
      vertex 82.5 6.5 115
      vertex 79.1712 6.5 115.014
    endloop
  endfacet
  facet normal 0 1 0
    outer loop
      vertex 79.1712 6.5 115.014
      vertex 82.5 6.5 115
      vertex 79.1718 6.5 115.013
    endloop
  endfacet
  facet normal 0 1 0
    outer loop
      vertex 82.5 6.5 115
      vertex 79.449 6.5 114.64
      vertex 79.1718 6.5 115.013
    endloop
  endfacet
  facet normal 0 1 0
    outer loop
      vertex 82.5 6.5 115
      vertex 79.4495 6.5 114.639
      vertex 79.449 6.5 114.64
    endloop
  endfacet
  facet normal 0 1 0
    outer loop
      vertex 82.5 6.5 115
      vertex 79.4499 6.5 114.638
      vertex 79.4495 6.5 114.639
    endloop
  endfacet
  facet normal 0 1 0
    outer loop
      vertex 82.5 6.5 115
      vertex 79.6891 6.5 114.239
      vertex 79.4499 6.5 114.638
    endloop
  endfacet
  facet normal 0 1 0
    outer loop
      vertex 82.5 6.5 115
      vertex 79.6895 6.5 114.238
      vertex 79.6891 6.5 114.239
    endloop
  endfacet
  facet normal 0 1 0
    outer loop
      vertex 82.5 6.5 115
      vertex 79.8884 6.5 113.818
      vertex 79.6895 6.5 114.238
    endloop
  endfacet
  facet normal 0 1 0
    outer loop
      vertex 82.5 6.5 115
      vertex 80.0452 6.5 113.38
      vertex 79.8884 6.5 113.818
    endloop
  endfacet
  facet normal 0 1 0
    outer loop
      vertex 82.5 6.5 115
      vertex 80.0455 6.5 113.379
      vertex 80.0452 6.5 113.38
    endloop
  endfacet
  facet normal 0 1 0
    outer loop
      vertex 82.5 6.5 115
      vertex 80.1585 6.5 112.928
      vertex 80.0455 6.5 113.379
    endloop
  endfacet
  facet normal 0 1 0
    outer loop
      vertex 82.5 6.5 115
      vertex 80.1587 6.5 112.927
      vertex 80.1585 6.5 112.928
    endloop
  endfacet
  facet normal 0 1 0
    outer loop
      vertex 82.5 6.5 115
      vertex 80.1589 6.5 112.926
      vertex 80.1587 6.5 112.927
    endloop
  endfacet
  facet normal 0 1 0
    outer loop
      vertex 82.5 6.5 115
      vertex 80.2271 6.5 112.466
      vertex 80.1589 6.5 112.926
    endloop
  endfacet
  facet normal 0 1 0
    outer loop
      vertex 82.5 6.5 115
      vertex 80.2272 6.5 112.465
      vertex 80.2271 6.5 112.466
    endloop
  endfacet
  facet normal 0 1 0
    outer loop
      vertex 82.5 6.5 115
      vertex 80.25 6.5 112
      vertex 80.2272 6.5 112.465
    endloop
  endfacet
  facet normal 0 1 -0
    outer loop
      vertex 82.5 6.5 109
      vertex 80.25 6.5 112
      vertex 82.5 6.5 115
    endloop
  endfacet
  facet normal 0 1 0
    outer loop
      vertex 80.25 6.5 112
      vertex 82.5 6.5 109
      vertex 80.2272 6.5 111.535
    endloop
  endfacet
  facet normal 0 1 0
    outer loop
      vertex 80.2272 6.5 111.535
      vertex 82.5 6.5 109
      vertex 80.2271 6.5 111.534
    endloop
  endfacet
  facet normal 0 1 0
    outer loop
      vertex 80.2271 6.5 111.534
      vertex 82.5 6.5 109
      vertex 80.1589 6.5 111.074
    endloop
  endfacet
  facet normal 0 1 0
    outer loop
      vertex 80.1589 6.5 111.074
      vertex 82.5 6.5 109
      vertex 80.1587 6.5 111.073
    endloop
  endfacet
  facet normal 0 1 0
    outer loop
      vertex 80.1587 6.5 111.073
      vertex 82.5 6.5 109
      vertex 80.1585 6.5 111.072
    endloop
  endfacet
  facet normal 0 1 0
    outer loop
      vertex 80.1585 6.5 111.072
      vertex 82.5 6.5 109
      vertex 80.0455 6.5 110.621
    endloop
  endfacet
  facet normal 0 1 0
    outer loop
      vertex 80.0455 6.5 110.621
      vertex 82.5 6.5 109
      vertex 80.0452 6.5 110.62
    endloop
  endfacet
  facet normal 0 1 0
    outer loop
      vertex 80.0452 6.5 110.62
      vertex 82.5 6.5 109
      vertex 79.8884 6.5 110.182
    endloop
  endfacet
  facet normal 0 1 0
    outer loop
      vertex 79.8884 6.5 110.182
      vertex 82.5 6.5 109
      vertex 79.6895 6.5 109.762
    endloop
  endfacet
  facet normal 0 1 0
    outer loop
      vertex 79.6895 6.5 109.762
      vertex 82.5 6.5 109
      vertex 79.6891 6.5 109.761
    endloop
  endfacet
  facet normal 0 1 0
    outer loop
      vertex 82.5 6.5 109
      vertex 79.4499 6.5 109.362
      vertex 79.6891 6.5 109.761
    endloop
  endfacet
  facet normal 0 1 0
    outer loop
      vertex 82.5 6.5 109
      vertex 79.4495 6.5 109.361
      vertex 79.4499 6.5 109.362
    endloop
  endfacet
  facet normal 0 1 0
    outer loop
      vertex 82.5 6.5 109
      vertex 79.449 6.5 109.36
      vertex 79.4495 6.5 109.361
    endloop
  endfacet
  facet normal 0 1 0
    outer loop
      vertex 82.5 6.5 109
      vertex 79.1718 6.5 108.987
      vertex 79.449 6.5 109.36
    endloop
  endfacet
  facet normal 0 1 0
    outer loop
      vertex 82.5 6.5 109
      vertex 79.1712 6.5 108.986
      vertex 79.1718 6.5 108.987
    endloop
  endfacet
  facet normal 0 1 0
    outer loop
      vertex 82.5 6.5 109
      vertex 78.8588 6.5 108.641
      vertex 79.1712 6.5 108.986
    endloop
  endfacet
  facet normal 0 1 0
    outer loop
      vertex 82.5 6.5 109
      vertex 78.514 6.5 108.329
      vertex 78.8588 6.5 108.641
    endloop
  endfacet
  facet normal 0 1 0
    outer loop
      vertex 82.5 6.5 109
      vertex 78.5134 6.5 108.328
      vertex 78.514 6.5 108.329
    endloop
  endfacet
  facet normal 0 1 0
    outer loop
      vertex 82.5 6.5 109
      vertex 78.1397 6.5 108.051
      vertex 78.5134 6.5 108.328
    endloop
  endfacet
  facet normal 0 -1 0
    outer loop
      vertex 82.5 6.5 109
      vertex 78.139 6.5 108.051
      vertex 78.1397 6.5 108.051
    endloop
  endfacet
  facet normal 0 1 0
    outer loop
      vertex 82.5 6.5 109
      vertex 78.1382 6.5 108.05
      vertex 78.139 6.5 108.051
    endloop
  endfacet
  facet normal 0 1 0
    outer loop
      vertex 82.5 6.5 109
      vertex 77.7391 6.5 107.811
      vertex 78.1382 6.5 108.05
    endloop
  endfacet
  facet normal 0 1 0
    outer loop
      vertex 82.5 6.5 109
      vertex 77.7383 6.5 107.81
      vertex 77.7391 6.5 107.811
    endloop
  endfacet
  facet normal 0 1 0
    outer loop
      vertex 82.5 6.5 109
      vertex 77.3177 6.5 107.612
      vertex 77.7383 6.5 107.81
    endloop
  endfacet
  facet normal 0 1 0
    outer loop
      vertex 68.5 6.5 88
      vertex 77.3177 6.5 107.612
      vertex 82.5 6.5 109
    endloop
  endfacet
  facet normal 0 1 0
    outer loop
      vertex 77.3177 6.5 107.612
      vertex 68.5 6.5 88
      vertex 76.8797 6.5 107.455
    endloop
  endfacet
  facet normal 0 1 0
    outer loop
      vertex 68.5 6.5 88
      vertex 75.5009 6.5 107.25
      vertex 75.9656 6.5 107.273
    endloop
  endfacet
  facet normal 0 1 0
    outer loop
      vertex 75.5009 6.5 107.25
      vertex 68.5 6.5 88
      vertex 75.5 6.5 107.25
    endloop
  endfacet
  facet normal 0 1 0
    outer loop
      vertex 76.4258 6.5 107.341
      vertex 68.5 6.5 88
      vertex 75.9656 6.5 107.273
    endloop
  endfacet
  facet normal 0 1 0
    outer loop
      vertex 76.4267 6.5 107.341
      vertex 68.5 6.5 88
      vertex 76.4258 6.5 107.341
    endloop
  endfacet
  facet normal 0 1 0
    outer loop
      vertex 76.4275 6.5 107.341
      vertex 68.5 6.5 88
      vertex 76.4267 6.5 107.341
    endloop
  endfacet
  facet normal 0 1 0
    outer loop
      vertex 76.8789 6.5 107.455
      vertex 68.5 6.5 88
      vertex 76.4275 6.5 107.341
    endloop
  endfacet
  facet normal 0 1 0
    outer loop
      vertex 76.8797 6.5 107.455
      vertex 68.5 6.5 88
      vertex 76.8789 6.5 107.455
    endloop
  endfacet
  facet normal 0 1 -0
    outer loop
      vertex 75.0353 6.5 116.727
      vertex 68.5 6.5 136
      vertex 75.5 6.5 116.75
    endloop
  endfacet
  facet normal 0 1 -0
    outer loop
      vertex 75.0344 6.5 116.727
      vertex 68.5 6.5 136
      vertex 75.0353 6.5 116.727
    endloop
  endfacet
  facet normal 0 1 -0
    outer loop
      vertex 74.5742 6.5 116.659
      vertex 68.5 6.5 136
      vertex 75.0344 6.5 116.727
    endloop
  endfacet
  facet normal 0 1 -0
    outer loop
      vertex 74.5733 6.5 116.659
      vertex 68.5 6.5 136
      vertex 74.5742 6.5 116.659
    endloop
  endfacet
  facet normal 0 1 -0
    outer loop
      vertex 74.5725 6.5 116.659
      vertex 68.5 6.5 136
      vertex 74.5733 6.5 116.659
    endloop
  endfacet
  facet normal 0 1 -0
    outer loop
      vertex 74.1211 6.5 116.545
      vertex 68.5 6.5 136
      vertex 74.5725 6.5 116.659
    endloop
  endfacet
  facet normal 0 1 -0
    outer loop
      vertex 74.1203 6.5 116.545
      vertex 68.5 6.5 136
      vertex 74.1211 6.5 116.545
    endloop
  endfacet
  facet normal 0 1 -0
    outer loop
      vertex 73.6823 6.5 116.388
      vertex 68.5 6.5 136
      vertex 74.1203 6.5 116.545
    endloop
  endfacet
  facet normal 0 1 -0
    outer loop
      vertex 73.2617 6.5 116.189
      vertex 68.5 6.5 136
      vertex 73.6823 6.5 116.388
    endloop
  endfacet
  facet normal 0 1 -0
    outer loop
      vertex 73.2609 6.5 116.189
      vertex 68.5 6.5 136
      vertex 73.2617 6.5 116.189
    endloop
  endfacet
  facet normal 0 1 -0
    outer loop
      vertex 72.8618 6.5 115.95
      vertex 68.5 6.5 136
      vertex 73.2609 6.5 116.189
    endloop
  endfacet
  facet normal 0 1 -0
    outer loop
      vertex 72.861 6.5 115.949
      vertex 68.5 6.5 136
      vertex 72.8618 6.5 115.95
    endloop
  endfacet
  facet normal 0 1 -0
    outer loop
      vertex 72.8603 6.5 115.949
      vertex 68.5 6.5 136
      vertex 72.861 6.5 115.949
    endloop
  endfacet
  facet normal 0 1 -0
    outer loop
      vertex 72.4866 6.5 115.672
      vertex 68.5 6.5 136
      vertex 72.8603 6.5 115.949
    endloop
  endfacet
  facet normal 0 1 -0
    outer loop
      vertex 72.486 6.5 115.671
      vertex 68.5 6.5 136
      vertex 72.4866 6.5 115.672
    endloop
  endfacet
  facet normal 0 1 -0
    outer loop
      vertex 72.1412 6.5 115.359
      vertex 68.5 6.5 136
      vertex 72.486 6.5 115.671
    endloop
  endfacet
  facet normal 0 1 -0
    outer loop
      vertex 71.8288 6.5 115.014
      vertex 68.5 6.5 136
      vertex 72.1412 6.5 115.359
    endloop
  endfacet
  facet normal 0 1 -0
    outer loop
      vertex 71.8282 6.5 115.013
      vertex 68.5 6.5 136
      vertex 71.8288 6.5 115.014
    endloop
  endfacet
  facet normal 0 1 -0
    outer loop
      vertex 71.551 6.5 114.64
      vertex 68.5 6.5 136
      vertex 71.8282 6.5 115.013
    endloop
  endfacet
  facet normal 0 1 -0
    outer loop
      vertex 71.5505 6.5 114.639
      vertex 68.5 6.5 136
      vertex 71.551 6.5 114.64
    endloop
  endfacet
  facet normal 0 1 -0
    outer loop
      vertex 71.5501 6.5 114.638
      vertex 68.5 6.5 136
      vertex 71.5505 6.5 114.639
    endloop
  endfacet
  facet normal 0 1 -0
    outer loop
      vertex 71.3109 6.5 114.239
      vertex 68.5 6.5 136
      vertex 71.5501 6.5 114.638
    endloop
  endfacet
  facet normal 0 1 -0
    outer loop
      vertex 71.3105 6.5 114.238
      vertex 68.5 6.5 136
      vertex 71.3109 6.5 114.239
    endloop
  endfacet
  facet normal 0 1 -0
    outer loop
      vertex 71.1116 6.5 113.818
      vertex 68.5 6.5 136
      vertex 71.3105 6.5 114.238
    endloop
  endfacet
  facet normal 0 1 -0
    outer loop
      vertex 70.9548 6.5 113.38
      vertex 68.5 6.5 136
      vertex 71.1116 6.5 113.818
    endloop
  endfacet
  facet normal 0 1 -0
    outer loop
      vertex 70.9545 6.5 113.379
      vertex 68.5 6.5 136
      vertex 70.9548 6.5 113.38
    endloop
  endfacet
  facet normal 0 1 -0
    outer loop
      vertex 70.8415 6.5 112.928
      vertex 68.5 6.5 136
      vertex 70.9545 6.5 113.379
    endloop
  endfacet
  facet normal 0 1 -0
    outer loop
      vertex 70.8413 6.5 112.927
      vertex 68.5 6.5 136
      vertex 70.8415 6.5 112.928
    endloop
  endfacet
  facet normal 0 1 -0
    outer loop
      vertex 70.8411 6.5 112.926
      vertex 68.5 6.5 136
      vertex 70.8413 6.5 112.927
    endloop
  endfacet
  facet normal 0 1 -0
    outer loop
      vertex 70.7729 6.5 112.466
      vertex 68.5 6.5 136
      vertex 70.8411 6.5 112.926
    endloop
  endfacet
  facet normal 0 1 -0
    outer loop
      vertex 70.75 6.5 112.001
      vertex 68.5 6.5 136
      vertex 70.7729 6.5 112.466
    endloop
  endfacet
  facet normal 0 1 -0
    outer loop
      vertex 70.75 6.5 112
      vertex 68.5 6.5 136
      vertex 70.75 6.5 112.001
    endloop
  endfacet
  facet normal 0 1 0
    outer loop
      vertex 68.5 6.5 88
      vertex 70.75 6.5 112
      vertex 70.75 6.5 111.999
    endloop
  endfacet
  facet normal 0 1 0
    outer loop
      vertex 68.5 6.5 88
      vertex 70.75 6.5 111.999
      vertex 70.7729 6.5 111.534
    endloop
  endfacet
  facet normal 0 1 0
    outer loop
      vertex 68.5 6.5 88
      vertex 71.5501 6.5 109.362
      vertex 71.5505 6.5 109.361
    endloop
  endfacet
  facet normal 0 1 0
    outer loop
      vertex 68.5 6.5 88
      vertex 71.551 6.5 109.36
      vertex 71.8282 6.5 108.987
    endloop
  endfacet
  facet normal 0 1 0
    outer loop
      vertex 68.5 6.5 88
      vertex 72.8603 6.5 108.051
      vertex 72.861 6.5 108.051
    endloop
  endfacet
  facet normal 0 1 0
    outer loop
      vertex 68.5 6.5 88
      vertex 72.8618 6.5 108.05
      vertex 73.2609 6.5 107.811
    endloop
  endfacet
  facet normal 0 1 0
    outer loop
      vertex 68.5 6.5 88
      vertex 75.4991 6.5 107.25
      vertex 75.5 6.5 107.25
    endloop
  endfacet
  facet normal 0 1 0
    outer loop
      vertex 70.75 6.5 112
      vertex 68.5 6.5 88
      vertex 68.5 6.5 136
    endloop
  endfacet
  facet normal 0 1 0
    outer loop
      vertex 70.8411 6.5 111.074
      vertex 68.5 6.5 88
      vertex 70.7729 6.5 111.534
    endloop
  endfacet
  facet normal 0 1 0
    outer loop
      vertex 70.8413 6.5 111.073
      vertex 68.5 6.5 88
      vertex 70.8411 6.5 111.074
    endloop
  endfacet
  facet normal 0 1 0
    outer loop
      vertex 70.8415 6.5 111.072
      vertex 68.5 6.5 88
      vertex 70.8413 6.5 111.073
    endloop
  endfacet
  facet normal 0 1 0
    outer loop
      vertex 70.9545 6.5 110.621
      vertex 68.5 6.5 88
      vertex 70.8415 6.5 111.072
    endloop
  endfacet
  facet normal 0 1 0
    outer loop
      vertex 70.9548 6.5 110.62
      vertex 68.5 6.5 88
      vertex 70.9545 6.5 110.621
    endloop
  endfacet
  facet normal 0 1 0
    outer loop
      vertex 71.1116 6.5 110.182
      vertex 68.5 6.5 88
      vertex 70.9548 6.5 110.62
    endloop
  endfacet
  facet normal 0 1 0
    outer loop
      vertex 71.3105 6.5 109.762
      vertex 68.5 6.5 88
      vertex 71.1116 6.5 110.182
    endloop
  endfacet
  facet normal 0 1 0
    outer loop
      vertex 71.3109 6.5 109.761
      vertex 68.5 6.5 88
      vertex 71.3105 6.5 109.762
    endloop
  endfacet
  facet normal 0 1 0
    outer loop
      vertex 71.5501 6.5 109.362
      vertex 68.5 6.5 88
      vertex 71.3109 6.5 109.761
    endloop
  endfacet
  facet normal 0 1 0
    outer loop
      vertex 71.551 6.5 109.36
      vertex 68.5 6.5 88
      vertex 71.5505 6.5 109.361
    endloop
  endfacet
  facet normal 0 1 0
    outer loop
      vertex 71.8288 6.5 108.986
      vertex 68.5 6.5 88
      vertex 71.8282 6.5 108.987
    endloop
  endfacet
  facet normal 0 1 0
    outer loop
      vertex 72.1412 6.5 108.641
      vertex 68.5 6.5 88
      vertex 71.8288 6.5 108.986
    endloop
  endfacet
  facet normal 0 1 0
    outer loop
      vertex 72.486 6.5 108.329
      vertex 68.5 6.5 88
      vertex 72.1412 6.5 108.641
    endloop
  endfacet
  facet normal 0 1 0
    outer loop
      vertex 72.4866 6.5 108.328
      vertex 68.5 6.5 88
      vertex 72.486 6.5 108.329
    endloop
  endfacet
  facet normal 0 1 0
    outer loop
      vertex 72.8603 6.5 108.051
      vertex 68.5 6.5 88
      vertex 72.4866 6.5 108.328
    endloop
  endfacet
  facet normal 0 1 0
    outer loop
      vertex 72.8618 6.5 108.05
      vertex 68.5 6.5 88
      vertex 72.861 6.5 108.051
    endloop
  endfacet
  facet normal 0 1 0
    outer loop
      vertex 73.2617 6.5 107.81
      vertex 68.5 6.5 88
      vertex 73.2609 6.5 107.811
    endloop
  endfacet
  facet normal 0 1 0
    outer loop
      vertex 73.6823 6.5 107.612
      vertex 68.5 6.5 88
      vertex 73.2617 6.5 107.81
    endloop
  endfacet
  facet normal 0 1 0
    outer loop
      vertex 74.1203 6.5 107.455
      vertex 68.5 6.5 88
      vertex 73.6823 6.5 107.612
    endloop
  endfacet
  facet normal 0 1 0
    outer loop
      vertex 74.1211 6.5 107.455
      vertex 68.5 6.5 88
      vertex 74.1203 6.5 107.455
    endloop
  endfacet
  facet normal 0 1 0
    outer loop
      vertex 74.5725 6.5 107.341
      vertex 68.5 6.5 88
      vertex 74.1211 6.5 107.455
    endloop
  endfacet
  facet normal 0 1 0
    outer loop
      vertex 74.5733 6.5 107.341
      vertex 68.5 6.5 88
      vertex 74.5725 6.5 107.341
    endloop
  endfacet
  facet normal 0 1 0
    outer loop
      vertex 74.5742 6.5 107.341
      vertex 68.5 6.5 88
      vertex 74.5733 6.5 107.341
    endloop
  endfacet
  facet normal 0 1 0
    outer loop
      vertex 75.0344 6.5 107.273
      vertex 68.5 6.5 88
      vertex 74.5742 6.5 107.341
    endloop
  endfacet
  facet normal 0 1 0
    outer loop
      vertex 75.4991 6.5 107.25
      vertex 68.5 6.5 88
      vertex 75.0344 6.5 107.273
    endloop
  endfacet
  facet normal 0.83205 -0 0.5547
    outer loop
      vertex 68.5 0 136
      vertex 82.5 6.5 115
      vertex 68.5 6.5 136
    endloop
  endfacet
  facet normal 0.83205 0 0.5547
    outer loop
      vertex 82.5 6.5 115
      vertex 68.5 0 136
      vertex 82.5 0 115
    endloop
  endfacet
  facet normal 0.83205 0 -0.5547
    outer loop
      vertex 82.5 0 109
      vertex 68.5 6.5 88
      vertex 82.5 6.5 109
    endloop
  endfacet
  facet normal 0.83205 0 -0.5547
    outer loop
      vertex 68.5 6.5 88
      vertex 82.5 0 109
      vertex 68.5 0 88
    endloop
  endfacet
  facet normal 0 1 0
    outer loop
      vertex 68.5 54.5 142
      vertex 53.5 54.5 3.5
      vertex 53.5 54.5 142
    endloop
  endfacet
  facet normal 0 1 0
    outer loop
      vertex 53.5 54.5 3.5
      vertex 68.5 54.5 0
      vertex -53.5 54.5 3.5
    endloop
  endfacet
  facet normal 0 1 -0
    outer loop
      vertex 68.5 54.5 0
      vertex 53.5 54.5 3.5
      vertex 68.5 54.5 142
    endloop
  endfacet
  facet normal 0 1 -0
    outer loop
      vertex -53.5 54.5 3.5
      vertex -68.5 54.5 142
      vertex -53.5 54.5 142
    endloop
  endfacet
  facet normal 0 1 0
    outer loop
      vertex -53.5 54.5 3.5
      vertex -68.5 54.5 0
      vertex -68.5 54.5 142
    endloop
  endfacet
  facet normal 0 1 0
    outer loop
      vertex -68.5 54.5 0
      vertex -53.5 54.5 3.5
      vertex 68.5 54.5 0
    endloop
  endfacet
  facet normal -1 0 0
    outer loop
      vertex 65.5 33.75 34.3205
      vertex 65.5 31.75 34.3205
      vertex 65.5 32.75 36.5885
    endloop
  endfacet
  facet normal -1 0 0
    outer loop
      vertex 65.5 26.75 42.9808
      vertex 65.5 32.75 36.5885
      vertex 65.5 31.75 34.3205
    endloop
  endfacet
  facet normal -1 0 0
    outer loop
      vertex 65.5 25.75 45.2487
      vertex 65.5 27.75 45.2487
      vertex 65.5 26.75 42.9808
    endloop
  endfacet
  facet normal -1 0 0
    outer loop
      vertex 65.5 32.75 36.5885
      vertex 65.5 26.75 42.9808
      vertex 65.5 27.75 45.2487
    endloop
  endfacet
  facet normal -1 0 0
    outer loop
      vertex 65.5 33.75 65.5359
      vertex 65.5 31.75 65.5359
      vertex 65.5 32.75 67.8038
    endloop
  endfacet
  facet normal -1 0 0
    outer loop
      vertex 65.5 26.75 74.1962
      vertex 65.5 32.75 67.8038
      vertex 65.5 31.75 65.5359
    endloop
  endfacet
  facet normal -1 0 0
    outer loop
      vertex 65.5 25.75 76.4641
      vertex 65.5 27.75 76.4641
      vertex 65.5 26.75 74.1962
    endloop
  endfacet
  facet normal -1 0 0
    outer loop
      vertex 65.5 32.75 67.8038
      vertex 65.5 26.75 74.1962
      vertex 65.5 27.75 76.4641
    endloop
  endfacet
  facet normal -1 0 0
    outer loop
      vertex 65.5 33.75 96.7513
      vertex 65.5 31.75 96.7513
      vertex 65.5 32.75 99.0192
    endloop
  endfacet
  facet normal -1 0 0
    outer loop
      vertex 65.5 26.75 105.412
      vertex 65.5 32.75 99.0192
      vertex 65.5 31.75 96.7513
    endloop
  endfacet
  facet normal -1 0 0
    outer loop
      vertex 65.5 25.75 107.68
      vertex 65.5 27.75 107.68
      vertex 65.5 26.75 105.412
    endloop
  endfacet
  facet normal -1 0 0
    outer loop
      vertex 65.5 32.75 99.0192
      vertex 65.5 26.75 105.412
      vertex 65.5 27.75 107.68
    endloop
  endfacet
  facet normal -1 0 0
    outer loop
      vertex 65.5 21.75 34.3205
      vertex 65.5 19.75 34.3205
      vertex 65.5 20.75 36.5885
    endloop
  endfacet
  facet normal -1 0 0
    outer loop
      vertex 65.5 14.75 42.9808
      vertex 65.5 20.75 36.5885
      vertex 65.5 19.75 34.3205
    endloop
  endfacet
  facet normal -1 -0 0
    outer loop
      vertex 65.5 15.75 45.2487
      vertex 65.5 14.75 42.9808
      vertex 65.5 15.75 49.9282
    endloop
  endfacet
  facet normal -1 0 0
    outer loop
      vertex 65.5 20.75 36.5885
      vertex 65.5 14.75 42.9808
      vertex 65.5 15.75 45.2487
    endloop
  endfacet
  facet normal -1 0 0
    outer loop
      vertex 65.5 21.75 65.5359
      vertex 65.5 19.75 65.5359
      vertex 65.5 20.75 67.8038
    endloop
  endfacet
  facet normal -1 0 0
    outer loop
      vertex 65.5 14.75 74.1962
      vertex 65.5 20.75 67.8038
      vertex 65.5 19.75 65.5359
    endloop
  endfacet
  facet normal -1 -0 0
    outer loop
      vertex 65.5 15.75 76.4641
      vertex 65.5 14.75 74.1962
      vertex 65.5 15.75 81.1436
    endloop
  endfacet
  facet normal -1 0 0
    outer loop
      vertex 65.5 20.75 67.8038
      vertex 65.5 14.75 74.1962
      vertex 65.5 15.75 76.4641
    endloop
  endfacet
  facet normal -1 0 0
    outer loop
      vertex 65.5 21.75 96.7513
      vertex 65.5 19.75 96.7513
      vertex 65.5 20.75 99.0192
    endloop
  endfacet
  facet normal -1 0 0
    outer loop
      vertex 65.5 14.75 105.412
      vertex 65.5 20.75 99.0192
      vertex 65.5 19.75 96.7513
    endloop
  endfacet
  facet normal -1 -0 0
    outer loop
      vertex 65.5 15.75 107.68
      vertex 65.5 14.75 105.412
      vertex 65.5 15.75 112.359
    endloop
  endfacet
  facet normal -1 0 0
    outer loop
      vertex 65.5 20.75 99.0192
      vertex 65.5 14.75 105.412
      vertex 65.5 15.75 107.68
    endloop
  endfacet
  facet normal -1 0 0
    outer loop
      vertex 65.5 32.75 99.0192
      vertex 65.5 38.75 105.412
      vertex 65.5 33.75 96.7513
    endloop
  endfacet
  facet normal -1 -0 0
    outer loop
      vertex 65.5 38.75 105.412
      vertex 65.5 32.75 99.0192
      vertex 65.5 37.75 107.68
    endloop
  endfacet
  facet normal -1 0 0
    outer loop
      vertex 65.5 33.75 92.0718
      vertex 65.5 31.75 92.0718
      vertex 65.5 33.75 96.7513
    endloop
  endfacet
  facet normal -1 0 0
    outer loop
      vertex 65.5 31.75 96.7513
      vertex 65.5 33.75 96.7513
      vertex 65.5 31.75 92.0718
    endloop
  endfacet
  facet normal -1 0 0
    outer loop
      vertex 65.5 26.75 83.4115
      vertex 65.5 32.75 89.8038
      vertex 65.5 27.75 81.1436
    endloop
  endfacet
  facet normal -1 -0 0
    outer loop
      vertex 65.5 32.75 89.8038
      vertex 65.5 26.75 83.4115
      vertex 65.5 31.75 92.0718
    endloop
  endfacet
  facet normal -1 0 0
    outer loop
      vertex 65.5 27.75 76.4641
      vertex 65.5 25.75 76.4641
      vertex 65.5 27.75 81.1436
    endloop
  endfacet
  facet normal -1 0 0
    outer loop
      vertex 65.5 25.75 81.1436
      vertex 65.5 27.75 81.1436
      vertex 65.5 25.75 76.4641
    endloop
  endfacet
  facet normal -1 0 0
    outer loop
      vertex 65.5 20.75 67.8038
      vertex 65.5 26.75 74.1962
      vertex 65.5 21.75 65.5359
    endloop
  endfacet
  facet normal -1 -0 0
    outer loop
      vertex 65.5 26.75 74.1962
      vertex 65.5 20.75 67.8038
      vertex 65.5 25.75 76.4641
    endloop
  endfacet
  facet normal -1 0 0
    outer loop
      vertex 65.5 21.75 60.8564
      vertex 65.5 19.75 60.8564
      vertex 65.5 21.75 65.5359
    endloop
  endfacet
  facet normal -1 0 0
    outer loop
      vertex 65.5 19.75 65.5359
      vertex 65.5 21.75 65.5359
      vertex 65.5 19.75 60.8564
    endloop
  endfacet
  facet normal -1 0 0
    outer loop
      vertex 65.5 14.75 52.1962
      vertex 65.5 20.75 58.5885
      vertex 65.5 15.75 49.9282
    endloop
  endfacet
  facet normal -1 -0 0
    outer loop
      vertex 65.5 20.75 58.5885
      vertex 65.5 14.75 52.1962
      vertex 65.5 19.75 60.8564
    endloop
  endfacet
  facet normal -1 0 0
    outer loop
      vertex 65.5 14.75 42.9808
      vertex 65.5 14.75 52.1962
      vertex 65.5 15.75 49.9282
    endloop
  endfacet
  facet normal -1 0 0
    outer loop
      vertex 65.5 9.75 34.3205
      vertex 65.5 14.75 52.1962
      vertex 65.5 14.75 42.9808
    endloop
  endfacet
  facet normal -1 -0 0
    outer loop
      vertex 65.5 14.75 52.1962
      vertex 65.5 9.75 34.3205
      vertex 65.5 9.75 60.8564
    endloop
  endfacet
  facet normal -1 0 0
    outer loop
      vertex 65.5 38.75 74.1962
      vertex 65.5 43.75 92.0718
      vertex 65.5 43.75 65.5359
    endloop
  endfacet
  facet normal -1 0 0
    outer loop
      vertex 65.5 38.75 74.1962
      vertex 65.5 38.75 83.4115
      vertex 65.5 43.75 92.0718
    endloop
  endfacet
  facet normal -1 0 0
    outer loop
      vertex 65.5 38.75 74.1962
      vertex 65.5 37.75 76.4641
      vertex 65.5 38.75 83.4115
    endloop
  endfacet
  facet normal -1 0 0
    outer loop
      vertex 65.5 32.75 67.8038
      vertex 65.5 38.75 74.1962
      vertex 65.5 33.75 65.5359
    endloop
  endfacet
  facet normal -1 -0 0
    outer loop
      vertex 65.5 38.75 74.1962
      vertex 65.5 32.75 67.8038
      vertex 65.5 37.75 76.4641
    endloop
  endfacet
  facet normal -1 0 0
    outer loop
      vertex 65.5 33.75 60.8564
      vertex 65.5 31.75 60.8564
      vertex 65.5 33.75 65.5359
    endloop
  endfacet
  facet normal -1 0 0
    outer loop
      vertex 65.5 31.75 65.5359
      vertex 65.5 33.75 65.5359
      vertex 65.5 31.75 60.8564
    endloop
  endfacet
  facet normal -1 0 0
    outer loop
      vertex 65.5 26.75 52.1962
      vertex 65.5 32.75 58.5885
      vertex 65.5 27.75 49.9282
    endloop
  endfacet
  facet normal -1 -0 0
    outer loop
      vertex 65.5 32.75 58.5885
      vertex 65.5 26.75 52.1962
      vertex 65.5 31.75 60.8564
    endloop
  endfacet
  facet normal -1 0 0
    outer loop
      vertex 65.5 27.75 45.2487
      vertex 65.5 25.75 45.2487
      vertex 65.5 27.75 49.9282
    endloop
  endfacet
  facet normal -1 0 0
    outer loop
      vertex 65.5 25.75 49.9282
      vertex 65.5 27.75 49.9282
      vertex 65.5 25.75 45.2487
    endloop
  endfacet
  facet normal -1 0 0
    outer loop
      vertex 65.5 20.75 36.5885
      vertex 65.5 26.75 42.9808
      vertex 65.5 21.75 34.3205
    endloop
  endfacet
  facet normal -1 -0 0
    outer loop
      vertex 65.5 26.75 42.9808
      vertex 65.5 20.75 36.5885
      vertex 65.5 25.75 45.2487
    endloop
  endfacet
  facet normal -1 0 0
    outer loop
      vertex 65.5 38.75 42.9808
      vertex 65.5 43.75 60.8564
      vertex 65.5 43.75 34.3205
    endloop
  endfacet
  facet normal -1 0 0
    outer loop
      vertex 65.5 38.75 42.9808
      vertex 65.5 38.75 52.1962
      vertex 65.5 43.75 60.8564
    endloop
  endfacet
  facet normal -1 0 0
    outer loop
      vertex 65.5 38.75 42.9808
      vertex 65.5 37.75 45.2487
      vertex 65.5 38.75 52.1962
    endloop
  endfacet
  facet normal -1 0 0
    outer loop
      vertex 65.5 32.75 36.5885
      vertex 65.5 38.75 42.9808
      vertex 65.5 33.75 34.3205
    endloop
  endfacet
  facet normal -1 -0 0
    outer loop
      vertex 65.5 38.75 42.9808
      vertex 65.5 32.75 36.5885
      vertex 65.5 37.75 45.2487
    endloop
  endfacet
  facet normal -1 0 0
    outer loop
      vertex 65.5 43.75 65.5359
      vertex 65.5 50.5 134
      vertex 65.5 50.5 3.5
    endloop
  endfacet
  facet normal -1 0 0
    outer loop
      vertex 65.5 43.75 60.8564
      vertex 65.5 50.5 3.5
      vertex 65.5 43.75 34.3205
    endloop
  endfacet
  facet normal -1 0 0
    outer loop
      vertex 65.5 43.75 34.3205
      vertex 65.5 50.5 3.5
      vertex 65.5 43.75 29.6411
    endloop
  endfacet
  facet normal -1 0 0
    outer loop
      vertex 65.5 50.5 3.5
      vertex 65.5 38.75 20.9808
      vertex 65.5 43.75 29.6411
    endloop
  endfacet
  facet normal -1 0 0
    outer loop
      vertex 65.5 31.75 29.6411
      vertex 65.5 33.75 34.3205
      vertex 65.5 33.75 29.6411
    endloop
  endfacet
  facet normal -1 0 0
    outer loop
      vertex 65.5 31.75 34.3205
      vertex 65.5 33.75 34.3205
      vertex 65.5 31.75 29.6411
    endloop
  endfacet
  facet normal -1 0 0
    outer loop
      vertex 65.5 38.75 20.9808
      vertex 65.5 31.75 29.6411
      vertex 65.5 33.75 29.6411
    endloop
  endfacet
  facet normal -1 0 0
    outer loop
      vertex 65.5 26.75 20.9808
      vertex 65.5 38.75 20.9808
      vertex 65.5 50.5 3.5
    endloop
  endfacet
  facet normal -1 0 0
    outer loop
      vertex 65.5 38.75 20.9808
      vertex 65.5 26.75 20.9808
      vertex 65.5 31.75 29.6411
    endloop
  endfacet
  facet normal -1 0 0
    outer loop
      vertex 65.5 19.75 29.6411
      vertex 65.5 21.75 34.3205
      vertex 65.5 21.75 29.6411
    endloop
  endfacet
  facet normal -1 0 0
    outer loop
      vertex 65.5 19.75 34.3205
      vertex 65.5 21.75 34.3205
      vertex 65.5 19.75 29.6411
    endloop
  endfacet
  facet normal -1 0 0
    outer loop
      vertex 65.5 26.75 20.9808
      vertex 65.5 19.75 29.6411
      vertex 65.5 21.75 29.6411
    endloop
  endfacet
  facet normal -1 0 0
    outer loop
      vertex 65.5 26.75 20.9808
      vertex 65.5 14.75 20.9808
      vertex 65.5 19.75 29.6411
    endloop
  endfacet
  facet normal -1 0 0
    outer loop
      vertex 65.5 3 3.5
      vertex 65.5 26.75 20.9808
      vertex 65.5 50.5 3.5
    endloop
  endfacet
  facet normal -1 0 0
    outer loop
      vertex 65.5 3 3.5
      vertex 65.5 9.75 34.3205
      vertex 65.5 9.75 29.6411
    endloop
  endfacet
  facet normal -1 -0 0
    outer loop
      vertex 65.5 9.75 34.3205
      vertex 65.5 3 3.5
      vertex 65.5 9.75 60.8564
    endloop
  endfacet
  facet normal -1 -0 0
    outer loop
      vertex 65.5 9.75 60.8564
      vertex 65.5 3 3.5
      vertex 65.5 9.75 65.5359
    endloop
  endfacet
  facet normal -1 0 0
    outer loop
      vertex 65.5 3 140.5
      vertex 65.5 9.75 65.5359
      vertex 65.5 3 3.5
    endloop
  endfacet
  facet normal -1 0 0
    outer loop
      vertex 65.5 9.75 65.5359
      vertex 65.5 3 140.5
      vertex 65.5 9.75 92.0718
    endloop
  endfacet
  facet normal -1 -0 0
    outer loop
      vertex 65.5 14.75 20.9808
      vertex 65.5 3 3.5
      vertex 65.5 9.75 29.6411
    endloop
  endfacet
  facet normal -1 -0 0
    outer loop
      vertex 65.5 26.75 20.9808
      vertex 65.5 3 3.5
      vertex 65.5 14.75 20.9808
    endloop
  endfacet
  facet normal -1 0 0
    outer loop
      vertex 65.5 43.75 65.5359
      vertex 65.5 50.5 3.5
      vertex 65.5 43.75 60.8564
    endloop
  endfacet
  facet normal -1 0 0
    outer loop
      vertex 65.5 43.75 92.0718
      vertex 65.5 50.5 134
      vertex 65.5 43.75 65.5359
    endloop
  endfacet
  facet normal -1 0 0
    outer loop
      vertex 65.5 43.75 96.7513
      vertex 65.5 50.5 134
      vertex 65.5 43.75 92.0718
    endloop
  endfacet
  facet normal -1 0 0
    outer loop
      vertex 65.5 37.75 112.359
      vertex 65.5 50.5 134
      vertex 65.5 43.75 96.7513
    endloop
  endfacet
  facet normal -1 0 0
    outer loop
      vertex 65.5 32.75 121.019
      vertex 65.5 50.5 134
      vertex 65.5 37.75 112.359
    endloop
  endfacet
  facet normal -1 0 0
    outer loop
      vertex 65.5 37.75 112.359
      vertex 65.5 43.75 96.7513
      vertex 65.5 38.75 105.412
    endloop
  endfacet
  facet normal -1 0 0
    outer loop
      vertex 65.5 37.75 112.359
      vertex 65.5 38.75 105.412
      vertex 65.5 37.75 107.68
    endloop
  endfacet
  facet normal -1 -0 0
    outer loop
      vertex 65.5 50.5 134
      vertex 65.5 32.75 121.019
      vertex 65.5 49 136.5
    endloop
  endfacet
  facet normal -1 -0 0
    outer loop
      vertex 65.5 49 136.5
      vertex 65.5 32.75 121.019
      vertex 65.5 49 138
    endloop
  endfacet
  facet normal -1 0 0
    outer loop
      vertex 65.5 20.75 121.019
      vertex 65.5 49 138
      vertex 65.5 32.75 121.019
    endloop
  endfacet
  facet normal -1 0 0
    outer loop
      vertex 65.5 27.75 107.68
      vertex 65.5 25.75 107.68
      vertex 65.5 27.75 112.359
    endloop
  endfacet
  facet normal -1 0 0
    outer loop
      vertex 65.5 25.75 112.359
      vertex 65.5 27.75 112.359
      vertex 65.5 25.75 107.68
    endloop
  endfacet
  facet normal -1 0 0
    outer loop
      vertex 65.5 25.75 112.359
      vertex 65.5 32.75 121.019
      vertex 65.5 27.75 112.359
    endloop
  endfacet
  facet normal -1 0 0
    outer loop
      vertex 65.5 20.75 121.019
      vertex 65.5 32.75 121.019
      vertex 65.5 25.75 112.359
    endloop
  endfacet
  facet normal -1 0 0
    outer loop
      vertex 65.5 3 140.5
      vertex 65.5 49 138
      vertex 65.5 20.75 121.019
    endloop
  endfacet
  facet normal -1 0 0
    outer loop
      vertex 65.5 9.75 96.7513
      vertex 65.5 15.75 112.359
      vertex 65.5 14.75 105.412
    endloop
  endfacet
  facet normal -1 0 0
    outer loop
      vertex 65.5 49 138
      vertex 65.5 3 140.5
      vertex 65.5 50.0714 140.5
    endloop
  endfacet
  facet normal -1 0 0
    outer loop
      vertex 65.5 15.75 112.359
      vertex 65.5 3 140.5
      vertex 65.5 20.75 121.019
    endloop
  endfacet
  facet normal -1 0 0
    outer loop
      vertex 65.5 9.75 96.7513
      vertex 65.5 3 140.5
      vertex 65.5 15.75 112.359
    endloop
  endfacet
  facet normal -1 0 0
    outer loop
      vertex 65.5 9.75 92.0718
      vertex 65.5 3 140.5
      vertex 65.5 9.75 96.7513
    endloop
  endfacet
  facet normal -1 0 0
    outer loop
      vertex 65.5 37.75 49.9282
      vertex 65.5 38.75 52.1962
      vertex 65.5 37.75 45.2487
    endloop
  endfacet
  facet normal -1 0 0
    outer loop
      vertex 65.5 32.75 58.5885
      vertex 65.5 38.75 52.1962
      vertex 65.5 37.75 49.9282
    endloop
  endfacet
  facet normal -1 0 0
    outer loop
      vertex 65.5 31.75 60.8564
      vertex 65.5 33.75 60.8564
      vertex 65.5 32.75 58.5885
    endloop
  endfacet
  facet normal -1 0 0
    outer loop
      vertex 65.5 38.75 52.1962
      vertex 65.5 32.75 58.5885
      vertex 65.5 33.75 60.8564
    endloop
  endfacet
  facet normal -1 0 0
    outer loop
      vertex 65.5 37.75 81.1436
      vertex 65.5 38.75 83.4115
      vertex 65.5 37.75 76.4641
    endloop
  endfacet
  facet normal -1 0 0
    outer loop
      vertex 65.5 32.75 89.8038
      vertex 65.5 38.75 83.4115
      vertex 65.5 37.75 81.1436
    endloop
  endfacet
  facet normal -1 0 0
    outer loop
      vertex 65.5 31.75 92.0718
      vertex 65.5 33.75 92.0718
      vertex 65.5 32.75 89.8038
    endloop
  endfacet
  facet normal -1 0 0
    outer loop
      vertex 65.5 38.75 83.4115
      vertex 65.5 32.75 89.8038
      vertex 65.5 33.75 92.0718
    endloop
  endfacet
  facet normal -1 0 0
    outer loop
      vertex 65.5 20.75 99.0192
      vertex 65.5 26.75 105.412
      vertex 65.5 21.75 96.7513
    endloop
  endfacet
  facet normal -1 -0 0
    outer loop
      vertex 65.5 26.75 105.412
      vertex 65.5 20.75 99.0192
      vertex 65.5 25.75 107.68
    endloop
  endfacet
  facet normal -1 0 0
    outer loop
      vertex 65.5 21.75 92.0718
      vertex 65.5 19.75 92.0718
      vertex 65.5 21.75 96.7513
    endloop
  endfacet
  facet normal -1 0 0
    outer loop
      vertex 65.5 19.75 96.7513
      vertex 65.5 21.75 96.7513
      vertex 65.5 19.75 92.0718
    endloop
  endfacet
  facet normal -1 0 0
    outer loop
      vertex 65.5 14.75 83.4115
      vertex 65.5 20.75 89.8038
      vertex 65.5 15.75 81.1436
    endloop
  endfacet
  facet normal -1 -0 0
    outer loop
      vertex 65.5 20.75 89.8038
      vertex 65.5 14.75 83.4115
      vertex 65.5 19.75 92.0718
    endloop
  endfacet
  facet normal -1 0 0
    outer loop
      vertex 65.5 14.75 74.1962
      vertex 65.5 14.75 83.4115
      vertex 65.5 15.75 81.1436
    endloop
  endfacet
  facet normal -1 0 0
    outer loop
      vertex 65.5 9.75 65.5359
      vertex 65.5 14.75 83.4115
      vertex 65.5 14.75 74.1962
    endloop
  endfacet
  facet normal -1 -0 0
    outer loop
      vertex 65.5 14.75 83.4115
      vertex 65.5 9.75 65.5359
      vertex 65.5 9.75 92.0718
    endloop
  endfacet
  facet normal -1 0 0
    outer loop
      vertex 65.5 27.75 49.9282
      vertex 65.5 25.75 49.9282
      vertex 65.5 26.75 52.1962
    endloop
  endfacet
  facet normal -1 0 0
    outer loop
      vertex 65.5 20.75 58.5885
      vertex 65.5 26.75 52.1962
      vertex 65.5 25.75 49.9282
    endloop
  endfacet
  facet normal -1 0 0
    outer loop
      vertex 65.5 19.75 60.8564
      vertex 65.5 21.75 60.8564
      vertex 65.5 20.75 58.5885
    endloop
  endfacet
  facet normal -1 0 0
    outer loop
      vertex 65.5 26.75 52.1962
      vertex 65.5 20.75 58.5885
      vertex 65.5 21.75 60.8564
    endloop
  endfacet
  facet normal -1 0 0
    outer loop
      vertex 65.5 27.75 81.1436
      vertex 65.5 25.75 81.1436
      vertex 65.5 26.75 83.4115
    endloop
  endfacet
  facet normal -1 0 0
    outer loop
      vertex 65.5 20.75 89.8038
      vertex 65.5 26.75 83.4115
      vertex 65.5 25.75 81.1436
    endloop
  endfacet
  facet normal -1 0 0
    outer loop
      vertex 65.5 19.75 92.0718
      vertex 65.5 21.75 92.0718
      vertex 65.5 20.75 89.8038
    endloop
  endfacet
  facet normal -1 0 0
    outer loop
      vertex 65.5 26.75 83.4115
      vertex 65.5 20.75 89.8038
      vertex 65.5 21.75 92.0718
    endloop
  endfacet
  facet normal 0 0 1
    outer loop
      vertex -53.5 54.5 142
      vertex -67.006 50.5 142
      vertex -53.5 50.5 142
    endloop
  endfacet
  facet normal 0 0 1
    outer loop
      vertex -68.5 0 142
      vertex -67.006 50.5 142
      vertex -68.5 54.5 142
    endloop
  endfacet
  facet normal -0 0 1
    outer loop
      vertex -68.5 54.5 142
      vertex -67.006 50.5 142
      vertex -53.5 54.5 142
    endloop
  endfacet
  facet normal 0 0 1
    outer loop
      vertex 68.5 54.5 142
      vertex 67.006 50.5 142
      vertex 68.5 0 142
    endloop
  endfacet
  facet normal -0 0 1
    outer loop
      vertex 53.5 54.5 142
      vertex 67.006 50.5 142
      vertex 68.5 54.5 142
    endloop
  endfacet
  facet normal 0 0 1
    outer loop
      vertex 67.006 50.5 142
      vertex 53.5 54.5 142
      vertex 53.5 50.5 142
    endloop
  endfacet
  facet normal -0 0 1
    outer loop
      vertex 67.006 1.49398 142
      vertex 68.5 0 142
      vertex 67.006 50.5 142
    endloop
  endfacet
  facet normal -0 0 1
    outer loop
      vertex -67.006 1.49398 142
      vertex 68.5 0 142
      vertex 67.006 1.49398 142
    endloop
  endfacet
  facet normal 0 0 1
    outer loop
      vertex -67.006 1.49398 142
      vertex -68.5 0 142
      vertex 68.5 0 142
    endloop
  endfacet
  facet normal 0 0 1
    outer loop
      vertex -67.006 50.5 142
      vertex -68.5 0 142
      vertex -67.006 1.49398 142
    endloop
  endfacet
  facet normal 0 0 -1
    outer loop
      vertex 56.5 39.25 0
      vertex 68.5 0 0
      vertex 56.5 14.25 0
    endloop
  endfacet
  facet normal 0 0 -1
    outer loop
      vertex 68.5 0 0
      vertex 56.4711 13.6619 0
      vertex 56.5 14.25 0
    endloop
  endfacet
  facet normal 0 0 -1
    outer loop
      vertex 68.5 0 0
      vertex 56.3847 13.0795 0
      vertex 56.4711 13.6619 0
    endloop
  endfacet
  facet normal 0 0 -1
    outer loop
      vertex 68.5 0 0
      vertex 56.2416 12.5083 0
      vertex 56.3847 13.0795 0
    endloop
  endfacet
  facet normal 0 0 -1
    outer loop
      vertex 68.5 0 0
      vertex 56.0433 11.9539 0
      vertex 56.2416 12.5083 0
    endloop
  endfacet
  facet normal 0 0 -1
    outer loop
      vertex 68.5 0 0
      vertex 55.7915 11.4216 0
      vertex 56.0433 11.9539 0
    endloop
  endfacet
  facet normal 0 0 -1
    outer loop
      vertex 68.5 0 0
      vertex 55.4888 10.9166 0
      vertex 55.7915 11.4216 0
    endloop
  endfacet
  facet normal 0 0 -1
    outer loop
      vertex 68.5 0 0
      vertex 55.1381 10.4436 0
      vertex 55.4888 10.9166 0
    endloop
  endfacet
  facet normal 0 0 -1
    outer loop
      vertex 68.5 0 0
      vertex 54.7426 10.0074 0
      vertex 55.1381 10.4436 0
    endloop
  endfacet
  facet normal 0 0 -1
    outer loop
      vertex 68.5 0 0
      vertex 54.3064 9.61194 0
      vertex 54.7426 10.0074 0
    endloop
  endfacet
  facet normal 0 0 -1
    outer loop
      vertex 68.5 0 0
      vertex 53.8334 9.26118 0
      vertex 54.3064 9.61194 0
    endloop
  endfacet
  facet normal 0 0 -1
    outer loop
      vertex 68.5 0 0
      vertex 53.3284 8.95847 0
      vertex 53.8334 9.26118 0
    endloop
  endfacet
  facet normal 0 0 -1
    outer loop
      vertex 68.5 0 0
      vertex 52.7961 8.70672 0
      vertex 53.3284 8.95847 0
    endloop
  endfacet
  facet normal 0 0 -1
    outer loop
      vertex 68.5 0 0
      vertex 52.2417 8.50836 0
      vertex 52.7961 8.70672 0
    endloop
  endfacet
  facet normal 0 0 -1
    outer loop
      vertex 68.5 0 0
      vertex 51.6705 8.36529 0
      vertex 52.2417 8.50836 0
    endloop
  endfacet
  facet normal 0 0 -1
    outer loop
      vertex 68.5 0 0
      vertex 51.0881 8.27889 0
      vertex 51.6705 8.36529 0
    endloop
  endfacet
  facet normal 0 0 -1
    outer loop
      vertex 68.5 0 0
      vertex 50.5 8.25 0
      vertex 51.0881 8.27889 0
    endloop
  endfacet
  facet normal 0 0 -1
    outer loop
      vertex 68.5 0 0
      vertex -50.5 8.25 0
      vertex 50.5 8.25 0
    endloop
  endfacet
  facet normal 0 0 -1
    outer loop
      vertex -68.5 0 0
      vertex -50.5 8.25 0
      vertex 68.5 0 0
    endloop
  endfacet
  facet normal -0 0 -1
    outer loop
      vertex -56.5 14.25 0
      vertex -68.5 0 0
      vertex -56.5 39.25 0
    endloop
  endfacet
  facet normal -0 0 -1
    outer loop
      vertex -56.4711 13.6619 0
      vertex -68.5 0 0
      vertex -56.5 14.25 0
    endloop
  endfacet
  facet normal -0 0 -1
    outer loop
      vertex -56.3847 13.0795 0
      vertex -68.5 0 0
      vertex -56.4711 13.6619 0
    endloop
  endfacet
  facet normal -0 0 -1
    outer loop
      vertex -56.2416 12.5083 0
      vertex -68.5 0 0
      vertex -56.3847 13.0795 0
    endloop
  endfacet
  facet normal -0 0 -1
    outer loop
      vertex -56.0433 11.9539 0
      vertex -68.5 0 0
      vertex -56.2416 12.5083 0
    endloop
  endfacet
  facet normal -0 0 -1
    outer loop
      vertex -55.7915 11.4216 0
      vertex -68.5 0 0
      vertex -56.0433 11.9539 0
    endloop
  endfacet
  facet normal -0 0 -1
    outer loop
      vertex -55.4888 10.9166 0
      vertex -68.5 0 0
      vertex -55.7915 11.4216 0
    endloop
  endfacet
  facet normal -0 0 -1
    outer loop
      vertex -55.1381 10.4436 0
      vertex -68.5 0 0
      vertex -55.4888 10.9166 0
    endloop
  endfacet
  facet normal -0 0 -1
    outer loop
      vertex -54.7426 10.0074 0
      vertex -68.5 0 0
      vertex -55.1381 10.4436 0
    endloop
  endfacet
  facet normal -0 0 -1
    outer loop
      vertex -54.3064 9.61194 0
      vertex -68.5 0 0
      vertex -54.7426 10.0074 0
    endloop
  endfacet
  facet normal -0 0 -1
    outer loop
      vertex -53.8334 9.26118 0
      vertex -68.5 0 0
      vertex -54.3064 9.61194 0
    endloop
  endfacet
  facet normal -0 0 -1
    outer loop
      vertex -53.3284 8.95847 0
      vertex -68.5 0 0
      vertex -53.8334 9.26118 0
    endloop
  endfacet
  facet normal -0 0 -1
    outer loop
      vertex -52.7961 8.70672 0
      vertex -68.5 0 0
      vertex -53.3284 8.95847 0
    endloop
  endfacet
  facet normal -0 0 -1
    outer loop
      vertex -52.2417 8.50836 0
      vertex -68.5 0 0
      vertex -52.7961 8.70672 0
    endloop
  endfacet
  facet normal -0 0 -1
    outer loop
      vertex -51.6705 8.36529 0
      vertex -68.5 0 0
      vertex -52.2417 8.50836 0
    endloop
  endfacet
  facet normal -0 0 -1
    outer loop
      vertex -51.0881 8.27889 0
      vertex -68.5 0 0
      vertex -51.6705 8.36529 0
    endloop
  endfacet
  facet normal -0 0 -1
    outer loop
      vertex -50.5 8.25 0
      vertex -68.5 0 0
      vertex -51.0881 8.27889 0
    endloop
  endfacet
  facet normal 0 0 -1
    outer loop
      vertex 68.5 0 0
      vertex 56.5 39.25 0
      vertex 68.5 54.5 0
    endloop
  endfacet
  facet normal 0 0 -1
    outer loop
      vertex 56.4711 39.8381 0
      vertex 68.5 54.5 0
      vertex 56.5 39.25 0
    endloop
  endfacet
  facet normal 0 0 -1
    outer loop
      vertex 56.3847 40.4205 0
      vertex 68.5 54.5 0
      vertex 56.4711 39.8381 0
    endloop
  endfacet
  facet normal 0 0 -1
    outer loop
      vertex 56.2416 40.9917 0
      vertex 68.5 54.5 0
      vertex 56.3847 40.4205 0
    endloop
  endfacet
  facet normal 0 0 -1
    outer loop
      vertex 56.0433 41.5461 0
      vertex 68.5 54.5 0
      vertex 56.2416 40.9917 0
    endloop
  endfacet
  facet normal 0 0 -1
    outer loop
      vertex 55.7915 42.0784 0
      vertex 68.5 54.5 0
      vertex 56.0433 41.5461 0
    endloop
  endfacet
  facet normal 0 0 -1
    outer loop
      vertex 55.4888 42.5834 0
      vertex 68.5 54.5 0
      vertex 55.7915 42.0784 0
    endloop
  endfacet
  facet normal 0 0 -1
    outer loop
      vertex 55.1381 43.0564 0
      vertex 68.5 54.5 0
      vertex 55.4888 42.5834 0
    endloop
  endfacet
  facet normal 0 0 -1
    outer loop
      vertex 54.7426 43.4926 0
      vertex 68.5 54.5 0
      vertex 55.1381 43.0564 0
    endloop
  endfacet
  facet normal 0 0 -1
    outer loop
      vertex 54.3064 43.8881 0
      vertex 68.5 54.5 0
      vertex 54.7426 43.4926 0
    endloop
  endfacet
  facet normal 0 0 -1
    outer loop
      vertex 53.8334 44.2388 0
      vertex 68.5 54.5 0
      vertex 54.3064 43.8881 0
    endloop
  endfacet
  facet normal 0 0 -1
    outer loop
      vertex 53.3284 44.5415 0
      vertex 68.5 54.5 0
      vertex 53.8334 44.2388 0
    endloop
  endfacet
  facet normal 0 0 -1
    outer loop
      vertex 52.7961 44.7933 0
      vertex 68.5 54.5 0
      vertex 53.3284 44.5415 0
    endloop
  endfacet
  facet normal 0 0 -1
    outer loop
      vertex 52.2417 44.9916 0
      vertex 68.5 54.5 0
      vertex 52.7961 44.7933 0
    endloop
  endfacet
  facet normal 0 0 -1
    outer loop
      vertex 51.6705 45.1347 0
      vertex 68.5 54.5 0
      vertex 52.2417 44.9916 0
    endloop
  endfacet
  facet normal 0 0 -1
    outer loop
      vertex 51.0881 45.2211 0
      vertex 68.5 54.5 0
      vertex 51.6705 45.1347 0
    endloop
  endfacet
  facet normal 0 0 -1
    outer loop
      vertex 50.5 45.25 0
      vertex 68.5 54.5 0
      vertex 51.0881 45.2211 0
    endloop
  endfacet
  facet normal 0 0 -1
    outer loop
      vertex -50.5 45.25 0
      vertex 68.5 54.5 0
      vertex 50.5 45.25 0
    endloop
  endfacet
  facet normal 0 0 -1
    outer loop
      vertex -68.5 54.5 0
      vertex -50.5 45.25 0
      vertex -51.0881 45.2211 0
    endloop
  endfacet
  facet normal 0 0 -1
    outer loop
      vertex -68.5 54.5 0
      vertex -56.5 39.25 0
      vertex -68.5 0 0
    endloop
  endfacet
  facet normal 0 0 -1
    outer loop
      vertex -56.5 39.25 0
      vertex -68.5 54.5 0
      vertex -56.4711 39.8381 0
    endloop
  endfacet
  facet normal 0 0 -1
    outer loop
      vertex -56.4711 39.8381 0
      vertex -68.5 54.5 0
      vertex -56.3847 40.4205 0
    endloop
  endfacet
  facet normal 0 0 -1
    outer loop
      vertex -50.5 45.25 0
      vertex -68.5 54.5 0
      vertex 68.5 54.5 0
    endloop
  endfacet
  facet normal 0 0 -1
    outer loop
      vertex -51.6705 45.1347 0
      vertex -68.5 54.5 0
      vertex -51.0881 45.2211 0
    endloop
  endfacet
  facet normal 0 0 -1
    outer loop
      vertex -52.2417 44.9916 0
      vertex -68.5 54.5 0
      vertex -51.6705 45.1347 0
    endloop
  endfacet
  facet normal 0 0 -1
    outer loop
      vertex -52.7961 44.7933 0
      vertex -68.5 54.5 0
      vertex -52.2417 44.9916 0
    endloop
  endfacet
  facet normal 0 0 -1
    outer loop
      vertex -53.3284 44.5415 0
      vertex -68.5 54.5 0
      vertex -52.7961 44.7933 0
    endloop
  endfacet
  facet normal 0 0 -1
    outer loop
      vertex -53.8334 44.2388 0
      vertex -68.5 54.5 0
      vertex -53.3284 44.5415 0
    endloop
  endfacet
  facet normal 0 0 -1
    outer loop
      vertex -54.3064 43.8881 0
      vertex -68.5 54.5 0
      vertex -53.8334 44.2388 0
    endloop
  endfacet
  facet normal 0 0 -1
    outer loop
      vertex -54.7426 43.4926 0
      vertex -68.5 54.5 0
      vertex -54.3064 43.8881 0
    endloop
  endfacet
  facet normal 0 0 -1
    outer loop
      vertex -55.1381 43.0564 0
      vertex -68.5 54.5 0
      vertex -54.7426 43.4926 0
    endloop
  endfacet
  facet normal 0 0 -1
    outer loop
      vertex -55.4888 42.5834 0
      vertex -68.5 54.5 0
      vertex -55.1381 43.0564 0
    endloop
  endfacet
  facet normal 0 0 -1
    outer loop
      vertex -55.7915 42.0784 0
      vertex -68.5 54.5 0
      vertex -55.4888 42.5834 0
    endloop
  endfacet
  facet normal 0 0 -1
    outer loop
      vertex -56.0433 41.5461 0
      vertex -68.5 54.5 0
      vertex -55.7915 42.0784 0
    endloop
  endfacet
  facet normal 0 0 -1
    outer loop
      vertex -56.2416 40.9917 0
      vertex -68.5 54.5 0
      vertex -56.0433 41.5461 0
    endloop
  endfacet
  facet normal 0 0 -1
    outer loop
      vertex -56.3847 40.4205 0
      vertex -68.5 54.5 0
      vertex -56.2416 40.9917 0
    endloop
  endfacet
  facet normal 0 -1 0
    outer loop
      vertex 65.5 50.5 140.5
      vertex 53.5 50.5 142
      vertex 53.5 50.5 140.5
    endloop
  endfacet
  facet normal 0 -1 0
    outer loop
      vertex 53.5 50.5 142
      vertex 65.5 50.5 140.5
      vertex 67.006 50.5 142
    endloop
  endfacet
  facet normal 0 -1 0
    outer loop
      vertex -65.5 50.5 140.5
      vertex -53.5 50.5 142
      vertex -67.006 50.5 142
    endloop
  endfacet
  facet normal 0 -1 -0
    outer loop
      vertex -53.5 50.5 142
      vertex -65.5 50.5 140.5
      vertex -53.5 50.5 140.5
    endloop
  endfacet
  facet normal 0 -1 0
    outer loop
      vertex 53.5 50.5 3.5
      vertex 65.5 50.5 134
      vertex 53.5 50.5 134
    endloop
  endfacet
  facet normal 0 -1 -0
    outer loop
      vertex 65.5 50.5 134
      vertex 53.5 50.5 3.5
      vertex 65.5 50.5 3.5
    endloop
  endfacet
  facet normal -1 0 0
    outer loop
      vertex 53.5 49 138
      vertex 53.5 50.5 140.5
      vertex 53.5 50.5 134
    endloop
  endfacet
  facet normal -1 0 0
    outer loop
      vertex 53.5 49 138
      vertex 53.5 50.5 134
      vertex 53.5 49 136.5
    endloop
  endfacet
  facet normal -1 -0 0
    outer loop
      vertex 53.5 50.5 140.5
      vertex 53.5 49 138
      vertex 53.5 50.0714 140.5
    endloop
  endfacet
  facet normal -1 0 0
    outer loop
      vertex 53.5 50.5 134
      vertex 53.5 54.5 3.5
      vertex 53.5 50.5 3.5
    endloop
  endfacet
  facet normal -1 0 0
    outer loop
      vertex 53.5 54.5 3.5
      vertex 53.5 50.5 134
      vertex 53.5 54.5 142
    endloop
  endfacet
  facet normal -1 0 0
    outer loop
      vertex 53.5 50.5 140.5
      vertex 53.5 54.5 142
      vertex 53.5 50.5 134
    endloop
  endfacet
  facet normal -1 -0 0
    outer loop
      vertex 53.5 54.5 142
      vertex 53.5 50.5 140.5
      vertex 53.5 50.5 142
    endloop
  endfacet
  facet normal 0 -0.919149 0.39391
    outer loop
      vertex 53.5 49 138
      vertex 65.5 50.0714 140.5
      vertex 53.5 50.0714 140.5
    endloop
  endfacet
  facet normal 0 -0.919149 0.39391
    outer loop
      vertex 65.5 50.0714 140.5
      vertex 53.5 49 138
      vertex 65.5 49 138
    endloop
  endfacet
  facet normal 0 -0.857493 -0.514496
    outer loop
      vertex 53.5 50.5 134
      vertex 65.5 49 136.5
      vertex 53.5 49 136.5
    endloop
  endfacet
  facet normal 0 -0.857493 -0.514496
    outer loop
      vertex 65.5 49 136.5
      vertex 53.5 50.5 134
      vertex 65.5 50.5 134
    endloop
  endfacet
  facet normal 0 -1 0
    outer loop
      vertex 53.5 49 136.5
      vertex 65.5 49 138
      vertex 53.5 49 138
    endloop
  endfacet
  facet normal 0 -1 -0
    outer loop
      vertex 65.5 49 138
      vertex 53.5 49 136.5
      vertex 65.5 49 136.5
    endloop
  endfacet
  facet normal -1 0 0
    outer loop
      vertex -82.5 0 27
      vertex -82.5 6.5 33
      vertex -82.5 6.5 27
    endloop
  endfacet
  facet normal -1 -0 0
    outer loop
      vertex -82.5 6.5 33
      vertex -82.5 0 27
      vertex -82.5 0 33
    endloop
  endfacet
  facet normal 0 1 0
    outer loop
      vertex -68.5 6.5 54
      vertex -75.0353 6.5 34.7272
      vertex -75.5 6.5 34.75
    endloop
  endfacet
  facet normal 0 1 0
    outer loop
      vertex -68.5 6.5 54
      vertex -75.0344 6.5 34.7271
      vertex -75.0353 6.5 34.7272
    endloop
  endfacet
  facet normal 0 1 0
    outer loop
      vertex -68.5 6.5 54
      vertex -74.5742 6.5 34.6589
      vertex -75.0344 6.5 34.7271
    endloop
  endfacet
  facet normal 0 1 0
    outer loop
      vertex -68.5 6.5 54
      vertex -74.5733 6.5 34.6587
      vertex -74.5742 6.5 34.6589
    endloop
  endfacet
  facet normal 0 1 0
    outer loop
      vertex -68.5 6.5 54
      vertex -74.5725 6.5 34.6585
      vertex -74.5733 6.5 34.6587
    endloop
  endfacet
  facet normal 0 1 0
    outer loop
      vertex -68.5 6.5 54
      vertex -74.1211 6.5 34.5455
      vertex -74.5725 6.5 34.6585
    endloop
  endfacet
  facet normal 0 1 0
    outer loop
      vertex -68.5 6.5 54
      vertex -74.1203 6.5 34.5452
      vertex -74.1211 6.5 34.5455
    endloop
  endfacet
  facet normal 0 1 0
    outer loop
      vertex -68.5 6.5 54
      vertex -73.6823 6.5 34.3884
      vertex -74.1203 6.5 34.5452
    endloop
  endfacet
  facet normal 0 1 0
    outer loop
      vertex -68.5 6.5 54
      vertex -73.2617 6.5 34.1895
      vertex -73.6823 6.5 34.3884
    endloop
  endfacet
  facet normal 0 1 0
    outer loop
      vertex -68.5 6.5 54
      vertex -73.2609 6.5 34.1891
      vertex -73.2617 6.5 34.1895
    endloop
  endfacet
  facet normal 0 1 0
    outer loop
      vertex -68.5 6.5 54
      vertex -72.8618 6.5 33.9499
      vertex -73.2609 6.5 34.1891
    endloop
  endfacet
  facet normal 0 1 0
    outer loop
      vertex -68.5 6.5 54
      vertex -72.861 6.5 33.9495
      vertex -72.8618 6.5 33.9499
    endloop
  endfacet
  facet normal 0 1 0
    outer loop
      vertex -68.5 6.5 54
      vertex -72.8603 6.5 33.949
      vertex -72.861 6.5 33.9495
    endloop
  endfacet
  facet normal 0 1 0
    outer loop
      vertex -68.5 6.5 54
      vertex -72.4866 6.5 33.6718
      vertex -72.8603 6.5 33.949
    endloop
  endfacet
  facet normal 0 1 0
    outer loop
      vertex -68.5 6.5 54
      vertex -72.486 6.5 33.6712
      vertex -72.4866 6.5 33.6718
    endloop
  endfacet
  facet normal 0 1 0
    outer loop
      vertex -68.5 6.5 54
      vertex -72.1412 6.5 33.3588
      vertex -72.486 6.5 33.6712
    endloop
  endfacet
  facet normal 0 1 0
    outer loop
      vertex -68.5 6.5 54
      vertex -71.8288 6.5 33.014
      vertex -72.1412 6.5 33.3588
    endloop
  endfacet
  facet normal 0 1 0
    outer loop
      vertex -68.5 6.5 54
      vertex -71.8282 6.5 33.0134
      vertex -71.8288 6.5 33.014
    endloop
  endfacet
  facet normal 0 1 0
    outer loop
      vertex -68.5 6.5 54
      vertex -71.551 6.5 32.6397
      vertex -71.8282 6.5 33.0134
    endloop
  endfacet
  facet normal 0 1 0
    outer loop
      vertex -68.5 6.5 54
      vertex -71.5505 6.5 32.639
      vertex -71.551 6.5 32.6397
    endloop
  endfacet
  facet normal 0 1 0
    outer loop
      vertex -68.5 6.5 54
      vertex -71.5501 6.5 32.6382
      vertex -71.5505 6.5 32.639
    endloop
  endfacet
  facet normal 0 1 0
    outer loop
      vertex -68.5 6.5 54
      vertex -71.3109 6.5 32.2391
      vertex -71.5501 6.5 32.6382
    endloop
  endfacet
  facet normal 0 1 0
    outer loop
      vertex -68.5 6.5 54
      vertex -71.3105 6.5 32.2383
      vertex -71.3109 6.5 32.2391
    endloop
  endfacet
  facet normal 0 1 0
    outer loop
      vertex -68.5 6.5 54
      vertex -71.1116 6.5 31.8177
      vertex -71.3105 6.5 32.2383
    endloop
  endfacet
  facet normal 0 1 0
    outer loop
      vertex -68.5 6.5 54
      vertex -70.9548 6.5 31.3797
      vertex -71.1116 6.5 31.8177
    endloop
  endfacet
  facet normal 0 1 0
    outer loop
      vertex -68.5 6.5 54
      vertex -70.9545 6.5 31.3789
      vertex -70.9548 6.5 31.3797
    endloop
  endfacet
  facet normal 0 1 0
    outer loop
      vertex -68.5 6.5 54
      vertex -70.8415 6.5 30.9275
      vertex -70.9545 6.5 31.3789
    endloop
  endfacet
  facet normal 0 1 0
    outer loop
      vertex -68.5 6.5 54
      vertex -70.8413 6.5 30.9267
      vertex -70.8415 6.5 30.9275
    endloop
  endfacet
  facet normal 0 1 0
    outer loop
      vertex -68.5 6.5 54
      vertex -70.8411 6.5 30.9258
      vertex -70.8413 6.5 30.9267
    endloop
  endfacet
  facet normal 0 1 0
    outer loop
      vertex -68.5 6.5 54
      vertex -70.7729 6.5 30.4656
      vertex -70.8411 6.5 30.9258
    endloop
  endfacet
  facet normal 0 1 0
    outer loop
      vertex -68.5 6.5 54
      vertex -70.75 6.5 30.0009
      vertex -70.7729 6.5 30.4656
    endloop
  endfacet
  facet normal 0 1 0
    outer loop
      vertex -68.5 6.5 54
      vertex -70.75 6.5 30
      vertex -70.75 6.5 30.0009
    endloop
  endfacet
  facet normal 0 1 -0
    outer loop
      vertex -68.5 6.5 6
      vertex -70.75 6.5 30
      vertex -68.5 6.5 54
    endloop
  endfacet
  facet normal 0 1 0
    outer loop
      vertex -70.75 6.5 30
      vertex -68.5 6.5 6
      vertex -70.75 6.5 29.9991
    endloop
  endfacet
  facet normal 0 1 0
    outer loop
      vertex -70.9545 6.5 28.6211
      vertex -71.1116 6.5 28.1823
      vertex -70.9548 6.5 28.6203
    endloop
  endfacet
  facet normal 0 1 0
    outer loop
      vertex -68.5 6.5 6
      vertex -71.5501 6.5 27.3618
      vertex -71.3109 6.5 27.7609
    endloop
  endfacet
  facet normal 0 1 0
    outer loop
      vertex -68.5 6.5 6
      vertex -71.551 6.5 27.3603
      vertex -71.5505 6.5 27.361
    endloop
  endfacet
  facet normal 0 1 0
    outer loop
      vertex -68.5 6.5 6
      vertex -72.8603 6.5 26.051
      vertex -72.4866 6.5 26.3282
    endloop
  endfacet
  facet normal 0 1 0
    outer loop
      vertex -68.5 6.5 6
      vertex -72.8618 6.5 26.0501
      vertex -72.861 6.5 26.0505
    endloop
  endfacet
  facet normal 0 1 0
    outer loop
      vertex -68.5 6.5 6
      vertex -74.5742 6.5 25.3411
      vertex -74.5733 6.5 25.3413
    endloop
  endfacet
  facet normal 0 1 0
    outer loop
      vertex -75.4991 6.5 25.25
      vertex -68.5 6.5 6
      vertex -75.5 6.5 25.25
    endloop
  endfacet
  facet normal 0 1 0
    outer loop
      vertex -75.0344 6.5 25.2729
      vertex -68.5 6.5 6
      vertex -75.4991 6.5 25.25
    endloop
  endfacet
  facet normal 0 1 0
    outer loop
      vertex -74.5742 6.5 25.3411
      vertex -68.5 6.5 6
      vertex -75.0344 6.5 25.2729
    endloop
  endfacet
  facet normal 0 1 0
    outer loop
      vertex -74.5725 6.5 25.3415
      vertex -68.5 6.5 6
      vertex -74.5733 6.5 25.3413
    endloop
  endfacet
  facet normal 0 1 0
    outer loop
      vertex -74.1211 6.5 25.4545
      vertex -68.5 6.5 6
      vertex -74.5725 6.5 25.3415
    endloop
  endfacet
  facet normal 0 1 0
    outer loop
      vertex -74.1203 6.5 25.4548
      vertex -68.5 6.5 6
      vertex -74.1211 6.5 25.4545
    endloop
  endfacet
  facet normal 0 1 0
    outer loop
      vertex -73.6823 6.5 25.6116
      vertex -68.5 6.5 6
      vertex -74.1203 6.5 25.4548
    endloop
  endfacet
  facet normal 0 1 0
    outer loop
      vertex -73.2617 6.5 25.8105
      vertex -68.5 6.5 6
      vertex -73.6823 6.5 25.6116
    endloop
  endfacet
  facet normal 0 1 0
    outer loop
      vertex -73.2609 6.5 25.8109
      vertex -68.5 6.5 6
      vertex -73.2617 6.5 25.8105
    endloop
  endfacet
  facet normal 0 1 0
    outer loop
      vertex -72.8618 6.5 26.0501
      vertex -68.5 6.5 6
      vertex -73.2609 6.5 25.8109
    endloop
  endfacet
  facet normal 0 1 0
    outer loop
      vertex -72.8603 6.5 26.051
      vertex -68.5 6.5 6
      vertex -72.861 6.5 26.0505
    endloop
  endfacet
  facet normal 0 1 0
    outer loop
      vertex -72.486 6.5 26.3288
      vertex -68.5 6.5 6
      vertex -72.4866 6.5 26.3282
    endloop
  endfacet
  facet normal 0 1 0
    outer loop
      vertex -72.1412 6.5 26.6412
      vertex -68.5 6.5 6
      vertex -72.486 6.5 26.3288
    endloop
  endfacet
  facet normal 0 1 0
    outer loop
      vertex -71.8288 6.5 26.986
      vertex -68.5 6.5 6
      vertex -72.1412 6.5 26.6412
    endloop
  endfacet
  facet normal 0 1 0
    outer loop
      vertex -71.8282 6.5 26.9866
      vertex -68.5 6.5 6
      vertex -71.8288 6.5 26.986
    endloop
  endfacet
  facet normal 0 1 0
    outer loop
      vertex -71.551 6.5 27.3603
      vertex -68.5 6.5 6
      vertex -71.8282 6.5 26.9866
    endloop
  endfacet
  facet normal 0 1 0
    outer loop
      vertex -71.5501 6.5 27.3618
      vertex -68.5 6.5 6
      vertex -71.5505 6.5 27.361
    endloop
  endfacet
  facet normal 0 1 0
    outer loop
      vertex -71.3105 6.5 27.7617
      vertex -68.5 6.5 6
      vertex -71.3109 6.5 27.7609
    endloop
  endfacet
  facet normal 0 1 0
    outer loop
      vertex -71.1116 6.5 28.1823
      vertex -68.5 6.5 6
      vertex -71.3105 6.5 27.7617
    endloop
  endfacet
  facet normal 0 1 0
    outer loop
      vertex -70.9545 6.5 28.6211
      vertex -68.5 6.5 6
      vertex -71.1116 6.5 28.1823
    endloop
  endfacet
  facet normal 0 1 0
    outer loop
      vertex -70.8415 6.5 29.0725
      vertex -68.5 6.5 6
      vertex -70.9545 6.5 28.6211
    endloop
  endfacet
  facet normal 0 1 0
    outer loop
      vertex -70.8413 6.5 29.0733
      vertex -68.5 6.5 6
      vertex -70.8415 6.5 29.0725
    endloop
  endfacet
  facet normal 0 1 0
    outer loop
      vertex -70.8411 6.5 29.0742
      vertex -68.5 6.5 6
      vertex -70.8413 6.5 29.0733
    endloop
  endfacet
  facet normal 0 1 0
    outer loop
      vertex -70.7729 6.5 29.5344
      vertex -68.5 6.5 6
      vertex -70.8411 6.5 29.0742
    endloop
  endfacet
  facet normal 0 1 0
    outer loop
      vertex -70.75 6.5 29.9991
      vertex -68.5 6.5 6
      vertex -70.7729 6.5 29.5344
    endloop
  endfacet
  facet normal 0 1 0
    outer loop
      vertex -75.9647 6.5 34.7272
      vertex -68.5 6.5 54
      vertex -75.5 6.5 34.75
    endloop
  endfacet
  facet normal 0 1 0
    outer loop
      vertex -75.9656 6.5 34.7271
      vertex -68.5 6.5 54
      vertex -75.9647 6.5 34.7272
    endloop
  endfacet
  facet normal 0 1 0
    outer loop
      vertex -76.4258 6.5 34.6589
      vertex -68.5 6.5 54
      vertex -75.9656 6.5 34.7271
    endloop
  endfacet
  facet normal 0 1 0
    outer loop
      vertex -76.4267 6.5 34.6587
      vertex -68.5 6.5 54
      vertex -76.4258 6.5 34.6589
    endloop
  endfacet
  facet normal 0 1 0
    outer loop
      vertex -76.4275 6.5 34.6585
      vertex -68.5 6.5 54
      vertex -76.4267 6.5 34.6587
    endloop
  endfacet
  facet normal 0 1 0
    outer loop
      vertex -76.8789 6.5 34.5455
      vertex -68.5 6.5 54
      vertex -76.4275 6.5 34.6585
    endloop
  endfacet
  facet normal 0 1 0
    outer loop
      vertex -76.8797 6.5 34.5452
      vertex -68.5 6.5 54
      vertex -76.8789 6.5 34.5455
    endloop
  endfacet
  facet normal 0 1 0
    outer loop
      vertex -77.3177 6.5 34.3884
      vertex -68.5 6.5 54
      vertex -76.8797 6.5 34.5452
    endloop
  endfacet
  facet normal 0 1 0
    outer loop
      vertex -82.5 6.5 33
      vertex -77.3177 6.5 34.3884
      vertex -77.7383 6.5 34.1895
    endloop
  endfacet
  facet normal 0 1 0
    outer loop
      vertex -82.5 6.5 33
      vertex -77.7383 6.5 34.1895
      vertex -77.7391 6.5 34.1891
    endloop
  endfacet
  facet normal 0 1 0
    outer loop
      vertex -82.5 6.5 33
      vertex -77.7391 6.5 34.1891
      vertex -78.1382 6.5 33.9499
    endloop
  endfacet
  facet normal 0 1 0
    outer loop
      vertex -82.5 6.5 33
      vertex -78.1382 6.5 33.9499
      vertex -78.139 6.5 33.9495
    endloop
  endfacet
  facet normal 0 1 0
    outer loop
      vertex -82.5 6.5 33
      vertex -78.139 6.5 33.9495
      vertex -78.1397 6.5 33.949
    endloop
  endfacet
  facet normal 0 1 0
    outer loop
      vertex -82.5 6.5 33
      vertex -78.1397 6.5 33.949
      vertex -78.5134 6.5 33.6718
    endloop
  endfacet
  facet normal 0 1 0
    outer loop
      vertex -82.5 6.5 33
      vertex -78.5134 6.5 33.6718
      vertex -78.514 6.5 33.6712
    endloop
  endfacet
  facet normal 0 1 0
    outer loop
      vertex -82.5 6.5 33
      vertex -78.514 6.5 33.6712
      vertex -78.8588 6.5 33.3588
    endloop
  endfacet
  facet normal 0 1 0
    outer loop
      vertex -82.5 6.5 33
      vertex -78.8588 6.5 33.3588
      vertex -79.1712 6.5 33.014
    endloop
  endfacet
  facet normal 0 1 0
    outer loop
      vertex -82.5 6.5 33
      vertex -79.1712 6.5 33.014
      vertex -79.1718 6.5 33.0134
    endloop
  endfacet
  facet normal 0 1 -0
    outer loop
      vertex -77.3177 6.5 34.3884
      vertex -82.5 6.5 33
      vertex -68.5 6.5 54
    endloop
  endfacet
  facet normal 0 1 -0
    outer loop
      vertex -79.449 6.5 32.6397
      vertex -82.5 6.5 33
      vertex -79.1718 6.5 33.0134
    endloop
  endfacet
  facet normal 0 1 -0
    outer loop
      vertex -79.4495 6.5 32.639
      vertex -82.5 6.5 33
      vertex -79.449 6.5 32.6397
    endloop
  endfacet
  facet normal 0 1 -0
    outer loop
      vertex -79.4499 6.5 32.6382
      vertex -82.5 6.5 33
      vertex -79.4495 6.5 32.639
    endloop
  endfacet
  facet normal 0 1 -0
    outer loop
      vertex -79.6891 6.5 32.2391
      vertex -82.5 6.5 33
      vertex -79.4499 6.5 32.6382
    endloop
  endfacet
  facet normal 0 1 -0
    outer loop
      vertex -79.6895 6.5 32.2383
      vertex -82.5 6.5 33
      vertex -79.6891 6.5 32.2391
    endloop
  endfacet
  facet normal 0 1 -0
    outer loop
      vertex -79.8884 6.5 31.8177
      vertex -82.5 6.5 33
      vertex -79.6895 6.5 32.2383
    endloop
  endfacet
  facet normal 0 1 -0
    outer loop
      vertex -80.0452 6.5 31.3797
      vertex -82.5 6.5 33
      vertex -79.8884 6.5 31.8177
    endloop
  endfacet
  facet normal 0 1 -0
    outer loop
      vertex -80.0455 6.5 31.3789
      vertex -82.5 6.5 33
      vertex -80.0452 6.5 31.3797
    endloop
  endfacet
  facet normal 0 1 -0
    outer loop
      vertex -80.1585 6.5 30.9275
      vertex -82.5 6.5 33
      vertex -80.0455 6.5 31.3789
    endloop
  endfacet
  facet normal 0 1 -0
    outer loop
      vertex -80.1587 6.5 30.9267
      vertex -82.5 6.5 33
      vertex -80.1585 6.5 30.9275
    endloop
  endfacet
  facet normal 0 1 -0
    outer loop
      vertex -80.1589 6.5 30.9258
      vertex -82.5 6.5 33
      vertex -80.1587 6.5 30.9267
    endloop
  endfacet
  facet normal 0 1 -0
    outer loop
      vertex -80.2271 6.5 30.4656
      vertex -82.5 6.5 33
      vertex -80.1589 6.5 30.9258
    endloop
  endfacet
  facet normal 0 1 -0
    outer loop
      vertex -80.2272 6.5 30.4647
      vertex -82.5 6.5 33
      vertex -80.2271 6.5 30.4656
    endloop
  endfacet
  facet normal 0 1 -0
    outer loop
      vertex -80.25 6.5 30
      vertex -82.5 6.5 33
      vertex -80.2272 6.5 30.4647
    endloop
  endfacet
  facet normal 0 1 0
    outer loop
      vertex -82.5 6.5 27
      vertex -80.25 6.5 30
      vertex -80.2272 6.5 29.5353
    endloop
  endfacet
  facet normal 0 1 0
    outer loop
      vertex -82.5 6.5 27
      vertex -80.2272 6.5 29.5353
      vertex -80.2271 6.5 29.5344
    endloop
  endfacet
  facet normal 0 1 0
    outer loop
      vertex -82.5 6.5 27
      vertex -80.2271 6.5 29.5344
      vertex -80.1589 6.5 29.0742
    endloop
  endfacet
  facet normal 0 1 0
    outer loop
      vertex -82.5 6.5 27
      vertex -80.1589 6.5 29.0742
      vertex -80.1587 6.5 29.0733
    endloop
  endfacet
  facet normal 0 1 0
    outer loop
      vertex -82.5 6.5 27
      vertex -80.1587 6.5 29.0733
      vertex -80.1585 6.5 29.0725
    endloop
  endfacet
  facet normal 0 1 0
    outer loop
      vertex -82.5 6.5 27
      vertex -80.1585 6.5 29.0725
      vertex -80.0455 6.5 28.6211
    endloop
  endfacet
  facet normal 0 1 0
    outer loop
      vertex -82.5 6.5 27
      vertex -80.0455 6.5 28.6211
      vertex -80.0452 6.5 28.6203
    endloop
  endfacet
  facet normal 0 1 0
    outer loop
      vertex -82.5 6.5 27
      vertex -80.0452 6.5 28.6203
      vertex -79.8884 6.5 28.1823
    endloop
  endfacet
  facet normal 0 1 0
    outer loop
      vertex -82.5 6.5 27
      vertex -79.8884 6.5 28.1823
      vertex -79.6895 6.5 27.7617
    endloop
  endfacet
  facet normal 0 1 0
    outer loop
      vertex -82.5 6.5 27
      vertex -79.6895 6.5 27.7617
      vertex -79.6891 6.5 27.7609
    endloop
  endfacet
  facet normal 0 1 0
    outer loop
      vertex -80.25 6.5 30
      vertex -82.5 6.5 27
      vertex -82.5 6.5 33
    endloop
  endfacet
  facet normal 0 1 0
    outer loop
      vertex -79.4499 6.5 27.3618
      vertex -82.5 6.5 27
      vertex -79.6891 6.5 27.7609
    endloop
  endfacet
  facet normal 0 1 0
    outer loop
      vertex -79.4495 6.5 27.361
      vertex -82.5 6.5 27
      vertex -79.4499 6.5 27.3618
    endloop
  endfacet
  facet normal 0 1 0
    outer loop
      vertex -79.449 6.5 27.3603
      vertex -82.5 6.5 27
      vertex -79.4495 6.5 27.361
    endloop
  endfacet
  facet normal 0 1 0
    outer loop
      vertex -79.1718 6.5 26.9866
      vertex -82.5 6.5 27
      vertex -79.449 6.5 27.3603
    endloop
  endfacet
  facet normal 0 1 0
    outer loop
      vertex -79.1712 6.5 26.986
      vertex -82.5 6.5 27
      vertex -79.1718 6.5 26.9866
    endloop
  endfacet
  facet normal 0 1 0
    outer loop
      vertex -78.8588 6.5 26.6412
      vertex -82.5 6.5 27
      vertex -79.1712 6.5 26.986
    endloop
  endfacet
  facet normal 0 1 0
    outer loop
      vertex -78.514 6.5 26.3288
      vertex -82.5 6.5 27
      vertex -78.8588 6.5 26.6412
    endloop
  endfacet
  facet normal 0 1 0
    outer loop
      vertex -78.5134 6.5 26.3282
      vertex -82.5 6.5 27
      vertex -78.514 6.5 26.3288
    endloop
  endfacet
  facet normal 0 1 0
    outer loop
      vertex -78.1397 6.5 26.051
      vertex -82.5 6.5 27
      vertex -78.5134 6.5 26.3282
    endloop
  endfacet
  facet normal 0 1 0
    outer loop
      vertex -78.139 6.5 26.0505
      vertex -82.5 6.5 27
      vertex -78.1397 6.5 26.051
    endloop
  endfacet
  facet normal 0 1 0
    outer loop
      vertex -78.1382 6.5 26.0501
      vertex -82.5 6.5 27
      vertex -78.139 6.5 26.0505
    endloop
  endfacet
  facet normal 0 1 0
    outer loop
      vertex -77.7391 6.5 25.8109
      vertex -82.5 6.5 27
      vertex -78.1382 6.5 26.0501
    endloop
  endfacet
  facet normal 0 1 0
    outer loop
      vertex -77.7383 6.5 25.8105
      vertex -82.5 6.5 27
      vertex -77.7391 6.5 25.8109
    endloop
  endfacet
  facet normal 0 1 0
    outer loop
      vertex -77.3177 6.5 25.6116
      vertex -82.5 6.5 27
      vertex -77.7383 6.5 25.8105
    endloop
  endfacet
  facet normal 0 1 0
    outer loop
      vertex -68.5 6.5 6
      vertex -77.3177 6.5 25.6116
      vertex -76.8797 6.5 25.4548
    endloop
  endfacet
  facet normal 0 1 0
    outer loop
      vertex -68.5 6.5 6
      vertex -76.8797 6.5 25.4548
      vertex -76.8789 6.5 25.4545
    endloop
  endfacet
  facet normal 0 1 0
    outer loop
      vertex -68.5 6.5 6
      vertex -76.4258 6.5 25.3411
      vertex -75.9656 6.5 25.2729
    endloop
  endfacet
  facet normal 0 1 0
    outer loop
      vertex -77.3177 6.5 25.6116
      vertex -68.5 6.5 6
      vertex -82.5 6.5 27
    endloop
  endfacet
  facet normal 0 1 0
    outer loop
      vertex -76.4275 6.5 25.3415
      vertex -68.5 6.5 6
      vertex -76.8789 6.5 25.4545
    endloop
  endfacet
  facet normal 0 1 0
    outer loop
      vertex -76.4267 6.5 25.3413
      vertex -68.5 6.5 6
      vertex -76.4275 6.5 25.3415
    endloop
  endfacet
  facet normal 0 1 0
    outer loop
      vertex -76.4258 6.5 25.3411
      vertex -68.5 6.5 6
      vertex -76.4267 6.5 25.3413
    endloop
  endfacet
  facet normal 0 1 0
    outer loop
      vertex -75.5009 6.5 25.25
      vertex -68.5 6.5 6
      vertex -75.9656 6.5 25.2729
    endloop
  endfacet
  facet normal 0 1 0
    outer loop
      vertex -68.5 6.5 6
      vertex -75.5009 6.5 25.25
      vertex -75.5 6.5 25.25
    endloop
  endfacet
  facet normal -1 0 0
    outer loop
      vertex -68.5 0 88
      vertex -68.5 9.75 65.5359
      vertex -68.5 0 54
    endloop
  endfacet
  facet normal -1 0 0
    outer loop
      vertex -68.5 9.75 65.5359
      vertex -68.5 0 88
      vertex -68.5 6.5 88
    endloop
  endfacet
  facet normal -1 0 0
    outer loop
      vertex -68.5 33.75 34.3205
      vertex -68.5 31.75 34.3205
      vertex -68.5 32.75 36.5885
    endloop
  endfacet
  facet normal -1 0 0
    outer loop
      vertex -68.5 26.75 42.9808
      vertex -68.5 32.75 36.5885
      vertex -68.5 31.75 34.3205
    endloop
  endfacet
  facet normal -1 0 0
    outer loop
      vertex -68.5 25.75 45.2487
      vertex -68.5 27.75 45.2487
      vertex -68.5 26.75 42.9808
    endloop
  endfacet
  facet normal -1 0 0
    outer loop
      vertex -68.5 32.75 36.5885
      vertex -68.5 26.75 42.9808
      vertex -68.5 27.75 45.2487
    endloop
  endfacet
  facet normal -1 0 0
    outer loop
      vertex -68.5 33.75 65.5359
      vertex -68.5 31.75 65.5359
      vertex -68.5 32.75 67.8038
    endloop
  endfacet
  facet normal -1 0 0
    outer loop
      vertex -68.5 26.75 74.1962
      vertex -68.5 32.75 67.8038
      vertex -68.5 31.75 65.5359
    endloop
  endfacet
  facet normal -1 0 0
    outer loop
      vertex -68.5 25.75 76.4641
      vertex -68.5 27.75 76.4641
      vertex -68.5 26.75 74.1962
    endloop
  endfacet
  facet normal -1 0 0
    outer loop
      vertex -68.5 32.75 67.8038
      vertex -68.5 26.75 74.1962
      vertex -68.5 27.75 76.4641
    endloop
  endfacet
  facet normal -1 0 0
    outer loop
      vertex -68.5 33.75 96.7513
      vertex -68.5 31.75 96.7513
      vertex -68.5 32.75 99.0192
    endloop
  endfacet
  facet normal -1 0 0
    outer loop
      vertex -68.5 26.75 105.412
      vertex -68.5 32.75 99.0192
      vertex -68.5 31.75 96.7513
    endloop
  endfacet
  facet normal -1 0 0
    outer loop
      vertex -68.5 25.75 107.68
      vertex -68.5 27.75 107.68
      vertex -68.5 26.75 105.412
    endloop
  endfacet
  facet normal -1 0 0
    outer loop
      vertex -68.5 32.75 99.0192
      vertex -68.5 26.75 105.412
      vertex -68.5 27.75 107.68
    endloop
  endfacet
  facet normal -1 0 0
    outer loop
      vertex -68.5 21.75 34.3205
      vertex -68.5 19.75 34.3205
      vertex -68.5 20.75 36.5885
    endloop
  endfacet
  facet normal -1 0 0
    outer loop
      vertex -68.5 14.75 42.9808
      vertex -68.5 20.75 36.5885
      vertex -68.5 19.75 34.3205
    endloop
  endfacet
  facet normal -1 0 0
    outer loop
      vertex -68.5 6.5 54
      vertex -68.5 15.75 45.2487
      vertex -68.5 14.75 42.9808
    endloop
  endfacet
  facet normal -1 0 0
    outer loop
      vertex -68.5 20.75 36.5885
      vertex -68.5 14.75 42.9808
      vertex -68.5 15.75 45.2487
    endloop
  endfacet
  facet normal -1 0 0
    outer loop
      vertex -68.5 21.75 65.5359
      vertex -68.5 19.75 65.5359
      vertex -68.5 20.75 67.8038
    endloop
  endfacet
  facet normal -1 0 0
    outer loop
      vertex -68.5 14.75 74.1962
      vertex -68.5 20.75 67.8038
      vertex -68.5 19.75 65.5359
    endloop
  endfacet
  facet normal -1 -0 0
    outer loop
      vertex -68.5 15.75 76.4641
      vertex -68.5 14.75 74.1962
      vertex -68.5 15.75 81.1436
    endloop
  endfacet
  facet normal -1 0 0
    outer loop
      vertex -68.5 20.75 67.8038
      vertex -68.5 14.75 74.1962
      vertex -68.5 15.75 76.4641
    endloop
  endfacet
  facet normal -1 0 0
    outer loop
      vertex -68.5 21.75 96.7513
      vertex -68.5 19.75 96.7513
      vertex -68.5 20.75 99.0192
    endloop
  endfacet
  facet normal -1 0 0
    outer loop
      vertex -68.5 14.75 105.412
      vertex -68.5 20.75 99.0192
      vertex -68.5 19.75 96.7513
    endloop
  endfacet
  facet normal -1 -0 0
    outer loop
      vertex -68.5 15.75 107.68
      vertex -68.5 14.75 105.412
      vertex -68.5 15.75 112.359
    endloop
  endfacet
  facet normal -1 0 0
    outer loop
      vertex -68.5 20.75 99.0192
      vertex -68.5 14.75 105.412
      vertex -68.5 15.75 107.68
    endloop
  endfacet
  facet normal -1 0 0
    outer loop
      vertex -68.5 32.75 99.0192
      vertex -68.5 38.75 105.412
      vertex -68.5 33.75 96.7513
    endloop
  endfacet
  facet normal -1 -0 0
    outer loop
      vertex -68.5 38.75 105.412
      vertex -68.5 32.75 99.0192
      vertex -68.5 37.75 107.68
    endloop
  endfacet
  facet normal -1 0 0
    outer loop
      vertex -68.5 33.75 92.0718
      vertex -68.5 31.75 92.0718
      vertex -68.5 33.75 96.7513
    endloop
  endfacet
  facet normal -1 0 0
    outer loop
      vertex -68.5 31.75 96.7513
      vertex -68.5 33.75 96.7513
      vertex -68.5 31.75 92.0718
    endloop
  endfacet
  facet normal -1 0 0
    outer loop
      vertex -68.5 26.75 83.4115
      vertex -68.5 32.75 89.8038
      vertex -68.5 27.75 81.1436
    endloop
  endfacet
  facet normal -1 -0 0
    outer loop
      vertex -68.5 32.75 89.8038
      vertex -68.5 26.75 83.4115
      vertex -68.5 31.75 92.0718
    endloop
  endfacet
  facet normal -1 0 0
    outer loop
      vertex -68.5 27.75 76.4641
      vertex -68.5 25.75 76.4641
      vertex -68.5 27.75 81.1436
    endloop
  endfacet
  facet normal -1 0 0
    outer loop
      vertex -68.5 25.75 81.1436
      vertex -68.5 27.75 81.1436
      vertex -68.5 25.75 76.4641
    endloop
  endfacet
  facet normal -1 0 0
    outer loop
      vertex -68.5 20.75 67.8038
      vertex -68.5 26.75 74.1962
      vertex -68.5 21.75 65.5359
    endloop
  endfacet
  facet normal -1 -0 0
    outer loop
      vertex -68.5 26.75 74.1962
      vertex -68.5 20.75 67.8038
      vertex -68.5 25.75 76.4641
    endloop
  endfacet
  facet normal -1 0 0
    outer loop
      vertex -68.5 21.75 60.8564
      vertex -68.5 19.75 60.8564
      vertex -68.5 21.75 65.5359
    endloop
  endfacet
  facet normal -1 0 0
    outer loop
      vertex -68.5 19.75 65.5359
      vertex -68.5 21.75 65.5359
      vertex -68.5 19.75 60.8564
    endloop
  endfacet
  facet normal -1 0 0
    outer loop
      vertex -68.5 14.75 52.1962
      vertex -68.5 20.75 58.5885
      vertex -68.5 15.75 49.9282
    endloop
  endfacet
  facet normal -1 -0 0
    outer loop
      vertex -68.5 20.75 58.5885
      vertex -68.5 14.75 52.1962
      vertex -68.5 19.75 60.8564
    endloop
  endfacet
  facet normal -1 0 0
    outer loop
      vertex -68.5 15.75 45.2487
      vertex -68.5 6.5 54
      vertex -68.5 15.75 49.9282
    endloop
  endfacet
  facet normal -1 0 0
    outer loop
      vertex -68.5 6.5 54
      vertex -68.5 14.75 42.9808
      vertex -68.5 9.75 34.3205
    endloop
  endfacet
  facet normal -1 0 0
    outer loop
      vertex -68.5 15.75 49.9282
      vertex -68.5 6.5 54
      vertex -68.5 14.75 52.1962
    endloop
  endfacet
  facet normal -1 0 0
    outer loop
      vertex -68.5 38.75 74.1962
      vertex -68.5 43.75 92.0718
      vertex -68.5 43.75 65.5359
    endloop
  endfacet
  facet normal -1 0 0
    outer loop
      vertex -68.5 38.75 74.1962
      vertex -68.5 38.75 83.4115
      vertex -68.5 43.75 92.0718
    endloop
  endfacet
  facet normal -1 0 0
    outer loop
      vertex -68.5 38.75 74.1962
      vertex -68.5 37.75 76.4641
      vertex -68.5 38.75 83.4115
    endloop
  endfacet
  facet normal -1 0 0
    outer loop
      vertex -68.5 32.75 67.8038
      vertex -68.5 38.75 74.1962
      vertex -68.5 33.75 65.5359
    endloop
  endfacet
  facet normal -1 -0 0
    outer loop
      vertex -68.5 38.75 74.1962
      vertex -68.5 32.75 67.8038
      vertex -68.5 37.75 76.4641
    endloop
  endfacet
  facet normal -1 0 0
    outer loop
      vertex -68.5 33.75 60.8564
      vertex -68.5 31.75 60.8564
      vertex -68.5 33.75 65.5359
    endloop
  endfacet
  facet normal -1 0 0
    outer loop
      vertex -68.5 31.75 65.5359
      vertex -68.5 33.75 65.5359
      vertex -68.5 31.75 60.8564
    endloop
  endfacet
  facet normal -1 0 0
    outer loop
      vertex -68.5 26.75 52.1962
      vertex -68.5 32.75 58.5885
      vertex -68.5 27.75 49.9282
    endloop
  endfacet
  facet normal -1 -0 0
    outer loop
      vertex -68.5 32.75 58.5885
      vertex -68.5 26.75 52.1962
      vertex -68.5 31.75 60.8564
    endloop
  endfacet
  facet normal -1 0 0
    outer loop
      vertex -68.5 27.75 45.2487
      vertex -68.5 25.75 45.2487
      vertex -68.5 27.75 49.9282
    endloop
  endfacet
  facet normal -1 0 0
    outer loop
      vertex -68.5 25.75 49.9282
      vertex -68.5 27.75 49.9282
      vertex -68.5 25.75 45.2487
    endloop
  endfacet
  facet normal -1 0 0
    outer loop
      vertex -68.5 20.75 36.5885
      vertex -68.5 26.75 42.9808
      vertex -68.5 21.75 34.3205
    endloop
  endfacet
  facet normal -1 -0 0
    outer loop
      vertex -68.5 26.75 42.9808
      vertex -68.5 20.75 36.5885
      vertex -68.5 25.75 45.2487
    endloop
  endfacet
  facet normal -1 0 0
    outer loop
      vertex -68.5 38.75 42.9808
      vertex -68.5 43.75 60.8564
      vertex -68.5 43.75 34.3205
    endloop
  endfacet
  facet normal -1 0 0
    outer loop
      vertex -68.5 38.75 42.9808
      vertex -68.5 38.75 52.1962
      vertex -68.5 43.75 60.8564
    endloop
  endfacet
  facet normal -1 0 0
    outer loop
      vertex -68.5 38.75 42.9808
      vertex -68.5 37.75 45.2487
      vertex -68.5 38.75 52.1962
    endloop
  endfacet
  facet normal -1 0 0
    outer loop
      vertex -68.5 32.75 36.5885
      vertex -68.5 38.75 42.9808
      vertex -68.5 33.75 34.3205
    endloop
  endfacet
  facet normal -1 -0 0
    outer loop
      vertex -68.5 38.75 42.9808
      vertex -68.5 32.75 36.5885
      vertex -68.5 37.75 45.2487
    endloop
  endfacet
  facet normal -1 0 0
    outer loop
      vertex -68.5 43.75 34.3205
      vertex -68.5 54.5 0
      vertex -68.5 43.75 29.6411
    endloop
  endfacet
  facet normal -1 0 0
    outer loop
      vertex -68.5 54.5 0
      vertex -68.5 38.75 20.9808
      vertex -68.5 43.75 29.6411
    endloop
  endfacet
  facet normal -1 0 0
    outer loop
      vertex -68.5 31.75 29.6411
      vertex -68.5 33.75 34.3205
      vertex -68.5 33.75 29.6411
    endloop
  endfacet
  facet normal -1 0 0
    outer loop
      vertex -68.5 31.75 34.3205
      vertex -68.5 33.75 34.3205
      vertex -68.5 31.75 29.6411
    endloop
  endfacet
  facet normal -1 0 0
    outer loop
      vertex -68.5 38.75 20.9808
      vertex -68.5 31.75 29.6411
      vertex -68.5 33.75 29.6411
    endloop
  endfacet
  facet normal -1 0 0
    outer loop
      vertex -68.5 26.75 20.9808
      vertex -68.5 38.75 20.9808
      vertex -68.5 54.5 0
    endloop
  endfacet
  facet normal -1 0 0
    outer loop
      vertex -68.5 38.75 20.9808
      vertex -68.5 26.75 20.9808
      vertex -68.5 31.75 29.6411
    endloop
  endfacet
  facet normal -1 0 0
    outer loop
      vertex -68.5 19.75 29.6411
      vertex -68.5 21.75 34.3205
      vertex -68.5 21.75 29.6411
    endloop
  endfacet
  facet normal -1 0 0
    outer loop
      vertex -68.5 19.75 34.3205
      vertex -68.5 21.75 34.3205
      vertex -68.5 19.75 29.6411
    endloop
  endfacet
  facet normal -1 0 0
    outer loop
      vertex -68.5 26.75 20.9808
      vertex -68.5 19.75 29.6411
      vertex -68.5 21.75 29.6411
    endloop
  endfacet
  facet normal -1 0 0
    outer loop
      vertex -68.5 26.75 20.9808
      vertex -68.5 14.75 20.9808
      vertex -68.5 19.75 29.6411
    endloop
  endfacet
  facet normal -1 0 0
    outer loop
      vertex -68.5 6.5 6
      vertex -68.5 26.75 20.9808
      vertex -68.5 54.5 0
    endloop
  endfacet
  facet normal -1 0 0
    outer loop
      vertex -68.5 6.5 54
      vertex -68.5 9.75 34.3205
      vertex -68.5 9.75 29.6411
    endloop
  endfacet
  facet normal -1 0 0
    outer loop
      vertex -68.5 14.75 52.1962
      vertex -68.5 6.5 54
      vertex -68.5 9.75 60.8564
    endloop
  endfacet
  facet normal -1 0 0
    outer loop
      vertex -68.5 0 54
      vertex -68.5 9.75 60.8564
      vertex -68.5 6.5 54
    endloop
  endfacet
  facet normal -1 -0 0
    outer loop
      vertex -68.5 9.75 60.8564
      vertex -68.5 0 54
      vertex -68.5 9.75 65.5359
    endloop
  endfacet
  facet normal -1 0 0
    outer loop
      vertex -68.5 6.5 54
      vertex -68.5 9.75 29.6411
      vertex -68.5 6.5 6
    endloop
  endfacet
  facet normal -1 -0 0
    outer loop
      vertex -68.5 14.75 20.9808
      vertex -68.5 6.5 6
      vertex -68.5 9.75 29.6411
    endloop
  endfacet
  facet normal -1 -0 0
    outer loop
      vertex -68.5 26.75 20.9808
      vertex -68.5 6.5 6
      vertex -68.5 14.75 20.9808
    endloop
  endfacet
  facet normal -1 0 0
    outer loop
      vertex -68.5 0 0
      vertex -68.5 6.5 6
      vertex -68.5 54.5 0
    endloop
  endfacet
  facet normal -1 -0 0
    outer loop
      vertex -68.5 6.5 6
      vertex -68.5 0 0
      vertex -68.5 0 6
    endloop
  endfacet
  facet normal -1 0 0
    outer loop
      vertex -68.5 43.75 60.8564
      vertex -68.5 54.5 0
      vertex -68.5 43.75 34.3205
    endloop
  endfacet
  facet normal -1 0 0
    outer loop
      vertex -68.5 43.75 65.5359
      vertex -68.5 54.5 0
      vertex -68.5 43.75 60.8564
    endloop
  endfacet
  facet normal -1 0 0
    outer loop
      vertex -68.5 54.5 0
      vertex -68.5 43.75 65.5359
      vertex -68.5 54.5 142
    endloop
  endfacet
  facet normal -1 0 0
    outer loop
      vertex -68.5 43.75 92.0718
      vertex -68.5 54.5 142
      vertex -68.5 43.75 65.5359
    endloop
  endfacet
  facet normal -1 0 0
    outer loop
      vertex -68.5 43.75 96.7513
      vertex -68.5 54.5 142
      vertex -68.5 43.75 92.0718
    endloop
  endfacet
  facet normal -1 0 0
    outer loop
      vertex -68.5 37.75 112.359
      vertex -68.5 43.75 96.7513
      vertex -68.5 38.75 105.412
    endloop
  endfacet
  facet normal -1 0 0
    outer loop
      vertex -68.5 37.75 112.359
      vertex -68.5 38.75 105.412
      vertex -68.5 37.75 107.68
    endloop
  endfacet
  facet normal -1 0 0
    outer loop
      vertex -68.5 43.75 96.7513
      vertex -68.5 37.75 112.359
      vertex -68.5 54.5 142
    endloop
  endfacet
  facet normal -1 0 0
    outer loop
      vertex -68.5 32.75 121.019
      vertex -68.5 54.5 142
      vertex -68.5 37.75 112.359
    endloop
  endfacet
  facet normal -1 0 0
    outer loop
      vertex -68.5 27.75 107.68
      vertex -68.5 25.75 107.68
      vertex -68.5 27.75 112.359
    endloop
  endfacet
  facet normal -1 0 0
    outer loop
      vertex -68.5 25.75 112.359
      vertex -68.5 27.75 112.359
      vertex -68.5 25.75 107.68
    endloop
  endfacet
  facet normal -1 0 0
    outer loop
      vertex -68.5 25.75 112.359
      vertex -68.5 32.75 121.019
      vertex -68.5 27.75 112.359
    endloop
  endfacet
  facet normal -1 0 0
    outer loop
      vertex -68.5 20.75 121.019
      vertex -68.5 32.75 121.019
      vertex -68.5 25.75 112.359
    endloop
  endfacet
  facet normal -1 0 0
    outer loop
      vertex -68.5 6.5 136
      vertex -68.5 32.75 121.019
      vertex -68.5 20.75 121.019
    endloop
  endfacet
  facet normal -1 0 0
    outer loop
      vertex -68.5 9.75 96.7513
      vertex -68.5 15.75 112.359
      vertex -68.5 14.75 105.412
    endloop
  endfacet
  facet normal -1 0 0
    outer loop
      vertex -68.5 9.75 65.5359
      vertex -68.5 6.5 88
      vertex -68.5 9.75 92.0718
    endloop
  endfacet
  facet normal -1 -0 0
    outer loop
      vertex -68.5 9.75 92.0718
      vertex -68.5 6.5 88
      vertex -68.5 9.75 96.7513
    endloop
  endfacet
  facet normal -1 0 0
    outer loop
      vertex -68.5 6.5 136
      vertex -68.5 9.75 96.7513
      vertex -68.5 6.5 88
    endloop
  endfacet
  facet normal -1 0 0
    outer loop
      vertex -68.5 6.5 136
      vertex -68.5 15.75 112.359
      vertex -68.5 9.75 96.7513
    endloop
  endfacet
  facet normal -1 0 0
    outer loop
      vertex -68.5 6.5 136
      vertex -68.5 20.75 121.019
      vertex -68.5 15.75 112.359
    endloop
  endfacet
  facet normal -1 0 0
    outer loop
      vertex -68.5 32.75 121.019
      vertex -68.5 6.5 136
      vertex -68.5 54.5 142
    endloop
  endfacet
  facet normal -1 0 0
    outer loop
      vertex -68.5 0 142
      vertex -68.5 6.5 136
      vertex -68.5 0 136
    endloop
  endfacet
  facet normal -1 0 0
    outer loop
      vertex -68.5 6.5 136
      vertex -68.5 0 142
      vertex -68.5 54.5 142
    endloop
  endfacet
  facet normal -1 0 0
    outer loop
      vertex -68.5 37.75 49.9282
      vertex -68.5 38.75 52.1962
      vertex -68.5 37.75 45.2487
    endloop
  endfacet
  facet normal -1 0 0
    outer loop
      vertex -68.5 32.75 58.5885
      vertex -68.5 38.75 52.1962
      vertex -68.5 37.75 49.9282
    endloop
  endfacet
  facet normal -1 0 0
    outer loop
      vertex -68.5 31.75 60.8564
      vertex -68.5 33.75 60.8564
      vertex -68.5 32.75 58.5885
    endloop
  endfacet
  facet normal -1 0 0
    outer loop
      vertex -68.5 38.75 52.1962
      vertex -68.5 32.75 58.5885
      vertex -68.5 33.75 60.8564
    endloop
  endfacet
  facet normal -1 0 0
    outer loop
      vertex -68.5 37.75 81.1436
      vertex -68.5 38.75 83.4115
      vertex -68.5 37.75 76.4641
    endloop
  endfacet
  facet normal -1 0 0
    outer loop
      vertex -68.5 32.75 89.8038
      vertex -68.5 38.75 83.4115
      vertex -68.5 37.75 81.1436
    endloop
  endfacet
  facet normal -1 0 0
    outer loop
      vertex -68.5 31.75 92.0718
      vertex -68.5 33.75 92.0718
      vertex -68.5 32.75 89.8038
    endloop
  endfacet
  facet normal -1 0 0
    outer loop
      vertex -68.5 38.75 83.4115
      vertex -68.5 32.75 89.8038
      vertex -68.5 33.75 92.0718
    endloop
  endfacet
  facet normal -1 0 0
    outer loop
      vertex -68.5 20.75 99.0192
      vertex -68.5 26.75 105.412
      vertex -68.5 21.75 96.7513
    endloop
  endfacet
  facet normal -1 -0 0
    outer loop
      vertex -68.5 26.75 105.412
      vertex -68.5 20.75 99.0192
      vertex -68.5 25.75 107.68
    endloop
  endfacet
  facet normal -1 0 0
    outer loop
      vertex -68.5 21.75 92.0718
      vertex -68.5 19.75 92.0718
      vertex -68.5 21.75 96.7513
    endloop
  endfacet
  facet normal -1 0 0
    outer loop
      vertex -68.5 19.75 96.7513
      vertex -68.5 21.75 96.7513
      vertex -68.5 19.75 92.0718
    endloop
  endfacet
  facet normal -1 0 0
    outer loop
      vertex -68.5 14.75 83.4115
      vertex -68.5 20.75 89.8038
      vertex -68.5 15.75 81.1436
    endloop
  endfacet
  facet normal -1 -0 0
    outer loop
      vertex -68.5 20.75 89.8038
      vertex -68.5 14.75 83.4115
      vertex -68.5 19.75 92.0718
    endloop
  endfacet
  facet normal -1 0 0
    outer loop
      vertex -68.5 14.75 74.1962
      vertex -68.5 14.75 83.4115
      vertex -68.5 15.75 81.1436
    endloop
  endfacet
  facet normal -1 0 0
    outer loop
      vertex -68.5 9.75 65.5359
      vertex -68.5 14.75 83.4115
      vertex -68.5 14.75 74.1962
    endloop
  endfacet
  facet normal -1 -0 0
    outer loop
      vertex -68.5 14.75 83.4115
      vertex -68.5 9.75 65.5359
      vertex -68.5 9.75 92.0718
    endloop
  endfacet
  facet normal -1 0 0
    outer loop
      vertex -68.5 27.75 49.9282
      vertex -68.5 25.75 49.9282
      vertex -68.5 26.75 52.1962
    endloop
  endfacet
  facet normal -1 0 0
    outer loop
      vertex -68.5 20.75 58.5885
      vertex -68.5 26.75 52.1962
      vertex -68.5 25.75 49.9282
    endloop
  endfacet
  facet normal -1 0 0
    outer loop
      vertex -68.5 19.75 60.8564
      vertex -68.5 21.75 60.8564
      vertex -68.5 20.75 58.5885
    endloop
  endfacet
  facet normal -1 0 0
    outer loop
      vertex -68.5 26.75 52.1962
      vertex -68.5 20.75 58.5885
      vertex -68.5 21.75 60.8564
    endloop
  endfacet
  facet normal -1 0 0
    outer loop
      vertex -68.5 27.75 81.1436
      vertex -68.5 25.75 81.1436
      vertex -68.5 26.75 83.4115
    endloop
  endfacet
  facet normal -1 0 0
    outer loop
      vertex -68.5 20.75 89.8038
      vertex -68.5 26.75 83.4115
      vertex -68.5 25.75 81.1436
    endloop
  endfacet
  facet normal -1 0 0
    outer loop
      vertex -68.5 19.75 92.0718
      vertex -68.5 21.75 92.0718
      vertex -68.5 20.75 89.8038
    endloop
  endfacet
  facet normal -1 0 0
    outer loop
      vertex -68.5 26.75 83.4115
      vertex -68.5 20.75 89.8038
      vertex -68.5 21.75 92.0718
    endloop
  endfacet
  facet normal -0.83205 0 0.5547
    outer loop
      vertex -82.5 0 33
      vertex -68.5 6.5 54
      vertex -82.5 6.5 33
    endloop
  endfacet
  facet normal -0.83205 0 0.5547
    outer loop
      vertex -68.5 6.5 54
      vertex -82.5 0 33
      vertex -68.5 0 54
    endloop
  endfacet
  facet normal -0.83205 0 -0.5547
    outer loop
      vertex -68.5 0 6
      vertex -82.5 6.5 27
      vertex -68.5 6.5 6
    endloop
  endfacet
  facet normal -0.83205 -0 -0.5547
    outer loop
      vertex -82.5 6.5 27
      vertex -68.5 0 6
      vertex -82.5 0 27
    endloop
  endfacet
  facet normal -1 0 0
    outer loop
      vertex -82.5 0 109
      vertex -82.5 6.5 115
      vertex -82.5 6.5 109
    endloop
  endfacet
  facet normal -1 -0 0
    outer loop
      vertex -82.5 6.5 115
      vertex -82.5 0 109
      vertex -82.5 0 115
    endloop
  endfacet
  facet normal 0 1 0
    outer loop
      vertex -68.5 6.5 136
      vertex -75.0353 6.5 116.727
      vertex -75.5 6.5 116.75
    endloop
  endfacet
  facet normal 0 1 0
    outer loop
      vertex -68.5 6.5 136
      vertex -75.0344 6.5 116.727
      vertex -75.0353 6.5 116.727
    endloop
  endfacet
  facet normal 0 1 0
    outer loop
      vertex -68.5 6.5 136
      vertex -74.5742 6.5 116.659
      vertex -75.0344 6.5 116.727
    endloop
  endfacet
  facet normal 0 1 0
    outer loop
      vertex -68.5 6.5 136
      vertex -74.5733 6.5 116.659
      vertex -74.5742 6.5 116.659
    endloop
  endfacet
  facet normal 0 1 0
    outer loop
      vertex -68.5 6.5 136
      vertex -74.5725 6.5 116.659
      vertex -74.5733 6.5 116.659
    endloop
  endfacet
  facet normal 0 1 0
    outer loop
      vertex -68.5 6.5 136
      vertex -74.1211 6.5 116.545
      vertex -74.5725 6.5 116.659
    endloop
  endfacet
  facet normal 0 1 0
    outer loop
      vertex -68.5 6.5 136
      vertex -74.1203 6.5 116.545
      vertex -74.1211 6.5 116.545
    endloop
  endfacet
  facet normal 0 1 0
    outer loop
      vertex -68.5 6.5 136
      vertex -73.6823 6.5 116.388
      vertex -74.1203 6.5 116.545
    endloop
  endfacet
  facet normal 0 1 0
    outer loop
      vertex -68.5 6.5 136
      vertex -73.2617 6.5 116.189
      vertex -73.6823 6.5 116.388
    endloop
  endfacet
  facet normal 0 1 0
    outer loop
      vertex -68.5 6.5 136
      vertex -73.2609 6.5 116.189
      vertex -73.2617 6.5 116.189
    endloop
  endfacet
  facet normal 0 1 0
    outer loop
      vertex -68.5 6.5 136
      vertex -72.8618 6.5 115.95
      vertex -73.2609 6.5 116.189
    endloop
  endfacet
  facet normal 0 1 0
    outer loop
      vertex -68.5 6.5 136
      vertex -72.861 6.5 115.949
      vertex -72.8618 6.5 115.95
    endloop
  endfacet
  facet normal 0 1 0
    outer loop
      vertex -68.5 6.5 136
      vertex -72.8603 6.5 115.949
      vertex -72.861 6.5 115.949
    endloop
  endfacet
  facet normal 0 1 0
    outer loop
      vertex -68.5 6.5 136
      vertex -72.4866 6.5 115.672
      vertex -72.8603 6.5 115.949
    endloop
  endfacet
  facet normal 0 1 0
    outer loop
      vertex -68.5 6.5 136
      vertex -72.486 6.5 115.671
      vertex -72.4866 6.5 115.672
    endloop
  endfacet
  facet normal 0 1 0
    outer loop
      vertex -68.5 6.5 136
      vertex -72.1412 6.5 115.359
      vertex -72.486 6.5 115.671
    endloop
  endfacet
  facet normal 0 1 0
    outer loop
      vertex -68.5 6.5 136
      vertex -71.8288 6.5 115.014
      vertex -72.1412 6.5 115.359
    endloop
  endfacet
  facet normal 0 1 0
    outer loop
      vertex -68.5 6.5 136
      vertex -71.8282 6.5 115.013
      vertex -71.8288 6.5 115.014
    endloop
  endfacet
  facet normal 0 1 0
    outer loop
      vertex -68.5 6.5 136
      vertex -71.551 6.5 114.64
      vertex -71.8282 6.5 115.013
    endloop
  endfacet
  facet normal 0 1 0
    outer loop
      vertex -68.5 6.5 136
      vertex -71.5505 6.5 114.639
      vertex -71.551 6.5 114.64
    endloop
  endfacet
  facet normal 0 1 0
    outer loop
      vertex -68.5 6.5 136
      vertex -71.5501 6.5 114.638
      vertex -71.5505 6.5 114.639
    endloop
  endfacet
  facet normal 0 1 0
    outer loop
      vertex -68.5 6.5 136
      vertex -71.3109 6.5 114.239
      vertex -71.5501 6.5 114.638
    endloop
  endfacet
  facet normal 0 1 0
    outer loop
      vertex -68.5 6.5 136
      vertex -71.3105 6.5 114.238
      vertex -71.3109 6.5 114.239
    endloop
  endfacet
  facet normal 0 1 0
    outer loop
      vertex -68.5 6.5 136
      vertex -71.1116 6.5 113.818
      vertex -71.3105 6.5 114.238
    endloop
  endfacet
  facet normal 0 1 0
    outer loop
      vertex -68.5 6.5 136
      vertex -70.9548 6.5 113.38
      vertex -71.1116 6.5 113.818
    endloop
  endfacet
  facet normal 0 1 0
    outer loop
      vertex -68.5 6.5 136
      vertex -70.9545 6.5 113.379
      vertex -70.9548 6.5 113.38
    endloop
  endfacet
  facet normal 0 1 0
    outer loop
      vertex -68.5 6.5 136
      vertex -70.8415 6.5 112.928
      vertex -70.9545 6.5 113.379
    endloop
  endfacet
  facet normal 0 1 0
    outer loop
      vertex -68.5 6.5 136
      vertex -70.8413 6.5 112.927
      vertex -70.8415 6.5 112.928
    endloop
  endfacet
  facet normal 0 1 0
    outer loop
      vertex -68.5 6.5 136
      vertex -70.8411 6.5 112.926
      vertex -70.8413 6.5 112.927
    endloop
  endfacet
  facet normal 0 1 0
    outer loop
      vertex -68.5 6.5 136
      vertex -70.7729 6.5 112.466
      vertex -70.8411 6.5 112.926
    endloop
  endfacet
  facet normal 0 1 0
    outer loop
      vertex -68.5 6.5 136
      vertex -70.75 6.5 112.001
      vertex -70.7729 6.5 112.466
    endloop
  endfacet
  facet normal 0 1 0
    outer loop
      vertex -68.5 6.5 136
      vertex -70.75 6.5 112
      vertex -70.75 6.5 112.001
    endloop
  endfacet
  facet normal 0 1 -0
    outer loop
      vertex -68.5 6.5 88
      vertex -70.75 6.5 112
      vertex -68.5 6.5 136
    endloop
  endfacet
  facet normal 0 1 0
    outer loop
      vertex -70.75 6.5 112
      vertex -68.5 6.5 88
      vertex -70.75 6.5 111.999
    endloop
  endfacet
  facet normal 0 1 0
    outer loop
      vertex -68.5 6.5 88
      vertex -71.5501 6.5 109.362
      vertex -71.3109 6.5 109.761
    endloop
  endfacet
  facet normal 0 1 0
    outer loop
      vertex -68.5 6.5 88
      vertex -71.551 6.5 109.36
      vertex -71.5505 6.5 109.361
    endloop
  endfacet
  facet normal 0 1 0
    outer loop
      vertex -68.5 6.5 88
      vertex -72.8603 6.5 108.051
      vertex -72.4866 6.5 108.328
    endloop
  endfacet
  facet normal 0 1 0
    outer loop
      vertex -68.5 6.5 88
      vertex -72.8618 6.5 108.05
      vertex -72.861 6.5 108.051
    endloop
  endfacet
  facet normal 0 1 0
    outer loop
      vertex -68.5 6.5 88
      vertex -75.4991 6.5 107.25
      vertex -75.0344 6.5 107.273
    endloop
  endfacet
  facet normal 0 1 0
    outer loop
      vertex -75.4991 6.5 107.25
      vertex -68.5 6.5 88
      vertex -75.5 6.5 107.25
    endloop
  endfacet
  facet normal 0 1 0
    outer loop
      vertex -74.5742 6.5 107.341
      vertex -68.5 6.5 88
      vertex -75.0344 6.5 107.273
    endloop
  endfacet
  facet normal 0 1 0
    outer loop
      vertex -74.5733 6.5 107.341
      vertex -68.5 6.5 88
      vertex -74.5742 6.5 107.341
    endloop
  endfacet
  facet normal 0 1 0
    outer loop
      vertex -74.5725 6.5 107.341
      vertex -68.5 6.5 88
      vertex -74.5733 6.5 107.341
    endloop
  endfacet
  facet normal 0 1 0
    outer loop
      vertex -74.1211 6.5 107.455
      vertex -68.5 6.5 88
      vertex -74.5725 6.5 107.341
    endloop
  endfacet
  facet normal 0 1 0
    outer loop
      vertex -74.1203 6.5 107.455
      vertex -68.5 6.5 88
      vertex -74.1211 6.5 107.455
    endloop
  endfacet
  facet normal 0 1 0
    outer loop
      vertex -73.6823 6.5 107.612
      vertex -68.5 6.5 88
      vertex -74.1203 6.5 107.455
    endloop
  endfacet
  facet normal 0 1 0
    outer loop
      vertex -73.2617 6.5 107.81
      vertex -68.5 6.5 88
      vertex -73.6823 6.5 107.612
    endloop
  endfacet
  facet normal 0 1 0
    outer loop
      vertex -73.2609 6.5 107.811
      vertex -68.5 6.5 88
      vertex -73.2617 6.5 107.81
    endloop
  endfacet
  facet normal 0 1 0
    outer loop
      vertex -72.8618 6.5 108.05
      vertex -68.5 6.5 88
      vertex -73.2609 6.5 107.811
    endloop
  endfacet
  facet normal 0 1 0
    outer loop
      vertex -72.8603 6.5 108.051
      vertex -68.5 6.5 88
      vertex -72.861 6.5 108.051
    endloop
  endfacet
  facet normal 0 1 0
    outer loop
      vertex -72.486 6.5 108.329
      vertex -68.5 6.5 88
      vertex -72.4866 6.5 108.328
    endloop
  endfacet
  facet normal 0 1 0
    outer loop
      vertex -72.1412 6.5 108.641
      vertex -68.5 6.5 88
      vertex -72.486 6.5 108.329
    endloop
  endfacet
  facet normal 0 1 0
    outer loop
      vertex -71.8288 6.5 108.986
      vertex -68.5 6.5 88
      vertex -72.1412 6.5 108.641
    endloop
  endfacet
  facet normal 0 1 0
    outer loop
      vertex -71.8282 6.5 108.987
      vertex -68.5 6.5 88
      vertex -71.8288 6.5 108.986
    endloop
  endfacet
  facet normal 0 1 0
    outer loop
      vertex -71.551 6.5 109.36
      vertex -68.5 6.5 88
      vertex -71.8282 6.5 108.987
    endloop
  endfacet
  facet normal 0 1 0
    outer loop
      vertex -71.5501 6.5 109.362
      vertex -68.5 6.5 88
      vertex -71.5505 6.5 109.361
    endloop
  endfacet
  facet normal 0 1 0
    outer loop
      vertex -71.3105 6.5 109.762
      vertex -68.5 6.5 88
      vertex -71.3109 6.5 109.761
    endloop
  endfacet
  facet normal 0 1 0
    outer loop
      vertex -71.1116 6.5 110.182
      vertex -68.5 6.5 88
      vertex -71.3105 6.5 109.762
    endloop
  endfacet
  facet normal 0 1 0
    outer loop
      vertex -70.9548 6.5 110.62
      vertex -68.5 6.5 88
      vertex -71.1116 6.5 110.182
    endloop
  endfacet
  facet normal 0 1 0
    outer loop
      vertex -70.9545 6.5 110.621
      vertex -68.5 6.5 88
      vertex -70.9548 6.5 110.62
    endloop
  endfacet
  facet normal 0 1 0
    outer loop
      vertex -70.8415 6.5 111.072
      vertex -68.5 6.5 88
      vertex -70.9545 6.5 110.621
    endloop
  endfacet
  facet normal 0 1 0
    outer loop
      vertex -70.8413 6.5 111.073
      vertex -68.5 6.5 88
      vertex -70.8415 6.5 111.072
    endloop
  endfacet
  facet normal 0 1 0
    outer loop
      vertex -70.8411 6.5 111.074
      vertex -68.5 6.5 88
      vertex -70.8413 6.5 111.073
    endloop
  endfacet
  facet normal 0 1 0
    outer loop
      vertex -70.7729 6.5 111.534
      vertex -68.5 6.5 88
      vertex -70.8411 6.5 111.074
    endloop
  endfacet
  facet normal 0 1 0
    outer loop
      vertex -70.75 6.5 111.999
      vertex -68.5 6.5 88
      vertex -70.7729 6.5 111.534
    endloop
  endfacet
  facet normal 0 1 0
    outer loop
      vertex -75.9647 6.5 116.727
      vertex -68.5 6.5 136
      vertex -75.5 6.5 116.75
    endloop
  endfacet
  facet normal 0 1 0
    outer loop
      vertex -75.9656 6.5 116.727
      vertex -68.5 6.5 136
      vertex -75.9647 6.5 116.727
    endloop
  endfacet
  facet normal 0 1 0
    outer loop
      vertex -76.4258 6.5 116.659
      vertex -68.5 6.5 136
      vertex -75.9656 6.5 116.727
    endloop
  endfacet
  facet normal 0 1 0
    outer loop
      vertex -76.4267 6.5 116.659
      vertex -68.5 6.5 136
      vertex -76.4258 6.5 116.659
    endloop
  endfacet
  facet normal 0 1 0
    outer loop
      vertex -76.4275 6.5 116.659
      vertex -68.5 6.5 136
      vertex -76.4267 6.5 116.659
    endloop
  endfacet
  facet normal 0 1 0
    outer loop
      vertex -76.8789 6.5 116.545
      vertex -68.5 6.5 136
      vertex -76.4275 6.5 116.659
    endloop
  endfacet
  facet normal 0 1 0
    outer loop
      vertex -76.8797 6.5 116.545
      vertex -68.5 6.5 136
      vertex -76.8789 6.5 116.545
    endloop
  endfacet
  facet normal 0 1 0
    outer loop
      vertex -77.3177 6.5 116.388
      vertex -68.5 6.5 136
      vertex -76.8797 6.5 116.545
    endloop
  endfacet
  facet normal 0 1 0
    outer loop
      vertex -82.5 6.5 115
      vertex -77.3177 6.5 116.388
      vertex -77.7383 6.5 116.189
    endloop
  endfacet
  facet normal 0 -1 0
    outer loop
      vertex -82.5 6.5 115
      vertex -77.7383 6.5 116.189
      vertex -77.7391 6.5 116.189
    endloop
  endfacet
  facet normal 0 1 0
    outer loop
      vertex -82.5 6.5 115
      vertex -77.7391 6.5 116.189
      vertex -78.1382 6.5 115.95
    endloop
  endfacet
  facet normal 0 1 0
    outer loop
      vertex -82.5 6.5 115
      vertex -78.1382 6.5 115.95
      vertex -78.139 6.5 115.949
    endloop
  endfacet
  facet normal 0 -1 0
    outer loop
      vertex -82.5 6.5 115
      vertex -78.139 6.5 115.949
      vertex -78.1397 6.5 115.949
    endloop
  endfacet
  facet normal 0 1 0
    outer loop
      vertex -82.5 6.5 115
      vertex -78.1397 6.5 115.949
      vertex -78.5134 6.5 115.672
    endloop
  endfacet
  facet normal 0 1 0
    outer loop
      vertex -82.5 6.5 115
      vertex -78.5134 6.5 115.672
      vertex -78.514 6.5 115.671
    endloop
  endfacet
  facet normal 0 1 0
    outer loop
      vertex -82.5 6.5 115
      vertex -78.514 6.5 115.671
      vertex -78.8588 6.5 115.359
    endloop
  endfacet
  facet normal 0 1 0
    outer loop
      vertex -82.5 6.5 115
      vertex -78.8588 6.5 115.359
      vertex -79.1712 6.5 115.014
    endloop
  endfacet
  facet normal 0 1 0
    outer loop
      vertex -82.5 6.5 115
      vertex -79.1712 6.5 115.014
      vertex -79.1718 6.5 115.013
    endloop
  endfacet
  facet normal 0 1 -0
    outer loop
      vertex -77.3177 6.5 116.388
      vertex -82.5 6.5 115
      vertex -68.5 6.5 136
    endloop
  endfacet
  facet normal 0 1 -0
    outer loop
      vertex -79.449 6.5 114.64
      vertex -82.5 6.5 115
      vertex -79.1718 6.5 115.013
    endloop
  endfacet
  facet normal 0 1 -0
    outer loop
      vertex -79.4495 6.5 114.639
      vertex -82.5 6.5 115
      vertex -79.449 6.5 114.64
    endloop
  endfacet
  facet normal 0 1 -0
    outer loop
      vertex -79.4499 6.5 114.638
      vertex -82.5 6.5 115
      vertex -79.4495 6.5 114.639
    endloop
  endfacet
  facet normal 0 1 -0
    outer loop
      vertex -79.6891 6.5 114.239
      vertex -82.5 6.5 115
      vertex -79.4499 6.5 114.638
    endloop
  endfacet
  facet normal 0 1 -0
    outer loop
      vertex -79.6895 6.5 114.238
      vertex -82.5 6.5 115
      vertex -79.6891 6.5 114.239
    endloop
  endfacet
  facet normal 0 1 -0
    outer loop
      vertex -79.8884 6.5 113.818
      vertex -82.5 6.5 115
      vertex -79.6895 6.5 114.238
    endloop
  endfacet
  facet normal 0 1 -0
    outer loop
      vertex -80.0452 6.5 113.38
      vertex -82.5 6.5 115
      vertex -79.8884 6.5 113.818
    endloop
  endfacet
  facet normal 0 1 -0
    outer loop
      vertex -80.0455 6.5 113.379
      vertex -82.5 6.5 115
      vertex -80.0452 6.5 113.38
    endloop
  endfacet
  facet normal 0 1 -0
    outer loop
      vertex -80.1585 6.5 112.928
      vertex -82.5 6.5 115
      vertex -80.0455 6.5 113.379
    endloop
  endfacet
  facet normal 0 1 -0
    outer loop
      vertex -80.1587 6.5 112.927
      vertex -82.5 6.5 115
      vertex -80.1585 6.5 112.928
    endloop
  endfacet
  facet normal 0 1 -0
    outer loop
      vertex -80.1589 6.5 112.926
      vertex -82.5 6.5 115
      vertex -80.1587 6.5 112.927
    endloop
  endfacet
  facet normal 0 1 -0
    outer loop
      vertex -80.2271 6.5 112.466
      vertex -82.5 6.5 115
      vertex -80.1589 6.5 112.926
    endloop
  endfacet
  facet normal 0 1 -0
    outer loop
      vertex -80.2272 6.5 112.465
      vertex -82.5 6.5 115
      vertex -80.2271 6.5 112.466
    endloop
  endfacet
  facet normal 0 1 -0
    outer loop
      vertex -80.25 6.5 112
      vertex -82.5 6.5 115
      vertex -80.2272 6.5 112.465
    endloop
  endfacet
  facet normal 0 1 0
    outer loop
      vertex -82.5 6.5 109
      vertex -80.25 6.5 112
      vertex -80.2272 6.5 111.535
    endloop
  endfacet
  facet normal 0 1 0
    outer loop
      vertex -82.5 6.5 109
      vertex -80.2272 6.5 111.535
      vertex -80.2271 6.5 111.534
    endloop
  endfacet
  facet normal 0 1 0
    outer loop
      vertex -82.5 6.5 109
      vertex -80.2271 6.5 111.534
      vertex -80.1589 6.5 111.074
    endloop
  endfacet
  facet normal 0 1 0
    outer loop
      vertex -82.5 6.5 109
      vertex -80.1589 6.5 111.074
      vertex -80.1587 6.5 111.073
    endloop
  endfacet
  facet normal 0 1 0
    outer loop
      vertex -82.5 6.5 109
      vertex -80.1587 6.5 111.073
      vertex -80.1585 6.5 111.072
    endloop
  endfacet
  facet normal 0 1 0
    outer loop
      vertex -82.5 6.5 109
      vertex -80.1585 6.5 111.072
      vertex -80.0455 6.5 110.621
    endloop
  endfacet
  facet normal 0 1 0
    outer loop
      vertex -82.5 6.5 109
      vertex -80.0455 6.5 110.621
      vertex -80.0452 6.5 110.62
    endloop
  endfacet
  facet normal 0 1 0
    outer loop
      vertex -82.5 6.5 109
      vertex -80.0452 6.5 110.62
      vertex -79.8884 6.5 110.182
    endloop
  endfacet
  facet normal 0 1 0
    outer loop
      vertex -82.5 6.5 109
      vertex -79.8884 6.5 110.182
      vertex -79.6895 6.5 109.762
    endloop
  endfacet
  facet normal 0 1 0
    outer loop
      vertex -82.5 6.5 109
      vertex -79.6895 6.5 109.762
      vertex -79.6891 6.5 109.761
    endloop
  endfacet
  facet normal 0 1 0
    outer loop
      vertex -80.25 6.5 112
      vertex -82.5 6.5 109
      vertex -82.5 6.5 115
    endloop
  endfacet
  facet normal 0 1 0
    outer loop
      vertex -79.4499 6.5 109.362
      vertex -82.5 6.5 109
      vertex -79.6891 6.5 109.761
    endloop
  endfacet
  facet normal 0 1 0
    outer loop
      vertex -79.4495 6.5 109.361
      vertex -82.5 6.5 109
      vertex -79.4499 6.5 109.362
    endloop
  endfacet
  facet normal 0 1 0
    outer loop
      vertex -79.449 6.5 109.36
      vertex -82.5 6.5 109
      vertex -79.4495 6.5 109.361
    endloop
  endfacet
  facet normal 0 1 0
    outer loop
      vertex -79.1718 6.5 108.987
      vertex -82.5 6.5 109
      vertex -79.449 6.5 109.36
    endloop
  endfacet
  facet normal 0 1 0
    outer loop
      vertex -79.1712 6.5 108.986
      vertex -82.5 6.5 109
      vertex -79.1718 6.5 108.987
    endloop
  endfacet
  facet normal 0 1 0
    outer loop
      vertex -78.8588 6.5 108.641
      vertex -82.5 6.5 109
      vertex -79.1712 6.5 108.986
    endloop
  endfacet
  facet normal 0 1 0
    outer loop
      vertex -78.514 6.5 108.329
      vertex -82.5 6.5 109
      vertex -78.8588 6.5 108.641
    endloop
  endfacet
  facet normal 0 1 0
    outer loop
      vertex -78.5134 6.5 108.328
      vertex -82.5 6.5 109
      vertex -78.514 6.5 108.329
    endloop
  endfacet
  facet normal 0 1 0
    outer loop
      vertex -78.1397 6.5 108.051
      vertex -82.5 6.5 109
      vertex -78.5134 6.5 108.328
    endloop
  endfacet
  facet normal 0 -1 0
    outer loop
      vertex -78.139 6.5 108.051
      vertex -82.5 6.5 109
      vertex -78.1397 6.5 108.051
    endloop
  endfacet
  facet normal 0 1 0
    outer loop
      vertex -78.1382 6.5 108.05
      vertex -82.5 6.5 109
      vertex -78.139 6.5 108.051
    endloop
  endfacet
  facet normal 0 1 0
    outer loop
      vertex -77.7391 6.5 107.811
      vertex -82.5 6.5 109
      vertex -78.1382 6.5 108.05
    endloop
  endfacet
  facet normal 0 1 0
    outer loop
      vertex -77.7383 6.5 107.81
      vertex -82.5 6.5 109
      vertex -77.7391 6.5 107.811
    endloop
  endfacet
  facet normal 0 1 0
    outer loop
      vertex -77.3177 6.5 107.612
      vertex -82.5 6.5 109
      vertex -77.7383 6.5 107.81
    endloop
  endfacet
  facet normal 0 1 0
    outer loop
      vertex -68.5 6.5 88
      vertex -77.3177 6.5 107.612
      vertex -76.8797 6.5 107.455
    endloop
  endfacet
  facet normal 0 1 0
    outer loop
      vertex -68.5 6.5 88
      vertex -76.8797 6.5 107.455
      vertex -76.8789 6.5 107.455
    endloop
  endfacet
  facet normal 0 1 0
    outer loop
      vertex -68.5 6.5 88
      vertex -75.5009 6.5 107.25
      vertex -75.5 6.5 107.25
    endloop
  endfacet
  facet normal 0 1 0
    outer loop
      vertex -77.3177 6.5 107.612
      vertex -68.5 6.5 88
      vertex -82.5 6.5 109
    endloop
  endfacet
  facet normal 0 1 0
    outer loop
      vertex -76.4275 6.5 107.341
      vertex -68.5 6.5 88
      vertex -76.8789 6.5 107.455
    endloop
  endfacet
  facet normal 0 1 0
    outer loop
      vertex -76.4267 6.5 107.341
      vertex -68.5 6.5 88
      vertex -76.4275 6.5 107.341
    endloop
  endfacet
  facet normal 0 1 0
    outer loop
      vertex -76.4258 6.5 107.341
      vertex -68.5 6.5 88
      vertex -76.4267 6.5 107.341
    endloop
  endfacet
  facet normal 0 1 0
    outer loop
      vertex -75.9656 6.5 107.273
      vertex -68.5 6.5 88
      vertex -76.4258 6.5 107.341
    endloop
  endfacet
  facet normal 0 1 0
    outer loop
      vertex -75.5009 6.5 107.25
      vertex -68.5 6.5 88
      vertex -75.9656 6.5 107.273
    endloop
  endfacet
  facet normal -0.83205 0 0.5547
    outer loop
      vertex -82.5 0 115
      vertex -68.5 6.5 136
      vertex -82.5 6.5 115
    endloop
  endfacet
  facet normal -0.83205 0 0.5547
    outer loop
      vertex -68.5 6.5 136
      vertex -82.5 0 115
      vertex -68.5 0 136
    endloop
  endfacet
  facet normal -0.83205 0 -0.5547
    outer loop
      vertex -68.5 0 88
      vertex -82.5 6.5 109
      vertex -68.5 6.5 88
    endloop
  endfacet
  facet normal -0.83205 -0 -0.5547
    outer loop
      vertex -82.5 6.5 109
      vertex -68.5 0 88
      vertex -82.5 0 109
    endloop
  endfacet
  facet normal 1 -0 0
    outer loop
      vertex -65.5 26.75 42.9808
      vertex -65.5 32.75 36.5885
      vertex -65.5 27.75 45.2487
    endloop
  endfacet
  facet normal 1 0 0
    outer loop
      vertex -65.5 32.75 36.5885
      vertex -65.5 26.75 42.9808
      vertex -65.5 31.75 34.3205
    endloop
  endfacet
  facet normal 1 0 0
    outer loop
      vertex -65.5 27.75 49.9282
      vertex -65.5 25.75 49.9282
      vertex -65.5 27.75 45.2487
    endloop
  endfacet
  facet normal 1 0 0
    outer loop
      vertex -65.5 25.75 45.2487
      vertex -65.5 27.75 45.2487
      vertex -65.5 25.75 49.9282
    endloop
  endfacet
  facet normal 1 -0 0
    outer loop
      vertex -65.5 20.75 58.5885
      vertex -65.5 26.75 52.1962
      vertex -65.5 21.75 60.8564
    endloop
  endfacet
  facet normal 1 0 0
    outer loop
      vertex -65.5 26.75 52.1962
      vertex -65.5 20.75 58.5885
      vertex -65.5 25.75 49.9282
    endloop
  endfacet
  facet normal 1 0 0
    outer loop
      vertex -65.5 21.75 65.5359
      vertex -65.5 19.75 65.5359
      vertex -65.5 21.75 60.8564
    endloop
  endfacet
  facet normal 1 0 0
    outer loop
      vertex -65.5 19.75 60.8564
      vertex -65.5 21.75 60.8564
      vertex -65.5 19.75 65.5359
    endloop
  endfacet
  facet normal 1 -0 0
    outer loop
      vertex -65.5 14.75 74.1962
      vertex -65.5 20.75 67.8038
      vertex -65.5 15.75 76.4641
    endloop
  endfacet
  facet normal 1 0 0
    outer loop
      vertex -65.5 20.75 67.8038
      vertex -65.5 14.75 74.1962
      vertex -65.5 19.75 65.5359
    endloop
  endfacet
  facet normal 1 0 0
    outer loop
      vertex -65.5 14.75 83.4115
      vertex -65.5 14.75 74.1962
      vertex -65.5 15.75 76.4641
    endloop
  endfacet
  facet normal 1 0 0
    outer loop
      vertex -65.5 9.75 92.0718
      vertex -65.5 14.75 74.1962
      vertex -65.5 14.75 83.4115
    endloop
  endfacet
  facet normal 1 0 0
    outer loop
      vertex -65.5 14.75 74.1962
      vertex -65.5 9.75 92.0718
      vertex -65.5 9.75 65.5359
    endloop
  endfacet
  facet normal 1 0 0
    outer loop
      vertex -65.5 33.75 92.0718
      vertex -65.5 31.75 92.0718
      vertex -65.5 32.75 89.8038
    endloop
  endfacet
  facet normal 1 0 0
    outer loop
      vertex -65.5 26.75 83.4115
      vertex -65.5 32.75 89.8038
      vertex -65.5 31.75 92.0718
    endloop
  endfacet
  facet normal 1 0 0
    outer loop
      vertex -65.5 25.75 81.1436
      vertex -65.5 27.75 81.1436
      vertex -65.5 26.75 83.4115
    endloop
  endfacet
  facet normal 1 0 0
    outer loop
      vertex -65.5 32.75 89.8038
      vertex -65.5 26.75 83.4115
      vertex -65.5 27.75 81.1436
    endloop
  endfacet
  facet normal 1 0 0
    outer loop
      vertex -65.5 33.75 60.8564
      vertex -65.5 31.75 60.8564
      vertex -65.5 32.75 58.5885
    endloop
  endfacet
  facet normal 1 0 0
    outer loop
      vertex -65.5 26.75 52.1962
      vertex -65.5 32.75 58.5885
      vertex -65.5 31.75 60.8564
    endloop
  endfacet
  facet normal 1 0 0
    outer loop
      vertex -65.5 25.75 49.9282
      vertex -65.5 27.75 49.9282
      vertex -65.5 26.75 52.1962
    endloop
  endfacet
  facet normal 1 0 0
    outer loop
      vertex -65.5 32.75 58.5885
      vertex -65.5 26.75 52.1962
      vertex -65.5 27.75 49.9282
    endloop
  endfacet
  facet normal 1 -0 0
    outer loop
      vertex -65.5 14.75 42.9808
      vertex -65.5 20.75 36.5885
      vertex -65.5 15.75 45.2487
    endloop
  endfacet
  facet normal 1 0 0
    outer loop
      vertex -65.5 20.75 36.5885
      vertex -65.5 14.75 42.9808
      vertex -65.5 19.75 34.3205
    endloop
  endfacet
  facet normal 1 0 0
    outer loop
      vertex -65.5 14.75 52.1962
      vertex -65.5 14.75 42.9808
      vertex -65.5 15.75 45.2487
    endloop
  endfacet
  facet normal 1 0 0
    outer loop
      vertex -65.5 9.75 60.8564
      vertex -65.5 14.75 42.9808
      vertex -65.5 14.75 52.1962
    endloop
  endfacet
  facet normal 1 0 0
    outer loop
      vertex -65.5 14.75 42.9808
      vertex -65.5 9.75 60.8564
      vertex -65.5 9.75 34.3205
    endloop
  endfacet
  facet normal 1 0 0
    outer loop
      vertex -65.5 21.75 92.0718
      vertex -65.5 19.75 92.0718
      vertex -65.5 20.75 89.8038
    endloop
  endfacet
  facet normal 1 0 0
    outer loop
      vertex -65.5 14.75 83.4115
      vertex -65.5 20.75 89.8038
      vertex -65.5 19.75 92.0718
    endloop
  endfacet
  facet normal 1 0 0
    outer loop
      vertex -65.5 15.75 81.1436
      vertex -65.5 14.75 83.4115
      vertex -65.5 15.75 76.4641
    endloop
  endfacet
  facet normal 1 0 0
    outer loop
      vertex -65.5 20.75 89.8038
      vertex -65.5 14.75 83.4115
      vertex -65.5 15.75 81.1436
    endloop
  endfacet
  facet normal 1 0 0
    outer loop
      vertex -65.5 21.75 60.8564
      vertex -65.5 19.75 60.8564
      vertex -65.5 20.75 58.5885
    endloop
  endfacet
  facet normal 1 0 0
    outer loop
      vertex -65.5 14.75 52.1962
      vertex -65.5 20.75 58.5885
      vertex -65.5 19.75 60.8564
    endloop
  endfacet
  facet normal 1 0 0
    outer loop
      vertex -65.5 15.75 49.9282
      vertex -65.5 14.75 52.1962
      vertex -65.5 15.75 45.2487
    endloop
  endfacet
  facet normal 1 0 0
    outer loop
      vertex -65.5 20.75 58.5885
      vertex -65.5 14.75 52.1962
      vertex -65.5 15.75 49.9282
    endloop
  endfacet
  facet normal 1 -0 0
    outer loop
      vertex -65.5 38.75 52.1962
      vertex -65.5 43.75 34.3205
      vertex -65.5 43.75 60.8564
    endloop
  endfacet
  facet normal 1 0 0
    outer loop
      vertex -65.5 38.75 52.1962
      vertex -65.5 38.75 42.9808
      vertex -65.5 43.75 34.3205
    endloop
  endfacet
  facet normal 1 0 0
    outer loop
      vertex -65.5 38.75 52.1962
      vertex -65.5 37.75 49.9282
      vertex -65.5 38.75 42.9808
    endloop
  endfacet
  facet normal 1 -0 0
    outer loop
      vertex -65.5 32.75 58.5885
      vertex -65.5 38.75 52.1962
      vertex -65.5 33.75 60.8564
    endloop
  endfacet
  facet normal 1 0 0
    outer loop
      vertex -65.5 38.75 52.1962
      vertex -65.5 32.75 58.5885
      vertex -65.5 37.75 49.9282
    endloop
  endfacet
  facet normal 1 0 0
    outer loop
      vertex -65.5 33.75 65.5359
      vertex -65.5 31.75 65.5359
      vertex -65.5 33.75 60.8564
    endloop
  endfacet
  facet normal 1 0 0
    outer loop
      vertex -65.5 31.75 60.8564
      vertex -65.5 33.75 60.8564
      vertex -65.5 31.75 65.5359
    endloop
  endfacet
  facet normal 1 -0 0
    outer loop
      vertex -65.5 26.75 74.1962
      vertex -65.5 32.75 67.8038
      vertex -65.5 27.75 76.4641
    endloop
  endfacet
  facet normal 1 0 0
    outer loop
      vertex -65.5 32.75 67.8038
      vertex -65.5 26.75 74.1962
      vertex -65.5 31.75 65.5359
    endloop
  endfacet
  facet normal 1 0 0
    outer loop
      vertex -65.5 27.75 81.1436
      vertex -65.5 25.75 81.1436
      vertex -65.5 27.75 76.4641
    endloop
  endfacet
  facet normal 1 0 0
    outer loop
      vertex -65.5 25.75 76.4641
      vertex -65.5 27.75 76.4641
      vertex -65.5 25.75 81.1436
    endloop
  endfacet
  facet normal 1 -0 0
    outer loop
      vertex -65.5 20.75 89.8038
      vertex -65.5 26.75 83.4115
      vertex -65.5 21.75 92.0718
    endloop
  endfacet
  facet normal 1 0 0
    outer loop
      vertex -65.5 26.75 83.4115
      vertex -65.5 20.75 89.8038
      vertex -65.5 25.75 81.1436
    endloop
  endfacet
  facet normal 1 0 0
    outer loop
      vertex -65.5 21.75 96.7513
      vertex -65.5 19.75 96.7513
      vertex -65.5 21.75 92.0718
    endloop
  endfacet
  facet normal 1 0 0
    outer loop
      vertex -65.5 19.75 92.0718
      vertex -65.5 21.75 92.0718
      vertex -65.5 19.75 96.7513
    endloop
  endfacet
  facet normal 1 -0 0
    outer loop
      vertex -65.5 14.75 105.412
      vertex -65.5 20.75 99.0192
      vertex -65.5 15.75 107.68
    endloop
  endfacet
  facet normal 1 0 0
    outer loop
      vertex -65.5 20.75 99.0192
      vertex -65.5 14.75 105.412
      vertex -65.5 19.75 96.7513
    endloop
  endfacet
  facet normal 1 -0 0
    outer loop
      vertex -65.5 38.75 83.4115
      vertex -65.5 43.75 65.5359
      vertex -65.5 43.75 92.0718
    endloop
  endfacet
  facet normal 1 0 0
    outer loop
      vertex -65.5 38.75 83.4115
      vertex -65.5 38.75 74.1962
      vertex -65.5 43.75 65.5359
    endloop
  endfacet
  facet normal 1 0 0
    outer loop
      vertex -65.5 38.75 83.4115
      vertex -65.5 37.75 81.1436
      vertex -65.5 38.75 74.1962
    endloop
  endfacet
  facet normal 1 -0 0
    outer loop
      vertex -65.5 32.75 89.8038
      vertex -65.5 38.75 83.4115
      vertex -65.5 33.75 92.0718
    endloop
  endfacet
  facet normal 1 0 0
    outer loop
      vertex -65.5 38.75 83.4115
      vertex -65.5 32.75 89.8038
      vertex -65.5 37.75 81.1436
    endloop
  endfacet
  facet normal 1 0 0
    outer loop
      vertex -65.5 33.75 96.7513
      vertex -65.5 31.75 96.7513
      vertex -65.5 33.75 92.0718
    endloop
  endfacet
  facet normal 1 0 0
    outer loop
      vertex -65.5 31.75 92.0718
      vertex -65.5 33.75 92.0718
      vertex -65.5 31.75 96.7513
    endloop
  endfacet
  facet normal 1 -0 0
    outer loop
      vertex -65.5 26.75 105.412
      vertex -65.5 32.75 99.0192
      vertex -65.5 27.75 107.68
    endloop
  endfacet
  facet normal 1 0 0
    outer loop
      vertex -65.5 32.75 99.0192
      vertex -65.5 26.75 105.412
      vertex -65.5 31.75 96.7513
    endloop
  endfacet
  facet normal 1 0 0
    outer loop
      vertex -65.5 32.75 121.019
      vertex -65.5 50.5 134
      vertex -65.5 49 136.5
    endloop
  endfacet
  facet normal 1 0 0
    outer loop
      vertex -65.5 50.5 134
      vertex -65.5 43.75 96.7513
      vertex -65.5 43.75 92.0718
    endloop
  endfacet
  facet normal 1 0 0
    outer loop
      vertex -65.5 50.5 134
      vertex -65.5 43.75 92.0718
      vertex -65.5 43.75 65.5359
    endloop
  endfacet
  facet normal 1 0 0
    outer loop
      vertex -65.5 50.5 134
      vertex -65.5 43.75 65.5359
      vertex -65.5 50.5 3.5
    endloop
  endfacet
  facet normal 1 -0 0
    outer loop
      vertex -65.5 43.75 60.8564
      vertex -65.5 50.5 3.5
      vertex -65.5 43.75 65.5359
    endloop
  endfacet
  facet normal 1 -0 0
    outer loop
      vertex -65.5 43.75 34.3205
      vertex -65.5 50.5 3.5
      vertex -65.5 43.75 60.8564
    endloop
  endfacet
  facet normal 1 -0 0
    outer loop
      vertex -65.5 43.75 29.6411
      vertex -65.5 50.5 3.5
      vertex -65.5 43.75 34.3205
    endloop
  endfacet
  facet normal 1 -0 0
    outer loop
      vertex -65.5 38.75 20.9808
      vertex -65.5 50.5 3.5
      vertex -65.5 43.75 29.6411
    endloop
  endfacet
  facet normal 1 0 0
    outer loop
      vertex -65.5 33.75 34.3205
      vertex -65.5 31.75 34.3205
      vertex -65.5 33.75 29.6411
    endloop
  endfacet
  facet normal 1 0 0
    outer loop
      vertex -65.5 31.75 29.6411
      vertex -65.5 33.75 29.6411
      vertex -65.5 31.75 34.3205
    endloop
  endfacet
  facet normal 1 -0 0
    outer loop
      vertex -65.5 31.75 29.6411
      vertex -65.5 38.75 20.9808
      vertex -65.5 33.75 29.6411
    endloop
  endfacet
  facet normal 1 0 0
    outer loop
      vertex -65.5 26.75 20.9808
      vertex -65.5 38.75 20.9808
      vertex -65.5 31.75 29.6411
    endloop
  endfacet
  facet normal 1 0 0
    outer loop
      vertex -65.5 38.75 20.9808
      vertex -65.5 26.75 20.9808
      vertex -65.5 50.5 3.5
    endloop
  endfacet
  facet normal 1 0 0
    outer loop
      vertex -65.5 21.75 34.3205
      vertex -65.5 19.75 34.3205
      vertex -65.5 21.75 29.6411
    endloop
  endfacet
  facet normal 1 0 0
    outer loop
      vertex -65.5 19.75 29.6411
      vertex -65.5 21.75 29.6411
      vertex -65.5 19.75 34.3205
    endloop
  endfacet
  facet normal 1 -0 0
    outer loop
      vertex -65.5 19.75 29.6411
      vertex -65.5 26.75 20.9808
      vertex -65.5 21.75 29.6411
    endloop
  endfacet
  facet normal 1 0 0
    outer loop
      vertex -65.5 14.75 20.9808
      vertex -65.5 26.75 20.9808
      vertex -65.5 19.75 29.6411
    endloop
  endfacet
  facet normal 1 0 0
    outer loop
      vertex -65.5 3 3.5
      vertex -65.5 26.75 20.9808
      vertex -65.5 14.75 20.9808
    endloop
  endfacet
  facet normal 1 0 0
    outer loop
      vertex -65.5 26.75 20.9808
      vertex -65.5 3 3.5
      vertex -65.5 50.5 3.5
    endloop
  endfacet
  facet normal 1 0 0
    outer loop
      vertex -65.5 9.75 29.6411
      vertex -65.5 3 3.5
      vertex -65.5 14.75 20.9808
    endloop
  endfacet
  facet normal 1 0 0
    outer loop
      vertex -65.5 9.75 34.3205
      vertex -65.5 3 3.5
      vertex -65.5 9.75 29.6411
    endloop
  endfacet
  facet normal 1 0 0
    outer loop
      vertex -65.5 32.75 121.019
      vertex -65.5 49 136.5
      vertex -65.5 49 138
    endloop
  endfacet
  facet normal 1 0 0
    outer loop
      vertex -65.5 50.5 134
      vertex -65.5 37.75 112.359
      vertex -65.5 43.75 96.7513
    endloop
  endfacet
  facet normal 1 0 0
    outer loop
      vertex -65.5 43.75 96.7513
      vertex -65.5 37.75 112.359
      vertex -65.5 38.75 105.412
    endloop
  endfacet
  facet normal 1 -0 0
    outer loop
      vertex -65.5 3 140.5
      vertex -65.5 49 138
      vertex -65.5 50.0714 140.5
    endloop
  endfacet
  facet normal 1 0 0
    outer loop
      vertex -65.5 50.5 134
      vertex -65.5 32.75 121.019
      vertex -65.5 37.75 112.359
    endloop
  endfacet
  facet normal 1 0 0
    outer loop
      vertex -65.5 25.75 107.68
      vertex -65.5 27.75 107.68
      vertex -65.5 27.75 112.359
    endloop
  endfacet
  facet normal 1 0 0
    outer loop
      vertex -65.5 25.75 107.68
      vertex -65.5 27.75 112.359
      vertex -65.5 25.75 112.359
    endloop
  endfacet
  facet normal 1 0 0
    outer loop
      vertex -65.5 32.75 121.019
      vertex -65.5 25.75 112.359
      vertex -65.5 27.75 112.359
    endloop
  endfacet
  facet normal 1 0 0
    outer loop
      vertex -65.5 32.75 121.019
      vertex -65.5 20.75 121.019
      vertex -65.5 25.75 112.359
    endloop
  endfacet
  facet normal 1 0 0
    outer loop
      vertex -65.5 49 138
      vertex -65.5 20.75 121.019
      vertex -65.5 32.75 121.019
    endloop
  endfacet
  facet normal 1 0 0
    outer loop
      vertex -65.5 15.75 112.359
      vertex -65.5 14.75 105.412
      vertex -65.5 15.75 107.68
    endloop
  endfacet
  facet normal 1 0 0
    outer loop
      vertex -65.5 15.75 112.359
      vertex -65.5 9.75 96.7513
      vertex -65.5 14.75 105.412
    endloop
  endfacet
  facet normal 1 0 0
    outer loop
      vertex -65.5 3 140.5
      vertex -65.5 9.75 92.0718
      vertex -65.5 9.75 96.7513
    endloop
  endfacet
  facet normal 1 0 0
    outer loop
      vertex -65.5 9.75 92.0718
      vertex -65.5 3 140.5
      vertex -65.5 9.75 65.5359
    endloop
  endfacet
  facet normal 1 0 0
    outer loop
      vertex -65.5 3 3.5
      vertex -65.5 9.75 65.5359
      vertex -65.5 3 140.5
    endloop
  endfacet
  facet normal 1 0 0
    outer loop
      vertex -65.5 9.75 65.5359
      vertex -65.5 3 3.5
      vertex -65.5 9.75 60.8564
    endloop
  endfacet
  facet normal 1 0 0
    outer loop
      vertex -65.5 9.75 60.8564
      vertex -65.5 3 3.5
      vertex -65.5 9.75 34.3205
    endloop
  endfacet
  facet normal 1 0 0
    outer loop
      vertex -65.5 15.75 112.359
      vertex -65.5 3 140.5
      vertex -65.5 9.75 96.7513
    endloop
  endfacet
  facet normal 1 0 0
    outer loop
      vertex -65.5 20.75 121.019
      vertex -65.5 3 140.5
      vertex -65.5 15.75 112.359
    endloop
  endfacet
  facet normal 1 0 0
    outer loop
      vertex -65.5 49 138
      vertex -65.5 3 140.5
      vertex -65.5 20.75 121.019
    endloop
  endfacet
  facet normal 1 -0 0
    outer loop
      vertex -65.5 37.75 107.68
      vertex -65.5 38.75 105.412
      vertex -65.5 37.75 112.359
    endloop
  endfacet
  facet normal 1 0 0
    outer loop
      vertex -65.5 32.75 99.0192
      vertex -65.5 38.75 105.412
      vertex -65.5 37.75 107.68
    endloop
  endfacet
  facet normal 1 0 0
    outer loop
      vertex -65.5 31.75 96.7513
      vertex -65.5 33.75 96.7513
      vertex -65.5 32.75 99.0192
    endloop
  endfacet
  facet normal 1 0 0
    outer loop
      vertex -65.5 38.75 105.412
      vertex -65.5 32.75 99.0192
      vertex -65.5 33.75 96.7513
    endloop
  endfacet
  facet normal 1 -0 0
    outer loop
      vertex -65.5 37.75 76.4641
      vertex -65.5 38.75 74.1962
      vertex -65.5 37.75 81.1436
    endloop
  endfacet
  facet normal 1 0 0
    outer loop
      vertex -65.5 32.75 67.8038
      vertex -65.5 38.75 74.1962
      vertex -65.5 37.75 76.4641
    endloop
  endfacet
  facet normal 1 0 0
    outer loop
      vertex -65.5 31.75 65.5359
      vertex -65.5 33.75 65.5359
      vertex -65.5 32.75 67.8038
    endloop
  endfacet
  facet normal 1 0 0
    outer loop
      vertex -65.5 38.75 74.1962
      vertex -65.5 32.75 67.8038
      vertex -65.5 33.75 65.5359
    endloop
  endfacet
  facet normal 1 -0 0
    outer loop
      vertex -65.5 37.75 45.2487
      vertex -65.5 38.75 42.9808
      vertex -65.5 37.75 49.9282
    endloop
  endfacet
  facet normal 1 0 0
    outer loop
      vertex -65.5 32.75 36.5885
      vertex -65.5 38.75 42.9808
      vertex -65.5 37.75 45.2487
    endloop
  endfacet
  facet normal 1 0 0
    outer loop
      vertex -65.5 31.75 34.3205
      vertex -65.5 33.75 34.3205
      vertex -65.5 32.75 36.5885
    endloop
  endfacet
  facet normal 1 0 0
    outer loop
      vertex -65.5 38.75 42.9808
      vertex -65.5 32.75 36.5885
      vertex -65.5 33.75 34.3205
    endloop
  endfacet
  facet normal 1 0 0
    outer loop
      vertex -65.5 27.75 107.68
      vertex -65.5 25.75 107.68
      vertex -65.5 26.75 105.412
    endloop
  endfacet
  facet normal 1 0 0
    outer loop
      vertex -65.5 20.75 99.0192
      vertex -65.5 26.75 105.412
      vertex -65.5 25.75 107.68
    endloop
  endfacet
  facet normal 1 0 0
    outer loop
      vertex -65.5 19.75 96.7513
      vertex -65.5 21.75 96.7513
      vertex -65.5 20.75 99.0192
    endloop
  endfacet
  facet normal 1 0 0
    outer loop
      vertex -65.5 26.75 105.412
      vertex -65.5 20.75 99.0192
      vertex -65.5 21.75 96.7513
    endloop
  endfacet
  facet normal 1 0 0
    outer loop
      vertex -65.5 27.75 76.4641
      vertex -65.5 25.75 76.4641
      vertex -65.5 26.75 74.1962
    endloop
  endfacet
  facet normal 1 0 0
    outer loop
      vertex -65.5 20.75 67.8038
      vertex -65.5 26.75 74.1962
      vertex -65.5 25.75 76.4641
    endloop
  endfacet
  facet normal 1 0 0
    outer loop
      vertex -65.5 19.75 65.5359
      vertex -65.5 21.75 65.5359
      vertex -65.5 20.75 67.8038
    endloop
  endfacet
  facet normal 1 0 0
    outer loop
      vertex -65.5 26.75 74.1962
      vertex -65.5 20.75 67.8038
      vertex -65.5 21.75 65.5359
    endloop
  endfacet
  facet normal 1 0 0
    outer loop
      vertex -65.5 27.75 45.2487
      vertex -65.5 25.75 45.2487
      vertex -65.5 26.75 42.9808
    endloop
  endfacet
  facet normal 1 0 0
    outer loop
      vertex -65.5 20.75 36.5885
      vertex -65.5 26.75 42.9808
      vertex -65.5 25.75 45.2487
    endloop
  endfacet
  facet normal 1 0 0
    outer loop
      vertex -65.5 19.75 34.3205
      vertex -65.5 21.75 34.3205
      vertex -65.5 20.75 36.5885
    endloop
  endfacet
  facet normal 1 0 0
    outer loop
      vertex -65.5 26.75 42.9808
      vertex -65.5 20.75 36.5885
      vertex -65.5 21.75 34.3205
    endloop
  endfacet
  facet normal 0 -1 0
    outer loop
      vertex -65.5 50.5 3.5
      vertex -53.5 50.5 134
      vertex -65.5 50.5 134
    endloop
  endfacet
  facet normal 0 -1 -0
    outer loop
      vertex -53.5 50.5 134
      vertex -65.5 50.5 3.5
      vertex -53.5 50.5 3.5
    endloop
  endfacet
  facet normal 1 0 0
    outer loop
      vertex -53.5 49 138
      vertex -53.5 50.5 140.5
      vertex -53.5 50.0714 140.5
    endloop
  endfacet
  facet normal 1 0 0
    outer loop
      vertex -53.5 50.5 140.5
      vertex -53.5 49 138
      vertex -53.5 50.5 134
    endloop
  endfacet
  facet normal 1 0 0
    outer loop
      vertex -53.5 50.5 134
      vertex -53.5 49 138
      vertex -53.5 49 136.5
    endloop
  endfacet
  facet normal 1 0 0
    outer loop
      vertex -53.5 50.5 140.5
      vertex -53.5 54.5 142
      vertex -53.5 50.5 142
    endloop
  endfacet
  facet normal 1 0 0
    outer loop
      vertex -53.5 50.5 134
      vertex -53.5 54.5 142
      vertex -53.5 50.5 140.5
    endloop
  endfacet
  facet normal 1 0 0
    outer loop
      vertex -53.5 54.5 142
      vertex -53.5 50.5 134
      vertex -53.5 54.5 3.5
    endloop
  endfacet
  facet normal 1 0 0
    outer loop
      vertex -53.5 54.5 3.5
      vertex -53.5 50.5 134
      vertex -53.5 50.5 3.5
    endloop
  endfacet
  facet normal 0 -0.919149 0.39391
    outer loop
      vertex -65.5 49 138
      vertex -53.5 50.0714 140.5
      vertex -65.5 50.0714 140.5
    endloop
  endfacet
  facet normal 0 -0.919149 0.39391
    outer loop
      vertex -53.5 50.0714 140.5
      vertex -65.5 49 138
      vertex -53.5 49 138
    endloop
  endfacet
  facet normal 0 -0.857493 -0.514496
    outer loop
      vertex -65.5 50.5 134
      vertex -53.5 49 136.5
      vertex -65.5 49 136.5
    endloop
  endfacet
  facet normal 0 -0.857493 -0.514496
    outer loop
      vertex -53.5 49 136.5
      vertex -65.5 50.5 134
      vertex -53.5 50.5 134
    endloop
  endfacet
  facet normal 0 -1 0
    outer loop
      vertex -65.5 49 136.5
      vertex -53.5 49 138
      vertex -65.5 49 138
    endloop
  endfacet
  facet normal 0 -1 -0
    outer loop
      vertex -53.5 49 138
      vertex -65.5 49 136.5
      vertex -53.5 49 136.5
    endloop
  endfacet
  facet normal 0 1 0
    outer loop
      vertex 48 3 35.1769
      vertex 42 3 28.7846
      vertex 47 3 37.4449
    endloop
  endfacet
  facet normal -0 1 0
    outer loop
      vertex 42 3 28.7846
      vertex 48 3 35.1769
      vertex 43 3 26.5166
    endloop
  endfacet
  facet normal 0 1 0
    outer loop
      vertex 36 3 35.1769
      vertex 30 3 28.7846
      vertex 35 3 37.4449
    endloop
  endfacet
  facet normal -0 1 0
    outer loop
      vertex 30 3 28.7846
      vertex 36 3 35.1769
      vertex 31 3 26.5166
    endloop
  endfacet
  facet normal 0 1 0
    outer loop
      vertex 24 3 35.1769
      vertex 18 3 28.7846
      vertex 23 3 37.4449
    endloop
  endfacet
  facet normal -0 1 0
    outer loop
      vertex 18 3 28.7846
      vertex 24 3 35.1769
      vertex 19 3 26.5166
    endloop
  endfacet
  facet normal 0 1 0
    outer loop
      vertex 12 3 35.1769
      vertex 6 3 28.7846
      vertex 11 3 37.4449
    endloop
  endfacet
  facet normal -0 1 0
    outer loop
      vertex 6 3 28.7846
      vertex 12 3 35.1769
      vertex 7 3 26.5166
    endloop
  endfacet
  facet normal 0 1 0
    outer loop
      vertex 0 3 35.1769
      vertex -6 3 28.7846
      vertex -1 3 37.4449
    endloop
  endfacet
  facet normal -0 1 0
    outer loop
      vertex -6 3 28.7846
      vertex 0 3 35.1769
      vertex -5 3 26.5166
    endloop
  endfacet
  facet normal 0 1 0
    outer loop
      vertex -12 3 35.1769
      vertex -18 3 28.7846
      vertex -13 3 37.4449
    endloop
  endfacet
  facet normal -0 1 0
    outer loop
      vertex -18 3 28.7846
      vertex -12 3 35.1769
      vertex -17 3 26.5166
    endloop
  endfacet
  facet normal 0 1 0
    outer loop
      vertex -24 3 35.1769
      vertex -30 3 28.7846
      vertex -25 3 37.4449
    endloop
  endfacet
  facet normal -0 1 0
    outer loop
      vertex -30 3 28.7846
      vertex -24 3 35.1769
      vertex -29 3 26.5166
    endloop
  endfacet
  facet normal 0 1 0
    outer loop
      vertex -36 3 35.1769
      vertex -42 3 28.7846
      vertex -37 3 37.4449
    endloop
  endfacet
  facet normal -0 1 0
    outer loop
      vertex -42 3 28.7846
      vertex -36 3 35.1769
      vertex -41 3 26.5166
    endloop
  endfacet
  facet normal 0 1 0
    outer loop
      vertex -48 3 35.1769
      vertex -54 3 28.7846
      vertex -49 3 37.4449
    endloop
  endfacet
  facet normal -0 1 0
    outer loop
      vertex -54 3 28.7846
      vertex -48 3 35.1769
      vertex -53 3 26.5166
    endloop
  endfacet
  facet normal 0 1 0
    outer loop
      vertex 48 3 66.3923
      vertex 42 3 60
      vertex 47 3 68.6603
    endloop
  endfacet
  facet normal -0 1 0
    outer loop
      vertex 42 3 60
      vertex 48 3 66.3923
      vertex 43 3 57.732
    endloop
  endfacet
  facet normal 0 1 0
    outer loop
      vertex 36 3 66.3923
      vertex 30 3 60
      vertex 35 3 68.6603
    endloop
  endfacet
  facet normal -0 1 0
    outer loop
      vertex 30 3 60
      vertex 36 3 66.3923
      vertex 31 3 57.732
    endloop
  endfacet
  facet normal 0 1 0
    outer loop
      vertex 24 3 66.3923
      vertex 18 3 60
      vertex 23 3 68.6603
    endloop
  endfacet
  facet normal -0 1 0
    outer loop
      vertex 18 3 60
      vertex 24 3 66.3923
      vertex 19 3 57.732
    endloop
  endfacet
  facet normal 0 1 0
    outer loop
      vertex 12 3 66.3923
      vertex 6 3 60
      vertex 11 3 68.6603
    endloop
  endfacet
  facet normal -0 1 0
    outer loop
      vertex 6 3 60
      vertex 12 3 66.3923
      vertex 7 3 57.732
    endloop
  endfacet
  facet normal 0 1 0
    outer loop
      vertex 0 3 66.3923
      vertex -6 3 60
      vertex -1 3 68.6603
    endloop
  endfacet
  facet normal -0 1 0
    outer loop
      vertex -6 3 60
      vertex 0 3 66.3923
      vertex -5 3 57.732
    endloop
  endfacet
  facet normal 0 1 0
    outer loop
      vertex -12 3 66.3923
      vertex -18 3 60
      vertex -13 3 68.6603
    endloop
  endfacet
  facet normal -0 1 0
    outer loop
      vertex -18 3 60
      vertex -12 3 66.3923
      vertex -17 3 57.732
    endloop
  endfacet
  facet normal 0 1 0
    outer loop
      vertex -24 3 66.3923
      vertex -30 3 60
      vertex -25 3 68.6603
    endloop
  endfacet
  facet normal -0 1 0
    outer loop
      vertex -30 3 60
      vertex -24 3 66.3923
      vertex -29 3 57.732
    endloop
  endfacet
  facet normal 0 1 0
    outer loop
      vertex -36 3 66.3923
      vertex -42 3 60
      vertex -37 3 68.6603
    endloop
  endfacet
  facet normal -0 1 0
    outer loop
      vertex -42 3 60
      vertex -36 3 66.3923
      vertex -41 3 57.732
    endloop
  endfacet
  facet normal 0 1 0
    outer loop
      vertex -48 3 66.3923
      vertex -54 3 60
      vertex -49 3 68.6603
    endloop
  endfacet
  facet normal -0 1 0
    outer loop
      vertex -54 3 60
      vertex -48 3 66.3923
      vertex -53 3 57.732
    endloop
  endfacet
  facet normal 0 1 0
    outer loop
      vertex 48 3 97.6077
      vertex 42 3 91.2154
      vertex 47 3 99.8757
    endloop
  endfacet
  facet normal -0 1 0
    outer loop
      vertex 42 3 91.2154
      vertex 48 3 97.6077
      vertex 43 3 88.9474
    endloop
  endfacet
  facet normal 0 1 0
    outer loop
      vertex 36 3 97.6077
      vertex 30 3 91.2154
      vertex 35 3 99.8757
    endloop
  endfacet
  facet normal -0 1 0
    outer loop
      vertex 30 3 91.2154
      vertex 36 3 97.6077
      vertex 31 3 88.9474
    endloop
  endfacet
  facet normal 0 1 0
    outer loop
      vertex 24 3 97.6077
      vertex 18 3 91.2154
      vertex 23 3 99.8757
    endloop
  endfacet
  facet normal -0 1 0
    outer loop
      vertex 18 3 91.2154
      vertex 24 3 97.6077
      vertex 19 3 88.9474
    endloop
  endfacet
  facet normal 0 1 0
    outer loop
      vertex 12 3 97.6077
      vertex 6 3 91.2154
      vertex 11 3 99.8757
    endloop
  endfacet
  facet normal -0 1 0
    outer loop
      vertex 6 3 91.2154
      vertex 12 3 97.6077
      vertex 7 3 88.9474
    endloop
  endfacet
  facet normal 0 1 0
    outer loop
      vertex 0 3 97.6077
      vertex -6 3 91.2154
      vertex -1 3 99.8757
    endloop
  endfacet
  facet normal -0 1 0
    outer loop
      vertex -6 3 91.2154
      vertex 0 3 97.6077
      vertex -5 3 88.9474
    endloop
  endfacet
  facet normal 0 1 0
    outer loop
      vertex -12 3 97.6077
      vertex -18 3 91.2154
      vertex -13 3 99.8757
    endloop
  endfacet
  facet normal -0 1 0
    outer loop
      vertex -18 3 91.2154
      vertex -12 3 97.6077
      vertex -17 3 88.9474
    endloop
  endfacet
  facet normal 0 1 0
    outer loop
      vertex -24 3 97.6077
      vertex -30 3 91.2154
      vertex -25 3 99.8757
    endloop
  endfacet
  facet normal -0 1 0
    outer loop
      vertex -30 3 91.2154
      vertex -24 3 97.6077
      vertex -29 3 88.9474
    endloop
  endfacet
  facet normal 0 1 0
    outer loop
      vertex -36 3 97.6077
      vertex -42 3 91.2154
      vertex -37 3 99.8757
    endloop
  endfacet
  facet normal -0 1 0
    outer loop
      vertex -42 3 91.2154
      vertex -36 3 97.6077
      vertex -41 3 88.9474
    endloop
  endfacet
  facet normal 0 1 0
    outer loop
      vertex -48 3 97.6077
      vertex -54 3 91.2154
      vertex -49 3 99.8757
    endloop
  endfacet
  facet normal -0 1 0
    outer loop
      vertex -54 3 91.2154
      vertex -48 3 97.6077
      vertex -53 3 88.9474
    endloop
  endfacet
  facet normal 0 1 0
    outer loop
      vertex -48 3 44.3923
      vertex -54 3 50.7846
      vertex -53 3 53.0526
    endloop
  endfacet
  facet normal 0 1 0
    outer loop
      vertex -49 3 42.1243
      vertex -48 3 44.3923
      vertex -47 3 42.1243
    endloop
  endfacet
  facet normal 0 1 0
    outer loop
      vertex -48 3 44.3923
      vertex -49 3 42.1243
      vertex -54 3 50.7846
    endloop
  endfacet
  facet normal 0 1 -0
    outer loop
      vertex -47 3 37.4449
      vertex -49 3 42.1243
      vertex -47 3 42.1243
    endloop
  endfacet
  facet normal 0 1 0
    outer loop
      vertex -47 3 37.4449
      vertex -49 3 37.4449
      vertex -49 3 42.1243
    endloop
  endfacet
  facet normal 0 1 0
    outer loop
      vertex -47 3 37.4449
      vertex -48 3 35.1769
      vertex -49 3 37.4449
    endloop
  endfacet
  facet normal 0 1 0
    outer loop
      vertex -42 3 28.7846
      vertex -48 3 35.1769
      vertex -47 3 37.4449
    endloop
  endfacet
  facet normal 0 1 0
    outer loop
      vertex -43 3 26.5166
      vertex -42 3 28.7846
      vertex -41 3 26.5166
    endloop
  endfacet
  facet normal 0 1 0
    outer loop
      vertex -42 3 28.7846
      vertex -43 3 26.5166
      vertex -48 3 35.1769
    endloop
  endfacet
  facet normal 0 1 -0
    outer loop
      vertex -41 3 21.8372
      vertex -43 3 26.5166
      vertex -41 3 26.5166
    endloop
  endfacet
  facet normal 0 1 0
    outer loop
      vertex -41 3 21.8372
      vertex -43 3 21.8372
      vertex -43 3 26.5166
    endloop
  endfacet
  facet normal 0 1 0
    outer loop
      vertex -36 3 13.1769
      vertex -43 3 21.8372
      vertex -41 3 21.8372
    endloop
  endfacet
  facet normal 0 1 0
    outer loop
      vertex -43 3 21.8372
      vertex -36 3 13.1769
      vertex -48 3 13.1769
    endloop
  endfacet
  facet normal 0 1 0
    outer loop
      vertex 54 3 50.7846
      vertex 48 3 44.3923
      vertex 53 3 53.0526
    endloop
  endfacet
  facet normal -0 1 0
    outer loop
      vertex 48 3 44.3923
      vertex 54 3 50.7846
      vertex 49 3 42.1243
    endloop
  endfacet
  facet normal 0 1 0
    outer loop
      vertex 42 3 50.7846
      vertex 36 3 44.3923
      vertex 41 3 53.0526
    endloop
  endfacet
  facet normal -0 1 0
    outer loop
      vertex 36 3 44.3923
      vertex 42 3 50.7846
      vertex 37 3 42.1243
    endloop
  endfacet
  facet normal 0 1 0
    outer loop
      vertex 30 3 50.7846
      vertex 24 3 44.3923
      vertex 29 3 53.0526
    endloop
  endfacet
  facet normal -0 1 0
    outer loop
      vertex 24 3 44.3923
      vertex 30 3 50.7846
      vertex 25 3 42.1243
    endloop
  endfacet
  facet normal 0 1 0
    outer loop
      vertex 18 3 50.7846
      vertex 12 3 44.3923
      vertex 17 3 53.0526
    endloop
  endfacet
  facet normal -0 1 0
    outer loop
      vertex 12 3 44.3923
      vertex 18 3 50.7846
      vertex 13 3 42.1243
    endloop
  endfacet
  facet normal 0 1 0
    outer loop
      vertex 6 3 50.7846
      vertex 0 3 44.3923
      vertex 5 3 53.0526
    endloop
  endfacet
  facet normal -0 1 0
    outer loop
      vertex 0 3 44.3923
      vertex 6 3 50.7846
      vertex 1 3 42.1243
    endloop
  endfacet
  facet normal 0 1 0
    outer loop
      vertex -6 3 50.7846
      vertex -12 3 44.3923
      vertex -7 3 53.0526
    endloop
  endfacet
  facet normal -0 1 0
    outer loop
      vertex -12 3 44.3923
      vertex -6 3 50.7846
      vertex -11 3 42.1243
    endloop
  endfacet
  facet normal 0 1 0
    outer loop
      vertex -18 3 50.7846
      vertex -24 3 44.3923
      vertex -19 3 53.0526
    endloop
  endfacet
  facet normal -0 1 0
    outer loop
      vertex -24 3 44.3923
      vertex -18 3 50.7846
      vertex -23 3 42.1243
    endloop
  endfacet
  facet normal 0 1 0
    outer loop
      vertex -30 3 50.7846
      vertex -36 3 44.3923
      vertex -31 3 53.0526
    endloop
  endfacet
  facet normal -0 1 0
    outer loop
      vertex -36 3 44.3923
      vertex -30 3 50.7846
      vertex -35 3 42.1243
    endloop
  endfacet
  facet normal 0 1 0
    outer loop
      vertex -42 3 50.7846
      vertex -48 3 44.3923
      vertex -43 3 53.0526
    endloop
  endfacet
  facet normal -0 1 0
    outer loop
      vertex -48 3 44.3923
      vertex -42 3 50.7846
      vertex -47 3 42.1243
    endloop
  endfacet
  facet normal 0 1 0
    outer loop
      vertex -48 3 75.6077
      vertex -54 3 82
      vertex -53 3 84.268
    endloop
  endfacet
  facet normal 0 1 0
    outer loop
      vertex -49 3 73.3397
      vertex -48 3 75.6077
      vertex -47 3 73.3397
    endloop
  endfacet
  facet normal 0 1 0
    outer loop
      vertex -48 3 75.6077
      vertex -49 3 73.3397
      vertex -54 3 82
    endloop
  endfacet
  facet normal 0 1 -0
    outer loop
      vertex -47 3 68.6603
      vertex -49 3 73.3397
      vertex -47 3 73.3397
    endloop
  endfacet
  facet normal 0 1 0
    outer loop
      vertex -47 3 68.6603
      vertex -49 3 68.6603
      vertex -49 3 73.3397
    endloop
  endfacet
  facet normal 0 1 0
    outer loop
      vertex -47 3 68.6603
      vertex -48 3 66.3923
      vertex -49 3 68.6603
    endloop
  endfacet
  facet normal 0 1 0
    outer loop
      vertex -42 3 60
      vertex -48 3 66.3923
      vertex -47 3 68.6603
    endloop
  endfacet
  facet normal 0 1 0
    outer loop
      vertex -43 3 57.732
      vertex -42 3 60
      vertex -41 3 57.732
    endloop
  endfacet
  facet normal 0 1 0
    outer loop
      vertex -42 3 60
      vertex -43 3 57.732
      vertex -48 3 66.3923
    endloop
  endfacet
  facet normal 0 1 -0
    outer loop
      vertex -41 3 53.0526
      vertex -43 3 57.732
      vertex -41 3 57.732
    endloop
  endfacet
  facet normal 0 1 0
    outer loop
      vertex -41 3 53.0526
      vertex -43 3 53.0526
      vertex -43 3 57.732
    endloop
  endfacet
  facet normal 0 1 0
    outer loop
      vertex -41 3 53.0526
      vertex -42 3 50.7846
      vertex -43 3 53.0526
    endloop
  endfacet
  facet normal 0 1 0
    outer loop
      vertex -36 3 44.3923
      vertex -42 3 50.7846
      vertex -41 3 53.0526
    endloop
  endfacet
  facet normal 0 1 0
    outer loop
      vertex -37 3 42.1243
      vertex -36 3 44.3923
      vertex -35 3 42.1243
    endloop
  endfacet
  facet normal 0 1 0
    outer loop
      vertex -36 3 44.3923
      vertex -37 3 42.1243
      vertex -42 3 50.7846
    endloop
  endfacet
  facet normal 0 1 -0
    outer loop
      vertex -35 3 37.4449
      vertex -37 3 42.1243
      vertex -35 3 42.1243
    endloop
  endfacet
  facet normal 0 1 0
    outer loop
      vertex -35 3 37.4449
      vertex -37 3 37.4449
      vertex -37 3 42.1243
    endloop
  endfacet
  facet normal 0 1 0
    outer loop
      vertex -35 3 37.4449
      vertex -36 3 35.1769
      vertex -37 3 37.4449
    endloop
  endfacet
  facet normal 0 1 0
    outer loop
      vertex -30 3 28.7846
      vertex -36 3 35.1769
      vertex -35 3 37.4449
    endloop
  endfacet
  facet normal 0 1 0
    outer loop
      vertex -31 3 26.5166
      vertex -30 3 28.7846
      vertex -29 3 26.5166
    endloop
  endfacet
  facet normal 0 1 0
    outer loop
      vertex -30 3 28.7846
      vertex -31 3 26.5166
      vertex -36 3 35.1769
    endloop
  endfacet
  facet normal 0 1 -0
    outer loop
      vertex -29 3 21.8372
      vertex -31 3 26.5166
      vertex -29 3 26.5166
    endloop
  endfacet
  facet normal 0 1 0
    outer loop
      vertex -29 3 21.8372
      vertex -31 3 21.8372
      vertex -31 3 26.5166
    endloop
  endfacet
  facet normal 0 1 0
    outer loop
      vertex -24 3 13.1769
      vertex -31 3 21.8372
      vertex -29 3 21.8372
    endloop
  endfacet
  facet normal 0 1 0
    outer loop
      vertex -31 3 21.8372
      vertex -24 3 13.1769
      vertex -36 3 13.1769
    endloop
  endfacet
  facet normal 0 1 0
    outer loop
      vertex 54 3 82
      vertex 48 3 75.6077
      vertex 53 3 84.268
    endloop
  endfacet
  facet normal -0 1 0
    outer loop
      vertex 48 3 75.6077
      vertex 54 3 82
      vertex 49 3 73.3397
    endloop
  endfacet
  facet normal 0 1 0
    outer loop
      vertex 42 3 82
      vertex 36 3 75.6077
      vertex 41 3 84.268
    endloop
  endfacet
  facet normal -0 1 0
    outer loop
      vertex 36 3 75.6077
      vertex 42 3 82
      vertex 37 3 73.3397
    endloop
  endfacet
  facet normal 0 1 0
    outer loop
      vertex 30 3 82
      vertex 24 3 75.6077
      vertex 29 3 84.268
    endloop
  endfacet
  facet normal -0 1 0
    outer loop
      vertex 24 3 75.6077
      vertex 30 3 82
      vertex 25 3 73.3397
    endloop
  endfacet
  facet normal 0 1 0
    outer loop
      vertex 18 3 82
      vertex 12 3 75.6077
      vertex 17 3 84.268
    endloop
  endfacet
  facet normal -0 1 0
    outer loop
      vertex 12 3 75.6077
      vertex 18 3 82
      vertex 13 3 73.3397
    endloop
  endfacet
  facet normal 0 1 0
    outer loop
      vertex 6 3 82
      vertex 0 3 75.6077
      vertex 5 3 84.268
    endloop
  endfacet
  facet normal -0 1 0
    outer loop
      vertex 0 3 75.6077
      vertex 6 3 82
      vertex 1 3 73.3397
    endloop
  endfacet
  facet normal 0 1 0
    outer loop
      vertex -6 3 82
      vertex -12 3 75.6077
      vertex -7 3 84.268
    endloop
  endfacet
  facet normal -0 1 0
    outer loop
      vertex -12 3 75.6077
      vertex -6 3 82
      vertex -11 3 73.3397
    endloop
  endfacet
  facet normal 0 1 0
    outer loop
      vertex -18 3 82
      vertex -24 3 75.6077
      vertex -19 3 84.268
    endloop
  endfacet
  facet normal -0 1 0
    outer loop
      vertex -24 3 75.6077
      vertex -18 3 82
      vertex -23 3 73.3397
    endloop
  endfacet
  facet normal 0 1 0
    outer loop
      vertex -30 3 82
      vertex -36 3 75.6077
      vertex -31 3 84.268
    endloop
  endfacet
  facet normal -0 1 0
    outer loop
      vertex -36 3 75.6077
      vertex -30 3 82
      vertex -35 3 73.3397
    endloop
  endfacet
  facet normal 0 1 0
    outer loop
      vertex -42 3 82
      vertex -48 3 75.6077
      vertex -43 3 84.268
    endloop
  endfacet
  facet normal -0 1 0
    outer loop
      vertex -48 3 75.6077
      vertex -42 3 82
      vertex -47 3 73.3397
    endloop
  endfacet
  facet normal 0 1 0
    outer loop
      vertex -48 3 106.823
      vertex -54 3 113.215
      vertex -53 3 115.483
    endloop
  endfacet
  facet normal 0 1 0
    outer loop
      vertex -49 3 104.555
      vertex -48 3 106.823
      vertex -47 3 104.555
    endloop
  endfacet
  facet normal 0 1 0
    outer loop
      vertex -48 3 106.823
      vertex -49 3 104.555
      vertex -54 3 113.215
    endloop
  endfacet
  facet normal 0 1 -0
    outer loop
      vertex -47 3 99.8757
      vertex -49 3 104.555
      vertex -47 3 104.555
    endloop
  endfacet
  facet normal 0 1 0
    outer loop
      vertex -47 3 99.8757
      vertex -49 3 99.8757
      vertex -49 3 104.555
    endloop
  endfacet
  facet normal 0 1 0
    outer loop
      vertex -47 3 99.8757
      vertex -48 3 97.6077
      vertex -49 3 99.8757
    endloop
  endfacet
  facet normal 0 1 0
    outer loop
      vertex -42 3 91.2154
      vertex -48 3 97.6077
      vertex -47 3 99.8757
    endloop
  endfacet
  facet normal 0 1 0
    outer loop
      vertex -43 3 88.9474
      vertex -42 3 91.2154
      vertex -41 3 88.9474
    endloop
  endfacet
  facet normal 0 1 0
    outer loop
      vertex -42 3 91.2154
      vertex -43 3 88.9474
      vertex -48 3 97.6077
    endloop
  endfacet
  facet normal 0 1 -0
    outer loop
      vertex -41 3 84.268
      vertex -43 3 88.9474
      vertex -41 3 88.9474
    endloop
  endfacet
  facet normal 0 1 0
    outer loop
      vertex -41 3 84.268
      vertex -43 3 84.268
      vertex -43 3 88.9474
    endloop
  endfacet
  facet normal 0 1 0
    outer loop
      vertex -41 3 84.268
      vertex -42 3 82
      vertex -43 3 84.268
    endloop
  endfacet
  facet normal 0 1 0
    outer loop
      vertex -36 3 75.6077
      vertex -42 3 82
      vertex -41 3 84.268
    endloop
  endfacet
  facet normal 0 1 0
    outer loop
      vertex -37 3 73.3397
      vertex -36 3 75.6077
      vertex -35 3 73.3397
    endloop
  endfacet
  facet normal 0 1 0
    outer loop
      vertex -36 3 75.6077
      vertex -37 3 73.3397
      vertex -42 3 82
    endloop
  endfacet
  facet normal 0 1 -0
    outer loop
      vertex -35 3 68.6603
      vertex -37 3 73.3397
      vertex -35 3 73.3397
    endloop
  endfacet
  facet normal 0 1 0
    outer loop
      vertex -35 3 68.6603
      vertex -37 3 68.6603
      vertex -37 3 73.3397
    endloop
  endfacet
  facet normal 0 1 0
    outer loop
      vertex -35 3 68.6603
      vertex -36 3 66.3923
      vertex -37 3 68.6603
    endloop
  endfacet
  facet normal 0 1 0
    outer loop
      vertex -30 3 60
      vertex -36 3 66.3923
      vertex -35 3 68.6603
    endloop
  endfacet
  facet normal 0 1 0
    outer loop
      vertex -31 3 57.732
      vertex -30 3 60
      vertex -29 3 57.732
    endloop
  endfacet
  facet normal 0 1 0
    outer loop
      vertex -30 3 60
      vertex -31 3 57.732
      vertex -36 3 66.3923
    endloop
  endfacet
  facet normal 0 1 -0
    outer loop
      vertex -29 3 53.0526
      vertex -31 3 57.732
      vertex -29 3 57.732
    endloop
  endfacet
  facet normal 0 1 0
    outer loop
      vertex -29 3 53.0526
      vertex -31 3 53.0526
      vertex -31 3 57.732
    endloop
  endfacet
  facet normal 0 1 0
    outer loop
      vertex -29 3 53.0526
      vertex -30 3 50.7846
      vertex -31 3 53.0526
    endloop
  endfacet
  facet normal 0 1 0
    outer loop
      vertex -24 3 44.3923
      vertex -30 3 50.7846
      vertex -29 3 53.0526
    endloop
  endfacet
  facet normal 0 1 0
    outer loop
      vertex -25 3 42.1243
      vertex -24 3 44.3923
      vertex -23 3 42.1243
    endloop
  endfacet
  facet normal 0 1 0
    outer loop
      vertex -24 3 44.3923
      vertex -25 3 42.1243
      vertex -30 3 50.7846
    endloop
  endfacet
  facet normal 0 1 -0
    outer loop
      vertex -23 3 37.4449
      vertex -25 3 42.1243
      vertex -23 3 42.1243
    endloop
  endfacet
  facet normal 0 1 0
    outer loop
      vertex -23 3 37.4449
      vertex -25 3 37.4449
      vertex -25 3 42.1243
    endloop
  endfacet
  facet normal 0 1 0
    outer loop
      vertex -23 3 37.4449
      vertex -24 3 35.1769
      vertex -25 3 37.4449
    endloop
  endfacet
  facet normal 0 1 0
    outer loop
      vertex -18 3 28.7846
      vertex -24 3 35.1769
      vertex -23 3 37.4449
    endloop
  endfacet
  facet normal 0 1 0
    outer loop
      vertex -19 3 26.5166
      vertex -18 3 28.7846
      vertex -17 3 26.5166
    endloop
  endfacet
  facet normal 0 1 0
    outer loop
      vertex -18 3 28.7846
      vertex -19 3 26.5166
      vertex -24 3 35.1769
    endloop
  endfacet
  facet normal 0 1 -0
    outer loop
      vertex -17 3 21.8372
      vertex -19 3 26.5166
      vertex -17 3 26.5166
    endloop
  endfacet
  facet normal 0 1 0
    outer loop
      vertex -17 3 21.8372
      vertex -19 3 21.8372
      vertex -19 3 26.5166
    endloop
  endfacet
  facet normal 0 1 0
    outer loop
      vertex -12 3 13.1769
      vertex -19 3 21.8372
      vertex -17 3 21.8372
    endloop
  endfacet
  facet normal 0 1 0
    outer loop
      vertex -19 3 21.8372
      vertex -12 3 13.1769
      vertex -24 3 13.1769
    endloop
  endfacet
  facet normal 0 1 -0
    outer loop
      vertex -41 3 120.163
      vertex -48 3 128.823
      vertex -36 3 128.823
    endloop
  endfacet
  facet normal 0 1 0
    outer loop
      vertex -41 3 120.163
      vertex -43 3 120.163
      vertex -48 3 128.823
    endloop
  endfacet
  facet normal 0 1 -0
    outer loop
      vertex -41 3 115.483
      vertex -43 3 120.163
      vertex -41 3 120.163
    endloop
  endfacet
  facet normal 0 1 0
    outer loop
      vertex -41 3 115.483
      vertex -43 3 115.483
      vertex -43 3 120.163
    endloop
  endfacet
  facet normal 0 1 0
    outer loop
      vertex -41 3 115.483
      vertex -42 3 113.215
      vertex -43 3 115.483
    endloop
  endfacet
  facet normal 0 1 0
    outer loop
      vertex -36 3 106.823
      vertex -42 3 113.215
      vertex -41 3 115.483
    endloop
  endfacet
  facet normal 0 1 0
    outer loop
      vertex -37 3 104.555
      vertex -36 3 106.823
      vertex -35 3 104.555
    endloop
  endfacet
  facet normal 0 1 0
    outer loop
      vertex -36 3 106.823
      vertex -37 3 104.555
      vertex -42 3 113.215
    endloop
  endfacet
  facet normal 0 1 -0
    outer loop
      vertex -35 3 99.8757
      vertex -37 3 104.555
      vertex -35 3 104.555
    endloop
  endfacet
  facet normal 0 1 0
    outer loop
      vertex -35 3 99.8757
      vertex -37 3 99.8757
      vertex -37 3 104.555
    endloop
  endfacet
  facet normal 0 1 0
    outer loop
      vertex -35 3 99.8757
      vertex -36 3 97.6077
      vertex -37 3 99.8757
    endloop
  endfacet
  facet normal 0 1 0
    outer loop
      vertex -30 3 91.2154
      vertex -36 3 97.6077
      vertex -35 3 99.8757
    endloop
  endfacet
  facet normal 0 1 0
    outer loop
      vertex -31 3 88.9474
      vertex -30 3 91.2154
      vertex -29 3 88.9474
    endloop
  endfacet
  facet normal 0 1 0
    outer loop
      vertex -30 3 91.2154
      vertex -31 3 88.9474
      vertex -36 3 97.6077
    endloop
  endfacet
  facet normal 0 1 -0
    outer loop
      vertex -29 3 84.268
      vertex -31 3 88.9474
      vertex -29 3 88.9474
    endloop
  endfacet
  facet normal 0 1 0
    outer loop
      vertex -29 3 84.268
      vertex -31 3 84.268
      vertex -31 3 88.9474
    endloop
  endfacet
  facet normal 0 1 0
    outer loop
      vertex -29 3 84.268
      vertex -30 3 82
      vertex -31 3 84.268
    endloop
  endfacet
  facet normal 0 1 0
    outer loop
      vertex -24 3 75.6077
      vertex -30 3 82
      vertex -29 3 84.268
    endloop
  endfacet
  facet normal 0 1 0
    outer loop
      vertex -25 3 73.3397
      vertex -24 3 75.6077
      vertex -23 3 73.3397
    endloop
  endfacet
  facet normal 0 1 0
    outer loop
      vertex -24 3 75.6077
      vertex -25 3 73.3397
      vertex -30 3 82
    endloop
  endfacet
  facet normal 0 1 -0
    outer loop
      vertex -23 3 68.6603
      vertex -25 3 73.3397
      vertex -23 3 73.3397
    endloop
  endfacet
  facet normal 0 1 0
    outer loop
      vertex -23 3 68.6603
      vertex -25 3 68.6603
      vertex -25 3 73.3397
    endloop
  endfacet
  facet normal 0 1 0
    outer loop
      vertex -23 3 68.6603
      vertex -24 3 66.3923
      vertex -25 3 68.6603
    endloop
  endfacet
  facet normal 0 1 0
    outer loop
      vertex -18 3 60
      vertex -24 3 66.3923
      vertex -23 3 68.6603
    endloop
  endfacet
  facet normal 0 1 0
    outer loop
      vertex -19 3 57.732
      vertex -18 3 60
      vertex -17 3 57.732
    endloop
  endfacet
  facet normal 0 1 0
    outer loop
      vertex -18 3 60
      vertex -19 3 57.732
      vertex -24 3 66.3923
    endloop
  endfacet
  facet normal 0 1 -0
    outer loop
      vertex -17 3 53.0526
      vertex -19 3 57.732
      vertex -17 3 57.732
    endloop
  endfacet
  facet normal 0 1 0
    outer loop
      vertex -17 3 53.0526
      vertex -19 3 53.0526
      vertex -19 3 57.732
    endloop
  endfacet
  facet normal 0 1 0
    outer loop
      vertex -17 3 53.0526
      vertex -18 3 50.7846
      vertex -19 3 53.0526
    endloop
  endfacet
  facet normal 0 1 0
    outer loop
      vertex -12 3 44.3923
      vertex -18 3 50.7846
      vertex -17 3 53.0526
    endloop
  endfacet
  facet normal 0 1 0
    outer loop
      vertex -13 3 42.1243
      vertex -12 3 44.3923
      vertex -11 3 42.1243
    endloop
  endfacet
  facet normal 0 1 0
    outer loop
      vertex -12 3 44.3923
      vertex -13 3 42.1243
      vertex -18 3 50.7846
    endloop
  endfacet
  facet normal 0 1 -0
    outer loop
      vertex -11 3 37.4449
      vertex -13 3 42.1243
      vertex -11 3 42.1243
    endloop
  endfacet
  facet normal 0 1 0
    outer loop
      vertex -11 3 37.4449
      vertex -13 3 37.4449
      vertex -13 3 42.1243
    endloop
  endfacet
  facet normal 0 1 0
    outer loop
      vertex -11 3 37.4449
      vertex -12 3 35.1769
      vertex -13 3 37.4449
    endloop
  endfacet
  facet normal 0 1 0
    outer loop
      vertex -6 3 28.7846
      vertex -12 3 35.1769
      vertex -11 3 37.4449
    endloop
  endfacet
  facet normal 0 1 0
    outer loop
      vertex -7 3 26.5166
      vertex -6 3 28.7846
      vertex -5 3 26.5166
    endloop
  endfacet
  facet normal 0 1 0
    outer loop
      vertex -6 3 28.7846
      vertex -7 3 26.5166
      vertex -12 3 35.1769
    endloop
  endfacet
  facet normal 0 1 -0
    outer loop
      vertex -5 3 21.8372
      vertex -7 3 26.5166
      vertex -5 3 26.5166
    endloop
  endfacet
  facet normal 0 1 0
    outer loop
      vertex -5 3 21.8372
      vertex -7 3 21.8372
      vertex -7 3 26.5166
    endloop
  endfacet
  facet normal 0 1 0
    outer loop
      vertex 0 3 13.1769
      vertex -7 3 21.8372
      vertex -5 3 21.8372
    endloop
  endfacet
  facet normal 0 1 0
    outer loop
      vertex -7 3 21.8372
      vertex 0 3 13.1769
      vertex -12 3 13.1769
    endloop
  endfacet
  facet normal 0 1 -0
    outer loop
      vertex -29 3 120.163
      vertex -36 3 128.823
      vertex -24 3 128.823
    endloop
  endfacet
  facet normal 0 1 0
    outer loop
      vertex -29 3 120.163
      vertex -31 3 120.163
      vertex -36 3 128.823
    endloop
  endfacet
  facet normal 0 1 -0
    outer loop
      vertex -29 3 115.483
      vertex -31 3 120.163
      vertex -29 3 120.163
    endloop
  endfacet
  facet normal 0 1 0
    outer loop
      vertex -29 3 115.483
      vertex -31 3 115.483
      vertex -31 3 120.163
    endloop
  endfacet
  facet normal 0 1 0
    outer loop
      vertex -29 3 115.483
      vertex -30 3 113.215
      vertex -31 3 115.483
    endloop
  endfacet
  facet normal 0 1 0
    outer loop
      vertex -24 3 106.823
      vertex -30 3 113.215
      vertex -29 3 115.483
    endloop
  endfacet
  facet normal 0 1 0
    outer loop
      vertex -25 3 104.555
      vertex -24 3 106.823
      vertex -23 3 104.555
    endloop
  endfacet
  facet normal 0 1 0
    outer loop
      vertex -24 3 106.823
      vertex -25 3 104.555
      vertex -30 3 113.215
    endloop
  endfacet
  facet normal 0 1 -0
    outer loop
      vertex -23 3 99.8757
      vertex -25 3 104.555
      vertex -23 3 104.555
    endloop
  endfacet
  facet normal 0 1 0
    outer loop
      vertex -23 3 99.8757
      vertex -25 3 99.8757
      vertex -25 3 104.555
    endloop
  endfacet
  facet normal 0 1 0
    outer loop
      vertex -23 3 99.8757
      vertex -24 3 97.6077
      vertex -25 3 99.8757
    endloop
  endfacet
  facet normal 0 1 0
    outer loop
      vertex -18 3 91.2154
      vertex -24 3 97.6077
      vertex -23 3 99.8757
    endloop
  endfacet
  facet normal 0 1 0
    outer loop
      vertex -19 3 88.9474
      vertex -18 3 91.2154
      vertex -17 3 88.9474
    endloop
  endfacet
  facet normal 0 1 0
    outer loop
      vertex -18 3 91.2154
      vertex -19 3 88.9474
      vertex -24 3 97.6077
    endloop
  endfacet
  facet normal 0 1 -0
    outer loop
      vertex -17 3 84.268
      vertex -19 3 88.9474
      vertex -17 3 88.9474
    endloop
  endfacet
  facet normal 0 1 0
    outer loop
      vertex -17 3 84.268
      vertex -19 3 84.268
      vertex -19 3 88.9474
    endloop
  endfacet
  facet normal 0 1 0
    outer loop
      vertex -17 3 84.268
      vertex -18 3 82
      vertex -19 3 84.268
    endloop
  endfacet
  facet normal 0 1 0
    outer loop
      vertex -12 3 75.6077
      vertex -18 3 82
      vertex -17 3 84.268
    endloop
  endfacet
  facet normal 0 1 0
    outer loop
      vertex -13 3 73.3397
      vertex -12 3 75.6077
      vertex -11 3 73.3397
    endloop
  endfacet
  facet normal 0 1 0
    outer loop
      vertex -12 3 75.6077
      vertex -13 3 73.3397
      vertex -18 3 82
    endloop
  endfacet
  facet normal 0 1 -0
    outer loop
      vertex -11 3 68.6603
      vertex -13 3 73.3397
      vertex -11 3 73.3397
    endloop
  endfacet
  facet normal 0 1 0
    outer loop
      vertex -11 3 68.6603
      vertex -13 3 68.6603
      vertex -13 3 73.3397
    endloop
  endfacet
  facet normal 0 1 0
    outer loop
      vertex -11 3 68.6603
      vertex -12 3 66.3923
      vertex -13 3 68.6603
    endloop
  endfacet
  facet normal 0 1 0
    outer loop
      vertex -6 3 60
      vertex -12 3 66.3923
      vertex -11 3 68.6603
    endloop
  endfacet
  facet normal 0 1 0
    outer loop
      vertex -7 3 57.732
      vertex -6 3 60
      vertex -5 3 57.732
    endloop
  endfacet
  facet normal 0 1 0
    outer loop
      vertex -6 3 60
      vertex -7 3 57.732
      vertex -12 3 66.3923
    endloop
  endfacet
  facet normal 0 1 -0
    outer loop
      vertex -5 3 53.0526
      vertex -7 3 57.732
      vertex -5 3 57.732
    endloop
  endfacet
  facet normal 0 1 0
    outer loop
      vertex -5 3 53.0526
      vertex -7 3 53.0526
      vertex -7 3 57.732
    endloop
  endfacet
  facet normal 0 1 0
    outer loop
      vertex -5 3 53.0526
      vertex -6 3 50.7846
      vertex -7 3 53.0526
    endloop
  endfacet
  facet normal 0 1 0
    outer loop
      vertex 0 3 44.3923
      vertex -6 3 50.7846
      vertex -5 3 53.0526
    endloop
  endfacet
  facet normal 0 1 0
    outer loop
      vertex -1 3 42.1243
      vertex 0 3 44.3923
      vertex 1 3 42.1243
    endloop
  endfacet
  facet normal 0 1 0
    outer loop
      vertex 0 3 44.3923
      vertex -1 3 42.1243
      vertex -6 3 50.7846
    endloop
  endfacet
  facet normal 0 1 -0
    outer loop
      vertex 1 3 37.4449
      vertex -1 3 42.1243
      vertex 1 3 42.1243
    endloop
  endfacet
  facet normal 0 1 0
    outer loop
      vertex 1 3 37.4449
      vertex -1 3 37.4449
      vertex -1 3 42.1243
    endloop
  endfacet
  facet normal 0 1 0
    outer loop
      vertex 1 3 37.4449
      vertex 0 3 35.1769
      vertex -1 3 37.4449
    endloop
  endfacet
  facet normal 0 1 0
    outer loop
      vertex 6 3 28.7846
      vertex 0 3 35.1769
      vertex 1 3 37.4449
    endloop
  endfacet
  facet normal 0 1 0
    outer loop
      vertex 5 3 26.5166
      vertex 6 3 28.7846
      vertex 7 3 26.5166
    endloop
  endfacet
  facet normal 0 1 0
    outer loop
      vertex 6 3 28.7846
      vertex 5 3 26.5166
      vertex 0 3 35.1769
    endloop
  endfacet
  facet normal 0 1 -0
    outer loop
      vertex 7 3 21.8372
      vertex 5 3 26.5166
      vertex 7 3 26.5166
    endloop
  endfacet
  facet normal 0 1 0
    outer loop
      vertex 7 3 21.8372
      vertex 5 3 21.8372
      vertex 5 3 26.5166
    endloop
  endfacet
  facet normal 0 1 0
    outer loop
      vertex 12 3 13.1769
      vertex 5 3 21.8372
      vertex 7 3 21.8372
    endloop
  endfacet
  facet normal 0 1 0
    outer loop
      vertex 5 3 21.8372
      vertex 12 3 13.1769
      vertex 0 3 13.1769
    endloop
  endfacet
  facet normal 0 1 -0
    outer loop
      vertex -17 3 120.163
      vertex -24 3 128.823
      vertex -12 3 128.823
    endloop
  endfacet
  facet normal 0 1 0
    outer loop
      vertex -17 3 120.163
      vertex -19 3 120.163
      vertex -24 3 128.823
    endloop
  endfacet
  facet normal 0 1 -0
    outer loop
      vertex -17 3 115.483
      vertex -19 3 120.163
      vertex -17 3 120.163
    endloop
  endfacet
  facet normal 0 1 0
    outer loop
      vertex -17 3 115.483
      vertex -19 3 115.483
      vertex -19 3 120.163
    endloop
  endfacet
  facet normal 0 1 0
    outer loop
      vertex -17 3 115.483
      vertex -18 3 113.215
      vertex -19 3 115.483
    endloop
  endfacet
  facet normal 0 1 0
    outer loop
      vertex -12 3 106.823
      vertex -18 3 113.215
      vertex -17 3 115.483
    endloop
  endfacet
  facet normal 0 1 0
    outer loop
      vertex -13 3 104.555
      vertex -12 3 106.823
      vertex -11 3 104.555
    endloop
  endfacet
  facet normal 0 1 0
    outer loop
      vertex -12 3 106.823
      vertex -13 3 104.555
      vertex -18 3 113.215
    endloop
  endfacet
  facet normal 0 1 -0
    outer loop
      vertex -11 3 99.8757
      vertex -13 3 104.555
      vertex -11 3 104.555
    endloop
  endfacet
  facet normal 0 1 0
    outer loop
      vertex -11 3 99.8757
      vertex -13 3 99.8757
      vertex -13 3 104.555
    endloop
  endfacet
  facet normal 0 1 0
    outer loop
      vertex -11 3 99.8757
      vertex -12 3 97.6077
      vertex -13 3 99.8757
    endloop
  endfacet
  facet normal 0 1 0
    outer loop
      vertex -6 3 91.2154
      vertex -12 3 97.6077
      vertex -11 3 99.8757
    endloop
  endfacet
  facet normal 0 1 0
    outer loop
      vertex -7 3 88.9474
      vertex -6 3 91.2154
      vertex -5 3 88.9474
    endloop
  endfacet
  facet normal 0 1 0
    outer loop
      vertex -6 3 91.2154
      vertex -7 3 88.9474
      vertex -12 3 97.6077
    endloop
  endfacet
  facet normal 0 1 -0
    outer loop
      vertex -5 3 84.268
      vertex -7 3 88.9474
      vertex -5 3 88.9474
    endloop
  endfacet
  facet normal 0 1 0
    outer loop
      vertex -5 3 84.268
      vertex -7 3 84.268
      vertex -7 3 88.9474
    endloop
  endfacet
  facet normal 0 1 0
    outer loop
      vertex -5 3 84.268
      vertex -6 3 82
      vertex -7 3 84.268
    endloop
  endfacet
  facet normal 0 1 0
    outer loop
      vertex 0 3 75.6077
      vertex -6 3 82
      vertex -5 3 84.268
    endloop
  endfacet
  facet normal 0 1 0
    outer loop
      vertex -1 3 73.3397
      vertex 0 3 75.6077
      vertex 1 3 73.3397
    endloop
  endfacet
  facet normal 0 1 0
    outer loop
      vertex 0 3 75.6077
      vertex -1 3 73.3397
      vertex -6 3 82
    endloop
  endfacet
  facet normal 0 1 -0
    outer loop
      vertex 1 3 68.6603
      vertex -1 3 73.3397
      vertex 1 3 73.3397
    endloop
  endfacet
  facet normal 0 1 0
    outer loop
      vertex 1 3 68.6603
      vertex -1 3 68.6603
      vertex -1 3 73.3397
    endloop
  endfacet
  facet normal 0 1 0
    outer loop
      vertex 1 3 68.6603
      vertex 0 3 66.3923
      vertex -1 3 68.6603
    endloop
  endfacet
  facet normal 0 1 0
    outer loop
      vertex 6 3 60
      vertex 0 3 66.3923
      vertex 1 3 68.6603
    endloop
  endfacet
  facet normal 0 1 0
    outer loop
      vertex 5 3 57.732
      vertex 6 3 60
      vertex 7 3 57.732
    endloop
  endfacet
  facet normal 0 1 0
    outer loop
      vertex 6 3 60
      vertex 5 3 57.732
      vertex 0 3 66.3923
    endloop
  endfacet
  facet normal 0 1 -0
    outer loop
      vertex 7 3 53.0526
      vertex 5 3 57.732
      vertex 7 3 57.732
    endloop
  endfacet
  facet normal 0 1 0
    outer loop
      vertex 7 3 53.0526
      vertex 5 3 53.0526
      vertex 5 3 57.732
    endloop
  endfacet
  facet normal 0 1 0
    outer loop
      vertex 7 3 53.0526
      vertex 6 3 50.7846
      vertex 5 3 53.0526
    endloop
  endfacet
  facet normal 0 1 0
    outer loop
      vertex 12 3 44.3923
      vertex 6 3 50.7846
      vertex 7 3 53.0526
    endloop
  endfacet
  facet normal 0 1 0
    outer loop
      vertex 11 3 42.1243
      vertex 12 3 44.3923
      vertex 13 3 42.1243
    endloop
  endfacet
  facet normal 0 1 0
    outer loop
      vertex 12 3 44.3923
      vertex 11 3 42.1243
      vertex 6 3 50.7846
    endloop
  endfacet
  facet normal 0 1 -0
    outer loop
      vertex 13 3 37.4449
      vertex 11 3 42.1243
      vertex 13 3 42.1243
    endloop
  endfacet
  facet normal 0 1 0
    outer loop
      vertex 13 3 37.4449
      vertex 11 3 37.4449
      vertex 11 3 42.1243
    endloop
  endfacet
  facet normal 0 1 0
    outer loop
      vertex 13 3 37.4449
      vertex 12 3 35.1769
      vertex 11 3 37.4449
    endloop
  endfacet
  facet normal 0 1 0
    outer loop
      vertex 18 3 28.7846
      vertex 12 3 35.1769
      vertex 13 3 37.4449
    endloop
  endfacet
  facet normal 0 1 0
    outer loop
      vertex 17 3 26.5166
      vertex 18 3 28.7846
      vertex 19 3 26.5166
    endloop
  endfacet
  facet normal 0 1 0
    outer loop
      vertex 18 3 28.7846
      vertex 17 3 26.5166
      vertex 12 3 35.1769
    endloop
  endfacet
  facet normal 0 1 -0
    outer loop
      vertex 19 3 21.8372
      vertex 17 3 26.5166
      vertex 19 3 26.5166
    endloop
  endfacet
  facet normal 0 1 0
    outer loop
      vertex 19 3 21.8372
      vertex 17 3 21.8372
      vertex 17 3 26.5166
    endloop
  endfacet
  facet normal 0 1 0
    outer loop
      vertex 24 3 13.1769
      vertex 17 3 21.8372
      vertex 19 3 21.8372
    endloop
  endfacet
  facet normal 0 1 0
    outer loop
      vertex 17 3 21.8372
      vertex 24 3 13.1769
      vertex 12 3 13.1769
    endloop
  endfacet
  facet normal 0 1 -0
    outer loop
      vertex -5 3 120.163
      vertex -12 3 128.823
      vertex 0 3 128.823
    endloop
  endfacet
  facet normal 0 1 0
    outer loop
      vertex -5 3 120.163
      vertex -7 3 120.163
      vertex -12 3 128.823
    endloop
  endfacet
  facet normal 0 1 -0
    outer loop
      vertex -5 3 115.483
      vertex -7 3 120.163
      vertex -5 3 120.163
    endloop
  endfacet
  facet normal 0 1 0
    outer loop
      vertex -5 3 115.483
      vertex -7 3 115.483
      vertex -7 3 120.163
    endloop
  endfacet
  facet normal 0 1 0
    outer loop
      vertex -5 3 115.483
      vertex -6 3 113.215
      vertex -7 3 115.483
    endloop
  endfacet
  facet normal 0 1 0
    outer loop
      vertex 0 3 106.823
      vertex -6 3 113.215
      vertex -5 3 115.483
    endloop
  endfacet
  facet normal 0 1 0
    outer loop
      vertex -1 3 104.555
      vertex 0 3 106.823
      vertex 1 3 104.555
    endloop
  endfacet
  facet normal 0 1 0
    outer loop
      vertex 0 3 106.823
      vertex -1 3 104.555
      vertex -6 3 113.215
    endloop
  endfacet
  facet normal 0 1 -0
    outer loop
      vertex 1 3 99.8757
      vertex -1 3 104.555
      vertex 1 3 104.555
    endloop
  endfacet
  facet normal 0 1 0
    outer loop
      vertex 1 3 99.8757
      vertex -1 3 99.8757
      vertex -1 3 104.555
    endloop
  endfacet
  facet normal 0 1 0
    outer loop
      vertex 1 3 99.8757
      vertex 0 3 97.6077
      vertex -1 3 99.8757
    endloop
  endfacet
  facet normal 0 1 0
    outer loop
      vertex 6 3 91.2154
      vertex 0 3 97.6077
      vertex 1 3 99.8757
    endloop
  endfacet
  facet normal 0 1 0
    outer loop
      vertex 5 3 88.9474
      vertex 6 3 91.2154
      vertex 7 3 88.9474
    endloop
  endfacet
  facet normal 0 1 0
    outer loop
      vertex 6 3 91.2154
      vertex 5 3 88.9474
      vertex 0 3 97.6077
    endloop
  endfacet
  facet normal 0 1 -0
    outer loop
      vertex 7 3 84.268
      vertex 5 3 88.9474
      vertex 7 3 88.9474
    endloop
  endfacet
  facet normal 0 1 0
    outer loop
      vertex 7 3 84.268
      vertex 5 3 84.268
      vertex 5 3 88.9474
    endloop
  endfacet
  facet normal 0 1 0
    outer loop
      vertex 7 3 84.268
      vertex 6 3 82
      vertex 5 3 84.268
    endloop
  endfacet
  facet normal 0 1 0
    outer loop
      vertex 12 3 75.6077
      vertex 6 3 82
      vertex 7 3 84.268
    endloop
  endfacet
  facet normal 0 1 0
    outer loop
      vertex 11 3 73.3397
      vertex 12 3 75.6077
      vertex 13 3 73.3397
    endloop
  endfacet
  facet normal 0 1 0
    outer loop
      vertex 12 3 75.6077
      vertex 11 3 73.3397
      vertex 6 3 82
    endloop
  endfacet
  facet normal 0 1 -0
    outer loop
      vertex 13 3 68.6603
      vertex 11 3 73.3397
      vertex 13 3 73.3397
    endloop
  endfacet
  facet normal 0 1 0
    outer loop
      vertex 13 3 68.6603
      vertex 11 3 68.6603
      vertex 11 3 73.3397
    endloop
  endfacet
  facet normal 0 1 0
    outer loop
      vertex 13 3 68.6603
      vertex 12 3 66.3923
      vertex 11 3 68.6603
    endloop
  endfacet
  facet normal 0 1 0
    outer loop
      vertex 18 3 60
      vertex 12 3 66.3923
      vertex 13 3 68.6603
    endloop
  endfacet
  facet normal 0 1 0
    outer loop
      vertex 17 3 57.732
      vertex 18 3 60
      vertex 19 3 57.732
    endloop
  endfacet
  facet normal 0 1 0
    outer loop
      vertex 18 3 60
      vertex 17 3 57.732
      vertex 12 3 66.3923
    endloop
  endfacet
  facet normal 0 1 -0
    outer loop
      vertex 19 3 53.0526
      vertex 17 3 57.732
      vertex 19 3 57.732
    endloop
  endfacet
  facet normal 0 1 0
    outer loop
      vertex 19 3 53.0526
      vertex 17 3 53.0526
      vertex 17 3 57.732
    endloop
  endfacet
  facet normal 0 1 0
    outer loop
      vertex 19 3 53.0526
      vertex 18 3 50.7846
      vertex 17 3 53.0526
    endloop
  endfacet
  facet normal 0 1 0
    outer loop
      vertex 24 3 44.3923
      vertex 18 3 50.7846
      vertex 19 3 53.0526
    endloop
  endfacet
  facet normal 0 1 0
    outer loop
      vertex 23 3 42.1243
      vertex 24 3 44.3923
      vertex 25 3 42.1243
    endloop
  endfacet
  facet normal 0 1 0
    outer loop
      vertex 24 3 44.3923
      vertex 23 3 42.1243
      vertex 18 3 50.7846
    endloop
  endfacet
  facet normal 0 1 -0
    outer loop
      vertex 25 3 37.4449
      vertex 23 3 42.1243
      vertex 25 3 42.1243
    endloop
  endfacet
  facet normal 0 1 0
    outer loop
      vertex 25 3 37.4449
      vertex 23 3 37.4449
      vertex 23 3 42.1243
    endloop
  endfacet
  facet normal 0 1 0
    outer loop
      vertex 25 3 37.4449
      vertex 24 3 35.1769
      vertex 23 3 37.4449
    endloop
  endfacet
  facet normal 0 1 0
    outer loop
      vertex 30 3 28.7846
      vertex 24 3 35.1769
      vertex 25 3 37.4449
    endloop
  endfacet
  facet normal 0 1 0
    outer loop
      vertex 29 3 26.5166
      vertex 30 3 28.7846
      vertex 31 3 26.5166
    endloop
  endfacet
  facet normal 0 1 0
    outer loop
      vertex 30 3 28.7846
      vertex 29 3 26.5166
      vertex 24 3 35.1769
    endloop
  endfacet
  facet normal 0 1 -0
    outer loop
      vertex 31 3 21.8372
      vertex 29 3 26.5166
      vertex 31 3 26.5166
    endloop
  endfacet
  facet normal 0 1 0
    outer loop
      vertex 31 3 21.8372
      vertex 29 3 21.8372
      vertex 29 3 26.5166
    endloop
  endfacet
  facet normal 0 1 0
    outer loop
      vertex 36 3 13.1769
      vertex 29 3 21.8372
      vertex 31 3 21.8372
    endloop
  endfacet
  facet normal 0 1 0
    outer loop
      vertex 29 3 21.8372
      vertex 36 3 13.1769
      vertex 24 3 13.1769
    endloop
  endfacet
  facet normal 0 1 -0
    outer loop
      vertex 7 3 120.163
      vertex 0 3 128.823
      vertex 12 3 128.823
    endloop
  endfacet
  facet normal 0 1 0
    outer loop
      vertex 7 3 120.163
      vertex 5 3 120.163
      vertex 0 3 128.823
    endloop
  endfacet
  facet normal 0 1 -0
    outer loop
      vertex 7 3 115.483
      vertex 5 3 120.163
      vertex 7 3 120.163
    endloop
  endfacet
  facet normal 0 1 0
    outer loop
      vertex 7 3 115.483
      vertex 5 3 115.483
      vertex 5 3 120.163
    endloop
  endfacet
  facet normal 0 1 0
    outer loop
      vertex 7 3 115.483
      vertex 6 3 113.215
      vertex 5 3 115.483
    endloop
  endfacet
  facet normal 0 1 0
    outer loop
      vertex 12 3 106.823
      vertex 6 3 113.215
      vertex 7 3 115.483
    endloop
  endfacet
  facet normal 0 1 0
    outer loop
      vertex 11 3 104.555
      vertex 12 3 106.823
      vertex 13 3 104.555
    endloop
  endfacet
  facet normal 0 1 0
    outer loop
      vertex 12 3 106.823
      vertex 11 3 104.555
      vertex 6 3 113.215
    endloop
  endfacet
  facet normal 0 1 -0
    outer loop
      vertex 13 3 99.8757
      vertex 11 3 104.555
      vertex 13 3 104.555
    endloop
  endfacet
  facet normal 0 1 0
    outer loop
      vertex 13 3 99.8757
      vertex 11 3 99.8757
      vertex 11 3 104.555
    endloop
  endfacet
  facet normal 0 1 0
    outer loop
      vertex 13 3 99.8757
      vertex 12 3 97.6077
      vertex 11 3 99.8757
    endloop
  endfacet
  facet normal 0 1 0
    outer loop
      vertex 18 3 91.2154
      vertex 12 3 97.6077
      vertex 13 3 99.8757
    endloop
  endfacet
  facet normal 0 1 0
    outer loop
      vertex 17 3 88.9474
      vertex 18 3 91.2154
      vertex 19 3 88.9474
    endloop
  endfacet
  facet normal 0 1 0
    outer loop
      vertex 18 3 91.2154
      vertex 17 3 88.9474
      vertex 12 3 97.6077
    endloop
  endfacet
  facet normal 0 1 -0
    outer loop
      vertex 19 3 84.268
      vertex 17 3 88.9474
      vertex 19 3 88.9474
    endloop
  endfacet
  facet normal 0 1 0
    outer loop
      vertex 19 3 84.268
      vertex 17 3 84.268
      vertex 17 3 88.9474
    endloop
  endfacet
  facet normal 0 1 0
    outer loop
      vertex 19 3 84.268
      vertex 18 3 82
      vertex 17 3 84.268
    endloop
  endfacet
  facet normal 0 1 0
    outer loop
      vertex 24 3 75.6077
      vertex 18 3 82
      vertex 19 3 84.268
    endloop
  endfacet
  facet normal 0 1 0
    outer loop
      vertex 23 3 73.3397
      vertex 24 3 75.6077
      vertex 25 3 73.3397
    endloop
  endfacet
  facet normal 0 1 0
    outer loop
      vertex 24 3 75.6077
      vertex 23 3 73.3397
      vertex 18 3 82
    endloop
  endfacet
  facet normal 0 1 -0
    outer loop
      vertex 25 3 68.6603
      vertex 23 3 73.3397
      vertex 25 3 73.3397
    endloop
  endfacet
  facet normal 0 1 0
    outer loop
      vertex 25 3 68.6603
      vertex 23 3 68.6603
      vertex 23 3 73.3397
    endloop
  endfacet
  facet normal 0 1 0
    outer loop
      vertex 25 3 68.6603
      vertex 24 3 66.3923
      vertex 23 3 68.6603
    endloop
  endfacet
  facet normal 0 1 0
    outer loop
      vertex 30 3 60
      vertex 24 3 66.3923
      vertex 25 3 68.6603
    endloop
  endfacet
  facet normal 0 1 0
    outer loop
      vertex 29 3 57.732
      vertex 30 3 60
      vertex 31 3 57.732
    endloop
  endfacet
  facet normal 0 1 0
    outer loop
      vertex 30 3 60
      vertex 29 3 57.732
      vertex 24 3 66.3923
    endloop
  endfacet
  facet normal 0 1 -0
    outer loop
      vertex 31 3 53.0526
      vertex 29 3 57.732
      vertex 31 3 57.732
    endloop
  endfacet
  facet normal 0 1 0
    outer loop
      vertex 31 3 53.0526
      vertex 29 3 53.0526
      vertex 29 3 57.732
    endloop
  endfacet
  facet normal 0 1 0
    outer loop
      vertex 31 3 53.0526
      vertex 30 3 50.7846
      vertex 29 3 53.0526
    endloop
  endfacet
  facet normal 0 1 0
    outer loop
      vertex 36 3 44.3923
      vertex 30 3 50.7846
      vertex 31 3 53.0526
    endloop
  endfacet
  facet normal 0 1 0
    outer loop
      vertex 35 3 42.1243
      vertex 36 3 44.3923
      vertex 37 3 42.1243
    endloop
  endfacet
  facet normal 0 1 0
    outer loop
      vertex 36 3 44.3923
      vertex 35 3 42.1243
      vertex 30 3 50.7846
    endloop
  endfacet
  facet normal 0 1 -0
    outer loop
      vertex 37 3 37.4449
      vertex 35 3 42.1243
      vertex 37 3 42.1243
    endloop
  endfacet
  facet normal 0 1 0
    outer loop
      vertex 37 3 37.4449
      vertex 35 3 37.4449
      vertex 35 3 42.1243
    endloop
  endfacet
  facet normal 0 1 0
    outer loop
      vertex 37 3 37.4449
      vertex 36 3 35.1769
      vertex 35 3 37.4449
    endloop
  endfacet
  facet normal 0 1 0
    outer loop
      vertex 42 3 28.7846
      vertex 36 3 35.1769
      vertex 37 3 37.4449
    endloop
  endfacet
  facet normal 0 1 0
    outer loop
      vertex 41 3 26.5166
      vertex 42 3 28.7846
      vertex 43 3 26.5166
    endloop
  endfacet
  facet normal 0 1 0
    outer loop
      vertex 42 3 28.7846
      vertex 41 3 26.5166
      vertex 36 3 35.1769
    endloop
  endfacet
  facet normal 0 1 -0
    outer loop
      vertex 43 3 21.8372
      vertex 41 3 26.5166
      vertex 43 3 26.5166
    endloop
  endfacet
  facet normal 0 1 0
    outer loop
      vertex 43 3 21.8372
      vertex 41 3 21.8372
      vertex 41 3 26.5166
    endloop
  endfacet
  facet normal 0 1 0
    outer loop
      vertex 48 3 13.1769
      vertex 41 3 21.8372
      vertex 43 3 21.8372
    endloop
  endfacet
  facet normal 0 1 0
    outer loop
      vertex 41 3 21.8372
      vertex 48 3 13.1769
      vertex 36 3 13.1769
    endloop
  endfacet
  facet normal 0 1 -0
    outer loop
      vertex 19 3 120.163
      vertex 12 3 128.823
      vertex 24 3 128.823
    endloop
  endfacet
  facet normal 0 1 0
    outer loop
      vertex 19 3 120.163
      vertex 17 3 120.163
      vertex 12 3 128.823
    endloop
  endfacet
  facet normal 0 1 -0
    outer loop
      vertex 19 3 115.483
      vertex 17 3 120.163
      vertex 19 3 120.163
    endloop
  endfacet
  facet normal 0 1 0
    outer loop
      vertex 19 3 115.483
      vertex 17 3 115.483
      vertex 17 3 120.163
    endloop
  endfacet
  facet normal 0 1 0
    outer loop
      vertex 19 3 115.483
      vertex 18 3 113.215
      vertex 17 3 115.483
    endloop
  endfacet
  facet normal 0 1 0
    outer loop
      vertex 24 3 106.823
      vertex 18 3 113.215
      vertex 19 3 115.483
    endloop
  endfacet
  facet normal 0 1 0
    outer loop
      vertex 23 3 104.555
      vertex 24 3 106.823
      vertex 25 3 104.555
    endloop
  endfacet
  facet normal 0 1 0
    outer loop
      vertex 24 3 106.823
      vertex 23 3 104.555
      vertex 18 3 113.215
    endloop
  endfacet
  facet normal 0 1 -0
    outer loop
      vertex 25 3 99.8757
      vertex 23 3 104.555
      vertex 25 3 104.555
    endloop
  endfacet
  facet normal 0 1 0
    outer loop
      vertex 25 3 99.8757
      vertex 23 3 99.8757
      vertex 23 3 104.555
    endloop
  endfacet
  facet normal 0 1 0
    outer loop
      vertex 25 3 99.8757
      vertex 24 3 97.6077
      vertex 23 3 99.8757
    endloop
  endfacet
  facet normal 0 1 0
    outer loop
      vertex 30 3 91.2154
      vertex 24 3 97.6077
      vertex 25 3 99.8757
    endloop
  endfacet
  facet normal 0 1 0
    outer loop
      vertex 29 3 88.9474
      vertex 30 3 91.2154
      vertex 31 3 88.9474
    endloop
  endfacet
  facet normal 0 1 0
    outer loop
      vertex 30 3 91.2154
      vertex 29 3 88.9474
      vertex 24 3 97.6077
    endloop
  endfacet
  facet normal 0 1 -0
    outer loop
      vertex 31 3 84.268
      vertex 29 3 88.9474
      vertex 31 3 88.9474
    endloop
  endfacet
  facet normal 0 1 0
    outer loop
      vertex 31 3 84.268
      vertex 29 3 84.268
      vertex 29 3 88.9474
    endloop
  endfacet
  facet normal 0 1 0
    outer loop
      vertex 31 3 84.268
      vertex 30 3 82
      vertex 29 3 84.268
    endloop
  endfacet
  facet normal 0 1 0
    outer loop
      vertex 36 3 75.6077
      vertex 30 3 82
      vertex 31 3 84.268
    endloop
  endfacet
  facet normal 0 1 0
    outer loop
      vertex 35 3 73.3397
      vertex 36 3 75.6077
      vertex 37 3 73.3397
    endloop
  endfacet
  facet normal 0 1 0
    outer loop
      vertex 36 3 75.6077
      vertex 35 3 73.3397
      vertex 30 3 82
    endloop
  endfacet
  facet normal 0 1 -0
    outer loop
      vertex 37 3 68.6603
      vertex 35 3 73.3397
      vertex 37 3 73.3397
    endloop
  endfacet
  facet normal 0 1 0
    outer loop
      vertex 37 3 68.6603
      vertex 35 3 68.6603
      vertex 35 3 73.3397
    endloop
  endfacet
  facet normal 0 1 0
    outer loop
      vertex 37 3 68.6603
      vertex 36 3 66.3923
      vertex 35 3 68.6603
    endloop
  endfacet
  facet normal 0 1 0
    outer loop
      vertex 42 3 60
      vertex 36 3 66.3923
      vertex 37 3 68.6603
    endloop
  endfacet
  facet normal 0 1 0
    outer loop
      vertex 41 3 57.732
      vertex 42 3 60
      vertex 43 3 57.732
    endloop
  endfacet
  facet normal 0 1 0
    outer loop
      vertex 42 3 60
      vertex 41 3 57.732
      vertex 36 3 66.3923
    endloop
  endfacet
  facet normal 0 1 -0
    outer loop
      vertex 43 3 53.0526
      vertex 41 3 57.732
      vertex 43 3 57.732
    endloop
  endfacet
  facet normal 0 1 0
    outer loop
      vertex 43 3 53.0526
      vertex 41 3 53.0526
      vertex 41 3 57.732
    endloop
  endfacet
  facet normal 0 1 0
    outer loop
      vertex 43 3 53.0526
      vertex 42 3 50.7846
      vertex 41 3 53.0526
    endloop
  endfacet
  facet normal 0 1 0
    outer loop
      vertex 48 3 44.3923
      vertex 42 3 50.7846
      vertex 43 3 53.0526
    endloop
  endfacet
  facet normal 0 1 0
    outer loop
      vertex 47 3 42.1243
      vertex 48 3 44.3923
      vertex 49 3 42.1243
    endloop
  endfacet
  facet normal 0 1 0
    outer loop
      vertex 48 3 44.3923
      vertex 47 3 42.1243
      vertex 42 3 50.7846
    endloop
  endfacet
  facet normal 0 1 -0
    outer loop
      vertex 49 3 37.4449
      vertex 47 3 42.1243
      vertex 49 3 42.1243
    endloop
  endfacet
  facet normal 0 1 0
    outer loop
      vertex 49 3 37.4449
      vertex 47 3 37.4449
      vertex 47 3 42.1243
    endloop
  endfacet
  facet normal 0 1 0
    outer loop
      vertex 49 3 37.4449
      vertex 48 3 35.1769
      vertex 47 3 37.4449
    endloop
  endfacet
  facet normal 0 1 0
    outer loop
      vertex 54 3 28.7846
      vertex 48 3 35.1769
      vertex 49 3 37.4449
    endloop
  endfacet
  facet normal 0 1 0
    outer loop
      vertex 48 3 35.1769
      vertex 54 3 28.7846
      vertex 53 3 26.5166
    endloop
  endfacet
  facet normal 0 1 -0
    outer loop
      vertex 31 3 120.163
      vertex 24 3 128.823
      vertex 36 3 128.823
    endloop
  endfacet
  facet normal 0 1 0
    outer loop
      vertex 31 3 120.163
      vertex 29 3 120.163
      vertex 24 3 128.823
    endloop
  endfacet
  facet normal 0 1 -0
    outer loop
      vertex 31 3 115.483
      vertex 29 3 120.163
      vertex 31 3 120.163
    endloop
  endfacet
  facet normal 0 1 0
    outer loop
      vertex 31 3 115.483
      vertex 29 3 115.483
      vertex 29 3 120.163
    endloop
  endfacet
  facet normal 0 1 0
    outer loop
      vertex 31 3 115.483
      vertex 30 3 113.215
      vertex 29 3 115.483
    endloop
  endfacet
  facet normal 0 1 0
    outer loop
      vertex 36 3 106.823
      vertex 30 3 113.215
      vertex 31 3 115.483
    endloop
  endfacet
  facet normal 0 1 0
    outer loop
      vertex 35 3 104.555
      vertex 36 3 106.823
      vertex 37 3 104.555
    endloop
  endfacet
  facet normal 0 1 0
    outer loop
      vertex 36 3 106.823
      vertex 35 3 104.555
      vertex 30 3 113.215
    endloop
  endfacet
  facet normal 0 1 -0
    outer loop
      vertex 37 3 99.8757
      vertex 35 3 104.555
      vertex 37 3 104.555
    endloop
  endfacet
  facet normal 0 1 0
    outer loop
      vertex 37 3 99.8757
      vertex 35 3 99.8757
      vertex 35 3 104.555
    endloop
  endfacet
  facet normal 0 1 0
    outer loop
      vertex 37 3 99.8757
      vertex 36 3 97.6077
      vertex 35 3 99.8757
    endloop
  endfacet
  facet normal 0 1 0
    outer loop
      vertex 42 3 91.2154
      vertex 36 3 97.6077
      vertex 37 3 99.8757
    endloop
  endfacet
  facet normal 0 1 0
    outer loop
      vertex 41 3 88.9474
      vertex 42 3 91.2154
      vertex 43 3 88.9474
    endloop
  endfacet
  facet normal 0 1 0
    outer loop
      vertex 42 3 91.2154
      vertex 41 3 88.9474
      vertex 36 3 97.6077
    endloop
  endfacet
  facet normal 0 1 -0
    outer loop
      vertex 43 3 84.268
      vertex 41 3 88.9474
      vertex 43 3 88.9474
    endloop
  endfacet
  facet normal 0 1 0
    outer loop
      vertex 43 3 84.268
      vertex 41 3 84.268
      vertex 41 3 88.9474
    endloop
  endfacet
  facet normal 0 1 0
    outer loop
      vertex 43 3 84.268
      vertex 42 3 82
      vertex 41 3 84.268
    endloop
  endfacet
  facet normal 0 1 0
    outer loop
      vertex 48 3 75.6077
      vertex 42 3 82
      vertex 43 3 84.268
    endloop
  endfacet
  facet normal 0 1 0
    outer loop
      vertex 47 3 73.3397
      vertex 48 3 75.6077
      vertex 49 3 73.3397
    endloop
  endfacet
  facet normal 0 1 0
    outer loop
      vertex 48 3 75.6077
      vertex 47 3 73.3397
      vertex 42 3 82
    endloop
  endfacet
  facet normal 0 1 -0
    outer loop
      vertex 49 3 68.6603
      vertex 47 3 73.3397
      vertex 49 3 73.3397
    endloop
  endfacet
  facet normal 0 1 0
    outer loop
      vertex 49 3 68.6603
      vertex 47 3 68.6603
      vertex 47 3 73.3397
    endloop
  endfacet
  facet normal 0 1 0
    outer loop
      vertex 49 3 68.6603
      vertex 48 3 66.3923
      vertex 47 3 68.6603
    endloop
  endfacet
  facet normal 0 1 0
    outer loop
      vertex 54 3 60
      vertex 48 3 66.3923
      vertex 49 3 68.6603
    endloop
  endfacet
  facet normal 0 1 0
    outer loop
      vertex 48 3 66.3923
      vertex 54 3 60
      vertex 53 3 57.732
    endloop
  endfacet
  facet normal 0 1 -0
    outer loop
      vertex 43 3 120.163
      vertex 36 3 128.823
      vertex 48 3 128.823
    endloop
  endfacet
  facet normal 0 1 0
    outer loop
      vertex 43 3 120.163
      vertex 41 3 120.163
      vertex 36 3 128.823
    endloop
  endfacet
  facet normal 0 1 -0
    outer loop
      vertex 43 3 115.483
      vertex 41 3 120.163
      vertex 43 3 120.163
    endloop
  endfacet
  facet normal 0 1 0
    outer loop
      vertex 43 3 115.483
      vertex 41 3 115.483
      vertex 41 3 120.163
    endloop
  endfacet
  facet normal 0 1 0
    outer loop
      vertex 43 3 115.483
      vertex 42 3 113.215
      vertex 41 3 115.483
    endloop
  endfacet
  facet normal 0 1 0
    outer loop
      vertex 48 3 106.823
      vertex 42 3 113.215
      vertex 43 3 115.483
    endloop
  endfacet
  facet normal 0 1 0
    outer loop
      vertex 47 3 104.555
      vertex 48 3 106.823
      vertex 49 3 104.555
    endloop
  endfacet
  facet normal 0 1 0
    outer loop
      vertex 48 3 106.823
      vertex 47 3 104.555
      vertex 42 3 113.215
    endloop
  endfacet
  facet normal 0 1 -0
    outer loop
      vertex 49 3 99.8757
      vertex 47 3 104.555
      vertex 49 3 104.555
    endloop
  endfacet
  facet normal 0 1 0
    outer loop
      vertex 49 3 99.8757
      vertex 47 3 99.8757
      vertex 47 3 104.555
    endloop
  endfacet
  facet normal 0 1 0
    outer loop
      vertex 49 3 99.8757
      vertex 48 3 97.6077
      vertex 47 3 99.8757
    endloop
  endfacet
  facet normal 0 1 0
    outer loop
      vertex 54 3 91.2154
      vertex 48 3 97.6077
      vertex 49 3 99.8757
    endloop
  endfacet
  facet normal 0 1 0
    outer loop
      vertex 48 3 97.6077
      vertex 54 3 91.2154
      vertex 53 3 88.9474
    endloop
  endfacet
  facet normal 0 1 0
    outer loop
      vertex 36 3 128.823
      vertex 65.5 3 140.5
      vertex 48 3 128.823
    endloop
  endfacet
  facet normal 0 1 0
    outer loop
      vertex 65.5 3 140.5
      vertex 53 3 120.163
      vertex 48 3 128.823
    endloop
  endfacet
  facet normal 0 1 -0
    outer loop
      vertex 54 3 113.215
      vertex 53 3 120.163
      vertex 65.5 3 140.5
    endloop
  endfacet
  facet normal 0 1 0
    outer loop
      vertex 53 3 120.163
      vertex 54 3 113.215
      vertex 53 3 115.483
    endloop
  endfacet
  facet normal 0 1 0
    outer loop
      vertex 65.5 3 140.5
      vertex 59 3 104.555
      vertex 54 3 113.215
    endloop
  endfacet
  facet normal 0 1 0
    outer loop
      vertex 65.5 3 140.5
      vertex 59 3 99.8757
      vertex 59 3 104.555
    endloop
  endfacet
  facet normal 0 1 0
    outer loop
      vertex 54 3 82
      vertex 54 3 91.2154
      vertex 59 3 99.8757
    endloop
  endfacet
  facet normal 0 1 0
    outer loop
      vertex 54 3 91.2154
      vertex 54 3 82
      vertex 53 3 88.9474
    endloop
  endfacet
  facet normal 0 1 0
    outer loop
      vertex 53 3 88.9474
      vertex 54 3 82
      vertex 53 3 84.268
    endloop
  endfacet
  facet normal 0 1 0
    outer loop
      vertex 59 3 99.8757
      vertex 59 3 73.3397
      vertex 54 3 82
    endloop
  endfacet
  facet normal 0 1 0
    outer loop
      vertex 65.5 3 140.5
      vertex 59 3 73.3397
      vertex 59 3 99.8757
    endloop
  endfacet
  facet normal 0 1 0
    outer loop
      vertex 65.5 3 140.5
      vertex 59 3 68.6603
      vertex 59 3 73.3397
    endloop
  endfacet
  facet normal 0 1 0
    outer loop
      vertex 54 3 50.7846
      vertex 54 3 60
      vertex 59 3 68.6603
    endloop
  endfacet
  facet normal 0 1 0
    outer loop
      vertex 54 3 60
      vertex 54 3 50.7846
      vertex 53 3 57.732
    endloop
  endfacet
  facet normal 0 1 0
    outer loop
      vertex 53 3 57.732
      vertex 54 3 50.7846
      vertex 53 3 53.0526
    endloop
  endfacet
  facet normal 0 1 0
    outer loop
      vertex 59 3 68.6603
      vertex 59 3 42.1243
      vertex 54 3 50.7846
    endloop
  endfacet
  facet normal 0 1 -0
    outer loop
      vertex 65.5 3 3.5
      vertex 59 3 68.6603
      vertex 65.5 3 140.5
    endloop
  endfacet
  facet normal 0 1 0
    outer loop
      vertex 59 3 68.6603
      vertex 65.5 3 3.5
      vertex 59 3 42.1243
    endloop
  endfacet
  facet normal 0 1 0
    outer loop
      vertex 65.5 3 3.5
      vertex 54 3 28.7846
      vertex 59 3 37.4449
    endloop
  endfacet
  facet normal 0 1 0
    outer loop
      vertex 54 3 28.7846
      vertex 53 3 21.8372
      vertex 53 3 26.5166
    endloop
  endfacet
  facet normal 0 1 0
    outer loop
      vertex 65.5 3 3.5
      vertex 36 3 13.1769
      vertex 48 3 13.1769
    endloop
  endfacet
  facet normal 0 1 0
    outer loop
      vertex 36 3 13.1769
      vertex 65.5 3 3.5
      vertex 24 3 13.1769
    endloop
  endfacet
  facet normal 0 1 0
    outer loop
      vertex 24 3 13.1769
      vertex 65.5 3 3.5
      vertex 12 3 13.1769
    endloop
  endfacet
  facet normal 0 1 0
    outer loop
      vertex 12 3 13.1769
      vertex 65.5 3 3.5
      vertex 0 3 13.1769
    endloop
  endfacet
  facet normal 0 1 0
    outer loop
      vertex -65.5 3 3.5
      vertex 0 3 13.1769
      vertex 65.5 3 3.5
    endloop
  endfacet
  facet normal 0 1 0
    outer loop
      vertex 0 3 13.1769
      vertex -65.5 3 3.5
      vertex -12 3 13.1769
    endloop
  endfacet
  facet normal 0 1 0
    outer loop
      vertex -12 3 13.1769
      vertex -65.5 3 3.5
      vertex -24 3 13.1769
    endloop
  endfacet
  facet normal 0 1 0
    outer loop
      vertex -24 3 13.1769
      vertex -65.5 3 3.5
      vertex -36 3 13.1769
    endloop
  endfacet
  facet normal 0 1 0
    outer loop
      vertex 53 3 21.8372
      vertex 65.5 3 3.5
      vertex 48 3 13.1769
    endloop
  endfacet
  facet normal 0 1 0
    outer loop
      vertex 54 3 28.7846
      vertex 65.5 3 3.5
      vertex 53 3 21.8372
    endloop
  endfacet
  facet normal 0 1 0
    outer loop
      vertex 59 3 42.1243
      vertex 65.5 3 3.5
      vertex 59 3 37.4449
    endloop
  endfacet
  facet normal 0 1 0
    outer loop
      vertex 24 3 128.823
      vertex 65.5 3 140.5
      vertex 36 3 128.823
    endloop
  endfacet
  facet normal 0 1 0
    outer loop
      vertex 12 3 128.823
      vertex 65.5 3 140.5
      vertex 24 3 128.823
    endloop
  endfacet
  facet normal 0 1 0
    outer loop
      vertex 0 3 128.823
      vertex 65.5 3 140.5
      vertex 12 3 128.823
    endloop
  endfacet
  facet normal 0 1 0
    outer loop
      vertex 65.5 3 140.5
      vertex 0 3 128.823
      vertex -65.5 3 140.5
    endloop
  endfacet
  facet normal 0 1 -0
    outer loop
      vertex -12 3 128.823
      vertex -65.5 3 140.5
      vertex 0 3 128.823
    endloop
  endfacet
  facet normal 0 1 -0
    outer loop
      vertex -24 3 128.823
      vertex -65.5 3 140.5
      vertex -12 3 128.823
    endloop
  endfacet
  facet normal 0 1 -0
    outer loop
      vertex -36 3 128.823
      vertex -65.5 3 140.5
      vertex -24 3 128.823
    endloop
  endfacet
  facet normal 0 1 -0
    outer loop
      vertex -48 3 128.823
      vertex -65.5 3 140.5
      vertex -36 3 128.823
    endloop
  endfacet
  facet normal 0 1 -0
    outer loop
      vertex -53 3 120.163
      vertex -65.5 3 140.5
      vertex -48 3 128.823
    endloop
  endfacet
  facet normal 0 1 0
    outer loop
      vertex -54 3 113.215
      vertex -53 3 120.163
      vertex -53 3 115.483
    endloop
  endfacet
  facet normal 0 1 0
    outer loop
      vertex -53 3 120.163
      vertex -54 3 113.215
      vertex -65.5 3 140.5
    endloop
  endfacet
  facet normal 0 1 -0
    outer loop
      vertex -59 3 104.555
      vertex -65.5 3 140.5
      vertex -54 3 113.215
    endloop
  endfacet
  facet normal 0 1 -0
    outer loop
      vertex -59 3 99.8757
      vertex -65.5 3 140.5
      vertex -59 3 104.555
    endloop
  endfacet
  facet normal 0 1 0
    outer loop
      vertex -54 3 82
      vertex -54 3 91.2154
      vertex -53 3 88.9474
    endloop
  endfacet
  facet normal 0 1 0
    outer loop
      vertex -54 3 82
      vertex -53 3 88.9474
      vertex -53 3 84.268
    endloop
  endfacet
  facet normal 0 1 0
    outer loop
      vertex -54 3 91.2154
      vertex -54 3 82
      vertex -59 3 99.8757
    endloop
  endfacet
  facet normal 0 1 0
    outer loop
      vertex -59 3 73.3397
      vertex -59 3 99.8757
      vertex -54 3 82
    endloop
  endfacet
  facet normal 0 1 -0
    outer loop
      vertex -59 3 73.3397
      vertex -65.5 3 140.5
      vertex -59 3 99.8757
    endloop
  endfacet
  facet normal 0 1 -0
    outer loop
      vertex -59 3 68.6603
      vertex -65.5 3 140.5
      vertex -59 3 73.3397
    endloop
  endfacet
  facet normal 0 1 0
    outer loop
      vertex -54 3 50.7846
      vertex -54 3 60
      vertex -53 3 57.732
    endloop
  endfacet
  facet normal 0 1 0
    outer loop
      vertex -54 3 50.7846
      vertex -53 3 57.732
      vertex -53 3 53.0526
    endloop
  endfacet
  facet normal 0 1 0
    outer loop
      vertex -54 3 60
      vertex -54 3 50.7846
      vertex -59 3 68.6603
    endloop
  endfacet
  facet normal 0 1 0
    outer loop
      vertex -59 3 42.1243
      vertex -59 3 68.6603
      vertex -54 3 50.7846
    endloop
  endfacet
  facet normal 0 1 0
    outer loop
      vertex -65.5 3 3.5
      vertex -59 3 68.6603
      vertex -59 3 42.1243
    endloop
  endfacet
  facet normal 0 1 0
    outer loop
      vertex -65.5 3 3.5
      vertex -59 3 42.1243
      vertex -59 3 37.4449
    endloop
  endfacet
  facet normal 0 1 -0
    outer loop
      vertex -53 3 21.8372
      vertex -54 3 28.7846
      vertex -53 3 26.5166
    endloop
  endfacet
  facet normal 0 1 0
    outer loop
      vertex -65.5 3 3.5
      vertex -54 3 28.7846
      vertex -53 3 21.8372
    endloop
  endfacet
  facet normal 0 1 0
    outer loop
      vertex -59 3 68.6603
      vertex -65.5 3 3.5
      vertex -65.5 3 140.5
    endloop
  endfacet
  facet normal 0 1 0
    outer loop
      vertex -54 3 28.7846
      vertex -65.5 3 3.5
      vertex -59 3 37.4449
    endloop
  endfacet
  facet normal 0 1 0
    outer loop
      vertex -48 3 13.1769
      vertex -65.5 3 3.5
      vertex -53 3 21.8372
    endloop
  endfacet
  facet normal 0 1 0
    outer loop
      vertex -36 3 13.1769
      vertex -65.5 3 3.5
      vertex -48 3 13.1769
    endloop
  endfacet
  facet normal 0 1 0
    outer loop
      vertex 54 3 113.215
      vertex 48 3 106.823
      vertex 53 3 115.483
    endloop
  endfacet
  facet normal -0 1 0
    outer loop
      vertex 48 3 106.823
      vertex 54 3 113.215
      vertex 49 3 104.555
    endloop
  endfacet
  facet normal 0 1 0
    outer loop
      vertex 42 3 113.215
      vertex 36 3 106.823
      vertex 41 3 115.483
    endloop
  endfacet
  facet normal -0 1 0
    outer loop
      vertex 36 3 106.823
      vertex 42 3 113.215
      vertex 37 3 104.555
    endloop
  endfacet
  facet normal 0 1 0
    outer loop
      vertex 30 3 113.215
      vertex 24 3 106.823
      vertex 29 3 115.483
    endloop
  endfacet
  facet normal -0 1 0
    outer loop
      vertex 24 3 106.823
      vertex 30 3 113.215
      vertex 25 3 104.555
    endloop
  endfacet
  facet normal 0 1 0
    outer loop
      vertex 18 3 113.215
      vertex 12 3 106.823
      vertex 17 3 115.483
    endloop
  endfacet
  facet normal -0 1 0
    outer loop
      vertex 12 3 106.823
      vertex 18 3 113.215
      vertex 13 3 104.555
    endloop
  endfacet
  facet normal 0 1 0
    outer loop
      vertex 6 3 113.215
      vertex 0 3 106.823
      vertex 5 3 115.483
    endloop
  endfacet
  facet normal -0 1 0
    outer loop
      vertex 0 3 106.823
      vertex 6 3 113.215
      vertex 1 3 104.555
    endloop
  endfacet
  facet normal 0 1 0
    outer loop
      vertex -6 3 113.215
      vertex -12 3 106.823
      vertex -7 3 115.483
    endloop
  endfacet
  facet normal -0 1 0
    outer loop
      vertex -12 3 106.823
      vertex -6 3 113.215
      vertex -11 3 104.555
    endloop
  endfacet
  facet normal 0 1 0
    outer loop
      vertex -18 3 113.215
      vertex -24 3 106.823
      vertex -19 3 115.483
    endloop
  endfacet
  facet normal -0 1 0
    outer loop
      vertex -24 3 106.823
      vertex -18 3 113.215
      vertex -23 3 104.555
    endloop
  endfacet
  facet normal 0 1 0
    outer loop
      vertex -30 3 113.215
      vertex -36 3 106.823
      vertex -31 3 115.483
    endloop
  endfacet
  facet normal -0 1 0
    outer loop
      vertex -36 3 106.823
      vertex -30 3 113.215
      vertex -35 3 104.555
    endloop
  endfacet
  facet normal 0 1 0
    outer loop
      vertex -42 3 113.215
      vertex -48 3 106.823
      vertex -43 3 115.483
    endloop
  endfacet
  facet normal -0 1 0
    outer loop
      vertex -48 3 106.823
      vertex -42 3 113.215
      vertex -47 3 104.555
    endloop
  endfacet
  facet normal 0 0 1
    outer loop
      vertex 50.5 45.25 3.5
      vertex 53.5 50.5 3.5
      vertex 53.5 54.5 3.5
    endloop
  endfacet
  facet normal 0 0 1
    outer loop
      vertex 53.5 50.5 3.5
      vertex 52.7961 44.7933 3.5
      vertex 53.3284 44.5415 3.5
    endloop
  endfacet
  facet normal 0 0 1
    outer loop
      vertex 53.5 50.5 3.5
      vertex 52.2417 44.9916 3.5
      vertex 52.7961 44.7933 3.5
    endloop
  endfacet
  facet normal 0 0 1
    outer loop
      vertex 53.5 50.5 3.5
      vertex 51.6705 45.1347 3.5
      vertex 52.2417 44.9916 3.5
    endloop
  endfacet
  facet normal 0 0 1
    outer loop
      vertex 53.5 50.5 3.5
      vertex 51.0881 45.2211 3.5
      vertex 51.6705 45.1347 3.5
    endloop
  endfacet
  facet normal 0 0 1
    outer loop
      vertex 53.5 50.5 3.5
      vertex 50.5 45.25 3.5
      vertex 51.0881 45.2211 3.5
    endloop
  endfacet
  facet normal 0 0 1
    outer loop
      vertex 53.5 54.5 3.5
      vertex -50.5 45.25 3.5
      vertex 50.5 45.25 3.5
    endloop
  endfacet
  facet normal -0 0 1
    outer loop
      vertex -53.5 54.5 3.5
      vertex -50.5 45.25 3.5
      vertex 53.5 54.5 3.5
    endloop
  endfacet
  facet normal -0 0 1
    outer loop
      vertex -53.5 50.5 3.5
      vertex -50.5 45.25 3.5
      vertex -53.5 54.5 3.5
    endloop
  endfacet
  facet normal 0 0 1
    outer loop
      vertex -50.5 45.25 3.5
      vertex -53.5 50.5 3.5
      vertex -51.0881 45.2211 3.5
    endloop
  endfacet
  facet normal 0 0 1
    outer loop
      vertex -51.0881 45.2211 3.5
      vertex -53.5 50.5 3.5
      vertex -51.6705 45.1347 3.5
    endloop
  endfacet
  facet normal 0 0 1
    outer loop
      vertex -51.6705 45.1347 3.5
      vertex -53.5 50.5 3.5
      vertex -52.2417 44.9916 3.5
    endloop
  endfacet
  facet normal 0 0 1
    outer loop
      vertex -52.2417 44.9916 3.5
      vertex -53.5 50.5 3.5
      vertex -52.7961 44.7933 3.5
    endloop
  endfacet
  facet normal 0 0 1
    outer loop
      vertex -52.7961 44.7933 3.5
      vertex -53.5 50.5 3.5
      vertex -53.3284 44.5415 3.5
    endloop
  endfacet
  facet normal 0 0 1
    outer loop
      vertex -53.5 50.5 3.5
      vertex -53.8334 44.2388 3.5
      vertex -53.3284 44.5415 3.5
    endloop
  endfacet
  facet normal 0 0 1
    outer loop
      vertex -53.5 50.5 3.5
      vertex -54.3064 43.8881 3.5
      vertex -53.8334 44.2388 3.5
    endloop
  endfacet
  facet normal 0 0 1
    outer loop
      vertex -53.5 50.5 3.5
      vertex -54.7426 43.4926 3.5
      vertex -54.3064 43.8881 3.5
    endloop
  endfacet
  facet normal -0 0 1
    outer loop
      vertex -65.5 50.5 3.5
      vertex -54.7426 43.4926 3.5
      vertex -53.5 50.5 3.5
    endloop
  endfacet
  facet normal 0 0 1
    outer loop
      vertex -54.7426 43.4926 3.5
      vertex -65.5 50.5 3.5
      vertex -55.1381 43.0564 3.5
    endloop
  endfacet
  facet normal 0 0 1
    outer loop
      vertex -55.1381 43.0564 3.5
      vertex -65.5 50.5 3.5
      vertex -55.4888 42.5834 3.5
    endloop
  endfacet
  facet normal 0 0 1
    outer loop
      vertex -55.4888 42.5834 3.5
      vertex -65.5 50.5 3.5
      vertex -55.7915 42.0784 3.5
    endloop
  endfacet
  facet normal 0 0 1
    outer loop
      vertex -55.7915 42.0784 3.5
      vertex -65.5 50.5 3.5
      vertex -56.0433 41.5461 3.5
    endloop
  endfacet
  facet normal 0 0 1
    outer loop
      vertex -56.5 39.25 3.5
      vertex -65.5 50.5 3.5
      vertex -56.5 14.25 3.5
    endloop
  endfacet
  facet normal 0 0 1
    outer loop
      vertex -56.4711 39.8381 3.5
      vertex -65.5 50.5 3.5
      vertex -56.5 39.25 3.5
    endloop
  endfacet
  facet normal 0 0 1
    outer loop
      vertex -56.3847 40.4205 3.5
      vertex -65.5 50.5 3.5
      vertex -56.4711 39.8381 3.5
    endloop
  endfacet
  facet normal 0 0 1
    outer loop
      vertex -56.2416 40.9917 3.5
      vertex -65.5 50.5 3.5
      vertex -56.3847 40.4205 3.5
    endloop
  endfacet
  facet normal 0 0 1
    outer loop
      vertex -56.0433 41.5461 3.5
      vertex -65.5 50.5 3.5
      vertex -56.2416 40.9917 3.5
    endloop
  endfacet
  facet normal 0 0 1
    outer loop
      vertex 65.5 50.5 3.5
      vertex 56.5 39.25 3.5
      vertex 65.5 3 3.5
    endloop
  endfacet
  facet normal 0 0 1
    outer loop
      vertex 65.5 50.5 3.5
      vertex 56.4711 39.8381 3.5
      vertex 56.5 39.25 3.5
    endloop
  endfacet
  facet normal 0 0 1
    outer loop
      vertex 65.5 50.5 3.5
      vertex 56.3847 40.4205 3.5
      vertex 56.4711 39.8381 3.5
    endloop
  endfacet
  facet normal 0 0 1
    outer loop
      vertex 65.5 50.5 3.5
      vertex 56.2416 40.9917 3.5
      vertex 56.3847 40.4205 3.5
    endloop
  endfacet
  facet normal 0 0 1
    outer loop
      vertex 65.5 50.5 3.5
      vertex 56.0433 41.5461 3.5
      vertex 56.2416 40.9917 3.5
    endloop
  endfacet
  facet normal 0 0 1
    outer loop
      vertex 65.5 50.5 3.5
      vertex 55.7915 42.0784 3.5
      vertex 56.0433 41.5461 3.5
    endloop
  endfacet
  facet normal 0 0 1
    outer loop
      vertex 65.5 50.5 3.5
      vertex 55.4888 42.5834 3.5
      vertex 55.7915 42.0784 3.5
    endloop
  endfacet
  facet normal 0 0 1
    outer loop
      vertex 65.5 50.5 3.5
      vertex 55.1381 43.0564 3.5
      vertex 55.4888 42.5834 3.5
    endloop
  endfacet
  facet normal 0 0 1
    outer loop
      vertex 65.5 50.5 3.5
      vertex 54.7426 43.4926 3.5
      vertex 55.1381 43.0564 3.5
    endloop
  endfacet
  facet normal -0 0 1
    outer loop
      vertex 53.5 50.5 3.5
      vertex 54.7426 43.4926 3.5
      vertex 65.5 50.5 3.5
    endloop
  endfacet
  facet normal 0 0 1
    outer loop
      vertex 54.7426 43.4926 3.5
      vertex 53.5 50.5 3.5
      vertex 54.3064 43.8881 3.5
    endloop
  endfacet
  facet normal 0 0 1
    outer loop
      vertex 54.3064 43.8881 3.5
      vertex 53.5 50.5 3.5
      vertex 53.8334 44.2388 3.5
    endloop
  endfacet
  facet normal 0 0 1
    outer loop
      vertex 53.8334 44.2388 3.5
      vertex 53.5 50.5 3.5
      vertex 53.3284 44.5415 3.5
    endloop
  endfacet
  facet normal -0 0 1
    outer loop
      vertex 56.5 14.25 3.5
      vertex 65.5 3 3.5
      vertex 56.5 39.25 3.5
    endloop
  endfacet
  facet normal -0 0 1
    outer loop
      vertex 56.4711 13.6619 3.5
      vertex 65.5 3 3.5
      vertex 56.5 14.25 3.5
    endloop
  endfacet
  facet normal -0 0 1
    outer loop
      vertex 56.3847 13.0795 3.5
      vertex 65.5 3 3.5
      vertex 56.4711 13.6619 3.5
    endloop
  endfacet
  facet normal -0 0 1
    outer loop
      vertex 56.2416 12.5083 3.5
      vertex 65.5 3 3.5
      vertex 56.3847 13.0795 3.5
    endloop
  endfacet
  facet normal -0 0 1
    outer loop
      vertex 56.0433 11.9539 3.5
      vertex 65.5 3 3.5
      vertex 56.2416 12.5083 3.5
    endloop
  endfacet
  facet normal -0 0 1
    outer loop
      vertex 55.7915 11.4216 3.5
      vertex 65.5 3 3.5
      vertex 56.0433 11.9539 3.5
    endloop
  endfacet
  facet normal -0 0 1
    outer loop
      vertex 55.4888 10.9166 3.5
      vertex 65.5 3 3.5
      vertex 55.7915 11.4216 3.5
    endloop
  endfacet
  facet normal -0 0 1
    outer loop
      vertex 55.1381 10.4436 3.5
      vertex 65.5 3 3.5
      vertex 55.4888 10.9166 3.5
    endloop
  endfacet
  facet normal -0 0 1
    outer loop
      vertex 54.7426 10.0074 3.5
      vertex 65.5 3 3.5
      vertex 55.1381 10.4436 3.5
    endloop
  endfacet
  facet normal -0 0 1
    outer loop
      vertex 54.3064 9.61194 3.5
      vertex 65.5 3 3.5
      vertex 54.7426 10.0074 3.5
    endloop
  endfacet
  facet normal -0 0 1
    outer loop
      vertex 53.8334 9.26118 3.5
      vertex 65.5 3 3.5
      vertex 54.3064 9.61194 3.5
    endloop
  endfacet
  facet normal -0 0 1
    outer loop
      vertex 53.3284 8.95847 3.5
      vertex 65.5 3 3.5
      vertex 53.8334 9.26118 3.5
    endloop
  endfacet
  facet normal -0 0 1
    outer loop
      vertex 52.7961 8.70672 3.5
      vertex 65.5 3 3.5
      vertex 53.3284 8.95847 3.5
    endloop
  endfacet
  facet normal -0 0 1
    outer loop
      vertex 52.2417 8.50836 3.5
      vertex 65.5 3 3.5
      vertex 52.7961 8.70672 3.5
    endloop
  endfacet
  facet normal -0 0 1
    outer loop
      vertex 51.6705 8.36529 3.5
      vertex 65.5 3 3.5
      vertex 52.2417 8.50836 3.5
    endloop
  endfacet
  facet normal -0 0 1
    outer loop
      vertex 51.0881 8.27889 3.5
      vertex 65.5 3 3.5
      vertex 51.6705 8.36529 3.5
    endloop
  endfacet
  facet normal -0 0 1
    outer loop
      vertex 50.5 8.25 3.5
      vertex 65.5 3 3.5
      vertex 51.0881 8.27889 3.5
    endloop
  endfacet
  facet normal -0 0 1
    outer loop
      vertex -50.5 8.25 3.5
      vertex 65.5 3 3.5
      vertex 50.5 8.25 3.5
    endloop
  endfacet
  facet normal 0 0 1
    outer loop
      vertex -65.5 3 3.5
      vertex -56.5 14.25 3.5
      vertex -65.5 50.5 3.5
    endloop
  endfacet
  facet normal 0 0 1
    outer loop
      vertex -56.5 14.25 3.5
      vertex -65.5 3 3.5
      vertex -56.4711 13.6619 3.5
    endloop
  endfacet
  facet normal 0 0 1
    outer loop
      vertex -50.5 8.25 3.5
      vertex -65.5 3 3.5
      vertex 65.5 3 3.5
    endloop
  endfacet
  facet normal 0 0 1
    outer loop
      vertex -51.0881 8.27889 3.5
      vertex -65.5 3 3.5
      vertex -50.5 8.25 3.5
    endloop
  endfacet
  facet normal 0 0 1
    outer loop
      vertex -51.6705 8.36529 3.5
      vertex -65.5 3 3.5
      vertex -51.0881 8.27889 3.5
    endloop
  endfacet
  facet normal 0 0 1
    outer loop
      vertex -52.2417 8.50836 3.5
      vertex -65.5 3 3.5
      vertex -51.6705 8.36529 3.5
    endloop
  endfacet
  facet normal 0 0 1
    outer loop
      vertex -52.7961 8.70672 3.5
      vertex -65.5 3 3.5
      vertex -52.2417 8.50836 3.5
    endloop
  endfacet
  facet normal 0 0 1
    outer loop
      vertex -53.3284 8.95847 3.5
      vertex -65.5 3 3.5
      vertex -52.7961 8.70672 3.5
    endloop
  endfacet
  facet normal 0 0 1
    outer loop
      vertex -53.8334 9.26118 3.5
      vertex -65.5 3 3.5
      vertex -53.3284 8.95847 3.5
    endloop
  endfacet
  facet normal 0 0 1
    outer loop
      vertex -54.3064 9.61194 3.5
      vertex -65.5 3 3.5
      vertex -53.8334 9.26118 3.5
    endloop
  endfacet
  facet normal 0 0 1
    outer loop
      vertex -54.7426 10.0074 3.5
      vertex -65.5 3 3.5
      vertex -54.3064 9.61194 3.5
    endloop
  endfacet
  facet normal 0 0 1
    outer loop
      vertex -55.1381 10.4436 3.5
      vertex -65.5 3 3.5
      vertex -54.7426 10.0074 3.5
    endloop
  endfacet
  facet normal 0 0 1
    outer loop
      vertex -55.4888 10.9166 3.5
      vertex -65.5 3 3.5
      vertex -55.1381 10.4436 3.5
    endloop
  endfacet
  facet normal 0 0 1
    outer loop
      vertex -55.7915 11.4216 3.5
      vertex -65.5 3 3.5
      vertex -55.4888 10.9166 3.5
    endloop
  endfacet
  facet normal 0 0 1
    outer loop
      vertex -56.0433 11.9539 3.5
      vertex -65.5 3 3.5
      vertex -55.7915 11.4216 3.5
    endloop
  endfacet
  facet normal 0 0 1
    outer loop
      vertex -56.2416 12.5083 3.5
      vertex -65.5 3 3.5
      vertex -56.0433 11.9539 3.5
    endloop
  endfacet
  facet normal 0 0 1
    outer loop
      vertex -56.3847 13.0795 3.5
      vertex -65.5 3 3.5
      vertex -56.2416 12.5083 3.5
    endloop
  endfacet
  facet normal 0 0 1
    outer loop
      vertex -56.4711 13.6619 3.5
      vertex -65.5 3 3.5
      vertex -56.3847 13.0795 3.5
    endloop
  endfacet
  facet normal -0.989184 0 -0.14668
    outer loop
      vertex -73.2608 0 30.2205
      vertex -73.2932 4 30.439
      vertex -73.2608 4 30.2205
    endloop
  endfacet
  facet normal -0.989184 -0 -0.14668
    outer loop
      vertex -73.2932 4 30.439
      vertex -73.2608 0 30.2205
      vertex -73.2932 0 30.439
    endloop
  endfacet
  facet normal -0.998803 0 -0.0489209
    outer loop
      vertex -73.25 0 30
      vertex -73.2608 4 30.2205
      vertex -73.25 4 30
    endloop
  endfacet
  facet normal -0.998803 -0 -0.0489209
    outer loop
      vertex -73.2608 4 30.2205
      vertex -73.25 0 30
      vertex -73.2608 0 30.2205
    endloop
  endfacet
  facet normal -0.969956 0 -0.243282
    outer loop
      vertex -73.2932 0 30.439
      vertex -73.3469 4 30.6531
      vertex -73.2932 4 30.439
    endloop
  endfacet
  facet normal -0.969956 -0 -0.243282
    outer loop
      vertex -73.3469 4 30.6531
      vertex -73.2932 0 30.439
      vertex -73.3469 0 30.6531
    endloop
  endfacet
  facet normal 0.903996 -0 0.427541
    outer loop
      vertex -77.5787 0 29.139
      vertex -77.4843 4 28.9394
      vertex -77.5787 4 29.139
    endloop
  endfacet
  facet normal 0.903996 0 0.427541
    outer loop
      vertex -77.4843 4 28.9394
      vertex -77.5787 0 29.139
      vertex -77.4843 0 28.9394
    endloop
  endfacet
  facet normal 0.998803 -0 0.0489209
    outer loop
      vertex -77.75 0 30
      vertex -77.7392 4 29.7795
      vertex -77.75 4 30
    endloop
  endfacet
  facet normal 0.998803 0 0.0489209
    outer loop
      vertex -77.7392 4 29.7795
      vertex -77.75 0 30
      vertex -77.7392 0 29.7795
    endloop
  endfacet
  facet normal 0.941527 -0 0.336939
    outer loop
      vertex -77.6531 0 29.3469
      vertex -77.5787 4 29.139
      vertex -77.6531 4 29.3469
    endloop
  endfacet
  facet normal 0.941527 0 0.336939
    outer loop
      vertex -77.5787 4 29.139
      vertex -77.6531 0 29.3469
      vertex -77.5787 0 29.139
    endloop
  endfacet
  facet normal 0.514029 0 -0.857773
    outer loop
      vertex -76.75 0 31.8708
      vertex -76.5606 4 31.9843
      vertex -76.5606 0 31.9843
    endloop
  endfacet
  facet normal 0.514029 0 -0.857773
    outer loop
      vertex -76.5606 4 31.9843
      vertex -76.75 0 31.8708
      vertex -76.75 4 31.8708
    endloop
  endfacet
  facet normal -0.336939 0 0.941527
    outer loop
      vertex -74.8469 4 27.8469
      vertex -74.639 0 27.9213
      vertex -74.639 4 27.9213
    endloop
  endfacet
  facet normal -0.336939 0 0.941527
    outer loop
      vertex -74.639 0 27.9213
      vertex -74.8469 4 27.8469
      vertex -74.8469 0 27.8469
    endloop
  endfacet
  facet normal -0.941527 0 -0.336939
    outer loop
      vertex -73.3469 0 30.6531
      vertex -73.4213 4 30.861
      vertex -73.3469 4 30.6531
    endloop
  endfacet
  facet normal -0.941527 -0 -0.336939
    outer loop
      vertex -73.4213 4 30.861
      vertex -73.3469 0 30.6531
      vertex -73.4213 0 30.861
    endloop
  endfacet
  facet normal 0.740902 -0 0.671613
    outer loop
      vertex -77.2393 0 28.5726
      vertex -77.091 4 28.409
      vertex -77.2393 4 28.5726
    endloop
  endfacet
  facet normal 0.740902 0 0.671613
    outer loop
      vertex -77.091 4 28.409
      vertex -77.2393 0 28.5726
      vertex -77.091 0 28.409
    endloop
  endfacet
  facet normal -0.514029 0 0.857773
    outer loop
      vertex -74.4394 4 28.0157
      vertex -74.25 0 28.1292
      vertex -74.25 4 28.1292
    endloop
  endfacet
  facet normal -0.514029 0 0.857773
    outer loop
      vertex -74.25 0 28.1292
      vertex -74.4394 4 28.0157
      vertex -74.4394 0 28.0157
    endloop
  endfacet
  facet normal 0.803357 0 -0.595498
    outer loop
      vertex -77.2393 0 31.4274
      vertex -77.3708 4 31.25
      vertex -77.2393 4 31.4274
    endloop
  endfacet
  facet normal 0.803357 0 -0.595498
    outer loop
      vertex -77.3708 4 31.25
      vertex -77.2393 0 31.4274
      vertex -77.3708 0 31.25
    endloop
  endfacet
  facet normal 0.941527 0 -0.336939
    outer loop
      vertex -77.5787 0 30.861
      vertex -77.6531 4 30.6531
      vertex -77.5787 4 30.861
    endloop
  endfacet
  facet normal 0.941527 0 -0.336939
    outer loop
      vertex -77.6531 4 30.6531
      vertex -77.5787 0 30.861
      vertex -77.6531 0 30.6531
    endloop
  endfacet
  facet normal -0.998803 0 0.0489209
    outer loop
      vertex -73.2608 0 29.7795
      vertex -73.25 4 30
      vertex -73.2608 4 29.7795
    endloop
  endfacet
  facet normal -0.998803 0 0.0489209
    outer loop
      vertex -73.25 4 30
      vertex -73.2608 0 29.7795
      vertex -73.25 0 30
    endloop
  endfacet
  facet normal 0.0489209 0 -0.998803
    outer loop
      vertex -75.7205 0 32.2392
      vertex -75.5 4 32.25
      vertex -75.5 0 32.25
    endloop
  endfacet
  facet normal 0.0489209 0 -0.998803
    outer loop
      vertex -75.5 4 32.25
      vertex -75.7205 0 32.2392
      vertex -75.7205 4 32.2392
    endloop
  endfacet
  facet normal -0.941527 0 0.336939
    outer loop
      vertex -73.4213 0 29.139
      vertex -73.3469 4 29.3469
      vertex -73.4213 4 29.139
    endloop
  endfacet
  facet normal -0.941527 0 0.336939
    outer loop
      vertex -73.3469 4 29.3469
      vertex -73.4213 0 29.139
      vertex -73.3469 0 29.3469
    endloop
  endfacet
  facet normal -0.595498 0 -0.803357
    outer loop
      vertex -74.25 0 31.8708
      vertex -74.0726 4 31.7393
      vertex -74.0726 0 31.7393
    endloop
  endfacet
  facet normal -0.595498 0 -0.803357
    outer loop
      vertex -74.0726 4 31.7393
      vertex -74.25 0 31.8708
      vertex -74.25 4 31.8708
    endloop
  endfacet
  facet normal -0.903996 0 0.427541
    outer loop
      vertex -73.5157 0 28.9394
      vertex -73.4213 4 29.139
      vertex -73.5157 4 28.9394
    endloop
  endfacet
  facet normal -0.903996 0 0.427541
    outer loop
      vertex -73.4213 4 29.139
      vertex -73.5157 0 28.9394
      vertex -73.4213 0 29.139
    endloop
  endfacet
  facet normal -0.989184 0 0.14668
    outer loop
      vertex -73.2932 0 29.561
      vertex -73.2608 4 29.7795
      vertex -73.2932 4 29.561
    endloop
  endfacet
  facet normal -0.989184 0 0.14668
    outer loop
      vertex -73.2608 4 29.7795
      vertex -73.2932 0 29.561
      vertex -73.2608 0 29.7795
    endloop
  endfacet
  facet normal 0.243175 0 -0.969982
    outer loop
      vertex -76.1531 0 32.1531
      vertex -75.9389 4 32.2068
      vertex -75.9389 0 32.2068
    endloop
  endfacet
  facet normal 0.243175 0 -0.969982
    outer loop
      vertex -75.9389 4 32.2068
      vertex -76.1531 0 32.1531
      vertex -76.1531 4 32.1531
    endloop
  endfacet
  facet normal -0.0489209 0 -0.998803
    outer loop
      vertex -75.5 0 32.25
      vertex -75.2795 4 32.2392
      vertex -75.2795 0 32.2392
    endloop
  endfacet
  facet normal -0.0489209 0 -0.998803
    outer loop
      vertex -75.2795 4 32.2392
      vertex -75.5 0 32.25
      vertex -75.5 4 32.25
    endloop
  endfacet
  facet normal -0.427541 0 0.903996
    outer loop
      vertex -74.639 4 27.9213
      vertex -74.4394 0 28.0157
      vertex -74.4394 4 28.0157
    endloop
  endfacet
  facet normal -0.427541 0 0.903996
    outer loop
      vertex -74.4394 0 28.0157
      vertex -74.639 4 27.9213
      vertex -74.639 0 27.9213
    endloop
  endfacet
  facet normal -0.243175 0 -0.969982
    outer loop
      vertex -75.0611 0 32.2068
      vertex -74.8469 4 32.1531
      vertex -74.8469 0 32.1531
    endloop
  endfacet
  facet normal -0.243175 0 -0.969982
    outer loop
      vertex -74.8469 4 32.1531
      vertex -75.0611 0 32.2068
      vertex -75.0611 4 32.2068
    endloop
  endfacet
  facet normal -0.0489209 0 0.998803
    outer loop
      vertex -75.5 4 27.75
      vertex -75.2795 0 27.7608
      vertex -75.2795 4 27.7608
    endloop
  endfacet
  facet normal -0.0489209 0 0.998803
    outer loop
      vertex -75.2795 0 27.7608
      vertex -75.5 4 27.75
      vertex -75.5 0 27.75
    endloop
  endfacet
  facet normal 0.514029 0 0.857773
    outer loop
      vertex -76.75 4 28.1292
      vertex -76.5606 0 28.0157
      vertex -76.5606 4 28.0157
    endloop
  endfacet
  facet normal 0.514029 0 0.857773
    outer loop
      vertex -76.5606 0 28.0157
      vertex -76.75 4 28.1292
      vertex -76.75 0 28.1292
    endloop
  endfacet
  facet normal -0.243175 0 0.969982
    outer loop
      vertex -75.0611 4 27.7932
      vertex -74.8469 0 27.8469
      vertex -74.8469 4 27.8469
    endloop
  endfacet
  facet normal -0.243175 0 0.969982
    outer loop
      vertex -74.8469 0 27.8469
      vertex -75.0611 4 27.7932
      vertex -75.0611 0 27.7932
    endloop
  endfacet
  facet normal -0.514029 0 -0.857773
    outer loop
      vertex -74.4394 0 31.9843
      vertex -74.25 4 31.8708
      vertex -74.25 0 31.8708
    endloop
  endfacet
  facet normal -0.514029 0 -0.857773
    outer loop
      vertex -74.25 4 31.8708
      vertex -74.4394 0 31.9843
      vertex -74.4394 4 31.9843
    endloop
  endfacet
  facet normal 0.336939 0 -0.941527
    outer loop
      vertex -76.361 0 32.0787
      vertex -76.1531 4 32.1531
      vertex -76.1531 0 32.1531
    endloop
  endfacet
  facet normal 0.336939 0 -0.941527
    outer loop
      vertex -76.1531 4 32.1531
      vertex -76.361 0 32.0787
      vertex -76.361 4 32.0787
    endloop
  endfacet
  facet normal 0.998803 0 -0.0489209
    outer loop
      vertex -77.7392 0 30.2205
      vertex -77.75 4 30
      vertex -77.7392 4 30.2205
    endloop
  endfacet
  facet normal 0.998803 0 -0.0489209
    outer loop
      vertex -77.75 4 30
      vertex -77.7392 0 30.2205
      vertex -77.75 0 30
    endloop
  endfacet
  facet normal 0.671613 0 -0.740902
    outer loop
      vertex -77.091 0 31.591
      vertex -76.9274 4 31.7393
      vertex -76.9274 0 31.7393
    endloop
  endfacet
  facet normal 0.671613 0 -0.740902
    outer loop
      vertex -76.9274 4 31.7393
      vertex -77.091 0 31.591
      vertex -77.091 4 31.591
    endloop
  endfacet
  facet normal -0.671613 0 0.740902
    outer loop
      vertex -74.0726 4 28.2607
      vertex -73.909 0 28.409
      vertex -73.909 4 28.409
    endloop
  endfacet
  facet normal -0.671613 0 0.740902
    outer loop
      vertex -73.909 0 28.409
      vertex -74.0726 4 28.2607
      vertex -74.0726 0 28.2607
    endloop
  endfacet
  facet normal 0.595498 0 -0.803357
    outer loop
      vertex -76.9274 0 31.7393
      vertex -76.75 4 31.8708
      vertex -76.75 0 31.8708
    endloop
  endfacet
  facet normal 0.595498 0 -0.803357
    outer loop
      vertex -76.75 4 31.8708
      vertex -76.9274 0 31.7393
      vertex -76.9274 4 31.7393
    endloop
  endfacet
  facet normal 0.0489209 0 0.998803
    outer loop
      vertex -75.7205 4 27.7608
      vertex -75.5 0 27.75
      vertex -75.5 4 27.75
    endloop
  endfacet
  facet normal 0.0489209 0 0.998803
    outer loop
      vertex -75.5 0 27.75
      vertex -75.7205 4 27.7608
      vertex -75.7205 0 27.7608
    endloop
  endfacet
  facet normal -0.857773 0 -0.514029
    outer loop
      vertex -73.5157 0 31.0606
      vertex -73.6292 4 31.25
      vertex -73.5157 4 31.0606
    endloop
  endfacet
  facet normal -0.857773 -0 -0.514029
    outer loop
      vertex -73.6292 4 31.25
      vertex -73.5157 0 31.0606
      vertex -73.6292 0 31.25
    endloop
  endfacet
  facet normal 0.671613 0 0.740902
    outer loop
      vertex -77.091 4 28.409
      vertex -76.9274 0 28.2607
      vertex -76.9274 4 28.2607
    endloop
  endfacet
  facet normal 0.671613 0 0.740902
    outer loop
      vertex -76.9274 0 28.2607
      vertex -77.091 4 28.409
      vertex -77.091 0 28.409
    endloop
  endfacet
  facet normal 0.989184 0 -0.14668
    outer loop
      vertex -77.7068 0 30.439
      vertex -77.7392 4 30.2205
      vertex -77.7068 4 30.439
    endloop
  endfacet
  facet normal 0.989184 0 -0.14668
    outer loop
      vertex -77.7392 4 30.2205
      vertex -77.7068 0 30.439
      vertex -77.7392 0 30.2205
    endloop
  endfacet
  facet normal -0.671613 0 -0.740902
    outer loop
      vertex -74.0726 0 31.7393
      vertex -73.909 4 31.591
      vertex -73.909 0 31.591
    endloop
  endfacet
  facet normal -0.671613 0 -0.740902
    outer loop
      vertex -73.909 4 31.591
      vertex -74.0726 0 31.7393
      vertex -74.0726 4 31.7393
    endloop
  endfacet
  facet normal 0.857773 -0 0.514029
    outer loop
      vertex -77.4843 0 28.9394
      vertex -77.3708 4 28.75
      vertex -77.4843 4 28.9394
    endloop
  endfacet
  facet normal 0.857773 0 0.514029
    outer loop
      vertex -77.3708 4 28.75
      vertex -77.4843 0 28.9394
      vertex -77.3708 0 28.75
    endloop
  endfacet
  facet normal -0.146746 0 0.989174
    outer loop
      vertex -75.2795 4 27.7608
      vertex -75.0611 0 27.7932
      vertex -75.0611 4 27.7932
    endloop
  endfacet
  facet normal -0.146746 0 0.989174
    outer loop
      vertex -75.0611 0 27.7932
      vertex -75.2795 4 27.7608
      vertex -75.2795 0 27.7608
    endloop
  endfacet
  facet normal 0.427541 0 -0.903996
    outer loop
      vertex -76.5606 0 31.9843
      vertex -76.361 4 32.0787
      vertex -76.361 0 32.0787
    endloop
  endfacet
  facet normal 0.427541 0 -0.903996
    outer loop
      vertex -76.361 4 32.0787
      vertex -76.5606 0 31.9843
      vertex -76.5606 4 31.9843
    endloop
  endfacet
  facet normal -0.903996 0 -0.427541
    outer loop
      vertex -73.4213 0 30.861
      vertex -73.5157 4 31.0606
      vertex -73.4213 4 30.861
    endloop
  endfacet
  facet normal -0.903996 -0 -0.427541
    outer loop
      vertex -73.5157 4 31.0606
      vertex -73.4213 0 30.861
      vertex -73.5157 0 31.0606
    endloop
  endfacet
  facet normal -0.857773 0 0.514029
    outer loop
      vertex -73.6292 0 28.75
      vertex -73.5157 4 28.9394
      vertex -73.6292 4 28.75
    endloop
  endfacet
  facet normal -0.857773 0 0.514029
    outer loop
      vertex -73.5157 4 28.9394
      vertex -73.6292 0 28.75
      vertex -73.5157 0 28.9394
    endloop
  endfacet
  facet normal -0.969956 0 0.243282
    outer loop
      vertex -73.3469 0 29.3469
      vertex -73.2932 4 29.561
      vertex -73.3469 4 29.3469
    endloop
  endfacet
  facet normal -0.969956 0 0.243282
    outer loop
      vertex -73.2932 4 29.561
      vertex -73.3469 0 29.3469
      vertex -73.2932 0 29.561
    endloop
  endfacet
  facet normal -0.427541 0 -0.903996
    outer loop
      vertex -74.639 0 32.0787
      vertex -74.4394 4 31.9843
      vertex -74.4394 0 31.9843
    endloop
  endfacet
  facet normal -0.427541 0 -0.903996
    outer loop
      vertex -74.4394 4 31.9843
      vertex -74.639 0 32.0787
      vertex -74.639 4 32.0787
    endloop
  endfacet
  facet normal 0.146746 0 -0.989174
    outer loop
      vertex -75.9389 0 32.2068
      vertex -75.7205 4 32.2392
      vertex -75.7205 0 32.2392
    endloop
  endfacet
  facet normal 0.146746 0 -0.989174
    outer loop
      vertex -75.7205 4 32.2392
      vertex -75.9389 0 32.2068
      vertex -75.9389 4 32.2068
    endloop
  endfacet
  facet normal 0.903996 0 -0.427541
    outer loop
      vertex -77.4843 0 31.0606
      vertex -77.5787 4 30.861
      vertex -77.4843 4 31.0606
    endloop
  endfacet
  facet normal 0.903996 0 -0.427541
    outer loop
      vertex -77.5787 4 30.861
      vertex -77.4843 0 31.0606
      vertex -77.5787 0 30.861
    endloop
  endfacet
  facet normal 0.857773 0 -0.514029
    outer loop
      vertex -77.3708 0 31.25
      vertex -77.4843 4 31.0606
      vertex -77.3708 4 31.25
    endloop
  endfacet
  facet normal 0.857773 0 -0.514029
    outer loop
      vertex -77.4843 4 31.0606
      vertex -77.3708 0 31.25
      vertex -77.4843 0 31.0606
    endloop
  endfacet
  facet normal 0.740902 0 -0.671613
    outer loop
      vertex -77.091 0 31.591
      vertex -77.2393 4 31.4274
      vertex -77.091 4 31.591
    endloop
  endfacet
  facet normal 0.740902 0 -0.671613
    outer loop
      vertex -77.2393 4 31.4274
      vertex -77.091 0 31.591
      vertex -77.2393 0 31.4274
    endloop
  endfacet
  facet normal 0.969956 0 -0.243282
    outer loop
      vertex -77.6531 0 30.6531
      vertex -77.7068 4 30.439
      vertex -77.6531 4 30.6531
    endloop
  endfacet
  facet normal 0.969956 0 -0.243282
    outer loop
      vertex -77.7068 4 30.439
      vertex -77.6531 0 30.6531
      vertex -77.7068 0 30.439
    endloop
  endfacet
  facet normal -0.803357 0 0.595498
    outer loop
      vertex -73.7607 0 28.5726
      vertex -73.6292 4 28.75
      vertex -73.7607 4 28.5726
    endloop
  endfacet
  facet normal -0.803357 0 0.595498
    outer loop
      vertex -73.6292 4 28.75
      vertex -73.7607 0 28.5726
      vertex -73.6292 0 28.75
    endloop
  endfacet
  facet normal -0.740902 0 -0.671613
    outer loop
      vertex -73.7607 0 31.4274
      vertex -73.909 4 31.591
      vertex -73.7607 4 31.4274
    endloop
  endfacet
  facet normal -0.740902 -0 -0.671613
    outer loop
      vertex -73.909 4 31.591
      vertex -73.7607 0 31.4274
      vertex -73.909 0 31.591
    endloop
  endfacet
  facet normal -0.336939 0 -0.941527
    outer loop
      vertex -74.8469 0 32.1531
      vertex -74.639 4 32.0787
      vertex -74.639 0 32.0787
    endloop
  endfacet
  facet normal -0.336939 0 -0.941527
    outer loop
      vertex -74.639 4 32.0787
      vertex -74.8469 0 32.1531
      vertex -74.8469 4 32.1531
    endloop
  endfacet
  facet normal -0.740902 0 0.671613
    outer loop
      vertex -73.909 0 28.409
      vertex -73.7607 4 28.5726
      vertex -73.909 4 28.409
    endloop
  endfacet
  facet normal -0.740902 0 0.671613
    outer loop
      vertex -73.7607 4 28.5726
      vertex -73.909 0 28.409
      vertex -73.7607 0 28.5726
    endloop
  endfacet
  facet normal -0.803357 0 -0.595498
    outer loop
      vertex -73.6292 0 31.25
      vertex -73.7607 4 31.4274
      vertex -73.6292 4 31.25
    endloop
  endfacet
  facet normal -0.803357 -0 -0.595498
    outer loop
      vertex -73.7607 4 31.4274
      vertex -73.6292 0 31.25
      vertex -73.7607 0 31.4274
    endloop
  endfacet
  facet normal 0.969956 -0 0.243282
    outer loop
      vertex -77.7068 0 29.561
      vertex -77.6531 4 29.3469
      vertex -77.7068 4 29.561
    endloop
  endfacet
  facet normal 0.969956 0 0.243282
    outer loop
      vertex -77.6531 4 29.3469
      vertex -77.7068 0 29.561
      vertex -77.6531 0 29.3469
    endloop
  endfacet
  facet normal 0.803357 -0 0.595498
    outer loop
      vertex -77.3708 0 28.75
      vertex -77.2393 4 28.5726
      vertex -77.3708 4 28.75
    endloop
  endfacet
  facet normal 0.803357 0 0.595498
    outer loop
      vertex -77.2393 4 28.5726
      vertex -77.3708 0 28.75
      vertex -77.2393 0 28.5726
    endloop
  endfacet
  facet normal -0.146746 0 -0.989174
    outer loop
      vertex -75.2795 0 32.2392
      vertex -75.0611 4 32.2068
      vertex -75.0611 0 32.2068
    endloop
  endfacet
  facet normal -0.146746 0 -0.989174
    outer loop
      vertex -75.0611 4 32.2068
      vertex -75.2795 0 32.2392
      vertex -75.2795 4 32.2392
    endloop
  endfacet
  facet normal 0.989184 -0 0.14668
    outer loop
      vertex -77.7392 0 29.7795
      vertex -77.7068 4 29.561
      vertex -77.7392 4 29.7795
    endloop
  endfacet
  facet normal 0.989184 0 0.14668
    outer loop
      vertex -77.7068 4 29.561
      vertex -77.7392 0 29.7795
      vertex -77.7068 0 29.561
    endloop
  endfacet
  facet normal 0.595498 0 0.803357
    outer loop
      vertex -76.9274 4 28.2607
      vertex -76.75 0 28.1292
      vertex -76.75 4 28.1292
    endloop
  endfacet
  facet normal 0.595498 0 0.803357
    outer loop
      vertex -76.75 0 28.1292
      vertex -76.9274 4 28.2607
      vertex -76.9274 0 28.2607
    endloop
  endfacet
  facet normal -0.595498 0 0.803357
    outer loop
      vertex -74.25 4 28.1292
      vertex -74.0726 0 28.2607
      vertex -74.0726 4 28.2607
    endloop
  endfacet
  facet normal -0.595498 0 0.803357
    outer loop
      vertex -74.0726 0 28.2607
      vertex -74.25 4 28.1292
      vertex -74.25 0 28.1292
    endloop
  endfacet
  facet normal 0.336939 0 0.941527
    outer loop
      vertex -76.361 4 27.9213
      vertex -76.1531 0 27.8469
      vertex -76.1531 4 27.8469
    endloop
  endfacet
  facet normal 0.336939 0 0.941527
    outer loop
      vertex -76.1531 0 27.8469
      vertex -76.361 4 27.9213
      vertex -76.361 0 27.9213
    endloop
  endfacet
  facet normal 0.243175 0 0.969982
    outer loop
      vertex -76.1531 4 27.8469
      vertex -75.9389 0 27.7932
      vertex -75.9389 4 27.7932
    endloop
  endfacet
  facet normal 0.243175 0 0.969982
    outer loop
      vertex -75.9389 0 27.7932
      vertex -76.1531 4 27.8469
      vertex -76.1531 0 27.8469
    endloop
  endfacet
  facet normal 0.146746 0 0.989174
    outer loop
      vertex -75.9389 4 27.7932
      vertex -75.7205 0 27.7608
      vertex -75.7205 4 27.7608
    endloop
  endfacet
  facet normal 0.146746 0 0.989174
    outer loop
      vertex -75.7205 0 27.7608
      vertex -75.9389 4 27.7932
      vertex -75.9389 0 27.7932
    endloop
  endfacet
  facet normal 0.427541 0 0.903996
    outer loop
      vertex -76.5606 4 28.0157
      vertex -76.361 0 27.9213
      vertex -76.361 4 27.9213
    endloop
  endfacet
  facet normal 0.427541 0 0.903996
    outer loop
      vertex -76.361 0 27.9213
      vertex -76.5606 4 28.0157
      vertex -76.5606 0 28.0157
    endloop
  endfacet
  facet normal -0.317468 0.704322 0.634936
    outer loop
      vertex -72.8618 6.5 26.0501
      vertex -74.25 4 28.1292
      vertex -72.861 6.5 26.0505
    endloop
  endfacet
  facet normal -0.363694 0.706678 0.606904
    outer loop
      vertex -74.25 4 28.1292
      vertex -72.8618 6.5 26.0501
      vertex -74.4394 4 28.0157
    endloop
  endfacet
  facet normal 0.171815 0.706688 -0.686347
    outer loop
      vertex -76.4275 6.5 34.6585
      vertex -76.1531 4 32.1531
      vertex -76.8789 6.5 34.5455
    endloop
  endfacet
  facet normal 0.68629 0.706666 -0.172133
    outer loop
      vertex -77.7068 4 30.439
      vertex -80.1585 6.5 30.9275
      vertex -77.6531 4 30.6531
    endloop
  endfacet
  facet normal 0.686409 0.706679 -0.171602
    outer loop
      vertex -80.1585 6.5 30.9275
      vertex -77.7068 4 30.439
      vertex -80.1587 6.5 30.9267
    endloop
  endfacet
  facet normal -0.707107 0.707107 0
    outer loop
      vertex -73.25 4 30
      vertex -70.75 6.5 30.0009
      vertex -70.75 6.5 30
    endloop
  endfacet
  facet normal -0.706677 0.706689 -0.0346127
    outer loop
      vertex -70.75 6.5 30.0009
      vertex -73.25 4 30
      vertex -73.2608 4 30.2205
    endloop
  endfacet
  facet normal -0.706681 0.706675 -0.0348246
    outer loop
      vertex -70.7729 6.5 30.4656
      vertex -70.75 6.5 30.0009
      vertex -73.2608 4 30.2205
    endloop
  endfacet
  facet normal 0.0346726 0.706682 -0.706682
    outer loop
      vertex -75.5 6.5 34.75
      vertex -75.5 4 32.25
      vertex -75.9647 6.5 34.7272
    endloop
  endfacet
  facet normal 0.524327 0.706684 0.475057
    outer loop
      vertex -77.091 4 28.409
      vertex -78.8588 6.5 26.6412
      vertex -79.1712 6.5 26.986
    endloop
  endfacet
  facet normal -0.0348246 0.706675 0.706681
    outer loop
      vertex -75.2795 4 27.7608
      vertex -75.0344 6.5 25.2729
      vertex -75.4991 6.5 25.25
    endloop
  endfacet
  facet normal -0.238469 0.706683 -0.666132
    outer loop
      vertex -74.1203 6.5 34.5452
      vertex -73.6823 6.5 34.3884
      vertex -74.639 4 32.0787
    endloop
  endfacet
  facet normal -0.639604 0.706683 0.302498
    outer loop
      vertex -71.3105 6.5 27.7617
      vertex -73.5157 4 28.9394
      vertex -73.4213 4 29.139
    endloop
  endfacet
  facet normal -0.632573 0.706976 0.316286
    outer loop
      vertex -73.5157 4 28.9394
      vertex -71.3105 6.5 27.7617
      vertex -71.3109 6.5 27.7609
    endloop
  endfacet
  facet normal -0.699894 0.706675 0.103722
    outer loop
      vertex -70.7729 6.5 29.5344
      vertex -70.8411 6.5 29.0742
      vertex -73.2608 4 29.7795
    endloop
  endfacet
  facet normal -0.501206 0.705397 -0.501206
    outer loop
      vertex -72.486 6.5 33.6712
      vertex -74.0726 4 31.7393
      vertex -72.4866 6.5 33.6718
    endloop
  endfacet
  facet normal -0.475194 0.706672 -0.524219
    outer loop
      vertex -74.0726 4 31.7393
      vertex -72.486 6.5 33.6712
      vertex -73.909 4 31.591
    endloop
  endfacet
  facet normal 0.0348246 0.706675 0.706681
    outer loop
      vertex -75.7205 4 27.7608
      vertex -75.5009 6.5 25.25
      vertex -75.9656 6.5 25.2729
    endloop
  endfacet
  facet normal 0.421521 0.70668 0.568263
    outer loop
      vertex -76.9274 4 28.2607
      vertex -78.1397 6.5 26.051
      vertex -78.5134 6.5 26.3282
    endloop
  endfacet
  facet normal 0.172057 0.706671 0.686304
    outer loop
      vertex -75.9389 4 27.7932
      vertex -76.4275 6.5 25.3415
      vertex -76.1531 4 27.8469
    endloop
  endfacet
  facet normal 0.171601 0.706682 0.686406
    outer loop
      vertex -76.4275 6.5 25.3415
      vertex -75.9389 4 27.7932
      vertex -76.4267 6.5 25.3413
    endloop
  endfacet
  facet normal -0.606904 0.706678 0.363694
    outer loop
      vertex -71.5501 6.5 27.3618
      vertex -73.6292 4 28.75
      vertex -73.5157 4 28.9394
    endloop
  endfacet
  facet normal -0.634936 0.704322 0.317468
    outer loop
      vertex -73.6292 4 28.75
      vertex -71.5501 6.5 27.3618
      vertex -71.5505 6.5 27.361
    endloop
  endfacet
  facet normal -0.238469 0.706683 0.666132
    outer loop
      vertex -73.6823 6.5 25.6116
      vertex -74.1203 6.5 25.4548
      vertex -74.639 4 27.9213
    endloop
  endfacet
  facet normal -0.639619 0.706681 0.302473
    outer loop
      vertex -71.1116 6.5 28.1823
      vertex -71.3105 6.5 27.7617
      vertex -73.4213 4 29.139
    endloop
  endfacet
  facet normal -0.0346726 0.706682 -0.706682
    outer loop
      vertex -75.5 6.5 34.75
      vertex -75.0353 6.5 34.7272
      vertex -75.5 4 32.25
    endloop
  endfacet
  facet normal -0.153414 0.707012 0.690361
    outer loop
      vertex -74.5742 6.5 25.3411
      vertex -75.0611 4 27.7932
      vertex -74.5733 6.5 25.3413
    endloop
  endfacet
  facet normal -0.103827 0.706683 0.699871
    outer loop
      vertex -75.0611 4 27.7932
      vertex -74.5742 6.5 25.3411
      vertex -75.2795 4 27.7608
    endloop
  endfacet
  facet normal 0.639619 0.706681 0.302473
    outer loop
      vertex -77.5787 4 29.139
      vertex -79.6895 6.5 27.7617
      vertex -79.8884 6.5 28.1823
    endloop
  endfacet
  facet normal 0.475057 0.706684 0.524327
    outer loop
      vertex -77.091 4 28.409
      vertex -78.514 6.5 26.3288
      vertex -78.8588 6.5 26.6412
    endloop
  endfacet
  facet normal -0.606878 0.706681 0.363732
    outer loop
      vertex -71.3109 6.5 27.7609
      vertex -71.5501 6.5 27.3618
      vertex -73.5157 4 28.9394
    endloop
  endfacet
  facet normal -0.666132 0.706683 0.238469
    outer loop
      vertex -70.9548 6.5 28.6203
      vertex -71.1116 6.5 28.1823
      vertex -73.4213 4 29.139
    endloop
  endfacet
  facet normal -0.690364 0.707009 -0.153414
    outer loop
      vertex -70.8411 6.5 30.9258
      vertex -73.2932 4 30.439
      vertex -70.8413 6.5 30.9267
    endloop
  endfacet
  facet normal -0.699881 0.70668 -0.103781
    outer loop
      vertex -73.2932 4 30.439
      vertex -70.8411 6.5 30.9258
      vertex -73.2608 4 30.2205
    endloop
  endfacet
  facet normal -0.501206 0.705397 -0.501206
    outer loop
      vertex -73.7607 4 31.4274
      vertex -71.8288 6.5 33.014
      vertex -71.8282 6.5 33.0134
    endloop
  endfacet
  facet normal -0.524219 0.706672 -0.475194
    outer loop
      vertex -71.8288 6.5 33.014
      vertex -73.7607 4 31.4274
      vertex -73.909 4 31.591
    endloop
  endfacet
  facet normal -0.363732 0.706681 0.606878
    outer loop
      vertex -72.8618 6.5 26.0501
      vertex -73.2609 6.5 25.8109
      vertex -74.4394 4 28.0157
    endloop
  endfacet
  facet normal 0.421325 0.706696 0.568389
    outer loop
      vertex -76.75 4 28.1292
      vertex -78.1397 6.5 26.051
      vertex -76.9274 4 28.2607
    endloop
  endfacet
  facet normal 0.411092 0.706944 0.575529
    outer loop
      vertex -78.1397 6.5 26.051
      vertex -76.75 4 28.1292
      vertex -78.139 6.5 26.0505
    endloop
  endfacet
  facet normal -0.363732 0.706681 -0.606878
    outer loop
      vertex -73.2609 6.5 34.1891
      vertex -72.8618 6.5 33.9499
      vertex -74.4394 4 31.9843
    endloop
  endfacet
  facet normal -0.706681 0.706675 0.0348246
    outer loop
      vertex -70.75 6.5 29.9991
      vertex -70.7729 6.5 29.5344
      vertex -73.2608 4 29.7795
    endloop
  endfacet
  facet normal -0.706677 0.706689 0.0346127
    outer loop
      vertex -73.25 4 30
      vertex -70.75 6.5 29.9991
      vertex -73.2608 4 29.7795
    endloop
  endfacet
  facet normal -0.707107 0.707107 0
    outer loop
      vertex -70.75 6.5 29.9991
      vertex -73.25 4 30
      vertex -70.75 6.5 30
    endloop
  endfacet
  facet normal 0.706689 0.706678 0.0346133
    outer loop
      vertex -77.7392 4 29.7795
      vertex -80.2272 6.5 29.5353
      vertex -77.75 4 30
    endloop
  endfacet
  facet normal 0.702817 0.707071 0.0780908
    outer loop
      vertex -80.2272 6.5 29.5353
      vertex -77.7392 4 29.7795
      vertex -80.2271 6.5 29.5344
    endloop
  endfacet
  facet normal -0.568263 0.70668 -0.421521
    outer loop
      vertex -71.8282 6.5 33.0134
      vertex -71.551 6.5 32.6397
      vertex -73.7607 4 31.4274
    endloop
  endfacet
  facet normal -0.171815 0.706688 -0.686347
    outer loop
      vertex -74.5725 6.5 34.6585
      vertex -74.1211 6.5 34.5455
      vertex -74.8469 4 32.1531
    endloop
  endfacet
  facet normal -0.103722 0.706675 -0.699894
    outer loop
      vertex -75.0344 6.5 34.7271
      vertex -74.5742 6.5 34.6589
      vertex -75.2795 4 32.2392
    endloop
  endfacet
  facet normal 0.606878 0.706681 0.363732
    outer loop
      vertex -77.4843 4 28.9394
      vertex -79.4499 6.5 27.3618
      vertex -79.6891 6.5 27.7609
    endloop
  endfacet
  facet normal 0.238469 0.706683 0.666132
    outer loop
      vertex -76.361 4 27.9213
      vertex -76.8797 6.5 25.4548
      vertex -77.3177 6.5 25.6116
    endloop
  endfacet
  facet normal -0.606878 0.706681 -0.363732
    outer loop
      vertex -71.5501 6.5 32.6382
      vertex -71.3109 6.5 32.2391
      vertex -73.5157 4 31.0606
    endloop
  endfacet
  facet normal 0.606878 0.706681 -0.363732
    outer loop
      vertex -79.4499 6.5 32.6382
      vertex -77.4843 4 31.0606
      vertex -79.6891 6.5 32.2391
    endloop
  endfacet
  facet normal -0.575529 0.706944 0.411092
    outer loop
      vertex -71.551 6.5 27.3603
      vertex -73.6292 4 28.75
      vertex -71.5505 6.5 27.361
    endloop
  endfacet
  facet normal -0.568389 0.706696 0.421325
    outer loop
      vertex -73.6292 4 28.75
      vertex -71.551 6.5 27.3603
      vertex -73.7607 4 28.5726
    endloop
  endfacet
  facet normal -0.421521 0.70668 0.568263
    outer loop
      vertex -72.4866 6.5 26.3282
      vertex -72.8603 6.5 26.051
      vertex -74.0726 4 28.2607
    endloop
  endfacet
  facet normal 0.666132 0.706683 -0.238469
    outer loop
      vertex -79.8884 6.5 31.8177
      vertex -77.5787 4 30.861
      vertex -80.0452 6.5 31.3797
    endloop
  endfacet
  facet normal -0.524327 0.706684 0.475057
    outer loop
      vertex -71.8288 6.5 26.986
      vertex -72.1412 6.5 26.6412
      vertex -73.909 4 28.409
    endloop
  endfacet
  facet normal -0.686347 0.706688 0.171815
    outer loop
      vertex -70.8415 6.5 29.0725
      vertex -70.9545 6.5 28.6211
      vertex -73.3469 4 29.3469
    endloop
  endfacet
  facet normal -0.501206 0.705397 0.501206
    outer loop
      vertex -71.8288 6.5 26.986
      vertex -73.7607 4 28.5726
      vertex -71.8282 6.5 26.9866
    endloop
  endfacet
  facet normal -0.524219 0.706672 0.475194
    outer loop
      vertex -73.7607 4 28.5726
      vertex -71.8288 6.5 26.986
      vertex -73.909 4 28.409
    endloop
  endfacet
  facet normal -0.686347 0.706688 -0.171815
    outer loop
      vertex -70.9545 6.5 31.3789
      vertex -70.8415 6.5 30.9275
      vertex -73.3469 4 30.6531
    endloop
  endfacet
  facet normal -0.699894 0.706675 -0.103722
    outer loop
      vertex -70.8411 6.5 30.9258
      vertex -70.7729 6.5 30.4656
      vertex -73.2608 4 30.2205
    endloop
  endfacet
  facet normal 0.68629 0.706666 0.172133
    outer loop
      vertex -80.1585 6.5 29.0725
      vertex -77.7068 4 29.561
      vertex -77.6531 4 29.3469
    endloop
  endfacet
  facet normal 0.686409 0.706679 0.171602
    outer loop
      vertex -77.7068 4 29.561
      vertex -80.1585 6.5 29.0725
      vertex -80.1587 6.5 29.0733
    endloop
  endfacet
  facet normal -0.568263 0.70668 0.421521
    outer loop
      vertex -71.551 6.5 27.3603
      vertex -71.8282 6.5 26.9866
      vertex -73.7607 4 28.5726
    endloop
  endfacet
  facet normal 0.634936 0.704322 -0.317468
    outer loop
      vertex -77.3708 4 31.25
      vertex -79.4499 6.5 32.6382
      vertex -79.4495 6.5 32.639
    endloop
  endfacet
  facet normal 0.606904 0.706678 -0.363694
    outer loop
      vertex -79.4499 6.5 32.6382
      vertex -77.3708 4 31.25
      vertex -77.4843 4 31.0606
    endloop
  endfacet
  facet normal -0.639619 0.706681 -0.302473
    outer loop
      vertex -71.3105 6.5 32.2383
      vertex -71.1116 6.5 31.8177
      vertex -73.4213 4 30.861
    endloop
  endfacet
  facet normal 0.0346127 0.706689 0.706677
    outer loop
      vertex -75.5 4 27.75
      vertex -75.5009 6.5 25.25
      vertex -75.7205 4 27.7608
    endloop
  endfacet
  facet normal -0 0.707107 0.707107
    outer loop
      vertex -75.5009 6.5 25.25
      vertex -75.5 4 27.75
      vertex -75.5 6.5 25.25
    endloop
  endfacet
  facet normal -0.316286 0.706976 -0.632573
    outer loop
      vertex -74.4394 4 31.9843
      vertex -73.2617 6.5 34.1895
      vertex -73.2609 6.5 34.1891
    endloop
  endfacet
  facet normal -0.302498 0.706683 -0.639604
    outer loop
      vertex -73.2617 6.5 34.1895
      vertex -74.4394 4 31.9843
      vertex -74.639 4 32.0787
    endloop
  endfacet
  facet normal 0.568263 0.70668 0.421521
    outer loop
      vertex -77.2393 4 28.5726
      vertex -79.1718 6.5 26.9866
      vertex -79.449 6.5 27.3603
    endloop
  endfacet
  facet normal 0.639604 0.706683 0.302498
    outer loop
      vertex -77.4843 4 28.9394
      vertex -79.6895 6.5 27.7617
      vertex -77.5787 4 29.139
    endloop
  endfacet
  facet normal 0.632573 0.706976 0.316286
    outer loop
      vertex -79.6895 6.5 27.7617
      vertex -77.4843 4 28.9394
      vertex -79.6891 6.5 27.7609
    endloop
  endfacet
  facet normal -0.662758 0.706387 0.248534
    outer loop
      vertex -70.9548 6.5 28.6203
      vertex -73.3469 4 29.3469
      vertex -70.9545 6.5 28.6211
    endloop
  endfacet
  facet normal -0.666153 0.706689 0.238393
    outer loop
      vertex -73.3469 4 29.3469
      vertex -70.9548 6.5 28.6203
      vertex -73.4213 4 29.139
    endloop
  endfacet
  facet normal -0.475194 0.706672 0.524219
    outer loop
      vertex -72.486 6.5 26.3288
      vertex -74.0726 4 28.2607
      vertex -73.909 4 28.409
    endloop
  endfacet
  facet normal -0.501206 0.705397 0.501206
    outer loop
      vertex -74.0726 4 28.2607
      vertex -72.486 6.5 26.3288
      vertex -72.4866 6.5 26.3282
    endloop
  endfacet
  facet normal -0.302473 0.706681 0.639619
    outer loop
      vertex -73.2617 6.5 25.8105
      vertex -73.6823 6.5 25.6116
      vertex -74.639 4 27.9213
    endloop
  endfacet
  facet normal 0.666153 0.706689 0.238393
    outer loop
      vertex -80.0452 6.5 28.6203
      vertex -77.6531 4 29.3469
      vertex -77.5787 4 29.139
    endloop
  endfacet
  facet normal 0.662758 0.706387 0.248534
    outer loop
      vertex -77.6531 4 29.3469
      vertex -80.0452 6.5 28.6203
      vertex -80.0455 6.5 28.6211
    endloop
  endfacet
  facet normal 0.103827 0.706683 0.699871
    outer loop
      vertex -76.4258 6.5 25.3411
      vertex -75.9389 4 27.7932
      vertex -75.7205 4 27.7608
    endloop
  endfacet
  facet normal 0.153414 0.707012 0.690361
    outer loop
      vertex -75.9389 4 27.7932
      vertex -76.4258 6.5 25.3411
      vertex -76.4267 6.5 25.3413
    endloop
  endfacet
  facet normal 0.363732 0.706681 -0.606878
    outer loop
      vertex -77.7391 6.5 34.1891
      vertex -76.5606 4 31.9843
      vertex -78.1382 6.5 33.9499
    endloop
  endfacet
  facet normal -0.171815 0.706688 0.686347
    outer loop
      vertex -74.1211 6.5 25.4545
      vertex -74.5725 6.5 25.3415
      vertex -74.8469 4 27.8469
    endloop
  endfacet
  facet normal 0.501206 0.705397 -0.501206
    outer loop
      vertex -76.9274 4 31.7393
      vertex -78.514 6.5 33.6712
      vertex -78.5134 6.5 33.6718
    endloop
  endfacet
  facet normal 0.475194 0.706672 -0.524219
    outer loop
      vertex -78.514 6.5 33.6712
      vertex -76.9274 4 31.7393
      vertex -77.091 4 31.591
    endloop
  endfacet
  facet normal -0.575529 0.706944 -0.411092
    outer loop
      vertex -73.6292 4 31.25
      vertex -71.551 6.5 32.6397
      vertex -71.5505 6.5 32.639
    endloop
  endfacet
  facet normal -0.568389 0.706696 -0.421325
    outer loop
      vertex -71.551 6.5 32.6397
      vertex -73.6292 4 31.25
      vertex -73.7607 4 31.4274
    endloop
  endfacet
  facet normal 0.475194 0.706672 0.524219
    outer loop
      vertex -76.9274 4 28.2607
      vertex -78.514 6.5 26.3288
      vertex -77.091 4 28.409
    endloop
  endfacet
  facet normal 0.501206 0.705397 0.501206
    outer loop
      vertex -78.514 6.5 26.3288
      vertex -76.9274 4 28.2607
      vertex -78.5134 6.5 26.3282
    endloop
  endfacet
  facet normal -0.172057 0.706671 0.686304
    outer loop
      vertex -74.5725 6.5 25.3415
      vertex -75.0611 4 27.7932
      vertex -74.8469 4 27.8469
    endloop
  endfacet
  facet normal -0.171601 0.706682 0.686406
    outer loop
      vertex -75.0611 4 27.7932
      vertex -74.5725 6.5 25.3415
      vertex -74.5733 6.5 25.3413
    endloop
  endfacet
  facet normal 0.699894 0.706675 -0.103722
    outer loop
      vertex -80.1589 6.5 30.9258
      vertex -77.7392 4 30.2205
      vertex -80.2271 6.5 30.4656
    endloop
  endfacet
  facet normal 0.475057 0.706684 -0.524327
    outer loop
      vertex -78.514 6.5 33.6712
      vertex -77.091 4 31.591
      vertex -78.8588 6.5 33.3588
    endloop
  endfacet
  facet normal -0.634936 0.704322 -0.317468
    outer loop
      vertex -71.5501 6.5 32.6382
      vertex -73.6292 4 31.25
      vertex -71.5505 6.5 32.639
    endloop
  endfacet
  facet normal -0.606904 0.706678 -0.363694
    outer loop
      vertex -73.6292 4 31.25
      vertex -71.5501 6.5 32.6382
      vertex -73.5157 4 31.0606
    endloop
  endfacet
  facet normal 0.666132 0.706683 0.238469
    outer loop
      vertex -77.5787 4 29.139
      vertex -79.8884 6.5 28.1823
      vertex -80.0452 6.5 28.6203
    endloop
  endfacet
  facet normal -0.421325 0.706696 0.568389
    outer loop
      vertex -72.8603 6.5 26.051
      vertex -74.25 4 28.1292
      vertex -74.0726 4 28.2607
    endloop
  endfacet
  facet normal -0.411092 0.706944 0.575529
    outer loop
      vertex -74.25 4 28.1292
      vertex -72.8603 6.5 26.051
      vertex -72.861 6.5 26.0505
    endloop
  endfacet
  facet normal -0.686409 0.706679 0.171602
    outer loop
      vertex -70.8415 6.5 29.0725
      vertex -73.2932 4 29.561
      vertex -70.8413 6.5 29.0733
    endloop
  endfacet
  facet normal -0.68629 0.706666 0.172133
    outer loop
      vertex -73.2932 4 29.561
      vertex -70.8415 6.5 29.0725
      vertex -73.3469 4 29.3469
    endloop
  endfacet
  facet normal -0.662758 0.706387 -0.248534
    outer loop
      vertex -73.3469 4 30.6531
      vertex -70.9548 6.5 31.3797
      vertex -70.9545 6.5 31.3789
    endloop
  endfacet
  facet normal -0.666153 0.706689 -0.238393
    outer loop
      vertex -70.9548 6.5 31.3797
      vertex -73.3469 4 30.6531
      vertex -73.4213 4 30.861
    endloop
  endfacet
  facet normal -0.699881 0.70668 0.103781
    outer loop
      vertex -70.8411 6.5 29.0742
      vertex -73.2932 4 29.561
      vertex -73.2608 4 29.7795
    endloop
  endfacet
  facet normal -0.690364 0.707009 0.153414
    outer loop
      vertex -73.2932 4 29.561
      vertex -70.8411 6.5 29.0742
      vertex -70.8413 6.5 29.0733
    endloop
  endfacet
  facet normal 0.690364 0.707009 -0.153414
    outer loop
      vertex -77.7068 4 30.439
      vertex -80.1589 6.5 30.9258
      vertex -80.1587 6.5 30.9267
    endloop
  endfacet
  facet normal 0.699881 0.70668 -0.103781
    outer loop
      vertex -80.1589 6.5 30.9258
      vertex -77.7068 4 30.439
      vertex -77.7392 4 30.2205
    endloop
  endfacet
  facet normal -0.666132 0.706683 -0.238469
    outer loop
      vertex -71.1116 6.5 31.8177
      vertex -70.9548 6.5 31.3797
      vertex -73.4213 4 30.861
    endloop
  endfacet
  facet normal -0.103722 0.706675 0.699894
    outer loop
      vertex -74.5742 6.5 25.3411
      vertex -75.0344 6.5 25.2729
      vertex -75.2795 4 27.7608
    endloop
  endfacet
  facet normal -0.421521 0.70668 -0.568263
    outer loop
      vertex -72.8603 6.5 33.949
      vertex -72.4866 6.5 33.6718
      vertex -74.0726 4 31.7393
    endloop
  endfacet
  facet normal -0.316286 0.706976 0.632573
    outer loop
      vertex -73.2617 6.5 25.8105
      vertex -74.4394 4 28.0157
      vertex -73.2609 6.5 25.8109
    endloop
  endfacet
  facet normal -0.302498 0.706683 0.639604
    outer loop
      vertex -74.4394 4 28.0157
      vertex -73.2617 6.5 25.8105
      vertex -74.639 4 27.9213
    endloop
  endfacet
  facet normal -0.171601 0.706682 -0.686406
    outer loop
      vertex -74.5725 6.5 34.6585
      vertex -75.0611 4 32.2068
      vertex -74.5733 6.5 34.6587
    endloop
  endfacet
  facet normal -0.172057 0.706671 -0.686304
    outer loop
      vertex -75.0611 4 32.2068
      vertex -74.5725 6.5 34.6585
      vertex -74.8469 4 32.1531
    endloop
  endfacet
  facet normal 0.524219 0.706672 0.475194
    outer loop
      vertex -79.1712 6.5 26.986
      vertex -77.2393 4 28.5726
      vertex -77.091 4 28.409
    endloop
  endfacet
  facet normal 0.501206 0.705397 0.501206
    outer loop
      vertex -77.2393 4 28.5726
      vertex -79.1712 6.5 26.986
      vertex -79.1718 6.5 26.9866
    endloop
  endfacet
  facet normal 0.103722 0.706675 -0.699894
    outer loop
      vertex -75.9656 6.5 34.7271
      vertex -75.7205 4 32.2392
      vertex -76.4258 6.5 34.6589
    endloop
  endfacet
  facet normal -0.524327 0.706684 -0.475057
    outer loop
      vertex -72.1412 6.5 33.3588
      vertex -71.8288 6.5 33.014
      vertex -73.909 4 31.591
    endloop
  endfacet
  facet normal -0.686409 0.706679 -0.171602
    outer loop
      vertex -73.2932 4 30.439
      vertex -70.8415 6.5 30.9275
      vertex -70.8413 6.5 30.9267
    endloop
  endfacet
  facet normal -0.68629 0.706666 -0.172133
    outer loop
      vertex -70.8415 6.5 30.9275
      vertex -73.2932 4 30.439
      vertex -73.3469 4 30.6531
    endloop
  endfacet
  facet normal 0.0346133 0.706678 -0.706689
    outer loop
      vertex -75.7205 4 32.2392
      vertex -75.9647 6.5 34.7272
      vertex -75.5 4 32.25
    endloop
  endfacet
  facet normal 0.0780908 0.707071 -0.702817
    outer loop
      vertex -75.9647 6.5 34.7272
      vertex -75.7205 4 32.2392
      vertex -75.9656 6.5 34.7271
    endloop
  endfacet
  facet normal -0.632573 0.706976 -0.316286
    outer loop
      vertex -71.3105 6.5 32.2383
      vertex -73.5157 4 31.0606
      vertex -71.3109 6.5 32.2391
    endloop
  endfacet
  facet normal -0.639604 0.706683 -0.302498
    outer loop
      vertex -73.5157 4 31.0606
      vertex -71.3105 6.5 32.2383
      vertex -73.4213 4 30.861
    endloop
  endfacet
  facet normal -0.0780908 0.707071 -0.702817
    outer loop
      vertex -75.2795 4 32.2392
      vertex -75.0353 6.5 34.7272
      vertex -75.0344 6.5 34.7271
    endloop
  endfacet
  facet normal -0.0346133 0.706678 -0.706689
    outer loop
      vertex -75.0353 6.5 34.7272
      vertex -75.2795 4 32.2392
      vertex -75.5 4 32.25
    endloop
  endfacet
  facet normal 0.702817 0.707071 -0.0780908
    outer loop
      vertex -77.7392 4 30.2205
      vertex -80.2272 6.5 30.4647
      vertex -80.2271 6.5 30.4656
    endloop
  endfacet
  facet normal 0.706689 0.706678 -0.0346133
    outer loop
      vertex -80.2272 6.5 30.4647
      vertex -77.7392 4 30.2205
      vertex -77.75 4 30
    endloop
  endfacet
  facet normal 0.171601 0.706682 -0.686406
    outer loop
      vertex -75.9389 4 32.2068
      vertex -76.4275 6.5 34.6585
      vertex -76.4267 6.5 34.6587
    endloop
  endfacet
  facet normal 0.172057 0.706671 -0.686304
    outer loop
      vertex -76.4275 6.5 34.6585
      vertex -75.9389 4 32.2068
      vertex -76.1531 4 32.1531
    endloop
  endfacet
  facet normal 0.302473 0.706681 0.639619
    outer loop
      vertex -76.361 4 27.9213
      vertex -77.3177 6.5 25.6116
      vertex -77.7383 6.5 25.8105
    endloop
  endfacet
  facet normal 0.666153 0.706689 -0.238393
    outer loop
      vertex -77.6531 4 30.6531
      vertex -80.0452 6.5 31.3797
      vertex -77.5787 4 30.861
    endloop
  endfacet
  facet normal 0.662758 0.706387 -0.248534
    outer loop
      vertex -80.0452 6.5 31.3797
      vertex -77.6531 4 30.6531
      vertex -80.0455 6.5 31.3789
    endloop
  endfacet
  facet normal 0.686347 0.706688 -0.171815
    outer loop
      vertex -80.0455 6.5 31.3789
      vertex -77.6531 4 30.6531
      vertex -80.1585 6.5 30.9275
    endloop
  endfacet
  facet normal -0.238393 0.706689 0.666153
    outer loop
      vertex -74.1203 6.5 25.4548
      vertex -74.8469 4 27.8469
      vertex -74.639 4 27.9213
    endloop
  endfacet
  facet normal -0.248534 0.706387 0.662758
    outer loop
      vertex -74.8469 4 27.8469
      vertex -74.1203 6.5 25.4548
      vertex -74.1211 6.5 25.4545
    endloop
  endfacet
  facet normal -0.317468 0.704322 -0.634936
    outer loop
      vertex -74.25 4 31.8708
      vertex -72.8618 6.5 33.9499
      vertex -72.861 6.5 33.9495
    endloop
  endfacet
  facet normal -0.363694 0.706678 -0.606904
    outer loop
      vertex -72.8618 6.5 33.9499
      vertex -74.25 4 31.8708
      vertex -74.4394 4 31.9843
    endloop
  endfacet
  facet normal -0.411092 0.706944 -0.575529
    outer loop
      vertex -72.8603 6.5 33.949
      vertex -74.25 4 31.8708
      vertex -72.861 6.5 33.9495
    endloop
  endfacet
  facet normal -0.421325 0.706696 -0.568389
    outer loop
      vertex -74.25 4 31.8708
      vertex -72.8603 6.5 33.949
      vertex -74.0726 4 31.7393
    endloop
  endfacet
  facet normal 0.699894 0.706675 0.103722
    outer loop
      vertex -77.7392 4 29.7795
      vertex -80.1589 6.5 29.0742
      vertex -80.2271 6.5 29.5344
    endloop
  endfacet
  facet normal 0.363732 0.706681 0.606878
    outer loop
      vertex -76.5606 4 28.0157
      vertex -77.7391 6.5 25.8109
      vertex -78.1382 6.5 26.0501
    endloop
  endfacet
  facet normal 0.238393 0.706689 0.666153
    outer loop
      vertex -76.1531 4 27.8469
      vertex -76.8797 6.5 25.4548
      vertex -76.361 4 27.9213
    endloop
  endfacet
  facet normal 0.248534 0.706387 0.662758
    outer loop
      vertex -76.8797 6.5 25.4548
      vertex -76.1531 4 27.8469
      vertex -76.8789 6.5 25.4545
    endloop
  endfacet
  facet normal 0.363694 0.706678 0.606904
    outer loop
      vertex -78.1382 6.5 26.0501
      vertex -76.75 4 28.1292
      vertex -76.5606 4 28.0157
    endloop
  endfacet
  facet normal 0.317468 0.704322 0.634936
    outer loop
      vertex -76.75 4 28.1292
      vertex -78.1382 6.5 26.0501
      vertex -78.139 6.5 26.0505
    endloop
  endfacet
  facet normal 0.103827 0.706683 -0.699871
    outer loop
      vertex -75.9389 4 32.2068
      vertex -76.4258 6.5 34.6589
      vertex -75.7205 4 32.2392
    endloop
  endfacet
  facet normal 0.153414 0.707012 -0.690361
    outer loop
      vertex -76.4258 6.5 34.6589
      vertex -75.9389 4 32.2068
      vertex -76.4267 6.5 34.6587
    endloop
  endfacet
  facet normal -0.153414 0.707012 -0.690361
    outer loop
      vertex -75.0611 4 32.2068
      vertex -74.5742 6.5 34.6589
      vertex -74.5733 6.5 34.6587
    endloop
  endfacet
  facet normal -0.103827 0.706683 -0.699871
    outer loop
      vertex -74.5742 6.5 34.6589
      vertex -75.0611 4 32.2068
      vertex -75.2795 4 32.2392
    endloop
  endfacet
  facet normal 0.524219 0.706672 -0.475194
    outer loop
      vertex -77.2393 4 31.4274
      vertex -79.1712 6.5 33.014
      vertex -77.091 4 31.591
    endloop
  endfacet
  facet normal 0.501206 0.705397 -0.501206
    outer loop
      vertex -79.1712 6.5 33.014
      vertex -77.2393 4 31.4274
      vertex -79.1718 6.5 33.0134
    endloop
  endfacet
  facet normal 0.699881 0.70668 0.103781
    outer loop
      vertex -77.7068 4 29.561
      vertex -80.1589 6.5 29.0742
      vertex -77.7392 4 29.7795
    endloop
  endfacet
  facet normal 0.690364 0.707009 0.153414
    outer loop
      vertex -80.1589 6.5 29.0742
      vertex -77.7068 4 29.561
      vertex -80.1587 6.5 29.0733
    endloop
  endfacet
  facet normal -0.475057 0.706684 -0.524327
    outer loop
      vertex -72.486 6.5 33.6712
      vertex -72.1412 6.5 33.3588
      vertex -73.909 4 31.591
    endloop
  endfacet
  facet normal -0.475057 0.706684 0.524327
    outer loop
      vertex -72.1412 6.5 26.6412
      vertex -72.486 6.5 26.3288
      vertex -73.909 4 28.409
    endloop
  endfacet
  facet normal -0.302473 0.706681 -0.639619
    outer loop
      vertex -73.6823 6.5 34.3884
      vertex -73.2617 6.5 34.1895
      vertex -74.639 4 32.0787
    endloop
  endfacet
  facet normal 0.171815 0.706688 0.686347
    outer loop
      vertex -76.1531 4 27.8469
      vertex -76.4275 6.5 25.3415
      vertex -76.8789 6.5 25.4545
    endloop
  endfacet
  facet normal 0.606904 0.706678 0.363694
    outer loop
      vertex -77.3708 4 28.75
      vertex -79.4499 6.5 27.3618
      vertex -77.4843 4 28.9394
    endloop
  endfacet
  facet normal 0.634936 0.704322 0.317468
    outer loop
      vertex -79.4499 6.5 27.3618
      vertex -77.3708 4 28.75
      vertex -79.4495 6.5 27.361
    endloop
  endfacet
  facet normal 0.686347 0.706688 0.171815
    outer loop
      vertex -77.6531 4 29.3469
      vertex -80.0455 6.5 28.6211
      vertex -80.1585 6.5 29.0725
    endloop
  endfacet
  facet normal 0.639619 0.706681 -0.302473
    outer loop
      vertex -79.6895 6.5 32.2383
      vertex -77.5787 4 30.861
      vertex -79.8884 6.5 31.8177
    endloop
  endfacet
  facet normal 0.302498 0.706683 -0.639604
    outer loop
      vertex -76.5606 4 31.9843
      vertex -77.7383 6.5 34.1895
      vertex -76.361 4 32.0787
    endloop
  endfacet
  facet normal 0.316286 0.706976 -0.632573
    outer loop
      vertex -77.7383 6.5 34.1895
      vertex -76.5606 4 31.9843
      vertex -77.7391 6.5 34.1891
    endloop
  endfacet
  facet normal 0.103722 0.706675 0.699894
    outer loop
      vertex -75.7205 4 27.7608
      vertex -75.9656 6.5 25.2729
      vertex -76.4258 6.5 25.3411
    endloop
  endfacet
  facet normal -0.248534 0.706387 -0.662758
    outer loop
      vertex -74.1203 6.5 34.5452
      vertex -74.8469 4 32.1531
      vertex -74.1211 6.5 34.5455
    endloop
  endfacet
  facet normal -0.238393 0.706689 -0.666153
    outer loop
      vertex -74.8469 4 32.1531
      vertex -74.1203 6.5 34.5452
      vertex -74.639 4 32.0787
    endloop
  endfacet
  facet normal 0.302498 0.706683 0.639604
    outer loop
      vertex -77.7383 6.5 25.8105
      vertex -76.5606 4 28.0157
      vertex -76.361 4 27.9213
    endloop
  endfacet
  facet normal 0.316286 0.706976 0.632573
    outer loop
      vertex -76.5606 4 28.0157
      vertex -77.7383 6.5 25.8105
      vertex -77.7391 6.5 25.8109
    endloop
  endfacet
  facet normal -0.0346127 0.706689 0.706677
    outer loop
      vertex -75.4991 6.5 25.25
      vertex -75.5 4 27.75
      vertex -75.2795 4 27.7608
    endloop
  endfacet
  facet normal 0 0.707107 0.707107
    outer loop
      vertex -75.5 4 27.75
      vertex -75.4991 6.5 25.25
      vertex -75.5 6.5 25.25
    endloop
  endfacet
  facet normal 0.411092 0.706944 -0.575529
    outer loop
      vertex -76.75 4 31.8708
      vertex -78.1397 6.5 33.949
      vertex -78.139 6.5 33.9495
    endloop
  endfacet
  facet normal 0.421325 0.706696 -0.568389
    outer loop
      vertex -78.1397 6.5 33.949
      vertex -76.75 4 31.8708
      vertex -76.9274 4 31.7393
    endloop
  endfacet
  facet normal 0.421521 0.70668 -0.568263
    outer loop
      vertex -78.1397 6.5 33.949
      vertex -76.9274 4 31.7393
      vertex -78.5134 6.5 33.6718
    endloop
  endfacet
  facet normal 0.568389 0.706696 0.421325
    outer loop
      vertex -79.449 6.5 27.3603
      vertex -77.3708 4 28.75
      vertex -77.2393 4 28.5726
    endloop
  endfacet
  facet normal 0.575529 0.706944 0.411092
    outer loop
      vertex -77.3708 4 28.75
      vertex -79.449 6.5 27.3603
      vertex -79.4495 6.5 27.361
    endloop
  endfacet
  facet normal 0.632573 0.706976 -0.316286
    outer loop
      vertex -77.4843 4 31.0606
      vertex -79.6895 6.5 32.2383
      vertex -79.6891 6.5 32.2391
    endloop
  endfacet
  facet normal 0.639604 0.706683 -0.302498
    outer loop
      vertex -79.6895 6.5 32.2383
      vertex -77.4843 4 31.0606
      vertex -77.5787 4 30.861
    endloop
  endfacet
  facet normal 0.302473 0.706681 -0.639619
    outer loop
      vertex -77.3177 6.5 34.3884
      vertex -76.361 4 32.0787
      vertex -77.7383 6.5 34.1895
    endloop
  endfacet
  facet normal 0.524327 0.706684 -0.475057
    outer loop
      vertex -78.8588 6.5 33.3588
      vertex -77.091 4 31.591
      vertex -79.1712 6.5 33.014
    endloop
  endfacet
  facet normal 0.568389 0.706696 -0.421325
    outer loop
      vertex -77.3708 4 31.25
      vertex -79.449 6.5 32.6397
      vertex -77.2393 4 31.4274
    endloop
  endfacet
  facet normal 0.575529 0.706944 -0.411092
    outer loop
      vertex -79.449 6.5 32.6397
      vertex -77.3708 4 31.25
      vertex -79.4495 6.5 32.639
    endloop
  endfacet
  facet normal 0.568263 0.70668 -0.421521
    outer loop
      vertex -79.1718 6.5 33.0134
      vertex -77.2393 4 31.4274
      vertex -79.449 6.5 32.6397
    endloop
  endfacet
  facet normal 0.706682 0.706682 0.0346726
    outer loop
      vertex -77.75 4 30
      vertex -80.2272 6.5 29.5353
      vertex -80.25 6.5 30
    endloop
  endfacet
  facet normal 0.363694 0.706678 -0.606904
    outer loop
      vertex -76.75 4 31.8708
      vertex -78.1382 6.5 33.9499
      vertex -76.5606 4 31.9843
    endloop
  endfacet
  facet normal 0.317468 0.704322 -0.634936
    outer loop
      vertex -78.1382 6.5 33.9499
      vertex -76.75 4 31.8708
      vertex -78.139 6.5 33.9495
    endloop
  endfacet
  facet normal 0.706682 0.706682 -0.0346726
    outer loop
      vertex -80.2272 6.5 30.4647
      vertex -77.75 4 30
      vertex -80.25 6.5 30
    endloop
  endfacet
  facet normal 0.248534 0.706387 -0.662758
    outer loop
      vertex -76.1531 4 32.1531
      vertex -76.8797 6.5 34.5452
      vertex -76.8789 6.5 34.5455
    endloop
  endfacet
  facet normal 0.238393 0.706689 -0.666153
    outer loop
      vertex -76.8797 6.5 34.5452
      vertex -76.1531 4 32.1531
      vertex -76.361 4 32.0787
    endloop
  endfacet
  facet normal 0.238469 0.706683 -0.666132
    outer loop
      vertex -76.8797 6.5 34.5452
      vertex -76.361 4 32.0787
      vertex -77.3177 6.5 34.3884
    endloop
  endfacet
  facet normal -0.989135 0 -0.147009
    outer loop
      vertex -73.2608 0 112.221
      vertex -73.2932 4 112.439
      vertex -73.2608 4 112.221
    endloop
  endfacet
  facet normal -0.989135 -0 -0.147009
    outer loop
      vertex -73.2932 4 112.439
      vertex -73.2608 0 112.221
      vertex -73.2932 0 112.439
    endloop
  endfacet
  facet normal -0.998808 0 -0.0488105
    outer loop
      vertex -73.25 0 112
      vertex -73.2608 4 112.221
      vertex -73.25 4 112
    endloop
  endfacet
  facet normal -0.998808 -0 -0.0488105
    outer loop
      vertex -73.2608 4 112.221
      vertex -73.25 0 112
      vertex -73.2608 0 112.221
    endloop
  endfacet
  facet normal -0.969929 0 -0.243389
    outer loop
      vertex -73.2932 0 112.439
      vertex -73.3469 4 112.653
      vertex -73.2932 4 112.439
    endloop
  endfacet
  facet normal -0.969929 -0 -0.243389
    outer loop
      vertex -73.3469 4 112.653
      vertex -73.2932 0 112.439
      vertex -73.3469 0 112.653
    endloop
  endfacet
  facet normal 0.904326 -0 0.426842
    outer loop
      vertex -77.5787 0 111.139
      vertex -77.4843 4 110.939
      vertex -77.5787 4 111.139
    endloop
  endfacet
  facet normal 0.904326 0 0.426842
    outer loop
      vertex -77.4843 4 110.939
      vertex -77.5787 0 111.139
      vertex -77.4843 0 110.939
    endloop
  endfacet
  facet normal 0.998808 -0 0.0488105
    outer loop
      vertex -77.75 0 112
      vertex -77.7392 4 111.779
      vertex -77.75 4 112
    endloop
  endfacet
  facet normal 0.998808 0 0.0488105
    outer loop
      vertex -77.7392 4 111.779
      vertex -77.75 0 112
      vertex -77.7392 0 111.779
    endloop
  endfacet
  facet normal 0.941578 -0 0.336795
    outer loop
      vertex -77.6531 0 111.347
      vertex -77.5787 4 111.139
      vertex -77.6531 4 111.347
    endloop
  endfacet
  facet normal 0.941578 0 0.336795
    outer loop
      vertex -77.5787 4 111.139
      vertex -77.6531 0 111.347
      vertex -77.5787 0 111.139
    endloop
  endfacet
  facet normal 0.51236 0 -0.858771
    outer loop
      vertex -76.75 0 113.871
      vertex -76.5606 4 113.984
      vertex -76.5606 0 113.984
    endloop
  endfacet
  facet normal 0.51236 0 -0.858771
    outer loop
      vertex -76.5606 4 113.984
      vertex -76.75 0 113.871
      vertex -76.75 4 113.871
    endloop
  endfacet
  facet normal -0.335331 0 0.9421
    outer loop
      vertex -74.8469 4 109.847
      vertex -74.639 0 109.921
      vertex -74.639 4 109.921
    endloop
  endfacet
  facet normal -0.335331 0 0.9421
    outer loop
      vertex -74.639 0 109.921
      vertex -74.8469 4 109.847
      vertex -74.8469 0 109.847
    endloop
  endfacet
  facet normal -0.941578 0 -0.336795
    outer loop
      vertex -73.3469 0 112.653
      vertex -73.4213 4 112.861
      vertex -73.3469 4 112.653
    endloop
  endfacet
  facet normal -0.941578 -0 -0.336795
    outer loop
      vertex -73.4213 4 112.861
      vertex -73.3469 0 112.653
      vertex -73.4213 0 112.861
    endloop
  endfacet
  facet normal 0.741718 -0 0.670712
    outer loop
      vertex -77.2393 0 110.573
      vertex -77.091 4 110.409
      vertex -77.2393 4 110.573
    endloop
  endfacet
  facet normal 0.741718 0 0.670712
    outer loop
      vertex -77.091 4 110.409
      vertex -77.2393 0 110.573
      vertex -77.091 0 110.409
    endloop
  endfacet
  facet normal -0.596957 0 0.802274
    outer loop
      vertex -74.25 4 110.129
      vertex -74.0726 0 110.261
      vertex -74.0726 4 110.261
    endloop
  endfacet
  facet normal -0.596957 0 0.802274
    outer loop
      vertex -74.0726 0 110.261
      vertex -74.25 4 110.129
      vertex -74.25 0 110.129
    endloop
  endfacet
  facet normal -0.51236 0 0.858771
    outer loop
      vertex -74.4394 4 110.016
      vertex -74.25 0 110.129
      vertex -74.25 4 110.129
    endloop
  endfacet
  facet normal -0.51236 0 0.858771
    outer loop
      vertex -74.25 0 110.129
      vertex -74.4394 4 110.016
      vertex -74.4394 0 110.016
    endloop
  endfacet
  facet normal 0.802713 0 -0.596366
    outer loop
      vertex -77.2393 0 113.427
      vertex -77.3708 4 113.25
      vertex -77.2393 4 113.427
    endloop
  endfacet
  facet normal 0.802713 0 -0.596366
    outer loop
      vertex -77.3708 4 113.25
      vertex -77.2393 0 113.427
      vertex -77.3708 0 113.25
    endloop
  endfacet
  facet normal 0.941578 0 -0.336795
    outer loop
      vertex -77.5787 0 112.861
      vertex -77.6531 4 112.653
      vertex -77.5787 4 112.861
    endloop
  endfacet
  facet normal 0.941578 0 -0.336795
    outer loop
      vertex -77.6531 4 112.653
      vertex -77.5787 0 112.861
      vertex -77.6531 0 112.653
    endloop
  endfacet
  facet normal -0.998808 0 0.0488105
    outer loop
      vertex -73.2608 0 111.779
      vertex -73.25 4 112
      vertex -73.2608 4 111.779
    endloop
  endfacet
  facet normal -0.998808 0 0.0488105
    outer loop
      vertex -73.25 4 112
      vertex -73.2608 0 111.779
      vertex -73.25 0 112
    endloop
  endfacet
  facet normal 0.0498247 0 -0.998758
    outer loop
      vertex -75.7205 0 114.239
      vertex -75.5 4 114.25
      vertex -75.5 0 114.25
    endloop
  endfacet
  facet normal 0.0498247 0 -0.998758
    outer loop
      vertex -75.5 4 114.25
      vertex -75.7205 0 114.239
      vertex -75.7205 4 114.239
    endloop
  endfacet
  facet normal 0.144972 0 0.989436
    outer loop
      vertex -75.9389 4 109.793
      vertex -75.7205 0 109.761
      vertex -75.7205 4 109.761
    endloop
  endfacet
  facet normal 0.144972 0 0.989436
    outer loop
      vertex -75.7205 0 109.761
      vertex -75.9389 4 109.793
      vertex -75.9389 0 109.793
    endloop
  endfacet
  facet normal -0.941578 0 0.336795
    outer loop
      vertex -73.4213 0 111.139
      vertex -73.3469 4 111.347
      vertex -73.4213 4 111.139
    endloop
  endfacet
  facet normal -0.941578 0 0.336795
    outer loop
      vertex -73.3469 4 111.347
      vertex -73.4213 0 111.139
      vertex -73.3469 0 111.347
    endloop
  endfacet
  facet normal -0.596957 0 -0.802274
    outer loop
      vertex -74.25 0 113.871
      vertex -74.0726 4 113.739
      vertex -74.0726 0 113.739
    endloop
  endfacet
  facet normal -0.596957 0 -0.802274
    outer loop
      vertex -74.0726 4 113.739
      vertex -74.25 0 113.871
      vertex -74.25 4 113.871
    endloop
  endfacet
  facet normal -0.904326 0 0.426842
    outer loop
      vertex -73.5157 0 110.939
      vertex -73.4213 4 111.139
      vertex -73.5157 4 110.939
    endloop
  endfacet
  facet normal -0.904326 0 0.426842
    outer loop
      vertex -73.4213 4 111.139
      vertex -73.5157 0 110.939
      vertex -73.4213 0 111.139
    endloop
  endfacet
  facet normal -0.989135 0 0.147009
    outer loop
      vertex -73.2932 0 111.561
      vertex -73.2608 4 111.779
      vertex -73.2932 4 111.561
    endloop
  endfacet
  facet normal -0.989135 0 0.147009
    outer loop
      vertex -73.2608 4 111.779
      vertex -73.2932 0 111.561
      vertex -73.2608 0 111.779
    endloop
  endfacet
  facet normal 0.244452 0 -0.969661
    outer loop
      vertex -76.1531 0 114.153
      vertex -75.9389 4 114.207
      vertex -75.9389 0 114.207
    endloop
  endfacet
  facet normal 0.244452 0 -0.969661
    outer loop
      vertex -75.9389 4 114.207
      vertex -76.1531 0 114.153
      vertex -76.1531 4 114.153
    endloop
  endfacet
  facet normal -0.0498247 0 -0.998758
    outer loop
      vertex -75.5 0 114.25
      vertex -75.2795 4 114.239
      vertex -75.2795 0 114.239
    endloop
  endfacet
  facet normal -0.0498247 0 -0.998758
    outer loop
      vertex -75.2795 4 114.239
      vertex -75.5 0 114.25
      vertex -75.5 4 114.25
    endloop
  endfacet
  facet normal -0.429758 0 0.902944
    outer loop
      vertex -74.639 4 109.921
      vertex -74.4394 0 110.016
      vertex -74.4394 4 110.016
    endloop
  endfacet
  facet normal -0.429758 0 0.902944
    outer loop
      vertex -74.4394 0 110.016
      vertex -74.639 4 109.921
      vertex -74.639 0 109.921
    endloop
  endfacet
  facet normal -0.244452 0 -0.969661
    outer loop
      vertex -75.0611 0 114.207
      vertex -74.8469 4 114.153
      vertex -74.8469 0 114.153
    endloop
  endfacet
  facet normal -0.244452 0 -0.969661
    outer loop
      vertex -74.8469 4 114.153
      vertex -75.0611 0 114.207
      vertex -75.0611 4 114.207
    endloop
  endfacet
  facet normal -0.0498247 0 0.998758
    outer loop
      vertex -75.5 4 109.75
      vertex -75.2795 0 109.761
      vertex -75.2795 4 109.761
    endloop
  endfacet
  facet normal -0.0498247 0 0.998758
    outer loop
      vertex -75.2795 0 109.761
      vertex -75.5 4 109.75
      vertex -75.5 0 109.75
    endloop
  endfacet
  facet normal 0.51236 0 0.858771
    outer loop
      vertex -76.75 4 110.129
      vertex -76.5606 0 110.016
      vertex -76.5606 4 110.016
    endloop
  endfacet
  facet normal 0.51236 0 0.858771
    outer loop
      vertex -76.5606 0 110.016
      vertex -76.75 4 110.129
      vertex -76.75 0 110.129
    endloop
  endfacet
  facet normal -0.244452 0 0.969661
    outer loop
      vertex -75.0611 4 109.793
      vertex -74.8469 0 109.847
      vertex -74.8469 4 109.847
    endloop
  endfacet
  facet normal -0.244452 0 0.969661
    outer loop
      vertex -74.8469 0 109.847
      vertex -75.0611 4 109.793
      vertex -75.0611 0 109.793
    endloop
  endfacet
  facet normal -0.51236 0 -0.858771
    outer loop
      vertex -74.4394 0 113.984
      vertex -74.25 4 113.871
      vertex -74.25 0 113.871
    endloop
  endfacet
  facet normal -0.51236 0 -0.858771
    outer loop
      vertex -74.25 4 113.871
      vertex -74.4394 0 113.984
      vertex -74.4394 4 113.984
    endloop
  endfacet
  facet normal 0.335331 0 -0.9421
    outer loop
      vertex -76.361 0 114.079
      vertex -76.1531 4 114.153
      vertex -76.1531 0 114.153
    endloop
  endfacet
  facet normal 0.335331 0 -0.9421
    outer loop
      vertex -76.1531 4 114.153
      vertex -76.361 0 114.079
      vertex -76.361 4 114.079
    endloop
  endfacet
  facet normal 0.998808 0 -0.0488105
    outer loop
      vertex -77.7392 0 112.221
      vertex -77.75 4 112
      vertex -77.7392 4 112.221
    endloop
  endfacet
  facet normal 0.998808 0 -0.0488105
    outer loop
      vertex -77.75 4 112
      vertex -77.7392 0 112.221
      vertex -77.75 0 112
    endloop
  endfacet
  facet normal 0.670866 0 -0.741579
    outer loop
      vertex -77.091 0 113.591
      vertex -76.9274 4 113.739
      vertex -76.9274 0 113.739
    endloop
  endfacet
  facet normal 0.670866 0 -0.741579
    outer loop
      vertex -76.9274 4 113.739
      vertex -77.091 0 113.591
      vertex -77.091 4 113.591
    endloop
  endfacet
  facet normal -0.670866 0 0.741579
    outer loop
      vertex -74.0726 4 110.261
      vertex -73.909 0 110.409
      vertex -73.909 4 110.409
    endloop
  endfacet
  facet normal -0.670866 0 0.741579
    outer loop
      vertex -73.909 0 110.409
      vertex -74.0726 4 110.261
      vertex -74.0726 0 110.261
    endloop
  endfacet
  facet normal 0.596957 0 -0.802274
    outer loop
      vertex -76.9274 0 113.739
      vertex -76.75 4 113.871
      vertex -76.75 0 113.871
    endloop
  endfacet
  facet normal 0.596957 0 -0.802274
    outer loop
      vertex -76.75 4 113.871
      vertex -76.9274 0 113.739
      vertex -76.9274 4 113.739
    endloop
  endfacet
  facet normal 0.0498247 0 0.998758
    outer loop
      vertex -75.7205 4 109.761
      vertex -75.5 0 109.75
      vertex -75.5 4 109.75
    endloop
  endfacet
  facet normal 0.0498247 0 0.998758
    outer loop
      vertex -75.5 0 109.75
      vertex -75.7205 4 109.761
      vertex -75.7205 0 109.761
    endloop
  endfacet
  facet normal -0.857293 0 -0.514829
    outer loop
      vertex -73.5157 0 113.061
      vertex -73.6292 4 113.25
      vertex -73.5157 4 113.061
    endloop
  endfacet
  facet normal -0.857293 -0 -0.514829
    outer loop
      vertex -73.6292 4 113.25
      vertex -73.5157 0 113.061
      vertex -73.6292 0 113.25
    endloop
  endfacet
  facet normal 0.670866 0 0.741579
    outer loop
      vertex -77.091 4 110.409
      vertex -76.9274 0 110.261
      vertex -76.9274 4 110.261
    endloop
  endfacet
  facet normal 0.670866 0 0.741579
    outer loop
      vertex -76.9274 0 110.261
      vertex -77.091 4 110.409
      vertex -77.091 0 110.409
    endloop
  endfacet
  facet normal 0.989135 0 -0.147009
    outer loop
      vertex -77.7068 0 112.439
      vertex -77.7392 4 112.221
      vertex -77.7068 4 112.439
    endloop
  endfacet
  facet normal 0.989135 0 -0.147009
    outer loop
      vertex -77.7392 4 112.221
      vertex -77.7068 0 112.439
      vertex -77.7392 0 112.221
    endloop
  endfacet
  facet normal -0.670866 0 -0.741579
    outer loop
      vertex -74.0726 0 113.739
      vertex -73.909 4 113.591
      vertex -73.909 0 113.591
    endloop
  endfacet
  facet normal -0.670866 0 -0.741579
    outer loop
      vertex -73.909 4 113.591
      vertex -74.0726 0 113.739
      vertex -74.0726 4 113.739
    endloop
  endfacet
  facet normal 0.857293 -0 0.514829
    outer loop
      vertex -77.4843 0 110.939
      vertex -77.3708 4 110.75
      vertex -77.4843 4 110.939
    endloop
  endfacet
  facet normal 0.857293 0 0.514829
    outer loop
      vertex -77.3708 4 110.75
      vertex -77.4843 0 110.939
      vertex -77.3708 0 110.75
    endloop
  endfacet
  facet normal -0.144972 0 0.989436
    outer loop
      vertex -75.2795 4 109.761
      vertex -75.0611 0 109.793
      vertex -75.0611 4 109.793
    endloop
  endfacet
  facet normal -0.144972 0 0.989436
    outer loop
      vertex -75.0611 0 109.793
      vertex -75.2795 4 109.761
      vertex -75.2795 0 109.761
    endloop
  endfacet
  facet normal 0.429758 0 -0.902944
    outer loop
      vertex -76.5606 0 113.984
      vertex -76.361 4 114.079
      vertex -76.361 0 114.079
    endloop
  endfacet
  facet normal 0.429758 0 -0.902944
    outer loop
      vertex -76.361 4 114.079
      vertex -76.5606 0 113.984
      vertex -76.5606 4 113.984
    endloop
  endfacet
  facet normal -0.904326 0 -0.426842
    outer loop
      vertex -73.4213 0 112.861
      vertex -73.5157 4 113.061
      vertex -73.4213 4 112.861
    endloop
  endfacet
  facet normal -0.904326 -0 -0.426842
    outer loop
      vertex -73.5157 4 113.061
      vertex -73.4213 0 112.861
      vertex -73.5157 0 113.061
    endloop
  endfacet
  facet normal -0.969929 0 0.243389
    outer loop
      vertex -73.3469 0 111.347
      vertex -73.2932 4 111.561
      vertex -73.3469 4 111.347
    endloop
  endfacet
  facet normal -0.969929 0 0.243389
    outer loop
      vertex -73.2932 4 111.561
      vertex -73.3469 0 111.347
      vertex -73.2932 0 111.561
    endloop
  endfacet
  facet normal -0.429758 0 -0.902944
    outer loop
      vertex -74.639 0 114.079
      vertex -74.4394 4 113.984
      vertex -74.4394 0 113.984
    endloop
  endfacet
  facet normal -0.429758 0 -0.902944
    outer loop
      vertex -74.4394 4 113.984
      vertex -74.639 0 114.079
      vertex -74.639 4 114.079
    endloop
  endfacet
  facet normal 0.144972 0 -0.989436
    outer loop
      vertex -75.9389 0 114.207
      vertex -75.7205 4 114.239
      vertex -75.7205 0 114.239
    endloop
  endfacet
  facet normal 0.144972 0 -0.989436
    outer loop
      vertex -75.7205 4 114.239
      vertex -75.9389 0 114.207
      vertex -75.9389 4 114.207
    endloop
  endfacet
  facet normal 0.857293 0 -0.514829
    outer loop
      vertex -77.3708 0 113.25
      vertex -77.4843 4 113.061
      vertex -77.3708 4 113.25
    endloop
  endfacet
  facet normal 0.857293 0 -0.514829
    outer loop
      vertex -77.4843 4 113.061
      vertex -77.3708 0 113.25
      vertex -77.4843 0 113.061
    endloop
  endfacet
  facet normal 0.741718 0 -0.670712
    outer loop
      vertex -77.091 0 113.591
      vertex -77.2393 4 113.427
      vertex -77.091 4 113.591
    endloop
  endfacet
  facet normal 0.741718 0 -0.670712
    outer loop
      vertex -77.2393 4 113.427
      vertex -77.091 0 113.591
      vertex -77.2393 0 113.427
    endloop
  endfacet
  facet normal 0.969929 0 -0.243389
    outer loop
      vertex -77.6531 0 112.653
      vertex -77.7068 4 112.439
      vertex -77.6531 4 112.653
    endloop
  endfacet
  facet normal 0.969929 0 -0.243389
    outer loop
      vertex -77.7068 4 112.439
      vertex -77.6531 0 112.653
      vertex -77.7068 0 112.439
    endloop
  endfacet
  facet normal -0.802713 0 0.596366
    outer loop
      vertex -73.7607 0 110.573
      vertex -73.6292 4 110.75
      vertex -73.7607 4 110.573
    endloop
  endfacet
  facet normal -0.802713 0 0.596366
    outer loop
      vertex -73.6292 4 110.75
      vertex -73.7607 0 110.573
      vertex -73.6292 0 110.75
    endloop
  endfacet
  facet normal -0.741718 0 -0.670712
    outer loop
      vertex -73.7607 0 113.427
      vertex -73.909 4 113.591
      vertex -73.7607 4 113.427
    endloop
  endfacet
  facet normal -0.741718 -0 -0.670712
    outer loop
      vertex -73.909 4 113.591
      vertex -73.7607 0 113.427
      vertex -73.909 0 113.591
    endloop
  endfacet
  facet normal -0.335331 0 -0.9421
    outer loop
      vertex -74.8469 0 114.153
      vertex -74.639 4 114.079
      vertex -74.639 0 114.079
    endloop
  endfacet
  facet normal -0.335331 0 -0.9421
    outer loop
      vertex -74.639 4 114.079
      vertex -74.8469 0 114.153
      vertex -74.8469 4 114.153
    endloop
  endfacet
  facet normal -0.802713 0 -0.596366
    outer loop
      vertex -73.6292 0 113.25
      vertex -73.7607 4 113.427
      vertex -73.6292 4 113.25
    endloop
  endfacet
  facet normal -0.802713 -0 -0.596366
    outer loop
      vertex -73.7607 4 113.427
      vertex -73.6292 0 113.25
      vertex -73.7607 0 113.427
    endloop
  endfacet
  facet normal 0.969929 -0 0.243389
    outer loop
      vertex -77.7068 0 111.561
      vertex -77.6531 4 111.347
      vertex -77.7068 4 111.561
    endloop
  endfacet
  facet normal 0.969929 0 0.243389
    outer loop
      vertex -77.6531 4 111.347
      vertex -77.7068 0 111.561
      vertex -77.6531 0 111.347
    endloop
  endfacet
  facet normal 0.802713 -0 0.596366
    outer loop
      vertex -77.3708 0 110.75
      vertex -77.2393 4 110.573
      vertex -77.3708 4 110.75
    endloop
  endfacet
  facet normal 0.802713 0 0.596366
    outer loop
      vertex -77.2393 4 110.573
      vertex -77.3708 0 110.75
      vertex -77.2393 0 110.573
    endloop
  endfacet
  facet normal 0.904326 0 -0.426842
    outer loop
      vertex -77.4843 0 113.061
      vertex -77.5787 4 112.861
      vertex -77.4843 4 113.061
    endloop
  endfacet
  facet normal 0.904326 0 -0.426842
    outer loop
      vertex -77.5787 4 112.861
      vertex -77.4843 0 113.061
      vertex -77.5787 0 112.861
    endloop
  endfacet
  facet normal -0.144972 0 -0.989436
    outer loop
      vertex -75.2795 0 114.239
      vertex -75.0611 4 114.207
      vertex -75.0611 0 114.207
    endloop
  endfacet
  facet normal -0.144972 0 -0.989436
    outer loop
      vertex -75.0611 4 114.207
      vertex -75.2795 0 114.239
      vertex -75.2795 4 114.239
    endloop
  endfacet
  facet normal 0.989135 -0 0.147009
    outer loop
      vertex -77.7392 0 111.779
      vertex -77.7068 4 111.561
      vertex -77.7392 4 111.779
    endloop
  endfacet
  facet normal 0.989135 0 0.147009
    outer loop
      vertex -77.7068 4 111.561
      vertex -77.7392 0 111.779
      vertex -77.7068 0 111.561
    endloop
  endfacet
  facet normal -0.857293 0 0.514829
    outer loop
      vertex -73.6292 0 110.75
      vertex -73.5157 4 110.939
      vertex -73.6292 4 110.75
    endloop
  endfacet
  facet normal -0.857293 0 0.514829
    outer loop
      vertex -73.5157 4 110.939
      vertex -73.6292 0 110.75
      vertex -73.5157 0 110.939
    endloop
  endfacet
  facet normal -0.741718 0 0.670712
    outer loop
      vertex -73.909 0 110.409
      vertex -73.7607 4 110.573
      vertex -73.909 4 110.409
    endloop
  endfacet
  facet normal -0.741718 0 0.670712
    outer loop
      vertex -73.7607 4 110.573
      vertex -73.909 0 110.409
      vertex -73.7607 0 110.573
    endloop
  endfacet
  facet normal 0.596957 0 0.802274
    outer loop
      vertex -76.9274 4 110.261
      vertex -76.75 0 110.129
      vertex -76.75 4 110.129
    endloop
  endfacet
  facet normal 0.596957 0 0.802274
    outer loop
      vertex -76.75 0 110.129
      vertex -76.9274 4 110.261
      vertex -76.9274 0 110.261
    endloop
  endfacet
  facet normal 0.335331 0 0.9421
    outer loop
      vertex -76.361 4 109.921
      vertex -76.1531 0 109.847
      vertex -76.1531 4 109.847
    endloop
  endfacet
  facet normal 0.335331 0 0.9421
    outer loop
      vertex -76.1531 0 109.847
      vertex -76.361 4 109.921
      vertex -76.361 0 109.921
    endloop
  endfacet
  facet normal 0.244452 0 0.969661
    outer loop
      vertex -76.1531 4 109.847
      vertex -75.9389 0 109.793
      vertex -75.9389 4 109.793
    endloop
  endfacet
  facet normal 0.244452 0 0.969661
    outer loop
      vertex -75.9389 0 109.793
      vertex -76.1531 4 109.847
      vertex -76.1531 0 109.847
    endloop
  endfacet
  facet normal 0.429758 0 0.902944
    outer loop
      vertex -76.5606 4 110.016
      vertex -76.361 0 109.921
      vertex -76.361 4 109.921
    endloop
  endfacet
  facet normal 0.429758 0 0.902944
    outer loop
      vertex -76.361 0 109.921
      vertex -76.5606 4 110.016
      vertex -76.5606 0 110.016
    endloop
  endfacet
  facet normal -0.565254 0.689927 0.452204
    outer loop
      vertex -72.8618 6.5 108.05
      vertex -74.25 4 110.129
      vertex -72.861 6.5 108.051
    endloop
  endfacet
  facet normal -0.362537 0.706632 0.60765
    outer loop
      vertex -74.25 4 110.129
      vertex -72.8618 6.5 108.05
      vertex -74.4394 4 110.016
    endloop
  endfacet
  facet normal 0.173249 0.706668 -0.686006
    outer loop
      vertex -76.4275 6.5 116.659
      vertex -76.1531 4 114.153
      vertex -76.8789 6.5 116.545
    endloop
  endfacet
  facet normal 0.686256 0.706681 -0.172205
    outer loop
      vertex -77.7068 4 112.439
      vertex -80.1585 6.5 112.928
      vertex -77.6531 4 112.653
    endloop
  endfacet
  facet normal 0.693377 0.707105 -0.138675
    outer loop
      vertex -80.1585 6.5 112.928
      vertex -77.7068 4 112.439
      vertex -80.1587 6.5 112.927
    endloop
  endfacet
  facet normal -0.707107 0.707107 0
    outer loop
      vertex -73.25 4 112
      vertex -70.75 6.5 112.001
      vertex -70.75 6.5 112
    endloop
  endfacet
  facet normal -0.706678 0.706692 -0.0345345
    outer loop
      vertex -70.75 6.5 112.001
      vertex -73.25 4 112
      vertex -73.2608 4 112.221
    endloop
  endfacet
  facet normal -0.706683 0.706674 -0.0348023
    outer loop
      vertex -70.7729 6.5 112.466
      vertex -70.75 6.5 112.001
      vertex -73.2608 4 112.221
    endloop
  endfacet
  facet normal 0.0349763 0.706674 -0.706674
    outer loop
      vertex -75.5 6.5 116.75
      vertex -75.5 4 114.25
      vertex -75.9647 6.5 116.727
    endloop
  endfacet
  facet normal 0.524453 0.706698 0.474896
    outer loop
      vertex -77.091 4 110.409
      vertex -78.8588 6.5 108.641
      vertex -79.1712 6.5 108.986
    endloop
  endfacet
  facet normal -0.0349754 0.706693 0.706656
    outer loop
      vertex -75.2795 4 109.761
      vertex -75.0344 6.5 107.273
      vertex -75.4991 6.5 107.25
    endloop
  endfacet
  facet normal -0.238768 0.706597 -0.666116
    outer loop
      vertex -74.1203 6.5 116.545
      vertex -73.6823 6.5 116.388
      vertex -74.639 4 114.079
    endloop
  endfacet
  facet normal -0.639888 0.706627 0.302027
    outer loop
      vertex -71.3105 6.5 109.762
      vertex -73.5157 4 110.939
      vertex -73.4213 4 111.139
    endloop
  endfacet
  facet normal -0.658557 0.704919 0.263423
    outer loop
      vertex -73.5157 4 110.939
      vertex -71.3105 6.5 109.762
      vertex -71.3109 6.5 109.761
    endloop
  endfacet
  facet normal -0.699891 0.706672 0.103766
    outer loop
      vertex -70.7729 6.5 111.534
      vertex -70.8411 6.5 111.074
      vertex -73.2608 4 111.779
    endloop
  endfacet
  facet normal -0.624232 0.685606 -0.374539
    outer loop
      vertex -72.486 6.5 115.671
      vertex -74.0726 4 113.739
      vertex -72.4866 6.5 115.672
    endloop
  endfacet
  facet normal -0.474647 0.7067 -0.524677
    outer loop
      vertex -74.0726 4 113.739
      vertex -72.486 6.5 115.671
      vertex -73.909 4 113.591
    endloop
  endfacet
  facet normal 0.0349754 0.706693 0.706656
    outer loop
      vertex -75.7205 4 109.761
      vertex -75.5009 6.5 107.25
      vertex -75.9656 6.5 107.273
    endloop
  endfacet
  facet normal 0.421295 0.706731 0.568368
    outer loop
      vertex -76.9274 4 110.261
      vertex -78.1397 6.5 108.051
      vertex -78.5134 6.5 108.328
    endloop
  endfacet
  facet normal 0.172956 0.706689 0.686059
    outer loop
      vertex -75.9389 4 109.793
      vertex -76.4275 6.5 107.341
      vertex -76.1531 4 109.847
    endloop
  endfacet
  facet normal -0 0.70022 0.713927
    outer loop
      vertex -76.4275 6.5 107.341
      vertex -75.9389 4 109.793
      vertex -76.4267 6.5 107.341
    endloop
  endfacet
  facet normal -0.606564 0.706679 0.364259
    outer loop
      vertex -71.5501 6.5 109.362
      vertex -73.6292 4 110.75
      vertex -73.5157 4 110.939
    endloop
  endfacet
  facet normal -0.663676 0.699328 0.26547
    outer loop
      vertex -73.6292 4 110.75
      vertex -71.5501 6.5 109.362
      vertex -71.5505 6.5 109.361
    endloop
  endfacet
  facet normal -0.238768 0.706597 0.666116
    outer loop
      vertex -73.6823 6.5 107.612
      vertex -74.1203 6.5 107.455
      vertex -74.639 4 109.921
    endloop
  endfacet
  facet normal -0.639444 0.70669 0.302822
    outer loop
      vertex -71.1116 6.5 110.182
      vertex -71.3105 6.5 109.762
      vertex -73.4213 4 111.139
    endloop
  endfacet
  facet normal -0.0349763 0.706674 -0.706674
    outer loop
      vertex -75.5 6.5 116.75
      vertex -75.0353 6.5 116.727
      vertex -75.5 4 114.25
    endloop
  endfacet
  facet normal -0 0.70022 0.713927
    outer loop
      vertex -74.5742 6.5 107.341
      vertex -75.0611 4 109.793
      vertex -74.5733 6.5 107.341
    endloop
  endfacet
  facet normal -0.102579 0.706637 0.700101
    outer loop
      vertex -75.0611 4 109.793
      vertex -74.5742 6.5 107.341
      vertex -75.2795 4 109.761
    endloop
  endfacet
  facet normal 0.639444 0.70669 0.302822
    outer loop
      vertex -77.5787 4 111.139
      vertex -79.6895 6.5 109.762
      vertex -79.8884 6.5 110.182
    endloop
  endfacet
  facet normal 0.474716 0.706694 0.524622
    outer loop
      vertex -77.091 4 110.409
      vertex -78.514 6.5 108.329
      vertex -78.8588 6.5 108.641
    endloop
  endfacet
  facet normal -0.606871 0.706643 0.363818
    outer loop
      vertex -71.3109 6.5 109.761
      vertex -71.5501 6.5 109.362
      vertex -73.5157 4 110.939
    endloop
  endfacet
  facet normal -0.666118 0.706697 0.238464
    outer loop
      vertex -70.9548 6.5 110.62
      vertex -71.1116 6.5 110.182
      vertex -73.4213 4 111.139
    endloop
  endfacet
  facet normal -0.693377 0.707105 -0.138675
    outer loop
      vertex -70.8411 6.5 112.926
      vertex -73.2932 4 112.439
      vertex -70.8413 6.5 112.927
    endloop
  endfacet
  facet normal -0.699837 0.706689 -0.104012
    outer loop
      vertex -73.2932 4 112.439
      vertex -70.8411 6.5 112.926
      vertex -73.2608 4 112.221
    endloop
  endfacet
  facet normal -0.60961 0.703271 -0.365766
    outer loop
      vertex -73.7607 4 113.427
      vertex -71.8288 6.5 115.014
      vertex -71.8282 6.5 115.013
    endloop
  endfacet
  facet normal -0.524752 0.706731 -0.474517
    outer loop
      vertex -71.8288 6.5 115.014
      vertex -73.7607 4 113.427
      vertex -73.909 4 113.591
    endloop
  endfacet
  facet normal -0.363492 0.706712 0.606986
    outer loop
      vertex -72.8618 6.5 108.05
      vertex -73.2609 6.5 107.811
      vertex -74.4394 4 110.016
    endloop
  endfacet
  facet normal 0.422389 0.706642 0.567666
    outer loop
      vertex -76.75 4 110.129
      vertex -78.1397 6.5 108.051
      vertex -76.9274 4 110.261
    endloop
  endfacet
  facet normal -0 0.639216 0.769028
    outer loop
      vertex -78.1397 6.5 108.051
      vertex -76.75 4 110.129
      vertex -78.139 6.5 108.051
    endloop
  endfacet
  facet normal -0.363492 0.706712 -0.606986
    outer loop
      vertex -73.2609 6.5 116.189
      vertex -72.8618 6.5 115.95
      vertex -74.4394 4 113.984
    endloop
  endfacet
  facet normal -0.706683 0.706674 0.0348023
    outer loop
      vertex -70.75 6.5 111.999
      vertex -70.7729 6.5 111.534
      vertex -73.2608 4 111.779
    endloop
  endfacet
  facet normal -0.706678 0.706692 0.0345345
    outer loop
      vertex -73.25 4 112
      vertex -70.75 6.5 111.999
      vertex -73.2608 4 111.779
    endloop
  endfacet
  facet normal -0.707107 0.707107 0
    outer loop
      vertex -70.75 6.5 111.999
      vertex -73.25 4 112
      vertex -70.75 6.5 112
    endloop
  endfacet
  facet normal 0.706696 0.706674 0.0345354
    outer loop
      vertex -77.7392 4 111.779
      vertex -80.2272 6.5 111.535
      vertex -77.75 4 112
    endloop
  endfacet
  facet normal 0.703607 0.707097 0.0703607
    outer loop
      vertex -80.2272 6.5 111.535
      vertex -77.7392 4 111.779
      vertex -80.2271 6.5 111.534
    endloop
  endfacet
  facet normal -0.567872 0.706696 -0.422022
    outer loop
      vertex -71.8282 6.5 115.013
      vertex -71.551 6.5 114.64
      vertex -73.7607 4 113.427
    endloop
  endfacet
  facet normal -0.173249 0.706668 -0.686006
    outer loop
      vertex -74.5725 6.5 116.659
      vertex -74.1211 6.5 116.545
      vertex -74.8469 4 114.153
    endloop
  endfacet
  facet normal -0.103421 0.706697 -0.699917
    outer loop
      vertex -75.0344 6.5 116.727
      vertex -74.5742 6.5 116.659
      vertex -75.2795 4 114.239
    endloop
  endfacet
  facet normal 0.606871 0.706643 0.363818
    outer loop
      vertex -77.4843 4 110.939
      vertex -79.4499 6.5 109.362
      vertex -79.6891 6.5 109.761
    endloop
  endfacet
  facet normal 0.238768 0.706597 0.666116
    outer loop
      vertex -76.361 4 109.921
      vertex -76.8797 6.5 107.455
      vertex -77.3177 6.5 107.612
    endloop
  endfacet
  facet normal -0.606871 0.706643 -0.363818
    outer loop
      vertex -71.5501 6.5 114.638
      vertex -71.3109 6.5 114.239
      vertex -73.5157 4 113.061
    endloop
  endfacet
  facet normal 0.606871 0.706643 -0.363818
    outer loop
      vertex -79.4499 6.5 114.638
      vertex -77.4843 4 113.061
      vertex -79.6891 6.5 114.239
    endloop
  endfacet
  facet normal -0.634936 0.704322 0.317468
    outer loop
      vertex -71.551 6.5 109.36
      vertex -73.6292 4 110.75
      vertex -71.5505 6.5 109.361
    endloop
  endfacet
  facet normal -0.567928 0.706703 0.421935
    outer loop
      vertex -73.6292 4 110.75
      vertex -71.551 6.5 109.36
      vertex -73.7607 4 110.573
    endloop
  endfacet
  facet normal -0.421295 0.706731 0.568368
    outer loop
      vertex -72.4866 6.5 108.328
      vertex -72.8603 6.5 108.051
      vertex -74.0726 4 110.261
    endloop
  endfacet
  facet normal 0.666118 0.706697 -0.238464
    outer loop
      vertex -79.8884 6.5 113.818
      vertex -77.5787 4 112.861
      vertex -80.0452 6.5 113.38
    endloop
  endfacet
  facet normal -0.524453 0.706698 0.474896
    outer loop
      vertex -71.8288 6.5 108.986
      vertex -72.1412 6.5 108.641
      vertex -73.909 4 110.409
    endloop
  endfacet
  facet normal -0.686301 0.706698 0.171956
    outer loop
      vertex -70.8415 6.5 111.072
      vertex -70.9545 6.5 110.621
      vertex -73.3469 4 111.347
    endloop
  endfacet
  facet normal -0.60961 0.703271 0.365766
    outer loop
      vertex -71.8288 6.5 108.986
      vertex -73.7607 4 110.573
      vertex -71.8282 6.5 108.987
    endloop
  endfacet
  facet normal -0.524752 0.706731 0.474517
    outer loop
      vertex -73.7607 4 110.573
      vertex -71.8288 6.5 108.986
      vertex -73.909 4 110.409
    endloop
  endfacet
  facet normal -0.686301 0.706698 -0.171956
    outer loop
      vertex -70.9545 6.5 113.379
      vertex -70.8415 6.5 112.928
      vertex -73.3469 4 112.653
    endloop
  endfacet
  facet normal -0.699891 0.706672 -0.103766
    outer loop
      vertex -70.8411 6.5 112.926
      vertex -70.7729 6.5 112.466
      vertex -73.2608 4 112.221
    endloop
  endfacet
  facet normal 0.686256 0.706681 0.172205
    outer loop
      vertex -80.1585 6.5 111.072
      vertex -77.7068 4 111.561
      vertex -77.6531 4 111.347
    endloop
  endfacet
  facet normal 0.693377 0.707105 0.138675
    outer loop
      vertex -77.7068 4 111.561
      vertex -80.1585 6.5 111.072
      vertex -80.1587 6.5 111.073
    endloop
  endfacet
  facet normal -0.567872 0.706696 0.422022
    outer loop
      vertex -71.551 6.5 109.36
      vertex -71.8282 6.5 108.987
      vertex -73.7607 4 110.573
    endloop
  endfacet
  facet normal 0.663676 0.699328 -0.26547
    outer loop
      vertex -77.3708 4 113.25
      vertex -79.4499 6.5 114.638
      vertex -79.4495 6.5 114.639
    endloop
  endfacet
  facet normal 0.606564 0.706679 -0.364259
    outer loop
      vertex -79.4499 6.5 114.638
      vertex -77.3708 4 113.25
      vertex -77.4843 4 113.061
    endloop
  endfacet
  facet normal -0.639444 0.70669 -0.302822
    outer loop
      vertex -71.3105 6.5 114.238
      vertex -71.1116 6.5 113.818
      vertex -73.4213 4 112.861
    endloop
  endfacet
  facet normal 0.0352529 0.706674 0.706661
    outer loop
      vertex -75.5 4 109.75
      vertex -75.5009 6.5 107.25
      vertex -75.7205 4 109.761
    endloop
  endfacet
  facet normal -0 0.707107 0.707107
    outer loop
      vertex -75.5009 6.5 107.25
      vertex -75.5 4 109.75
      vertex -75.5 6.5 107.25
    endloop
  endfacet
  facet normal 0 0.661473 -0.749969
    outer loop
      vertex -74.4394 4 113.984
      vertex -73.2617 6.5 116.189
      vertex -73.2609 6.5 116.189
    endloop
  endfacet
  facet normal -0.30406 0.706699 -0.638846
    outer loop
      vertex -73.2617 6.5 116.189
      vertex -74.4394 4 113.984
      vertex -74.639 4 114.079
    endloop
  endfacet
  facet normal 0.567872 0.706696 0.422022
    outer loop
      vertex -77.2393 4 110.573
      vertex -79.1718 6.5 108.987
      vertex -79.449 6.5 109.36
    endloop
  endfacet
  facet normal 0.639888 0.706627 0.302027
    outer loop
      vertex -77.4843 4 110.939
      vertex -79.6895 6.5 109.762
      vertex -77.5787 4 111.139
    endloop
  endfacet
  facet normal 0.658557 0.704919 0.263423
    outer loop
      vertex -79.6895 6.5 109.762
      vertex -77.4843 4 110.939
      vertex -79.6891 6.5 109.761
    endloop
  endfacet
  facet normal -0.677269 0.707123 0.203181
    outer loop
      vertex -70.9548 6.5 110.62
      vertex -73.3469 4 111.347
      vertex -70.9545 6.5 110.621
    endloop
  endfacet
  facet normal -0.666169 0.70671 0.238284
    outer loop
      vertex -73.3469 4 111.347
      vertex -70.9548 6.5 110.62
      vertex -73.4213 4 111.139
    endloop
  endfacet
  facet normal -0.474647 0.7067 0.524677
    outer loop
      vertex -72.486 6.5 108.329
      vertex -74.0726 4 110.261
      vertex -73.909 4 110.409
    endloop
  endfacet
  facet normal -0.624232 0.685606 0.374539
    outer loop
      vertex -74.0726 4 110.261
      vertex -72.486 6.5 108.329
      vertex -72.4866 6.5 108.328
    endloop
  endfacet
  facet normal -0.301379 0.706621 0.640201
    outer loop
      vertex -73.2617 6.5 107.81
      vertex -73.6823 6.5 107.612
      vertex -74.639 4 109.921
    endloop
  endfacet
  facet normal 0.666169 0.70671 0.238284
    outer loop
      vertex -80.0452 6.5 110.62
      vertex -77.6531 4 111.347
      vertex -77.5787 4 111.139
    endloop
  endfacet
  facet normal 0.677269 0.707123 0.203181
    outer loop
      vertex -77.6531 4 111.347
      vertex -80.0452 6.5 110.62
      vertex -80.0455 6.5 110.621
    endloop
  endfacet
  facet normal 0.102579 0.706637 0.700101
    outer loop
      vertex -76.4258 6.5 107.341
      vertex -75.9389 4 109.793
      vertex -75.7205 4 109.761
    endloop
  endfacet
  facet normal 0 0.70022 0.713927
    outer loop
      vertex -75.9389 4 109.793
      vertex -76.4258 6.5 107.341
      vertex -76.4267 6.5 107.341
    endloop
  endfacet
  facet normal 0.363492 0.706712 -0.606986
    outer loop
      vertex -77.7391 6.5 116.189
      vertex -76.5606 4 113.984
      vertex -78.1382 6.5 115.95
    endloop
  endfacet
  facet normal -0.173249 0.706668 0.686006
    outer loop
      vertex -74.1211 6.5 107.455
      vertex -74.5725 6.5 107.341
      vertex -74.8469 4 109.847
    endloop
  endfacet
  facet normal 0.624232 0.685606 -0.374539
    outer loop
      vertex -76.9274 4 113.739
      vertex -78.514 6.5 115.671
      vertex -78.5134 6.5 115.672
    endloop
  endfacet
  facet normal 0.474647 0.7067 -0.524677
    outer loop
      vertex -78.514 6.5 115.671
      vertex -76.9274 4 113.739
      vertex -77.091 4 113.591
    endloop
  endfacet
  facet normal -0.634936 0.704322 -0.317468
    outer loop
      vertex -73.6292 4 113.25
      vertex -71.551 6.5 114.64
      vertex -71.5505 6.5 114.639
    endloop
  endfacet
  facet normal -0.567928 0.706703 -0.421935
    outer loop
      vertex -71.551 6.5 114.64
      vertex -73.6292 4 113.25
      vertex -73.7607 4 113.427
    endloop
  endfacet
  facet normal 0.474647 0.7067 0.524677
    outer loop
      vertex -76.9274 4 110.261
      vertex -78.514 6.5 108.329
      vertex -77.091 4 110.409
    endloop
  endfacet
  facet normal 0.624232 0.685606 0.374539
    outer loop
      vertex -78.514 6.5 108.329
      vertex -76.9274 4 110.261
      vertex -78.5134 6.5 108.328
    endloop
  endfacet
  facet normal -0.172956 0.706689 0.686059
    outer loop
      vertex -74.5725 6.5 107.341
      vertex -75.0611 4 109.793
      vertex -74.8469 4 109.847
    endloop
  endfacet
  facet normal 0 0.70022 0.713927
    outer loop
      vertex -75.0611 4 109.793
      vertex -74.5725 6.5 107.341
      vertex -74.5733 6.5 107.341
    endloop
  endfacet
  facet normal 0.699891 0.706672 -0.103766
    outer loop
      vertex -80.1589 6.5 112.926
      vertex -77.7392 4 112.221
      vertex -80.2271 6.5 112.466
    endloop
  endfacet
  facet normal 0.474716 0.706694 -0.524622
    outer loop
      vertex -78.514 6.5 115.671
      vertex -77.091 4 113.591
      vertex -78.8588 6.5 115.359
    endloop
  endfacet
  facet normal -0.663676 0.699328 -0.26547
    outer loop
      vertex -71.5501 6.5 114.638
      vertex -73.6292 4 113.25
      vertex -71.5505 6.5 114.639
    endloop
  endfacet
  facet normal -0.606564 0.706679 -0.364259
    outer loop
      vertex -73.6292 4 113.25
      vertex -71.5501 6.5 114.638
      vertex -73.5157 4 113.061
    endloop
  endfacet
  facet normal 0.666118 0.706697 0.238464
    outer loop
      vertex -77.5787 4 111.139
      vertex -79.8884 6.5 110.182
      vertex -80.0452 6.5 110.62
    endloop
  endfacet
  facet normal -0.422389 0.706642 0.567666
    outer loop
      vertex -72.8603 6.5 108.051
      vertex -74.25 4 110.129
      vertex -74.0726 4 110.261
    endloop
  endfacet
  facet normal 0 0.639216 0.769028
    outer loop
      vertex -74.25 4 110.129
      vertex -72.8603 6.5 108.051
      vertex -72.861 6.5 108.051
    endloop
  endfacet
  facet normal -0.693377 0.707105 0.138675
    outer loop
      vertex -70.8415 6.5 111.072
      vertex -73.2932 4 111.561
      vertex -70.8413 6.5 111.073
    endloop
  endfacet
  facet normal -0.686256 0.706681 0.172205
    outer loop
      vertex -73.2932 4 111.561
      vertex -70.8415 6.5 111.072
      vertex -73.3469 4 111.347
    endloop
  endfacet
  facet normal -0.677269 0.707123 -0.203181
    outer loop
      vertex -73.3469 4 112.653
      vertex -70.9548 6.5 113.38
      vertex -70.9545 6.5 113.379
    endloop
  endfacet
  facet normal -0.666169 0.70671 -0.238284
    outer loop
      vertex -70.9548 6.5 113.38
      vertex -73.3469 4 112.653
      vertex -73.4213 4 112.861
    endloop
  endfacet
  facet normal -0.699837 0.706689 0.104012
    outer loop
      vertex -70.8411 6.5 111.074
      vertex -73.2932 4 111.561
      vertex -73.2608 4 111.779
    endloop
  endfacet
  facet normal -0.693377 0.707105 0.138675
    outer loop
      vertex -73.2932 4 111.561
      vertex -70.8411 6.5 111.074
      vertex -70.8413 6.5 111.073
    endloop
  endfacet
  facet normal 0.693377 0.707105 -0.138675
    outer loop
      vertex -77.7068 4 112.439
      vertex -80.1589 6.5 112.926
      vertex -80.1587 6.5 112.927
    endloop
  endfacet
  facet normal 0.699837 0.706689 -0.104012
    outer loop
      vertex -80.1589 6.5 112.926
      vertex -77.7068 4 112.439
      vertex -77.7392 4 112.221
    endloop
  endfacet
  facet normal -0.666118 0.706697 -0.238464
    outer loop
      vertex -71.1116 6.5 113.818
      vertex -70.9548 6.5 113.38
      vertex -73.4213 4 112.861
    endloop
  endfacet
  facet normal -0.103421 0.706697 0.699917
    outer loop
      vertex -74.5742 6.5 107.341
      vertex -75.0344 6.5 107.273
      vertex -75.2795 4 109.761
    endloop
  endfacet
  facet normal -0.421295 0.706731 -0.568368
    outer loop
      vertex -72.8603 6.5 115.949
      vertex -72.4866 6.5 115.672
      vertex -74.0726 4 113.739
    endloop
  endfacet
  facet normal -0.574928 0.676691 0.459943
    outer loop
      vertex -73.2617 6.5 107.81
      vertex -74.4394 4 110.016
      vertex -73.2609 6.5 107.811
    endloop
  endfacet
  facet normal -0.304005 0.706827 0.638731
    outer loop
      vertex -74.4394 4 110.016
      vertex -73.2617 6.5 107.81
      vertex -74.639 4 109.921
    endloop
  endfacet
  facet normal 0 0.70022 -0.713927
    outer loop
      vertex -74.5725 6.5 116.659
      vertex -75.0611 4 114.207
      vertex -74.5733 6.5 116.659
    endloop
  endfacet
  facet normal -0.172956 0.706689 -0.686059
    outer loop
      vertex -75.0611 4 114.207
      vertex -74.5725 6.5 116.659
      vertex -74.8469 4 114.153
    endloop
  endfacet
  facet normal 0.524752 0.706731 0.474517
    outer loop
      vertex -79.1712 6.5 108.986
      vertex -77.2393 4 110.573
      vertex -77.091 4 110.409
    endloop
  endfacet
  facet normal 0.60961 0.703271 0.365766
    outer loop
      vertex -77.2393 4 110.573
      vertex -79.1712 6.5 108.986
      vertex -79.1718 6.5 108.987
    endloop
  endfacet
  facet normal 0.103421 0.706697 -0.699917
    outer loop
      vertex -75.9656 6.5 116.727
      vertex -75.7205 4 114.239
      vertex -76.4258 6.5 116.659
    endloop
  endfacet
  facet normal -0.524453 0.706698 -0.474896
    outer loop
      vertex -72.1412 6.5 115.359
      vertex -71.8288 6.5 115.014
      vertex -73.909 4 113.591
    endloop
  endfacet
  facet normal -0.693377 0.707105 -0.138675
    outer loop
      vertex -73.2932 4 112.439
      vertex -70.8415 6.5 112.928
      vertex -70.8413 6.5 112.927
    endloop
  endfacet
  facet normal -0.686256 0.706681 -0.172205
    outer loop
      vertex -70.8415 6.5 112.928
      vertex -73.2932 4 112.439
      vertex -73.3469 4 112.653
    endloop
  endfacet
  facet normal 0.035252 0.706693 -0.706642
    outer loop
      vertex -75.7205 4 114.239
      vertex -75.9647 6.5 116.727
      vertex -75.5 4 114.25
    endloop
  endfacet
  facet normal 0 0.705404 -0.708806
    outer loop
      vertex -75.9647 6.5 116.727
      vertex -75.7205 4 114.239
      vertex -75.9656 6.5 116.727
    endloop
  endfacet
  facet normal -0.658557 0.704919 -0.263423
    outer loop
      vertex -71.3105 6.5 114.238
      vertex -73.5157 4 113.061
      vertex -71.3109 6.5 114.239
    endloop
  endfacet
  facet normal -0.639888 0.706627 -0.302027
    outer loop
      vertex -73.5157 4 113.061
      vertex -71.3105 6.5 114.238
      vertex -73.4213 4 112.861
    endloop
  endfacet
  facet normal 0 0.705404 -0.708806
    outer loop
      vertex -75.2795 4 114.239
      vertex -75.0353 6.5 116.727
      vertex -75.0344 6.5 116.727
    endloop
  endfacet
  facet normal -0.035252 0.706693 -0.706642
    outer loop
      vertex -75.0353 6.5 116.727
      vertex -75.2795 4 114.239
      vertex -75.5 4 114.25
    endloop
  endfacet
  facet normal 0.703607 0.707097 -0.0703607
    outer loop
      vertex -77.7392 4 112.221
      vertex -80.2272 6.5 112.465
      vertex -80.2271 6.5 112.466
    endloop
  endfacet
  facet normal 0.706696 0.706674 -0.0345354
    outer loop
      vertex -80.2272 6.5 112.465
      vertex -77.7392 4 112.221
      vertex -77.75 4 112
    endloop
  endfacet
  facet normal 0 0.70022 -0.713927
    outer loop
      vertex -75.9389 4 114.207
      vertex -76.4275 6.5 116.659
      vertex -76.4267 6.5 116.659
    endloop
  endfacet
  facet normal 0.172956 0.706689 -0.686059
    outer loop
      vertex -76.4275 6.5 116.659
      vertex -75.9389 4 114.207
      vertex -76.1531 4 114.153
    endloop
  endfacet
  facet normal 0.301379 0.706621 0.640201
    outer loop
      vertex -76.361 4 109.921
      vertex -77.3177 6.5 107.612
      vertex -77.7383 6.5 107.81
    endloop
  endfacet
  facet normal 0.666169 0.70671 -0.238284
    outer loop
      vertex -77.6531 4 112.653
      vertex -80.0452 6.5 113.38
      vertex -77.5787 4 112.861
    endloop
  endfacet
  facet normal 0.677269 0.707123 -0.203181
    outer loop
      vertex -80.0452 6.5 113.38
      vertex -77.6531 4 112.653
      vertex -80.0455 6.5 113.379
    endloop
  endfacet
  facet normal 0.686301 0.706698 -0.171956
    outer loop
      vertex -80.0455 6.5 113.379
      vertex -77.6531 4 112.653
      vertex -80.1585 6.5 112.928
    endloop
  endfacet
  facet normal -0.23725 0.706704 0.666545
    outer loop
      vertex -74.1203 6.5 107.455
      vertex -74.8469 4 109.847
      vertex -74.639 4 109.921
    endloop
  endfacet
  facet normal 0 0.691328 0.722541
    outer loop
      vertex -74.8469 4 109.847
      vertex -74.1203 6.5 107.455
      vertex -74.1211 6.5 107.455
    endloop
  endfacet
  facet normal -0.565254 0.689927 -0.452204
    outer loop
      vertex -74.25 4 113.871
      vertex -72.8618 6.5 115.95
      vertex -72.861 6.5 115.949
    endloop
  endfacet
  facet normal -0.362537 0.706632 -0.60765
    outer loop
      vertex -72.8618 6.5 115.95
      vertex -74.25 4 113.871
      vertex -74.4394 4 113.984
    endloop
  endfacet
  facet normal 0 0.639216 -0.769028
    outer loop
      vertex -72.8603 6.5 115.949
      vertex -74.25 4 113.871
      vertex -72.861 6.5 115.949
    endloop
  endfacet
  facet normal -0.422389 0.706642 -0.567666
    outer loop
      vertex -74.25 4 113.871
      vertex -72.8603 6.5 115.949
      vertex -74.0726 4 113.739
    endloop
  endfacet
  facet normal 0.699891 0.706672 0.103766
    outer loop
      vertex -77.7392 4 111.779
      vertex -80.1589 6.5 111.074
      vertex -80.2271 6.5 111.534
    endloop
  endfacet
  facet normal 0.363492 0.706712 0.606986
    outer loop
      vertex -76.5606 4 110.016
      vertex -77.7391 6.5 107.811
      vertex -78.1382 6.5 108.05
    endloop
  endfacet
  facet normal 0.23725 0.706704 0.666545
    outer loop
      vertex -76.1531 4 109.847
      vertex -76.8797 6.5 107.455
      vertex -76.361 4 109.921
    endloop
  endfacet
  facet normal -0 0.691328 0.722541
    outer loop
      vertex -76.8797 6.5 107.455
      vertex -76.1531 4 109.847
      vertex -76.8789 6.5 107.455
    endloop
  endfacet
  facet normal 0.362537 0.706632 0.60765
    outer loop
      vertex -78.1382 6.5 108.05
      vertex -76.75 4 110.129
      vertex -76.5606 4 110.016
    endloop
  endfacet
  facet normal 0.565254 0.689927 0.452204
    outer loop
      vertex -76.75 4 110.129
      vertex -78.1382 6.5 108.05
      vertex -78.139 6.5 108.051
    endloop
  endfacet
  facet normal 0.102579 0.706637 -0.700101
    outer loop
      vertex -75.9389 4 114.207
      vertex -76.4258 6.5 116.659
      vertex -75.7205 4 114.239
    endloop
  endfacet
  facet normal 0 0.70022 -0.713927
    outer loop
      vertex -76.4258 6.5 116.659
      vertex -75.9389 4 114.207
      vertex -76.4267 6.5 116.659
    endloop
  endfacet
  facet normal 0 0.70022 -0.713927
    outer loop
      vertex -75.0611 4 114.207
      vertex -74.5742 6.5 116.659
      vertex -74.5733 6.5 116.659
    endloop
  endfacet
  facet normal -0.102579 0.706637 -0.700101
    outer loop
      vertex -74.5742 6.5 116.659
      vertex -75.0611 4 114.207
      vertex -75.2795 4 114.239
    endloop
  endfacet
  facet normal 0.524752 0.706731 -0.474517
    outer loop
      vertex -77.2393 4 113.427
      vertex -79.1712 6.5 115.014
      vertex -77.091 4 113.591
    endloop
  endfacet
  facet normal 0.60961 0.703271 -0.365766
    outer loop
      vertex -79.1712 6.5 115.014
      vertex -77.2393 4 113.427
      vertex -79.1718 6.5 115.013
    endloop
  endfacet
  facet normal 0.699837 0.706689 0.104012
    outer loop
      vertex -77.7068 4 111.561
      vertex -80.1589 6.5 111.074
      vertex -77.7392 4 111.779
    endloop
  endfacet
  facet normal 0.693377 0.707105 0.138675
    outer loop
      vertex -80.1589 6.5 111.074
      vertex -77.7068 4 111.561
      vertex -80.1587 6.5 111.073
    endloop
  endfacet
  facet normal -0.474716 0.706694 -0.524622
    outer loop
      vertex -72.486 6.5 115.671
      vertex -72.1412 6.5 115.359
      vertex -73.909 4 113.591
    endloop
  endfacet
  facet normal -0.474716 0.706694 0.524622
    outer loop
      vertex -72.1412 6.5 108.641
      vertex -72.486 6.5 108.329
      vertex -73.909 4 110.409
    endloop
  endfacet
  facet normal -0.302637 0.706588 -0.639644
    outer loop
      vertex -73.6823 6.5 116.388
      vertex -73.2617 6.5 116.189
      vertex -74.639 4 114.079
    endloop
  endfacet
  facet normal 0.173249 0.706668 0.686006
    outer loop
      vertex -76.1531 4 109.847
      vertex -76.4275 6.5 107.341
      vertex -76.8789 6.5 107.455
    endloop
  endfacet
  facet normal 0.606564 0.706679 0.364259
    outer loop
      vertex -77.3708 4 110.75
      vertex -79.4499 6.5 109.362
      vertex -77.4843 4 110.939
    endloop
  endfacet
  facet normal 0.663676 0.699328 0.26547
    outer loop
      vertex -79.4499 6.5 109.362
      vertex -77.3708 4 110.75
      vertex -79.4495 6.5 109.361
    endloop
  endfacet
  facet normal 0.686301 0.706698 0.171956
    outer loop
      vertex -77.6531 4 111.347
      vertex -80.0455 6.5 110.621
      vertex -80.1585 6.5 111.072
    endloop
  endfacet
  facet normal 0.639444 0.70669 -0.302822
    outer loop
      vertex -79.6895 6.5 114.238
      vertex -77.5787 4 112.861
      vertex -79.8884 6.5 113.818
    endloop
  endfacet
  facet normal 0.30406 0.706699 -0.638846
    outer loop
      vertex -76.5606 4 113.984
      vertex -77.7383 6.5 116.189
      vertex -76.361 4 114.079
    endloop
  endfacet
  facet normal 0 0.661473 -0.749969
    outer loop
      vertex -77.7383 6.5 116.189
      vertex -76.5606 4 113.984
      vertex -77.7391 6.5 116.189
    endloop
  endfacet
  facet normal 0.103421 0.706697 0.699917
    outer loop
      vertex -75.7205 4 109.761
      vertex -75.9656 6.5 107.273
      vertex -76.4258 6.5 107.341
    endloop
  endfacet
  facet normal 0 0.691328 -0.722541
    outer loop
      vertex -74.1203 6.5 116.545
      vertex -74.8469 4 114.153
      vertex -74.1211 6.5 116.545
    endloop
  endfacet
  facet normal -0.23725 0.706704 -0.666545
    outer loop
      vertex -74.8469 4 114.153
      vertex -74.1203 6.5 116.545
      vertex -74.639 4 114.079
    endloop
  endfacet
  facet normal 0.304005 0.706827 0.638731
    outer loop
      vertex -77.7383 6.5 107.81
      vertex -76.5606 4 110.016
      vertex -76.361 4 109.921
    endloop
  endfacet
  facet normal 0.574928 0.676691 0.459943
    outer loop
      vertex -76.5606 4 110.016
      vertex -77.7383 6.5 107.81
      vertex -77.7391 6.5 107.811
    endloop
  endfacet
  facet normal -0.0352529 0.706674 0.706661
    outer loop
      vertex -75.4991 6.5 107.25
      vertex -75.5 4 109.75
      vertex -75.2795 4 109.761
    endloop
  endfacet
  facet normal 0 0.707107 0.707107
    outer loop
      vertex -75.5 4 109.75
      vertex -75.4991 6.5 107.25
      vertex -75.5 6.5 107.25
    endloop
  endfacet
  facet normal 0 0.639216 -0.769028
    outer loop
      vertex -76.75 4 113.871
      vertex -78.1397 6.5 115.949
      vertex -78.139 6.5 115.949
    endloop
  endfacet
  facet normal 0.422389 0.706642 -0.567666
    outer loop
      vertex -78.1397 6.5 115.949
      vertex -76.75 4 113.871
      vertex -76.9274 4 113.739
    endloop
  endfacet
  facet normal 0.421295 0.706731 -0.568368
    outer loop
      vertex -78.1397 6.5 115.949
      vertex -76.9274 4 113.739
      vertex -78.5134 6.5 115.672
    endloop
  endfacet
  facet normal 0.567928 0.706703 0.421935
    outer loop
      vertex -79.449 6.5 109.36
      vertex -77.3708 4 110.75
      vertex -77.2393 4 110.573
    endloop
  endfacet
  facet normal 0.634936 0.704322 0.317468
    outer loop
      vertex -77.3708 4 110.75
      vertex -79.449 6.5 109.36
      vertex -79.4495 6.5 109.361
    endloop
  endfacet
  facet normal 0.658557 0.704919 -0.263423
    outer loop
      vertex -77.4843 4 113.061
      vertex -79.6895 6.5 114.238
      vertex -79.6891 6.5 114.239
    endloop
  endfacet
  facet normal 0.639888 0.706627 -0.302027
    outer loop
      vertex -79.6895 6.5 114.238
      vertex -77.4843 4 113.061
      vertex -77.5787 4 112.861
    endloop
  endfacet
  facet normal 0.302637 0.706588 -0.639644
    outer loop
      vertex -77.3177 6.5 116.388
      vertex -76.361 4 114.079
      vertex -77.7383 6.5 116.189
    endloop
  endfacet
  facet normal 0.524453 0.706698 -0.474896
    outer loop
      vertex -78.8588 6.5 115.359
      vertex -77.091 4 113.591
      vertex -79.1712 6.5 115.014
    endloop
  endfacet
  facet normal 0.567928 0.706703 -0.421935
    outer loop
      vertex -77.3708 4 113.25
      vertex -79.449 6.5 114.64
      vertex -77.2393 4 113.427
    endloop
  endfacet
  facet normal 0.634936 0.704322 -0.317468
    outer loop
      vertex -79.449 6.5 114.64
      vertex -77.3708 4 113.25
      vertex -79.4495 6.5 114.639
    endloop
  endfacet
  facet normal 0.567872 0.706696 -0.422022
    outer loop
      vertex -79.1718 6.5 115.013
      vertex -77.2393 4 113.427
      vertex -79.449 6.5 114.64
    endloop
  endfacet
  facet normal 0.706682 0.706682 0.0346502
    outer loop
      vertex -77.75 4 112
      vertex -80.2272 6.5 111.535
      vertex -80.25 6.5 112
    endloop
  endfacet
  facet normal 0.362537 0.706632 -0.60765
    outer loop
      vertex -76.75 4 113.871
      vertex -78.1382 6.5 115.95
      vertex -76.5606 4 113.984
    endloop
  endfacet
  facet normal 0.565254 0.689927 -0.452204
    outer loop
      vertex -78.1382 6.5 115.95
      vertex -76.75 4 113.871
      vertex -78.139 6.5 115.949
    endloop
  endfacet
  facet normal 0.706682 0.706682 -0.0346502
    outer loop
      vertex -80.2272 6.5 112.465
      vertex -77.75 4 112
      vertex -80.25 6.5 112
    endloop
  endfacet
  facet normal 0 0.691328 -0.722541
    outer loop
      vertex -76.1531 4 114.153
      vertex -76.8797 6.5 116.545
      vertex -76.8789 6.5 116.545
    endloop
  endfacet
  facet normal 0.23725 0.706704 -0.666545
    outer loop
      vertex -76.8797 6.5 116.545
      vertex -76.1531 4 114.153
      vertex -76.361 4 114.079
    endloop
  endfacet
  facet normal 0.238768 0.706597 -0.666116
    outer loop
      vertex -76.8797 6.5 116.545
      vertex -76.361 4 114.079
      vertex -77.3177 6.5 116.388
    endloop
  endfacet
  facet normal 0.336939 0 0.941527
    outer loop
      vertex 74.639 4 27.9213
      vertex 74.8469 0 27.8469
      vertex 74.8469 4 27.8469
    endloop
  endfacet
  facet normal 0.336939 0 0.941527
    outer loop
      vertex 74.8469 0 27.8469
      vertex 74.639 4 27.9213
      vertex 74.639 0 27.9213
    endloop
  endfacet
  facet normal -0.989184 0 -0.14668
    outer loop
      vertex 77.7392 0 30.2205
      vertex 77.7068 4 30.439
      vertex 77.7392 4 30.2205
    endloop
  endfacet
  facet normal -0.989184 -0 -0.14668
    outer loop
      vertex 77.7068 4 30.439
      vertex 77.7392 0 30.2205
      vertex 77.7068 0 30.439
    endloop
  endfacet
  facet normal -0.998803 0 -0.0489209
    outer loop
      vertex 77.75 0 30
      vertex 77.7392 4 30.2205
      vertex 77.75 4 30
    endloop
  endfacet
  facet normal -0.998803 -0 -0.0489209
    outer loop
      vertex 77.7392 4 30.2205
      vertex 77.75 0 30
      vertex 77.7392 0 30.2205
    endloop
  endfacet
  facet normal -0.969956 0 -0.243282
    outer loop
      vertex 77.7068 0 30.439
      vertex 77.6531 4 30.6531
      vertex 77.7068 4 30.439
    endloop
  endfacet
  facet normal -0.969956 -0 -0.243282
    outer loop
      vertex 77.6531 4 30.6531
      vertex 77.7068 0 30.439
      vertex 77.6531 0 30.6531
    endloop
  endfacet
  facet normal 0.989184 0 -0.14668
    outer loop
      vertex 73.2932 0 30.439
      vertex 73.2608 4 30.2205
      vertex 73.2932 4 30.439
    endloop
  endfacet
  facet normal 0.989184 0 -0.14668
    outer loop
      vertex 73.2608 4 30.2205
      vertex 73.2932 0 30.439
      vertex 73.2608 0 30.2205
    endloop
  endfacet
  facet normal 0.243175 0 0.969982
    outer loop
      vertex 74.8469 4 27.8469
      vertex 75.0611 0 27.7932
      vertex 75.0611 4 27.7932
    endloop
  endfacet
  facet normal 0.243175 0 0.969982
    outer loop
      vertex 75.0611 0 27.7932
      vertex 74.8469 4 27.8469
      vertex 74.8469 0 27.8469
    endloop
  endfacet
  facet normal -0.336939 0 -0.941527
    outer loop
      vertex 76.1531 0 32.1531
      vertex 76.361 4 32.0787
      vertex 76.361 0 32.0787
    endloop
  endfacet
  facet normal -0.336939 0 -0.941527
    outer loop
      vertex 76.361 4 32.0787
      vertex 76.1531 0 32.1531
      vertex 76.1531 4 32.1531
    endloop
  endfacet
  facet normal 0.514029 0 -0.857773
    outer loop
      vertex 74.25 0 31.8708
      vertex 74.4394 4 31.9843
      vertex 74.4394 0 31.9843
    endloop
  endfacet
  facet normal 0.514029 0 -0.857773
    outer loop
      vertex 74.4394 4 31.9843
      vertex 74.25 0 31.8708
      vertex 74.25 4 31.8708
    endloop
  endfacet
  facet normal 0.903996 -0 0.427541
    outer loop
      vertex 73.4213 0 29.139
      vertex 73.5157 4 28.9394
      vertex 73.4213 4 29.139
    endloop
  endfacet
  facet normal 0.903996 0 0.427541
    outer loop
      vertex 73.5157 4 28.9394
      vertex 73.4213 0 29.139
      vertex 73.5157 0 28.9394
    endloop
  endfacet
  facet normal 0.243175 0 -0.969982
    outer loop
      vertex 74.8469 0 32.1531
      vertex 75.0611 4 32.2068
      vertex 75.0611 0 32.2068
    endloop
  endfacet
  facet normal 0.243175 0 -0.969982
    outer loop
      vertex 75.0611 4 32.2068
      vertex 74.8469 0 32.1531
      vertex 74.8469 4 32.1531
    endloop
  endfacet
  facet normal 0.857773 -0 0.514029
    outer loop
      vertex 73.5157 0 28.9394
      vertex 73.6292 4 28.75
      vertex 73.5157 4 28.9394
    endloop
  endfacet
  facet normal 0.857773 0 0.514029
    outer loop
      vertex 73.6292 4 28.75
      vertex 73.5157 0 28.9394
      vertex 73.6292 0 28.75
    endloop
  endfacet
  facet normal -0.243175 0 0.969982
    outer loop
      vertex 75.9389 4 27.7932
      vertex 76.1531 0 27.8469
      vertex 76.1531 4 27.8469
    endloop
  endfacet
  facet normal -0.243175 0 0.969982
    outer loop
      vertex 76.1531 0 27.8469
      vertex 75.9389 4 27.7932
      vertex 75.9389 0 27.7932
    endloop
  endfacet
  facet normal 0.595498 0 0.803357
    outer loop
      vertex 74.0726 4 28.2607
      vertex 74.25 0 28.1292
      vertex 74.25 4 28.1292
    endloop
  endfacet
  facet normal 0.595498 0 0.803357
    outer loop
      vertex 74.25 0 28.1292
      vertex 74.0726 4 28.2607
      vertex 74.0726 0 28.2607
    endloop
  endfacet
  facet normal -0.514029 0 0.857773
    outer loop
      vertex 76.5606 4 28.0157
      vertex 76.75 0 28.1292
      vertex 76.75 4 28.1292
    endloop
  endfacet
  facet normal -0.514029 0 0.857773
    outer loop
      vertex 76.75 0 28.1292
      vertex 76.5606 4 28.0157
      vertex 76.5606 0 28.0157
    endloop
  endfacet
  facet normal -0.803357 0 0.595498
    outer loop
      vertex 77.2393 0 28.5726
      vertex 77.3708 4 28.75
      vertex 77.2393 4 28.5726
    endloop
  endfacet
  facet normal -0.803357 0 0.595498
    outer loop
      vertex 77.3708 4 28.75
      vertex 77.2393 0 28.5726
      vertex 77.3708 0 28.75
    endloop
  endfacet
  facet normal -0.146746 0 -0.989174
    outer loop
      vertex 75.7205 0 32.2392
      vertex 75.9389 4 32.2068
      vertex 75.9389 0 32.2068
    endloop
  endfacet
  facet normal -0.146746 0 -0.989174
    outer loop
      vertex 75.9389 4 32.2068
      vertex 75.7205 0 32.2392
      vertex 75.7205 4 32.2392
    endloop
  endfacet
  facet normal 0.595498 0 -0.803357
    outer loop
      vertex 74.0726 0 31.7393
      vertex 74.25 4 31.8708
      vertex 74.25 0 31.8708
    endloop
  endfacet
  facet normal 0.595498 0 -0.803357
    outer loop
      vertex 74.25 4 31.8708
      vertex 74.0726 0 31.7393
      vertex 74.0726 4 31.7393
    endloop
  endfacet
  facet normal 0.803357 0 -0.595498
    outer loop
      vertex 73.7607 0 31.4274
      vertex 73.6292 4 31.25
      vertex 73.7607 4 31.4274
    endloop
  endfacet
  facet normal 0.803357 0 -0.595498
    outer loop
      vertex 73.6292 4 31.25
      vertex 73.7607 0 31.4274
      vertex 73.6292 0 31.25
    endloop
  endfacet
  facet normal -0.989184 0 0.14668
    outer loop
      vertex 77.7068 0 29.561
      vertex 77.7392 4 29.7795
      vertex 77.7068 4 29.561
    endloop
  endfacet
  facet normal -0.989184 0 0.14668
    outer loop
      vertex 77.7392 4 29.7795
      vertex 77.7068 0 29.561
      vertex 77.7392 0 29.7795
    endloop
  endfacet
  facet normal 0.941527 0 -0.336939
    outer loop
      vertex 73.4213 0 30.861
      vertex 73.3469 4 30.6531
      vertex 73.4213 4 30.861
    endloop
  endfacet
  facet normal 0.941527 0 -0.336939
    outer loop
      vertex 73.3469 4 30.6531
      vertex 73.4213 0 30.861
      vertex 73.3469 0 30.6531
    endloop
  endfacet
  facet normal -0.427541 0 -0.903996
    outer loop
      vertex 76.361 0 32.0787
      vertex 76.5606 4 31.9843
      vertex 76.5606 0 31.9843
    endloop
  endfacet
  facet normal -0.427541 0 -0.903996
    outer loop
      vertex 76.5606 4 31.9843
      vertex 76.361 0 32.0787
      vertex 76.361 4 32.0787
    endloop
  endfacet
  facet normal 0.941527 -0 0.336939
    outer loop
      vertex 73.3469 0 29.3469
      vertex 73.4213 4 29.139
      vertex 73.3469 4 29.3469
    endloop
  endfacet
  facet normal 0.941527 0 0.336939
    outer loop
      vertex 73.4213 4 29.139
      vertex 73.3469 0 29.3469
      vertex 73.4213 0 29.139
    endloop
  endfacet
  facet normal -0.969956 0 0.243282
    outer loop
      vertex 77.6531 0 29.3469
      vertex 77.7068 4 29.561
      vertex 77.6531 4 29.3469
    endloop
  endfacet
  facet normal -0.969956 0 0.243282
    outer loop
      vertex 77.7068 4 29.561
      vertex 77.6531 0 29.3469
      vertex 77.7068 0 29.561
    endloop
  endfacet
  facet normal 0.0489209 0 -0.998803
    outer loop
      vertex 75.2795 0 32.2392
      vertex 75.5 4 32.25
      vertex 75.5 0 32.25
    endloop
  endfacet
  facet normal 0.0489209 0 -0.998803
    outer loop
      vertex 75.5 4 32.25
      vertex 75.2795 0 32.2392
      vertex 75.2795 4 32.2392
    endloop
  endfacet
  facet normal -0.671613 0 -0.740902
    outer loop
      vertex 76.9274 0 31.7393
      vertex 77.091 4 31.591
      vertex 77.091 0 31.591
    endloop
  endfacet
  facet normal -0.671613 0 -0.740902
    outer loop
      vertex 77.091 4 31.591
      vertex 76.9274 0 31.7393
      vertex 76.9274 4 31.7393
    endloop
  endfacet
  facet normal 0.427541 0 -0.903996
    outer loop
      vertex 74.4394 0 31.9843
      vertex 74.639 4 32.0787
      vertex 74.639 0 32.0787
    endloop
  endfacet
  facet normal 0.427541 0 -0.903996
    outer loop
      vertex 74.639 4 32.0787
      vertex 74.4394 0 31.9843
      vertex 74.4394 4 31.9843
    endloop
  endfacet
  facet normal 0.671613 0 -0.740902
    outer loop
      vertex 73.909 0 31.591
      vertex 74.0726 4 31.7393
      vertex 74.0726 0 31.7393
    endloop
  endfacet
  facet normal 0.671613 0 -0.740902
    outer loop
      vertex 74.0726 4 31.7393
      vertex 73.909 0 31.591
      vertex 73.909 4 31.591
    endloop
  endfacet
  facet normal -0.336939 0 0.941527
    outer loop
      vertex 76.1531 4 27.8469
      vertex 76.361 0 27.9213
      vertex 76.361 4 27.9213
    endloop
  endfacet
  facet normal -0.336939 0 0.941527
    outer loop
      vertex 76.361 0 27.9213
      vertex 76.1531 4 27.8469
      vertex 76.1531 0 27.8469
    endloop
  endfacet
  facet normal 0.336939 0 -0.941527
    outer loop
      vertex 74.639 0 32.0787
      vertex 74.8469 4 32.1531
      vertex 74.8469 0 32.1531
    endloop
  endfacet
  facet normal 0.336939 0 -0.941527
    outer loop
      vertex 74.8469 4 32.1531
      vertex 74.639 0 32.0787
      vertex 74.639 4 32.0787
    endloop
  endfacet
  facet normal -0.803357 0 -0.595498
    outer loop
      vertex 77.3708 0 31.25
      vertex 77.2393 4 31.4274
      vertex 77.3708 4 31.25
    endloop
  endfacet
  facet normal -0.803357 -0 -0.595498
    outer loop
      vertex 77.2393 4 31.4274
      vertex 77.3708 0 31.25
      vertex 77.2393 0 31.4274
    endloop
  endfacet
  facet normal 0.857773 0 -0.514029
    outer loop
      vertex 73.6292 0 31.25
      vertex 73.5157 4 31.0606
      vertex 73.6292 4 31.25
    endloop
  endfacet
  facet normal 0.857773 0 -0.514029
    outer loop
      vertex 73.5157 4 31.0606
      vertex 73.6292 0 31.25
      vertex 73.5157 0 31.0606
    endloop
  endfacet
  facet normal -0.998803 0 0.0489209
    outer loop
      vertex 77.7392 0 29.7795
      vertex 77.75 4 30
      vertex 77.7392 4 29.7795
    endloop
  endfacet
  facet normal -0.998803 0 0.0489209
    outer loop
      vertex 77.75 4 30
      vertex 77.7392 0 29.7795
      vertex 77.75 0 30
    endloop
  endfacet
  facet normal -0.903996 0 0.427541
    outer loop
      vertex 77.4843 0 28.9394
      vertex 77.5787 4 29.139
      vertex 77.4843 4 28.9394
    endloop
  endfacet
  facet normal -0.903996 0 0.427541
    outer loop
      vertex 77.5787 4 29.139
      vertex 77.4843 0 28.9394
      vertex 77.5787 0 29.139
    endloop
  endfacet
  facet normal -0.857773 0 -0.514029
    outer loop
      vertex 77.4843 0 31.0606
      vertex 77.3708 4 31.25
      vertex 77.4843 4 31.0606
    endloop
  endfacet
  facet normal -0.857773 -0 -0.514029
    outer loop
      vertex 77.3708 4 31.25
      vertex 77.4843 0 31.0606
      vertex 77.3708 0 31.25
    endloop
  endfacet
  facet normal 0.671613 0 0.740902
    outer loop
      vertex 73.909 4 28.409
      vertex 74.0726 0 28.2607
      vertex 74.0726 4 28.2607
    endloop
  endfacet
  facet normal 0.671613 0 0.740902
    outer loop
      vertex 74.0726 0 28.2607
      vertex 73.909 4 28.409
      vertex 73.909 0 28.409
    endloop
  endfacet
  facet normal -0.595498 0 -0.803357
    outer loop
      vertex 76.75 0 31.8708
      vertex 76.9274 4 31.7393
      vertex 76.9274 0 31.7393
    endloop
  endfacet
  facet normal -0.595498 0 -0.803357
    outer loop
      vertex 76.9274 4 31.7393
      vertex 76.75 0 31.8708
      vertex 76.75 4 31.8708
    endloop
  endfacet
  facet normal 0.514029 0 0.857773
    outer loop
      vertex 74.25 4 28.1292
      vertex 74.4394 0 28.0157
      vertex 74.4394 4 28.0157
    endloop
  endfacet
  facet normal 0.514029 0 0.857773
    outer loop
      vertex 74.4394 0 28.0157
      vertex 74.25 4 28.1292
      vertex 74.25 0 28.1292
    endloop
  endfacet
  facet normal -0.514029 0 -0.857773
    outer loop
      vertex 76.5606 0 31.9843
      vertex 76.75 4 31.8708
      vertex 76.75 0 31.8708
    endloop
  endfacet
  facet normal -0.514029 0 -0.857773
    outer loop
      vertex 76.75 4 31.8708
      vertex 76.5606 0 31.9843
      vertex 76.5606 4 31.9843
    endloop
  endfacet
  facet normal -0.146746 0 0.989174
    outer loop
      vertex 75.7205 4 27.7608
      vertex 75.9389 0 27.7932
      vertex 75.9389 4 27.7932
    endloop
  endfacet
  facet normal -0.146746 0 0.989174
    outer loop
      vertex 75.9389 0 27.7932
      vertex 75.7205 4 27.7608
      vertex 75.7205 0 27.7608
    endloop
  endfacet
  facet normal -0.941527 0 -0.336939
    outer loop
      vertex 77.6531 0 30.6531
      vertex 77.5787 4 30.861
      vertex 77.6531 4 30.6531
    endloop
  endfacet
  facet normal -0.941527 -0 -0.336939
    outer loop
      vertex 77.5787 4 30.861
      vertex 77.6531 0 30.6531
      vertex 77.5787 0 30.861
    endloop
  endfacet
  facet normal -0.857773 0 0.514029
    outer loop
      vertex 77.3708 0 28.75
      vertex 77.4843 4 28.9394
      vertex 77.3708 4 28.75
    endloop
  endfacet
  facet normal -0.857773 0 0.514029
    outer loop
      vertex 77.4843 4 28.9394
      vertex 77.3708 0 28.75
      vertex 77.4843 0 28.9394
    endloop
  endfacet
  facet normal 0.998803 -0 0.0489209
    outer loop
      vertex 73.25 0 30
      vertex 73.2608 4 29.7795
      vertex 73.25 4 30
    endloop
  endfacet
  facet normal 0.998803 0 0.0489209
    outer loop
      vertex 73.2608 4 29.7795
      vertex 73.25 0 30
      vertex 73.2608 0 29.7795
    endloop
  endfacet
  facet normal -0.941527 0 0.336939
    outer loop
      vertex 77.5787 0 29.139
      vertex 77.6531 4 29.3469
      vertex 77.5787 4 29.139
    endloop
  endfacet
  facet normal -0.941527 0 0.336939
    outer loop
      vertex 77.6531 4 29.3469
      vertex 77.5787 0 29.139
      vertex 77.6531 0 29.3469
    endloop
  endfacet
  facet normal -0.740902 0 -0.671613
    outer loop
      vertex 77.2393 0 31.4274
      vertex 77.091 4 31.591
      vertex 77.2393 4 31.4274
    endloop
  endfacet
  facet normal -0.740902 -0 -0.671613
    outer loop
      vertex 77.091 4 31.591
      vertex 77.2393 0 31.4274
      vertex 77.091 0 31.591
    endloop
  endfacet
  facet normal -0.0489209 0 -0.998803
    outer loop
      vertex 75.5 0 32.25
      vertex 75.7205 4 32.2392
      vertex 75.7205 0 32.2392
    endloop
  endfacet
  facet normal -0.0489209 0 -0.998803
    outer loop
      vertex 75.7205 4 32.2392
      vertex 75.5 0 32.25
      vertex 75.5 4 32.25
    endloop
  endfacet
  facet normal -0.903996 0 -0.427541
    outer loop
      vertex 77.5787 0 30.861
      vertex 77.4843 4 31.0606
      vertex 77.5787 4 30.861
    endloop
  endfacet
  facet normal -0.903996 -0 -0.427541
    outer loop
      vertex 77.4843 4 31.0606
      vertex 77.5787 0 30.861
      vertex 77.4843 0 31.0606
    endloop
  endfacet
  facet normal 0.146746 0 0.989174
    outer loop
      vertex 75.0611 4 27.7932
      vertex 75.2795 0 27.7608
      vertex 75.2795 4 27.7608
    endloop
  endfacet
  facet normal 0.146746 0 0.989174
    outer loop
      vertex 75.2795 0 27.7608
      vertex 75.0611 4 27.7932
      vertex 75.0611 0 27.7932
    endloop
  endfacet
  facet normal -0.671613 0 0.740902
    outer loop
      vertex 76.9274 4 28.2607
      vertex 77.091 0 28.409
      vertex 77.091 4 28.409
    endloop
  endfacet
  facet normal -0.671613 0 0.740902
    outer loop
      vertex 77.091 0 28.409
      vertex 76.9274 4 28.2607
      vertex 76.9274 0 28.2607
    endloop
  endfacet
  facet normal 0.0489209 0 0.998803
    outer loop
      vertex 75.2795 4 27.7608
      vertex 75.5 0 27.75
      vertex 75.5 4 27.75
    endloop
  endfacet
  facet normal 0.0489209 0 0.998803
    outer loop
      vertex 75.5 0 27.75
      vertex 75.2795 4 27.7608
      vertex 75.2795 0 27.7608
    endloop
  endfacet
  facet normal 0.740902 0 -0.671613
    outer loop
      vertex 73.909 0 31.591
      vertex 73.7607 4 31.4274
      vertex 73.909 4 31.591
    endloop
  endfacet
  facet normal 0.740902 0 -0.671613
    outer loop
      vertex 73.7607 4 31.4274
      vertex 73.909 0 31.591
      vertex 73.7607 0 31.4274
    endloop
  endfacet
  facet normal 0.146746 0 -0.989174
    outer loop
      vertex 75.0611 0 32.2068
      vertex 75.2795 4 32.2392
      vertex 75.2795 0 32.2392
    endloop
  endfacet
  facet normal 0.146746 0 -0.989174
    outer loop
      vertex 75.2795 4 32.2392
      vertex 75.0611 0 32.2068
      vertex 75.0611 4 32.2068
    endloop
  endfacet
  facet normal 0.903996 0 -0.427541
    outer loop
      vertex 73.5157 0 31.0606
      vertex 73.4213 4 30.861
      vertex 73.5157 4 31.0606
    endloop
  endfacet
  facet normal 0.903996 0 -0.427541
    outer loop
      vertex 73.4213 4 30.861
      vertex 73.5157 0 31.0606
      vertex 73.4213 0 30.861
    endloop
  endfacet
  facet normal 0.969956 0 -0.243282
    outer loop
      vertex 73.3469 0 30.6531
      vertex 73.2932 4 30.439
      vertex 73.3469 4 30.6531
    endloop
  endfacet
  facet normal 0.969956 0 -0.243282
    outer loop
      vertex 73.2932 4 30.439
      vertex 73.3469 0 30.6531
      vertex 73.2932 0 30.439
    endloop
  endfacet
  facet normal -0.243175 0 -0.969982
    outer loop
      vertex 75.9389 0 32.2068
      vertex 76.1531 4 32.1531
      vertex 76.1531 0 32.1531
    endloop
  endfacet
  facet normal -0.243175 0 -0.969982
    outer loop
      vertex 76.1531 4 32.1531
      vertex 75.9389 0 32.2068
      vertex 75.9389 4 32.2068
    endloop
  endfacet
  facet normal 0.969956 -0 0.243282
    outer loop
      vertex 73.2932 0 29.561
      vertex 73.3469 4 29.3469
      vertex 73.2932 4 29.561
    endloop
  endfacet
  facet normal 0.969956 0 0.243282
    outer loop
      vertex 73.3469 4 29.3469
      vertex 73.2932 0 29.561
      vertex 73.3469 0 29.3469
    endloop
  endfacet
  facet normal 0.427541 0 0.903996
    outer loop
      vertex 74.4394 4 28.0157
      vertex 74.639 0 27.9213
      vertex 74.639 4 27.9213
    endloop
  endfacet
  facet normal 0.427541 0 0.903996
    outer loop
      vertex 74.639 0 27.9213
      vertex 74.4394 4 28.0157
      vertex 74.4394 0 28.0157
    endloop
  endfacet
  facet normal 0.740902 -0 0.671613
    outer loop
      vertex 73.7607 0 28.5726
      vertex 73.909 4 28.409
      vertex 73.7607 4 28.5726
    endloop
  endfacet
  facet normal 0.740902 0 0.671613
    outer loop
      vertex 73.909 4 28.409
      vertex 73.7607 0 28.5726
      vertex 73.909 0 28.409
    endloop
  endfacet
  facet normal -0.427541 0 0.903996
    outer loop
      vertex 76.361 4 27.9213
      vertex 76.5606 0 28.0157
      vertex 76.5606 4 28.0157
    endloop
  endfacet
  facet normal -0.427541 0 0.903996
    outer loop
      vertex 76.5606 0 28.0157
      vertex 76.361 4 27.9213
      vertex 76.361 0 27.9213
    endloop
  endfacet
  facet normal -0.0489209 0 0.998803
    outer loop
      vertex 75.5 4 27.75
      vertex 75.7205 0 27.7608
      vertex 75.7205 4 27.7608
    endloop
  endfacet
  facet normal -0.0489209 0 0.998803
    outer loop
      vertex 75.7205 0 27.7608
      vertex 75.5 4 27.75
      vertex 75.5 0 27.75
    endloop
  endfacet
  facet normal 0.989184 -0 0.14668
    outer loop
      vertex 73.2608 0 29.7795
      vertex 73.2932 4 29.561
      vertex 73.2608 4 29.7795
    endloop
  endfacet
  facet normal 0.989184 0 0.14668
    outer loop
      vertex 73.2932 4 29.561
      vertex 73.2608 0 29.7795
      vertex 73.2932 0 29.561
    endloop
  endfacet
  facet normal -0.595498 0 0.803357
    outer loop
      vertex 76.75 4 28.1292
      vertex 76.9274 0 28.2607
      vertex 76.9274 4 28.2607
    endloop
  endfacet
  facet normal -0.595498 0 0.803357
    outer loop
      vertex 76.9274 0 28.2607
      vertex 76.75 4 28.1292
      vertex 76.75 0 28.1292
    endloop
  endfacet
  facet normal 0.803357 -0 0.595498
    outer loop
      vertex 73.6292 0 28.75
      vertex 73.7607 4 28.5726
      vertex 73.6292 4 28.75
    endloop
  endfacet
  facet normal 0.803357 0 0.595498
    outer loop
      vertex 73.7607 4 28.5726
      vertex 73.6292 0 28.75
      vertex 73.7607 0 28.5726
    endloop
  endfacet
  facet normal 0.998803 0 -0.0489209
    outer loop
      vertex 73.2608 0 30.2205
      vertex 73.25 4 30
      vertex 73.2608 4 30.2205
    endloop
  endfacet
  facet normal 0.998803 0 -0.0489209
    outer loop
      vertex 73.25 4 30
      vertex 73.2608 0 30.2205
      vertex 73.25 0 30
    endloop
  endfacet
  facet normal -0.740902 0 0.671613
    outer loop
      vertex 77.091 0 28.409
      vertex 77.2393 4 28.5726
      vertex 77.091 4 28.409
    endloop
  endfacet
  facet normal -0.740902 0 0.671613
    outer loop
      vertex 77.2393 4 28.5726
      vertex 77.091 0 28.409
      vertex 77.2393 0 28.5726
    endloop
  endfacet
  facet normal -0.706682 0.706682 -0.0346726
    outer loop
      vertex 80.2272 6.5 30.4647
      vertex 80.25 6.5 30
      vertex 77.75 4 30
    endloop
  endfacet
  facet normal 0.632573 0.706976 -0.316286
    outer loop
      vertex 73.5157 4 31.0606
      vertex 71.3105 6.5 32.2383
      vertex 71.3109 6.5 32.2391
    endloop
  endfacet
  facet normal 0.639604 0.706683 -0.302498
    outer loop
      vertex 71.3105 6.5 32.2383
      vertex 73.5157 4 31.0606
      vertex 73.4213 4 30.861
    endloop
  endfacet
  facet normal -0.302473 0.706681 -0.639619
    outer loop
      vertex 77.3177 6.5 34.3884
      vertex 77.7383 6.5 34.1895
      vertex 76.361 4 32.0787
    endloop
  endfacet
  facet normal 0.238393 0.706689 0.666153
    outer loop
      vertex 74.8469 4 27.8469
      vertex 74.1203 6.5 25.4548
      vertex 74.639 4 27.9213
    endloop
  endfacet
  facet normal 0.248534 0.706387 0.662758
    outer loop
      vertex 74.1203 6.5 25.4548
      vertex 74.8469 4 27.8469
      vertex 74.1211 6.5 25.4545
    endloop
  endfacet
  facet normal 0.501206 0.705397 -0.501206
    outer loop
      vertex 74.0726 4 31.7393
      vertex 72.486 6.5 33.6712
      vertex 72.4866 6.5 33.6718
    endloop
  endfacet
  facet normal 0.475194 0.706672 -0.524219
    outer loop
      vertex 72.486 6.5 33.6712
      vertex 74.0726 4 31.7393
      vertex 73.909 4 31.591
    endloop
  endfacet
  facet normal -0.606878 0.706681 -0.363732
    outer loop
      vertex 79.4499 6.5 32.6382
      vertex 79.6891 6.5 32.2391
      vertex 77.4843 4 31.0606
    endloop
  endfacet
  facet normal -0.575529 0.706944 0.411092
    outer loop
      vertex 79.449 6.5 27.3603
      vertex 77.3708 4 28.75
      vertex 79.4495 6.5 27.361
    endloop
  endfacet
  facet normal -0.568389 0.706696 0.421325
    outer loop
      vertex 77.3708 4 28.75
      vertex 79.449 6.5 27.3603
      vertex 77.2393 4 28.5726
    endloop
  endfacet
  facet normal 0.248534 0.706387 -0.662758
    outer loop
      vertex 74.8469 4 32.1531
      vertex 74.1203 6.5 34.5452
      vertex 74.1211 6.5 34.5455
    endloop
  endfacet
  facet normal 0.238393 0.706689 -0.666153
    outer loop
      vertex 74.1203 6.5 34.5452
      vertex 74.8469 4 32.1531
      vertex 74.639 4 32.0787
    endloop
  endfacet
  facet normal -0.662758 0.706387 -0.248534
    outer loop
      vertex 77.6531 4 30.6531
      vertex 80.0452 6.5 31.3797
      vertex 80.0455 6.5 31.3789
    endloop
  endfacet
  facet normal -0.666153 0.706689 -0.238393
    outer loop
      vertex 80.0452 6.5 31.3797
      vertex 77.6531 4 30.6531
      vertex 77.5787 4 30.861
    endloop
  endfacet
  facet normal -0.316286 0.706976 -0.632573
    outer loop
      vertex 76.5606 4 31.9843
      vertex 77.7383 6.5 34.1895
      vertex 77.7391 6.5 34.1891
    endloop
  endfacet
  facet normal -0.302498 0.706683 -0.639604
    outer loop
      vertex 77.7383 6.5 34.1895
      vertex 76.5606 4 31.9843
      vertex 76.361 4 32.0787
    endloop
  endfacet
  facet normal -0.171815 0.706688 0.686347
    outer loop
      vertex 76.8789 6.5 25.4545
      vertex 76.4275 6.5 25.3415
      vertex 76.1531 4 27.8469
    endloop
  endfacet
  facet normal 0.699894 0.706675 0.103722
    outer loop
      vertex 73.2608 4 29.7795
      vertex 70.8411 6.5 29.0742
      vertex 70.7729 6.5 29.5344
    endloop
  endfacet
  facet normal -0.475057 0.706684 -0.524327
    outer loop
      vertex 78.514 6.5 33.6712
      vertex 78.8588 6.5 33.3588
      vertex 77.091 4 31.591
    endloop
  endfacet
  facet normal 0.302473 0.706681 -0.639619
    outer loop
      vertex 73.6823 6.5 34.3884
      vertex 74.639 4 32.0787
      vertex 73.2617 6.5 34.1895
    endloop
  endfacet
  facet normal 0.524219 0.706672 0.475194
    outer loop
      vertex 71.8288 6.5 26.986
      vertex 73.7607 4 28.5726
      vertex 73.909 4 28.409
    endloop
  endfacet
  facet normal 0.501206 0.705397 0.501206
    outer loop
      vertex 73.7607 4 28.5726
      vertex 71.8288 6.5 26.986
      vertex 71.8282 6.5 26.9866
    endloop
  endfacet
  facet normal 0.302498 0.706683 0.639604
    outer loop
      vertex 73.2617 6.5 25.8105
      vertex 74.4394 4 28.0157
      vertex 74.639 4 27.9213
    endloop
  endfacet
  facet normal 0.316286 0.706976 0.632573
    outer loop
      vertex 74.4394 4 28.0157
      vertex 73.2617 6.5 25.8105
      vertex 73.2609 6.5 25.8109
    endloop
  endfacet
  facet normal -0.686347 0.706688 0.171815
    outer loop
      vertex 80.1585 6.5 29.0725
      vertex 80.0455 6.5 28.6211
      vertex 77.6531 4 29.3469
    endloop
  endfacet
  facet normal -0.639619 0.706681 0.302473
    outer loop
      vertex 79.8884 6.5 28.1823
      vertex 79.6895 6.5 27.7617
      vertex 77.5787 4 29.139
    endloop
  endfacet
  facet normal -0.706682 0.706682 0.0346726
    outer loop
      vertex 80.25 6.5 30
      vertex 80.2272 6.5 29.5353
      vertex 77.75 4 30
    endloop
  endfacet
  facet normal 0.706681 0.706675 0.0348246
    outer loop
      vertex 73.2608 4 29.7795
      vertex 70.7729 6.5 29.5344
      vertex 70.75 6.5 29.9991
    endloop
  endfacet
  facet normal -0.172057 0.706671 0.686304
    outer loop
      vertex 76.4275 6.5 25.3415
      vertex 75.9389 4 27.7932
      vertex 76.1531 4 27.8469
    endloop
  endfacet
  facet normal -0.171601 0.706682 0.686406
    outer loop
      vertex 75.9389 4 27.7932
      vertex 76.4275 6.5 25.3415
      vertex 76.4267 6.5 25.3413
    endloop
  endfacet
  facet normal 0.238469 0.706683 -0.666132
    outer loop
      vertex 74.1203 6.5 34.5452
      vertex 74.639 4 32.0787
      vertex 73.6823 6.5 34.3884
    endloop
  endfacet
  facet normal 0.568263 0.70668 -0.421521
    outer loop
      vertex 71.8282 6.5 33.0134
      vertex 73.7607 4 31.4274
      vertex 71.551 6.5 32.6397
    endloop
  endfacet
  facet normal -0.421521 0.70668 0.568263
    outer loop
      vertex 78.5134 6.5 26.3282
      vertex 78.1397 6.5 26.051
      vertex 76.9274 4 28.2607
    endloop
  endfacet
  facet normal 0.666132 0.706683 0.238469
    outer loop
      vertex 73.4213 4 29.139
      vertex 71.1116 6.5 28.1823
      vertex 70.9548 6.5 28.6203
    endloop
  endfacet
  facet normal 0.171815 0.706688 0.686347
    outer loop
      vertex 74.8469 4 27.8469
      vertex 74.5725 6.5 25.3415
      vertex 74.1211 6.5 25.4545
    endloop
  endfacet
  facet normal -0.699881 0.70668 0.103781
    outer loop
      vertex 80.1589 6.5 29.0742
      vertex 77.7068 4 29.561
      vertex 77.7392 4 29.7795
    endloop
  endfacet
  facet normal -0.690364 0.707009 0.153414
    outer loop
      vertex 77.7068 4 29.561
      vertex 80.1589 6.5 29.0742
      vertex 80.1587 6.5 29.0733
    endloop
  endfacet
  facet normal 0.363732 0.706681 0.606878
    outer loop
      vertex 74.4394 4 28.0157
      vertex 73.2609 6.5 25.8109
      vertex 72.8618 6.5 26.0501
    endloop
  endfacet
  facet normal -0.699894 0.706675 -0.103722
    outer loop
      vertex 80.1589 6.5 30.9258
      vertex 80.2271 6.5 30.4656
      vertex 77.7392 4 30.2205
    endloop
  endfacet
  facet normal 0.634936 0.704322 -0.317468
    outer loop
      vertex 73.6292 4 31.25
      vertex 71.5501 6.5 32.6382
      vertex 71.5505 6.5 32.639
    endloop
  endfacet
  facet normal 0.606904 0.706678 -0.363694
    outer loop
      vertex 71.5501 6.5 32.6382
      vertex 73.6292 4 31.25
      vertex 73.5157 4 31.0606
    endloop
  endfacet
  facet normal 0.639604 0.706683 0.302498
    outer loop
      vertex 73.5157 4 28.9394
      vertex 71.3105 6.5 27.7617
      vertex 73.4213 4 29.139
    endloop
  endfacet
  facet normal 0.632573 0.706976 0.316286
    outer loop
      vertex 71.3105 6.5 27.7617
      vertex 73.5157 4 28.9394
      vertex 71.3109 6.5 27.7609
    endloop
  endfacet
  facet normal 0.699894 0.706675 -0.103722
    outer loop
      vertex 70.8411 6.5 30.9258
      vertex 73.2608 4 30.2205
      vertex 70.7729 6.5 30.4656
    endloop
  endfacet
  facet normal -0.0348246 0.706675 0.706681
    outer loop
      vertex 75.7205 4 27.7608
      vertex 75.9656 6.5 25.2729
      vertex 75.5009 6.5 25.25
    endloop
  endfacet
  facet normal -0.686409 0.706679 -0.171602
    outer loop
      vertex 77.7068 4 30.439
      vertex 80.1585 6.5 30.9275
      vertex 80.1587 6.5 30.9267
    endloop
  endfacet
  facet normal -0.68629 0.706666 -0.172133
    outer loop
      vertex 80.1585 6.5 30.9275
      vertex 77.7068 4 30.439
      vertex 77.6531 4 30.6531
    endloop
  endfacet
  facet normal 0.68629 0.706666 -0.172133
    outer loop
      vertex 73.2932 4 30.439
      vertex 70.8415 6.5 30.9275
      vertex 73.3469 4 30.6531
    endloop
  endfacet
  facet normal 0.686409 0.706679 -0.171602
    outer loop
      vertex 70.8415 6.5 30.9275
      vertex 73.2932 4 30.439
      vertex 70.8413 6.5 30.9267
    endloop
  endfacet
  facet normal -0.363732 0.706681 0.606878
    outer loop
      vertex 78.1382 6.5 26.0501
      vertex 77.7391 6.5 25.8109
      vertex 76.5606 4 28.0157
    endloop
  endfacet
  facet normal -0.238469 0.706683 -0.666132
    outer loop
      vertex 76.8797 6.5 34.5452
      vertex 77.3177 6.5 34.3884
      vertex 76.361 4 32.0787
    endloop
  endfacet
  facet normal 0.171815 0.706688 -0.686347
    outer loop
      vertex 74.5725 6.5 34.6585
      vertex 74.8469 4 32.1531
      vertex 74.1211 6.5 34.5455
    endloop
  endfacet
  facet normal -0.501206 0.705397 0.501206
    outer loop
      vertex 79.1712 6.5 26.986
      vertex 77.2393 4 28.5726
      vertex 79.1718 6.5 26.9866
    endloop
  endfacet
  facet normal -0.524219 0.706672 0.475194
    outer loop
      vertex 77.2393 4 28.5726
      vertex 79.1712 6.5 26.986
      vertex 77.091 4 28.409
    endloop
  endfacet
  facet normal -0.568263 0.70668 0.421521
    outer loop
      vertex 79.449 6.5 27.3603
      vertex 79.1718 6.5 26.9866
      vertex 77.2393 4 28.5726
    endloop
  endfacet
  facet normal -0.686347 0.706688 -0.171815
    outer loop
      vertex 80.0455 6.5 31.3789
      vertex 80.1585 6.5 30.9275
      vertex 77.6531 4 30.6531
    endloop
  endfacet
  facet normal -0.686409 0.706679 0.171602
    outer loop
      vertex 80.1585 6.5 29.0725
      vertex 77.7068 4 29.561
      vertex 80.1587 6.5 29.0733
    endloop
  endfacet
  facet normal -0.68629 0.706666 0.172133
    outer loop
      vertex 77.7068 4 29.561
      vertex 80.1585 6.5 29.0725
      vertex 77.6531 4 29.3469
    endloop
  endfacet
  facet normal 0.686347 0.706688 -0.171815
    outer loop
      vertex 70.9545 6.5 31.3789
      vertex 73.3469 4 30.6531
      vertex 70.8415 6.5 30.9275
    endloop
  endfacet
  facet normal -0.421325 0.706696 0.568389
    outer loop
      vertex 78.1397 6.5 26.051
      vertex 76.75 4 28.1292
      vertex 76.9274 4 28.2607
    endloop
  endfacet
  facet normal -0.411092 0.706944 0.575529
    outer loop
      vertex 76.75 4 28.1292
      vertex 78.1397 6.5 26.051
      vertex 78.139 6.5 26.0505
    endloop
  endfacet
  facet normal 0.363732 0.706681 -0.606878
    outer loop
      vertex 73.2609 6.5 34.1891
      vertex 74.4394 4 31.9843
      vertex 72.8618 6.5 33.9499
    endloop
  endfacet
  facet normal -0.524327 0.706684 -0.475057
    outer loop
      vertex 78.8588 6.5 33.3588
      vertex 79.1712 6.5 33.014
      vertex 77.091 4 31.591
    endloop
  endfacet
  facet normal -0.501206 0.705397 -0.501206
    outer loop
      vertex 77.2393 4 31.4274
      vertex 79.1712 6.5 33.014
      vertex 79.1718 6.5 33.0134
    endloop
  endfacet
  facet normal -0.524219 0.706672 -0.475194
    outer loop
      vertex 79.1712 6.5 33.014
      vertex 77.2393 4 31.4274
      vertex 77.091 4 31.591
    endloop
  endfacet
  facet normal 0.411092 0.706944 -0.575529
    outer loop
      vertex 74.25 4 31.8708
      vertex 72.8603 6.5 33.949
      vertex 72.861 6.5 33.9495
    endloop
  endfacet
  facet normal 0.421325 0.706696 -0.568389
    outer loop
      vertex 72.8603 6.5 33.949
      vertex 74.25 4 31.8708
      vertex 74.0726 4 31.7393
    endloop
  endfacet
  facet normal 0.606878 0.706681 -0.363732
    outer loop
      vertex 71.5501 6.5 32.6382
      vertex 73.5157 4 31.0606
      vertex 71.3109 6.5 32.2391
    endloop
  endfacet
  facet normal 0.707107 0.707107 0
    outer loop
      vertex 73.25 4 30
      vertex 70.75 6.5 29.9991
      vertex 70.75 6.5 30
    endloop
  endfacet
  facet normal 0.706677 0.706689 0.0346127
    outer loop
      vertex 70.75 6.5 29.9991
      vertex 73.25 4 30
      vertex 73.2608 4 29.7795
    endloop
  endfacet
  facet normal 0.475057 0.706684 0.524327
    outer loop
      vertex 73.909 4 28.409
      vertex 72.486 6.5 26.3288
      vertex 72.1412 6.5 26.6412
    endloop
  endfacet
  facet normal 0.568389 0.706696 -0.421325
    outer loop
      vertex 73.6292 4 31.25
      vertex 71.551 6.5 32.6397
      vertex 73.7607 4 31.4274
    endloop
  endfacet
  facet normal 0.575529 0.706944 -0.411092
    outer loop
      vertex 71.551 6.5 32.6397
      vertex 73.6292 4 31.25
      vertex 71.5505 6.5 32.639
    endloop
  endfacet
  facet normal 0.421521 0.70668 0.568263
    outer loop
      vertex 74.0726 4 28.2607
      vertex 72.8603 6.5 26.051
      vertex 72.4866 6.5 26.3282
    endloop
  endfacet
  facet normal -0.421521 0.70668 -0.568263
    outer loop
      vertex 78.1397 6.5 33.949
      vertex 78.5134 6.5 33.6718
      vertex 76.9274 4 31.7393
    endloop
  endfacet
  facet normal 0.0346726 0.706682 -0.706682
    outer loop
      vertex 75.5 6.5 34.75
      vertex 75.5 4 32.25
      vertex 75.0353 6.5 34.7272
    endloop
  endfacet
  facet normal 0.706681 0.706675 -0.0348246
    outer loop
      vertex 70.7729 6.5 30.4656
      vertex 73.2608 4 30.2205
      vertex 70.75 6.5 30.0009
    endloop
  endfacet
  facet normal -0.248534 0.706387 -0.662758
    outer loop
      vertex 76.8797 6.5 34.5452
      vertex 76.1531 4 32.1531
      vertex 76.8789 6.5 34.5455
    endloop
  endfacet
  facet normal -0.238393 0.706689 -0.666153
    outer loop
      vertex 76.1531 4 32.1531
      vertex 76.8797 6.5 34.5452
      vertex 76.361 4 32.0787
    endloop
  endfacet
  facet normal -0.171815 0.706688 -0.686347
    outer loop
      vertex 76.4275 6.5 34.6585
      vertex 76.8789 6.5 34.5455
      vertex 76.1531 4 32.1531
    endloop
  endfacet
  facet normal 0.171601 0.706682 -0.686406
    outer loop
      vertex 75.0611 4 32.2068
      vertex 74.5725 6.5 34.6585
      vertex 74.5733 6.5 34.6587
    endloop
  endfacet
  facet normal 0.172057 0.706671 -0.686304
    outer loop
      vertex 74.5725 6.5 34.6585
      vertex 75.0611 4 32.2068
      vertex 74.8469 4 32.1531
    endloop
  endfacet
  facet normal -0.568263 0.70668 -0.421521
    outer loop
      vertex 79.1718 6.5 33.0134
      vertex 79.449 6.5 32.6397
      vertex 77.2393 4 31.4274
    endloop
  endfacet
  facet normal -0.103722 0.706675 -0.699894
    outer loop
      vertex 75.9656 6.5 34.7271
      vertex 76.4258 6.5 34.6589
      vertex 75.7205 4 32.2392
    endloop
  endfacet
  facet normal -0.363732 0.706681 -0.606878
    outer loop
      vertex 77.7391 6.5 34.1891
      vertex 78.1382 6.5 33.9499
      vertex 76.5606 4 31.9843
    endloop
  endfacet
  facet normal -0.317468 0.704322 -0.634936
    outer loop
      vertex 76.75 4 31.8708
      vertex 78.1382 6.5 33.9499
      vertex 78.139 6.5 33.9495
    endloop
  endfacet
  facet normal -0.363694 0.706678 -0.606904
    outer loop
      vertex 78.1382 6.5 33.9499
      vertex 76.75 4 31.8708
      vertex 76.5606 4 31.9843
    endloop
  endfacet
  facet normal 0.0346127 0.706689 0.706677
    outer loop
      vertex 75.5 4 27.75
      vertex 75.4991 6.5 25.25
      vertex 75.2795 4 27.7608
    endloop
  endfacet
  facet normal -0 0.707107 0.707107
    outer loop
      vertex 75.4991 6.5 25.25
      vertex 75.5 4 27.75
      vertex 75.5 6.5 25.25
    endloop
  endfacet
  facet normal 0.666153 0.706689 0.238393
    outer loop
      vertex 70.9548 6.5 28.6203
      vertex 73.3469 4 29.3469
      vertex 73.4213 4 29.139
    endloop
  endfacet
  facet normal 0.662758 0.706387 0.248534
    outer loop
      vertex 73.3469 4 29.3469
      vertex 70.9548 6.5 28.6203
      vertex 70.9545 6.5 28.6211
    endloop
  endfacet
  facet normal -0.0346726 0.706682 -0.706682
    outer loop
      vertex 75.5 6.5 34.75
      vertex 75.9647 6.5 34.7272
      vertex 75.5 4 32.25
    endloop
  endfacet
  facet normal -0.666132 0.706683 -0.238469
    outer loop
      vertex 79.8884 6.5 31.8177
      vertex 80.0452 6.5 31.3797
      vertex 77.5787 4 30.861
    endloop
  endfacet
  facet normal -0.639619 0.706681 -0.302473
    outer loop
      vertex 79.6895 6.5 32.2383
      vertex 79.8884 6.5 31.8177
      vertex 77.5787 4 30.861
    endloop
  endfacet
  facet normal -0.666132 0.706683 0.238469
    outer loop
      vertex 80.0452 6.5 28.6203
      vertex 79.8884 6.5 28.1823
      vertex 77.5787 4 29.139
    endloop
  endfacet
  facet normal -0.606878 0.706681 0.363732
    outer loop
      vertex 79.6891 6.5 27.7609
      vertex 79.4499 6.5 27.3618
      vertex 77.4843 4 28.9394
    endloop
  endfacet
  facet normal 0.238469 0.706683 0.666132
    outer loop
      vertex 74.639 4 27.9213
      vertex 74.1203 6.5 25.4548
      vertex 73.6823 6.5 25.6116
    endloop
  endfacet
  facet normal -0.153414 0.707012 0.690361
    outer loop
      vertex 76.4258 6.5 25.3411
      vertex 75.9389 4 27.7932
      vertex 76.4267 6.5 25.3413
    endloop
  endfacet
  facet normal -0.103827 0.706683 0.699871
    outer loop
      vertex 75.9389 4 27.7932
      vertex 76.4258 6.5 25.3411
      vertex 75.7205 4 27.7608
    endloop
  endfacet
  facet normal 0.0348246 0.706675 0.706681
    outer loop
      vertex 75.2795 4 27.7608
      vertex 75.4991 6.5 25.25
      vertex 75.0344 6.5 25.2729
    endloop
  endfacet
  facet normal -0.639604 0.706683 0.302498
    outer loop
      vertex 79.6895 6.5 27.7617
      vertex 77.4843 4 28.9394
      vertex 77.5787 4 29.139
    endloop
  endfacet
  facet normal -0.632573 0.706976 0.316286
    outer loop
      vertex 77.4843 4 28.9394
      vertex 79.6895 6.5 27.7617
      vertex 79.6891 6.5 27.7609
    endloop
  endfacet
  facet normal 0.639619 0.706681 -0.302473
    outer loop
      vertex 71.3105 6.5 32.2383
      vertex 73.4213 4 30.861
      vertex 71.1116 6.5 31.8177
    endloop
  endfacet
  facet normal 0.363694 0.706678 -0.606904
    outer loop
      vertex 74.25 4 31.8708
      vertex 72.8618 6.5 33.9499
      vertex 74.4394 4 31.9843
    endloop
  endfacet
  facet normal 0.317468 0.704322 -0.634936
    outer loop
      vertex 72.8618 6.5 33.9499
      vertex 74.25 4 31.8708
      vertex 72.861 6.5 33.9495
    endloop
  endfacet
  facet normal 0.524327 0.706684 -0.475057
    outer loop
      vertex 72.1412 6.5 33.3588
      vertex 73.909 4 31.591
      vertex 71.8288 6.5 33.014
    endloop
  endfacet
  facet normal -0.238469 0.706683 0.666132
    outer loop
      vertex 77.3177 6.5 25.6116
      vertex 76.8797 6.5 25.4548
      vertex 76.361 4 27.9213
    endloop
  endfacet
  facet normal -0.606904 0.706678 0.363694
    outer loop
      vertex 79.4499 6.5 27.3618
      vertex 77.3708 4 28.75
      vertex 77.4843 4 28.9394
    endloop
  endfacet
  facet normal -0.634936 0.704322 0.317468
    outer loop
      vertex 77.3708 4 28.75
      vertex 79.4499 6.5 27.3618
      vertex 79.4495 6.5 27.361
    endloop
  endfacet
  facet normal -0.699894 0.706675 0.103722
    outer loop
      vertex 80.2271 6.5 29.5344
      vertex 80.1589 6.5 29.0742
      vertex 77.7392 4 29.7795
    endloop
  endfacet
  facet normal -0.706689 0.706678 0.0346133
    outer loop
      vertex 80.2272 6.5 29.5353
      vertex 77.7392 4 29.7795
      vertex 77.75 4 30
    endloop
  endfacet
  facet normal -0.702817 0.707071 0.0780908
    outer loop
      vertex 77.7392 4 29.7795
      vertex 80.2272 6.5 29.5353
      vertex 80.2271 6.5 29.5344
    endloop
  endfacet
  facet normal -0.634936 0.704322 -0.317468
    outer loop
      vertex 79.4499 6.5 32.6382
      vertex 77.3708 4 31.25
      vertex 79.4495 6.5 32.639
    endloop
  endfacet
  facet normal -0.606904 0.706678 -0.363694
    outer loop
      vertex 77.3708 4 31.25
      vertex 79.4499 6.5 32.6382
      vertex 77.4843 4 31.0606
    endloop
  endfacet
  facet normal 0.475057 0.706684 -0.524327
    outer loop
      vertex 72.486 6.5 33.6712
      vertex 73.909 4 31.591
      vertex 72.1412 6.5 33.3588
    endloop
  endfacet
  facet normal 0.524219 0.706672 -0.475194
    outer loop
      vertex 73.7607 4 31.4274
      vertex 71.8288 6.5 33.014
      vertex 73.909 4 31.591
    endloop
  endfacet
  facet normal 0.501206 0.705397 -0.501206
    outer loop
      vertex 71.8288 6.5 33.014
      vertex 73.7607 4 31.4274
      vertex 71.8282 6.5 33.0134
    endloop
  endfacet
  facet normal -0.524327 0.706684 0.475057
    outer loop
      vertex 79.1712 6.5 26.986
      vertex 78.8588 6.5 26.6412
      vertex 77.091 4 28.409
    endloop
  endfacet
  facet normal -0.238393 0.706689 0.666153
    outer loop
      vertex 76.8797 6.5 25.4548
      vertex 76.1531 4 27.8469
      vertex 76.361 4 27.9213
    endloop
  endfacet
  facet normal -0.248534 0.706387 0.662758
    outer loop
      vertex 76.1531 4 27.8469
      vertex 76.8797 6.5 25.4548
      vertex 76.8789 6.5 25.4545
    endloop
  endfacet
  facet normal 0.103827 0.706683 0.699871
    outer loop
      vertex 74.5742 6.5 25.3411
      vertex 75.0611 4 27.7932
      vertex 75.2795 4 27.7608
    endloop
  endfacet
  facet normal 0.153414 0.707012 0.690361
    outer loop
      vertex 75.0611 4 27.7932
      vertex 74.5742 6.5 25.3411
      vertex 74.5733 6.5 25.3413
    endloop
  endfacet
  facet normal -0.0780908 0.707071 -0.702817
    outer loop
      vertex 75.7205 4 32.2392
      vertex 75.9647 6.5 34.7272
      vertex 75.9656 6.5 34.7271
    endloop
  endfacet
  facet normal -0.0346133 0.706678 -0.706689
    outer loop
      vertex 75.9647 6.5 34.7272
      vertex 75.7205 4 32.2392
      vertex 75.5 4 32.25
    endloop
  endfacet
  facet normal -0.632573 0.706976 -0.316286
    outer loop
      vertex 79.6895 6.5 32.2383
      vertex 77.4843 4 31.0606
      vertex 79.6891 6.5 32.2391
    endloop
  endfacet
  facet normal -0.639604 0.706683 -0.302498
    outer loop
      vertex 77.4843 4 31.0606
      vertex 79.6895 6.5 32.2383
      vertex 77.5787 4 30.861
    endloop
  endfacet
  facet normal 0.302498 0.706683 -0.639604
    outer loop
      vertex 74.4394 4 31.9843
      vertex 73.2617 6.5 34.1895
      vertex 74.639 4 32.0787
    endloop
  endfacet
  facet normal 0.316286 0.706976 -0.632573
    outer loop
      vertex 73.2617 6.5 34.1895
      vertex 74.4394 4 31.9843
      vertex 73.2609 6.5 34.1891
    endloop
  endfacet
  facet normal 0.699881 0.70668 0.103781
    outer loop
      vertex 73.2932 4 29.561
      vertex 70.8411 6.5 29.0742
      vertex 73.2608 4 29.7795
    endloop
  endfacet
  facet normal 0.690364 0.707009 0.153414
    outer loop
      vertex 70.8411 6.5 29.0742
      vertex 73.2932 4 29.561
      vertex 70.8413 6.5 29.0733
    endloop
  endfacet
  facet normal 0.606878 0.706681 0.363732
    outer loop
      vertex 73.5157 4 28.9394
      vertex 71.5501 6.5 27.3618
      vertex 71.3109 6.5 27.7609
    endloop
  endfacet
  facet normal 0.666132 0.706683 -0.238469
    outer loop
      vertex 71.1116 6.5 31.8177
      vertex 73.4213 4 30.861
      vertex 70.9548 6.5 31.3797
    endloop
  endfacet
  facet normal 0.706677 0.706689 -0.0346127
    outer loop
      vertex 73.25 4 30
      vertex 70.75 6.5 30.0009
      vertex 73.2608 4 30.2205
    endloop
  endfacet
  facet normal 0.707107 0.707107 0
    outer loop
      vertex 70.75 6.5 30.0009
      vertex 73.25 4 30
      vertex 70.75 6.5 30
    endloop
  endfacet
  facet normal 0.666153 0.706689 -0.238393
    outer loop
      vertex 73.3469 4 30.6531
      vertex 70.9548 6.5 31.3797
      vertex 73.4213 4 30.861
    endloop
  endfacet
  facet normal 0.662758 0.706387 -0.248534
    outer loop
      vertex 70.9548 6.5 31.3797
      vertex 73.3469 4 30.6531
      vertex 70.9545 6.5 31.3789
    endloop
  endfacet
  facet normal 0.639619 0.706681 0.302473
    outer loop
      vertex 73.4213 4 29.139
      vertex 71.3105 6.5 27.7617
      vertex 71.1116 6.5 28.1823
    endloop
  endfacet
  facet normal 0.0346133 0.706678 -0.706689
    outer loop
      vertex 75.2795 4 32.2392
      vertex 75.0353 6.5 34.7272
      vertex 75.5 4 32.25
    endloop
  endfacet
  facet normal 0.0780908 0.707071 -0.702817
    outer loop
      vertex 75.0353 6.5 34.7272
      vertex 75.2795 4 32.2392
      vertex 75.0344 6.5 34.7271
    endloop
  endfacet
  facet normal 0.421521 0.70668 -0.568263
    outer loop
      vertex 72.8603 6.5 33.949
      vertex 74.0726 4 31.7393
      vertex 72.4866 6.5 33.6718
    endloop
  endfacet
  facet normal 0.103722 0.706675 -0.699894
    outer loop
      vertex 75.0344 6.5 34.7271
      vertex 75.2795 4 32.2392
      vertex 74.5742 6.5 34.6589
    endloop
  endfacet
  facet normal -0.317468 0.704322 0.634936
    outer loop
      vertex 78.1382 6.5 26.0501
      vertex 76.75 4 28.1292
      vertex 78.139 6.5 26.0505
    endloop
  endfacet
  facet normal -0.363694 0.706678 0.606904
    outer loop
      vertex 76.75 4 28.1292
      vertex 78.1382 6.5 26.0501
      vertex 76.5606 4 28.0157
    endloop
  endfacet
  facet normal -0.475194 0.706672 0.524219
    outer loop
      vertex 78.514 6.5 26.3288
      vertex 76.9274 4 28.2607
      vertex 77.091 4 28.409
    endloop
  endfacet
  facet normal -0.501206 0.705397 0.501206
    outer loop
      vertex 76.9274 4 28.2607
      vertex 78.514 6.5 26.3288
      vertex 78.5134 6.5 26.3282
    endloop
  endfacet
  facet normal -0.411092 0.706944 -0.575529
    outer loop
      vertex 78.1397 6.5 33.949
      vertex 76.75 4 31.8708
      vertex 78.139 6.5 33.9495
    endloop
  endfacet
  facet normal -0.421325 0.706696 -0.568389
    outer loop
      vertex 76.75 4 31.8708
      vertex 78.1397 6.5 33.949
      vertex 76.9274 4 31.7393
    endloop
  endfacet
  facet normal -0.501206 0.705397 -0.501206
    outer loop
      vertex 78.514 6.5 33.6712
      vertex 76.9274 4 31.7393
      vertex 78.5134 6.5 33.6718
    endloop
  endfacet
  facet normal -0.475194 0.706672 -0.524219
    outer loop
      vertex 76.9274 4 31.7393
      vertex 78.514 6.5 33.6712
      vertex 77.091 4 31.591
    endloop
  endfacet
  facet normal 0.475194 0.706672 0.524219
    outer loop
      vertex 74.0726 4 28.2607
      vertex 72.486 6.5 26.3288
      vertex 73.909 4 28.409
    endloop
  endfacet
  facet normal 0.501206 0.705397 0.501206
    outer loop
      vertex 72.486 6.5 26.3288
      vertex 74.0726 4 28.2607
      vertex 72.4866 6.5 26.3282
    endloop
  endfacet
  facet normal -0.153414 0.707012 -0.690361
    outer loop
      vertex 75.9389 4 32.2068
      vertex 76.4258 6.5 34.6589
      vertex 76.4267 6.5 34.6587
    endloop
  endfacet
  facet normal -0.103827 0.706683 -0.699871
    outer loop
      vertex 76.4258 6.5 34.6589
      vertex 75.9389 4 32.2068
      vertex 75.7205 4 32.2392
    endloop
  endfacet
  facet normal 0.524327 0.706684 0.475057
    outer loop
      vertex 73.909 4 28.409
      vertex 72.1412 6.5 26.6412
      vertex 71.8288 6.5 26.986
    endloop
  endfacet
  facet normal -0.662758 0.706387 0.248534
    outer loop
      vertex 80.0452 6.5 28.6203
      vertex 77.6531 4 29.3469
      vertex 80.0455 6.5 28.6211
    endloop
  endfacet
  facet normal -0.666153 0.706689 0.238393
    outer loop
      vertex 77.6531 4 29.3469
      vertex 80.0452 6.5 28.6203
      vertex 77.5787 4 29.139
    endloop
  endfacet
  facet normal -0.702817 0.707071 -0.0780908
    outer loop
      vertex 80.2272 6.5 30.4647
      vertex 77.7392 4 30.2205
      vertex 80.2271 6.5 30.4656
    endloop
  endfacet
  facet normal -0.706689 0.706678 -0.0346133
    outer loop
      vertex 77.7392 4 30.2205
      vertex 80.2272 6.5 30.4647
      vertex 77.75 4 30
    endloop
  endfacet
  facet normal -0.475057 0.706684 0.524327
    outer loop
      vertex 78.8588 6.5 26.6412
      vertex 78.514 6.5 26.3288
      vertex 77.091 4 28.409
    endloop
  endfacet
  facet normal -0.103722 0.706675 0.699894
    outer loop
      vertex 76.4258 6.5 25.3411
      vertex 75.9656 6.5 25.2729
      vertex 75.7205 4 27.7608
    endloop
  endfacet
  facet normal 0.690364 0.707009 -0.153414
    outer loop
      vertex 73.2932 4 30.439
      vertex 70.8411 6.5 30.9258
      vertex 70.8413 6.5 30.9267
    endloop
  endfacet
  facet normal 0.699881 0.70668 -0.103781
    outer loop
      vertex 70.8411 6.5 30.9258
      vertex 73.2932 4 30.439
      vertex 73.2608 4 30.2205
    endloop
  endfacet
  facet normal 0.686347 0.706688 0.171815
    outer loop
      vertex 73.3469 4 29.3469
      vertex 70.9545 6.5 28.6211
      vertex 70.8415 6.5 29.0725
    endloop
  endfacet
  facet normal 0.606904 0.706678 0.363694
    outer loop
      vertex 73.6292 4 28.75
      vertex 71.5501 6.5 27.3618
      vertex 73.5157 4 28.9394
    endloop
  endfacet
  facet normal 0.634936 0.704322 0.317468
    outer loop
      vertex 71.5501 6.5 27.3618
      vertex 73.6292 4 28.75
      vertex 71.5505 6.5 27.361
    endloop
  endfacet
  facet normal -0.0346127 0.706689 0.706677
    outer loop
      vertex 75.5009 6.5 25.25
      vertex 75.5 4 27.75
      vertex 75.7205 4 27.7608
    endloop
  endfacet
  facet normal 0 0.707107 0.707107
    outer loop
      vertex 75.5 4 27.75
      vertex 75.5009 6.5 25.25
      vertex 75.5 6.5 25.25
    endloop
  endfacet
  facet normal 0.421325 0.706696 0.568389
    outer loop
      vertex 74.25 4 28.1292
      vertex 72.8603 6.5 26.051
      vertex 74.0726 4 28.2607
    endloop
  endfacet
  facet normal 0.411092 0.706944 0.575529
    outer loop
      vertex 72.8603 6.5 26.051
      vertex 74.25 4 28.1292
      vertex 72.861 6.5 26.0505
    endloop
  endfacet
  facet normal -0.171601 0.706682 -0.686406
    outer loop
      vertex 76.4275 6.5 34.6585
      vertex 75.9389 4 32.2068
      vertex 76.4267 6.5 34.6587
    endloop
  endfacet
  facet normal -0.172057 0.706671 -0.686304
    outer loop
      vertex 75.9389 4 32.2068
      vertex 76.4275 6.5 34.6585
      vertex 76.1531 4 32.1531
    endloop
  endfacet
  facet normal 0.172057 0.706671 0.686304
    outer loop
      vertex 75.0611 4 27.7932
      vertex 74.5725 6.5 25.3415
      vertex 74.8469 4 27.8469
    endloop
  endfacet
  facet normal 0.171601 0.706682 0.686406
    outer loop
      vertex 74.5725 6.5 25.3415
      vertex 75.0611 4 27.7932
      vertex 74.5733 6.5 25.3413
    endloop
  endfacet
  facet normal -0.690364 0.707009 -0.153414
    outer loop
      vertex 80.1589 6.5 30.9258
      vertex 77.7068 4 30.439
      vertex 80.1587 6.5 30.9267
    endloop
  endfacet
  facet normal -0.699881 0.70668 -0.103781
    outer loop
      vertex 77.7068 4 30.439
      vertex 80.1589 6.5 30.9258
      vertex 77.7392 4 30.2205
    endloop
  endfacet
  facet normal 0.363694 0.706678 0.606904
    outer loop
      vertex 72.8618 6.5 26.0501
      vertex 74.25 4 28.1292
      vertex 74.4394 4 28.0157
    endloop
  endfacet
  facet normal 0.317468 0.704322 0.634936
    outer loop
      vertex 74.25 4 28.1292
      vertex 72.8618 6.5 26.0501
      vertex 72.861 6.5 26.0505
    endloop
  endfacet
  facet normal 0.302473 0.706681 0.639619
    outer loop
      vertex 74.639 4 27.9213
      vertex 73.6823 6.5 25.6116
      vertex 73.2617 6.5 25.8105
    endloop
  endfacet
  facet normal -0.575529 0.706944 -0.411092
    outer loop
      vertex 77.3708 4 31.25
      vertex 79.449 6.5 32.6397
      vertex 79.4495 6.5 32.639
    endloop
  endfacet
  facet normal -0.568389 0.706696 -0.421325
    outer loop
      vertex 79.449 6.5 32.6397
      vertex 77.3708 4 31.25
      vertex 77.2393 4 31.4274
    endloop
  endfacet
  facet normal 0.103827 0.706683 -0.699871
    outer loop
      vertex 75.0611 4 32.2068
      vertex 74.5742 6.5 34.6589
      vertex 75.2795 4 32.2392
    endloop
  endfacet
  facet normal 0.153414 0.707012 -0.690361
    outer loop
      vertex 74.5742 6.5 34.6589
      vertex 75.0611 4 32.2068
      vertex 74.5733 6.5 34.6587
    endloop
  endfacet
  facet normal 0.103722 0.706675 0.699894
    outer loop
      vertex 75.2795 4 27.7608
      vertex 75.0344 6.5 25.2729
      vertex 74.5742 6.5 25.3411
    endloop
  endfacet
  facet normal 0.568263 0.70668 0.421521
    outer loop
      vertex 73.7607 4 28.5726
      vertex 71.8282 6.5 26.9866
      vertex 71.551 6.5 27.3603
    endloop
  endfacet
  facet normal 0.568389 0.706696 0.421325
    outer loop
      vertex 71.551 6.5 27.3603
      vertex 73.6292 4 28.75
      vertex 73.7607 4 28.5726
    endloop
  endfacet
  facet normal 0.575529 0.706944 0.411092
    outer loop
      vertex 73.6292 4 28.75
      vertex 71.551 6.5 27.3603
      vertex 71.5505 6.5 27.361
    endloop
  endfacet
  facet normal 0.68629 0.706666 0.172133
    outer loop
      vertex 70.8415 6.5 29.0725
      vertex 73.2932 4 29.561
      vertex 73.3469 4 29.3469
    endloop
  endfacet
  facet normal 0.686409 0.706679 0.171602
    outer loop
      vertex 73.2932 4 29.561
      vertex 70.8415 6.5 29.0725
      vertex 70.8413 6.5 29.0733
    endloop
  endfacet
  facet normal -0.302473 0.706681 0.639619
    outer loop
      vertex 77.7383 6.5 25.8105
      vertex 77.3177 6.5 25.6116
      vertex 76.361 4 27.9213
    endloop
  endfacet
  facet normal -0.316286 0.706976 0.632573
    outer loop
      vertex 77.7383 6.5 25.8105
      vertex 76.5606 4 28.0157
      vertex 77.7391 6.5 25.8109
    endloop
  endfacet
  facet normal -0.302498 0.706683 0.639604
    outer loop
      vertex 76.5606 4 28.0157
      vertex 77.7383 6.5 25.8105
      vertex 76.361 4 27.9213
    endloop
  endfacet
  facet normal 0.335331 0 0.9421
    outer loop
      vertex 74.639 4 109.921
      vertex 74.8469 0 109.847
      vertex 74.8469 4 109.847
    endloop
  endfacet
  facet normal 0.335331 0 0.9421
    outer loop
      vertex 74.8469 0 109.847
      vertex 74.639 4 109.921
      vertex 74.639 0 109.921
    endloop
  endfacet
  facet normal -0.989135 0 -0.147009
    outer loop
      vertex 77.7392 0 112.221
      vertex 77.7068 4 112.439
      vertex 77.7392 4 112.221
    endloop
  endfacet
  facet normal -0.989135 -0 -0.147009
    outer loop
      vertex 77.7068 4 112.439
      vertex 77.7392 0 112.221
      vertex 77.7068 0 112.439
    endloop
  endfacet
  facet normal -0.998808 0 -0.0488105
    outer loop
      vertex 77.75 0 112
      vertex 77.7392 4 112.221
      vertex 77.75 4 112
    endloop
  endfacet
  facet normal -0.998808 -0 -0.0488105
    outer loop
      vertex 77.7392 4 112.221
      vertex 77.75 0 112
      vertex 77.7392 0 112.221
    endloop
  endfacet
  facet normal -0.969929 0 -0.243389
    outer loop
      vertex 77.7068 0 112.439
      vertex 77.6531 4 112.653
      vertex 77.7068 4 112.439
    endloop
  endfacet
  facet normal -0.969929 -0 -0.243389
    outer loop
      vertex 77.6531 4 112.653
      vertex 77.7068 0 112.439
      vertex 77.6531 0 112.653
    endloop
  endfacet
  facet normal 0.989135 0 -0.147009
    outer loop
      vertex 73.2932 0 112.439
      vertex 73.2608 4 112.221
      vertex 73.2932 4 112.439
    endloop
  endfacet
  facet normal 0.989135 0 -0.147009
    outer loop
      vertex 73.2608 4 112.221
      vertex 73.2932 0 112.439
      vertex 73.2608 0 112.221
    endloop
  endfacet
  facet normal 0.244452 0 0.969661
    outer loop
      vertex 74.8469 4 109.847
      vertex 75.0611 0 109.793
      vertex 75.0611 4 109.793
    endloop
  endfacet
  facet normal 0.244452 0 0.969661
    outer loop
      vertex 75.0611 0 109.793
      vertex 74.8469 4 109.847
      vertex 74.8469 0 109.847
    endloop
  endfacet
  facet normal -0.335331 0 -0.9421
    outer loop
      vertex 76.1531 0 114.153
      vertex 76.361 4 114.079
      vertex 76.361 0 114.079
    endloop
  endfacet
  facet normal -0.335331 0 -0.9421
    outer loop
      vertex 76.361 4 114.079
      vertex 76.1531 0 114.153
      vertex 76.1531 4 114.153
    endloop
  endfacet
  facet normal 0.51236 0 -0.858771
    outer loop
      vertex 74.25 0 113.871
      vertex 74.4394 4 113.984
      vertex 74.4394 0 113.984
    endloop
  endfacet
  facet normal 0.51236 0 -0.858771
    outer loop
      vertex 74.4394 4 113.984
      vertex 74.25 0 113.871
      vertex 74.25 4 113.871
    endloop
  endfacet
  facet normal 0.904326 -0 0.426842
    outer loop
      vertex 73.4213 0 111.139
      vertex 73.5157 4 110.939
      vertex 73.4213 4 111.139
    endloop
  endfacet
  facet normal 0.904326 0 0.426842
    outer loop
      vertex 73.5157 4 110.939
      vertex 73.4213 0 111.139
      vertex 73.5157 0 110.939
    endloop
  endfacet
  facet normal 0.244452 0 -0.969661
    outer loop
      vertex 74.8469 0 114.153
      vertex 75.0611 4 114.207
      vertex 75.0611 0 114.207
    endloop
  endfacet
  facet normal 0.244452 0 -0.969661
    outer loop
      vertex 75.0611 4 114.207
      vertex 74.8469 0 114.153
      vertex 74.8469 4 114.153
    endloop
  endfacet
  facet normal 0.857293 -0 0.514829
    outer loop
      vertex 73.5157 0 110.939
      vertex 73.6292 4 110.75
      vertex 73.5157 4 110.939
    endloop
  endfacet
  facet normal 0.857293 0 0.514829
    outer loop
      vertex 73.6292 4 110.75
      vertex 73.5157 0 110.939
      vertex 73.6292 0 110.75
    endloop
  endfacet
  facet normal -0.244452 0 0.969661
    outer loop
      vertex 75.9389 4 109.793
      vertex 76.1531 0 109.847
      vertex 76.1531 4 109.847
    endloop
  endfacet
  facet normal -0.244452 0 0.969661
    outer loop
      vertex 76.1531 0 109.847
      vertex 75.9389 4 109.793
      vertex 75.9389 0 109.793
    endloop
  endfacet
  facet normal 0.596957 0 0.802274
    outer loop
      vertex 74.0726 4 110.261
      vertex 74.25 0 110.129
      vertex 74.25 4 110.129
    endloop
  endfacet
  facet normal 0.596957 0 0.802274
    outer loop
      vertex 74.25 0 110.129
      vertex 74.0726 4 110.261
      vertex 74.0726 0 110.261
    endloop
  endfacet
  facet normal -0.51236 0 0.858771
    outer loop
      vertex 76.5606 4 110.016
      vertex 76.75 0 110.129
      vertex 76.75 4 110.129
    endloop
  endfacet
  facet normal -0.51236 0 0.858771
    outer loop
      vertex 76.75 0 110.129
      vertex 76.5606 4 110.016
      vertex 76.5606 0 110.016
    endloop
  endfacet
  facet normal -0.802713 0 0.596366
    outer loop
      vertex 77.2393 0 110.573
      vertex 77.3708 4 110.75
      vertex 77.2393 4 110.573
    endloop
  endfacet
  facet normal -0.802713 0 0.596366
    outer loop
      vertex 77.3708 4 110.75
      vertex 77.2393 0 110.573
      vertex 77.3708 0 110.75
    endloop
  endfacet
  facet normal -0.144972 0 -0.989436
    outer loop
      vertex 75.7205 0 114.239
      vertex 75.9389 4 114.207
      vertex 75.9389 0 114.207
    endloop
  endfacet
  facet normal -0.144972 0 -0.989436
    outer loop
      vertex 75.9389 4 114.207
      vertex 75.7205 0 114.239
      vertex 75.7205 4 114.239
    endloop
  endfacet
  facet normal 0.596957 0 -0.802274
    outer loop
      vertex 74.0726 0 113.739
      vertex 74.25 4 113.871
      vertex 74.25 0 113.871
    endloop
  endfacet
  facet normal 0.596957 0 -0.802274
    outer loop
      vertex 74.25 4 113.871
      vertex 74.0726 0 113.739
      vertex 74.0726 4 113.739
    endloop
  endfacet
  facet normal -0.429758 0 0.902944
    outer loop
      vertex 76.361 4 109.921
      vertex 76.5606 0 110.016
      vertex 76.5606 4 110.016
    endloop
  endfacet
  facet normal -0.429758 0 0.902944
    outer loop
      vertex 76.5606 0 110.016
      vertex 76.361 4 109.921
      vertex 76.361 0 109.921
    endloop
  endfacet
  facet normal 0.802713 0 -0.596366
    outer loop
      vertex 73.7607 0 113.427
      vertex 73.6292 4 113.25
      vertex 73.7607 4 113.427
    endloop
  endfacet
  facet normal 0.802713 0 -0.596366
    outer loop
      vertex 73.6292 4 113.25
      vertex 73.7607 0 113.427
      vertex 73.6292 0 113.25
    endloop
  endfacet
  facet normal -0.989135 0 0.147009
    outer loop
      vertex 77.7068 0 111.561
      vertex 77.7392 4 111.779
      vertex 77.7068 4 111.561
    endloop
  endfacet
  facet normal -0.989135 0 0.147009
    outer loop
      vertex 77.7392 4 111.779
      vertex 77.7068 0 111.561
      vertex 77.7392 0 111.779
    endloop
  endfacet
  facet normal 0.941578 0 -0.336795
    outer loop
      vertex 73.4213 0 112.861
      vertex 73.3469 4 112.653
      vertex 73.4213 4 112.861
    endloop
  endfacet
  facet normal 0.941578 0 -0.336795
    outer loop
      vertex 73.3469 4 112.653
      vertex 73.4213 0 112.861
      vertex 73.3469 0 112.653
    endloop
  endfacet
  facet normal -0.429758 0 -0.902944
    outer loop
      vertex 76.361 0 114.079
      vertex 76.5606 4 113.984
      vertex 76.5606 0 113.984
    endloop
  endfacet
  facet normal -0.429758 0 -0.902944
    outer loop
      vertex 76.5606 4 113.984
      vertex 76.361 0 114.079
      vertex 76.361 4 114.079
    endloop
  endfacet
  facet normal 0.941578 -0 0.336795
    outer loop
      vertex 73.3469 0 111.347
      vertex 73.4213 4 111.139
      vertex 73.3469 4 111.347
    endloop
  endfacet
  facet normal 0.941578 0 0.336795
    outer loop
      vertex 73.4213 4 111.139
      vertex 73.3469 0 111.347
      vertex 73.4213 0 111.139
    endloop
  endfacet
  facet normal -0.969929 0 0.243389
    outer loop
      vertex 77.6531 0 111.347
      vertex 77.7068 4 111.561
      vertex 77.6531 4 111.347
    endloop
  endfacet
  facet normal -0.969929 0 0.243389
    outer loop
      vertex 77.7068 4 111.561
      vertex 77.6531 0 111.347
      vertex 77.7068 0 111.561
    endloop
  endfacet
  facet normal 0.0498247 0 -0.998758
    outer loop
      vertex 75.2795 0 114.239
      vertex 75.5 4 114.25
      vertex 75.5 0 114.25
    endloop
  endfacet
  facet normal 0.0498247 0 -0.998758
    outer loop
      vertex 75.5 4 114.25
      vertex 75.2795 0 114.239
      vertex 75.2795 4 114.239
    endloop
  endfacet
  facet normal -0.670866 0 -0.741579
    outer loop
      vertex 76.9274 0 113.739
      vertex 77.091 4 113.591
      vertex 77.091 0 113.591
    endloop
  endfacet
  facet normal -0.670866 0 -0.741579
    outer loop
      vertex 77.091 4 113.591
      vertex 76.9274 0 113.739
      vertex 76.9274 4 113.739
    endloop
  endfacet
  facet normal 0.429758 0 -0.902944
    outer loop
      vertex 74.4394 0 113.984
      vertex 74.639 4 114.079
      vertex 74.639 0 114.079
    endloop
  endfacet
  facet normal 0.429758 0 -0.902944
    outer loop
      vertex 74.639 4 114.079
      vertex 74.4394 0 113.984
      vertex 74.4394 4 113.984
    endloop
  endfacet
  facet normal 0.670866 0 -0.741579
    outer loop
      vertex 73.909 0 113.591
      vertex 74.0726 4 113.739
      vertex 74.0726 0 113.739
    endloop
  endfacet
  facet normal 0.670866 0 -0.741579
    outer loop
      vertex 74.0726 4 113.739
      vertex 73.909 0 113.591
      vertex 73.909 4 113.591
    endloop
  endfacet
  facet normal -0.335331 0 0.9421
    outer loop
      vertex 76.1531 4 109.847
      vertex 76.361 0 109.921
      vertex 76.361 4 109.921
    endloop
  endfacet
  facet normal -0.335331 0 0.9421
    outer loop
      vertex 76.361 0 109.921
      vertex 76.1531 4 109.847
      vertex 76.1531 0 109.847
    endloop
  endfacet
  facet normal 0.335331 0 -0.9421
    outer loop
      vertex 74.639 0 114.079
      vertex 74.8469 4 114.153
      vertex 74.8469 0 114.153
    endloop
  endfacet
  facet normal 0.335331 0 -0.9421
    outer loop
      vertex 74.8469 4 114.153
      vertex 74.639 0 114.079
      vertex 74.639 4 114.079
    endloop
  endfacet
  facet normal -0.802713 0 -0.596366
    outer loop
      vertex 77.3708 0 113.25
      vertex 77.2393 4 113.427
      vertex 77.3708 4 113.25
    endloop
  endfacet
  facet normal -0.802713 -0 -0.596366
    outer loop
      vertex 77.2393 4 113.427
      vertex 77.3708 0 113.25
      vertex 77.2393 0 113.427
    endloop
  endfacet
  facet normal 0.857293 0 -0.514829
    outer loop
      vertex 73.6292 0 113.25
      vertex 73.5157 4 113.061
      vertex 73.6292 4 113.25
    endloop
  endfacet
  facet normal 0.857293 0 -0.514829
    outer loop
      vertex 73.5157 4 113.061
      vertex 73.6292 0 113.25
      vertex 73.5157 0 113.061
    endloop
  endfacet
  facet normal -0.998808 0 0.0488105
    outer loop
      vertex 77.7392 0 111.779
      vertex 77.75 4 112
      vertex 77.7392 4 111.779
    endloop
  endfacet
  facet normal -0.998808 0 0.0488105
    outer loop
      vertex 77.75 4 112
      vertex 77.7392 0 111.779
      vertex 77.75 0 112
    endloop
  endfacet
  facet normal -0.904326 0 0.426842
    outer loop
      vertex 77.4843 0 110.939
      vertex 77.5787 4 111.139
      vertex 77.4843 4 110.939
    endloop
  endfacet
  facet normal -0.904326 0 0.426842
    outer loop
      vertex 77.5787 4 111.139
      vertex 77.4843 0 110.939
      vertex 77.5787 0 111.139
    endloop
  endfacet
  facet normal -0.857293 0 -0.514829
    outer loop
      vertex 77.4843 0 113.061
      vertex 77.3708 4 113.25
      vertex 77.4843 4 113.061
    endloop
  endfacet
  facet normal -0.857293 -0 -0.514829
    outer loop
      vertex 77.3708 4 113.25
      vertex 77.4843 0 113.061
      vertex 77.3708 0 113.25
    endloop
  endfacet
  facet normal 0.670866 0 0.741579
    outer loop
      vertex 73.909 4 110.409
      vertex 74.0726 0 110.261
      vertex 74.0726 4 110.261
    endloop
  endfacet
  facet normal 0.670866 0 0.741579
    outer loop
      vertex 74.0726 0 110.261
      vertex 73.909 4 110.409
      vertex 73.909 0 110.409
    endloop
  endfacet
  facet normal -0.596957 0 -0.802274
    outer loop
      vertex 76.75 0 113.871
      vertex 76.9274 4 113.739
      vertex 76.9274 0 113.739
    endloop
  endfacet
  facet normal -0.596957 0 -0.802274
    outer loop
      vertex 76.9274 4 113.739
      vertex 76.75 0 113.871
      vertex 76.75 4 113.871
    endloop
  endfacet
  facet normal 0.51236 0 0.858771
    outer loop
      vertex 74.25 4 110.129
      vertex 74.4394 0 110.016
      vertex 74.4394 4 110.016
    endloop
  endfacet
  facet normal 0.51236 0 0.858771
    outer loop
      vertex 74.4394 0 110.016
      vertex 74.25 4 110.129
      vertex 74.25 0 110.129
    endloop
  endfacet
  facet normal -0.51236 0 -0.858771
    outer loop
      vertex 76.5606 0 113.984
      vertex 76.75 4 113.871
      vertex 76.75 0 113.871
    endloop
  endfacet
  facet normal -0.51236 0 -0.858771
    outer loop
      vertex 76.75 4 113.871
      vertex 76.5606 0 113.984
      vertex 76.5606 4 113.984
    endloop
  endfacet
  facet normal -0.144972 0 0.989436
    outer loop
      vertex 75.7205 4 109.761
      vertex 75.9389 0 109.793
      vertex 75.9389 4 109.793
    endloop
  endfacet
  facet normal -0.144972 0 0.989436
    outer loop
      vertex 75.9389 0 109.793
      vertex 75.7205 4 109.761
      vertex 75.7205 0 109.761
    endloop
  endfacet
  facet normal -0.941578 0 -0.336795
    outer loop
      vertex 77.6531 0 112.653
      vertex 77.5787 4 112.861
      vertex 77.6531 4 112.653
    endloop
  endfacet
  facet normal -0.941578 -0 -0.336795
    outer loop
      vertex 77.5787 4 112.861
      vertex 77.6531 0 112.653
      vertex 77.5787 0 112.861
    endloop
  endfacet
  facet normal -0.857293 0 0.514829
    outer loop
      vertex 77.3708 0 110.75
      vertex 77.4843 4 110.939
      vertex 77.3708 4 110.75
    endloop
  endfacet
  facet normal -0.857293 0 0.514829
    outer loop
      vertex 77.4843 4 110.939
      vertex 77.3708 0 110.75
      vertex 77.4843 0 110.939
    endloop
  endfacet
  facet normal 0.998808 -0 0.0488105
    outer loop
      vertex 73.25 0 112
      vertex 73.2608 4 111.779
      vertex 73.25 4 112
    endloop
  endfacet
  facet normal 0.998808 0 0.0488105
    outer loop
      vertex 73.2608 4 111.779
      vertex 73.25 0 112
      vertex 73.2608 0 111.779
    endloop
  endfacet
  facet normal -0.941578 0 0.336795
    outer loop
      vertex 77.5787 0 111.139
      vertex 77.6531 4 111.347
      vertex 77.5787 4 111.139
    endloop
  endfacet
  facet normal -0.941578 0 0.336795
    outer loop
      vertex 77.6531 4 111.347
      vertex 77.5787 0 111.139
      vertex 77.6531 0 111.347
    endloop
  endfacet
  facet normal -0.741718 0 -0.670712
    outer loop
      vertex 77.2393 0 113.427
      vertex 77.091 4 113.591
      vertex 77.2393 4 113.427
    endloop
  endfacet
  facet normal -0.741718 -0 -0.670712
    outer loop
      vertex 77.091 4 113.591
      vertex 77.2393 0 113.427
      vertex 77.091 0 113.591
    endloop
  endfacet
  facet normal -0.0498247 0 -0.998758
    outer loop
      vertex 75.5 0 114.25
      vertex 75.7205 4 114.239
      vertex 75.7205 0 114.239
    endloop
  endfacet
  facet normal -0.0498247 0 -0.998758
    outer loop
      vertex 75.7205 4 114.239
      vertex 75.5 0 114.25
      vertex 75.5 4 114.25
    endloop
  endfacet
  facet normal -0.904326 0 -0.426842
    outer loop
      vertex 77.5787 0 112.861
      vertex 77.4843 4 113.061
      vertex 77.5787 4 112.861
    endloop
  endfacet
  facet normal -0.904326 -0 -0.426842
    outer loop
      vertex 77.4843 4 113.061
      vertex 77.5787 0 112.861
      vertex 77.4843 0 113.061
    endloop
  endfacet
  facet normal 0.144972 0 0.989436
    outer loop
      vertex 75.0611 4 109.793
      vertex 75.2795 0 109.761
      vertex 75.2795 4 109.761
    endloop
  endfacet
  facet normal 0.144972 0 0.989436
    outer loop
      vertex 75.2795 0 109.761
      vertex 75.0611 4 109.793
      vertex 75.0611 0 109.793
    endloop
  endfacet
  facet normal -0.670866 0 0.741579
    outer loop
      vertex 76.9274 4 110.261
      vertex 77.091 0 110.409
      vertex 77.091 4 110.409
    endloop
  endfacet
  facet normal -0.670866 0 0.741579
    outer loop
      vertex 77.091 0 110.409
      vertex 76.9274 4 110.261
      vertex 76.9274 0 110.261
    endloop
  endfacet
  facet normal 0.0498247 0 0.998758
    outer loop
      vertex 75.2795 4 109.761
      vertex 75.5 0 109.75
      vertex 75.5 4 109.75
    endloop
  endfacet
  facet normal 0.0498247 0 0.998758
    outer loop
      vertex 75.5 0 109.75
      vertex 75.2795 4 109.761
      vertex 75.2795 0 109.761
    endloop
  endfacet
  facet normal 0.741718 0 -0.670712
    outer loop
      vertex 73.909 0 113.591
      vertex 73.7607 4 113.427
      vertex 73.909 4 113.591
    endloop
  endfacet
  facet normal 0.741718 0 -0.670712
    outer loop
      vertex 73.7607 4 113.427
      vertex 73.909 0 113.591
      vertex 73.7607 0 113.427
    endloop
  endfacet
  facet normal 0.144972 0 -0.989436
    outer loop
      vertex 75.0611 0 114.207
      vertex 75.2795 4 114.239
      vertex 75.2795 0 114.239
    endloop
  endfacet
  facet normal 0.144972 0 -0.989436
    outer loop
      vertex 75.2795 4 114.239
      vertex 75.0611 0 114.207
      vertex 75.0611 4 114.207
    endloop
  endfacet
  facet normal 0.904326 0 -0.426842
    outer loop
      vertex 73.5157 0 113.061
      vertex 73.4213 4 112.861
      vertex 73.5157 4 113.061
    endloop
  endfacet
  facet normal 0.904326 0 -0.426842
    outer loop
      vertex 73.4213 4 112.861
      vertex 73.5157 0 113.061
      vertex 73.4213 0 112.861
    endloop
  endfacet
  facet normal 0.969929 0 -0.243389
    outer loop
      vertex 73.3469 0 112.653
      vertex 73.2932 4 112.439
      vertex 73.3469 4 112.653
    endloop
  endfacet
  facet normal 0.969929 0 -0.243389
    outer loop
      vertex 73.2932 4 112.439
      vertex 73.3469 0 112.653
      vertex 73.2932 0 112.439
    endloop
  endfacet
  facet normal -0.244452 0 -0.969661
    outer loop
      vertex 75.9389 0 114.207
      vertex 76.1531 4 114.153
      vertex 76.1531 0 114.153
    endloop
  endfacet
  facet normal -0.244452 0 -0.969661
    outer loop
      vertex 76.1531 4 114.153
      vertex 75.9389 0 114.207
      vertex 75.9389 4 114.207
    endloop
  endfacet
  facet normal 0.969929 -0 0.243389
    outer loop
      vertex 73.2932 0 111.561
      vertex 73.3469 4 111.347
      vertex 73.2932 4 111.561
    endloop
  endfacet
  facet normal 0.969929 0 0.243389
    outer loop
      vertex 73.3469 4 111.347
      vertex 73.2932 0 111.561
      vertex 73.3469 0 111.347
    endloop
  endfacet
  facet normal 0.429758 0 0.902944
    outer loop
      vertex 74.4394 4 110.016
      vertex 74.639 0 109.921
      vertex 74.639 4 109.921
    endloop
  endfacet
  facet normal 0.429758 0 0.902944
    outer loop
      vertex 74.639 0 109.921
      vertex 74.4394 4 110.016
      vertex 74.4394 0 110.016
    endloop
  endfacet
  facet normal 0.741718 -0 0.670712
    outer loop
      vertex 73.7607 0 110.573
      vertex 73.909 4 110.409
      vertex 73.7607 4 110.573
    endloop
  endfacet
  facet normal 0.741718 0 0.670712
    outer loop
      vertex 73.909 4 110.409
      vertex 73.7607 0 110.573
      vertex 73.909 0 110.409
    endloop
  endfacet
  facet normal -0.0498247 0 0.998758
    outer loop
      vertex 75.5 4 109.75
      vertex 75.7205 0 109.761
      vertex 75.7205 4 109.761
    endloop
  endfacet
  facet normal -0.0498247 0 0.998758
    outer loop
      vertex 75.7205 0 109.761
      vertex 75.5 4 109.75
      vertex 75.5 0 109.75
    endloop
  endfacet
  facet normal 0.989135 -0 0.147009
    outer loop
      vertex 73.2608 0 111.779
      vertex 73.2932 4 111.561
      vertex 73.2608 4 111.779
    endloop
  endfacet
  facet normal 0.989135 0 0.147009
    outer loop
      vertex 73.2932 4 111.561
      vertex 73.2608 0 111.779
      vertex 73.2932 0 111.561
    endloop
  endfacet
  facet normal -0.596957 0 0.802274
    outer loop
      vertex 76.75 4 110.129
      vertex 76.9274 0 110.261
      vertex 76.9274 4 110.261
    endloop
  endfacet
  facet normal -0.596957 0 0.802274
    outer loop
      vertex 76.9274 0 110.261
      vertex 76.75 4 110.129
      vertex 76.75 0 110.129
    endloop
  endfacet
  facet normal 0.802713 -0 0.596366
    outer loop
      vertex 73.6292 0 110.75
      vertex 73.7607 4 110.573
      vertex 73.6292 4 110.75
    endloop
  endfacet
  facet normal 0.802713 0 0.596366
    outer loop
      vertex 73.7607 4 110.573
      vertex 73.6292 0 110.75
      vertex 73.7607 0 110.573
    endloop
  endfacet
  facet normal 0.998808 0 -0.0488105
    outer loop
      vertex 73.2608 0 112.221
      vertex 73.25 4 112
      vertex 73.2608 4 112.221
    endloop
  endfacet
  facet normal 0.998808 0 -0.0488105
    outer loop
      vertex 73.25 4 112
      vertex 73.2608 0 112.221
      vertex 73.25 0 112
    endloop
  endfacet
  facet normal -0.741718 0 0.670712
    outer loop
      vertex 77.091 0 110.409
      vertex 77.2393 4 110.573
      vertex 77.091 4 110.409
    endloop
  endfacet
  facet normal -0.741718 0 0.670712
    outer loop
      vertex 77.2393 4 110.573
      vertex 77.091 0 110.409
      vertex 77.2393 0 110.573
    endloop
  endfacet
  facet normal -0.706682 0.706682 -0.0346502
    outer loop
      vertex 80.2272 6.5 112.465
      vertex 80.25 6.5 112
      vertex 77.75 4 112
    endloop
  endfacet
  facet normal 0.658557 0.704919 -0.263423
    outer loop
      vertex 73.5157 4 113.061
      vertex 71.3105 6.5 114.238
      vertex 71.3109 6.5 114.239
    endloop
  endfacet
  facet normal 0.639888 0.706627 -0.302027
    outer loop
      vertex 71.3105 6.5 114.238
      vertex 73.5157 4 113.061
      vertex 73.4213 4 112.861
    endloop
  endfacet
  facet normal -0.302637 0.706588 -0.639644
    outer loop
      vertex 77.3177 6.5 116.388
      vertex 77.7383 6.5 116.189
      vertex 76.361 4 114.079
    endloop
  endfacet
  facet normal 0.23725 0.706704 0.666545
    outer loop
      vertex 74.8469 4 109.847
      vertex 74.1203 6.5 107.455
      vertex 74.639 4 109.921
    endloop
  endfacet
  facet normal -0 0.691328 0.722541
    outer loop
      vertex 74.1203 6.5 107.455
      vertex 74.8469 4 109.847
      vertex 74.1211 6.5 107.455
    endloop
  endfacet
  facet normal 0.624232 0.685606 -0.374539
    outer loop
      vertex 74.0726 4 113.739
      vertex 72.486 6.5 115.671
      vertex 72.4866 6.5 115.672
    endloop
  endfacet
  facet normal 0.474647 0.7067 -0.524677
    outer loop
      vertex 72.486 6.5 115.671
      vertex 74.0726 4 113.739
      vertex 73.909 4 113.591
    endloop
  endfacet
  facet normal -0.606871 0.706643 -0.363818
    outer loop
      vertex 79.4499 6.5 114.638
      vertex 79.6891 6.5 114.239
      vertex 77.4843 4 113.061
    endloop
  endfacet
  facet normal -0.634936 0.704322 0.317468
    outer loop
      vertex 79.449 6.5 109.36
      vertex 77.3708 4 110.75
      vertex 79.4495 6.5 109.361
    endloop
  endfacet
  facet normal -0.567928 0.706703 0.421935
    outer loop
      vertex 77.3708 4 110.75
      vertex 79.449 6.5 109.36
      vertex 77.2393 4 110.573
    endloop
  endfacet
  facet normal 0 0.691328 -0.722541
    outer loop
      vertex 74.8469 4 114.153
      vertex 74.1203 6.5 116.545
      vertex 74.1211 6.5 116.545
    endloop
  endfacet
  facet normal 0.23725 0.706704 -0.666545
    outer loop
      vertex 74.1203 6.5 116.545
      vertex 74.8469 4 114.153
      vertex 74.639 4 114.079
    endloop
  endfacet
  facet normal -0.677269 0.707123 -0.203181
    outer loop
      vertex 77.6531 4 112.653
      vertex 80.0452 6.5 113.38
      vertex 80.0455 6.5 113.379
    endloop
  endfacet
  facet normal -0.666169 0.70671 -0.238284
    outer loop
      vertex 80.0452 6.5 113.38
      vertex 77.6531 4 112.653
      vertex 77.5787 4 112.861
    endloop
  endfacet
  facet normal 0 0.661473 -0.749969
    outer loop
      vertex 76.5606 4 113.984
      vertex 77.7383 6.5 116.189
      vertex 77.7391 6.5 116.189
    endloop
  endfacet
  facet normal -0.30406 0.706699 -0.638846
    outer loop
      vertex 77.7383 6.5 116.189
      vertex 76.5606 4 113.984
      vertex 76.361 4 114.079
    endloop
  endfacet
  facet normal -0.173249 0.706668 0.686006
    outer loop
      vertex 76.8789 6.5 107.455
      vertex 76.4275 6.5 107.341
      vertex 76.1531 4 109.847
    endloop
  endfacet
  facet normal 0.699891 0.706672 0.103766
    outer loop
      vertex 73.2608 4 111.779
      vertex 70.8411 6.5 111.074
      vertex 70.7729 6.5 111.534
    endloop
  endfacet
  facet normal -0.474716 0.706694 -0.524622
    outer loop
      vertex 78.514 6.5 115.671
      vertex 78.8588 6.5 115.359
      vertex 77.091 4 113.591
    endloop
  endfacet
  facet normal 0.302637 0.706588 -0.639644
    outer loop
      vertex 73.6823 6.5 116.388
      vertex 74.639 4 114.079
      vertex 73.2617 6.5 116.189
    endloop
  endfacet
  facet normal 0.524752 0.706731 0.474517
    outer loop
      vertex 71.8288 6.5 108.986
      vertex 73.7607 4 110.573
      vertex 73.909 4 110.409
    endloop
  endfacet
  facet normal 0.60961 0.703271 0.365766
    outer loop
      vertex 73.7607 4 110.573
      vertex 71.8288 6.5 108.986
      vertex 71.8282 6.5 108.987
    endloop
  endfacet
  facet normal 0.304005 0.706827 0.638731
    outer loop
      vertex 73.2617 6.5 107.81
      vertex 74.4394 4 110.016
      vertex 74.639 4 109.921
    endloop
  endfacet
  facet normal 0.574928 0.676691 0.459943
    outer loop
      vertex 74.4394 4 110.016
      vertex 73.2617 6.5 107.81
      vertex 73.2609 6.5 107.811
    endloop
  endfacet
  facet normal -0.686301 0.706698 0.171956
    outer loop
      vertex 80.1585 6.5 111.072
      vertex 80.0455 6.5 110.621
      vertex 77.6531 4 111.347
    endloop
  endfacet
  facet normal -0.639444 0.70669 0.302822
    outer loop
      vertex 79.8884 6.5 110.182
      vertex 79.6895 6.5 109.762
      vertex 77.5787 4 111.139
    endloop
  endfacet
  facet normal -0.706682 0.706682 0.0346502
    outer loop
      vertex 80.25 6.5 112
      vertex 80.2272 6.5 111.535
      vertex 77.75 4 112
    endloop
  endfacet
  facet normal 0.706683 0.706674 0.0348023
    outer loop
      vertex 73.2608 4 111.779
      vertex 70.7729 6.5 111.534
      vertex 70.75 6.5 111.999
    endloop
  endfacet
  facet normal -0.172956 0.706689 0.686059
    outer loop
      vertex 76.4275 6.5 107.341
      vertex 75.9389 4 109.793
      vertex 76.1531 4 109.847
    endloop
  endfacet
  facet normal 0 0.70022 0.713927
    outer loop
      vertex 75.9389 4 109.793
      vertex 76.4275 6.5 107.341
      vertex 76.4267 6.5 107.341
    endloop
  endfacet
  facet normal 0.238768 0.706597 -0.666116
    outer loop
      vertex 74.1203 6.5 116.545
      vertex 74.639 4 114.079
      vertex 73.6823 6.5 116.388
    endloop
  endfacet
  facet normal 0.567872 0.706696 -0.422022
    outer loop
      vertex 71.8282 6.5 115.013
      vertex 73.7607 4 113.427
      vertex 71.551 6.5 114.64
    endloop
  endfacet
  facet normal -0.421295 0.706731 0.568368
    outer loop
      vertex 78.5134 6.5 108.328
      vertex 78.1397 6.5 108.051
      vertex 76.9274 4 110.261
    endloop
  endfacet
  facet normal 0.666118 0.706697 0.238464
    outer loop
      vertex 73.4213 4 111.139
      vertex 71.1116 6.5 110.182
      vertex 70.9548 6.5 110.62
    endloop
  endfacet
  facet normal 0.173249 0.706668 0.686006
    outer loop
      vertex 74.8469 4 109.847
      vertex 74.5725 6.5 107.341
      vertex 74.1211 6.5 107.455
    endloop
  endfacet
  facet normal -0.699837 0.706689 0.104012
    outer loop
      vertex 80.1589 6.5 111.074
      vertex 77.7068 4 111.561
      vertex 77.7392 4 111.779
    endloop
  endfacet
  facet normal -0.693377 0.707105 0.138675
    outer loop
      vertex 77.7068 4 111.561
      vertex 80.1589 6.5 111.074
      vertex 80.1587 6.5 111.073
    endloop
  endfacet
  facet normal 0.363492 0.706712 0.606986
    outer loop
      vertex 74.4394 4 110.016
      vertex 73.2609 6.5 107.811
      vertex 72.8618 6.5 108.05
    endloop
  endfacet
  facet normal -0.699891 0.706672 -0.103766
    outer loop
      vertex 80.1589 6.5 112.926
      vertex 80.2271 6.5 112.466
      vertex 77.7392 4 112.221
    endloop
  endfacet
  facet normal 0.663676 0.699328 -0.26547
    outer loop
      vertex 73.6292 4 113.25
      vertex 71.5501 6.5 114.638
      vertex 71.5505 6.5 114.639
    endloop
  endfacet
  facet normal 0.606564 0.706679 -0.364259
    outer loop
      vertex 71.5501 6.5 114.638
      vertex 73.6292 4 113.25
      vertex 73.5157 4 113.061
    endloop
  endfacet
  facet normal 0.639888 0.706627 0.302027
    outer loop
      vertex 73.5157 4 110.939
      vertex 71.3105 6.5 109.762
      vertex 73.4213 4 111.139
    endloop
  endfacet
  facet normal 0.658557 0.704919 0.263423
    outer loop
      vertex 71.3105 6.5 109.762
      vertex 73.5157 4 110.939
      vertex 71.3109 6.5 109.761
    endloop
  endfacet
  facet normal 0.699891 0.706672 -0.103766
    outer loop
      vertex 70.8411 6.5 112.926
      vertex 73.2608 4 112.221
      vertex 70.7729 6.5 112.466
    endloop
  endfacet
  facet normal -0.0349754 0.706693 0.706656
    outer loop
      vertex 75.7205 4 109.761
      vertex 75.9656 6.5 107.273
      vertex 75.5009 6.5 107.25
    endloop
  endfacet
  facet normal -0.693377 0.707105 -0.138675
    outer loop
      vertex 77.7068 4 112.439
      vertex 80.1585 6.5 112.928
      vertex 80.1587 6.5 112.927
    endloop
  endfacet
  facet normal -0.686256 0.706681 -0.172205
    outer loop
      vertex 80.1585 6.5 112.928
      vertex 77.7068 4 112.439
      vertex 77.6531 4 112.653
    endloop
  endfacet
  facet normal 0.686256 0.706681 -0.172205
    outer loop
      vertex 73.2932 4 112.439
      vertex 70.8415 6.5 112.928
      vertex 73.3469 4 112.653
    endloop
  endfacet
  facet normal 0.693377 0.707105 -0.138675
    outer loop
      vertex 70.8415 6.5 112.928
      vertex 73.2932 4 112.439
      vertex 70.8413 6.5 112.927
    endloop
  endfacet
  facet normal -0.363492 0.706712 0.606986
    outer loop
      vertex 78.1382 6.5 108.05
      vertex 77.7391 6.5 107.811
      vertex 76.5606 4 110.016
    endloop
  endfacet
  facet normal -0.238768 0.706597 -0.666116
    outer loop
      vertex 76.8797 6.5 116.545
      vertex 77.3177 6.5 116.388
      vertex 76.361 4 114.079
    endloop
  endfacet
  facet normal 0.173249 0.706668 -0.686006
    outer loop
      vertex 74.5725 6.5 116.659
      vertex 74.8469 4 114.153
      vertex 74.1211 6.5 116.545
    endloop
  endfacet
  facet normal -0.60961 0.703271 0.365766
    outer loop
      vertex 79.1712 6.5 108.986
      vertex 77.2393 4 110.573
      vertex 79.1718 6.5 108.987
    endloop
  endfacet
  facet normal -0.524752 0.706731 0.474517
    outer loop
      vertex 77.2393 4 110.573
      vertex 79.1712 6.5 108.986
      vertex 77.091 4 110.409
    endloop
  endfacet
  facet normal -0.567872 0.706696 0.422022
    outer loop
      vertex 79.449 6.5 109.36
      vertex 79.1718 6.5 108.987
      vertex 77.2393 4 110.573
    endloop
  endfacet
  facet normal -0.686301 0.706698 -0.171956
    outer loop
      vertex 80.0455 6.5 113.379
      vertex 80.1585 6.5 112.928
      vertex 77.6531 4 112.653
    endloop
  endfacet
  facet normal -0.693377 0.707105 0.138675
    outer loop
      vertex 80.1585 6.5 111.072
      vertex 77.7068 4 111.561
      vertex 80.1587 6.5 111.073
    endloop
  endfacet
  facet normal -0.686256 0.706681 0.172205
    outer loop
      vertex 77.7068 4 111.561
      vertex 80.1585 6.5 111.072
      vertex 77.6531 4 111.347
    endloop
  endfacet
  facet normal 0.686301 0.706698 -0.171956
    outer loop
      vertex 70.9545 6.5 113.379
      vertex 73.3469 4 112.653
      vertex 70.8415 6.5 112.928
    endloop
  endfacet
  facet normal -0.422389 0.706642 0.567666
    outer loop
      vertex 78.1397 6.5 108.051
      vertex 76.75 4 110.129
      vertex 76.9274 4 110.261
    endloop
  endfacet
  facet normal 0 0.639216 0.769028
    outer loop
      vertex 76.75 4 110.129
      vertex 78.1397 6.5 108.051
      vertex 78.139 6.5 108.051
    endloop
  endfacet
  facet normal 0.363492 0.706712 -0.606986
    outer loop
      vertex 73.2609 6.5 116.189
      vertex 74.4394 4 113.984
      vertex 72.8618 6.5 115.95
    endloop
  endfacet
  facet normal -0.524453 0.706698 -0.474896
    outer loop
      vertex 78.8588 6.5 115.359
      vertex 79.1712 6.5 115.014
      vertex 77.091 4 113.591
    endloop
  endfacet
  facet normal -0.60961 0.703271 -0.365766
    outer loop
      vertex 77.2393 4 113.427
      vertex 79.1712 6.5 115.014
      vertex 79.1718 6.5 115.013
    endloop
  endfacet
  facet normal -0.524752 0.706731 -0.474517
    outer loop
      vertex 79.1712 6.5 115.014
      vertex 77.2393 4 113.427
      vertex 77.091 4 113.591
    endloop
  endfacet
  facet normal 0 0.639216 -0.769028
    outer loop
      vertex 74.25 4 113.871
      vertex 72.8603 6.5 115.949
      vertex 72.861 6.5 115.949
    endloop
  endfacet
  facet normal 0.422389 0.706642 -0.567666
    outer loop
      vertex 72.8603 6.5 115.949
      vertex 74.25 4 113.871
      vertex 74.0726 4 113.739
    endloop
  endfacet
  facet normal 0.606871 0.706643 -0.363818
    outer loop
      vertex 71.5501 6.5 114.638
      vertex 73.5157 4 113.061
      vertex 71.3109 6.5 114.239
    endloop
  endfacet
  facet normal 0.707107 0.707107 0
    outer loop
      vertex 73.25 4 112
      vertex 70.75 6.5 111.999
      vertex 70.75 6.5 112
    endloop
  endfacet
  facet normal 0.706678 0.706692 0.0345345
    outer loop
      vertex 70.75 6.5 111.999
      vertex 73.25 4 112
      vertex 73.2608 4 111.779
    endloop
  endfacet
  facet normal 0.474716 0.706694 0.524622
    outer loop
      vertex 73.909 4 110.409
      vertex 72.486 6.5 108.329
      vertex 72.1412 6.5 108.641
    endloop
  endfacet
  facet normal 0.567928 0.706703 -0.421935
    outer loop
      vertex 73.6292 4 113.25
      vertex 71.551 6.5 114.64
      vertex 73.7607 4 113.427
    endloop
  endfacet
  facet normal 0.634936 0.704322 -0.317468
    outer loop
      vertex 71.551 6.5 114.64
      vertex 73.6292 4 113.25
      vertex 71.5505 6.5 114.639
    endloop
  endfacet
  facet normal 0.421295 0.706731 0.568368
    outer loop
      vertex 74.0726 4 110.261
      vertex 72.8603 6.5 108.051
      vertex 72.4866 6.5 108.328
    endloop
  endfacet
  facet normal -0.421295 0.706731 -0.568368
    outer loop
      vertex 78.1397 6.5 115.949
      vertex 78.5134 6.5 115.672
      vertex 76.9274 4 113.739
    endloop
  endfacet
  facet normal 0.0349763 0.706674 -0.706674
    outer loop
      vertex 75.5 6.5 116.75
      vertex 75.5 4 114.25
      vertex 75.0353 6.5 116.727
    endloop
  endfacet
  facet normal 0.706683 0.706674 -0.0348023
    outer loop
      vertex 70.7729 6.5 112.466
      vertex 73.2608 4 112.221
      vertex 70.75 6.5 112.001
    endloop
  endfacet
  facet normal 0 0.691328 -0.722541
    outer loop
      vertex 76.8797 6.5 116.545
      vertex 76.1531 4 114.153
      vertex 76.8789 6.5 116.545
    endloop
  endfacet
  facet normal -0.23725 0.706704 -0.666545
    outer loop
      vertex 76.1531 4 114.153
      vertex 76.8797 6.5 116.545
      vertex 76.361 4 114.079
    endloop
  endfacet
  facet normal -0.173249 0.706668 -0.686006
    outer loop
      vertex 76.4275 6.5 116.659
      vertex 76.8789 6.5 116.545
      vertex 76.1531 4 114.153
    endloop
  endfacet
  facet normal 0 0.70022 -0.713927
    outer loop
      vertex 75.0611 4 114.207
      vertex 74.5725 6.5 116.659
      vertex 74.5733 6.5 116.659
    endloop
  endfacet
  facet normal 0.172956 0.706689 -0.686059
    outer loop
      vertex 74.5725 6.5 116.659
      vertex 75.0611 4 114.207
      vertex 74.8469 4 114.153
    endloop
  endfacet
  facet normal -0.567872 0.706696 -0.422022
    outer loop
      vertex 79.1718 6.5 115.013
      vertex 79.449 6.5 114.64
      vertex 77.2393 4 113.427
    endloop
  endfacet
  facet normal -0.103421 0.706697 -0.699917
    outer loop
      vertex 75.9656 6.5 116.727
      vertex 76.4258 6.5 116.659
      vertex 75.7205 4 114.239
    endloop
  endfacet
  facet normal -0.363492 0.706712 -0.606986
    outer loop
      vertex 77.7391 6.5 116.189
      vertex 78.1382 6.5 115.95
      vertex 76.5606 4 113.984
    endloop
  endfacet
  facet normal -0.565254 0.689927 -0.452204
    outer loop
      vertex 76.75 4 113.871
      vertex 78.1382 6.5 115.95
      vertex 78.139 6.5 115.949
    endloop
  endfacet
  facet normal -0.362537 0.706632 -0.60765
    outer loop
      vertex 78.1382 6.5 115.95
      vertex 76.75 4 113.871
      vertex 76.5606 4 113.984
    endloop
  endfacet
  facet normal 0.0352529 0.706674 0.706661
    outer loop
      vertex 75.5 4 109.75
      vertex 75.4991 6.5 107.25
      vertex 75.2795 4 109.761
    endloop
  endfacet
  facet normal -0 0.707107 0.707107
    outer loop
      vertex 75.4991 6.5 107.25
      vertex 75.5 4 109.75
      vertex 75.5 6.5 107.25
    endloop
  endfacet
  facet normal 0.666169 0.70671 0.238284
    outer loop
      vertex 70.9548 6.5 110.62
      vertex 73.3469 4 111.347
      vertex 73.4213 4 111.139
    endloop
  endfacet
  facet normal 0.677269 0.707123 0.203181
    outer loop
      vertex 73.3469 4 111.347
      vertex 70.9548 6.5 110.62
      vertex 70.9545 6.5 110.621
    endloop
  endfacet
  facet normal -0.0349763 0.706674 -0.706674
    outer loop
      vertex 75.5 6.5 116.75
      vertex 75.9647 6.5 116.727
      vertex 75.5 4 114.25
    endloop
  endfacet
  facet normal -0.666118 0.706697 -0.238464
    outer loop
      vertex 79.8884 6.5 113.818
      vertex 80.0452 6.5 113.38
      vertex 77.5787 4 112.861
    endloop
  endfacet
  facet normal -0.639444 0.70669 -0.302822
    outer loop
      vertex 79.6895 6.5 114.238
      vertex 79.8884 6.5 113.818
      vertex 77.5787 4 112.861
    endloop
  endfacet
  facet normal -0.666118 0.706697 0.238464
    outer loop
      vertex 80.0452 6.5 110.62
      vertex 79.8884 6.5 110.182
      vertex 77.5787 4 111.139
    endloop
  endfacet
  facet normal -0.606871 0.706643 0.363818
    outer loop
      vertex 79.6891 6.5 109.761
      vertex 79.4499 6.5 109.362
      vertex 77.4843 4 110.939
    endloop
  endfacet
  facet normal 0.238768 0.706597 0.666116
    outer loop
      vertex 74.639 4 109.921
      vertex 74.1203 6.5 107.455
      vertex 73.6823 6.5 107.612
    endloop
  endfacet
  facet normal -0 0.70022 0.713927
    outer loop
      vertex 76.4258 6.5 107.341
      vertex 75.9389 4 109.793
      vertex 76.4267 6.5 107.341
    endloop
  endfacet
  facet normal -0.102579 0.706637 0.700101
    outer loop
      vertex 75.9389 4 109.793
      vertex 76.4258 6.5 107.341
      vertex 75.7205 4 109.761
    endloop
  endfacet
  facet normal 0.0349754 0.706693 0.706656
    outer loop
      vertex 75.2795 4 109.761
      vertex 75.4991 6.5 107.25
      vertex 75.0344 6.5 107.273
    endloop
  endfacet
  facet normal -0.639888 0.706627 0.302027
    outer loop
      vertex 79.6895 6.5 109.762
      vertex 77.4843 4 110.939
      vertex 77.5787 4 111.139
    endloop
  endfacet
  facet normal -0.658557 0.704919 0.263423
    outer loop
      vertex 77.4843 4 110.939
      vertex 79.6895 6.5 109.762
      vertex 79.6891 6.5 109.761
    endloop
  endfacet
  facet normal 0.639444 0.70669 -0.302822
    outer loop
      vertex 71.3105 6.5 114.238
      vertex 73.4213 4 112.861
      vertex 71.1116 6.5 113.818
    endloop
  endfacet
  facet normal 0.362537 0.706632 -0.60765
    outer loop
      vertex 74.25 4 113.871
      vertex 72.8618 6.5 115.95
      vertex 74.4394 4 113.984
    endloop
  endfacet
  facet normal 0.565254 0.689927 -0.452204
    outer loop
      vertex 72.8618 6.5 115.95
      vertex 74.25 4 113.871
      vertex 72.861 6.5 115.949
    endloop
  endfacet
  facet normal 0.524453 0.706698 -0.474896
    outer loop
      vertex 72.1412 6.5 115.359
      vertex 73.909 4 113.591
      vertex 71.8288 6.5 115.014
    endloop
  endfacet
  facet normal -0.238768 0.706597 0.666116
    outer loop
      vertex 77.3177 6.5 107.612
      vertex 76.8797 6.5 107.455
      vertex 76.361 4 109.921
    endloop
  endfacet
  facet normal -0.606564 0.706679 0.364259
    outer loop
      vertex 79.4499 6.5 109.362
      vertex 77.3708 4 110.75
      vertex 77.4843 4 110.939
    endloop
  endfacet
  facet normal -0.663676 0.699328 0.26547
    outer loop
      vertex 77.3708 4 110.75
      vertex 79.4499 6.5 109.362
      vertex 79.4495 6.5 109.361
    endloop
  endfacet
  facet normal -0.699891 0.706672 0.103766
    outer loop
      vertex 80.2271 6.5 111.534
      vertex 80.1589 6.5 111.074
      vertex 77.7392 4 111.779
    endloop
  endfacet
  facet normal -0.706696 0.706674 0.0345354
    outer loop
      vertex 80.2272 6.5 111.535
      vertex 77.7392 4 111.779
      vertex 77.75 4 112
    endloop
  endfacet
  facet normal -0.703607 0.707097 0.0703607
    outer loop
      vertex 77.7392 4 111.779
      vertex 80.2272 6.5 111.535
      vertex 80.2271 6.5 111.534
    endloop
  endfacet
  facet normal -0.663676 0.699328 -0.26547
    outer loop
      vertex 79.4499 6.5 114.638
      vertex 77.3708 4 113.25
      vertex 79.4495 6.5 114.639
    endloop
  endfacet
  facet normal -0.606564 0.706679 -0.364259
    outer loop
      vertex 77.3708 4 113.25
      vertex 79.4499 6.5 114.638
      vertex 77.4843 4 113.061
    endloop
  endfacet
  facet normal 0.474716 0.706694 -0.524622
    outer loop
      vertex 72.486 6.5 115.671
      vertex 73.909 4 113.591
      vertex 72.1412 6.5 115.359
    endloop
  endfacet
  facet normal 0.524752 0.706731 -0.474517
    outer loop
      vertex 73.7607 4 113.427
      vertex 71.8288 6.5 115.014
      vertex 73.909 4 113.591
    endloop
  endfacet
  facet normal 0.60961 0.703271 -0.365766
    outer loop
      vertex 71.8288 6.5 115.014
      vertex 73.7607 4 113.427
      vertex 71.8282 6.5 115.013
    endloop
  endfacet
  facet normal -0.524453 0.706698 0.474896
    outer loop
      vertex 79.1712 6.5 108.986
      vertex 78.8588 6.5 108.641
      vertex 77.091 4 110.409
    endloop
  endfacet
  facet normal -0.23725 0.706704 0.666545
    outer loop
      vertex 76.8797 6.5 107.455
      vertex 76.1531 4 109.847
      vertex 76.361 4 109.921
    endloop
  endfacet
  facet normal 0 0.691328 0.722541
    outer loop
      vertex 76.1531 4 109.847
      vertex 76.8797 6.5 107.455
      vertex 76.8789 6.5 107.455
    endloop
  endfacet
  facet normal 0.102579 0.706637 0.700101
    outer loop
      vertex 74.5742 6.5 107.341
      vertex 75.0611 4 109.793
      vertex 75.2795 4 109.761
    endloop
  endfacet
  facet normal 0 0.70022 0.713927
    outer loop
      vertex 75.0611 4 109.793
      vertex 74.5742 6.5 107.341
      vertex 74.5733 6.5 107.341
    endloop
  endfacet
  facet normal 0 0.705404 -0.708806
    outer loop
      vertex 75.7205 4 114.239
      vertex 75.9647 6.5 116.727
      vertex 75.9656 6.5 116.727
    endloop
  endfacet
  facet normal -0.035252 0.706693 -0.706642
    outer loop
      vertex 75.9647 6.5 116.727
      vertex 75.7205 4 114.239
      vertex 75.5 4 114.25
    endloop
  endfacet
  facet normal -0.658557 0.704919 -0.263423
    outer loop
      vertex 79.6895 6.5 114.238
      vertex 77.4843 4 113.061
      vertex 79.6891 6.5 114.239
    endloop
  endfacet
  facet normal -0.639888 0.706627 -0.302027
    outer loop
      vertex 77.4843 4 113.061
      vertex 79.6895 6.5 114.238
      vertex 77.5787 4 112.861
    endloop
  endfacet
  facet normal 0.30406 0.706699 -0.638846
    outer loop
      vertex 74.4394 4 113.984
      vertex 73.2617 6.5 116.189
      vertex 74.639 4 114.079
    endloop
  endfacet
  facet normal 0 0.661473 -0.749969
    outer loop
      vertex 73.2617 6.5 116.189
      vertex 74.4394 4 113.984
      vertex 73.2609 6.5 116.189
    endloop
  endfacet
  facet normal 0.699837 0.706689 0.104012
    outer loop
      vertex 73.2932 4 111.561
      vertex 70.8411 6.5 111.074
      vertex 73.2608 4 111.779
    endloop
  endfacet
  facet normal 0.693377 0.707105 0.138675
    outer loop
      vertex 70.8411 6.5 111.074
      vertex 73.2932 4 111.561
      vertex 70.8413 6.5 111.073
    endloop
  endfacet
  facet normal 0.606871 0.706643 0.363818
    outer loop
      vertex 73.5157 4 110.939
      vertex 71.5501 6.5 109.362
      vertex 71.3109 6.5 109.761
    endloop
  endfacet
  facet normal 0.666118 0.706697 -0.238464
    outer loop
      vertex 71.1116 6.5 113.818
      vertex 73.4213 4 112.861
      vertex 70.9548 6.5 113.38
    endloop
  endfacet
  facet normal 0.706678 0.706692 -0.0345345
    outer loop
      vertex 73.25 4 112
      vertex 70.75 6.5 112.001
      vertex 73.2608 4 112.221
    endloop
  endfacet
  facet normal 0.707107 0.707107 0
    outer loop
      vertex 70.75 6.5 112.001
      vertex 73.25 4 112
      vertex 70.75 6.5 112
    endloop
  endfacet
  facet normal 0.666169 0.70671 -0.238284
    outer loop
      vertex 73.3469 4 112.653
      vertex 70.9548 6.5 113.38
      vertex 73.4213 4 112.861
    endloop
  endfacet
  facet normal 0.677269 0.707123 -0.203181
    outer loop
      vertex 70.9548 6.5 113.38
      vertex 73.3469 4 112.653
      vertex 70.9545 6.5 113.379
    endloop
  endfacet
  facet normal 0.639444 0.70669 0.302822
    outer loop
      vertex 73.4213 4 111.139
      vertex 71.3105 6.5 109.762
      vertex 71.1116 6.5 110.182
    endloop
  endfacet
  facet normal 0.035252 0.706693 -0.706642
    outer loop
      vertex 75.2795 4 114.239
      vertex 75.0353 6.5 116.727
      vertex 75.5 4 114.25
    endloop
  endfacet
  facet normal 0 0.705404 -0.708806
    outer loop
      vertex 75.0353 6.5 116.727
      vertex 75.2795 4 114.239
      vertex 75.0344 6.5 116.727
    endloop
  endfacet
  facet normal 0.421295 0.706731 -0.568368
    outer loop
      vertex 72.8603 6.5 115.949
      vertex 74.0726 4 113.739
      vertex 72.4866 6.5 115.672
    endloop
  endfacet
  facet normal 0.103421 0.706697 -0.699917
    outer loop
      vertex 75.0344 6.5 116.727
      vertex 75.2795 4 114.239
      vertex 74.5742 6.5 116.659
    endloop
  endfacet
  facet normal -0.565254 0.689927 0.452204
    outer loop
      vertex 78.1382 6.5 108.05
      vertex 76.75 4 110.129
      vertex 78.139 6.5 108.051
    endloop
  endfacet
  facet normal -0.362537 0.706632 0.60765
    outer loop
      vertex 76.75 4 110.129
      vertex 78.1382 6.5 108.05
      vertex 76.5606 4 110.016
    endloop
  endfacet
  facet normal -0.474647 0.7067 0.524677
    outer loop
      vertex 78.514 6.5 108.329
      vertex 76.9274 4 110.261
      vertex 77.091 4 110.409
    endloop
  endfacet
  facet normal -0.624232 0.685606 0.374539
    outer loop
      vertex 76.9274 4 110.261
      vertex 78.514 6.5 108.329
      vertex 78.5134 6.5 108.328
    endloop
  endfacet
  facet normal 0 0.639216 -0.769028
    outer loop
      vertex 78.1397 6.5 115.949
      vertex 76.75 4 113.871
      vertex 78.139 6.5 115.949
    endloop
  endfacet
  facet normal -0.422389 0.706642 -0.567666
    outer loop
      vertex 76.75 4 113.871
      vertex 78.1397 6.5 115.949
      vertex 76.9274 4 113.739
    endloop
  endfacet
  facet normal -0.624232 0.685606 -0.374539
    outer loop
      vertex 78.514 6.5 115.671
      vertex 76.9274 4 113.739
      vertex 78.5134 6.5 115.672
    endloop
  endfacet
  facet normal -0.474647 0.7067 -0.524677
    outer loop
      vertex 76.9274 4 113.739
      vertex 78.514 6.5 115.671
      vertex 77.091 4 113.591
    endloop
  endfacet
  facet normal 0.474647 0.7067 0.524677
    outer loop
      vertex 74.0726 4 110.261
      vertex 72.486 6.5 108.329
      vertex 73.909 4 110.409
    endloop
  endfacet
  facet normal 0.624232 0.685606 0.374539
    outer loop
      vertex 72.486 6.5 108.329
      vertex 74.0726 4 110.261
      vertex 72.4866 6.5 108.328
    endloop
  endfacet
  facet normal 0 0.70022 -0.713927
    outer loop
      vertex 75.9389 4 114.207
      vertex 76.4258 6.5 116.659
      vertex 76.4267 6.5 116.659
    endloop
  endfacet
  facet normal -0.102579 0.706637 -0.700101
    outer loop
      vertex 76.4258 6.5 116.659
      vertex 75.9389 4 114.207
      vertex 75.7205 4 114.239
    endloop
  endfacet
  facet normal 0.524453 0.706698 0.474896
    outer loop
      vertex 73.909 4 110.409
      vertex 72.1412 6.5 108.641
      vertex 71.8288 6.5 108.986
    endloop
  endfacet
  facet normal -0.677269 0.707123 0.203181
    outer loop
      vertex 80.0452 6.5 110.62
      vertex 77.6531 4 111.347
      vertex 80.0455 6.5 110.621
    endloop
  endfacet
  facet normal -0.666169 0.70671 0.238284
    outer loop
      vertex 77.6531 4 111.347
      vertex 80.0452 6.5 110.62
      vertex 77.5787 4 111.139
    endloop
  endfacet
  facet normal -0.703607 0.707097 -0.0703607
    outer loop
      vertex 80.2272 6.5 112.465
      vertex 77.7392 4 112.221
      vertex 80.2271 6.5 112.466
    endloop
  endfacet
  facet normal -0.706696 0.706674 -0.0345354
    outer loop
      vertex 77.7392 4 112.221
      vertex 80.2272 6.5 112.465
      vertex 77.75 4 112
    endloop
  endfacet
  facet normal -0.474716 0.706694 0.524622
    outer loop
      vertex 78.8588 6.5 108.641
      vertex 78.514 6.5 108.329
      vertex 77.091 4 110.409
    endloop
  endfacet
  facet normal -0.103421 0.706697 0.699917
    outer loop
      vertex 76.4258 6.5 107.341
      vertex 75.9656 6.5 107.273
      vertex 75.7205 4 109.761
    endloop
  endfacet
  facet normal 0.693377 0.707105 -0.138675
    outer loop
      vertex 73.2932 4 112.439
      vertex 70.8411 6.5 112.926
      vertex 70.8413 6.5 112.927
    endloop
  endfacet
  facet normal 0.699837 0.706689 -0.104012
    outer loop
      vertex 70.8411 6.5 112.926
      vertex 73.2932 4 112.439
      vertex 73.2608 4 112.221
    endloop
  endfacet
  facet normal 0.686301 0.706698 0.171956
    outer loop
      vertex 73.3469 4 111.347
      vertex 70.9545 6.5 110.621
      vertex 70.8415 6.5 111.072
    endloop
  endfacet
  facet normal 0.606564 0.706679 0.364259
    outer loop
      vertex 73.6292 4 110.75
      vertex 71.5501 6.5 109.362
      vertex 73.5157 4 110.939
    endloop
  endfacet
  facet normal 0.663676 0.699328 0.26547
    outer loop
      vertex 71.5501 6.5 109.362
      vertex 73.6292 4 110.75
      vertex 71.5505 6.5 109.361
    endloop
  endfacet
  facet normal -0.0352529 0.706674 0.706661
    outer loop
      vertex 75.5009 6.5 107.25
      vertex 75.5 4 109.75
      vertex 75.7205 4 109.761
    endloop
  endfacet
  facet normal 0 0.707107 0.707107
    outer loop
      vertex 75.5 4 109.75
      vertex 75.5009 6.5 107.25
      vertex 75.5 6.5 107.25
    endloop
  endfacet
  facet normal 0.422389 0.706642 0.567666
    outer loop
      vertex 74.25 4 110.129
      vertex 72.8603 6.5 108.051
      vertex 74.0726 4 110.261
    endloop
  endfacet
  facet normal -0 0.639216 0.769028
    outer loop
      vertex 72.8603 6.5 108.051
      vertex 74.25 4 110.129
      vertex 72.861 6.5 108.051
    endloop
  endfacet
  facet normal 0 0.70022 -0.713927
    outer loop
      vertex 76.4275 6.5 116.659
      vertex 75.9389 4 114.207
      vertex 76.4267 6.5 116.659
    endloop
  endfacet
  facet normal -0.172956 0.706689 -0.686059
    outer loop
      vertex 75.9389 4 114.207
      vertex 76.4275 6.5 116.659
      vertex 76.1531 4 114.153
    endloop
  endfacet
  facet normal 0.172956 0.706689 0.686059
    outer loop
      vertex 75.0611 4 109.793
      vertex 74.5725 6.5 107.341
      vertex 74.8469 4 109.847
    endloop
  endfacet
  facet normal -0 0.70022 0.713927
    outer loop
      vertex 74.5725 6.5 107.341
      vertex 75.0611 4 109.793
      vertex 74.5733 6.5 107.341
    endloop
  endfacet
  facet normal -0.693377 0.707105 -0.138675
    outer loop
      vertex 80.1589 6.5 112.926
      vertex 77.7068 4 112.439
      vertex 80.1587 6.5 112.927
    endloop
  endfacet
  facet normal -0.699837 0.706689 -0.104012
    outer loop
      vertex 77.7068 4 112.439
      vertex 80.1589 6.5 112.926
      vertex 77.7392 4 112.221
    endloop
  endfacet
  facet normal 0.362537 0.706632 0.60765
    outer loop
      vertex 72.8618 6.5 108.05
      vertex 74.25 4 110.129
      vertex 74.4394 4 110.016
    endloop
  endfacet
  facet normal 0.565254 0.689927 0.452204
    outer loop
      vertex 74.25 4 110.129
      vertex 72.8618 6.5 108.05
      vertex 72.861 6.5 108.051
    endloop
  endfacet
  facet normal 0.301379 0.706621 0.640201
    outer loop
      vertex 74.639 4 109.921
      vertex 73.6823 6.5 107.612
      vertex 73.2617 6.5 107.81
    endloop
  endfacet
  facet normal -0.634936 0.704322 -0.317468
    outer loop
      vertex 77.3708 4 113.25
      vertex 79.449 6.5 114.64
      vertex 79.4495 6.5 114.639
    endloop
  endfacet
  facet normal -0.567928 0.706703 -0.421935
    outer loop
      vertex 79.449 6.5 114.64
      vertex 77.3708 4 113.25
      vertex 77.2393 4 113.427
    endloop
  endfacet
  facet normal 0.102579 0.706637 -0.700101
    outer loop
      vertex 75.0611 4 114.207
      vertex 74.5742 6.5 116.659
      vertex 75.2795 4 114.239
    endloop
  endfacet
  facet normal 0 0.70022 -0.713927
    outer loop
      vertex 74.5742 6.5 116.659
      vertex 75.0611 4 114.207
      vertex 74.5733 6.5 116.659
    endloop
  endfacet
  facet normal 0.103421 0.706697 0.699917
    outer loop
      vertex 75.2795 4 109.761
      vertex 75.0344 6.5 107.273
      vertex 74.5742 6.5 107.341
    endloop
  endfacet
  facet normal 0.567872 0.706696 0.422022
    outer loop
      vertex 73.7607 4 110.573
      vertex 71.8282 6.5 108.987
      vertex 71.551 6.5 109.36
    endloop
  endfacet
  facet normal 0.567928 0.706703 0.421935
    outer loop
      vertex 71.551 6.5 109.36
      vertex 73.6292 4 110.75
      vertex 73.7607 4 110.573
    endloop
  endfacet
  facet normal 0.634936 0.704322 0.317468
    outer loop
      vertex 73.6292 4 110.75
      vertex 71.551 6.5 109.36
      vertex 71.5505 6.5 109.361
    endloop
  endfacet
  facet normal 0.686256 0.706681 0.172205
    outer loop
      vertex 70.8415 6.5 111.072
      vertex 73.2932 4 111.561
      vertex 73.3469 4 111.347
    endloop
  endfacet
  facet normal 0.693377 0.707105 0.138675
    outer loop
      vertex 73.2932 4 111.561
      vertex 70.8415 6.5 111.072
      vertex 70.8413 6.5 111.073
    endloop
  endfacet
  facet normal -0.301379 0.706621 0.640201
    outer loop
      vertex 77.7383 6.5 107.81
      vertex 77.3177 6.5 107.612
      vertex 76.361 4 109.921
    endloop
  endfacet
  facet normal -0.574928 0.676691 0.459943
    outer loop
      vertex 77.7383 6.5 107.81
      vertex 76.5606 4 110.016
      vertex 77.7391 6.5 107.811
    endloop
  endfacet
  facet normal -0.304005 0.706827 0.638731
    outer loop
      vertex 76.5606 4 110.016
      vertex 77.7383 6.5 107.81
      vertex 76.361 4 109.921
    endloop
  endfacet
  facet normal 0 -1 0
    outer loop
      vertex 65.5 25.75 107.68
      vertex 68.5 25.75 112.359
      vertex 65.5 25.75 112.359
    endloop
  endfacet
  facet normal 0 -1 -0
    outer loop
      vertex 68.5 25.75 112.359
      vertex 65.5 25.75 107.68
      vertex 68.5 25.75 107.68
    endloop
  endfacet
  facet normal 0 -0.866019 -0.500011
    outer loop
      vertex 65.5 25.75 112.359
      vertex 68.5 20.75 121.019
      vertex 65.5 20.75 121.019
    endloop
  endfacet
  facet normal 0 -0.866019 -0.500011
    outer loop
      vertex 68.5 20.75 121.019
      vertex 65.5 25.75 112.359
      vertex 68.5 25.75 112.359
    endloop
  endfacet
  facet normal 0 0.866019 -0.500011
    outer loop
      vertex 68.5 15.75 112.359
      vertex 65.5 20.75 121.019
      vertex 68.5 20.75 121.019
    endloop
  endfacet
  facet normal 0 0.866019 -0.500011
    outer loop
      vertex 65.5 20.75 121.019
      vertex 68.5 15.75 112.359
      vertex 65.5 15.75 112.359
    endloop
  endfacet
  facet normal 0 1 -0
    outer loop
      vertex 68.5 15.75 107.68
      vertex 65.5 15.75 112.359
      vertex 68.5 15.75 112.359
    endloop
  endfacet
  facet normal 0 1 0
    outer loop
      vertex 65.5 15.75 112.359
      vertex 68.5 15.75 107.68
      vertex 65.5 15.75 107.68
    endloop
  endfacet
  facet normal 0 0.866039 0.499976
    outer loop
      vertex 68.5 20.75 99.0192
      vertex 65.5 15.75 107.68
      vertex 68.5 15.75 107.68
    endloop
  endfacet
  facet normal 0 0.866039 0.499976
    outer loop
      vertex 65.5 15.75 107.68
      vertex 68.5 20.75 99.0192
      vertex 65.5 20.75 99.0192
    endloop
  endfacet
  facet normal 0 -0.866039 0.499976
    outer loop
      vertex 65.5 20.75 99.0192
      vertex 68.5 25.75 107.68
      vertex 65.5 25.75 107.68
    endloop
  endfacet
  facet normal 0 -0.866039 0.499976
    outer loop
      vertex 68.5 25.75 107.68
      vertex 65.5 20.75 99.0192
      vertex 68.5 20.75 99.0192
    endloop
  endfacet
  facet normal 0 -1 0
    outer loop
      vertex 65.5 37.75 107.68
      vertex 68.5 37.75 112.359
      vertex 65.5 37.75 112.359
    endloop
  endfacet
  facet normal 0 -1 -0
    outer loop
      vertex 68.5 37.75 112.359
      vertex 65.5 37.75 107.68
      vertex 68.5 37.75 107.68
    endloop
  endfacet
  facet normal 0 -0.866019 -0.500011
    outer loop
      vertex 65.5 37.75 112.359
      vertex 68.5 32.75 121.019
      vertex 65.5 32.75 121.019
    endloop
  endfacet
  facet normal 0 -0.866019 -0.500011
    outer loop
      vertex 68.5 32.75 121.019
      vertex 65.5 37.75 112.359
      vertex 68.5 37.75 112.359
    endloop
  endfacet
  facet normal 0 0.866019 -0.500011
    outer loop
      vertex 68.5 27.75 112.359
      vertex 65.5 32.75 121.019
      vertex 68.5 32.75 121.019
    endloop
  endfacet
  facet normal 0 0.866019 -0.500011
    outer loop
      vertex 65.5 32.75 121.019
      vertex 68.5 27.75 112.359
      vertex 65.5 27.75 112.359
    endloop
  endfacet
  facet normal 0 1 -0
    outer loop
      vertex 68.5 27.75 107.68
      vertex 65.5 27.75 112.359
      vertex 68.5 27.75 112.359
    endloop
  endfacet
  facet normal 0 1 0
    outer loop
      vertex 65.5 27.75 112.359
      vertex 68.5 27.75 107.68
      vertex 65.5 27.75 107.68
    endloop
  endfacet
  facet normal 0 0.866039 0.499976
    outer loop
      vertex 68.5 32.75 99.0192
      vertex 65.5 27.75 107.68
      vertex 68.5 27.75 107.68
    endloop
  endfacet
  facet normal 0 0.866039 0.499976
    outer loop
      vertex 65.5 27.75 107.68
      vertex 68.5 32.75 99.0192
      vertex 65.5 32.75 99.0192
    endloop
  endfacet
  facet normal 0 -0.866039 0.499976
    outer loop
      vertex 65.5 32.75 99.0192
      vertex 68.5 37.75 107.68
      vertex 65.5 37.75 107.68
    endloop
  endfacet
  facet normal 0 -0.866039 0.499976
    outer loop
      vertex 68.5 37.75 107.68
      vertex 65.5 32.75 99.0192
      vertex 68.5 32.75 99.0192
    endloop
  endfacet
  facet normal 0 -1 0
    outer loop
      vertex 65.5 19.75 92.0718
      vertex 68.5 19.75 96.7513
      vertex 65.5 19.75 96.7513
    endloop
  endfacet
  facet normal 0 -1 -0
    outer loop
      vertex 68.5 19.75 96.7513
      vertex 65.5 19.75 92.0718
      vertex 68.5 19.75 92.0718
    endloop
  endfacet
  facet normal 0 -0.866037 -0.499981
    outer loop
      vertex 65.5 19.75 96.7513
      vertex 68.5 14.75 105.412
      vertex 65.5 14.75 105.412
    endloop
  endfacet
  facet normal 0 -0.866037 -0.499981
    outer loop
      vertex 68.5 14.75 105.412
      vertex 65.5 19.75 96.7513
      vertex 68.5 19.75 96.7513
    endloop
  endfacet
  facet normal 0 0.866037 -0.499981
    outer loop
      vertex 68.5 9.75 96.7513
      vertex 65.5 14.75 105.412
      vertex 68.5 14.75 105.412
    endloop
  endfacet
  facet normal 0 0.866037 -0.499981
    outer loop
      vertex 65.5 14.75 105.412
      vertex 68.5 9.75 96.7513
      vertex 65.5 9.75 96.7513
    endloop
  endfacet
  facet normal 0 1 -0
    outer loop
      vertex 68.5 9.75 92.0718
      vertex 65.5 9.75 96.7513
      vertex 68.5 9.75 96.7513
    endloop
  endfacet
  facet normal 0 1 0
    outer loop
      vertex 65.5 9.75 96.7513
      vertex 68.5 9.75 92.0718
      vertex 65.5 9.75 92.0718
    endloop
  endfacet
  facet normal 0 0.866027 0.499998
    outer loop
      vertex 68.5 14.75 83.4115
      vertex 65.5 9.75 92.0718
      vertex 68.5 9.75 92.0718
    endloop
  endfacet
  facet normal 0 0.866027 0.499998
    outer loop
      vertex 65.5 9.75 92.0718
      vertex 68.5 14.75 83.4115
      vertex 65.5 14.75 83.4115
    endloop
  endfacet
  facet normal 0 -0.866027 0.499998
    outer loop
      vertex 65.5 14.75 83.4115
      vertex 68.5 19.75 92.0718
      vertex 65.5 19.75 92.0718
    endloop
  endfacet
  facet normal 0 -0.866027 0.499998
    outer loop
      vertex 68.5 19.75 92.0718
      vertex 65.5 14.75 83.4115
      vertex 68.5 14.75 83.4115
    endloop
  endfacet
  facet normal 0 -1 0
    outer loop
      vertex 65.5 31.75 92.0718
      vertex 68.5 31.75 96.7513
      vertex 65.5 31.75 96.7513
    endloop
  endfacet
  facet normal 0 -1 -0
    outer loop
      vertex 68.5 31.75 96.7513
      vertex 65.5 31.75 92.0718
      vertex 68.5 31.75 92.0718
    endloop
  endfacet
  facet normal 0 -0.866037 -0.499981
    outer loop
      vertex 65.5 31.75 96.7513
      vertex 68.5 26.75 105.412
      vertex 65.5 26.75 105.412
    endloop
  endfacet
  facet normal 0 -0.866037 -0.499981
    outer loop
      vertex 68.5 26.75 105.412
      vertex 65.5 31.75 96.7513
      vertex 68.5 31.75 96.7513
    endloop
  endfacet
  facet normal 0 0.866037 -0.499981
    outer loop
      vertex 68.5 21.75 96.7513
      vertex 65.5 26.75 105.412
      vertex 68.5 26.75 105.412
    endloop
  endfacet
  facet normal 0 0.866037 -0.499981
    outer loop
      vertex 65.5 26.75 105.412
      vertex 68.5 21.75 96.7513
      vertex 65.5 21.75 96.7513
    endloop
  endfacet
  facet normal 0 1 -0
    outer loop
      vertex 68.5 21.75 92.0718
      vertex 65.5 21.75 96.7513
      vertex 68.5 21.75 96.7513
    endloop
  endfacet
  facet normal 0 1 0
    outer loop
      vertex 65.5 21.75 96.7513
      vertex 68.5 21.75 92.0718
      vertex 65.5 21.75 92.0718
    endloop
  endfacet
  facet normal 0 0.866027 0.499998
    outer loop
      vertex 68.5 26.75 83.4115
      vertex 65.5 21.75 92.0718
      vertex 68.5 21.75 92.0718
    endloop
  endfacet
  facet normal 0 0.866027 0.499998
    outer loop
      vertex 65.5 21.75 92.0718
      vertex 68.5 26.75 83.4115
      vertex 65.5 26.75 83.4115
    endloop
  endfacet
  facet normal 0 -0.866027 0.499998
    outer loop
      vertex 65.5 26.75 83.4115
      vertex 68.5 31.75 92.0718
      vertex 65.5 31.75 92.0718
    endloop
  endfacet
  facet normal 0 -0.866027 0.499998
    outer loop
      vertex 68.5 31.75 92.0718
      vertex 65.5 26.75 83.4115
      vertex 68.5 26.75 83.4115
    endloop
  endfacet
  facet normal 0 -1 0
    outer loop
      vertex 65.5 43.75 92.0718
      vertex 68.5 43.75 96.7513
      vertex 65.5 43.75 96.7513
    endloop
  endfacet
  facet normal 0 -1 -0
    outer loop
      vertex 68.5 43.75 96.7513
      vertex 65.5 43.75 92.0718
      vertex 68.5 43.75 92.0718
    endloop
  endfacet
  facet normal 0 -0.866037 -0.499981
    outer loop
      vertex 65.5 43.75 96.7513
      vertex 68.5 38.75 105.412
      vertex 65.5 38.75 105.412
    endloop
  endfacet
  facet normal 0 -0.866037 -0.499981
    outer loop
      vertex 68.5 38.75 105.412
      vertex 65.5 43.75 96.7513
      vertex 68.5 43.75 96.7513
    endloop
  endfacet
  facet normal 0 0.866037 -0.499981
    outer loop
      vertex 68.5 33.75 96.7513
      vertex 65.5 38.75 105.412
      vertex 68.5 38.75 105.412
    endloop
  endfacet
  facet normal 0 0.866037 -0.499981
    outer loop
      vertex 65.5 38.75 105.412
      vertex 68.5 33.75 96.7513
      vertex 65.5 33.75 96.7513
    endloop
  endfacet
  facet normal 0 1 -0
    outer loop
      vertex 68.5 33.75 92.0718
      vertex 65.5 33.75 96.7513
      vertex 68.5 33.75 96.7513
    endloop
  endfacet
  facet normal 0 1 0
    outer loop
      vertex 65.5 33.75 96.7513
      vertex 68.5 33.75 92.0718
      vertex 65.5 33.75 92.0718
    endloop
  endfacet
  facet normal 0 0.866027 0.499998
    outer loop
      vertex 68.5 38.75 83.4115
      vertex 65.5 33.75 92.0718
      vertex 68.5 33.75 92.0718
    endloop
  endfacet
  facet normal 0 0.866027 0.499998
    outer loop
      vertex 65.5 33.75 92.0718
      vertex 68.5 38.75 83.4115
      vertex 65.5 38.75 83.4115
    endloop
  endfacet
  facet normal 0 -0.866027 0.499998
    outer loop
      vertex 65.5 38.75 83.4115
      vertex 68.5 43.75 92.0718
      vertex 65.5 43.75 92.0718
    endloop
  endfacet
  facet normal 0 -0.866027 0.499998
    outer loop
      vertex 68.5 43.75 92.0718
      vertex 65.5 38.75 83.4115
      vertex 68.5 38.75 83.4115
    endloop
  endfacet
  facet normal 0 -1 0
    outer loop
      vertex 65.5 25.75 76.4641
      vertex 68.5 25.75 81.1436
      vertex 65.5 25.75 81.1436
    endloop
  endfacet
  facet normal 0 -1 -0
    outer loop
      vertex 68.5 25.75 81.1436
      vertex 65.5 25.75 76.4641
      vertex 68.5 25.75 76.4641
    endloop
  endfacet
  facet normal 0 -0.866024 -0.500002
    outer loop
      vertex 65.5 25.75 81.1436
      vertex 68.5 20.75 89.8038
      vertex 65.5 20.75 89.8038
    endloop
  endfacet
  facet normal 0 -0.866024 -0.500002
    outer loop
      vertex 68.5 20.75 89.8038
      vertex 65.5 25.75 81.1436
      vertex 68.5 25.75 81.1436
    endloop
  endfacet
  facet normal 0 0.866024 -0.500002
    outer loop
      vertex 68.5 15.75 81.1436
      vertex 65.5 20.75 89.8038
      vertex 68.5 20.75 89.8038
    endloop
  endfacet
  facet normal 0 0.866024 -0.500002
    outer loop
      vertex 65.5 20.75 89.8038
      vertex 68.5 15.75 81.1436
      vertex 65.5 15.75 81.1436
    endloop
  endfacet
  facet normal 0 1 -0
    outer loop
      vertex 68.5 15.75 76.4641
      vertex 65.5 15.75 81.1436
      vertex 68.5 15.75 81.1436
    endloop
  endfacet
  facet normal 0 1 0
    outer loop
      vertex 65.5 15.75 81.1436
      vertex 68.5 15.75 76.4641
      vertex 65.5 15.75 76.4641
    endloop
  endfacet
  facet normal 0 0.866027 0.499998
    outer loop
      vertex 68.5 20.75 67.8038
      vertex 65.5 15.75 76.4641
      vertex 68.5 15.75 76.4641
    endloop
  endfacet
  facet normal 0 0.866027 0.499998
    outer loop
      vertex 65.5 15.75 76.4641
      vertex 68.5 20.75 67.8038
      vertex 65.5 20.75 67.8038
    endloop
  endfacet
  facet normal 0 -0.866027 0.499998
    outer loop
      vertex 65.5 20.75 67.8038
      vertex 68.5 25.75 76.4641
      vertex 65.5 25.75 76.4641
    endloop
  endfacet
  facet normal 0 -0.866027 0.499998
    outer loop
      vertex 68.5 25.75 76.4641
      vertex 65.5 20.75 67.8038
      vertex 68.5 20.75 67.8038
    endloop
  endfacet
  facet normal 0 -1 0
    outer loop
      vertex 65.5 37.75 76.4641
      vertex 68.5 37.75 81.1436
      vertex 65.5 37.75 81.1436
    endloop
  endfacet
  facet normal 0 -1 -0
    outer loop
      vertex 68.5 37.75 81.1436
      vertex 65.5 37.75 76.4641
      vertex 68.5 37.75 76.4641
    endloop
  endfacet
  facet normal 0 -0.866024 -0.500002
    outer loop
      vertex 65.5 37.75 81.1436
      vertex 68.5 32.75 89.8038
      vertex 65.5 32.75 89.8038
    endloop
  endfacet
  facet normal 0 -0.866024 -0.500002
    outer loop
      vertex 68.5 32.75 89.8038
      vertex 65.5 37.75 81.1436
      vertex 68.5 37.75 81.1436
    endloop
  endfacet
  facet normal 0 0.866024 -0.500002
    outer loop
      vertex 68.5 27.75 81.1436
      vertex 65.5 32.75 89.8038
      vertex 68.5 32.75 89.8038
    endloop
  endfacet
  facet normal 0 0.866024 -0.500002
    outer loop
      vertex 65.5 32.75 89.8038
      vertex 68.5 27.75 81.1436
      vertex 65.5 27.75 81.1436
    endloop
  endfacet
  facet normal 0 1 -0
    outer loop
      vertex 68.5 27.75 76.4641
      vertex 65.5 27.75 81.1436
      vertex 68.5 27.75 81.1436
    endloop
  endfacet
  facet normal 0 1 0
    outer loop
      vertex 65.5 27.75 81.1436
      vertex 68.5 27.75 76.4641
      vertex 65.5 27.75 76.4641
    endloop
  endfacet
  facet normal 0 0.866027 0.499998
    outer loop
      vertex 68.5 32.75 67.8038
      vertex 65.5 27.75 76.4641
      vertex 68.5 27.75 76.4641
    endloop
  endfacet
  facet normal 0 0.866027 0.499998
    outer loop
      vertex 65.5 27.75 76.4641
      vertex 68.5 32.75 67.8038
      vertex 65.5 32.75 67.8038
    endloop
  endfacet
  facet normal 0 -0.866027 0.499998
    outer loop
      vertex 65.5 32.75 67.8038
      vertex 68.5 37.75 76.4641
      vertex 65.5 37.75 76.4641
    endloop
  endfacet
  facet normal 0 -0.866027 0.499998
    outer loop
      vertex 68.5 37.75 76.4641
      vertex 65.5 32.75 67.8038
      vertex 68.5 32.75 67.8038
    endloop
  endfacet
  facet normal 0 -1 0
    outer loop
      vertex 65.5 19.75 60.8564
      vertex 68.5 19.75 65.5359
      vertex 65.5 19.75 65.5359
    endloop
  endfacet
  facet normal 0 -1 -0
    outer loop
      vertex 68.5 19.75 65.5359
      vertex 65.5 19.75 60.8564
      vertex 68.5 19.75 60.8564
    endloop
  endfacet
  facet normal 0 -0.866027 -0.499998
    outer loop
      vertex 65.5 19.75 65.5359
      vertex 68.5 14.75 74.1962
      vertex 65.5 14.75 74.1962
    endloop
  endfacet
  facet normal 0 -0.866027 -0.499998
    outer loop
      vertex 68.5 14.75 74.1962
      vertex 65.5 19.75 65.5359
      vertex 68.5 19.75 65.5359
    endloop
  endfacet
  facet normal 0 0.866027 -0.499998
    outer loop
      vertex 68.5 9.75 65.5359
      vertex 65.5 14.75 74.1962
      vertex 68.5 14.75 74.1962
    endloop
  endfacet
  facet normal 0 0.866027 -0.499998
    outer loop
      vertex 65.5 14.75 74.1962
      vertex 68.5 9.75 65.5359
      vertex 65.5 9.75 65.5359
    endloop
  endfacet
  facet normal 0 1 -0
    outer loop
      vertex 68.5 9.75 60.8564
      vertex 65.5 9.75 65.5359
      vertex 68.5 9.75 65.5359
    endloop
  endfacet
  facet normal 0 1 0
    outer loop
      vertex 65.5 9.75 65.5359
      vertex 68.5 9.75 60.8564
      vertex 65.5 9.75 60.8564
    endloop
  endfacet
  facet normal 0 0.866024 0.500002
    outer loop
      vertex 68.5 14.75 52.1962
      vertex 65.5 9.75 60.8564
      vertex 68.5 9.75 60.8564
    endloop
  endfacet
  facet normal 0 0.866024 0.500002
    outer loop
      vertex 65.5 9.75 60.8564
      vertex 68.5 14.75 52.1962
      vertex 65.5 14.75 52.1962
    endloop
  endfacet
  facet normal 0 -0.866024 0.500002
    outer loop
      vertex 65.5 14.75 52.1962
      vertex 68.5 19.75 60.8564
      vertex 65.5 19.75 60.8564
    endloop
  endfacet
  facet normal 0 -0.866024 0.500002
    outer loop
      vertex 68.5 19.75 60.8564
      vertex 65.5 14.75 52.1962
      vertex 68.5 14.75 52.1962
    endloop
  endfacet
  facet normal 0 -1 0
    outer loop
      vertex 65.5 31.75 60.8564
      vertex 68.5 31.75 65.5359
      vertex 65.5 31.75 65.5359
    endloop
  endfacet
  facet normal 0 -1 -0
    outer loop
      vertex 68.5 31.75 65.5359
      vertex 65.5 31.75 60.8564
      vertex 68.5 31.75 60.8564
    endloop
  endfacet
  facet normal 0 -0.866027 -0.499998
    outer loop
      vertex 65.5 31.75 65.5359
      vertex 68.5 26.75 74.1962
      vertex 65.5 26.75 74.1962
    endloop
  endfacet
  facet normal 0 -0.866027 -0.499998
    outer loop
      vertex 68.5 26.75 74.1962
      vertex 65.5 31.75 65.5359
      vertex 68.5 31.75 65.5359
    endloop
  endfacet
  facet normal 0 0.866027 -0.499998
    outer loop
      vertex 68.5 21.75 65.5359
      vertex 65.5 26.75 74.1962
      vertex 68.5 26.75 74.1962
    endloop
  endfacet
  facet normal 0 0.866027 -0.499998
    outer loop
      vertex 65.5 26.75 74.1962
      vertex 68.5 21.75 65.5359
      vertex 65.5 21.75 65.5359
    endloop
  endfacet
  facet normal 0 1 -0
    outer loop
      vertex 68.5 21.75 60.8564
      vertex 65.5 21.75 65.5359
      vertex 68.5 21.75 65.5359
    endloop
  endfacet
  facet normal 0 1 0
    outer loop
      vertex 65.5 21.75 65.5359
      vertex 68.5 21.75 60.8564
      vertex 65.5 21.75 60.8564
    endloop
  endfacet
  facet normal 0 0.866024 0.500002
    outer loop
      vertex 68.5 26.75 52.1962
      vertex 65.5 21.75 60.8564
      vertex 68.5 21.75 60.8564
    endloop
  endfacet
  facet normal 0 0.866024 0.500002
    outer loop
      vertex 65.5 21.75 60.8564
      vertex 68.5 26.75 52.1962
      vertex 65.5 26.75 52.1962
    endloop
  endfacet
  facet normal 0 -0.866024 0.500002
    outer loop
      vertex 65.5 26.75 52.1962
      vertex 68.5 31.75 60.8564
      vertex 65.5 31.75 60.8564
    endloop
  endfacet
  facet normal 0 -0.866024 0.500002
    outer loop
      vertex 68.5 31.75 60.8564
      vertex 65.5 26.75 52.1962
      vertex 68.5 26.75 52.1962
    endloop
  endfacet
  facet normal 0 -1 0
    outer loop
      vertex 65.5 43.75 60.8564
      vertex 68.5 43.75 65.5359
      vertex 65.5 43.75 65.5359
    endloop
  endfacet
  facet normal 0 -1 -0
    outer loop
      vertex 68.5 43.75 65.5359
      vertex 65.5 43.75 60.8564
      vertex 68.5 43.75 60.8564
    endloop
  endfacet
  facet normal 0 -0.866027 -0.499998
    outer loop
      vertex 65.5 43.75 65.5359
      vertex 68.5 38.75 74.1962
      vertex 65.5 38.75 74.1962
    endloop
  endfacet
  facet normal 0 -0.866027 -0.499998
    outer loop
      vertex 68.5 38.75 74.1962
      vertex 65.5 43.75 65.5359
      vertex 68.5 43.75 65.5359
    endloop
  endfacet
  facet normal 0 0.866027 -0.499998
    outer loop
      vertex 68.5 33.75 65.5359
      vertex 65.5 38.75 74.1962
      vertex 68.5 38.75 74.1962
    endloop
  endfacet
  facet normal 0 0.866027 -0.499998
    outer loop
      vertex 65.5 38.75 74.1962
      vertex 68.5 33.75 65.5359
      vertex 65.5 33.75 65.5359
    endloop
  endfacet
  facet normal 0 1 -0
    outer loop
      vertex 68.5 33.75 60.8564
      vertex 65.5 33.75 65.5359
      vertex 68.5 33.75 65.5359
    endloop
  endfacet
  facet normal 0 1 0
    outer loop
      vertex 65.5 33.75 65.5359
      vertex 68.5 33.75 60.8564
      vertex 65.5 33.75 60.8564
    endloop
  endfacet
  facet normal 0 0.866024 0.500002
    outer loop
      vertex 68.5 38.75 52.1962
      vertex 65.5 33.75 60.8564
      vertex 68.5 33.75 60.8564
    endloop
  endfacet
  facet normal 0 0.866024 0.500002
    outer loop
      vertex 65.5 33.75 60.8564
      vertex 68.5 38.75 52.1962
      vertex 65.5 38.75 52.1962
    endloop
  endfacet
  facet normal 0 -0.866024 0.500002
    outer loop
      vertex 65.5 38.75 52.1962
      vertex 68.5 43.75 60.8564
      vertex 65.5 43.75 60.8564
    endloop
  endfacet
  facet normal 0 -0.866024 0.500002
    outer loop
      vertex 68.5 43.75 60.8564
      vertex 65.5 38.75 52.1962
      vertex 68.5 38.75 52.1962
    endloop
  endfacet
  facet normal 0 -1 0
    outer loop
      vertex 65.5 25.75 45.2487
      vertex 68.5 25.75 49.9282
      vertex 65.5 25.75 49.9282
    endloop
  endfacet
  facet normal 0 -1 -0
    outer loop
      vertex 68.5 25.75 49.9282
      vertex 65.5 25.75 45.2487
      vertex 68.5 25.75 45.2487
    endloop
  endfacet
  facet normal 0 -0.866027 -0.499998
    outer loop
      vertex 65.5 25.75 49.9282
      vertex 68.5 20.75 58.5885
      vertex 65.5 20.75 58.5885
    endloop
  endfacet
  facet normal 0 -0.866027 -0.499998
    outer loop
      vertex 68.5 20.75 58.5885
      vertex 65.5 25.75 49.9282
      vertex 68.5 25.75 49.9282
    endloop
  endfacet
  facet normal 0 0.866027 -0.499998
    outer loop
      vertex 68.5 15.75 49.9282
      vertex 65.5 20.75 58.5885
      vertex 68.5 20.75 58.5885
    endloop
  endfacet
  facet normal 0 0.866027 -0.499998
    outer loop
      vertex 65.5 20.75 58.5885
      vertex 68.5 15.75 49.9282
      vertex 65.5 15.75 49.9282
    endloop
  endfacet
  facet normal 0 1 -0
    outer loop
      vertex 68.5 15.75 45.2487
      vertex 65.5 15.75 49.9282
      vertex 68.5 15.75 49.9282
    endloop
  endfacet
  facet normal 0 1 0
    outer loop
      vertex 65.5 15.75 49.9282
      vertex 68.5 15.75 45.2487
      vertex 65.5 15.75 45.2487
    endloop
  endfacet
  facet normal 0 0.866024 0.500002
    outer loop
      vertex 68.5 20.75 36.5885
      vertex 65.5 15.75 45.2487
      vertex 68.5 15.75 45.2487
    endloop
  endfacet
  facet normal 0 0.866024 0.500002
    outer loop
      vertex 65.5 15.75 45.2487
      vertex 68.5 20.75 36.5885
      vertex 65.5 20.75 36.5885
    endloop
  endfacet
  facet normal 0 -0.866024 0.500002
    outer loop
      vertex 65.5 20.75 36.5885
      vertex 68.5 25.75 45.2487
      vertex 65.5 25.75 45.2487
    endloop
  endfacet
  facet normal 0 -0.866024 0.500002
    outer loop
      vertex 68.5 25.75 45.2487
      vertex 65.5 20.75 36.5885
      vertex 68.5 20.75 36.5885
    endloop
  endfacet
  facet normal 0 -1 0
    outer loop
      vertex 65.5 37.75 45.2487
      vertex 68.5 37.75 49.9282
      vertex 65.5 37.75 49.9282
    endloop
  endfacet
  facet normal 0 -1 -0
    outer loop
      vertex 68.5 37.75 49.9282
      vertex 65.5 37.75 45.2487
      vertex 68.5 37.75 45.2487
    endloop
  endfacet
  facet normal 0 -0.866027 -0.499998
    outer loop
      vertex 65.5 37.75 49.9282
      vertex 68.5 32.75 58.5885
      vertex 65.5 32.75 58.5885
    endloop
  endfacet
  facet normal 0 -0.866027 -0.499998
    outer loop
      vertex 68.5 32.75 58.5885
      vertex 65.5 37.75 49.9282
      vertex 68.5 37.75 49.9282
    endloop
  endfacet
  facet normal 0 0.866027 -0.499998
    outer loop
      vertex 68.5 27.75 49.9282
      vertex 65.5 32.75 58.5885
      vertex 68.5 32.75 58.5885
    endloop
  endfacet
  facet normal 0 0.866027 -0.499998
    outer loop
      vertex 65.5 32.75 58.5885
      vertex 68.5 27.75 49.9282
      vertex 65.5 27.75 49.9282
    endloop
  endfacet
  facet normal 0 1 -0
    outer loop
      vertex 68.5 27.75 45.2487
      vertex 65.5 27.75 49.9282
      vertex 68.5 27.75 49.9282
    endloop
  endfacet
  facet normal 0 1 0
    outer loop
      vertex 65.5 27.75 49.9282
      vertex 68.5 27.75 45.2487
      vertex 65.5 27.75 45.2487
    endloop
  endfacet
  facet normal 0 0.866024 0.500002
    outer loop
      vertex 68.5 32.75 36.5885
      vertex 65.5 27.75 45.2487
      vertex 68.5 27.75 45.2487
    endloop
  endfacet
  facet normal 0 0.866024 0.500002
    outer loop
      vertex 65.5 27.75 45.2487
      vertex 68.5 32.75 36.5885
      vertex 65.5 32.75 36.5885
    endloop
  endfacet
  facet normal 0 -0.866024 0.500002
    outer loop
      vertex 65.5 32.75 36.5885
      vertex 68.5 37.75 45.2487
      vertex 65.5 37.75 45.2487
    endloop
  endfacet
  facet normal 0 -0.866024 0.500002
    outer loop
      vertex 68.5 37.75 45.2487
      vertex 65.5 32.75 36.5885
      vertex 68.5 32.75 36.5885
    endloop
  endfacet
  facet normal 0 -1 0
    outer loop
      vertex 65.5 19.75 29.6411
      vertex 68.5 19.75 34.3205
      vertex 65.5 19.75 34.3205
    endloop
  endfacet
  facet normal 0 -1 -0
    outer loop
      vertex 68.5 19.75 34.3205
      vertex 65.5 19.75 29.6411
      vertex 68.5 19.75 29.6411
    endloop
  endfacet
  facet normal 0 -0.866027 -0.499998
    outer loop
      vertex 65.5 19.75 34.3205
      vertex 68.5 14.75 42.9808
      vertex 65.5 14.75 42.9808
    endloop
  endfacet
  facet normal 0 -0.866027 -0.499998
    outer loop
      vertex 68.5 14.75 42.9808
      vertex 65.5 19.75 34.3205
      vertex 68.5 19.75 34.3205
    endloop
  endfacet
  facet normal 0 0.866027 -0.499998
    outer loop
      vertex 68.5 9.75 34.3205
      vertex 65.5 14.75 42.9808
      vertex 68.5 14.75 42.9808
    endloop
  endfacet
  facet normal 0 0.866027 -0.499998
    outer loop
      vertex 65.5 14.75 42.9808
      vertex 68.5 9.75 34.3205
      vertex 65.5 9.75 34.3205
    endloop
  endfacet
  facet normal 0 1 -0
    outer loop
      vertex 68.5 9.75 29.6411
      vertex 65.5 9.75 34.3205
      vertex 68.5 9.75 34.3205
    endloop
  endfacet
  facet normal 0 1 0
    outer loop
      vertex 65.5 9.75 34.3205
      vertex 68.5 9.75 29.6411
      vertex 65.5 9.75 29.6411
    endloop
  endfacet
  facet normal 0 0.866027 0.499998
    outer loop
      vertex 68.5 14.75 20.9808
      vertex 65.5 9.75 29.6411
      vertex 68.5 9.75 29.6411
    endloop
  endfacet
  facet normal 0 0.866027 0.499998
    outer loop
      vertex 65.5 9.75 29.6411
      vertex 68.5 14.75 20.9808
      vertex 65.5 14.75 20.9808
    endloop
  endfacet
  facet normal 0 -0.866027 0.499998
    outer loop
      vertex 65.5 14.75 20.9808
      vertex 68.5 19.75 29.6411
      vertex 65.5 19.75 29.6411
    endloop
  endfacet
  facet normal 0 -0.866027 0.499998
    outer loop
      vertex 68.5 19.75 29.6411
      vertex 65.5 14.75 20.9808
      vertex 68.5 14.75 20.9808
    endloop
  endfacet
  facet normal 0 -1 0
    outer loop
      vertex 65.5 31.75 29.6411
      vertex 68.5 31.75 34.3205
      vertex 65.5 31.75 34.3205
    endloop
  endfacet
  facet normal 0 -1 -0
    outer loop
      vertex 68.5 31.75 34.3205
      vertex 65.5 31.75 29.6411
      vertex 68.5 31.75 29.6411
    endloop
  endfacet
  facet normal 0 -0.866027 -0.499998
    outer loop
      vertex 65.5 31.75 34.3205
      vertex 68.5 26.75 42.9808
      vertex 65.5 26.75 42.9808
    endloop
  endfacet
  facet normal 0 -0.866027 -0.499998
    outer loop
      vertex 68.5 26.75 42.9808
      vertex 65.5 31.75 34.3205
      vertex 68.5 31.75 34.3205
    endloop
  endfacet
  facet normal 0 0.866027 -0.499998
    outer loop
      vertex 68.5 21.75 34.3205
      vertex 65.5 26.75 42.9808
      vertex 68.5 26.75 42.9808
    endloop
  endfacet
  facet normal 0 0.866027 -0.499998
    outer loop
      vertex 65.5 26.75 42.9808
      vertex 68.5 21.75 34.3205
      vertex 65.5 21.75 34.3205
    endloop
  endfacet
  facet normal 0 1 -0
    outer loop
      vertex 68.5 21.75 29.6411
      vertex 65.5 21.75 34.3205
      vertex 68.5 21.75 34.3205
    endloop
  endfacet
  facet normal 0 1 0
    outer loop
      vertex 65.5 21.75 34.3205
      vertex 68.5 21.75 29.6411
      vertex 65.5 21.75 29.6411
    endloop
  endfacet
  facet normal 0 0.866027 0.499998
    outer loop
      vertex 68.5 26.75 20.9808
      vertex 65.5 21.75 29.6411
      vertex 68.5 21.75 29.6411
    endloop
  endfacet
  facet normal 0 0.866027 0.499998
    outer loop
      vertex 65.5 21.75 29.6411
      vertex 68.5 26.75 20.9808
      vertex 65.5 26.75 20.9808
    endloop
  endfacet
  facet normal 0 -0.866027 0.499998
    outer loop
      vertex 65.5 26.75 20.9808
      vertex 68.5 31.75 29.6411
      vertex 65.5 31.75 29.6411
    endloop
  endfacet
  facet normal 0 -0.866027 0.499998
    outer loop
      vertex 68.5 31.75 29.6411
      vertex 65.5 26.75 20.9808
      vertex 68.5 26.75 20.9808
    endloop
  endfacet
  facet normal 0 -1 0
    outer loop
      vertex 65.5 43.75 29.6411
      vertex 68.5 43.75 34.3205
      vertex 65.5 43.75 34.3205
    endloop
  endfacet
  facet normal 0 -1 -0
    outer loop
      vertex 68.5 43.75 34.3205
      vertex 65.5 43.75 29.6411
      vertex 68.5 43.75 29.6411
    endloop
  endfacet
  facet normal 0 -0.866027 -0.499998
    outer loop
      vertex 65.5 43.75 34.3205
      vertex 68.5 38.75 42.9808
      vertex 65.5 38.75 42.9808
    endloop
  endfacet
  facet normal 0 -0.866027 -0.499998
    outer loop
      vertex 68.5 38.75 42.9808
      vertex 65.5 43.75 34.3205
      vertex 68.5 43.75 34.3205
    endloop
  endfacet
  facet normal 0 0.866027 -0.499998
    outer loop
      vertex 68.5 33.75 34.3205
      vertex 65.5 38.75 42.9808
      vertex 68.5 38.75 42.9808
    endloop
  endfacet
  facet normal 0 0.866027 -0.499998
    outer loop
      vertex 65.5 38.75 42.9808
      vertex 68.5 33.75 34.3205
      vertex 65.5 33.75 34.3205
    endloop
  endfacet
  facet normal 0 1 -0
    outer loop
      vertex 68.5 33.75 29.6411
      vertex 65.5 33.75 34.3205
      vertex 68.5 33.75 34.3205
    endloop
  endfacet
  facet normal 0 1 0
    outer loop
      vertex 65.5 33.75 34.3205
      vertex 68.5 33.75 29.6411
      vertex 65.5 33.75 29.6411
    endloop
  endfacet
  facet normal 0 0.866027 0.499998
    outer loop
      vertex 68.5 38.75 20.9808
      vertex 65.5 33.75 29.6411
      vertex 68.5 33.75 29.6411
    endloop
  endfacet
  facet normal 0 0.866027 0.499998
    outer loop
      vertex 65.5 33.75 29.6411
      vertex 68.5 38.75 20.9808
      vertex 65.5 38.75 20.9808
    endloop
  endfacet
  facet normal 0 -0.866027 0.499998
    outer loop
      vertex 65.5 38.75 20.9808
      vertex 68.5 43.75 29.6411
      vertex 65.5 43.75 29.6411
    endloop
  endfacet
  facet normal 0 -0.866027 0.499998
    outer loop
      vertex 68.5 43.75 29.6411
      vertex 65.5 38.75 20.9808
      vertex 68.5 38.75 20.9808
    endloop
  endfacet
  facet normal 0 -1 0
    outer loop
      vertex -68.5 25.75 107.68
      vertex -65.5 25.75 112.359
      vertex -68.5 25.75 112.359
    endloop
  endfacet
  facet normal 0 -1 -0
    outer loop
      vertex -65.5 25.75 112.359
      vertex -68.5 25.75 107.68
      vertex -65.5 25.75 107.68
    endloop
  endfacet
  facet normal 0 -0.866019 -0.500011
    outer loop
      vertex -68.5 25.75 112.359
      vertex -65.5 20.75 121.019
      vertex -68.5 20.75 121.019
    endloop
  endfacet
  facet normal 0 -0.866019 -0.500011
    outer loop
      vertex -65.5 20.75 121.019
      vertex -68.5 25.75 112.359
      vertex -65.5 25.75 112.359
    endloop
  endfacet
  facet normal 0 0.866019 -0.500011
    outer loop
      vertex -65.5 15.75 112.359
      vertex -68.5 20.75 121.019
      vertex -65.5 20.75 121.019
    endloop
  endfacet
  facet normal 0 0.866019 -0.500011
    outer loop
      vertex -68.5 20.75 121.019
      vertex -65.5 15.75 112.359
      vertex -68.5 15.75 112.359
    endloop
  endfacet
  facet normal 0 1 -0
    outer loop
      vertex -65.5 15.75 107.68
      vertex -68.5 15.75 112.359
      vertex -65.5 15.75 112.359
    endloop
  endfacet
  facet normal 0 1 0
    outer loop
      vertex -68.5 15.75 112.359
      vertex -65.5 15.75 107.68
      vertex -68.5 15.75 107.68
    endloop
  endfacet
  facet normal 0 0.866039 0.499976
    outer loop
      vertex -65.5 20.75 99.0192
      vertex -68.5 15.75 107.68
      vertex -65.5 15.75 107.68
    endloop
  endfacet
  facet normal 0 0.866039 0.499976
    outer loop
      vertex -68.5 15.75 107.68
      vertex -65.5 20.75 99.0192
      vertex -68.5 20.75 99.0192
    endloop
  endfacet
  facet normal 0 -0.866039 0.499976
    outer loop
      vertex -68.5 20.75 99.0192
      vertex -65.5 25.75 107.68
      vertex -68.5 25.75 107.68
    endloop
  endfacet
  facet normal 0 -0.866039 0.499976
    outer loop
      vertex -65.5 25.75 107.68
      vertex -68.5 20.75 99.0192
      vertex -65.5 20.75 99.0192
    endloop
  endfacet
  facet normal 0 -1 0
    outer loop
      vertex -68.5 37.75 107.68
      vertex -65.5 37.75 112.359
      vertex -68.5 37.75 112.359
    endloop
  endfacet
  facet normal 0 -1 -0
    outer loop
      vertex -65.5 37.75 112.359
      vertex -68.5 37.75 107.68
      vertex -65.5 37.75 107.68
    endloop
  endfacet
  facet normal 0 -0.866019 -0.500011
    outer loop
      vertex -68.5 37.75 112.359
      vertex -65.5 32.75 121.019
      vertex -68.5 32.75 121.019
    endloop
  endfacet
  facet normal 0 -0.866019 -0.500011
    outer loop
      vertex -65.5 32.75 121.019
      vertex -68.5 37.75 112.359
      vertex -65.5 37.75 112.359
    endloop
  endfacet
  facet normal 0 0.866019 -0.500011
    outer loop
      vertex -65.5 27.75 112.359
      vertex -68.5 32.75 121.019
      vertex -65.5 32.75 121.019
    endloop
  endfacet
  facet normal 0 0.866019 -0.500011
    outer loop
      vertex -68.5 32.75 121.019
      vertex -65.5 27.75 112.359
      vertex -68.5 27.75 112.359
    endloop
  endfacet
  facet normal 0 1 -0
    outer loop
      vertex -65.5 27.75 107.68
      vertex -68.5 27.75 112.359
      vertex -65.5 27.75 112.359
    endloop
  endfacet
  facet normal 0 1 0
    outer loop
      vertex -68.5 27.75 112.359
      vertex -65.5 27.75 107.68
      vertex -68.5 27.75 107.68
    endloop
  endfacet
  facet normal 0 0.866039 0.499976
    outer loop
      vertex -65.5 32.75 99.0192
      vertex -68.5 27.75 107.68
      vertex -65.5 27.75 107.68
    endloop
  endfacet
  facet normal 0 0.866039 0.499976
    outer loop
      vertex -68.5 27.75 107.68
      vertex -65.5 32.75 99.0192
      vertex -68.5 32.75 99.0192
    endloop
  endfacet
  facet normal 0 -0.866039 0.499976
    outer loop
      vertex -68.5 32.75 99.0192
      vertex -65.5 37.75 107.68
      vertex -68.5 37.75 107.68
    endloop
  endfacet
  facet normal 0 -0.866039 0.499976
    outer loop
      vertex -65.5 37.75 107.68
      vertex -68.5 32.75 99.0192
      vertex -65.5 32.75 99.0192
    endloop
  endfacet
  facet normal 0 -1 0
    outer loop
      vertex -68.5 19.75 92.0718
      vertex -65.5 19.75 96.7513
      vertex -68.5 19.75 96.7513
    endloop
  endfacet
  facet normal 0 -1 -0
    outer loop
      vertex -65.5 19.75 96.7513
      vertex -68.5 19.75 92.0718
      vertex -65.5 19.75 92.0718
    endloop
  endfacet
  facet normal 0 -0.866037 -0.499981
    outer loop
      vertex -68.5 19.75 96.7513
      vertex -65.5 14.75 105.412
      vertex -68.5 14.75 105.412
    endloop
  endfacet
  facet normal 0 -0.866037 -0.499981
    outer loop
      vertex -65.5 14.75 105.412
      vertex -68.5 19.75 96.7513
      vertex -65.5 19.75 96.7513
    endloop
  endfacet
  facet normal 0 0.866037 -0.499981
    outer loop
      vertex -65.5 9.75 96.7513
      vertex -68.5 14.75 105.412
      vertex -65.5 14.75 105.412
    endloop
  endfacet
  facet normal 0 0.866037 -0.499981
    outer loop
      vertex -68.5 14.75 105.412
      vertex -65.5 9.75 96.7513
      vertex -68.5 9.75 96.7513
    endloop
  endfacet
  facet normal 0 1 -0
    outer loop
      vertex -65.5 9.75 92.0718
      vertex -68.5 9.75 96.7513
      vertex -65.5 9.75 96.7513
    endloop
  endfacet
  facet normal 0 1 0
    outer loop
      vertex -68.5 9.75 96.7513
      vertex -65.5 9.75 92.0718
      vertex -68.5 9.75 92.0718
    endloop
  endfacet
  facet normal 0 0.866027 0.499998
    outer loop
      vertex -65.5 14.75 83.4115
      vertex -68.5 9.75 92.0718
      vertex -65.5 9.75 92.0718
    endloop
  endfacet
  facet normal 0 0.866027 0.499998
    outer loop
      vertex -68.5 9.75 92.0718
      vertex -65.5 14.75 83.4115
      vertex -68.5 14.75 83.4115
    endloop
  endfacet
  facet normal 0 -0.866027 0.499998
    outer loop
      vertex -68.5 14.75 83.4115
      vertex -65.5 19.75 92.0718
      vertex -68.5 19.75 92.0718
    endloop
  endfacet
  facet normal 0 -0.866027 0.499998
    outer loop
      vertex -65.5 19.75 92.0718
      vertex -68.5 14.75 83.4115
      vertex -65.5 14.75 83.4115
    endloop
  endfacet
  facet normal 0 -1 0
    outer loop
      vertex -68.5 31.75 92.0718
      vertex -65.5 31.75 96.7513
      vertex -68.5 31.75 96.7513
    endloop
  endfacet
  facet normal 0 -1 -0
    outer loop
      vertex -65.5 31.75 96.7513
      vertex -68.5 31.75 92.0718
      vertex -65.5 31.75 92.0718
    endloop
  endfacet
  facet normal 0 -0.866037 -0.499981
    outer loop
      vertex -68.5 31.75 96.7513
      vertex -65.5 26.75 105.412
      vertex -68.5 26.75 105.412
    endloop
  endfacet
  facet normal 0 -0.866037 -0.499981
    outer loop
      vertex -65.5 26.75 105.412
      vertex -68.5 31.75 96.7513
      vertex -65.5 31.75 96.7513
    endloop
  endfacet
  facet normal 0 0.866037 -0.499981
    outer loop
      vertex -65.5 21.75 96.7513
      vertex -68.5 26.75 105.412
      vertex -65.5 26.75 105.412
    endloop
  endfacet
  facet normal 0 0.866037 -0.499981
    outer loop
      vertex -68.5 26.75 105.412
      vertex -65.5 21.75 96.7513
      vertex -68.5 21.75 96.7513
    endloop
  endfacet
  facet normal 0 1 -0
    outer loop
      vertex -65.5 21.75 92.0718
      vertex -68.5 21.75 96.7513
      vertex -65.5 21.75 96.7513
    endloop
  endfacet
  facet normal 0 1 0
    outer loop
      vertex -68.5 21.75 96.7513
      vertex -65.5 21.75 92.0718
      vertex -68.5 21.75 92.0718
    endloop
  endfacet
  facet normal 0 0.866027 0.499998
    outer loop
      vertex -65.5 26.75 83.4115
      vertex -68.5 21.75 92.0718
      vertex -65.5 21.75 92.0718
    endloop
  endfacet
  facet normal 0 0.866027 0.499998
    outer loop
      vertex -68.5 21.75 92.0718
      vertex -65.5 26.75 83.4115
      vertex -68.5 26.75 83.4115
    endloop
  endfacet
  facet normal 0 -0.866027 0.499998
    outer loop
      vertex -68.5 26.75 83.4115
      vertex -65.5 31.75 92.0718
      vertex -68.5 31.75 92.0718
    endloop
  endfacet
  facet normal 0 -0.866027 0.499998
    outer loop
      vertex -65.5 31.75 92.0718
      vertex -68.5 26.75 83.4115
      vertex -65.5 26.75 83.4115
    endloop
  endfacet
  facet normal 0 -1 0
    outer loop
      vertex -68.5 43.75 92.0718
      vertex -65.5 43.75 96.7513
      vertex -68.5 43.75 96.7513
    endloop
  endfacet
  facet normal 0 -1 -0
    outer loop
      vertex -65.5 43.75 96.7513
      vertex -68.5 43.75 92.0718
      vertex -65.5 43.75 92.0718
    endloop
  endfacet
  facet normal 0 -0.866037 -0.499981
    outer loop
      vertex -68.5 43.75 96.7513
      vertex -65.5 38.75 105.412
      vertex -68.5 38.75 105.412
    endloop
  endfacet
  facet normal 0 -0.866037 -0.499981
    outer loop
      vertex -65.5 38.75 105.412
      vertex -68.5 43.75 96.7513
      vertex -65.5 43.75 96.7513
    endloop
  endfacet
  facet normal 0 0.866037 -0.499981
    outer loop
      vertex -65.5 33.75 96.7513
      vertex -68.5 38.75 105.412
      vertex -65.5 38.75 105.412
    endloop
  endfacet
  facet normal 0 0.866037 -0.499981
    outer loop
      vertex -68.5 38.75 105.412
      vertex -65.5 33.75 96.7513
      vertex -68.5 33.75 96.7513
    endloop
  endfacet
  facet normal 0 1 -0
    outer loop
      vertex -65.5 33.75 92.0718
      vertex -68.5 33.75 96.7513
      vertex -65.5 33.75 96.7513
    endloop
  endfacet
  facet normal 0 1 0
    outer loop
      vertex -68.5 33.75 96.7513
      vertex -65.5 33.75 92.0718
      vertex -68.5 33.75 92.0718
    endloop
  endfacet
  facet normal 0 0.866027 0.499998
    outer loop
      vertex -65.5 38.75 83.4115
      vertex -68.5 33.75 92.0718
      vertex -65.5 33.75 92.0718
    endloop
  endfacet
  facet normal 0 0.866027 0.499998
    outer loop
      vertex -68.5 33.75 92.0718
      vertex -65.5 38.75 83.4115
      vertex -68.5 38.75 83.4115
    endloop
  endfacet
  facet normal 0 -0.866027 0.499998
    outer loop
      vertex -68.5 38.75 83.4115
      vertex -65.5 43.75 92.0718
      vertex -68.5 43.75 92.0718
    endloop
  endfacet
  facet normal 0 -0.866027 0.499998
    outer loop
      vertex -65.5 43.75 92.0718
      vertex -68.5 38.75 83.4115
      vertex -65.5 38.75 83.4115
    endloop
  endfacet
  facet normal 0 -1 0
    outer loop
      vertex -68.5 25.75 76.4641
      vertex -65.5 25.75 81.1436
      vertex -68.5 25.75 81.1436
    endloop
  endfacet
  facet normal 0 -1 -0
    outer loop
      vertex -65.5 25.75 81.1436
      vertex -68.5 25.75 76.4641
      vertex -65.5 25.75 76.4641
    endloop
  endfacet
  facet normal 0 -0.866024 -0.500002
    outer loop
      vertex -68.5 25.75 81.1436
      vertex -65.5 20.75 89.8038
      vertex -68.5 20.75 89.8038
    endloop
  endfacet
  facet normal 0 -0.866024 -0.500002
    outer loop
      vertex -65.5 20.75 89.8038
      vertex -68.5 25.75 81.1436
      vertex -65.5 25.75 81.1436
    endloop
  endfacet
  facet normal 0 0.866024 -0.500002
    outer loop
      vertex -65.5 15.75 81.1436
      vertex -68.5 20.75 89.8038
      vertex -65.5 20.75 89.8038
    endloop
  endfacet
  facet normal 0 0.866024 -0.500002
    outer loop
      vertex -68.5 20.75 89.8038
      vertex -65.5 15.75 81.1436
      vertex -68.5 15.75 81.1436
    endloop
  endfacet
  facet normal 0 1 -0
    outer loop
      vertex -65.5 15.75 76.4641
      vertex -68.5 15.75 81.1436
      vertex -65.5 15.75 81.1436
    endloop
  endfacet
  facet normal 0 1 0
    outer loop
      vertex -68.5 15.75 81.1436
      vertex -65.5 15.75 76.4641
      vertex -68.5 15.75 76.4641
    endloop
  endfacet
  facet normal 0 0.866027 0.499998
    outer loop
      vertex -65.5 20.75 67.8038
      vertex -68.5 15.75 76.4641
      vertex -65.5 15.75 76.4641
    endloop
  endfacet
  facet normal 0 0.866027 0.499998
    outer loop
      vertex -68.5 15.75 76.4641
      vertex -65.5 20.75 67.8038
      vertex -68.5 20.75 67.8038
    endloop
  endfacet
  facet normal 0 -0.866027 0.499998
    outer loop
      vertex -68.5 20.75 67.8038
      vertex -65.5 25.75 76.4641
      vertex -68.5 25.75 76.4641
    endloop
  endfacet
  facet normal 0 -0.866027 0.499998
    outer loop
      vertex -65.5 25.75 76.4641
      vertex -68.5 20.75 67.8038
      vertex -65.5 20.75 67.8038
    endloop
  endfacet
  facet normal 0 -1 0
    outer loop
      vertex -68.5 37.75 76.4641
      vertex -65.5 37.75 81.1436
      vertex -68.5 37.75 81.1436
    endloop
  endfacet
  facet normal 0 -1 -0
    outer loop
      vertex -65.5 37.75 81.1436
      vertex -68.5 37.75 76.4641
      vertex -65.5 37.75 76.4641
    endloop
  endfacet
  facet normal 0 -0.866024 -0.500002
    outer loop
      vertex -68.5 37.75 81.1436
      vertex -65.5 32.75 89.8038
      vertex -68.5 32.75 89.8038
    endloop
  endfacet
  facet normal 0 -0.866024 -0.500002
    outer loop
      vertex -65.5 32.75 89.8038
      vertex -68.5 37.75 81.1436
      vertex -65.5 37.75 81.1436
    endloop
  endfacet
  facet normal 0 0.866024 -0.500002
    outer loop
      vertex -65.5 27.75 81.1436
      vertex -68.5 32.75 89.8038
      vertex -65.5 32.75 89.8038
    endloop
  endfacet
  facet normal 0 0.866024 -0.500002
    outer loop
      vertex -68.5 32.75 89.8038
      vertex -65.5 27.75 81.1436
      vertex -68.5 27.75 81.1436
    endloop
  endfacet
  facet normal 0 1 -0
    outer loop
      vertex -65.5 27.75 76.4641
      vertex -68.5 27.75 81.1436
      vertex -65.5 27.75 81.1436
    endloop
  endfacet
  facet normal 0 1 0
    outer loop
      vertex -68.5 27.75 81.1436
      vertex -65.5 27.75 76.4641
      vertex -68.5 27.75 76.4641
    endloop
  endfacet
  facet normal 0 0.866027 0.499998
    outer loop
      vertex -65.5 32.75 67.8038
      vertex -68.5 27.75 76.4641
      vertex -65.5 27.75 76.4641
    endloop
  endfacet
  facet normal 0 0.866027 0.499998
    outer loop
      vertex -68.5 27.75 76.4641
      vertex -65.5 32.75 67.8038
      vertex -68.5 32.75 67.8038
    endloop
  endfacet
  facet normal 0 -0.866027 0.499998
    outer loop
      vertex -68.5 32.75 67.8038
      vertex -65.5 37.75 76.4641
      vertex -68.5 37.75 76.4641
    endloop
  endfacet
  facet normal 0 -0.866027 0.499998
    outer loop
      vertex -65.5 37.75 76.4641
      vertex -68.5 32.75 67.8038
      vertex -65.5 32.75 67.8038
    endloop
  endfacet
  facet normal 0 -1 0
    outer loop
      vertex -68.5 19.75 60.8564
      vertex -65.5 19.75 65.5359
      vertex -68.5 19.75 65.5359
    endloop
  endfacet
  facet normal 0 -1 -0
    outer loop
      vertex -65.5 19.75 65.5359
      vertex -68.5 19.75 60.8564
      vertex -65.5 19.75 60.8564
    endloop
  endfacet
  facet normal 0 -0.866027 -0.499998
    outer loop
      vertex -68.5 19.75 65.5359
      vertex -65.5 14.75 74.1962
      vertex -68.5 14.75 74.1962
    endloop
  endfacet
  facet normal 0 -0.866027 -0.499998
    outer loop
      vertex -65.5 14.75 74.1962
      vertex -68.5 19.75 65.5359
      vertex -65.5 19.75 65.5359
    endloop
  endfacet
  facet normal 0 0.866027 -0.499998
    outer loop
      vertex -65.5 9.75 65.5359
      vertex -68.5 14.75 74.1962
      vertex -65.5 14.75 74.1962
    endloop
  endfacet
  facet normal 0 0.866027 -0.499998
    outer loop
      vertex -68.5 14.75 74.1962
      vertex -65.5 9.75 65.5359
      vertex -68.5 9.75 65.5359
    endloop
  endfacet
  facet normal 0 1 -0
    outer loop
      vertex -65.5 9.75 60.8564
      vertex -68.5 9.75 65.5359
      vertex -65.5 9.75 65.5359
    endloop
  endfacet
  facet normal 0 1 0
    outer loop
      vertex -68.5 9.75 65.5359
      vertex -65.5 9.75 60.8564
      vertex -68.5 9.75 60.8564
    endloop
  endfacet
  facet normal 0 0.866024 0.500002
    outer loop
      vertex -65.5 14.75 52.1962
      vertex -68.5 9.75 60.8564
      vertex -65.5 9.75 60.8564
    endloop
  endfacet
  facet normal 0 0.866024 0.500002
    outer loop
      vertex -68.5 9.75 60.8564
      vertex -65.5 14.75 52.1962
      vertex -68.5 14.75 52.1962
    endloop
  endfacet
  facet normal 0 -0.866024 0.500002
    outer loop
      vertex -68.5 14.75 52.1962
      vertex -65.5 19.75 60.8564
      vertex -68.5 19.75 60.8564
    endloop
  endfacet
  facet normal 0 -0.866024 0.500002
    outer loop
      vertex -65.5 19.75 60.8564
      vertex -68.5 14.75 52.1962
      vertex -65.5 14.75 52.1962
    endloop
  endfacet
  facet normal 0 -1 0
    outer loop
      vertex -68.5 31.75 60.8564
      vertex -65.5 31.75 65.5359
      vertex -68.5 31.75 65.5359
    endloop
  endfacet
  facet normal 0 -1 -0
    outer loop
      vertex -65.5 31.75 65.5359
      vertex -68.5 31.75 60.8564
      vertex -65.5 31.75 60.8564
    endloop
  endfacet
  facet normal 0 -0.866027 -0.499998
    outer loop
      vertex -68.5 31.75 65.5359
      vertex -65.5 26.75 74.1962
      vertex -68.5 26.75 74.1962
    endloop
  endfacet
  facet normal 0 -0.866027 -0.499998
    outer loop
      vertex -65.5 26.75 74.1962
      vertex -68.5 31.75 65.5359
      vertex -65.5 31.75 65.5359
    endloop
  endfacet
  facet normal 0 0.866027 -0.499998
    outer loop
      vertex -65.5 21.75 65.5359
      vertex -68.5 26.75 74.1962
      vertex -65.5 26.75 74.1962
    endloop
  endfacet
  facet normal 0 0.866027 -0.499998
    outer loop
      vertex -68.5 26.75 74.1962
      vertex -65.5 21.75 65.5359
      vertex -68.5 21.75 65.5359
    endloop
  endfacet
  facet normal 0 1 -0
    outer loop
      vertex -65.5 21.75 60.8564
      vertex -68.5 21.75 65.5359
      vertex -65.5 21.75 65.5359
    endloop
  endfacet
  facet normal 0 1 0
    outer loop
      vertex -68.5 21.75 65.5359
      vertex -65.5 21.75 60.8564
      vertex -68.5 21.75 60.8564
    endloop
  endfacet
  facet normal 0 0.866024 0.500002
    outer loop
      vertex -65.5 26.75 52.1962
      vertex -68.5 21.75 60.8564
      vertex -65.5 21.75 60.8564
    endloop
  endfacet
  facet normal 0 0.866024 0.500002
    outer loop
      vertex -68.5 21.75 60.8564
      vertex -65.5 26.75 52.1962
      vertex -68.5 26.75 52.1962
    endloop
  endfacet
  facet normal 0 -0.866024 0.500002
    outer loop
      vertex -68.5 26.75 52.1962
      vertex -65.5 31.75 60.8564
      vertex -68.5 31.75 60.8564
    endloop
  endfacet
  facet normal 0 -0.866024 0.500002
    outer loop
      vertex -65.5 31.75 60.8564
      vertex -68.5 26.75 52.1962
      vertex -65.5 26.75 52.1962
    endloop
  endfacet
  facet normal 0 -1 0
    outer loop
      vertex -68.5 43.75 60.8564
      vertex -65.5 43.75 65.5359
      vertex -68.5 43.75 65.5359
    endloop
  endfacet
  facet normal 0 -1 -0
    outer loop
      vertex -65.5 43.75 65.5359
      vertex -68.5 43.75 60.8564
      vertex -65.5 43.75 60.8564
    endloop
  endfacet
  facet normal 0 -0.866027 -0.499998
    outer loop
      vertex -68.5 43.75 65.5359
      vertex -65.5 38.75 74.1962
      vertex -68.5 38.75 74.1962
    endloop
  endfacet
  facet normal 0 -0.866027 -0.499998
    outer loop
      vertex -65.5 38.75 74.1962
      vertex -68.5 43.75 65.5359
      vertex -65.5 43.75 65.5359
    endloop
  endfacet
  facet normal 0 0.866027 -0.499998
    outer loop
      vertex -65.5 33.75 65.5359
      vertex -68.5 38.75 74.1962
      vertex -65.5 38.75 74.1962
    endloop
  endfacet
  facet normal 0 0.866027 -0.499998
    outer loop
      vertex -68.5 38.75 74.1962
      vertex -65.5 33.75 65.5359
      vertex -68.5 33.75 65.5359
    endloop
  endfacet
  facet normal 0 1 -0
    outer loop
      vertex -65.5 33.75 60.8564
      vertex -68.5 33.75 65.5359
      vertex -65.5 33.75 65.5359
    endloop
  endfacet
  facet normal 0 1 0
    outer loop
      vertex -68.5 33.75 65.5359
      vertex -65.5 33.75 60.8564
      vertex -68.5 33.75 60.8564
    endloop
  endfacet
  facet normal 0 0.866024 0.500002
    outer loop
      vertex -65.5 38.75 52.1962
      vertex -68.5 33.75 60.8564
      vertex -65.5 33.75 60.8564
    endloop
  endfacet
  facet normal 0 0.866024 0.500002
    outer loop
      vertex -68.5 33.75 60.8564
      vertex -65.5 38.75 52.1962
      vertex -68.5 38.75 52.1962
    endloop
  endfacet
  facet normal 0 -0.866024 0.500002
    outer loop
      vertex -68.5 38.75 52.1962
      vertex -65.5 43.75 60.8564
      vertex -68.5 43.75 60.8564
    endloop
  endfacet
  facet normal 0 -0.866024 0.500002
    outer loop
      vertex -65.5 43.75 60.8564
      vertex -68.5 38.75 52.1962
      vertex -65.5 38.75 52.1962
    endloop
  endfacet
  facet normal 0 -1 0
    outer loop
      vertex -68.5 25.75 45.2487
      vertex -65.5 25.75 49.9282
      vertex -68.5 25.75 49.9282
    endloop
  endfacet
  facet normal 0 -1 -0
    outer loop
      vertex -65.5 25.75 49.9282
      vertex -68.5 25.75 45.2487
      vertex -65.5 25.75 45.2487
    endloop
  endfacet
  facet normal 0 -0.866027 -0.499998
    outer loop
      vertex -68.5 25.75 49.9282
      vertex -65.5 20.75 58.5885
      vertex -68.5 20.75 58.5885
    endloop
  endfacet
  facet normal 0 -0.866027 -0.499998
    outer loop
      vertex -65.5 20.75 58.5885
      vertex -68.5 25.75 49.9282
      vertex -65.5 25.75 49.9282
    endloop
  endfacet
  facet normal 0 0.866027 -0.499998
    outer loop
      vertex -65.5 15.75 49.9282
      vertex -68.5 20.75 58.5885
      vertex -65.5 20.75 58.5885
    endloop
  endfacet
  facet normal 0 0.866027 -0.499998
    outer loop
      vertex -68.5 20.75 58.5885
      vertex -65.5 15.75 49.9282
      vertex -68.5 15.75 49.9282
    endloop
  endfacet
  facet normal 0 1 -0
    outer loop
      vertex -65.5 15.75 45.2487
      vertex -68.5 15.75 49.9282
      vertex -65.5 15.75 49.9282
    endloop
  endfacet
  facet normal 0 1 0
    outer loop
      vertex -68.5 15.75 49.9282
      vertex -65.5 15.75 45.2487
      vertex -68.5 15.75 45.2487
    endloop
  endfacet
  facet normal 0 0.866024 0.500002
    outer loop
      vertex -65.5 20.75 36.5885
      vertex -68.5 15.75 45.2487
      vertex -65.5 15.75 45.2487
    endloop
  endfacet
  facet normal 0 0.866024 0.500002
    outer loop
      vertex -68.5 15.75 45.2487
      vertex -65.5 20.75 36.5885
      vertex -68.5 20.75 36.5885
    endloop
  endfacet
  facet normal 0 -0.866024 0.500002
    outer loop
      vertex -68.5 20.75 36.5885
      vertex -65.5 25.75 45.2487
      vertex -68.5 25.75 45.2487
    endloop
  endfacet
  facet normal 0 -0.866024 0.500002
    outer loop
      vertex -65.5 25.75 45.2487
      vertex -68.5 20.75 36.5885
      vertex -65.5 20.75 36.5885
    endloop
  endfacet
  facet normal 0 -1 0
    outer loop
      vertex -68.5 37.75 45.2487
      vertex -65.5 37.75 49.9282
      vertex -68.5 37.75 49.9282
    endloop
  endfacet
  facet normal 0 -1 -0
    outer loop
      vertex -65.5 37.75 49.9282
      vertex -68.5 37.75 45.2487
      vertex -65.5 37.75 45.2487
    endloop
  endfacet
  facet normal 0 -0.866027 -0.499998
    outer loop
      vertex -68.5 37.75 49.9282
      vertex -65.5 32.75 58.5885
      vertex -68.5 32.75 58.5885
    endloop
  endfacet
  facet normal 0 -0.866027 -0.499998
    outer loop
      vertex -65.5 32.75 58.5885
      vertex -68.5 37.75 49.9282
      vertex -65.5 37.75 49.9282
    endloop
  endfacet
  facet normal 0 0.866027 -0.499998
    outer loop
      vertex -65.5 27.75 49.9282
      vertex -68.5 32.75 58.5885
      vertex -65.5 32.75 58.5885
    endloop
  endfacet
  facet normal 0 0.866027 -0.499998
    outer loop
      vertex -68.5 32.75 58.5885
      vertex -65.5 27.75 49.9282
      vertex -68.5 27.75 49.9282
    endloop
  endfacet
  facet normal 0 1 -0
    outer loop
      vertex -65.5 27.75 45.2487
      vertex -68.5 27.75 49.9282
      vertex -65.5 27.75 49.9282
    endloop
  endfacet
  facet normal 0 1 0
    outer loop
      vertex -68.5 27.75 49.9282
      vertex -65.5 27.75 45.2487
      vertex -68.5 27.75 45.2487
    endloop
  endfacet
  facet normal 0 0.866024 0.500002
    outer loop
      vertex -65.5 32.75 36.5885
      vertex -68.5 27.75 45.2487
      vertex -65.5 27.75 45.2487
    endloop
  endfacet
  facet normal 0 0.866024 0.500002
    outer loop
      vertex -68.5 27.75 45.2487
      vertex -65.5 32.75 36.5885
      vertex -68.5 32.75 36.5885
    endloop
  endfacet
  facet normal 0 -0.866024 0.500002
    outer loop
      vertex -68.5 32.75 36.5885
      vertex -65.5 37.75 45.2487
      vertex -68.5 37.75 45.2487
    endloop
  endfacet
  facet normal 0 -0.866024 0.500002
    outer loop
      vertex -65.5 37.75 45.2487
      vertex -68.5 32.75 36.5885
      vertex -65.5 32.75 36.5885
    endloop
  endfacet
  facet normal 0 -1 0
    outer loop
      vertex -68.5 19.75 29.6411
      vertex -65.5 19.75 34.3205
      vertex -68.5 19.75 34.3205
    endloop
  endfacet
  facet normal 0 -1 -0
    outer loop
      vertex -65.5 19.75 34.3205
      vertex -68.5 19.75 29.6411
      vertex -65.5 19.75 29.6411
    endloop
  endfacet
  facet normal 0 -0.866027 -0.499998
    outer loop
      vertex -68.5 19.75 34.3205
      vertex -65.5 14.75 42.9808
      vertex -68.5 14.75 42.9808
    endloop
  endfacet
  facet normal 0 -0.866027 -0.499998
    outer loop
      vertex -65.5 14.75 42.9808
      vertex -68.5 19.75 34.3205
      vertex -65.5 19.75 34.3205
    endloop
  endfacet
  facet normal 0 0.866027 -0.499998
    outer loop
      vertex -65.5 9.75 34.3205
      vertex -68.5 14.75 42.9808
      vertex -65.5 14.75 42.9808
    endloop
  endfacet
  facet normal 0 0.866027 -0.499998
    outer loop
      vertex -68.5 14.75 42.9808
      vertex -65.5 9.75 34.3205
      vertex -68.5 9.75 34.3205
    endloop
  endfacet
  facet normal 0 1 -0
    outer loop
      vertex -65.5 9.75 29.6411
      vertex -68.5 9.75 34.3205
      vertex -65.5 9.75 34.3205
    endloop
  endfacet
  facet normal 0 1 0
    outer loop
      vertex -68.5 9.75 34.3205
      vertex -65.5 9.75 29.6411
      vertex -68.5 9.75 29.6411
    endloop
  endfacet
  facet normal 0 0.866027 0.499998
    outer loop
      vertex -65.5 14.75 20.9808
      vertex -68.5 9.75 29.6411
      vertex -65.5 9.75 29.6411
    endloop
  endfacet
  facet normal 0 0.866027 0.499998
    outer loop
      vertex -68.5 9.75 29.6411
      vertex -65.5 14.75 20.9808
      vertex -68.5 14.75 20.9808
    endloop
  endfacet
  facet normal 0 -0.866027 0.499998
    outer loop
      vertex -68.5 14.75 20.9808
      vertex -65.5 19.75 29.6411
      vertex -68.5 19.75 29.6411
    endloop
  endfacet
  facet normal 0 -0.866027 0.499998
    outer loop
      vertex -65.5 19.75 29.6411
      vertex -68.5 14.75 20.9808
      vertex -65.5 14.75 20.9808
    endloop
  endfacet
  facet normal 0 -1 0
    outer loop
      vertex -68.5 31.75 29.6411
      vertex -65.5 31.75 34.3205
      vertex -68.5 31.75 34.3205
    endloop
  endfacet
  facet normal 0 -1 -0
    outer loop
      vertex -65.5 31.75 34.3205
      vertex -68.5 31.75 29.6411
      vertex -65.5 31.75 29.6411
    endloop
  endfacet
  facet normal 0 -0.866027 -0.499998
    outer loop
      vertex -68.5 31.75 34.3205
      vertex -65.5 26.75 42.9808
      vertex -68.5 26.75 42.9808
    endloop
  endfacet
  facet normal 0 -0.866027 -0.499998
    outer loop
      vertex -65.5 26.75 42.9808
      vertex -68.5 31.75 34.3205
      vertex -65.5 31.75 34.3205
    endloop
  endfacet
  facet normal 0 0.866027 -0.499998
    outer loop
      vertex -65.5 21.75 34.3205
      vertex -68.5 26.75 42.9808
      vertex -65.5 26.75 42.9808
    endloop
  endfacet
  facet normal 0 0.866027 -0.499998
    outer loop
      vertex -68.5 26.75 42.9808
      vertex -65.5 21.75 34.3205
      vertex -68.5 21.75 34.3205
    endloop
  endfacet
  facet normal 0 1 -0
    outer loop
      vertex -65.5 21.75 29.6411
      vertex -68.5 21.75 34.3205
      vertex -65.5 21.75 34.3205
    endloop
  endfacet
  facet normal 0 1 0
    outer loop
      vertex -68.5 21.75 34.3205
      vertex -65.5 21.75 29.6411
      vertex -68.5 21.75 29.6411
    endloop
  endfacet
  facet normal 0 0.866027 0.499998
    outer loop
      vertex -65.5 26.75 20.9808
      vertex -68.5 21.75 29.6411
      vertex -65.5 21.75 29.6411
    endloop
  endfacet
  facet normal 0 0.866027 0.499998
    outer loop
      vertex -68.5 21.75 29.6411
      vertex -65.5 26.75 20.9808
      vertex -68.5 26.75 20.9808
    endloop
  endfacet
  facet normal 0 -0.866027 0.499998
    outer loop
      vertex -68.5 26.75 20.9808
      vertex -65.5 31.75 29.6411
      vertex -68.5 31.75 29.6411
    endloop
  endfacet
  facet normal 0 -0.866027 0.499998
    outer loop
      vertex -65.5 31.75 29.6411
      vertex -68.5 26.75 20.9808
      vertex -65.5 26.75 20.9808
    endloop
  endfacet
  facet normal 0 -1 0
    outer loop
      vertex -68.5 43.75 29.6411
      vertex -65.5 43.75 34.3205
      vertex -68.5 43.75 34.3205
    endloop
  endfacet
  facet normal 0 -1 -0
    outer loop
      vertex -65.5 43.75 34.3205
      vertex -68.5 43.75 29.6411
      vertex -65.5 43.75 29.6411
    endloop
  endfacet
  facet normal 0 -0.866027 -0.499998
    outer loop
      vertex -68.5 43.75 34.3205
      vertex -65.5 38.75 42.9808
      vertex -68.5 38.75 42.9808
    endloop
  endfacet
  facet normal 0 -0.866027 -0.499998
    outer loop
      vertex -65.5 38.75 42.9808
      vertex -68.5 43.75 34.3205
      vertex -65.5 43.75 34.3205
    endloop
  endfacet
  facet normal 0 0.866027 -0.499998
    outer loop
      vertex -65.5 33.75 34.3205
      vertex -68.5 38.75 42.9808
      vertex -65.5 38.75 42.9808
    endloop
  endfacet
  facet normal 0 0.866027 -0.499998
    outer loop
      vertex -68.5 38.75 42.9808
      vertex -65.5 33.75 34.3205
      vertex -68.5 33.75 34.3205
    endloop
  endfacet
  facet normal 0 1 -0
    outer loop
      vertex -65.5 33.75 29.6411
      vertex -68.5 33.75 34.3205
      vertex -65.5 33.75 34.3205
    endloop
  endfacet
  facet normal 0 1 0
    outer loop
      vertex -68.5 33.75 34.3205
      vertex -65.5 33.75 29.6411
      vertex -68.5 33.75 29.6411
    endloop
  endfacet
  facet normal 0 0.866027 0.499998
    outer loop
      vertex -65.5 38.75 20.9808
      vertex -68.5 33.75 29.6411
      vertex -65.5 33.75 29.6411
    endloop
  endfacet
  facet normal 0 0.866027 0.499998
    outer loop
      vertex -68.5 33.75 29.6411
      vertex -65.5 38.75 20.9808
      vertex -68.5 38.75 20.9808
    endloop
  endfacet
  facet normal 0 -0.866027 0.499998
    outer loop
      vertex -68.5 38.75 20.9808
      vertex -65.5 43.75 29.6411
      vertex -68.5 43.75 29.6411
    endloop
  endfacet
  facet normal 0 -0.866027 0.499998
    outer loop
      vertex -65.5 43.75 29.6411
      vertex -68.5 38.75 20.9808
      vertex -65.5 38.75 20.9808
    endloop
  endfacet
  facet normal -0.740823 -0.6717 0
    outer loop
      vertex 55.1381 43.0564 0
      vertex 54.7426 43.4926 3.5
      vertex 54.7426 43.4926 0
    endloop
  endfacet
  facet normal -0.740823 -0.6717 0
    outer loop
      vertex 54.7426 43.4926 3.5
      vertex 55.1381 43.0564 0
      vertex 55.1381 43.0564 3.5
    endloop
  endfacet
  facet normal -0.803289 -0.595589 0
    outer loop
      vertex 55.4888 42.5834 0
      vertex 55.1381 43.0564 3.5
      vertex 55.1381 43.0564 0
    endloop
  endfacet
  facet normal -0.803289 -0.595589 0
    outer loop
      vertex 55.1381 43.0564 3.5
      vertex 55.4888 42.5834 0
      vertex 55.4888 42.5834 3.5
    endloop
  endfacet
  facet normal -0.671663 0.740857 0
    outer loop
      vertex 54.7426 10.0074 0
      vertex 54.3064 9.61194 3.5
      vertex 54.7426 10.0074 3.5
    endloop
  endfacet
  facet normal -0.671663 0.740857 0
    outer loop
      vertex 54.3064 9.61194 3.5
      vertex 54.7426 10.0074 0
      vertex 54.3064 9.61194 0
    endloop
  endfacet
  facet normal 0.146746 0.989174 -0
    outer loop
      vertex -51.0881 8.27889 0
      vertex -51.6705 8.36529 3.5
      vertex -51.0881 8.27889 3.5
    endloop
  endfacet
  facet normal 0.146746 0.989174 0
    outer loop
      vertex -51.6705 8.36529 3.5
      vertex -51.0881 8.27889 0
      vertex -51.6705 8.36529 0
    endloop
  endfacet
  facet normal 0 1 -0
    outer loop
      vertex 50.5 8.25 0
      vertex -50.5 8.25 3.5
      vertex 50.5 8.25 3.5
    endloop
  endfacet
  facet normal 0 1 0
    outer loop
      vertex -50.5 8.25 3.5
      vertex 50.5 8.25 0
      vertex -50.5 8.25 0
    endloop
  endfacet
  facet normal -0.970023 0.243015 0
    outer loop
      vertex 56.2416 12.5083 0
      vertex 56.3847 13.0795 3.5
      vertex 56.3847 13.0795 0
    endloop
  endfacet
  facet normal -0.970023 0.243015 0
    outer loop
      vertex 56.3847 13.0795 3.5
      vertex 56.2416 12.5083 0
      vertex 56.2416 12.5083 3.5
    endloop
  endfacet
  facet normal 0.94158 -0.336788 0
    outer loop
      vertex -56.2416 40.9917 3.5
      vertex -56.0433 41.5461 0
      vertex -56.0433 41.5461 3.5
    endloop
  endfacet
  facet normal 0.94158 -0.336788 0
    outer loop
      vertex -56.0433 41.5461 0
      vertex -56.2416 40.9917 3.5
      vertex -56.2416 40.9917 0
    endloop
  endfacet
  facet normal 0.336788 -0.94158 0
    outer loop
      vertex -52.7961 44.7933 0
      vertex -52.2417 44.9916 3.5
      vertex -52.7961 44.7933 3.5
    endloop
  endfacet
  facet normal 0.336788 -0.94158 0
    outer loop
      vertex -52.2417 44.9916 3.5
      vertex -52.7961 44.7933 0
      vertex -52.2417 44.9916 0
    endloop
  endfacet
  facet normal -0.998795 0.0490821 0
    outer loop
      vertex 56.4711 13.6619 0
      vertex 56.5 14.25 3.5
      vertex 56.5 14.25 0
    endloop
  endfacet
  facet normal -0.998795 0.0490821 0
    outer loop
      vertex 56.5 14.25 3.5
      vertex 56.4711 13.6619 0
      vertex 56.4711 13.6619 3.5
    endloop
  endfacet
  facet normal 1 -0 0
    outer loop
      vertex -56.5 14.25 3.5
      vertex -56.5 39.25 0
      vertex -56.5 39.25 3.5
    endloop
  endfacet
  facet normal 1 0 0
    outer loop
      vertex -56.5 39.25 0
      vertex -56.5 14.25 3.5
      vertex -56.5 14.25 0
    endloop
  endfacet
  facet normal -0.242967 0.970035 0
    outer loop
      vertex 52.2417 8.50836 0
      vertex 51.6705 8.36529 3.5
      vertex 52.2417 8.50836 3.5
    endloop
  endfacet
  facet normal -0.242967 0.970035 0
    outer loop
      vertex 51.6705 8.36529 3.5
      vertex 52.2417 8.50836 0
      vertex 51.6705 8.36529 0
    endloop
  endfacet
  facet normal 0.336879 0.941548 -0
    outer loop
      vertex -52.2417 8.50836 0
      vertex -52.7961 8.70672 3.5
      vertex -52.2417 8.50836 3.5
    endloop
  endfacet
  facet normal 0.336879 0.941548 0
    outer loop
      vertex -52.7961 8.70672 3.5
      vertex -52.2417 8.50836 0
      vertex -52.7961 8.70672 0
    endloop
  endfacet
  facet normal 0.803289 -0.595589 0
    outer loop
      vertex -55.4888 42.5834 3.5
      vertex -55.1381 43.0564 0
      vertex -55.1381 43.0564 3.5
    endloop
  endfacet
  facet normal 0.803289 -0.595589 0
    outer loop
      vertex -55.1381 43.0564 0
      vertex -55.4888 42.5834 3.5
      vertex -55.4888 42.5834 0
    endloop
  endfacet
  facet normal -0.336788 -0.94158 0
    outer loop
      vertex 52.2417 44.9916 0
      vertex 52.7961 44.7933 3.5
      vertex 52.2417 44.9916 3.5
    endloop
  endfacet
  facet normal -0.336788 -0.94158 -0
    outer loop
      vertex 52.7961 44.7933 3.5
      vertex 52.2417 44.9916 0
      vertex 52.7961 44.7933 0
    endloop
  endfacet
  facet normal -0.970023 -0.243015 0
    outer loop
      vertex 56.3847 40.4205 0
      vertex 56.2416 40.9917 3.5
      vertex 56.2416 40.9917 0
    endloop
  endfacet
  facet normal -0.970023 -0.243015 0
    outer loop
      vertex 56.2416 40.9917 3.5
      vertex 56.3847 40.4205 0
      vertex 56.3847 40.4205 3.5
    endloop
  endfacet
  facet normal -1 0 0
    outer loop
      vertex 56.5 14.25 0
      vertex 56.5 39.25 3.5
      vertex 56.5 39.25 0
    endloop
  endfacet
  facet normal -1 -0 0
    outer loop
      vertex 56.5 39.25 3.5
      vertex 56.5 14.25 0
      vertex 56.5 14.25 3.5
    endloop
  endfacet
  facet normal -0.6717 -0.740823 0
    outer loop
      vertex 54.3064 43.8881 0
      vertex 54.7426 43.4926 3.5
      vertex 54.3064 43.8881 3.5
    endloop
  endfacet
  facet normal -0.6717 -0.740823 -0
    outer loop
      vertex 54.7426 43.4926 3.5
      vertex 54.3064 43.8881 0
      vertex 54.7426 43.4926 0
    endloop
  endfacet
  facet normal 0.514121 -0.857718 0
    outer loop
      vertex -53.8334 44.2388 0
      vertex -53.3284 44.5415 3.5
      vertex -53.8334 44.2388 3.5
    endloop
  endfacet
  facet normal 0.514121 -0.857718 0
    outer loop
      vertex -53.3284 44.5415 3.5
      vertex -53.8334 44.2388 0
      vertex -53.3284 44.5415 0
    endloop
  endfacet
  facet normal 0.514134 0.85771 -0
    outer loop
      vertex -53.3284 8.95847 0
      vertex -53.8334 9.26118 3.5
      vertex -53.3284 8.95847 3.5
    endloop
  endfacet
  facet normal 0.514134 0.85771 0
    outer loop
      vertex -53.8334 9.26118 3.5
      vertex -53.3284 8.95847 0
      vertex -53.8334 9.26118 0
    endloop
  endfacet
  facet normal 0.0490821 -0.998795 0
    outer loop
      vertex -51.0881 45.2211 0
      vertex -50.5 45.25 3.5
      vertex -51.0881 45.2211 3.5
    endloop
  endfacet
  facet normal 0.0490821 -0.998795 0
    outer loop
      vertex -50.5 45.25 3.5
      vertex -51.0881 45.2211 0
      vertex -50.5 45.25 0
    endloop
  endfacet
  facet normal -0.243015 -0.970023 0
    outer loop
      vertex 51.6705 45.1347 0
      vertex 52.2417 44.9916 3.5
      vertex 51.6705 45.1347 3.5
    endloop
  endfacet
  facet normal -0.243015 -0.970023 -0
    outer loop
      vertex 52.2417 44.9916 3.5
      vertex 51.6705 45.1347 0
      vertex 52.2417 44.9916 0
    endloop
  endfacet
  facet normal 0.740823 0.6717 0
    outer loop
      vertex -54.7426 10.0074 3.5
      vertex -55.1381 10.4436 0
      vertex -55.1381 10.4436 3.5
    endloop
  endfacet
  facet normal 0.740823 0.6717 0
    outer loop
      vertex -55.1381 10.4436 0
      vertex -54.7426 10.0074 3.5
      vertex -54.7426 10.0074 0
    endloop
  endfacet
  facet normal -0.857718 0.514121 0
    outer loop
      vertex 55.4888 10.9166 0
      vertex 55.7915 11.4216 3.5
      vertex 55.7915 11.4216 0
    endloop
  endfacet
  facet normal -0.857718 0.514121 0
    outer loop
      vertex 55.7915 11.4216 3.5
      vertex 55.4888 10.9166 0
      vertex 55.4888 10.9166 3.5
    endloop
  endfacet
  facet normal 0.803289 0.595589 0
    outer loop
      vertex -55.1381 10.4436 3.5
      vertex -55.4888 10.9166 0
      vertex -55.4888 10.9166 3.5
    endloop
  endfacet
  facet normal 0.803289 0.595589 0
    outer loop
      vertex -55.4888 10.9166 0
      vertex -55.1381 10.4436 3.5
      vertex -55.1381 10.4436 0
    endloop
  endfacet
  facet normal 0.6717 -0.740823 0
    outer loop
      vertex -54.7426 43.4926 0
      vertex -54.3064 43.8881 3.5
      vertex -54.7426 43.4926 3.5
    endloop
  endfacet
  facet normal 0.6717 -0.740823 0
    outer loop
      vertex -54.3064 43.8881 3.5
      vertex -54.7426 43.4926 0
      vertex -54.3064 43.8881 0
    endloop
  endfacet
  facet normal -0.146746 0.989174 0
    outer loop
      vertex 51.6705 8.36529 0
      vertex 51.0881 8.27889 3.5
      vertex 51.6705 8.36529 3.5
    endloop
  endfacet
  facet normal -0.146746 0.989174 0
    outer loop
      vertex 51.0881 8.27889 3.5
      vertex 51.6705 8.36529 0
      vertex 51.0881 8.27889 0
    endloop
  endfacet
  facet normal -0.94158 0.336788 0
    outer loop
      vertex 56.0433 11.9539 0
      vertex 56.2416 12.5083 3.5
      vertex 56.2416 12.5083 0
    endloop
  endfacet
  facet normal -0.94158 0.336788 0
    outer loop
      vertex 56.2416 12.5083 3.5
      vertex 56.0433 11.9539 0
      vertex 56.0433 11.9539 3.5
    endloop
  endfacet
  facet normal -0.0490821 -0.998795 0
    outer loop
      vertex 50.5 45.25 0
      vertex 51.0881 45.2211 3.5
      vertex 50.5 45.25 3.5
    endloop
  endfacet
  facet normal -0.0490821 -0.998795 -0
    outer loop
      vertex 51.0881 45.2211 3.5
      vertex 50.5 45.25 0
      vertex 51.0881 45.2211 0
    endloop
  endfacet
  facet normal -0.595589 -0.803289 0
    outer loop
      vertex 53.8334 44.2388 0
      vertex 54.3064 43.8881 3.5
      vertex 53.8334 44.2388 3.5
    endloop
  endfacet
  facet normal -0.595589 -0.803289 -0
    outer loop
      vertex 54.3064 43.8881 3.5
      vertex 53.8334 44.2388 0
      vertex 54.3064 43.8881 0
    endloop
  endfacet
  facet normal -0.857718 -0.514121 0
    outer loop
      vertex 55.7915 42.0784 0
      vertex 55.4888 42.5834 3.5
      vertex 55.4888 42.5834 0
    endloop
  endfacet
  facet normal -0.857718 -0.514121 0
    outer loop
      vertex 55.4888 42.5834 3.5
      vertex 55.7915 42.0784 0
      vertex 55.7915 42.0784 3.5
    endloop
  endfacet
  facet normal 0.857718 -0.514121 0
    outer loop
      vertex -55.7915 42.0784 3.5
      vertex -55.4888 42.5834 0
      vertex -55.4888 42.5834 3.5
    endloop
  endfacet
  facet normal 0.857718 -0.514121 0
    outer loop
      vertex -55.4888 42.5834 0
      vertex -55.7915 42.0784 3.5
      vertex -55.7915 42.0784 0
    endloop
  endfacet
  facet normal -0.0490651 0.998796 0
    outer loop
      vertex 51.0881 8.27889 0
      vertex 50.5 8.25 3.5
      vertex 51.0881 8.27889 3.5
    endloop
  endfacet
  facet normal -0.0490651 0.998796 0
    outer loop
      vertex 50.5 8.25 3.5
      vertex 51.0881 8.27889 0
      vertex 50.5 8.25 0
    endloop
  endfacet
  facet normal 0.970023 0.243015 0
    outer loop
      vertex -56.2416 12.5083 3.5
      vertex -56.3847 13.0795 0
      vertex -56.3847 13.0795 3.5
    endloop
  endfacet
  facet normal 0.970023 0.243015 0
    outer loop
      vertex -56.3847 13.0795 0
      vertex -56.2416 12.5083 3.5
      vertex -56.2416 12.5083 0
    endloop
  endfacet
  facet normal 0.989174 0.146746 0
    outer loop
      vertex -56.3847 13.0795 3.5
      vertex -56.4711 13.6619 0
      vertex -56.4711 13.6619 3.5
    endloop
  endfacet
  facet normal 0.989174 0.146746 0
    outer loop
      vertex -56.4711 13.6619 0
      vertex -56.3847 13.0795 3.5
      vertex -56.3847 13.0795 0
    endloop
  endfacet
  facet normal -0.989174 0.146746 0
    outer loop
      vertex 56.3847 13.0795 0
      vertex 56.4711 13.6619 3.5
      vertex 56.4711 13.6619 0
    endloop
  endfacet
  facet normal -0.989174 0.146746 0
    outer loop
      vertex 56.4711 13.6619 3.5
      vertex 56.3847 13.0795 0
      vertex 56.3847 13.0795 3.5
    endloop
  endfacet
  facet normal -0.740823 0.6717 0
    outer loop
      vertex 54.7426 10.0074 0
      vertex 55.1381 10.4436 3.5
      vertex 55.1381 10.4436 0
    endloop
  endfacet
  facet normal -0.740823 0.6717 0
    outer loop
      vertex 55.1381 10.4436 3.5
      vertex 54.7426 10.0074 0
      vertex 54.7426 10.0074 3.5
    endloop
  endfacet
  facet normal -0.146746 -0.989174 0
    outer loop
      vertex 51.0881 45.2211 0
      vertex 51.6705 45.1347 3.5
      vertex 51.0881 45.2211 3.5
    endloop
  endfacet
  facet normal -0.146746 -0.989174 -0
    outer loop
      vertex 51.6705 45.1347 3.5
      vertex 51.0881 45.2211 0
      vertex 51.6705 45.1347 0
    endloop
  endfacet
  facet normal 0.242967 0.970035 -0
    outer loop
      vertex -51.6705 8.36529 0
      vertex -52.2417 8.50836 3.5
      vertex -51.6705 8.36529 3.5
    endloop
  endfacet
  facet normal 0.242967 0.970035 0
    outer loop
      vertex -52.2417 8.50836 3.5
      vertex -51.6705 8.36529 0
      vertex -52.2417 8.50836 0
    endloop
  endfacet
  facet normal 0.998795 0.0490821 0
    outer loop
      vertex -56.4711 13.6619 3.5
      vertex -56.5 14.25 0
      vertex -56.5 14.25 3.5
    endloop
  endfacet
  facet normal 0.998795 0.0490821 0
    outer loop
      vertex -56.5 14.25 0
      vertex -56.4711 13.6619 3.5
      vertex -56.4711 13.6619 0
    endloop
  endfacet
  facet normal -0.998795 -0.0490821 0
    outer loop
      vertex 56.5 39.25 0
      vertex 56.4711 39.8381 3.5
      vertex 56.4711 39.8381 0
    endloop
  endfacet
  facet normal -0.998795 -0.0490821 0
    outer loop
      vertex 56.4711 39.8381 3.5
      vertex 56.5 39.25 0
      vertex 56.5 39.25 3.5
    endloop
  endfacet
  facet normal 0.595655 0.803241 -0
    outer loop
      vertex -53.8334 9.26118 0
      vertex -54.3064 9.61194 3.5
      vertex -53.8334 9.26118 3.5
    endloop
  endfacet
  facet normal 0.595655 0.803241 0
    outer loop
      vertex -54.3064 9.61194 3.5
      vertex -53.8334 9.26118 0
      vertex -54.3064 9.61194 0
    endloop
  endfacet
  facet normal 0 -1 0
    outer loop
      vertex -50.5 45.25 0
      vertex 50.5 45.25 3.5
      vertex -50.5 45.25 3.5
    endloop
  endfacet
  facet normal 0 -1 -0
    outer loop
      vertex 50.5 45.25 3.5
      vertex -50.5 45.25 0
      vertex 50.5 45.25 0
    endloop
  endfacet
  facet normal 0.0490651 0.998796 -0
    outer loop
      vertex -50.5 8.25 0
      vertex -51.0881 8.27889 3.5
      vertex -50.5 8.25 3.5
    endloop
  endfacet
  facet normal 0.0490651 0.998796 0
    outer loop
      vertex -51.0881 8.27889 3.5
      vertex -50.5 8.25 0
      vertex -51.0881 8.27889 0
    endloop
  endfacet
  facet normal -0.514121 -0.857718 0
    outer loop
      vertex 53.3284 44.5415 0
      vertex 53.8334 44.2388 3.5
      vertex 53.3284 44.5415 3.5
    endloop
  endfacet
  facet normal -0.514121 -0.857718 -0
    outer loop
      vertex 53.8334 44.2388 3.5
      vertex 53.3284 44.5415 0
      vertex 53.8334 44.2388 0
    endloop
  endfacet
  facet normal -0.427612 -0.903962 0
    outer loop
      vertex 52.7961 44.7933 0
      vertex 53.3284 44.5415 3.5
      vertex 52.7961 44.7933 3.5
    endloop
  endfacet
  facet normal -0.427612 -0.903962 -0
    outer loop
      vertex 53.3284 44.5415 3.5
      vertex 52.7961 44.7933 0
      vertex 53.3284 44.5415 0
    endloop
  endfacet
  facet normal 0.94158 0.336788 0
    outer loop
      vertex -56.0433 11.9539 3.5
      vertex -56.2416 12.5083 0
      vertex -56.2416 12.5083 3.5
    endloop
  endfacet
  facet normal 0.94158 0.336788 0
    outer loop
      vertex -56.2416 12.5083 0
      vertex -56.0433 11.9539 3.5
      vertex -56.0433 11.9539 0
    endloop
  endfacet
  facet normal -0.903962 0.427612 0
    outer loop
      vertex 55.7915 11.4216 0
      vertex 56.0433 11.9539 3.5
      vertex 56.0433 11.9539 0
    endloop
  endfacet
  facet normal -0.903962 0.427612 0
    outer loop
      vertex 56.0433 11.9539 3.5
      vertex 55.7915 11.4216 0
      vertex 55.7915 11.4216 3.5
    endloop
  endfacet
  facet normal 0.998795 -0.0490821 0
    outer loop
      vertex -56.5 39.25 3.5
      vertex -56.4711 39.8381 0
      vertex -56.4711 39.8381 3.5
    endloop
  endfacet
  facet normal 0.998795 -0.0490821 0
    outer loop
      vertex -56.4711 39.8381 0
      vertex -56.5 39.25 3.5
      vertex -56.5 39.25 0
    endloop
  endfacet
  facet normal 0.903962 -0.427612 0
    outer loop
      vertex -56.0433 41.5461 3.5
      vertex -55.7915 42.0784 0
      vertex -55.7915 42.0784 3.5
    endloop
  endfacet
  facet normal 0.903962 -0.427612 0
    outer loop
      vertex -55.7915 42.0784 0
      vertex -56.0433 41.5461 3.5
      vertex -56.0433 41.5461 0
    endloop
  endfacet
  facet normal -0.803289 0.595589 0
    outer loop
      vertex 55.1381 10.4436 0
      vertex 55.4888 10.9166 3.5
      vertex 55.4888 10.9166 0
    endloop
  endfacet
  facet normal -0.803289 0.595589 0
    outer loop
      vertex 55.4888 10.9166 3.5
      vertex 55.1381 10.4436 0
      vertex 55.1381 10.4436 3.5
    endloop
  endfacet
  facet normal 0.903962 0.427612 0
    outer loop
      vertex -55.7915 11.4216 3.5
      vertex -56.0433 11.9539 0
      vertex -56.0433 11.9539 3.5
    endloop
  endfacet
  facet normal 0.903962 0.427612 0
    outer loop
      vertex -56.0433 11.9539 0
      vertex -55.7915 11.4216 3.5
      vertex -55.7915 11.4216 0
    endloop
  endfacet
  facet normal 0.595589 -0.803289 0
    outer loop
      vertex -54.3064 43.8881 0
      vertex -53.8334 44.2388 3.5
      vertex -54.3064 43.8881 3.5
    endloop
  endfacet
  facet normal 0.595589 -0.803289 0
    outer loop
      vertex -53.8334 44.2388 3.5
      vertex -54.3064 43.8881 0
      vertex -53.8334 44.2388 0
    endloop
  endfacet
  facet normal -0.94158 -0.336788 0
    outer loop
      vertex 56.2416 40.9917 0
      vertex 56.0433 41.5461 3.5
      vertex 56.0433 41.5461 0
    endloop
  endfacet
  facet normal -0.94158 -0.336788 0
    outer loop
      vertex 56.0433 41.5461 3.5
      vertex 56.2416 40.9917 0
      vertex 56.2416 40.9917 3.5
    endloop
  endfacet
  facet normal -0.989174 -0.146746 0
    outer loop
      vertex 56.4711 39.8381 0
      vertex 56.3847 40.4205 3.5
      vertex 56.3847 40.4205 0
    endloop
  endfacet
  facet normal -0.989174 -0.146746 0
    outer loop
      vertex 56.3847 40.4205 3.5
      vertex 56.4711 39.8381 0
      vertex 56.4711 39.8381 3.5
    endloop
  endfacet
  facet normal 0.970023 -0.243015 0
    outer loop
      vertex -56.3847 40.4205 3.5
      vertex -56.2416 40.9917 0
      vertex -56.2416 40.9917 3.5
    endloop
  endfacet
  facet normal 0.970023 -0.243015 0
    outer loop
      vertex -56.2416 40.9917 0
      vertex -56.3847 40.4205 3.5
      vertex -56.3847 40.4205 0
    endloop
  endfacet
  facet normal -0.336879 0.941548 0
    outer loop
      vertex 52.7961 8.70672 0
      vertex 52.2417 8.50836 3.5
      vertex 52.7961 8.70672 3.5
    endloop
  endfacet
  facet normal -0.336879 0.941548 0
    outer loop
      vertex 52.2417 8.50836 3.5
      vertex 52.7961 8.70672 0
      vertex 52.2417 8.50836 0
    endloop
  endfacet
  facet normal 0.427612 -0.903962 0
    outer loop
      vertex -53.3284 44.5415 0
      vertex -52.7961 44.7933 3.5
      vertex -53.3284 44.5415 3.5
    endloop
  endfacet
  facet normal 0.427612 -0.903962 0
    outer loop
      vertex -52.7961 44.7933 3.5
      vertex -53.3284 44.5415 0
      vertex -52.7961 44.7933 0
    endloop
  endfacet
  facet normal -0.427542 0.903995 0
    outer loop
      vertex 53.3284 8.95847 0
      vertex 52.7961 8.70672 3.5
      vertex 53.3284 8.95847 3.5
    endloop
  endfacet
  facet normal -0.427542 0.903995 0
    outer loop
      vertex 52.7961 8.70672 3.5
      vertex 53.3284 8.95847 0
      vertex 52.7961 8.70672 0
    endloop
  endfacet
  facet normal -0.595655 0.803241 0
    outer loop
      vertex 54.3064 9.61194 0
      vertex 53.8334 9.26118 3.5
      vertex 54.3064 9.61194 3.5
    endloop
  endfacet
  facet normal -0.595655 0.803241 0
    outer loop
      vertex 53.8334 9.26118 3.5
      vertex 54.3064 9.61194 0
      vertex 53.8334 9.26118 0
    endloop
  endfacet
  facet normal 0.427542 0.903995 -0
    outer loop
      vertex -52.7961 8.70672 0
      vertex -53.3284 8.95847 3.5
      vertex -52.7961 8.70672 3.5
    endloop
  endfacet
  facet normal 0.427542 0.903995 0
    outer loop
      vertex -53.3284 8.95847 3.5
      vertex -52.7961 8.70672 0
      vertex -53.3284 8.95847 0
    endloop
  endfacet
  facet normal 0.989174 -0.146746 0
    outer loop
      vertex -56.4711 39.8381 3.5
      vertex -56.3847 40.4205 0
      vertex -56.3847 40.4205 3.5
    endloop
  endfacet
  facet normal 0.989174 -0.146746 0
    outer loop
      vertex -56.3847 40.4205 0
      vertex -56.4711 39.8381 3.5
      vertex -56.4711 39.8381 0
    endloop
  endfacet
  facet normal 0.671663 0.740857 -0
    outer loop
      vertex -54.3064 9.61194 0
      vertex -54.7426 10.0074 3.5
      vertex -54.3064 9.61194 3.5
    endloop
  endfacet
  facet normal 0.671663 0.740857 0
    outer loop
      vertex -54.7426 10.0074 3.5
      vertex -54.3064 9.61194 0
      vertex -54.7426 10.0074 0
    endloop
  endfacet
  facet normal -0.514134 0.85771 0
    outer loop
      vertex 53.8334 9.26118 0
      vertex 53.3284 8.95847 3.5
      vertex 53.8334 9.26118 3.5
    endloop
  endfacet
  facet normal -0.514134 0.85771 0
    outer loop
      vertex 53.3284 8.95847 3.5
      vertex 53.8334 9.26118 0
      vertex 53.3284 8.95847 0
    endloop
  endfacet
  facet normal -0.903962 -0.427612 0
    outer loop
      vertex 56.0433 41.5461 0
      vertex 55.7915 42.0784 3.5
      vertex 55.7915 42.0784 0
    endloop
  endfacet
  facet normal -0.903962 -0.427612 0
    outer loop
      vertex 55.7915 42.0784 3.5
      vertex 56.0433 41.5461 0
      vertex 56.0433 41.5461 3.5
    endloop
  endfacet
  facet normal 0.857718 0.514121 0
    outer loop
      vertex -55.4888 10.9166 3.5
      vertex -55.7915 11.4216 0
      vertex -55.7915 11.4216 3.5
    endloop
  endfacet
  facet normal 0.857718 0.514121 0
    outer loop
      vertex -55.7915 11.4216 0
      vertex -55.4888 10.9166 3.5
      vertex -55.4888 10.9166 0
    endloop
  endfacet
  facet normal 0.740823 -0.6717 0
    outer loop
      vertex -55.1381 43.0564 3.5
      vertex -54.7426 43.4926 0
      vertex -54.7426 43.4926 3.5
    endloop
  endfacet
  facet normal 0.740823 -0.6717 0
    outer loop
      vertex -54.7426 43.4926 0
      vertex -55.1381 43.0564 3.5
      vertex -55.1381 43.0564 0
    endloop
  endfacet
  facet normal 0.243015 -0.970023 0
    outer loop
      vertex -52.2417 44.9916 0
      vertex -51.6705 45.1347 3.5
      vertex -52.2417 44.9916 3.5
    endloop
  endfacet
  facet normal 0.243015 -0.970023 0
    outer loop
      vertex -51.6705 45.1347 3.5
      vertex -52.2417 44.9916 0
      vertex -51.6705 45.1347 0
    endloop
  endfacet
  facet normal 0.146746 -0.989174 0
    outer loop
      vertex -51.6705 45.1347 0
      vertex -51.0881 45.2211 3.5
      vertex -51.6705 45.1347 3.5
    endloop
  endfacet
  facet normal 0.146746 -0.989174 0
    outer loop
      vertex -51.0881 45.2211 3.5
      vertex -51.6705 45.1347 0
      vertex -51.0881 45.2211 0
    endloop
  endfacet
  facet normal -1 0 0
    outer loop
      vertex 53 0 115.483
      vertex 53 3 120.163
      vertex 53 3 115.483
    endloop
  endfacet
  facet normal -1 -0 0
    outer loop
      vertex 53 3 120.163
      vertex 53 0 115.483
      vertex 53 0 120.163
    endloop
  endfacet
  facet normal -0.866019 0 -0.500011
    outer loop
      vertex 53 0 120.163
      vertex 48 3 128.823
      vertex 53 3 120.163
    endloop
  endfacet
  facet normal -0.866019 -0 -0.500011
    outer loop
      vertex 48 3 128.823
      vertex 53 0 120.163
      vertex 48 0 128.823
    endloop
  endfacet
  facet normal 0.866019 0 -0.500011
    outer loop
      vertex 48 0 128.823
      vertex 43 3 120.163
      vertex 48 3 128.823
    endloop
  endfacet
  facet normal 0.866019 0 -0.500011
    outer loop
      vertex 43 3 120.163
      vertex 48 0 128.823
      vertex 43 0 120.163
    endloop
  endfacet
  facet normal 1 -0 0
    outer loop
      vertex 43 0 120.163
      vertex 43 3 115.483
      vertex 43 3 120.163
    endloop
  endfacet
  facet normal 1 0 0
    outer loop
      vertex 43 3 115.483
      vertex 43 0 120.163
      vertex 43 0 115.483
    endloop
  endfacet
  facet normal 0.866019 -0 0.500011
    outer loop
      vertex 43 0 115.483
      vertex 48 3 106.823
      vertex 43 3 115.483
    endloop
  endfacet
  facet normal 0.866019 0 0.500011
    outer loop
      vertex 48 3 106.823
      vertex 43 0 115.483
      vertex 48 0 106.823
    endloop
  endfacet
  facet normal -0.866019 0 0.500011
    outer loop
      vertex 48 0 106.823
      vertex 53 3 115.483
      vertex 48 3 106.823
    endloop
  endfacet
  facet normal -0.866019 0 0.500011
    outer loop
      vertex 53 3 115.483
      vertex 48 0 106.823
      vertex 53 0 115.483
    endloop
  endfacet
  facet normal -1 0 0
    outer loop
      vertex 41 0 115.483
      vertex 41 3 120.163
      vertex 41 3 115.483
    endloop
  endfacet
  facet normal -1 -0 0
    outer loop
      vertex 41 3 120.163
      vertex 41 0 115.483
      vertex 41 0 120.163
    endloop
  endfacet
  facet normal -0.866019 0 -0.500011
    outer loop
      vertex 41 0 120.163
      vertex 36 3 128.823
      vertex 41 3 120.163
    endloop
  endfacet
  facet normal -0.866019 -0 -0.500011
    outer loop
      vertex 36 3 128.823
      vertex 41 0 120.163
      vertex 36 0 128.823
    endloop
  endfacet
  facet normal 0.866019 0 -0.500011
    outer loop
      vertex 36 0 128.823
      vertex 31 3 120.163
      vertex 36 3 128.823
    endloop
  endfacet
  facet normal 0.866019 0 -0.500011
    outer loop
      vertex 31 3 120.163
      vertex 36 0 128.823
      vertex 31 0 120.163
    endloop
  endfacet
  facet normal 1 -0 0
    outer loop
      vertex 31 0 120.163
      vertex 31 3 115.483
      vertex 31 3 120.163
    endloop
  endfacet
  facet normal 1 0 0
    outer loop
      vertex 31 3 115.483
      vertex 31 0 120.163
      vertex 31 0 115.483
    endloop
  endfacet
  facet normal 0.866019 -0 0.500011
    outer loop
      vertex 31 0 115.483
      vertex 36 3 106.823
      vertex 31 3 115.483
    endloop
  endfacet
  facet normal 0.866019 0 0.500011
    outer loop
      vertex 36 3 106.823
      vertex 31 0 115.483
      vertex 36 0 106.823
    endloop
  endfacet
  facet normal -0.866019 0 0.500011
    outer loop
      vertex 36 0 106.823
      vertex 41 3 115.483
      vertex 36 3 106.823
    endloop
  endfacet
  facet normal -0.866019 0 0.500011
    outer loop
      vertex 41 3 115.483
      vertex 36 0 106.823
      vertex 41 0 115.483
    endloop
  endfacet
  facet normal -1 0 0
    outer loop
      vertex 29 0 115.483
      vertex 29 3 120.163
      vertex 29 3 115.483
    endloop
  endfacet
  facet normal -1 -0 0
    outer loop
      vertex 29 3 120.163
      vertex 29 0 115.483
      vertex 29 0 120.163
    endloop
  endfacet
  facet normal -0.866019 0 -0.500011
    outer loop
      vertex 29 0 120.163
      vertex 24 3 128.823
      vertex 29 3 120.163
    endloop
  endfacet
  facet normal -0.866019 -0 -0.500011
    outer loop
      vertex 24 3 128.823
      vertex 29 0 120.163
      vertex 24 0 128.823
    endloop
  endfacet
  facet normal 0.866019 0 -0.500011
    outer loop
      vertex 24 0 128.823
      vertex 19 3 120.163
      vertex 24 3 128.823
    endloop
  endfacet
  facet normal 0.866019 0 -0.500011
    outer loop
      vertex 19 3 120.163
      vertex 24 0 128.823
      vertex 19 0 120.163
    endloop
  endfacet
  facet normal 1 -0 0
    outer loop
      vertex 19 0 120.163
      vertex 19 3 115.483
      vertex 19 3 120.163
    endloop
  endfacet
  facet normal 1 0 0
    outer loop
      vertex 19 3 115.483
      vertex 19 0 120.163
      vertex 19 0 115.483
    endloop
  endfacet
  facet normal 0.866019 -0 0.500011
    outer loop
      vertex 19 0 115.483
      vertex 24 3 106.823
      vertex 19 3 115.483
    endloop
  endfacet
  facet normal 0.866019 0 0.500011
    outer loop
      vertex 24 3 106.823
      vertex 19 0 115.483
      vertex 24 0 106.823
    endloop
  endfacet
  facet normal -0.866019 0 0.500011
    outer loop
      vertex 24 0 106.823
      vertex 29 3 115.483
      vertex 24 3 106.823
    endloop
  endfacet
  facet normal -0.866019 0 0.500011
    outer loop
      vertex 29 3 115.483
      vertex 24 0 106.823
      vertex 29 0 115.483
    endloop
  endfacet
  facet normal -1 0 0
    outer loop
      vertex 17 0 115.483
      vertex 17 3 120.163
      vertex 17 3 115.483
    endloop
  endfacet
  facet normal -1 -0 0
    outer loop
      vertex 17 3 120.163
      vertex 17 0 115.483
      vertex 17 0 120.163
    endloop
  endfacet
  facet normal -0.866019 0 -0.500011
    outer loop
      vertex 17 0 120.163
      vertex 12 3 128.823
      vertex 17 3 120.163
    endloop
  endfacet
  facet normal -0.866019 -0 -0.500011
    outer loop
      vertex 12 3 128.823
      vertex 17 0 120.163
      vertex 12 0 128.823
    endloop
  endfacet
  facet normal 0.866019 0 -0.500011
    outer loop
      vertex 12 0 128.823
      vertex 7 3 120.163
      vertex 12 3 128.823
    endloop
  endfacet
  facet normal 0.866019 0 -0.500011
    outer loop
      vertex 7 3 120.163
      vertex 12 0 128.823
      vertex 7 0 120.163
    endloop
  endfacet
  facet normal 1 -0 0
    outer loop
      vertex 7 0 120.163
      vertex 7 3 115.483
      vertex 7 3 120.163
    endloop
  endfacet
  facet normal 1 0 0
    outer loop
      vertex 7 3 115.483
      vertex 7 0 120.163
      vertex 7 0 115.483
    endloop
  endfacet
  facet normal 0.866019 -0 0.500011
    outer loop
      vertex 7 0 115.483
      vertex 12 3 106.823
      vertex 7 3 115.483
    endloop
  endfacet
  facet normal 0.866019 0 0.500011
    outer loop
      vertex 12 3 106.823
      vertex 7 0 115.483
      vertex 12 0 106.823
    endloop
  endfacet
  facet normal -0.866019 0 0.500011
    outer loop
      vertex 12 0 106.823
      vertex 17 3 115.483
      vertex 12 3 106.823
    endloop
  endfacet
  facet normal -0.866019 0 0.500011
    outer loop
      vertex 17 3 115.483
      vertex 12 0 106.823
      vertex 17 0 115.483
    endloop
  endfacet
  facet normal -1 0 0
    outer loop
      vertex 5 0 115.483
      vertex 5 3 120.163
      vertex 5 3 115.483
    endloop
  endfacet
  facet normal -1 -0 0
    outer loop
      vertex 5 3 120.163
      vertex 5 0 115.483
      vertex 5 0 120.163
    endloop
  endfacet
  facet normal -0.866019 0 -0.500011
    outer loop
      vertex 5 0 120.163
      vertex 0 3 128.823
      vertex 5 3 120.163
    endloop
  endfacet
  facet normal -0.866019 -0 -0.500011
    outer loop
      vertex 0 3 128.823
      vertex 5 0 120.163
      vertex 0 0 128.823
    endloop
  endfacet
  facet normal 0.866019 0 -0.500011
    outer loop
      vertex 0 0 128.823
      vertex -5 3 120.163
      vertex 0 3 128.823
    endloop
  endfacet
  facet normal 0.866019 0 -0.500011
    outer loop
      vertex -5 3 120.163
      vertex 0 0 128.823
      vertex -5 0 120.163
    endloop
  endfacet
  facet normal 1 -0 0
    outer loop
      vertex -5 0 120.163
      vertex -5 3 115.483
      vertex -5 3 120.163
    endloop
  endfacet
  facet normal 1 0 0
    outer loop
      vertex -5 3 115.483
      vertex -5 0 120.163
      vertex -5 0 115.483
    endloop
  endfacet
  facet normal 0.866019 -0 0.500011
    outer loop
      vertex -5 0 115.483
      vertex 0 3 106.823
      vertex -5 3 115.483
    endloop
  endfacet
  facet normal 0.866019 0 0.500011
    outer loop
      vertex 0 3 106.823
      vertex -5 0 115.483
      vertex 0 0 106.823
    endloop
  endfacet
  facet normal -0.866019 0 0.500011
    outer loop
      vertex 0 0 106.823
      vertex 5 3 115.483
      vertex 0 3 106.823
    endloop
  endfacet
  facet normal -0.866019 0 0.500011
    outer loop
      vertex 5 3 115.483
      vertex 0 0 106.823
      vertex 5 0 115.483
    endloop
  endfacet
  facet normal -1 0 0
    outer loop
      vertex -7 0 115.483
      vertex -7 3 120.163
      vertex -7 3 115.483
    endloop
  endfacet
  facet normal -1 -0 0
    outer loop
      vertex -7 3 120.163
      vertex -7 0 115.483
      vertex -7 0 120.163
    endloop
  endfacet
  facet normal -0.866019 0 -0.500011
    outer loop
      vertex -7 0 120.163
      vertex -12 3 128.823
      vertex -7 3 120.163
    endloop
  endfacet
  facet normal -0.866019 -0 -0.500011
    outer loop
      vertex -12 3 128.823
      vertex -7 0 120.163
      vertex -12 0 128.823
    endloop
  endfacet
  facet normal 0.866019 0 -0.500011
    outer loop
      vertex -12 0 128.823
      vertex -17 3 120.163
      vertex -12 3 128.823
    endloop
  endfacet
  facet normal 0.866019 0 -0.500011
    outer loop
      vertex -17 3 120.163
      vertex -12 0 128.823
      vertex -17 0 120.163
    endloop
  endfacet
  facet normal 1 -0 0
    outer loop
      vertex -17 0 120.163
      vertex -17 3 115.483
      vertex -17 3 120.163
    endloop
  endfacet
  facet normal 1 0 0
    outer loop
      vertex -17 3 115.483
      vertex -17 0 120.163
      vertex -17 0 115.483
    endloop
  endfacet
  facet normal 0.866019 -0 0.500011
    outer loop
      vertex -17 0 115.483
      vertex -12 3 106.823
      vertex -17 3 115.483
    endloop
  endfacet
  facet normal 0.866019 0 0.500011
    outer loop
      vertex -12 3 106.823
      vertex -17 0 115.483
      vertex -12 0 106.823
    endloop
  endfacet
  facet normal -0.866019 0 0.500011
    outer loop
      vertex -12 0 106.823
      vertex -7 3 115.483
      vertex -12 3 106.823
    endloop
  endfacet
  facet normal -0.866019 0 0.500011
    outer loop
      vertex -7 3 115.483
      vertex -12 0 106.823
      vertex -7 0 115.483
    endloop
  endfacet
  facet normal -1 0 0
    outer loop
      vertex -19 0 115.483
      vertex -19 3 120.163
      vertex -19 3 115.483
    endloop
  endfacet
  facet normal -1 -0 0
    outer loop
      vertex -19 3 120.163
      vertex -19 0 115.483
      vertex -19 0 120.163
    endloop
  endfacet
  facet normal -0.866019 0 -0.500011
    outer loop
      vertex -19 0 120.163
      vertex -24 3 128.823
      vertex -19 3 120.163
    endloop
  endfacet
  facet normal -0.866019 -0 -0.500011
    outer loop
      vertex -24 3 128.823
      vertex -19 0 120.163
      vertex -24 0 128.823
    endloop
  endfacet
  facet normal 0.866019 0 -0.500011
    outer loop
      vertex -24 0 128.823
      vertex -29 3 120.163
      vertex -24 3 128.823
    endloop
  endfacet
  facet normal 0.866019 0 -0.500011
    outer loop
      vertex -29 3 120.163
      vertex -24 0 128.823
      vertex -29 0 120.163
    endloop
  endfacet
  facet normal 1 -0 0
    outer loop
      vertex -29 0 120.163
      vertex -29 3 115.483
      vertex -29 3 120.163
    endloop
  endfacet
  facet normal 1 0 0
    outer loop
      vertex -29 3 115.483
      vertex -29 0 120.163
      vertex -29 0 115.483
    endloop
  endfacet
  facet normal 0.866019 -0 0.500011
    outer loop
      vertex -29 0 115.483
      vertex -24 3 106.823
      vertex -29 3 115.483
    endloop
  endfacet
  facet normal 0.866019 0 0.500011
    outer loop
      vertex -24 3 106.823
      vertex -29 0 115.483
      vertex -24 0 106.823
    endloop
  endfacet
  facet normal -0.866019 0 0.500011
    outer loop
      vertex -24 0 106.823
      vertex -19 3 115.483
      vertex -24 3 106.823
    endloop
  endfacet
  facet normal -0.866019 0 0.500011
    outer loop
      vertex -19 3 115.483
      vertex -24 0 106.823
      vertex -19 0 115.483
    endloop
  endfacet
  facet normal -1 0 0
    outer loop
      vertex -31 0 115.483
      vertex -31 3 120.163
      vertex -31 3 115.483
    endloop
  endfacet
  facet normal -1 -0 0
    outer loop
      vertex -31 3 120.163
      vertex -31 0 115.483
      vertex -31 0 120.163
    endloop
  endfacet
  facet normal -0.866019 0 -0.500011
    outer loop
      vertex -31 0 120.163
      vertex -36 3 128.823
      vertex -31 3 120.163
    endloop
  endfacet
  facet normal -0.866019 -0 -0.500011
    outer loop
      vertex -36 3 128.823
      vertex -31 0 120.163
      vertex -36 0 128.823
    endloop
  endfacet
  facet normal 0.866019 0 -0.500011
    outer loop
      vertex -36 0 128.823
      vertex -41 3 120.163
      vertex -36 3 128.823
    endloop
  endfacet
  facet normal 0.866019 0 -0.500011
    outer loop
      vertex -41 3 120.163
      vertex -36 0 128.823
      vertex -41 0 120.163
    endloop
  endfacet
  facet normal 1 -0 0
    outer loop
      vertex -41 0 120.163
      vertex -41 3 115.483
      vertex -41 3 120.163
    endloop
  endfacet
  facet normal 1 0 0
    outer loop
      vertex -41 3 115.483
      vertex -41 0 120.163
      vertex -41 0 115.483
    endloop
  endfacet
  facet normal 0.866019 -0 0.500011
    outer loop
      vertex -41 0 115.483
      vertex -36 3 106.823
      vertex -41 3 115.483
    endloop
  endfacet
  facet normal 0.866019 0 0.500011
    outer loop
      vertex -36 3 106.823
      vertex -41 0 115.483
      vertex -36 0 106.823
    endloop
  endfacet
  facet normal -0.866019 0 0.500011
    outer loop
      vertex -36 0 106.823
      vertex -31 3 115.483
      vertex -36 3 106.823
    endloop
  endfacet
  facet normal -0.866019 0 0.500011
    outer loop
      vertex -31 3 115.483
      vertex -36 0 106.823
      vertex -31 0 115.483
    endloop
  endfacet
  facet normal -1 0 0
    outer loop
      vertex -43 0 115.483
      vertex -43 3 120.163
      vertex -43 3 115.483
    endloop
  endfacet
  facet normal -1 -0 0
    outer loop
      vertex -43 3 120.163
      vertex -43 0 115.483
      vertex -43 0 120.163
    endloop
  endfacet
  facet normal -0.866019 0 -0.500011
    outer loop
      vertex -43 0 120.163
      vertex -48 3 128.823
      vertex -43 3 120.163
    endloop
  endfacet
  facet normal -0.866019 -0 -0.500011
    outer loop
      vertex -48 3 128.823
      vertex -43 0 120.163
      vertex -48 0 128.823
    endloop
  endfacet
  facet normal 0.866019 0 -0.500011
    outer loop
      vertex -48 0 128.823
      vertex -53 3 120.163
      vertex -48 3 128.823
    endloop
  endfacet
  facet normal 0.866019 0 -0.500011
    outer loop
      vertex -53 3 120.163
      vertex -48 0 128.823
      vertex -53 0 120.163
    endloop
  endfacet
  facet normal 1 -0 0
    outer loop
      vertex -53 0 120.163
      vertex -53 3 115.483
      vertex -53 3 120.163
    endloop
  endfacet
  facet normal 1 0 0
    outer loop
      vertex -53 3 115.483
      vertex -53 0 120.163
      vertex -53 0 115.483
    endloop
  endfacet
  facet normal 0.866019 -0 0.500011
    outer loop
      vertex -53 0 115.483
      vertex -48 3 106.823
      vertex -53 3 115.483
    endloop
  endfacet
  facet normal 0.866019 0 0.500011
    outer loop
      vertex -48 3 106.823
      vertex -53 0 115.483
      vertex -48 0 106.823
    endloop
  endfacet
  facet normal -0.866019 0 0.500011
    outer loop
      vertex -48 0 106.823
      vertex -43 3 115.483
      vertex -48 3 106.823
    endloop
  endfacet
  facet normal -0.866019 0 0.500011
    outer loop
      vertex -43 3 115.483
      vertex -48 0 106.823
      vertex -43 0 115.483
    endloop
  endfacet
  facet normal -1 0 0
    outer loop
      vertex -13 0 99.8757
      vertex -13 3 104.555
      vertex -13 3 99.8757
    endloop
  endfacet
  facet normal -1 -0 0
    outer loop
      vertex -13 3 104.555
      vertex -13 0 99.8757
      vertex -13 0 104.555
    endloop
  endfacet
  facet normal -0.866019 0 -0.500011
    outer loop
      vertex -13 0 104.555
      vertex -18 3 113.215
      vertex -13 3 104.555
    endloop
  endfacet
  facet normal -0.866019 -0 -0.500011
    outer loop
      vertex -18 3 113.215
      vertex -13 0 104.555
      vertex -18 0 113.215
    endloop
  endfacet
  facet normal 0.866019 0 -0.500011
    outer loop
      vertex -18 0 113.215
      vertex -23 3 104.555
      vertex -18 3 113.215
    endloop
  endfacet
  facet normal 0.866019 0 -0.500011
    outer loop
      vertex -23 3 104.555
      vertex -18 0 113.215
      vertex -23 0 104.555
    endloop
  endfacet
  facet normal 1 -0 0
    outer loop
      vertex -23 0 104.555
      vertex -23 3 99.8757
      vertex -23 3 104.555
    endloop
  endfacet
  facet normal 1 0 0
    outer loop
      vertex -23 3 99.8757
      vertex -23 0 104.555
      vertex -23 0 99.8757
    endloop
  endfacet
  facet normal 0.866027 -0 0.499998
    outer loop
      vertex -23 0 99.8757
      vertex -18 3 91.2154
      vertex -23 3 99.8757
    endloop
  endfacet
  facet normal 0.866027 0 0.499998
    outer loop
      vertex -18 3 91.2154
      vertex -23 0 99.8757
      vertex -18 0 91.2154
    endloop
  endfacet
  facet normal -0.866027 0 0.499998
    outer loop
      vertex -18 0 91.2154
      vertex -13 3 99.8757
      vertex -18 3 91.2154
    endloop
  endfacet
  facet normal -0.866027 0 0.499998
    outer loop
      vertex -13 3 99.8757
      vertex -18 0 91.2154
      vertex -13 0 99.8757
    endloop
  endfacet
  facet normal -1 0 0
    outer loop
      vertex -49 0 99.8757
      vertex -49 3 104.555
      vertex -49 3 99.8757
    endloop
  endfacet
  facet normal -1 -0 0
    outer loop
      vertex -49 3 104.555
      vertex -49 0 99.8757
      vertex -49 0 104.555
    endloop
  endfacet
  facet normal -0.866019 0 -0.500011
    outer loop
      vertex -49 0 104.555
      vertex -54 3 113.215
      vertex -49 3 104.555
    endloop
  endfacet
  facet normal -0.866019 -0 -0.500011
    outer loop
      vertex -54 3 113.215
      vertex -49 0 104.555
      vertex -54 0 113.215
    endloop
  endfacet
  facet normal 0.866019 0 -0.500011
    outer loop
      vertex -54 0 113.215
      vertex -59 3 104.555
      vertex -54 3 113.215
    endloop
  endfacet
  facet normal 0.866019 0 -0.500011
    outer loop
      vertex -59 3 104.555
      vertex -54 0 113.215
      vertex -59 0 104.555
    endloop
  endfacet
  facet normal 1 -0 0
    outer loop
      vertex -59 0 104.555
      vertex -59 3 99.8757
      vertex -59 3 104.555
    endloop
  endfacet
  facet normal 1 0 0
    outer loop
      vertex -59 3 99.8757
      vertex -59 0 104.555
      vertex -59 0 99.8757
    endloop
  endfacet
  facet normal 0.866027 -0 0.499998
    outer loop
      vertex -59 0 99.8757
      vertex -54 3 91.2154
      vertex -59 3 99.8757
    endloop
  endfacet
  facet normal 0.866027 0 0.499998
    outer loop
      vertex -54 3 91.2154
      vertex -59 0 99.8757
      vertex -54 0 91.2154
    endloop
  endfacet
  facet normal -0.866027 0 0.499998
    outer loop
      vertex -54 0 91.2154
      vertex -49 3 99.8757
      vertex -54 3 91.2154
    endloop
  endfacet
  facet normal -0.866027 0 0.499998
    outer loop
      vertex -49 3 99.8757
      vertex -54 0 91.2154
      vertex -49 0 99.8757
    endloop
  endfacet
  facet normal -1 0 0
    outer loop
      vertex -37 0 99.8757
      vertex -37 3 104.555
      vertex -37 3 99.8757
    endloop
  endfacet
  facet normal -1 -0 0
    outer loop
      vertex -37 3 104.555
      vertex -37 0 99.8757
      vertex -37 0 104.555
    endloop
  endfacet
  facet normal -0.866019 0 -0.500011
    outer loop
      vertex -37 0 104.555
      vertex -42 3 113.215
      vertex -37 3 104.555
    endloop
  endfacet
  facet normal -0.866019 -0 -0.500011
    outer loop
      vertex -42 3 113.215
      vertex -37 0 104.555
      vertex -42 0 113.215
    endloop
  endfacet
  facet normal 0.866019 0 -0.500011
    outer loop
      vertex -42 0 113.215
      vertex -47 3 104.555
      vertex -42 3 113.215
    endloop
  endfacet
  facet normal 0.866019 0 -0.500011
    outer loop
      vertex -47 3 104.555
      vertex -42 0 113.215
      vertex -47 0 104.555
    endloop
  endfacet
  facet normal 1 -0 0
    outer loop
      vertex -47 0 104.555
      vertex -47 3 99.8757
      vertex -47 3 104.555
    endloop
  endfacet
  facet normal 1 0 0
    outer loop
      vertex -47 3 99.8757
      vertex -47 0 104.555
      vertex -47 0 99.8757
    endloop
  endfacet
  facet normal 0.866027 -0 0.499998
    outer loop
      vertex -47 0 99.8757
      vertex -42 3 91.2154
      vertex -47 3 99.8757
    endloop
  endfacet
  facet normal 0.866027 0 0.499998
    outer loop
      vertex -42 3 91.2154
      vertex -47 0 99.8757
      vertex -42 0 91.2154
    endloop
  endfacet
  facet normal -0.866027 0 0.499998
    outer loop
      vertex -42 0 91.2154
      vertex -37 3 99.8757
      vertex -42 3 91.2154
    endloop
  endfacet
  facet normal -0.866027 0 0.499998
    outer loop
      vertex -37 3 99.8757
      vertex -42 0 91.2154
      vertex -37 0 99.8757
    endloop
  endfacet
  facet normal -1 0 0
    outer loop
      vertex -25 0 99.8757
      vertex -25 3 104.555
      vertex -25 3 99.8757
    endloop
  endfacet
  facet normal -1 -0 0
    outer loop
      vertex -25 3 104.555
      vertex -25 0 99.8757
      vertex -25 0 104.555
    endloop
  endfacet
  facet normal -0.866019 0 -0.500011
    outer loop
      vertex -25 0 104.555
      vertex -30 3 113.215
      vertex -25 3 104.555
    endloop
  endfacet
  facet normal -0.866019 -0 -0.500011
    outer loop
      vertex -30 3 113.215
      vertex -25 0 104.555
      vertex -30 0 113.215
    endloop
  endfacet
  facet normal 0.866019 0 -0.500011
    outer loop
      vertex -30 0 113.215
      vertex -35 3 104.555
      vertex -30 3 113.215
    endloop
  endfacet
  facet normal 0.866019 0 -0.500011
    outer loop
      vertex -35 3 104.555
      vertex -30 0 113.215
      vertex -35 0 104.555
    endloop
  endfacet
  facet normal 1 -0 0
    outer loop
      vertex -35 0 104.555
      vertex -35 3 99.8757
      vertex -35 3 104.555
    endloop
  endfacet
  facet normal 1 0 0
    outer loop
      vertex -35 3 99.8757
      vertex -35 0 104.555
      vertex -35 0 99.8757
    endloop
  endfacet
  facet normal 0.866027 -0 0.499998
    outer loop
      vertex -35 0 99.8757
      vertex -30 3 91.2154
      vertex -35 3 99.8757
    endloop
  endfacet
  facet normal 0.866027 0 0.499998
    outer loop
      vertex -30 3 91.2154
      vertex -35 0 99.8757
      vertex -30 0 91.2154
    endloop
  endfacet
  facet normal -0.866027 0 0.499998
    outer loop
      vertex -30 0 91.2154
      vertex -25 3 99.8757
      vertex -30 3 91.2154
    endloop
  endfacet
  facet normal -0.866027 0 0.499998
    outer loop
      vertex -25 3 99.8757
      vertex -30 0 91.2154
      vertex -25 0 99.8757
    endloop
  endfacet
  facet normal -1 0 0
    outer loop
      vertex -1 0 99.8757
      vertex -1 3 104.555
      vertex -1 3 99.8757
    endloop
  endfacet
  facet normal -1 -0 0
    outer loop
      vertex -1 3 104.555
      vertex -1 0 99.8757
      vertex -1 0 104.555
    endloop
  endfacet
  facet normal -0.866019 0 -0.500011
    outer loop
      vertex -1 0 104.555
      vertex -6 3 113.215
      vertex -1 3 104.555
    endloop
  endfacet
  facet normal -0.866019 -0 -0.500011
    outer loop
      vertex -6 3 113.215
      vertex -1 0 104.555
      vertex -6 0 113.215
    endloop
  endfacet
  facet normal 0.866019 0 -0.500011
    outer loop
      vertex -6 0 113.215
      vertex -11 3 104.555
      vertex -6 3 113.215
    endloop
  endfacet
  facet normal 0.866019 0 -0.500011
    outer loop
      vertex -11 3 104.555
      vertex -6 0 113.215
      vertex -11 0 104.555
    endloop
  endfacet
  facet normal 1 -0 0
    outer loop
      vertex -11 0 104.555
      vertex -11 3 99.8757
      vertex -11 3 104.555
    endloop
  endfacet
  facet normal 1 0 0
    outer loop
      vertex -11 3 99.8757
      vertex -11 0 104.555
      vertex -11 0 99.8757
    endloop
  endfacet
  facet normal 0.866027 -0 0.499998
    outer loop
      vertex -11 0 99.8757
      vertex -6 3 91.2154
      vertex -11 3 99.8757
    endloop
  endfacet
  facet normal 0.866027 0 0.499998
    outer loop
      vertex -6 3 91.2154
      vertex -11 0 99.8757
      vertex -6 0 91.2154
    endloop
  endfacet
  facet normal -0.866027 0 0.499998
    outer loop
      vertex -6 0 91.2154
      vertex -1 3 99.8757
      vertex -6 3 91.2154
    endloop
  endfacet
  facet normal -0.866027 0 0.499998
    outer loop
      vertex -1 3 99.8757
      vertex -6 0 91.2154
      vertex -1 0 99.8757
    endloop
  endfacet
  facet normal -1 0 0
    outer loop
      vertex 23 0 99.8757
      vertex 23 3 104.555
      vertex 23 3 99.8757
    endloop
  endfacet
  facet normal -1 -0 0
    outer loop
      vertex 23 3 104.555
      vertex 23 0 99.8757
      vertex 23 0 104.555
    endloop
  endfacet
  facet normal -0.866019 0 -0.500011
    outer loop
      vertex 23 0 104.555
      vertex 18 3 113.215
      vertex 23 3 104.555
    endloop
  endfacet
  facet normal -0.866019 -0 -0.500011
    outer loop
      vertex 18 3 113.215
      vertex 23 0 104.555
      vertex 18 0 113.215
    endloop
  endfacet
  facet normal 0.866019 0 -0.500011
    outer loop
      vertex 18 0 113.215
      vertex 13 3 104.555
      vertex 18 3 113.215
    endloop
  endfacet
  facet normal 0.866019 0 -0.500011
    outer loop
      vertex 13 3 104.555
      vertex 18 0 113.215
      vertex 13 0 104.555
    endloop
  endfacet
  facet normal 1 -0 0
    outer loop
      vertex 13 0 104.555
      vertex 13 3 99.8757
      vertex 13 3 104.555
    endloop
  endfacet
  facet normal 1 0 0
    outer loop
      vertex 13 3 99.8757
      vertex 13 0 104.555
      vertex 13 0 99.8757
    endloop
  endfacet
  facet normal 0.866027 -0 0.499998
    outer loop
      vertex 13 0 99.8757
      vertex 18 3 91.2154
      vertex 13 3 99.8757
    endloop
  endfacet
  facet normal 0.866027 0 0.499998
    outer loop
      vertex 18 3 91.2154
      vertex 13 0 99.8757
      vertex 18 0 91.2154
    endloop
  endfacet
  facet normal -0.866027 0 0.499998
    outer loop
      vertex 18 0 91.2154
      vertex 23 3 99.8757
      vertex 18 3 91.2154
    endloop
  endfacet
  facet normal -0.866027 0 0.499998
    outer loop
      vertex 23 3 99.8757
      vertex 18 0 91.2154
      vertex 23 0 99.8757
    endloop
  endfacet
  facet normal -1 0 0
    outer loop
      vertex 35 0 99.8757
      vertex 35 3 104.555
      vertex 35 3 99.8757
    endloop
  endfacet
  facet normal -1 -0 0
    outer loop
      vertex 35 3 104.555
      vertex 35 0 99.8757
      vertex 35 0 104.555
    endloop
  endfacet
  facet normal -0.866019 0 -0.500011
    outer loop
      vertex 35 0 104.555
      vertex 30 3 113.215
      vertex 35 3 104.555
    endloop
  endfacet
  facet normal -0.866019 -0 -0.500011
    outer loop
      vertex 30 3 113.215
      vertex 35 0 104.555
      vertex 30 0 113.215
    endloop
  endfacet
  facet normal 0.866019 0 -0.500011
    outer loop
      vertex 30 0 113.215
      vertex 25 3 104.555
      vertex 30 3 113.215
    endloop
  endfacet
  facet normal 0.866019 0 -0.500011
    outer loop
      vertex 25 3 104.555
      vertex 30 0 113.215
      vertex 25 0 104.555
    endloop
  endfacet
  facet normal 1 -0 0
    outer loop
      vertex 25 0 104.555
      vertex 25 3 99.8757
      vertex 25 3 104.555
    endloop
  endfacet
  facet normal 1 0 0
    outer loop
      vertex 25 3 99.8757
      vertex 25 0 104.555
      vertex 25 0 99.8757
    endloop
  endfacet
  facet normal 0.866027 -0 0.499998
    outer loop
      vertex 25 0 99.8757
      vertex 30 3 91.2154
      vertex 25 3 99.8757
    endloop
  endfacet
  facet normal 0.866027 0 0.499998
    outer loop
      vertex 30 3 91.2154
      vertex 25 0 99.8757
      vertex 30 0 91.2154
    endloop
  endfacet
  facet normal -0.866027 0 0.499998
    outer loop
      vertex 30 0 91.2154
      vertex 35 3 99.8757
      vertex 30 3 91.2154
    endloop
  endfacet
  facet normal -0.866027 0 0.499998
    outer loop
      vertex 35 3 99.8757
      vertex 30 0 91.2154
      vertex 35 0 99.8757
    endloop
  endfacet
  facet normal -1 0 0
    outer loop
      vertex 47 0 99.8757
      vertex 47 3 104.555
      vertex 47 3 99.8757
    endloop
  endfacet
  facet normal -1 -0 0
    outer loop
      vertex 47 3 104.555
      vertex 47 0 99.8757
      vertex 47 0 104.555
    endloop
  endfacet
  facet normal -0.866019 0 -0.500011
    outer loop
      vertex 47 0 104.555
      vertex 42 3 113.215
      vertex 47 3 104.555
    endloop
  endfacet
  facet normal -0.866019 -0 -0.500011
    outer loop
      vertex 42 3 113.215
      vertex 47 0 104.555
      vertex 42 0 113.215
    endloop
  endfacet
  facet normal 0.866019 0 -0.500011
    outer loop
      vertex 42 0 113.215
      vertex 37 3 104.555
      vertex 42 3 113.215
    endloop
  endfacet
  facet normal 0.866019 0 -0.500011
    outer loop
      vertex 37 3 104.555
      vertex 42 0 113.215
      vertex 37 0 104.555
    endloop
  endfacet
  facet normal 1 -0 0
    outer loop
      vertex 37 0 104.555
      vertex 37 3 99.8757
      vertex 37 3 104.555
    endloop
  endfacet
  facet normal 1 0 0
    outer loop
      vertex 37 3 99.8757
      vertex 37 0 104.555
      vertex 37 0 99.8757
    endloop
  endfacet
  facet normal 0.866027 -0 0.499998
    outer loop
      vertex 37 0 99.8757
      vertex 42 3 91.2154
      vertex 37 3 99.8757
    endloop
  endfacet
  facet normal 0.866027 0 0.499998
    outer loop
      vertex 42 3 91.2154
      vertex 37 0 99.8757
      vertex 42 0 91.2154
    endloop
  endfacet
  facet normal -0.866027 0 0.499998
    outer loop
      vertex 42 0 91.2154
      vertex 47 3 99.8757
      vertex 42 3 91.2154
    endloop
  endfacet
  facet normal -0.866027 0 0.499998
    outer loop
      vertex 47 3 99.8757
      vertex 42 0 91.2154
      vertex 47 0 99.8757
    endloop
  endfacet
  facet normal -1 0 0
    outer loop
      vertex 59 0 99.8757
      vertex 59 3 104.555
      vertex 59 3 99.8757
    endloop
  endfacet
  facet normal -1 -0 0
    outer loop
      vertex 59 3 104.555
      vertex 59 0 99.8757
      vertex 59 0 104.555
    endloop
  endfacet
  facet normal -0.866019 0 -0.500011
    outer loop
      vertex 59 0 104.555
      vertex 54 3 113.215
      vertex 59 3 104.555
    endloop
  endfacet
  facet normal -0.866019 -0 -0.500011
    outer loop
      vertex 54 3 113.215
      vertex 59 0 104.555
      vertex 54 0 113.215
    endloop
  endfacet
  facet normal 0.866019 0 -0.500011
    outer loop
      vertex 54 0 113.215
      vertex 49 3 104.555
      vertex 54 3 113.215
    endloop
  endfacet
  facet normal 0.866019 0 -0.500011
    outer loop
      vertex 49 3 104.555
      vertex 54 0 113.215
      vertex 49 0 104.555
    endloop
  endfacet
  facet normal 1 -0 0
    outer loop
      vertex 49 0 104.555
      vertex 49 3 99.8757
      vertex 49 3 104.555
    endloop
  endfacet
  facet normal 1 0 0
    outer loop
      vertex 49 3 99.8757
      vertex 49 0 104.555
      vertex 49 0 99.8757
    endloop
  endfacet
  facet normal 0.866027 -0 0.499998
    outer loop
      vertex 49 0 99.8757
      vertex 54 3 91.2154
      vertex 49 3 99.8757
    endloop
  endfacet
  facet normal 0.866027 0 0.499998
    outer loop
      vertex 54 3 91.2154
      vertex 49 0 99.8757
      vertex 54 0 91.2154
    endloop
  endfacet
  facet normal -0.866027 0 0.499998
    outer loop
      vertex 54 0 91.2154
      vertex 59 3 99.8757
      vertex 54 3 91.2154
    endloop
  endfacet
  facet normal -0.866027 0 0.499998
    outer loop
      vertex 59 3 99.8757
      vertex 54 0 91.2154
      vertex 59 0 99.8757
    endloop
  endfacet
  facet normal -1 0 0
    outer loop
      vertex 11 0 99.8757
      vertex 11 3 104.555
      vertex 11 3 99.8757
    endloop
  endfacet
  facet normal -1 -0 0
    outer loop
      vertex 11 3 104.555
      vertex 11 0 99.8757
      vertex 11 0 104.555
    endloop
  endfacet
  facet normal -0.866019 0 -0.500011
    outer loop
      vertex 11 0 104.555
      vertex 6 3 113.215
      vertex 11 3 104.555
    endloop
  endfacet
  facet normal -0.866019 -0 -0.500011
    outer loop
      vertex 6 3 113.215
      vertex 11 0 104.555
      vertex 6 0 113.215
    endloop
  endfacet
  facet normal 0.866019 0 -0.500011
    outer loop
      vertex 6 0 113.215
      vertex 1 3 104.555
      vertex 6 3 113.215
    endloop
  endfacet
  facet normal 0.866019 0 -0.500011
    outer loop
      vertex 1 3 104.555
      vertex 6 0 113.215
      vertex 1 0 104.555
    endloop
  endfacet
  facet normal 1 -0 0
    outer loop
      vertex 1 0 104.555
      vertex 1 3 99.8757
      vertex 1 3 104.555
    endloop
  endfacet
  facet normal 1 0 0
    outer loop
      vertex 1 3 99.8757
      vertex 1 0 104.555
      vertex 1 0 99.8757
    endloop
  endfacet
  facet normal 0.866027 -0 0.499998
    outer loop
      vertex 1 0 99.8757
      vertex 6 3 91.2154
      vertex 1 3 99.8757
    endloop
  endfacet
  facet normal 0.866027 0 0.499998
    outer loop
      vertex 6 3 91.2154
      vertex 1 0 99.8757
      vertex 6 0 91.2154
    endloop
  endfacet
  facet normal -0.866027 0 0.499998
    outer loop
      vertex 6 0 91.2154
      vertex 11 3 99.8757
      vertex 6 3 91.2154
    endloop
  endfacet
  facet normal -0.866027 0 0.499998
    outer loop
      vertex 11 3 99.8757
      vertex 6 0 91.2154
      vertex 11 0 99.8757
    endloop
  endfacet
  facet normal -1 0 0
    outer loop
      vertex 17 0 84.268
      vertex 17 3 88.9474
      vertex 17 3 84.268
    endloop
  endfacet
  facet normal -1 -0 0
    outer loop
      vertex 17 3 88.9474
      vertex 17 0 84.268
      vertex 17 0 88.9474
    endloop
  endfacet
  facet normal -0.866027 0 -0.499998
    outer loop
      vertex 17 0 88.9474
      vertex 12 3 97.6077
      vertex 17 3 88.9474
    endloop
  endfacet
  facet normal -0.866027 -0 -0.499998
    outer loop
      vertex 12 3 97.6077
      vertex 17 0 88.9474
      vertex 12 0 97.6077
    endloop
  endfacet
  facet normal 0.866027 0 -0.499998
    outer loop
      vertex 12 0 97.6077
      vertex 7 3 88.9474
      vertex 12 3 97.6077
    endloop
  endfacet
  facet normal 0.866027 0 -0.499998
    outer loop
      vertex 7 3 88.9474
      vertex 12 0 97.6077
      vertex 7 0 88.9474
    endloop
  endfacet
  facet normal 1 -0 0
    outer loop
      vertex 7 0 88.9474
      vertex 7 3 84.268
      vertex 7 3 88.9474
    endloop
  endfacet
  facet normal 1 0 0
    outer loop
      vertex 7 3 84.268
      vertex 7 0 88.9474
      vertex 7 0 84.268
    endloop
  endfacet
  facet normal 0.866027 -0 0.499998
    outer loop
      vertex 7 0 84.268
      vertex 12 3 75.6077
      vertex 7 3 84.268
    endloop
  endfacet
  facet normal 0.866027 0 0.499998
    outer loop
      vertex 12 3 75.6077
      vertex 7 0 84.268
      vertex 12 0 75.6077
    endloop
  endfacet
  facet normal -0.866027 0 0.499998
    outer loop
      vertex 12 0 75.6077
      vertex 17 3 84.268
      vertex 12 3 75.6077
    endloop
  endfacet
  facet normal -0.866027 0 0.499998
    outer loop
      vertex 17 3 84.268
      vertex 12 0 75.6077
      vertex 17 0 84.268
    endloop
  endfacet
  facet normal -1 0 0
    outer loop
      vertex -43 0 84.268
      vertex -43 3 88.9474
      vertex -43 3 84.268
    endloop
  endfacet
  facet normal -1 -0 0
    outer loop
      vertex -43 3 88.9474
      vertex -43 0 84.268
      vertex -43 0 88.9474
    endloop
  endfacet
  facet normal -0.866027 0 -0.499998
    outer loop
      vertex -43 0 88.9474
      vertex -48 3 97.6077
      vertex -43 3 88.9474
    endloop
  endfacet
  facet normal -0.866027 -0 -0.499998
    outer loop
      vertex -48 3 97.6077
      vertex -43 0 88.9474
      vertex -48 0 97.6077
    endloop
  endfacet
  facet normal 0.866027 0 -0.499998
    outer loop
      vertex -48 0 97.6077
      vertex -53 3 88.9474
      vertex -48 3 97.6077
    endloop
  endfacet
  facet normal 0.866027 0 -0.499998
    outer loop
      vertex -53 3 88.9474
      vertex -48 0 97.6077
      vertex -53 0 88.9474
    endloop
  endfacet
  facet normal 1 -0 0
    outer loop
      vertex -53 0 88.9474
      vertex -53 3 84.268
      vertex -53 3 88.9474
    endloop
  endfacet
  facet normal 1 0 0
    outer loop
      vertex -53 3 84.268
      vertex -53 0 88.9474
      vertex -53 0 84.268
    endloop
  endfacet
  facet normal 0.866027 -0 0.499998
    outer loop
      vertex -53 0 84.268
      vertex -48 3 75.6077
      vertex -53 3 84.268
    endloop
  endfacet
  facet normal 0.866027 0 0.499998
    outer loop
      vertex -48 3 75.6077
      vertex -53 0 84.268
      vertex -48 0 75.6077
    endloop
  endfacet
  facet normal -0.866027 0 0.499998
    outer loop
      vertex -48 0 75.6077
      vertex -43 3 84.268
      vertex -48 3 75.6077
    endloop
  endfacet
  facet normal -0.866027 0 0.499998
    outer loop
      vertex -43 3 84.268
      vertex -48 0 75.6077
      vertex -43 0 84.268
    endloop
  endfacet
  facet normal -1 0 0
    outer loop
      vertex -31 0 84.268
      vertex -31 3 88.9474
      vertex -31 3 84.268
    endloop
  endfacet
  facet normal -1 -0 0
    outer loop
      vertex -31 3 88.9474
      vertex -31 0 84.268
      vertex -31 0 88.9474
    endloop
  endfacet
  facet normal -0.866027 0 -0.499998
    outer loop
      vertex -31 0 88.9474
      vertex -36 3 97.6077
      vertex -31 3 88.9474
    endloop
  endfacet
  facet normal -0.866027 -0 -0.499998
    outer loop
      vertex -36 3 97.6077
      vertex -31 0 88.9474
      vertex -36 0 97.6077
    endloop
  endfacet
  facet normal 0.866027 0 -0.499998
    outer loop
      vertex -36 0 97.6077
      vertex -41 3 88.9474
      vertex -36 3 97.6077
    endloop
  endfacet
  facet normal 0.866027 0 -0.499998
    outer loop
      vertex -41 3 88.9474
      vertex -36 0 97.6077
      vertex -41 0 88.9474
    endloop
  endfacet
  facet normal 1 -0 0
    outer loop
      vertex -41 0 88.9474
      vertex -41 3 84.268
      vertex -41 3 88.9474
    endloop
  endfacet
  facet normal 1 0 0
    outer loop
      vertex -41 3 84.268
      vertex -41 0 88.9474
      vertex -41 0 84.268
    endloop
  endfacet
  facet normal 0.866027 -0 0.499998
    outer loop
      vertex -41 0 84.268
      vertex -36 3 75.6077
      vertex -41 3 84.268
    endloop
  endfacet
  facet normal 0.866027 0 0.499998
    outer loop
      vertex -36 3 75.6077
      vertex -41 0 84.268
      vertex -36 0 75.6077
    endloop
  endfacet
  facet normal -0.866027 0 0.499998
    outer loop
      vertex -36 0 75.6077
      vertex -31 3 84.268
      vertex -36 3 75.6077
    endloop
  endfacet
  facet normal -0.866027 0 0.499998
    outer loop
      vertex -31 3 84.268
      vertex -36 0 75.6077
      vertex -31 0 84.268
    endloop
  endfacet
  facet normal -1 0 0
    outer loop
      vertex -19 0 84.268
      vertex -19 3 88.9474
      vertex -19 3 84.268
    endloop
  endfacet
  facet normal -1 -0 0
    outer loop
      vertex -19 3 88.9474
      vertex -19 0 84.268
      vertex -19 0 88.9474
    endloop
  endfacet
  facet normal -0.866027 0 -0.499998
    outer loop
      vertex -19 0 88.9474
      vertex -24 3 97.6077
      vertex -19 3 88.9474
    endloop
  endfacet
  facet normal -0.866027 -0 -0.499998
    outer loop
      vertex -24 3 97.6077
      vertex -19 0 88.9474
      vertex -24 0 97.6077
    endloop
  endfacet
  facet normal 0.866027 0 -0.499998
    outer loop
      vertex -24 0 97.6077
      vertex -29 3 88.9474
      vertex -24 3 97.6077
    endloop
  endfacet
  facet normal 0.866027 0 -0.499998
    outer loop
      vertex -29 3 88.9474
      vertex -24 0 97.6077
      vertex -29 0 88.9474
    endloop
  endfacet
  facet normal 1 -0 0
    outer loop
      vertex -29 0 88.9474
      vertex -29 3 84.268
      vertex -29 3 88.9474
    endloop
  endfacet
  facet normal 1 0 0
    outer loop
      vertex -29 3 84.268
      vertex -29 0 88.9474
      vertex -29 0 84.268
    endloop
  endfacet
  facet normal 0.866027 -0 0.499998
    outer loop
      vertex -29 0 84.268
      vertex -24 3 75.6077
      vertex -29 3 84.268
    endloop
  endfacet
  facet normal 0.866027 0 0.499998
    outer loop
      vertex -24 3 75.6077
      vertex -29 0 84.268
      vertex -24 0 75.6077
    endloop
  endfacet
  facet normal -0.866027 0 0.499998
    outer loop
      vertex -24 0 75.6077
      vertex -19 3 84.268
      vertex -24 3 75.6077
    endloop
  endfacet
  facet normal -0.866027 0 0.499998
    outer loop
      vertex -19 3 84.268
      vertex -24 0 75.6077
      vertex -19 0 84.268
    endloop
  endfacet
  facet normal -1 0 0
    outer loop
      vertex -7 0 84.268
      vertex -7 3 88.9474
      vertex -7 3 84.268
    endloop
  endfacet
  facet normal -1 -0 0
    outer loop
      vertex -7 3 88.9474
      vertex -7 0 84.268
      vertex -7 0 88.9474
    endloop
  endfacet
  facet normal -0.866027 0 -0.499998
    outer loop
      vertex -7 0 88.9474
      vertex -12 3 97.6077
      vertex -7 3 88.9474
    endloop
  endfacet
  facet normal -0.866027 -0 -0.499998
    outer loop
      vertex -12 3 97.6077
      vertex -7 0 88.9474
      vertex -12 0 97.6077
    endloop
  endfacet
  facet normal 0.866027 0 -0.499998
    outer loop
      vertex -12 0 97.6077
      vertex -17 3 88.9474
      vertex -12 3 97.6077
    endloop
  endfacet
  facet normal 0.866027 0 -0.499998
    outer loop
      vertex -17 3 88.9474
      vertex -12 0 97.6077
      vertex -17 0 88.9474
    endloop
  endfacet
  facet normal 1 -0 0
    outer loop
      vertex -17 0 88.9474
      vertex -17 3 84.268
      vertex -17 3 88.9474
    endloop
  endfacet
  facet normal 1 0 0
    outer loop
      vertex -17 3 84.268
      vertex -17 0 88.9474
      vertex -17 0 84.268
    endloop
  endfacet
  facet normal 0.866027 -0 0.499998
    outer loop
      vertex -17 0 84.268
      vertex -12 3 75.6077
      vertex -17 3 84.268
    endloop
  endfacet
  facet normal 0.866027 0 0.499998
    outer loop
      vertex -12 3 75.6077
      vertex -17 0 84.268
      vertex -12 0 75.6077
    endloop
  endfacet
  facet normal -0.866027 0 0.499998
    outer loop
      vertex -12 0 75.6077
      vertex -7 3 84.268
      vertex -12 3 75.6077
    endloop
  endfacet
  facet normal -0.866027 0 0.499998
    outer loop
      vertex -7 3 84.268
      vertex -12 0 75.6077
      vertex -7 0 84.268
    endloop
  endfacet
  facet normal -1 0 0
    outer loop
      vertex 5 0 84.268
      vertex 5 3 88.9474
      vertex 5 3 84.268
    endloop
  endfacet
  facet normal -1 -0 0
    outer loop
      vertex 5 3 88.9474
      vertex 5 0 84.268
      vertex 5 0 88.9474
    endloop
  endfacet
  facet normal -0.866027 0 -0.499998
    outer loop
      vertex 5 0 88.9474
      vertex 0 3 97.6077
      vertex 5 3 88.9474
    endloop
  endfacet
  facet normal -0.866027 -0 -0.499998
    outer loop
      vertex 0 3 97.6077
      vertex 5 0 88.9474
      vertex 0 0 97.6077
    endloop
  endfacet
  facet normal 0.866027 0 -0.499998
    outer loop
      vertex 0 0 97.6077
      vertex -5 3 88.9474
      vertex 0 3 97.6077
    endloop
  endfacet
  facet normal 0.866027 0 -0.499998
    outer loop
      vertex -5 3 88.9474
      vertex 0 0 97.6077
      vertex -5 0 88.9474
    endloop
  endfacet
  facet normal 1 -0 0
    outer loop
      vertex -5 0 88.9474
      vertex -5 3 84.268
      vertex -5 3 88.9474
    endloop
  endfacet
  facet normal 1 0 0
    outer loop
      vertex -5 3 84.268
      vertex -5 0 88.9474
      vertex -5 0 84.268
    endloop
  endfacet
  facet normal 0.866027 -0 0.499998
    outer loop
      vertex -5 0 84.268
      vertex 0 3 75.6077
      vertex -5 3 84.268
    endloop
  endfacet
  facet normal 0.866027 0 0.499998
    outer loop
      vertex 0 3 75.6077
      vertex -5 0 84.268
      vertex 0 0 75.6077
    endloop
  endfacet
  facet normal -0.866027 0 0.499998
    outer loop
      vertex 0 0 75.6077
      vertex 5 3 84.268
      vertex 0 3 75.6077
    endloop
  endfacet
  facet normal -0.866027 0 0.499998
    outer loop
      vertex 5 3 84.268
      vertex 0 0 75.6077
      vertex 5 0 84.268
    endloop
  endfacet
  facet normal -1 0 0
    outer loop
      vertex 29 0 84.268
      vertex 29 3 88.9474
      vertex 29 3 84.268
    endloop
  endfacet
  facet normal -1 -0 0
    outer loop
      vertex 29 3 88.9474
      vertex 29 0 84.268
      vertex 29 0 88.9474
    endloop
  endfacet
  facet normal -0.866027 0 -0.499998
    outer loop
      vertex 29 0 88.9474
      vertex 24 3 97.6077
      vertex 29 3 88.9474
    endloop
  endfacet
  facet normal -0.866027 -0 -0.499998
    outer loop
      vertex 24 3 97.6077
      vertex 29 0 88.9474
      vertex 24 0 97.6077
    endloop
  endfacet
  facet normal 0.866027 0 -0.499998
    outer loop
      vertex 24 0 97.6077
      vertex 19 3 88.9474
      vertex 24 3 97.6077
    endloop
  endfacet
  facet normal 0.866027 0 -0.499998
    outer loop
      vertex 19 3 88.9474
      vertex 24 0 97.6077
      vertex 19 0 88.9474
    endloop
  endfacet
  facet normal 1 -0 0
    outer loop
      vertex 19 0 88.9474
      vertex 19 3 84.268
      vertex 19 3 88.9474
    endloop
  endfacet
  facet normal 1 0 0
    outer loop
      vertex 19 3 84.268
      vertex 19 0 88.9474
      vertex 19 0 84.268
    endloop
  endfacet
  facet normal 0.866027 -0 0.499998
    outer loop
      vertex 19 0 84.268
      vertex 24 3 75.6077
      vertex 19 3 84.268
    endloop
  endfacet
  facet normal 0.866027 0 0.499998
    outer loop
      vertex 24 3 75.6077
      vertex 19 0 84.268
      vertex 24 0 75.6077
    endloop
  endfacet
  facet normal -0.866027 0 0.499998
    outer loop
      vertex 24 0 75.6077
      vertex 29 3 84.268
      vertex 24 3 75.6077
    endloop
  endfacet
  facet normal -0.866027 0 0.499998
    outer loop
      vertex 29 3 84.268
      vertex 24 0 75.6077
      vertex 29 0 84.268
    endloop
  endfacet
  facet normal -1 0 0
    outer loop
      vertex 41 0 84.268
      vertex 41 3 88.9474
      vertex 41 3 84.268
    endloop
  endfacet
  facet normal -1 -0 0
    outer loop
      vertex 41 3 88.9474
      vertex 41 0 84.268
      vertex 41 0 88.9474
    endloop
  endfacet
  facet normal -0.866027 0 -0.499998
    outer loop
      vertex 41 0 88.9474
      vertex 36 3 97.6077
      vertex 41 3 88.9474
    endloop
  endfacet
  facet normal -0.866027 -0 -0.499998
    outer loop
      vertex 36 3 97.6077
      vertex 41 0 88.9474
      vertex 36 0 97.6077
    endloop
  endfacet
  facet normal 0.866027 0 -0.499998
    outer loop
      vertex 36 0 97.6077
      vertex 31 3 88.9474
      vertex 36 3 97.6077
    endloop
  endfacet
  facet normal 0.866027 0 -0.499998
    outer loop
      vertex 31 3 88.9474
      vertex 36 0 97.6077
      vertex 31 0 88.9474
    endloop
  endfacet
  facet normal 1 -0 0
    outer loop
      vertex 31 0 88.9474
      vertex 31 3 84.268
      vertex 31 3 88.9474
    endloop
  endfacet
  facet normal 1 0 0
    outer loop
      vertex 31 3 84.268
      vertex 31 0 88.9474
      vertex 31 0 84.268
    endloop
  endfacet
  facet normal 0.866027 -0 0.499998
    outer loop
      vertex 31 0 84.268
      vertex 36 3 75.6077
      vertex 31 3 84.268
    endloop
  endfacet
  facet normal 0.866027 0 0.499998
    outer loop
      vertex 36 3 75.6077
      vertex 31 0 84.268
      vertex 36 0 75.6077
    endloop
  endfacet
  facet normal -0.866027 0 0.499998
    outer loop
      vertex 36 0 75.6077
      vertex 41 3 84.268
      vertex 36 3 75.6077
    endloop
  endfacet
  facet normal -0.866027 0 0.499998
    outer loop
      vertex 41 3 84.268
      vertex 36 0 75.6077
      vertex 41 0 84.268
    endloop
  endfacet
  facet normal -1 0 0
    outer loop
      vertex 53 0 84.268
      vertex 53 3 88.9474
      vertex 53 3 84.268
    endloop
  endfacet
  facet normal -1 -0 0
    outer loop
      vertex 53 3 88.9474
      vertex 53 0 84.268
      vertex 53 0 88.9474
    endloop
  endfacet
  facet normal -0.866027 0 -0.499998
    outer loop
      vertex 53 0 88.9474
      vertex 48 3 97.6077
      vertex 53 3 88.9474
    endloop
  endfacet
  facet normal -0.866027 -0 -0.499998
    outer loop
      vertex 48 3 97.6077
      vertex 53 0 88.9474
      vertex 48 0 97.6077
    endloop
  endfacet
  facet normal 0.866027 0 -0.499998
    outer loop
      vertex 48 0 97.6077
      vertex 43 3 88.9474
      vertex 48 3 97.6077
    endloop
  endfacet
  facet normal 0.866027 0 -0.499998
    outer loop
      vertex 43 3 88.9474
      vertex 48 0 97.6077
      vertex 43 0 88.9474
    endloop
  endfacet
  facet normal 1 -0 0
    outer loop
      vertex 43 0 88.9474
      vertex 43 3 84.268
      vertex 43 3 88.9474
    endloop
  endfacet
  facet normal 1 0 0
    outer loop
      vertex 43 3 84.268
      vertex 43 0 88.9474
      vertex 43 0 84.268
    endloop
  endfacet
  facet normal 0.866027 -0 0.499998
    outer loop
      vertex 43 0 84.268
      vertex 48 3 75.6077
      vertex 43 3 84.268
    endloop
  endfacet
  facet normal 0.866027 0 0.499998
    outer loop
      vertex 48 3 75.6077
      vertex 43 0 84.268
      vertex 48 0 75.6077
    endloop
  endfacet
  facet normal -0.866027 0 0.499998
    outer loop
      vertex 48 0 75.6077
      vertex 53 3 84.268
      vertex 48 3 75.6077
    endloop
  endfacet
  facet normal -0.866027 0 0.499998
    outer loop
      vertex 53 3 84.268
      vertex 48 0 75.6077
      vertex 53 0 84.268
    endloop
  endfacet
  facet normal -1 0 0
    outer loop
      vertex 11 0 68.6603
      vertex 11 3 73.3397
      vertex 11 3 68.6603
    endloop
  endfacet
  facet normal -1 -0 0
    outer loop
      vertex 11 3 73.3397
      vertex 11 0 68.6603
      vertex 11 0 73.3397
    endloop
  endfacet
  facet normal -0.866027 0 -0.499998
    outer loop
      vertex 11 0 73.3397
      vertex 6 3 82
      vertex 11 3 73.3397
    endloop
  endfacet
  facet normal -0.866027 -0 -0.499998
    outer loop
      vertex 6 3 82
      vertex 11 0 73.3397
      vertex 6 0 82
    endloop
  endfacet
  facet normal 0.866027 0 -0.499998
    outer loop
      vertex 6 0 82
      vertex 1 3 73.3397
      vertex 6 3 82
    endloop
  endfacet
  facet normal 0.866027 0 -0.499998
    outer loop
      vertex 1 3 73.3397
      vertex 6 0 82
      vertex 1 0 73.3397
    endloop
  endfacet
  facet normal 1 -0 0
    outer loop
      vertex 1 0 73.3397
      vertex 1 3 68.6603
      vertex 1 3 73.3397
    endloop
  endfacet
  facet normal 1 0 0
    outer loop
      vertex 1 3 68.6603
      vertex 1 0 73.3397
      vertex 1 0 68.6603
    endloop
  endfacet
  facet normal 0.866027 -0 0.499998
    outer loop
      vertex 1 0 68.6603
      vertex 6 3 60
      vertex 1 3 68.6603
    endloop
  endfacet
  facet normal 0.866027 0 0.499998
    outer loop
      vertex 6 3 60
      vertex 1 0 68.6603
      vertex 6 0 60
    endloop
  endfacet
  facet normal -0.866027 0 0.499998
    outer loop
      vertex 6 0 60
      vertex 11 3 68.6603
      vertex 6 3 60
    endloop
  endfacet
  facet normal -0.866027 0 0.499998
    outer loop
      vertex 11 3 68.6603
      vertex 6 0 60
      vertex 11 0 68.6603
    endloop
  endfacet
  facet normal -1 0 0
    outer loop
      vertex 59 0 68.6603
      vertex 59 3 73.3397
      vertex 59 3 68.6603
    endloop
  endfacet
  facet normal -1 -0 0
    outer loop
      vertex 59 3 73.3397
      vertex 59 0 68.6603
      vertex 59 0 73.3397
    endloop
  endfacet
  facet normal -0.866027 0 -0.499998
    outer loop
      vertex 59 0 73.3397
      vertex 54 3 82
      vertex 59 3 73.3397
    endloop
  endfacet
  facet normal -0.866027 -0 -0.499998
    outer loop
      vertex 54 3 82
      vertex 59 0 73.3397
      vertex 54 0 82
    endloop
  endfacet
  facet normal 0.866027 0 -0.499998
    outer loop
      vertex 54 0 82
      vertex 49 3 73.3397
      vertex 54 3 82
    endloop
  endfacet
  facet normal 0.866027 0 -0.499998
    outer loop
      vertex 49 3 73.3397
      vertex 54 0 82
      vertex 49 0 73.3397
    endloop
  endfacet
  facet normal 1 -0 0
    outer loop
      vertex 49 0 73.3397
      vertex 49 3 68.6603
      vertex 49 3 73.3397
    endloop
  endfacet
  facet normal 1 0 0
    outer loop
      vertex 49 3 68.6603
      vertex 49 0 73.3397
      vertex 49 0 68.6603
    endloop
  endfacet
  facet normal 0.866027 -0 0.499998
    outer loop
      vertex 49 0 68.6603
      vertex 54 3 60
      vertex 49 3 68.6603
    endloop
  endfacet
  facet normal 0.866027 0 0.499998
    outer loop
      vertex 54 3 60
      vertex 49 0 68.6603
      vertex 54 0 60
    endloop
  endfacet
  facet normal -0.866027 0 0.499998
    outer loop
      vertex 54 0 60
      vertex 59 3 68.6603
      vertex 54 3 60
    endloop
  endfacet
  facet normal -0.866027 0 0.499998
    outer loop
      vertex 59 3 68.6603
      vertex 54 0 60
      vertex 59 0 68.6603
    endloop
  endfacet
  facet normal -1 0 0
    outer loop
      vertex 47 0 68.6603
      vertex 47 3 73.3397
      vertex 47 3 68.6603
    endloop
  endfacet
  facet normal -1 -0 0
    outer loop
      vertex 47 3 73.3397
      vertex 47 0 68.6603
      vertex 47 0 73.3397
    endloop
  endfacet
  facet normal -0.866027 0 -0.499998
    outer loop
      vertex 47 0 73.3397
      vertex 42 3 82
      vertex 47 3 73.3397
    endloop
  endfacet
  facet normal -0.866027 -0 -0.499998
    outer loop
      vertex 42 3 82
      vertex 47 0 73.3397
      vertex 42 0 82
    endloop
  endfacet
  facet normal 0.866027 0 -0.499998
    outer loop
      vertex 42 0 82
      vertex 37 3 73.3397
      vertex 42 3 82
    endloop
  endfacet
  facet normal 0.866027 0 -0.499998
    outer loop
      vertex 37 3 73.3397
      vertex 42 0 82
      vertex 37 0 73.3397
    endloop
  endfacet
  facet normal 1 -0 0
    outer loop
      vertex 37 0 73.3397
      vertex 37 3 68.6603
      vertex 37 3 73.3397
    endloop
  endfacet
  facet normal 1 0 0
    outer loop
      vertex 37 3 68.6603
      vertex 37 0 73.3397
      vertex 37 0 68.6603
    endloop
  endfacet
  facet normal 0.866027 -0 0.499998
    outer loop
      vertex 37 0 68.6603
      vertex 42 3 60
      vertex 37 3 68.6603
    endloop
  endfacet
  facet normal 0.866027 0 0.499998
    outer loop
      vertex 42 3 60
      vertex 37 0 68.6603
      vertex 42 0 60
    endloop
  endfacet
  facet normal -0.866027 0 0.499998
    outer loop
      vertex 42 0 60
      vertex 47 3 68.6603
      vertex 42 3 60
    endloop
  endfacet
  facet normal -0.866027 0 0.499998
    outer loop
      vertex 47 3 68.6603
      vertex 42 0 60
      vertex 47 0 68.6603
    endloop
  endfacet
  facet normal -1 0 0
    outer loop
      vertex 35 0 68.6603
      vertex 35 3 73.3397
      vertex 35 3 68.6603
    endloop
  endfacet
  facet normal -1 -0 0
    outer loop
      vertex 35 3 73.3397
      vertex 35 0 68.6603
      vertex 35 0 73.3397
    endloop
  endfacet
  facet normal -0.866027 0 -0.499998
    outer loop
      vertex 35 0 73.3397
      vertex 30 3 82
      vertex 35 3 73.3397
    endloop
  endfacet
  facet normal -0.866027 -0 -0.499998
    outer loop
      vertex 30 3 82
      vertex 35 0 73.3397
      vertex 30 0 82
    endloop
  endfacet
  facet normal 0.866027 0 -0.499998
    outer loop
      vertex 30 0 82
      vertex 25 3 73.3397
      vertex 30 3 82
    endloop
  endfacet
  facet normal 0.866027 0 -0.499998
    outer loop
      vertex 25 3 73.3397
      vertex 30 0 82
      vertex 25 0 73.3397
    endloop
  endfacet
  facet normal 1 -0 0
    outer loop
      vertex 25 0 73.3397
      vertex 25 3 68.6603
      vertex 25 3 73.3397
    endloop
  endfacet
  facet normal 1 0 0
    outer loop
      vertex 25 3 68.6603
      vertex 25 0 73.3397
      vertex 25 0 68.6603
    endloop
  endfacet
  facet normal 0.866027 -0 0.499998
    outer loop
      vertex 25 0 68.6603
      vertex 30 3 60
      vertex 25 3 68.6603
    endloop
  endfacet
  facet normal 0.866027 0 0.499998
    outer loop
      vertex 30 3 60
      vertex 25 0 68.6603
      vertex 30 0 60
    endloop
  endfacet
  facet normal -0.866027 0 0.499998
    outer loop
      vertex 30 0 60
      vertex 35 3 68.6603
      vertex 30 3 60
    endloop
  endfacet
  facet normal -0.866027 0 0.499998
    outer loop
      vertex 35 3 68.6603
      vertex 30 0 60
      vertex 35 0 68.6603
    endloop
  endfacet
  facet normal -1 0 0
    outer loop
      vertex 23 0 68.6603
      vertex 23 3 73.3397
      vertex 23 3 68.6603
    endloop
  endfacet
  facet normal -1 -0 0
    outer loop
      vertex 23 3 73.3397
      vertex 23 0 68.6603
      vertex 23 0 73.3397
    endloop
  endfacet
  facet normal -0.866027 0 -0.499998
    outer loop
      vertex 23 0 73.3397
      vertex 18 3 82
      vertex 23 3 73.3397
    endloop
  endfacet
  facet normal -0.866027 -0 -0.499998
    outer loop
      vertex 18 3 82
      vertex 23 0 73.3397
      vertex 18 0 82
    endloop
  endfacet
  facet normal 0.866027 0 -0.499998
    outer loop
      vertex 18 0 82
      vertex 13 3 73.3397
      vertex 18 3 82
    endloop
  endfacet
  facet normal 0.866027 0 -0.499998
    outer loop
      vertex 13 3 73.3397
      vertex 18 0 82
      vertex 13 0 73.3397
    endloop
  endfacet
  facet normal 1 -0 0
    outer loop
      vertex 13 0 73.3397
      vertex 13 3 68.6603
      vertex 13 3 73.3397
    endloop
  endfacet
  facet normal 1 0 0
    outer loop
      vertex 13 3 68.6603
      vertex 13 0 73.3397
      vertex 13 0 68.6603
    endloop
  endfacet
  facet normal 0.866027 -0 0.499998
    outer loop
      vertex 13 0 68.6603
      vertex 18 3 60
      vertex 13 3 68.6603
    endloop
  endfacet
  facet normal 0.866027 0 0.499998
    outer loop
      vertex 18 3 60
      vertex 13 0 68.6603
      vertex 18 0 60
    endloop
  endfacet
  facet normal -0.866027 0 0.499998
    outer loop
      vertex 18 0 60
      vertex 23 3 68.6603
      vertex 18 3 60
    endloop
  endfacet
  facet normal -0.866027 0 0.499998
    outer loop
      vertex 23 3 68.6603
      vertex 18 0 60
      vertex 23 0 68.6603
    endloop
  endfacet
  facet normal -1 0 0
    outer loop
      vertex -1 0 68.6603
      vertex -1 3 73.3397
      vertex -1 3 68.6603
    endloop
  endfacet
  facet normal -1 -0 0
    outer loop
      vertex -1 3 73.3397
      vertex -1 0 68.6603
      vertex -1 0 73.3397
    endloop
  endfacet
  facet normal -0.866027 0 -0.499998
    outer loop
      vertex -1 0 73.3397
      vertex -6 3 82
      vertex -1 3 73.3397
    endloop
  endfacet
  facet normal -0.866027 -0 -0.499998
    outer loop
      vertex -6 3 82
      vertex -1 0 73.3397
      vertex -6 0 82
    endloop
  endfacet
  facet normal 0.866027 0 -0.499998
    outer loop
      vertex -6 0 82
      vertex -11 3 73.3397
      vertex -6 3 82
    endloop
  endfacet
  facet normal 0.866027 0 -0.499998
    outer loop
      vertex -11 3 73.3397
      vertex -6 0 82
      vertex -11 0 73.3397
    endloop
  endfacet
  facet normal 1 -0 0
    outer loop
      vertex -11 0 73.3397
      vertex -11 3 68.6603
      vertex -11 3 73.3397
    endloop
  endfacet
  facet normal 1 0 0
    outer loop
      vertex -11 3 68.6603
      vertex -11 0 73.3397
      vertex -11 0 68.6603
    endloop
  endfacet
  facet normal 0.866027 -0 0.499998
    outer loop
      vertex -11 0 68.6603
      vertex -6 3 60
      vertex -11 3 68.6603
    endloop
  endfacet
  facet normal 0.866027 0 0.499998
    outer loop
      vertex -6 3 60
      vertex -11 0 68.6603
      vertex -6 0 60
    endloop
  endfacet
  facet normal -0.866027 0 0.499998
    outer loop
      vertex -6 0 60
      vertex -1 3 68.6603
      vertex -6 3 60
    endloop
  endfacet
  facet normal -0.866027 0 0.499998
    outer loop
      vertex -1 3 68.6603
      vertex -6 0 60
      vertex -1 0 68.6603
    endloop
  endfacet
  facet normal -1 0 0
    outer loop
      vertex -13 0 68.6603
      vertex -13 3 73.3397
      vertex -13 3 68.6603
    endloop
  endfacet
  facet normal -1 -0 0
    outer loop
      vertex -13 3 73.3397
      vertex -13 0 68.6603
      vertex -13 0 73.3397
    endloop
  endfacet
  facet normal -0.866027 0 -0.499998
    outer loop
      vertex -13 0 73.3397
      vertex -18 3 82
      vertex -13 3 73.3397
    endloop
  endfacet
  facet normal -0.866027 -0 -0.499998
    outer loop
      vertex -18 3 82
      vertex -13 0 73.3397
      vertex -18 0 82
    endloop
  endfacet
  facet normal 0.866027 0 -0.499998
    outer loop
      vertex -18 0 82
      vertex -23 3 73.3397
      vertex -18 3 82
    endloop
  endfacet
  facet normal 0.866027 0 -0.499998
    outer loop
      vertex -23 3 73.3397
      vertex -18 0 82
      vertex -23 0 73.3397
    endloop
  endfacet
  facet normal 1 -0 0
    outer loop
      vertex -23 0 73.3397
      vertex -23 3 68.6603
      vertex -23 3 73.3397
    endloop
  endfacet
  facet normal 1 0 0
    outer loop
      vertex -23 3 68.6603
      vertex -23 0 73.3397
      vertex -23 0 68.6603
    endloop
  endfacet
  facet normal 0.866027 -0 0.499998
    outer loop
      vertex -23 0 68.6603
      vertex -18 3 60
      vertex -23 3 68.6603
    endloop
  endfacet
  facet normal 0.866027 0 0.499998
    outer loop
      vertex -18 3 60
      vertex -23 0 68.6603
      vertex -18 0 60
    endloop
  endfacet
  facet normal -0.866027 0 0.499998
    outer loop
      vertex -18 0 60
      vertex -13 3 68.6603
      vertex -18 3 60
    endloop
  endfacet
  facet normal -0.866027 0 0.499998
    outer loop
      vertex -13 3 68.6603
      vertex -18 0 60
      vertex -13 0 68.6603
    endloop
  endfacet
  facet normal -1 0 0
    outer loop
      vertex -25 0 68.6603
      vertex -25 3 73.3397
      vertex -25 3 68.6603
    endloop
  endfacet
  facet normal -1 -0 0
    outer loop
      vertex -25 3 73.3397
      vertex -25 0 68.6603
      vertex -25 0 73.3397
    endloop
  endfacet
  facet normal -0.866027 0 -0.499998
    outer loop
      vertex -25 0 73.3397
      vertex -30 3 82
      vertex -25 3 73.3397
    endloop
  endfacet
  facet normal -0.866027 -0 -0.499998
    outer loop
      vertex -30 3 82
      vertex -25 0 73.3397
      vertex -30 0 82
    endloop
  endfacet
  facet normal 0.866027 0 -0.499998
    outer loop
      vertex -30 0 82
      vertex -35 3 73.3397
      vertex -30 3 82
    endloop
  endfacet
  facet normal 0.866027 0 -0.499998
    outer loop
      vertex -35 3 73.3397
      vertex -30 0 82
      vertex -35 0 73.3397
    endloop
  endfacet
  facet normal 1 -0 0
    outer loop
      vertex -35 0 73.3397
      vertex -35 3 68.6603
      vertex -35 3 73.3397
    endloop
  endfacet
  facet normal 1 0 0
    outer loop
      vertex -35 3 68.6603
      vertex -35 0 73.3397
      vertex -35 0 68.6603
    endloop
  endfacet
  facet normal 0.866027 -0 0.499998
    outer loop
      vertex -35 0 68.6603
      vertex -30 3 60
      vertex -35 3 68.6603
    endloop
  endfacet
  facet normal 0.866027 0 0.499998
    outer loop
      vertex -30 3 60
      vertex -35 0 68.6603
      vertex -30 0 60
    endloop
  endfacet
  facet normal -0.866027 0 0.499998
    outer loop
      vertex -30 0 60
      vertex -25 3 68.6603
      vertex -30 3 60
    endloop
  endfacet
  facet normal -0.866027 0 0.499998
    outer loop
      vertex -25 3 68.6603
      vertex -30 0 60
      vertex -25 0 68.6603
    endloop
  endfacet
  facet normal -1 0 0
    outer loop
      vertex -37 0 68.6603
      vertex -37 3 73.3397
      vertex -37 3 68.6603
    endloop
  endfacet
  facet normal -1 -0 0
    outer loop
      vertex -37 3 73.3397
      vertex -37 0 68.6603
      vertex -37 0 73.3397
    endloop
  endfacet
  facet normal -0.866027 0 -0.499998
    outer loop
      vertex -37 0 73.3397
      vertex -42 3 82
      vertex -37 3 73.3397
    endloop
  endfacet
  facet normal -0.866027 -0 -0.499998
    outer loop
      vertex -42 3 82
      vertex -37 0 73.3397
      vertex -42 0 82
    endloop
  endfacet
  facet normal 0.866027 0 -0.499998
    outer loop
      vertex -42 0 82
      vertex -47 3 73.3397
      vertex -42 3 82
    endloop
  endfacet
  facet normal 0.866027 0 -0.499998
    outer loop
      vertex -47 3 73.3397
      vertex -42 0 82
      vertex -47 0 73.3397
    endloop
  endfacet
  facet normal 1 -0 0
    outer loop
      vertex -47 0 73.3397
      vertex -47 3 68.6603
      vertex -47 3 73.3397
    endloop
  endfacet
  facet normal 1 0 0
    outer loop
      vertex -47 3 68.6603
      vertex -47 0 73.3397
      vertex -47 0 68.6603
    endloop
  endfacet
  facet normal 0.866027 -0 0.499998
    outer loop
      vertex -47 0 68.6603
      vertex -42 3 60
      vertex -47 3 68.6603
    endloop
  endfacet
  facet normal 0.866027 0 0.499998
    outer loop
      vertex -42 3 60
      vertex -47 0 68.6603
      vertex -42 0 60
    endloop
  endfacet
  facet normal -0.866027 0 0.499998
    outer loop
      vertex -42 0 60
      vertex -37 3 68.6603
      vertex -42 3 60
    endloop
  endfacet
  facet normal -0.866027 0 0.499998
    outer loop
      vertex -37 3 68.6603
      vertex -42 0 60
      vertex -37 0 68.6603
    endloop
  endfacet
  facet normal -1 0 0
    outer loop
      vertex -49 0 68.6603
      vertex -49 3 73.3397
      vertex -49 3 68.6603
    endloop
  endfacet
  facet normal -1 -0 0
    outer loop
      vertex -49 3 73.3397
      vertex -49 0 68.6603
      vertex -49 0 73.3397
    endloop
  endfacet
  facet normal -0.866027 0 -0.499998
    outer loop
      vertex -49 0 73.3397
      vertex -54 3 82
      vertex -49 3 73.3397
    endloop
  endfacet
  facet normal -0.866027 -0 -0.499998
    outer loop
      vertex -54 3 82
      vertex -49 0 73.3397
      vertex -54 0 82
    endloop
  endfacet
  facet normal 0.866027 0 -0.499998
    outer loop
      vertex -54 0 82
      vertex -59 3 73.3397
      vertex -54 3 82
    endloop
  endfacet
  facet normal 0.866027 0 -0.499998
    outer loop
      vertex -59 3 73.3397
      vertex -54 0 82
      vertex -59 0 73.3397
    endloop
  endfacet
  facet normal 1 -0 0
    outer loop
      vertex -59 0 73.3397
      vertex -59 3 68.6603
      vertex -59 3 73.3397
    endloop
  endfacet
  facet normal 1 0 0
    outer loop
      vertex -59 3 68.6603
      vertex -59 0 73.3397
      vertex -59 0 68.6603
    endloop
  endfacet
  facet normal 0.866027 -0 0.499998
    outer loop
      vertex -59 0 68.6603
      vertex -54 3 60
      vertex -59 3 68.6603
    endloop
  endfacet
  facet normal 0.866027 0 0.499998
    outer loop
      vertex -54 3 60
      vertex -59 0 68.6603
      vertex -54 0 60
    endloop
  endfacet
  facet normal -0.866027 0 0.499998
    outer loop
      vertex -54 0 60
      vertex -49 3 68.6603
      vertex -54 3 60
    endloop
  endfacet
  facet normal -0.866027 0 0.499998
    outer loop
      vertex -49 3 68.6603
      vertex -54 0 60
      vertex -49 0 68.6603
    endloop
  endfacet
  facet normal -1 0 0
    outer loop
      vertex 5 0 53.0526
      vertex 5 3 57.732
      vertex 5 3 53.0526
    endloop
  endfacet
  facet normal -1 -0 0
    outer loop
      vertex 5 3 57.732
      vertex 5 0 53.0526
      vertex 5 0 57.732
    endloop
  endfacet
  facet normal -0.866027 0 -0.499998
    outer loop
      vertex 5 0 57.732
      vertex 0 3 66.3923
      vertex 5 3 57.732
    endloop
  endfacet
  facet normal -0.866027 -0 -0.499998
    outer loop
      vertex 0 3 66.3923
      vertex 5 0 57.732
      vertex 0 0 66.3923
    endloop
  endfacet
  facet normal 0.866027 0 -0.499998
    outer loop
      vertex 0 0 66.3923
      vertex -5 3 57.732
      vertex 0 3 66.3923
    endloop
  endfacet
  facet normal 0.866027 0 -0.499998
    outer loop
      vertex -5 3 57.732
      vertex 0 0 66.3923
      vertex -5 0 57.732
    endloop
  endfacet
  facet normal 1 -0 0
    outer loop
      vertex -5 0 57.732
      vertex -5 3 53.0526
      vertex -5 3 57.732
    endloop
  endfacet
  facet normal 1 0 0
    outer loop
      vertex -5 3 53.0526
      vertex -5 0 57.732
      vertex -5 0 53.0526
    endloop
  endfacet
  facet normal 0.866027 -0 0.499998
    outer loop
      vertex -5 0 53.0526
      vertex 0 3 44.3923
      vertex -5 3 53.0526
    endloop
  endfacet
  facet normal 0.866027 0 0.499998
    outer loop
      vertex 0 3 44.3923
      vertex -5 0 53.0526
      vertex 0 0 44.3923
    endloop
  endfacet
  facet normal -0.866027 0 0.499998
    outer loop
      vertex 0 0 44.3923
      vertex 5 3 53.0526
      vertex 0 3 44.3923
    endloop
  endfacet
  facet normal -0.866027 0 0.499998
    outer loop
      vertex 5 3 53.0526
      vertex 0 0 44.3923
      vertex 5 0 53.0526
    endloop
  endfacet
  facet normal -1 0 0
    outer loop
      vertex -43 0 53.0526
      vertex -43 3 57.732
      vertex -43 3 53.0526
    endloop
  endfacet
  facet normal -1 -0 0
    outer loop
      vertex -43 3 57.732
      vertex -43 0 53.0526
      vertex -43 0 57.732
    endloop
  endfacet
  facet normal -0.866027 0 -0.499998
    outer loop
      vertex -43 0 57.732
      vertex -48 3 66.3923
      vertex -43 3 57.732
    endloop
  endfacet
  facet normal -0.866027 -0 -0.499998
    outer loop
      vertex -48 3 66.3923
      vertex -43 0 57.732
      vertex -48 0 66.3923
    endloop
  endfacet
  facet normal 0.866027 0 -0.499998
    outer loop
      vertex -48 0 66.3923
      vertex -53 3 57.732
      vertex -48 3 66.3923
    endloop
  endfacet
  facet normal 0.866027 0 -0.499998
    outer loop
      vertex -53 3 57.732
      vertex -48 0 66.3923
      vertex -53 0 57.732
    endloop
  endfacet
  facet normal 1 -0 0
    outer loop
      vertex -53 0 57.732
      vertex -53 3 53.0526
      vertex -53 3 57.732
    endloop
  endfacet
  facet normal 1 0 0
    outer loop
      vertex -53 3 53.0526
      vertex -53 0 57.732
      vertex -53 0 53.0526
    endloop
  endfacet
  facet normal 0.866027 -0 0.499998
    outer loop
      vertex -53 0 53.0526
      vertex -48 3 44.3923
      vertex -53 3 53.0526
    endloop
  endfacet
  facet normal 0.866027 0 0.499998
    outer loop
      vertex -48 3 44.3923
      vertex -53 0 53.0526
      vertex -48 0 44.3923
    endloop
  endfacet
  facet normal -0.866027 0 0.499998
    outer loop
      vertex -48 0 44.3923
      vertex -43 3 53.0526
      vertex -48 3 44.3923
    endloop
  endfacet
  facet normal -0.866027 0 0.499998
    outer loop
      vertex -43 3 53.0526
      vertex -48 0 44.3923
      vertex -43 0 53.0526
    endloop
  endfacet
  facet normal -1 0 0
    outer loop
      vertex -31 0 53.0526
      vertex -31 3 57.732
      vertex -31 3 53.0526
    endloop
  endfacet
  facet normal -1 -0 0
    outer loop
      vertex -31 3 57.732
      vertex -31 0 53.0526
      vertex -31 0 57.732
    endloop
  endfacet
  facet normal -0.866027 0 -0.499998
    outer loop
      vertex -31 0 57.732
      vertex -36 3 66.3923
      vertex -31 3 57.732
    endloop
  endfacet
  facet normal -0.866027 -0 -0.499998
    outer loop
      vertex -36 3 66.3923
      vertex -31 0 57.732
      vertex -36 0 66.3923
    endloop
  endfacet
  facet normal 0.866027 0 -0.499998
    outer loop
      vertex -36 0 66.3923
      vertex -41 3 57.732
      vertex -36 3 66.3923
    endloop
  endfacet
  facet normal 0.866027 0 -0.499998
    outer loop
      vertex -41 3 57.732
      vertex -36 0 66.3923
      vertex -41 0 57.732
    endloop
  endfacet
  facet normal 1 -0 0
    outer loop
      vertex -41 0 57.732
      vertex -41 3 53.0526
      vertex -41 3 57.732
    endloop
  endfacet
  facet normal 1 0 0
    outer loop
      vertex -41 3 53.0526
      vertex -41 0 57.732
      vertex -41 0 53.0526
    endloop
  endfacet
  facet normal 0.866027 -0 0.499998
    outer loop
      vertex -41 0 53.0526
      vertex -36 3 44.3923
      vertex -41 3 53.0526
    endloop
  endfacet
  facet normal 0.866027 0 0.499998
    outer loop
      vertex -36 3 44.3923
      vertex -41 0 53.0526
      vertex -36 0 44.3923
    endloop
  endfacet
  facet normal -0.866027 0 0.499998
    outer loop
      vertex -36 0 44.3923
      vertex -31 3 53.0526
      vertex -36 3 44.3923
    endloop
  endfacet
  facet normal -0.866027 0 0.499998
    outer loop
      vertex -31 3 53.0526
      vertex -36 0 44.3923
      vertex -31 0 53.0526
    endloop
  endfacet
  facet normal -1 0 0
    outer loop
      vertex -19 0 53.0526
      vertex -19 3 57.732
      vertex -19 3 53.0526
    endloop
  endfacet
  facet normal -1 -0 0
    outer loop
      vertex -19 3 57.732
      vertex -19 0 53.0526
      vertex -19 0 57.732
    endloop
  endfacet
  facet normal -0.866027 0 -0.499998
    outer loop
      vertex -19 0 57.732
      vertex -24 3 66.3923
      vertex -19 3 57.732
    endloop
  endfacet
  facet normal -0.866027 -0 -0.499998
    outer loop
      vertex -24 3 66.3923
      vertex -19 0 57.732
      vertex -24 0 66.3923
    endloop
  endfacet
  facet normal 0.866027 0 -0.499998
    outer loop
      vertex -24 0 66.3923
      vertex -29 3 57.732
      vertex -24 3 66.3923
    endloop
  endfacet
  facet normal 0.866027 0 -0.499998
    outer loop
      vertex -29 3 57.732
      vertex -24 0 66.3923
      vertex -29 0 57.732
    endloop
  endfacet
  facet normal 1 -0 0
    outer loop
      vertex -29 0 57.732
      vertex -29 3 53.0526
      vertex -29 3 57.732
    endloop
  endfacet
  facet normal 1 0 0
    outer loop
      vertex -29 3 53.0526
      vertex -29 0 57.732
      vertex -29 0 53.0526
    endloop
  endfacet
  facet normal 0.866027 -0 0.499998
    outer loop
      vertex -29 0 53.0526
      vertex -24 3 44.3923
      vertex -29 3 53.0526
    endloop
  endfacet
  facet normal 0.866027 0 0.499998
    outer loop
      vertex -24 3 44.3923
      vertex -29 0 53.0526
      vertex -24 0 44.3923
    endloop
  endfacet
  facet normal -0.866027 0 0.499998
    outer loop
      vertex -24 0 44.3923
      vertex -19 3 53.0526
      vertex -24 3 44.3923
    endloop
  endfacet
  facet normal -0.866027 0 0.499998
    outer loop
      vertex -19 3 53.0526
      vertex -24 0 44.3923
      vertex -19 0 53.0526
    endloop
  endfacet
  facet normal -1 0 0
    outer loop
      vertex -7 0 53.0526
      vertex -7 3 57.732
      vertex -7 3 53.0526
    endloop
  endfacet
  facet normal -1 -0 0
    outer loop
      vertex -7 3 57.732
      vertex -7 0 53.0526
      vertex -7 0 57.732
    endloop
  endfacet
  facet normal -0.866027 0 -0.499998
    outer loop
      vertex -7 0 57.732
      vertex -12 3 66.3923
      vertex -7 3 57.732
    endloop
  endfacet
  facet normal -0.866027 -0 -0.499998
    outer loop
      vertex -12 3 66.3923
      vertex -7 0 57.732
      vertex -12 0 66.3923
    endloop
  endfacet
  facet normal 0.866027 0 -0.499998
    outer loop
      vertex -12 0 66.3923
      vertex -17 3 57.732
      vertex -12 3 66.3923
    endloop
  endfacet
  facet normal 0.866027 0 -0.499998
    outer loop
      vertex -17 3 57.732
      vertex -12 0 66.3923
      vertex -17 0 57.732
    endloop
  endfacet
  facet normal 1 -0 0
    outer loop
      vertex -17 0 57.732
      vertex -17 3 53.0526
      vertex -17 3 57.732
    endloop
  endfacet
  facet normal 1 0 0
    outer loop
      vertex -17 3 53.0526
      vertex -17 0 57.732
      vertex -17 0 53.0526
    endloop
  endfacet
  facet normal 0.866027 -0 0.499998
    outer loop
      vertex -17 0 53.0526
      vertex -12 3 44.3923
      vertex -17 3 53.0526
    endloop
  endfacet
  facet normal 0.866027 0 0.499998
    outer loop
      vertex -12 3 44.3923
      vertex -17 0 53.0526
      vertex -12 0 44.3923
    endloop
  endfacet
  facet normal -0.866027 0 0.499998
    outer loop
      vertex -12 0 44.3923
      vertex -7 3 53.0526
      vertex -12 3 44.3923
    endloop
  endfacet
  facet normal -0.866027 0 0.499998
    outer loop
      vertex -7 3 53.0526
      vertex -12 0 44.3923
      vertex -7 0 53.0526
    endloop
  endfacet
  facet normal -1 0 0
    outer loop
      vertex 17 0 53.0526
      vertex 17 3 57.732
      vertex 17 3 53.0526
    endloop
  endfacet
  facet normal -1 -0 0
    outer loop
      vertex 17 3 57.732
      vertex 17 0 53.0526
      vertex 17 0 57.732
    endloop
  endfacet
  facet normal -0.866027 0 -0.499998
    outer loop
      vertex 17 0 57.732
      vertex 12 3 66.3923
      vertex 17 3 57.732
    endloop
  endfacet
  facet normal -0.866027 -0 -0.499998
    outer loop
      vertex 12 3 66.3923
      vertex 17 0 57.732
      vertex 12 0 66.3923
    endloop
  endfacet
  facet normal 0.866027 0 -0.499998
    outer loop
      vertex 12 0 66.3923
      vertex 7 3 57.732
      vertex 12 3 66.3923
    endloop
  endfacet
  facet normal 0.866027 0 -0.499998
    outer loop
      vertex 7 3 57.732
      vertex 12 0 66.3923
      vertex 7 0 57.732
    endloop
  endfacet
  facet normal 1 -0 0
    outer loop
      vertex 7 0 57.732
      vertex 7 3 53.0526
      vertex 7 3 57.732
    endloop
  endfacet
  facet normal 1 0 0
    outer loop
      vertex 7 3 53.0526
      vertex 7 0 57.732
      vertex 7 0 53.0526
    endloop
  endfacet
  facet normal 0.866027 -0 0.499998
    outer loop
      vertex 7 0 53.0526
      vertex 12 3 44.3923
      vertex 7 3 53.0526
    endloop
  endfacet
  facet normal 0.866027 0 0.499998
    outer loop
      vertex 12 3 44.3923
      vertex 7 0 53.0526
      vertex 12 0 44.3923
    endloop
  endfacet
  facet normal -0.866027 0 0.499998
    outer loop
      vertex 12 0 44.3923
      vertex 17 3 53.0526
      vertex 12 3 44.3923
    endloop
  endfacet
  facet normal -0.866027 0 0.499998
    outer loop
      vertex 17 3 53.0526
      vertex 12 0 44.3923
      vertex 17 0 53.0526
    endloop
  endfacet
  facet normal -1 0 0
    outer loop
      vertex 29 0 53.0526
      vertex 29 3 57.732
      vertex 29 3 53.0526
    endloop
  endfacet
  facet normal -1 -0 0
    outer loop
      vertex 29 3 57.732
      vertex 29 0 53.0526
      vertex 29 0 57.732
    endloop
  endfacet
  facet normal -0.866027 0 -0.499998
    outer loop
      vertex 29 0 57.732
      vertex 24 3 66.3923
      vertex 29 3 57.732
    endloop
  endfacet
  facet normal -0.866027 -0 -0.499998
    outer loop
      vertex 24 3 66.3923
      vertex 29 0 57.732
      vertex 24 0 66.3923
    endloop
  endfacet
  facet normal 0.866027 0 -0.499998
    outer loop
      vertex 24 0 66.3923
      vertex 19 3 57.732
      vertex 24 3 66.3923
    endloop
  endfacet
  facet normal 0.866027 0 -0.499998
    outer loop
      vertex 19 3 57.732
      vertex 24 0 66.3923
      vertex 19 0 57.732
    endloop
  endfacet
  facet normal 1 -0 0
    outer loop
      vertex 19 0 57.732
      vertex 19 3 53.0526
      vertex 19 3 57.732
    endloop
  endfacet
  facet normal 1 0 0
    outer loop
      vertex 19 3 53.0526
      vertex 19 0 57.732
      vertex 19 0 53.0526
    endloop
  endfacet
  facet normal 0.866027 -0 0.499998
    outer loop
      vertex 19 0 53.0526
      vertex 24 3 44.3923
      vertex 19 3 53.0526
    endloop
  endfacet
  facet normal 0.866027 0 0.499998
    outer loop
      vertex 24 3 44.3923
      vertex 19 0 53.0526
      vertex 24 0 44.3923
    endloop
  endfacet
  facet normal -0.866027 0 0.499998
    outer loop
      vertex 24 0 44.3923
      vertex 29 3 53.0526
      vertex 24 3 44.3923
    endloop
  endfacet
  facet normal -0.866027 0 0.499998
    outer loop
      vertex 29 3 53.0526
      vertex 24 0 44.3923
      vertex 29 0 53.0526
    endloop
  endfacet
  facet normal -1 0 0
    outer loop
      vertex 41 0 53.0526
      vertex 41 3 57.732
      vertex 41 3 53.0526
    endloop
  endfacet
  facet normal -1 -0 0
    outer loop
      vertex 41 3 57.732
      vertex 41 0 53.0526
      vertex 41 0 57.732
    endloop
  endfacet
  facet normal -0.866027 0 -0.499998
    outer loop
      vertex 41 0 57.732
      vertex 36 3 66.3923
      vertex 41 3 57.732
    endloop
  endfacet
  facet normal -0.866027 -0 -0.499998
    outer loop
      vertex 36 3 66.3923
      vertex 41 0 57.732
      vertex 36 0 66.3923
    endloop
  endfacet
  facet normal 0.866027 0 -0.499998
    outer loop
      vertex 36 0 66.3923
      vertex 31 3 57.732
      vertex 36 3 66.3923
    endloop
  endfacet
  facet normal 0.866027 0 -0.499998
    outer loop
      vertex 31 3 57.732
      vertex 36 0 66.3923
      vertex 31 0 57.732
    endloop
  endfacet
  facet normal 1 -0 0
    outer loop
      vertex 31 0 57.732
      vertex 31 3 53.0526
      vertex 31 3 57.732
    endloop
  endfacet
  facet normal 1 0 0
    outer loop
      vertex 31 3 53.0526
      vertex 31 0 57.732
      vertex 31 0 53.0526
    endloop
  endfacet
  facet normal 0.866027 -0 0.499998
    outer loop
      vertex 31 0 53.0526
      vertex 36 3 44.3923
      vertex 31 3 53.0526
    endloop
  endfacet
  facet normal 0.866027 0 0.499998
    outer loop
      vertex 36 3 44.3923
      vertex 31 0 53.0526
      vertex 36 0 44.3923
    endloop
  endfacet
  facet normal -0.866027 0 0.499998
    outer loop
      vertex 36 0 44.3923
      vertex 41 3 53.0526
      vertex 36 3 44.3923
    endloop
  endfacet
  facet normal -0.866027 0 0.499998
    outer loop
      vertex 41 3 53.0526
      vertex 36 0 44.3923
      vertex 41 0 53.0526
    endloop
  endfacet
  facet normal -1 0 0
    outer loop
      vertex 53 0 53.0526
      vertex 53 3 57.732
      vertex 53 3 53.0526
    endloop
  endfacet
  facet normal -1 -0 0
    outer loop
      vertex 53 3 57.732
      vertex 53 0 53.0526
      vertex 53 0 57.732
    endloop
  endfacet
  facet normal -0.866027 0 -0.499998
    outer loop
      vertex 53 0 57.732
      vertex 48 3 66.3923
      vertex 53 3 57.732
    endloop
  endfacet
  facet normal -0.866027 -0 -0.499998
    outer loop
      vertex 48 3 66.3923
      vertex 53 0 57.732
      vertex 48 0 66.3923
    endloop
  endfacet
  facet normal 0.866027 0 -0.499998
    outer loop
      vertex 48 0 66.3923
      vertex 43 3 57.732
      vertex 48 3 66.3923
    endloop
  endfacet
  facet normal 0.866027 0 -0.499998
    outer loop
      vertex 43 3 57.732
      vertex 48 0 66.3923
      vertex 43 0 57.732
    endloop
  endfacet
  facet normal 1 -0 0
    outer loop
      vertex 43 0 57.732
      vertex 43 3 53.0526
      vertex 43 3 57.732
    endloop
  endfacet
  facet normal 1 0 0
    outer loop
      vertex 43 3 53.0526
      vertex 43 0 57.732
      vertex 43 0 53.0526
    endloop
  endfacet
  facet normal 0.866027 -0 0.499998
    outer loop
      vertex 43 0 53.0526
      vertex 48 3 44.3923
      vertex 43 3 53.0526
    endloop
  endfacet
  facet normal 0.866027 0 0.499998
    outer loop
      vertex 48 3 44.3923
      vertex 43 0 53.0526
      vertex 48 0 44.3923
    endloop
  endfacet
  facet normal -0.866027 0 0.499998
    outer loop
      vertex 48 0 44.3923
      vertex 53 3 53.0526
      vertex 48 3 44.3923
    endloop
  endfacet
  facet normal -0.866027 0 0.499998
    outer loop
      vertex 53 3 53.0526
      vertex 48 0 44.3923
      vertex 53 0 53.0526
    endloop
  endfacet
  facet normal -1 0 0
    outer loop
      vertex 47 0 37.4449
      vertex 47 3 42.1243
      vertex 47 3 37.4449
    endloop
  endfacet
  facet normal -1 -0 0
    outer loop
      vertex 47 3 42.1243
      vertex 47 0 37.4449
      vertex 47 0 42.1243
    endloop
  endfacet
  facet normal -0.866027 0 -0.499998
    outer loop
      vertex 47 0 42.1243
      vertex 42 3 50.7846
      vertex 47 3 42.1243
    endloop
  endfacet
  facet normal -0.866027 -0 -0.499998
    outer loop
      vertex 42 3 50.7846
      vertex 47 0 42.1243
      vertex 42 0 50.7846
    endloop
  endfacet
  facet normal 0.866027 0 -0.499998
    outer loop
      vertex 42 0 50.7846
      vertex 37 3 42.1243
      vertex 42 3 50.7846
    endloop
  endfacet
  facet normal 0.866027 0 -0.499998
    outer loop
      vertex 37 3 42.1243
      vertex 42 0 50.7846
      vertex 37 0 42.1243
    endloop
  endfacet
  facet normal 1 -0 0
    outer loop
      vertex 37 0 42.1243
      vertex 37 3 37.4449
      vertex 37 3 42.1243
    endloop
  endfacet
  facet normal 1 0 0
    outer loop
      vertex 37 3 37.4449
      vertex 37 0 42.1243
      vertex 37 0 37.4449
    endloop
  endfacet
  facet normal 0.866027 -0 0.499998
    outer loop
      vertex 37 0 37.4449
      vertex 42 3 28.7846
      vertex 37 3 37.4449
    endloop
  endfacet
  facet normal 0.866027 0 0.499998
    outer loop
      vertex 42 3 28.7846
      vertex 37 0 37.4449
      vertex 42 0 28.7846
    endloop
  endfacet
  facet normal -0.866027 0 0.499998
    outer loop
      vertex 42 0 28.7846
      vertex 47 3 37.4449
      vertex 42 3 28.7846
    endloop
  endfacet
  facet normal -0.866027 0 0.499998
    outer loop
      vertex 47 3 37.4449
      vertex 42 0 28.7846
      vertex 47 0 37.4449
    endloop
  endfacet
  facet normal -1 0 0
    outer loop
      vertex -49 0 37.4449
      vertex -49 3 42.1243
      vertex -49 3 37.4449
    endloop
  endfacet
  facet normal -1 -0 0
    outer loop
      vertex -49 3 42.1243
      vertex -49 0 37.4449
      vertex -49 0 42.1243
    endloop
  endfacet
  facet normal -0.866027 0 -0.499998
    outer loop
      vertex -49 0 42.1243
      vertex -54 3 50.7846
      vertex -49 3 42.1243
    endloop
  endfacet
  facet normal -0.866027 -0 -0.499998
    outer loop
      vertex -54 3 50.7846
      vertex -49 0 42.1243
      vertex -54 0 50.7846
    endloop
  endfacet
  facet normal 0.866027 0 -0.499998
    outer loop
      vertex -54 0 50.7846
      vertex -59 3 42.1243
      vertex -54 3 50.7846
    endloop
  endfacet
  facet normal 0.866027 0 -0.499998
    outer loop
      vertex -59 3 42.1243
      vertex -54 0 50.7846
      vertex -59 0 42.1243
    endloop
  endfacet
  facet normal 1 -0 0
    outer loop
      vertex -59 0 42.1243
      vertex -59 3 37.4449
      vertex -59 3 42.1243
    endloop
  endfacet
  facet normal 1 0 0
    outer loop
      vertex -59 3 37.4449
      vertex -59 0 42.1243
      vertex -59 0 37.4449
    endloop
  endfacet
  facet normal 0.866027 -0 0.499998
    outer loop
      vertex -59 0 37.4449
      vertex -54 3 28.7846
      vertex -59 3 37.4449
    endloop
  endfacet
  facet normal 0.866027 0 0.499998
    outer loop
      vertex -54 3 28.7846
      vertex -59 0 37.4449
      vertex -54 0 28.7846
    endloop
  endfacet
  facet normal -0.866027 0 0.499998
    outer loop
      vertex -54 0 28.7846
      vertex -49 3 37.4449
      vertex -54 3 28.7846
    endloop
  endfacet
  facet normal -0.866027 0 0.499998
    outer loop
      vertex -49 3 37.4449
      vertex -54 0 28.7846
      vertex -49 0 37.4449
    endloop
  endfacet
  facet normal -1 0 0
    outer loop
      vertex -37 0 37.4449
      vertex -37 3 42.1243
      vertex -37 3 37.4449
    endloop
  endfacet
  facet normal -1 -0 0
    outer loop
      vertex -37 3 42.1243
      vertex -37 0 37.4449
      vertex -37 0 42.1243
    endloop
  endfacet
  facet normal -0.866027 0 -0.499998
    outer loop
      vertex -37 0 42.1243
      vertex -42 3 50.7846
      vertex -37 3 42.1243
    endloop
  endfacet
  facet normal -0.866027 -0 -0.499998
    outer loop
      vertex -42 3 50.7846
      vertex -37 0 42.1243
      vertex -42 0 50.7846
    endloop
  endfacet
  facet normal 0.866027 0 -0.499998
    outer loop
      vertex -42 0 50.7846
      vertex -47 3 42.1243
      vertex -42 3 50.7846
    endloop
  endfacet
  facet normal 0.866027 0 -0.499998
    outer loop
      vertex -47 3 42.1243
      vertex -42 0 50.7846
      vertex -47 0 42.1243
    endloop
  endfacet
  facet normal 1 -0 0
    outer loop
      vertex -47 0 42.1243
      vertex -47 3 37.4449
      vertex -47 3 42.1243
    endloop
  endfacet
  facet normal 1 0 0
    outer loop
      vertex -47 3 37.4449
      vertex -47 0 42.1243
      vertex -47 0 37.4449
    endloop
  endfacet
  facet normal 0.866027 -0 0.499998
    outer loop
      vertex -47 0 37.4449
      vertex -42 3 28.7846
      vertex -47 3 37.4449
    endloop
  endfacet
  facet normal 0.866027 0 0.499998
    outer loop
      vertex -42 3 28.7846
      vertex -47 0 37.4449
      vertex -42 0 28.7846
    endloop
  endfacet
  facet normal -0.866027 0 0.499998
    outer loop
      vertex -42 0 28.7846
      vertex -37 3 37.4449
      vertex -42 3 28.7846
    endloop
  endfacet
  facet normal -0.866027 0 0.499998
    outer loop
      vertex -37 3 37.4449
      vertex -42 0 28.7846
      vertex -37 0 37.4449
    endloop
  endfacet
  facet normal -1 0 0
    outer loop
      vertex -25 0 37.4449
      vertex -25 3 42.1243
      vertex -25 3 37.4449
    endloop
  endfacet
  facet normal -1 -0 0
    outer loop
      vertex -25 3 42.1243
      vertex -25 0 37.4449
      vertex -25 0 42.1243
    endloop
  endfacet
  facet normal -0.866027 0 -0.499998
    outer loop
      vertex -25 0 42.1243
      vertex -30 3 50.7846
      vertex -25 3 42.1243
    endloop
  endfacet
  facet normal -0.866027 -0 -0.499998
    outer loop
      vertex -30 3 50.7846
      vertex -25 0 42.1243
      vertex -30 0 50.7846
    endloop
  endfacet
  facet normal 0.866027 0 -0.499998
    outer loop
      vertex -30 0 50.7846
      vertex -35 3 42.1243
      vertex -30 3 50.7846
    endloop
  endfacet
  facet normal 0.866027 0 -0.499998
    outer loop
      vertex -35 3 42.1243
      vertex -30 0 50.7846
      vertex -35 0 42.1243
    endloop
  endfacet
  facet normal 1 -0 0
    outer loop
      vertex -35 0 42.1243
      vertex -35 3 37.4449
      vertex -35 3 42.1243
    endloop
  endfacet
  facet normal 1 0 0
    outer loop
      vertex -35 3 37.4449
      vertex -35 0 42.1243
      vertex -35 0 37.4449
    endloop
  endfacet
  facet normal 0.866027 -0 0.499998
    outer loop
      vertex -35 0 37.4449
      vertex -30 3 28.7846
      vertex -35 3 37.4449
    endloop
  endfacet
  facet normal 0.866027 0 0.499998
    outer loop
      vertex -30 3 28.7846
      vertex -35 0 37.4449
      vertex -30 0 28.7846
    endloop
  endfacet
  facet normal -0.866027 0 0.499998
    outer loop
      vertex -30 0 28.7846
      vertex -25 3 37.4449
      vertex -30 3 28.7846
    endloop
  endfacet
  facet normal -0.866027 0 0.499998
    outer loop
      vertex -25 3 37.4449
      vertex -30 0 28.7846
      vertex -25 0 37.4449
    endloop
  endfacet
  facet normal -1 0 0
    outer loop
      vertex -13 0 37.4449
      vertex -13 3 42.1243
      vertex -13 3 37.4449
    endloop
  endfacet
  facet normal -1 -0 0
    outer loop
      vertex -13 3 42.1243
      vertex -13 0 37.4449
      vertex -13 0 42.1243
    endloop
  endfacet
  facet normal -0.866027 0 -0.499998
    outer loop
      vertex -13 0 42.1243
      vertex -18 3 50.7846
      vertex -13 3 42.1243
    endloop
  endfacet
  facet normal -0.866027 -0 -0.499998
    outer loop
      vertex -18 3 50.7846
      vertex -13 0 42.1243
      vertex -18 0 50.7846
    endloop
  endfacet
  facet normal 0.866027 0 -0.499998
    outer loop
      vertex -18 0 50.7846
      vertex -23 3 42.1243
      vertex -18 3 50.7846
    endloop
  endfacet
  facet normal 0.866027 0 -0.499998
    outer loop
      vertex -23 3 42.1243
      vertex -18 0 50.7846
      vertex -23 0 42.1243
    endloop
  endfacet
  facet normal 1 -0 0
    outer loop
      vertex -23 0 42.1243
      vertex -23 3 37.4449
      vertex -23 3 42.1243
    endloop
  endfacet
  facet normal 1 0 0
    outer loop
      vertex -23 3 37.4449
      vertex -23 0 42.1243
      vertex -23 0 37.4449
    endloop
  endfacet
  facet normal 0.866027 -0 0.499998
    outer loop
      vertex -23 0 37.4449
      vertex -18 3 28.7846
      vertex -23 3 37.4449
    endloop
  endfacet
  facet normal 0.866027 0 0.499998
    outer loop
      vertex -18 3 28.7846
      vertex -23 0 37.4449
      vertex -18 0 28.7846
    endloop
  endfacet
  facet normal -0.866027 0 0.499998
    outer loop
      vertex -18 0 28.7846
      vertex -13 3 37.4449
      vertex -18 3 28.7846
    endloop
  endfacet
  facet normal -0.866027 0 0.499998
    outer loop
      vertex -13 3 37.4449
      vertex -18 0 28.7846
      vertex -13 0 37.4449
    endloop
  endfacet
  facet normal -1 0 0
    outer loop
      vertex -1 0 37.4449
      vertex -1 3 42.1243
      vertex -1 3 37.4449
    endloop
  endfacet
  facet normal -1 -0 0
    outer loop
      vertex -1 3 42.1243
      vertex -1 0 37.4449
      vertex -1 0 42.1243
    endloop
  endfacet
  facet normal -0.866027 0 -0.499998
    outer loop
      vertex -1 0 42.1243
      vertex -6 3 50.7846
      vertex -1 3 42.1243
    endloop
  endfacet
  facet normal -0.866027 -0 -0.499998
    outer loop
      vertex -6 3 50.7846
      vertex -1 0 42.1243
      vertex -6 0 50.7846
    endloop
  endfacet
  facet normal 0.866027 0 -0.499998
    outer loop
      vertex -6 0 50.7846
      vertex -11 3 42.1243
      vertex -6 3 50.7846
    endloop
  endfacet
  facet normal 0.866027 0 -0.499998
    outer loop
      vertex -11 3 42.1243
      vertex -6 0 50.7846
      vertex -11 0 42.1243
    endloop
  endfacet
  facet normal 1 -0 0
    outer loop
      vertex -11 0 42.1243
      vertex -11 3 37.4449
      vertex -11 3 42.1243
    endloop
  endfacet
  facet normal 1 0 0
    outer loop
      vertex -11 3 37.4449
      vertex -11 0 42.1243
      vertex -11 0 37.4449
    endloop
  endfacet
  facet normal 0.866027 -0 0.499998
    outer loop
      vertex -11 0 37.4449
      vertex -6 3 28.7846
      vertex -11 3 37.4449
    endloop
  endfacet
  facet normal 0.866027 0 0.499998
    outer loop
      vertex -6 3 28.7846
      vertex -11 0 37.4449
      vertex -6 0 28.7846
    endloop
  endfacet
  facet normal -0.866027 0 0.499998
    outer loop
      vertex -6 0 28.7846
      vertex -1 3 37.4449
      vertex -6 3 28.7846
    endloop
  endfacet
  facet normal -0.866027 0 0.499998
    outer loop
      vertex -1 3 37.4449
      vertex -6 0 28.7846
      vertex -1 0 37.4449
    endloop
  endfacet
  facet normal -1 0 0
    outer loop
      vertex 11 0 37.4449
      vertex 11 3 42.1243
      vertex 11 3 37.4449
    endloop
  endfacet
  facet normal -1 -0 0
    outer loop
      vertex 11 3 42.1243
      vertex 11 0 37.4449
      vertex 11 0 42.1243
    endloop
  endfacet
  facet normal -0.866027 0 -0.499998
    outer loop
      vertex 11 0 42.1243
      vertex 6 3 50.7846
      vertex 11 3 42.1243
    endloop
  endfacet
  facet normal -0.866027 -0 -0.499998
    outer loop
      vertex 6 3 50.7846
      vertex 11 0 42.1243
      vertex 6 0 50.7846
    endloop
  endfacet
  facet normal 0.866027 0 -0.499998
    outer loop
      vertex 6 0 50.7846
      vertex 1 3 42.1243
      vertex 6 3 50.7846
    endloop
  endfacet
  facet normal 0.866027 0 -0.499998
    outer loop
      vertex 1 3 42.1243
      vertex 6 0 50.7846
      vertex 1 0 42.1243
    endloop
  endfacet
  facet normal 1 -0 0
    outer loop
      vertex 1 0 42.1243
      vertex 1 3 37.4449
      vertex 1 3 42.1243
    endloop
  endfacet
  facet normal 1 0 0
    outer loop
      vertex 1 3 37.4449
      vertex 1 0 42.1243
      vertex 1 0 37.4449
    endloop
  endfacet
  facet normal 0.866027 -0 0.499998
    outer loop
      vertex 1 0 37.4449
      vertex 6 3 28.7846
      vertex 1 3 37.4449
    endloop
  endfacet
  facet normal 0.866027 0 0.499998
    outer loop
      vertex 6 3 28.7846
      vertex 1 0 37.4449
      vertex 6 0 28.7846
    endloop
  endfacet
  facet normal -0.866027 0 0.499998
    outer loop
      vertex 6 0 28.7846
      vertex 11 3 37.4449
      vertex 6 3 28.7846
    endloop
  endfacet
  facet normal -0.866027 0 0.499998
    outer loop
      vertex 11 3 37.4449
      vertex 6 0 28.7846
      vertex 11 0 37.4449
    endloop
  endfacet
  facet normal -1 0 0
    outer loop
      vertex 23 0 37.4449
      vertex 23 3 42.1243
      vertex 23 3 37.4449
    endloop
  endfacet
  facet normal -1 -0 0
    outer loop
      vertex 23 3 42.1243
      vertex 23 0 37.4449
      vertex 23 0 42.1243
    endloop
  endfacet
  facet normal -0.866027 0 -0.499998
    outer loop
      vertex 23 0 42.1243
      vertex 18 3 50.7846
      vertex 23 3 42.1243
    endloop
  endfacet
  facet normal -0.866027 -0 -0.499998
    outer loop
      vertex 18 3 50.7846
      vertex 23 0 42.1243
      vertex 18 0 50.7846
    endloop
  endfacet
  facet normal 0.866027 0 -0.499998
    outer loop
      vertex 18 0 50.7846
      vertex 13 3 42.1243
      vertex 18 3 50.7846
    endloop
  endfacet
  facet normal 0.866027 0 -0.499998
    outer loop
      vertex 13 3 42.1243
      vertex 18 0 50.7846
      vertex 13 0 42.1243
    endloop
  endfacet
  facet normal 1 -0 0
    outer loop
      vertex 13 0 42.1243
      vertex 13 3 37.4449
      vertex 13 3 42.1243
    endloop
  endfacet
  facet normal 1 0 0
    outer loop
      vertex 13 3 37.4449
      vertex 13 0 42.1243
      vertex 13 0 37.4449
    endloop
  endfacet
  facet normal 0.866027 -0 0.499998
    outer loop
      vertex 13 0 37.4449
      vertex 18 3 28.7846
      vertex 13 3 37.4449
    endloop
  endfacet
  facet normal 0.866027 0 0.499998
    outer loop
      vertex 18 3 28.7846
      vertex 13 0 37.4449
      vertex 18 0 28.7846
    endloop
  endfacet
  facet normal -0.866027 0 0.499998
    outer loop
      vertex 18 0 28.7846
      vertex 23 3 37.4449
      vertex 18 3 28.7846
    endloop
  endfacet
  facet normal -0.866027 0 0.499998
    outer loop
      vertex 23 3 37.4449
      vertex 18 0 28.7846
      vertex 23 0 37.4449
    endloop
  endfacet
  facet normal -1 0 0
    outer loop
      vertex 35 0 37.4449
      vertex 35 3 42.1243
      vertex 35 3 37.4449
    endloop
  endfacet
  facet normal -1 -0 0
    outer loop
      vertex 35 3 42.1243
      vertex 35 0 37.4449
      vertex 35 0 42.1243
    endloop
  endfacet
  facet normal -0.866027 0 -0.499998
    outer loop
      vertex 35 0 42.1243
      vertex 30 3 50.7846
      vertex 35 3 42.1243
    endloop
  endfacet
  facet normal -0.866027 -0 -0.499998
    outer loop
      vertex 30 3 50.7846
      vertex 35 0 42.1243
      vertex 30 0 50.7846
    endloop
  endfacet
  facet normal 0.866027 0 -0.499998
    outer loop
      vertex 30 0 50.7846
      vertex 25 3 42.1243
      vertex 30 3 50.7846
    endloop
  endfacet
  facet normal 0.866027 0 -0.499998
    outer loop
      vertex 25 3 42.1243
      vertex 30 0 50.7846
      vertex 25 0 42.1243
    endloop
  endfacet
  facet normal 1 -0 0
    outer loop
      vertex 25 0 42.1243
      vertex 25 3 37.4449
      vertex 25 3 42.1243
    endloop
  endfacet
  facet normal 1 0 0
    outer loop
      vertex 25 3 37.4449
      vertex 25 0 42.1243
      vertex 25 0 37.4449
    endloop
  endfacet
  facet normal 0.866027 -0 0.499998
    outer loop
      vertex 25 0 37.4449
      vertex 30 3 28.7846
      vertex 25 3 37.4449
    endloop
  endfacet
  facet normal 0.866027 0 0.499998
    outer loop
      vertex 30 3 28.7846
      vertex 25 0 37.4449
      vertex 30 0 28.7846
    endloop
  endfacet
  facet normal -0.866027 0 0.499998
    outer loop
      vertex 30 0 28.7846
      vertex 35 3 37.4449
      vertex 30 3 28.7846
    endloop
  endfacet
  facet normal -0.866027 0 0.499998
    outer loop
      vertex 35 3 37.4449
      vertex 30 0 28.7846
      vertex 35 0 37.4449
    endloop
  endfacet
  facet normal -1 0 0
    outer loop
      vertex 59 0 37.4449
      vertex 59 3 42.1243
      vertex 59 3 37.4449
    endloop
  endfacet
  facet normal -1 -0 0
    outer loop
      vertex 59 3 42.1243
      vertex 59 0 37.4449
      vertex 59 0 42.1243
    endloop
  endfacet
  facet normal -0.866027 0 -0.499998
    outer loop
      vertex 59 0 42.1243
      vertex 54 3 50.7846
      vertex 59 3 42.1243
    endloop
  endfacet
  facet normal -0.866027 -0 -0.499998
    outer loop
      vertex 54 3 50.7846
      vertex 59 0 42.1243
      vertex 54 0 50.7846
    endloop
  endfacet
  facet normal 0.866027 0 -0.499998
    outer loop
      vertex 54 0 50.7846
      vertex 49 3 42.1243
      vertex 54 3 50.7846
    endloop
  endfacet
  facet normal 0.866027 0 -0.499998
    outer loop
      vertex 49 3 42.1243
      vertex 54 0 50.7846
      vertex 49 0 42.1243
    endloop
  endfacet
  facet normal 1 -0 0
    outer loop
      vertex 49 0 42.1243
      vertex 49 3 37.4449
      vertex 49 3 42.1243
    endloop
  endfacet
  facet normal 1 0 0
    outer loop
      vertex 49 3 37.4449
      vertex 49 0 42.1243
      vertex 49 0 37.4449
    endloop
  endfacet
  facet normal 0.866027 -0 0.499998
    outer loop
      vertex 49 0 37.4449
      vertex 54 3 28.7846
      vertex 49 3 37.4449
    endloop
  endfacet
  facet normal 0.866027 0 0.499998
    outer loop
      vertex 54 3 28.7846
      vertex 49 0 37.4449
      vertex 54 0 28.7846
    endloop
  endfacet
  facet normal -0.866027 0 0.499998
    outer loop
      vertex 54 0 28.7846
      vertex 59 3 37.4449
      vertex 54 3 28.7846
    endloop
  endfacet
  facet normal -0.866027 0 0.499998
    outer loop
      vertex 59 3 37.4449
      vertex 54 0 28.7846
      vertex 59 0 37.4449
    endloop
  endfacet
  facet normal -1 0 0
    outer loop
      vertex -43 0 21.8372
      vertex -43 3 26.5166
      vertex -43 3 21.8372
    endloop
  endfacet
  facet normal -1 -0 0
    outer loop
      vertex -43 3 26.5166
      vertex -43 0 21.8372
      vertex -43 0 26.5166
    endloop
  endfacet
  facet normal -0.866027 0 -0.499998
    outer loop
      vertex -43 0 26.5166
      vertex -48 3 35.1769
      vertex -43 3 26.5166
    endloop
  endfacet
  facet normal -0.866027 -0 -0.499998
    outer loop
      vertex -48 3 35.1769
      vertex -43 0 26.5166
      vertex -48 0 35.1769
    endloop
  endfacet
  facet normal 0.866027 0 -0.499998
    outer loop
      vertex -48 0 35.1769
      vertex -53 3 26.5166
      vertex -48 3 35.1769
    endloop
  endfacet
  facet normal 0.866027 0 -0.499998
    outer loop
      vertex -53 3 26.5166
      vertex -48 0 35.1769
      vertex -53 0 26.5166
    endloop
  endfacet
  facet normal 1 -0 0
    outer loop
      vertex -53 0 26.5166
      vertex -53 3 21.8372
      vertex -53 3 26.5166
    endloop
  endfacet
  facet normal 1 0 0
    outer loop
      vertex -53 3 21.8372
      vertex -53 0 26.5166
      vertex -53 0 21.8372
    endloop
  endfacet
  facet normal 0.866027 -0 0.499998
    outer loop
      vertex -53 0 21.8372
      vertex -48 3 13.1769
      vertex -53 3 21.8372
    endloop
  endfacet
  facet normal 0.866027 0 0.499998
    outer loop
      vertex -48 3 13.1769
      vertex -53 0 21.8372
      vertex -48 0 13.1769
    endloop
  endfacet
  facet normal -0.866027 0 0.499998
    outer loop
      vertex -48 0 13.1769
      vertex -43 3 21.8372
      vertex -48 3 13.1769
    endloop
  endfacet
  facet normal -0.866027 0 0.499998
    outer loop
      vertex -43 3 21.8372
      vertex -48 0 13.1769
      vertex -43 0 21.8372
    endloop
  endfacet
  facet normal -1 0 0
    outer loop
      vertex 53 0 21.8372
      vertex 53 3 26.5166
      vertex 53 3 21.8372
    endloop
  endfacet
  facet normal -1 -0 0
    outer loop
      vertex 53 3 26.5166
      vertex 53 0 21.8372
      vertex 53 0 26.5166
    endloop
  endfacet
  facet normal -0.866027 0 -0.499998
    outer loop
      vertex 53 0 26.5166
      vertex 48 3 35.1769
      vertex 53 3 26.5166
    endloop
  endfacet
  facet normal -0.866027 -0 -0.499998
    outer loop
      vertex 48 3 35.1769
      vertex 53 0 26.5166
      vertex 48 0 35.1769
    endloop
  endfacet
  facet normal 0.866027 0 -0.499998
    outer loop
      vertex 48 0 35.1769
      vertex 43 3 26.5166
      vertex 48 3 35.1769
    endloop
  endfacet
  facet normal 0.866027 0 -0.499998
    outer loop
      vertex 43 3 26.5166
      vertex 48 0 35.1769
      vertex 43 0 26.5166
    endloop
  endfacet
  facet normal 1 -0 0
    outer loop
      vertex 43 0 26.5166
      vertex 43 3 21.8372
      vertex 43 3 26.5166
    endloop
  endfacet
  facet normal 1 0 0
    outer loop
      vertex 43 3 21.8372
      vertex 43 0 26.5166
      vertex 43 0 21.8372
    endloop
  endfacet
  facet normal 0.866027 -0 0.499998
    outer loop
      vertex 43 0 21.8372
      vertex 48 3 13.1769
      vertex 43 3 21.8372
    endloop
  endfacet
  facet normal 0.866027 0 0.499998
    outer loop
      vertex 48 3 13.1769
      vertex 43 0 21.8372
      vertex 48 0 13.1769
    endloop
  endfacet
  facet normal -0.866027 0 0.499998
    outer loop
      vertex 48 0 13.1769
      vertex 53 3 21.8372
      vertex 48 3 13.1769
    endloop
  endfacet
  facet normal -0.866027 0 0.499998
    outer loop
      vertex 53 3 21.8372
      vertex 48 0 13.1769
      vertex 53 0 21.8372
    endloop
  endfacet
  facet normal -1 0 0
    outer loop
      vertex 41 0 21.8372
      vertex 41 3 26.5166
      vertex 41 3 21.8372
    endloop
  endfacet
  facet normal -1 -0 0
    outer loop
      vertex 41 3 26.5166
      vertex 41 0 21.8372
      vertex 41 0 26.5166
    endloop
  endfacet
  facet normal -0.866027 0 -0.499998
    outer loop
      vertex 41 0 26.5166
      vertex 36 3 35.1769
      vertex 41 3 26.5166
    endloop
  endfacet
  facet normal -0.866027 -0 -0.499998
    outer loop
      vertex 36 3 35.1769
      vertex 41 0 26.5166
      vertex 36 0 35.1769
    endloop
  endfacet
  facet normal 0.866027 0 -0.499998
    outer loop
      vertex 36 0 35.1769
      vertex 31 3 26.5166
      vertex 36 3 35.1769
    endloop
  endfacet
  facet normal 0.866027 0 -0.499998
    outer loop
      vertex 31 3 26.5166
      vertex 36 0 35.1769
      vertex 31 0 26.5166
    endloop
  endfacet
  facet normal 1 -0 0
    outer loop
      vertex 31 0 26.5166
      vertex 31 3 21.8372
      vertex 31 3 26.5166
    endloop
  endfacet
  facet normal 1 0 0
    outer loop
      vertex 31 3 21.8372
      vertex 31 0 26.5166
      vertex 31 0 21.8372
    endloop
  endfacet
  facet normal 0.866027 -0 0.499998
    outer loop
      vertex 31 0 21.8372
      vertex 36 3 13.1769
      vertex 31 3 21.8372
    endloop
  endfacet
  facet normal 0.866027 0 0.499998
    outer loop
      vertex 36 3 13.1769
      vertex 31 0 21.8372
      vertex 36 0 13.1769
    endloop
  endfacet
  facet normal -0.866027 0 0.499998
    outer loop
      vertex 36 0 13.1769
      vertex 41 3 21.8372
      vertex 36 3 13.1769
    endloop
  endfacet
  facet normal -0.866027 0 0.499998
    outer loop
      vertex 41 3 21.8372
      vertex 36 0 13.1769
      vertex 41 0 21.8372
    endloop
  endfacet
  facet normal -1 0 0
    outer loop
      vertex 29 0 21.8372
      vertex 29 3 26.5166
      vertex 29 3 21.8372
    endloop
  endfacet
  facet normal -1 -0 0
    outer loop
      vertex 29 3 26.5166
      vertex 29 0 21.8372
      vertex 29 0 26.5166
    endloop
  endfacet
  facet normal -0.866027 0 -0.499998
    outer loop
      vertex 29 0 26.5166
      vertex 24 3 35.1769
      vertex 29 3 26.5166
    endloop
  endfacet
  facet normal -0.866027 -0 -0.499998
    outer loop
      vertex 24 3 35.1769
      vertex 29 0 26.5166
      vertex 24 0 35.1769
    endloop
  endfacet
  facet normal 0.866027 0 -0.499998
    outer loop
      vertex 24 0 35.1769
      vertex 19 3 26.5166
      vertex 24 3 35.1769
    endloop
  endfacet
  facet normal 0.866027 0 -0.499998
    outer loop
      vertex 19 3 26.5166
      vertex 24 0 35.1769
      vertex 19 0 26.5166
    endloop
  endfacet
  facet normal 1 -0 0
    outer loop
      vertex 19 0 26.5166
      vertex 19 3 21.8372
      vertex 19 3 26.5166
    endloop
  endfacet
  facet normal 1 0 0
    outer loop
      vertex 19 3 21.8372
      vertex 19 0 26.5166
      vertex 19 0 21.8372
    endloop
  endfacet
  facet normal 0.866027 -0 0.499998
    outer loop
      vertex 19 0 21.8372
      vertex 24 3 13.1769
      vertex 19 3 21.8372
    endloop
  endfacet
  facet normal 0.866027 0 0.499998
    outer loop
      vertex 24 3 13.1769
      vertex 19 0 21.8372
      vertex 24 0 13.1769
    endloop
  endfacet
  facet normal -0.866027 0 0.499998
    outer loop
      vertex 24 0 13.1769
      vertex 29 3 21.8372
      vertex 24 3 13.1769
    endloop
  endfacet
  facet normal -0.866027 0 0.499998
    outer loop
      vertex 29 3 21.8372
      vertex 24 0 13.1769
      vertex 29 0 21.8372
    endloop
  endfacet
  facet normal -1 0 0
    outer loop
      vertex 17 0 21.8372
      vertex 17 3 26.5166
      vertex 17 3 21.8372
    endloop
  endfacet
  facet normal -1 -0 0
    outer loop
      vertex 17 3 26.5166
      vertex 17 0 21.8372
      vertex 17 0 26.5166
    endloop
  endfacet
  facet normal -0.866027 0 -0.499998
    outer loop
      vertex 17 0 26.5166
      vertex 12 3 35.1769
      vertex 17 3 26.5166
    endloop
  endfacet
  facet normal -0.866027 -0 -0.499998
    outer loop
      vertex 12 3 35.1769
      vertex 17 0 26.5166
      vertex 12 0 35.1769
    endloop
  endfacet
  facet normal 0.866027 0 -0.499998
    outer loop
      vertex 12 0 35.1769
      vertex 7 3 26.5166
      vertex 12 3 35.1769
    endloop
  endfacet
  facet normal 0.866027 0 -0.499998
    outer loop
      vertex 7 3 26.5166
      vertex 12 0 35.1769
      vertex 7 0 26.5166
    endloop
  endfacet
  facet normal 1 -0 0
    outer loop
      vertex 7 0 26.5166
      vertex 7 3 21.8372
      vertex 7 3 26.5166
    endloop
  endfacet
  facet normal 1 0 0
    outer loop
      vertex 7 3 21.8372
      vertex 7 0 26.5166
      vertex 7 0 21.8372
    endloop
  endfacet
  facet normal 0.866027 -0 0.499998
    outer loop
      vertex 7 0 21.8372
      vertex 12 3 13.1769
      vertex 7 3 21.8372
    endloop
  endfacet
  facet normal 0.866027 0 0.499998
    outer loop
      vertex 12 3 13.1769
      vertex 7 0 21.8372
      vertex 12 0 13.1769
    endloop
  endfacet
  facet normal -0.866027 0 0.499998
    outer loop
      vertex 12 0 13.1769
      vertex 17 3 21.8372
      vertex 12 3 13.1769
    endloop
  endfacet
  facet normal -0.866027 0 0.499998
    outer loop
      vertex 17 3 21.8372
      vertex 12 0 13.1769
      vertex 17 0 21.8372
    endloop
  endfacet
  facet normal -1 0 0
    outer loop
      vertex 5 0 21.8372
      vertex 5 3 26.5166
      vertex 5 3 21.8372
    endloop
  endfacet
  facet normal -1 -0 0
    outer loop
      vertex 5 3 26.5166
      vertex 5 0 21.8372
      vertex 5 0 26.5166
    endloop
  endfacet
  facet normal -0.866027 0 -0.499998
    outer loop
      vertex 5 0 26.5166
      vertex 0 3 35.1769
      vertex 5 3 26.5166
    endloop
  endfacet
  facet normal -0.866027 -0 -0.499998
    outer loop
      vertex 0 3 35.1769
      vertex 5 0 26.5166
      vertex 0 0 35.1769
    endloop
  endfacet
  facet normal 0.866027 0 -0.499998
    outer loop
      vertex 0 0 35.1769
      vertex -5 3 26.5166
      vertex 0 3 35.1769
    endloop
  endfacet
  facet normal 0.866027 0 -0.499998
    outer loop
      vertex -5 3 26.5166
      vertex 0 0 35.1769
      vertex -5 0 26.5166
    endloop
  endfacet
  facet normal 1 -0 0
    outer loop
      vertex -5 0 26.5166
      vertex -5 3 21.8372
      vertex -5 3 26.5166
    endloop
  endfacet
  facet normal 1 0 0
    outer loop
      vertex -5 3 21.8372
      vertex -5 0 26.5166
      vertex -5 0 21.8372
    endloop
  endfacet
  facet normal 0.866027 -0 0.499998
    outer loop
      vertex -5 0 21.8372
      vertex 0 3 13.1769
      vertex -5 3 21.8372
    endloop
  endfacet
  facet normal 0.866027 0 0.499998
    outer loop
      vertex 0 3 13.1769
      vertex -5 0 21.8372
      vertex 0 0 13.1769
    endloop
  endfacet
  facet normal -0.866027 0 0.499998
    outer loop
      vertex 0 0 13.1769
      vertex 5 3 21.8372
      vertex 0 3 13.1769
    endloop
  endfacet
  facet normal -0.866027 0 0.499998
    outer loop
      vertex 5 3 21.8372
      vertex 0 0 13.1769
      vertex 5 0 21.8372
    endloop
  endfacet
  facet normal -1 0 0
    outer loop
      vertex -7 0 21.8372
      vertex -7 3 26.5166
      vertex -7 3 21.8372
    endloop
  endfacet
  facet normal -1 -0 0
    outer loop
      vertex -7 3 26.5166
      vertex -7 0 21.8372
      vertex -7 0 26.5166
    endloop
  endfacet
  facet normal -0.866027 0 -0.499998
    outer loop
      vertex -7 0 26.5166
      vertex -12 3 35.1769
      vertex -7 3 26.5166
    endloop
  endfacet
  facet normal -0.866027 -0 -0.499998
    outer loop
      vertex -12 3 35.1769
      vertex -7 0 26.5166
      vertex -12 0 35.1769
    endloop
  endfacet
  facet normal 0.866027 0 -0.499998
    outer loop
      vertex -12 0 35.1769
      vertex -17 3 26.5166
      vertex -12 3 35.1769
    endloop
  endfacet
  facet normal 0.866027 0 -0.499998
    outer loop
      vertex -17 3 26.5166
      vertex -12 0 35.1769
      vertex -17 0 26.5166
    endloop
  endfacet
  facet normal 1 -0 0
    outer loop
      vertex -17 0 26.5166
      vertex -17 3 21.8372
      vertex -17 3 26.5166
    endloop
  endfacet
  facet normal 1 0 0
    outer loop
      vertex -17 3 21.8372
      vertex -17 0 26.5166
      vertex -17 0 21.8372
    endloop
  endfacet
  facet normal 0.866027 -0 0.499998
    outer loop
      vertex -17 0 21.8372
      vertex -12 3 13.1769
      vertex -17 3 21.8372
    endloop
  endfacet
  facet normal 0.866027 0 0.499998
    outer loop
      vertex -12 3 13.1769
      vertex -17 0 21.8372
      vertex -12 0 13.1769
    endloop
  endfacet
  facet normal -0.866027 0 0.499998
    outer loop
      vertex -12 0 13.1769
      vertex -7 3 21.8372
      vertex -12 3 13.1769
    endloop
  endfacet
  facet normal -0.866027 0 0.499998
    outer loop
      vertex -7 3 21.8372
      vertex -12 0 13.1769
      vertex -7 0 21.8372
    endloop
  endfacet
  facet normal -1 0 0
    outer loop
      vertex -19 0 21.8372
      vertex -19 3 26.5166
      vertex -19 3 21.8372
    endloop
  endfacet
  facet normal -1 -0 0
    outer loop
      vertex -19 3 26.5166
      vertex -19 0 21.8372
      vertex -19 0 26.5166
    endloop
  endfacet
  facet normal -0.866027 0 -0.499998
    outer loop
      vertex -19 0 26.5166
      vertex -24 3 35.1769
      vertex -19 3 26.5166
    endloop
  endfacet
  facet normal -0.866027 -0 -0.499998
    outer loop
      vertex -24 3 35.1769
      vertex -19 0 26.5166
      vertex -24 0 35.1769
    endloop
  endfacet
  facet normal 0.866027 0 -0.499998
    outer loop
      vertex -24 0 35.1769
      vertex -29 3 26.5166
      vertex -24 3 35.1769
    endloop
  endfacet
  facet normal 0.866027 0 -0.499998
    outer loop
      vertex -29 3 26.5166
      vertex -24 0 35.1769
      vertex -29 0 26.5166
    endloop
  endfacet
  facet normal 1 -0 0
    outer loop
      vertex -29 0 26.5166
      vertex -29 3 21.8372
      vertex -29 3 26.5166
    endloop
  endfacet
  facet normal 1 0 0
    outer loop
      vertex -29 3 21.8372
      vertex -29 0 26.5166
      vertex -29 0 21.8372
    endloop
  endfacet
  facet normal 0.866027 -0 0.499998
    outer loop
      vertex -29 0 21.8372
      vertex -24 3 13.1769
      vertex -29 3 21.8372
    endloop
  endfacet
  facet normal 0.866027 0 0.499998
    outer loop
      vertex -24 3 13.1769
      vertex -29 0 21.8372
      vertex -24 0 13.1769
    endloop
  endfacet
  facet normal -0.866027 0 0.499998
    outer loop
      vertex -24 0 13.1769
      vertex -19 3 21.8372
      vertex -24 3 13.1769
    endloop
  endfacet
  facet normal -0.866027 0 0.499998
    outer loop
      vertex -19 3 21.8372
      vertex -24 0 13.1769
      vertex -19 0 21.8372
    endloop
  endfacet
  facet normal -1 0 0
    outer loop
      vertex -31 0 21.8372
      vertex -31 3 26.5166
      vertex -31 3 21.8372
    endloop
  endfacet
  facet normal -1 -0 0
    outer loop
      vertex -31 3 26.5166
      vertex -31 0 21.8372
      vertex -31 0 26.5166
    endloop
  endfacet
  facet normal -0.866027 0 -0.499998
    outer loop
      vertex -31 0 26.5166
      vertex -36 3 35.1769
      vertex -31 3 26.5166
    endloop
  endfacet
  facet normal -0.866027 -0 -0.499998
    outer loop
      vertex -36 3 35.1769
      vertex -31 0 26.5166
      vertex -36 0 35.1769
    endloop
  endfacet
  facet normal 0.866027 0 -0.499998
    outer loop
      vertex -36 0 35.1769
      vertex -41 3 26.5166
      vertex -36 3 35.1769
    endloop
  endfacet
  facet normal 0.866027 0 -0.499998
    outer loop
      vertex -41 3 26.5166
      vertex -36 0 35.1769
      vertex -41 0 26.5166
    endloop
  endfacet
  facet normal 1 -0 0
    outer loop
      vertex -41 0 26.5166
      vertex -41 3 21.8372
      vertex -41 3 26.5166
    endloop
  endfacet
  facet normal 1 0 0
    outer loop
      vertex -41 3 21.8372
      vertex -41 0 26.5166
      vertex -41 0 21.8372
    endloop
  endfacet
  facet normal 0.866027 -0 0.499998
    outer loop
      vertex -41 0 21.8372
      vertex -36 3 13.1769
      vertex -41 3 21.8372
    endloop
  endfacet
  facet normal 0.866027 0 0.499998
    outer loop
      vertex -36 3 13.1769
      vertex -41 0 21.8372
      vertex -36 0 13.1769
    endloop
  endfacet
  facet normal -0.866027 0 0.499998
    outer loop
      vertex -36 0 13.1769
      vertex -31 3 21.8372
      vertex -36 3 13.1769
    endloop
  endfacet
  facet normal -0.866027 0 0.499998
    outer loop
      vertex -31 3 21.8372
      vertex -36 0 13.1769
      vertex -31 0 21.8372
    endloop
  endfacet
  facet normal -0 0 1
    outer loop
      vertex -65.5 50.5 140.5
      vertex -53.5 50.0714 140.5
      vertex -53.5 50.5 140.5
    endloop
  endfacet
  facet normal 0 0 1
    outer loop
      vertex -53.5 50.0714 140.5
      vertex -65.5 50.5 140.5
      vertex -65.5 50.0714 140.5
    endloop
  endfacet
  facet normal -0 0 1
    outer loop
      vertex 53.5 50.5 140.5
      vertex 65.5 50.0714 140.5
      vertex 65.5 50.5 140.5
    endloop
  endfacet
  facet normal 0 0 1
    outer loop
      vertex 65.5 50.0714 140.5
      vertex 53.5 50.5 140.5
      vertex 53.5 50.0714 140.5
    endloop
  endfacet
  facet normal -0 0.705689 0.708521
    outer loop
      vertex -65.5 3 140.5
      vertex 67.006 1.49398 142
      vertex 65.5 3 140.5
    endloop
  endfacet
  facet normal 0 0.705689 0.708521
    outer loop
      vertex 67.006 1.49398 142
      vertex -65.5 3 140.5
      vertex -67.006 1.49398 142
    endloop
  endfacet
  facet normal 0.705694 0 0.708517
    outer loop
      vertex -67.006 50.5 142
      vertex -65.5 50.0714 140.5
      vertex -65.5 50.5 140.5
    endloop
  endfacet
  facet normal 0.705694 0 0.708517
    outer loop
      vertex -65.5 50.0714 140.5
      vertex -67.006 50.5 142
      vertex -65.5 3 140.5
    endloop
  endfacet
  facet normal 0.705694 0 0.708517
    outer loop
      vertex -65.5 3 140.5
      vertex -67.006 50.5 142
      vertex -67.006 1.49398 142
    endloop
  endfacet
  facet normal -0.705694 0 0.708517
    outer loop
      vertex 65.5 50.0714 140.5
      vertex 67.006 50.5 142
      vertex 65.5 50.5 140.5
    endloop
  endfacet
  facet normal -0.705694 0 0.708517
    outer loop
      vertex 65.5 3 140.5
      vertex 67.006 50.5 142
      vertex 65.5 50.0714 140.5
    endloop
  endfacet
  facet normal -0.705694 0 0.708517
    outer loop
      vertex 67.006 50.5 142
      vertex 65.5 3 140.5
      vertex 67.006 1.49398 142
    endloop
  endfacet
endsolid OpenSCAD_Model
