solid OpenSCAD_Model
  facet normal 1 -0 0
    outer loop
      vertex 33.2 5 50.3
      vertex 33.2 27.7 0
      vertex 33.2 27.7 50.3
    endloop
  endfacet
  facet normal 1 0 0
    outer loop
      vertex 33.2 27.7 0
      vertex 33.2 5 50.3
      vertex 33.2 5 0
    endloop
  endfacet
  facet normal 0 -1 0
    outer loop
      vertex -38.7433 0 27.4597
      vertex -46.2 0 50.3
      vertex -39.053 0 27.5648
    endloop
  endfacet
  facet normal 0 -1 0
    outer loop
      vertex 46.2 0 50.3
      vertex 39.3737 0 27.6286
      vertex 39.7 0 27.65
    endloop
  endfacet
  facet normal 0 -1 0
    outer loop
      vertex -38.45 0 27.3151
      vertex -46.2 0 50.3
      vertex -38.7433 0 27.4597
    endloop
  endfacet
  facet normal 0 -1 0
    outer loop
      vertex 46.2 0 50.3
      vertex 39.053 0 27.5648
      vertex 39.3737 0 27.6286
    endloop
  endfacet
  facet normal 0 -1 0
    outer loop
      vertex -38.1781 0 27.1334
      vertex -46.2 0 50.3
      vertex -38.45 0 27.3151
    endloop
  endfacet
  facet normal 0 -1 0
    outer loop
      vertex 46.2 0 50.3
      vertex 38.7433 0 27.4597
      vertex 39.053 0 27.5648
    endloop
  endfacet
  facet normal 0 -1 0
    outer loop
      vertex -37.9322 0 26.9178
      vertex -46.2 0 50.3
      vertex -38.1781 0 27.1334
    endloop
  endfacet
  facet normal 0 -1 0
    outer loop
      vertex 46.2 0 50.3
      vertex 38.45 0 27.3151
      vertex 38.7433 0 27.4597
    endloop
  endfacet
  facet normal 0 -1 0
    outer loop
      vertex -37.7166 0 26.6719
      vertex -46.2 0 50.3
      vertex -37.9322 0 26.9178
    endloop
  endfacet
  facet normal 0 -1 0
    outer loop
      vertex 46.2 0 50.3
      vertex 38.1781 0 27.1334
      vertex 38.45 0 27.3151
    endloop
  endfacet
  facet normal 0 -1 0
    outer loop
      vertex -46.2 0 50.3
      vertex -37.7166 0 26.6719
      vertex 46.2 0 50.3
    endloop
  endfacet
  facet normal 0 -1 0
    outer loop
      vertex 46.2 0 50.3
      vertex 37.9322 0 26.9178
      vertex 38.1781 0 27.1334
    endloop
  endfacet
  facet normal 0 -1 0
    outer loop
      vertex 37.7166 0 26.6719
      vertex 46.2 0 50.3
      vertex -37.7166 0 26.6719
    endloop
  endfacet
  facet normal 0 -1 0
    outer loop
      vertex 46.2 0 50.3
      vertex 37.7166 0 26.6719
      vertex 37.9322 0 26.9178
    endloop
  endfacet
  facet normal 0 -1 0
    outer loop
      vertex -37.5349 0 26.4
      vertex 37.7166 0 26.6719
      vertex -37.7166 0 26.6719
    endloop
  endfacet
  facet normal 0 -1 0
    outer loop
      vertex -37.5349 0 26.4
      vertex 37.5349 0 26.4
      vertex 37.7166 0 26.6719
    endloop
  endfacet
  facet normal 0 -1 0
    outer loop
      vertex -37.3903 0 26.1067
      vertex 37.5349 0 26.4
      vertex -37.5349 0 26.4
    endloop
  endfacet
  facet normal 0 -1 0
    outer loop
      vertex -37.3903 0 26.1067
      vertex 37.3903 0 26.1067
      vertex 37.5349 0 26.4
    endloop
  endfacet
  facet normal 0 -1 0
    outer loop
      vertex -37.2852 0 25.797
      vertex 37.3903 0 26.1067
      vertex -37.3903 0 26.1067
    endloop
  endfacet
  facet normal 0 -1 0
    outer loop
      vertex -37.2852 0 25.797
      vertex 37.2852 0 25.797
      vertex 37.3903 0 26.1067
    endloop
  endfacet
  facet normal 0 -1 0
    outer loop
      vertex -37.2214 0 25.4763
      vertex 37.2852 0 25.797
      vertex -37.2852 0 25.797
    endloop
  endfacet
  facet normal 0 -1 0
    outer loop
      vertex -37.2214 0 25.4763
      vertex 37.2214 0 25.4763
      vertex 37.2852 0 25.797
    endloop
  endfacet
  facet normal 0 -1 0
    outer loop
      vertex -37.2 0 25.15
      vertex 37.2214 0 25.4763
      vertex -37.2214 0 25.4763
    endloop
  endfacet
  facet normal 0 -1 0
    outer loop
      vertex -37.2 0 25.15
      vertex 37.2 0 25.15
      vertex 37.2214 0 25.4763
    endloop
  endfacet
  facet normal 0 -1 0
    outer loop
      vertex -37.2214 0 24.8237
      vertex 37.2 0 25.15
      vertex -37.2 0 25.15
    endloop
  endfacet
  facet normal 0 -1 0
    outer loop
      vertex -37.2214 0 24.8237
      vertex 37.2214 0 24.8237
      vertex 37.2 0 25.15
    endloop
  endfacet
  facet normal 0 -1 0
    outer loop
      vertex -37.2852 0 24.503
      vertex 37.2214 0 24.8237
      vertex -37.2214 0 24.8237
    endloop
  endfacet
  facet normal 0 -1 0
    outer loop
      vertex -37.2852 0 24.503
      vertex 37.2852 0 24.503
      vertex 37.2214 0 24.8237
    endloop
  endfacet
  facet normal 0 -1 0
    outer loop
      vertex -37.3903 0 24.1933
      vertex 37.2852 0 24.503
      vertex -37.2852 0 24.503
    endloop
  endfacet
  facet normal 0 -1 0
    outer loop
      vertex -37.3903 0 24.1933
      vertex 37.3903 0 24.1933
      vertex 37.2852 0 24.503
    endloop
  endfacet
  facet normal 0 -1 0
    outer loop
      vertex -37.5349 0 23.9
      vertex 37.3903 0 24.1933
      vertex -37.3903 0 24.1933
    endloop
  endfacet
  facet normal 0 -1 0
    outer loop
      vertex -37.5349 0 23.9
      vertex 37.5349 0 23.9
      vertex 37.3903 0 24.1933
    endloop
  endfacet
  facet normal 0 -1 0
    outer loop
      vertex -37.7166 0 23.6281
      vertex 37.5349 0 23.9
      vertex -37.5349 0 23.9
    endloop
  endfacet
  facet normal 0 -1 0
    outer loop
      vertex -37.7166 0 23.6281
      vertex 37.7166 0 23.6281
      vertex 37.5349 0 23.9
    endloop
  endfacet
  facet normal 0 -1 0
    outer loop
      vertex -46.2 0 0
      vertex -37.7166 0 23.6281
      vertex -37.9322 0 23.3822
    endloop
  endfacet
  facet normal 0 -1 -0
    outer loop
      vertex -37.7166 0 23.6281
      vertex -46.2 0 0
      vertex 37.7166 0 23.6281
    endloop
  endfacet
  facet normal 0 -1 0
    outer loop
      vertex -46.2 0 0
      vertex -37.9322 0 23.3822
      vertex -38.1781 0 23.1666
    endloop
  endfacet
  facet normal 0 -1 0
    outer loop
      vertex 46.2 0 0
      vertex 37.7166 0 23.6281
      vertex -46.2 0 0
    endloop
  endfacet
  facet normal 0 -1 0
    outer loop
      vertex -46.2 0 0
      vertex -38.1781 0 23.1666
      vertex -38.45 0 22.9849
    endloop
  endfacet
  facet normal 0 -1 0
    outer loop
      vertex 37.7166 0 23.6281
      vertex 46.2 0 0
      vertex 37.9322 0 23.3822
    endloop
  endfacet
  facet normal 0 -1 0
    outer loop
      vertex -46.2 0 0
      vertex -38.45 0 22.9849
      vertex -38.7433 0 22.8403
    endloop
  endfacet
  facet normal 0 -1 0
    outer loop
      vertex 37.9322 0 23.3822
      vertex 46.2 0 0
      vertex 38.1781 0 23.1666
    endloop
  endfacet
  facet normal 0 -1 0
    outer loop
      vertex -46.2 0 0
      vertex -38.7433 0 22.8403
      vertex -39.053 0 22.7352
    endloop
  endfacet
  facet normal 0 -1 0
    outer loop
      vertex 38.1781 0 23.1666
      vertex 46.2 0 0
      vertex 38.45 0 22.9849
    endloop
  endfacet
  facet normal 0 -1 0
    outer loop
      vertex -46.2 0 0
      vertex -39.053 0 22.7352
      vertex -39.3737 0 22.6714
    endloop
  endfacet
  facet normal 0 -1 0
    outer loop
      vertex 38.45 0 22.9849
      vertex 46.2 0 0
      vertex 38.7433 0 22.8403
    endloop
  endfacet
  facet normal 0 -1 0
    outer loop
      vertex -46.2 0 0
      vertex -39.3737 0 22.6714
      vertex -39.7 0 22.65
    endloop
  endfacet
  facet normal 0 -1 0
    outer loop
      vertex 38.7433 0 22.8403
      vertex 46.2 0 0
      vertex 39.053 0 22.7352
    endloop
  endfacet
  facet normal 0 -1 0
    outer loop
      vertex -39.3737 0 27.6286
      vertex -46.2 0 50.3
      vertex -39.7 0 27.65
    endloop
  endfacet
  facet normal 0 -1 0
    outer loop
      vertex -46.2 0 50.3
      vertex -40.0263 0 27.6286
      vertex -39.7 0 27.65
    endloop
  endfacet
  facet normal 0 -1 0
    outer loop
      vertex -46.2 0 50.3
      vertex -40.347 0 27.5648
      vertex -40.0263 0 27.6286
    endloop
  endfacet
  facet normal 0 -1 0
    outer loop
      vertex -46.2 0 50.3
      vertex -40.6567 0 27.4597
      vertex -40.347 0 27.5648
    endloop
  endfacet
  facet normal 0 -1 0
    outer loop
      vertex -46.2 0 50.3
      vertex -40.95 0 27.3151
      vertex -40.6567 0 27.4597
    endloop
  endfacet
  facet normal 0 -1 0
    outer loop
      vertex -46.2 0 50.3
      vertex -41.2219 0 27.1334
      vertex -40.95 0 27.3151
    endloop
  endfacet
  facet normal 0 -1 0
    outer loop
      vertex -46.2 0 50.3
      vertex -41.4678 0 26.9178
      vertex -41.2219 0 27.1334
    endloop
  endfacet
  facet normal 0 -1 0
    outer loop
      vertex -46.2 0 50.3
      vertex -41.6834 0 26.6719
      vertex -41.4678 0 26.9178
    endloop
  endfacet
  facet normal 0 -1 0
    outer loop
      vertex -46.2 0 50.3
      vertex -41.8651 0 26.4
      vertex -41.6834 0 26.6719
    endloop
  endfacet
  facet normal 0 -1 0
    outer loop
      vertex -46.2 0 50.3
      vertex -42.0097 0 26.1067
      vertex -41.8651 0 26.4
    endloop
  endfacet
  facet normal 0 -1 0
    outer loop
      vertex -46.2 0 50.3
      vertex -42.1148 0 25.797
      vertex -42.0097 0 26.1067
    endloop
  endfacet
  facet normal 0 -1 0
    outer loop
      vertex -46.2 0 50.3
      vertex -42.1786 0 25.4763
      vertex -42.1148 0 25.797
    endloop
  endfacet
  facet normal 0 -1 0
    outer loop
      vertex -46.2 0 50.3
      vertex -42.2 0 25.15
      vertex -42.1786 0 25.4763
    endloop
  endfacet
  facet normal 0 -1 0
    outer loop
      vertex -46.2 0 0
      vertex -42.2 0 25.15
      vertex -46.2 0 50.3
    endloop
  endfacet
  facet normal 0 -1 0
    outer loop
      vertex 39.053 0 22.7352
      vertex 46.2 0 0
      vertex 39.3737 0 22.6714
    endloop
  endfacet
  facet normal 0 -1 -0
    outer loop
      vertex -40.0263 0 22.6714
      vertex -46.2 0 0
      vertex -39.7 0 22.65
    endloop
  endfacet
  facet normal 0 -1 -0
    outer loop
      vertex -40.347 0 22.7352
      vertex -46.2 0 0
      vertex -40.0263 0 22.6714
    endloop
  endfacet
  facet normal 0 -1 -0
    outer loop
      vertex -40.6567 0 22.8403
      vertex -46.2 0 0
      vertex -40.347 0 22.7352
    endloop
  endfacet
  facet normal 0 -1 -0
    outer loop
      vertex -40.95 0 22.9849
      vertex -46.2 0 0
      vertex -40.6567 0 22.8403
    endloop
  endfacet
  facet normal 0 -1 -0
    outer loop
      vertex -41.2219 0 23.1666
      vertex -46.2 0 0
      vertex -40.95 0 22.9849
    endloop
  endfacet
  facet normal 0 -1 -0
    outer loop
      vertex -41.4678 0 23.3822
      vertex -46.2 0 0
      vertex -41.2219 0 23.1666
    endloop
  endfacet
  facet normal 0 -1 -0
    outer loop
      vertex -41.6834 0 23.6281
      vertex -46.2 0 0
      vertex -41.4678 0 23.3822
    endloop
  endfacet
  facet normal 0 -1 -0
    outer loop
      vertex -41.8651 0 23.9
      vertex -46.2 0 0
      vertex -41.6834 0 23.6281
    endloop
  endfacet
  facet normal 0 -1 -0
    outer loop
      vertex -42.0097 0 24.1933
      vertex -46.2 0 0
      vertex -41.8651 0 23.9
    endloop
  endfacet
  facet normal 0 -1 -0
    outer loop
      vertex -42.1148 0 24.503
      vertex -46.2 0 0
      vertex -42.0097 0 24.1933
    endloop
  endfacet
  facet normal 0 -1 -0
    outer loop
      vertex -42.1786 0 24.8237
      vertex -46.2 0 0
      vertex -42.1148 0 24.503
    endloop
  endfacet
  facet normal 0 -1 -0
    outer loop
      vertex -42.2 0 25.15
      vertex -46.2 0 0
      vertex -42.1786 0 24.8237
    endloop
  endfacet
  facet normal 0 -1 0
    outer loop
      vertex -39.053 0 27.5648
      vertex -46.2 0 50.3
      vertex -39.3737 0 27.6286
    endloop
  endfacet
  facet normal 0 -1 0
    outer loop
      vertex 40.0263 0 27.6286
      vertex 46.2 0 50.3
      vertex 39.7 0 27.65
    endloop
  endfacet
  facet normal 0 -1 0
    outer loop
      vertex 40.347 0 27.5648
      vertex 46.2 0 50.3
      vertex 40.0263 0 27.6286
    endloop
  endfacet
  facet normal 0 -1 0
    outer loop
      vertex 40.6567 0 27.4597
      vertex 46.2 0 50.3
      vertex 40.347 0 27.5648
    endloop
  endfacet
  facet normal 0 -1 0
    outer loop
      vertex 40.95 0 27.3151
      vertex 46.2 0 50.3
      vertex 40.6567 0 27.4597
    endloop
  endfacet
  facet normal 0 -1 0
    outer loop
      vertex 41.2219 0 27.1334
      vertex 46.2 0 50.3
      vertex 40.95 0 27.3151
    endloop
  endfacet
  facet normal 0 -1 0
    outer loop
      vertex 41.4678 0 26.9178
      vertex 46.2 0 50.3
      vertex 41.2219 0 27.1334
    endloop
  endfacet
  facet normal 0 -1 0
    outer loop
      vertex 41.6834 0 26.6719
      vertex 46.2 0 50.3
      vertex 41.4678 0 26.9178
    endloop
  endfacet
  facet normal 0 -1 0
    outer loop
      vertex 41.8651 0 26.4
      vertex 46.2 0 50.3
      vertex 41.6834 0 26.6719
    endloop
  endfacet
  facet normal 0 -1 0
    outer loop
      vertex 42.0097 0 26.1067
      vertex 46.2 0 50.3
      vertex 41.8651 0 26.4
    endloop
  endfacet
  facet normal 0 -1 0
    outer loop
      vertex 42.1148 0 25.797
      vertex 46.2 0 50.3
      vertex 42.0097 0 26.1067
    endloop
  endfacet
  facet normal 0 -1 0
    outer loop
      vertex 42.1786 0 25.4763
      vertex 46.2 0 50.3
      vertex 42.1148 0 25.797
    endloop
  endfacet
  facet normal 0 -1 0
    outer loop
      vertex 42.2 0 25.15
      vertex 46.2 0 50.3
      vertex 42.1786 0 25.4763
    endloop
  endfacet
  facet normal 0 -1 0
    outer loop
      vertex 46.2 0 0
      vertex 42.2 0 25.15
      vertex 42.1786 0 24.8237
    endloop
  endfacet
  facet normal 0 -1 0
    outer loop
      vertex 39.3737 0 22.6714
      vertex 46.2 0 0
      vertex 39.7 0 22.65
    endloop
  endfacet
  facet normal 0 -1 0
    outer loop
      vertex 39.7 0 22.65
      vertex 46.2 0 0
      vertex 40.0263 0 22.6714
    endloop
  endfacet
  facet normal 0 -1 0
    outer loop
      vertex 42.2 0 25.15
      vertex 46.2 0 0
      vertex 46.2 0 50.3
    endloop
  endfacet
  facet normal 0 -1 0
    outer loop
      vertex 42.1148 0 24.503
      vertex 46.2 0 0
      vertex 42.1786 0 24.8237
    endloop
  endfacet
  facet normal 0 -1 0
    outer loop
      vertex 42.0097 0 24.1933
      vertex 46.2 0 0
      vertex 42.1148 0 24.503
    endloop
  endfacet
  facet normal 0 -1 0
    outer loop
      vertex 41.8651 0 23.9
      vertex 46.2 0 0
      vertex 42.0097 0 24.1933
    endloop
  endfacet
  facet normal 0 -1 0
    outer loop
      vertex 41.6834 0 23.6281
      vertex 46.2 0 0
      vertex 41.8651 0 23.9
    endloop
  endfacet
  facet normal 0 -1 0
    outer loop
      vertex 41.4678 0 23.3822
      vertex 46.2 0 0
      vertex 41.6834 0 23.6281
    endloop
  endfacet
  facet normal 0 -1 0
    outer loop
      vertex 41.2219 0 23.1666
      vertex 46.2 0 0
      vertex 41.4678 0 23.3822
    endloop
  endfacet
  facet normal 0 -1 0
    outer loop
      vertex 40.95 0 22.9849
      vertex 46.2 0 0
      vertex 41.2219 0 23.1666
    endloop
  endfacet
  facet normal 0 -1 0
    outer loop
      vertex 40.6567 0 22.8403
      vertex 46.2 0 0
      vertex 40.95 0 22.9849
    endloop
  endfacet
  facet normal 0 -1 0
    outer loop
      vertex 40.347 0 22.7352
      vertex 46.2 0 0
      vertex 40.6567 0 22.8403
    endloop
  endfacet
  facet normal 0 -1 0
    outer loop
      vertex 40.0263 0 22.6714
      vertex 46.2 0 0
      vertex 40.347 0 22.7352
    endloop
  endfacet
  facet normal 0 1 0
    outer loop
      vertex 33.2 27.7 50.3
      vertex 12 27.7 28.3
      vertex 12 27.7 50.3
    endloop
  endfacet
  facet normal 0 1 0
    outer loop
      vertex 33.2 27.7 50.3
      vertex 11.8973 27.7 26.7337
      vertex 12 27.7 28.3
    endloop
  endfacet
  facet normal 0 1 -0
    outer loop
      vertex 33.2 27.7 0
      vertex 11.8973 27.7 26.7337
      vertex 33.2 27.7 50.3
    endloop
  endfacet
  facet normal 0 1 0
    outer loop
      vertex 11.8973 27.7 26.7337
      vertex 33.2 27.7 0
      vertex 11.5911 27.7 25.1942
    endloop
  endfacet
  facet normal 0 1 0
    outer loop
      vertex 11.5911 27.7 25.1942
      vertex 33.2 27.7 0
      vertex 11.0866 27.7 23.7078
    endloop
  endfacet
  facet normal 0 1 0
    outer loop
      vertex 11.0866 27.7 23.7078
      vertex 33.2 27.7 0
      vertex 10.3923 27.7 22.3
    endloop
  endfacet
  facet normal 0 1 0
    outer loop
      vertex 1.56631 27.7 16.4027
      vertex 33.2 27.7 0
      vertex 0 27.7 16.3
    endloop
  endfacet
  facet normal 0 1 0
    outer loop
      vertex 3.10583 27.7 16.7089
      vertex 33.2 27.7 0
      vertex 1.56631 27.7 16.4027
    endloop
  endfacet
  facet normal 0 1 0
    outer loop
      vertex 4.5922 27.7 17.2134
      vertex 33.2 27.7 0
      vertex 3.10583 27.7 16.7089
    endloop
  endfacet
  facet normal 0 1 0
    outer loop
      vertex 6 27.7 17.9077
      vertex 33.2 27.7 0
      vertex 4.5922 27.7 17.2134
    endloop
  endfacet
  facet normal 0 1 0
    outer loop
      vertex 7.30514 27.7 18.7798
      vertex 33.2 27.7 0
      vertex 6 27.7 17.9077
    endloop
  endfacet
  facet normal 0 1 0
    outer loop
      vertex 8.48528 27.7 19.8147
      vertex 33.2 27.7 0
      vertex 7.30514 27.7 18.7798
    endloop
  endfacet
  facet normal 0 1 0
    outer loop
      vertex 9.52024 27.7 20.9949
      vertex 33.2 27.7 0
      vertex 8.48528 27.7 19.8147
    endloop
  endfacet
  facet normal 0 1 0
    outer loop
      vertex 10.3923 27.7 22.3
      vertex 33.2 27.7 0
      vertex 9.52024 27.7 20.9949
    endloop
  endfacet
  facet normal 0 1 -0
    outer loop
      vertex -12 27.7 28.3
      vertex -33.2 27.7 50.3
      vertex -12 27.7 50.3
    endloop
  endfacet
  facet normal 0 1 0
    outer loop
      vertex -11.8973 27.7 26.7337
      vertex -33.2 27.7 50.3
      vertex -12 27.7 28.3
    endloop
  endfacet
  facet normal 0 1 0
    outer loop
      vertex -33.2 27.7 0
      vertex -11.8973 27.7 26.7337
      vertex -11.5911 27.7 25.1942
    endloop
  endfacet
  facet normal 0 1 0
    outer loop
      vertex -33.2 27.7 0
      vertex -11.5911 27.7 25.1942
      vertex -11.0866 27.7 23.7078
    endloop
  endfacet
  facet normal 0 1 0
    outer loop
      vertex -33.2 27.7 0
      vertex -11.0866 27.7 23.7078
      vertex -10.3923 27.7 22.3
    endloop
  endfacet
  facet normal 0 1 0
    outer loop
      vertex -33.2 27.7 0
      vertex -10.3923 27.7 22.3
      vertex -9.52024 27.7 20.9949
    endloop
  endfacet
  facet normal 0 1 0
    outer loop
      vertex -33.2 27.7 0
      vertex 0 27.7 16.3
      vertex 33.2 27.7 0
    endloop
  endfacet
  facet normal 0 1 0
    outer loop
      vertex 0 27.7 16.3
      vertex -33.2 27.7 0
      vertex -1.56631 27.7 16.4027
    endloop
  endfacet
  facet normal 0 1 0
    outer loop
      vertex -1.56631 27.7 16.4027
      vertex -33.2 27.7 0
      vertex -3.10583 27.7 16.7089
    endloop
  endfacet
  facet normal 0 1 0
    outer loop
      vertex -11.8973 27.7 26.7337
      vertex -33.2 27.7 0
      vertex -33.2 27.7 50.3
    endloop
  endfacet
  facet normal 0 1 0
    outer loop
      vertex -8.48528 27.7 19.8147
      vertex -33.2 27.7 0
      vertex -9.52024 27.7 20.9949
    endloop
  endfacet
  facet normal 0 1 0
    outer loop
      vertex -7.30514 27.7 18.7798
      vertex -33.2 27.7 0
      vertex -8.48528 27.7 19.8147
    endloop
  endfacet
  facet normal 0 1 0
    outer loop
      vertex -6 27.7 17.9077
      vertex -33.2 27.7 0
      vertex -7.30514 27.7 18.7798
    endloop
  endfacet
  facet normal 0 1 0
    outer loop
      vertex -4.5922 27.7 17.2134
      vertex -33.2 27.7 0
      vertex -6 27.7 17.9077
    endloop
  endfacet
  facet normal 0 1 0
    outer loop
      vertex -3.10583 27.7 16.7089
      vertex -33.2 27.7 0
      vertex -4.5922 27.7 17.2134
    endloop
  endfacet
  facet normal -1 0 0
    outer loop
      vertex 30.7 3 2.5
      vertex 30.7 25.2 49.1
      vertex 30.7 25.2 2.5
    endloop
  endfacet
  facet normal -1 -0 0
    outer loop
      vertex 30.7 25.2 49.1
      vertex 30.7 3 2.5
      vertex 30.7 3 49.1
    endloop
  endfacet
  facet normal 0 0 1
    outer loop
      vertex -12 27.7 50.3
      vertex -31.9055 26.4055 50.3
      vertex -12 26.4055 50.3
    endloop
  endfacet
  facet normal 0 0 1
    outer loop
      vertex -33.2 5 50.3
      vertex -31.9055 26.4055 50.3
      vertex -33.2 27.7 50.3
    endloop
  endfacet
  facet normal -0 0 1
    outer loop
      vertex -33.2 27.7 50.3
      vertex -31.9055 26.4055 50.3
      vertex -12 27.7 50.3
    endloop
  endfacet
  facet normal 0 0 1
    outer loop
      vertex 33.2 27.7 50.3
      vertex 31.9055 26.4055 50.3
      vertex 33.2 5 50.3
    endloop
  endfacet
  facet normal -0 0 1
    outer loop
      vertex 12 27.7 50.3
      vertex 31.9055 26.4055 50.3
      vertex 33.2 27.7 50.3
    endloop
  endfacet
  facet normal 0 0 1
    outer loop
      vertex 31.9055 26.4055 50.3
      vertex 12 27.7 50.3
      vertex 12 26.4055 50.3
    endloop
  endfacet
  facet normal -0 0 1
    outer loop
      vertex 33.2 5 50.3
      vertex 46.2 0 50.3
      vertex 46.2 5 50.3
    endloop
  endfacet
  facet normal 0 0 1
    outer loop
      vertex 31.9055 1.79452 50.3
      vertex 33.2 5 50.3
      vertex 31.9055 26.4055 50.3
    endloop
  endfacet
  facet normal -0 0 1
    outer loop
      vertex 31.9055 1.79452 50.3
      vertex 46.2 0 50.3
      vertex 33.2 5 50.3
    endloop
  endfacet
  facet normal -0 0 1
    outer loop
      vertex -31.9055 1.79452 50.3
      vertex 46.2 0 50.3
      vertex 31.9055 1.79452 50.3
    endloop
  endfacet
  facet normal 0 0 1
    outer loop
      vertex -31.9055 26.4055 50.3
      vertex -33.2 5 50.3
      vertex -31.9055 1.79452 50.3
    endloop
  endfacet
  facet normal 0 0 1
    outer loop
      vertex -46.2 0 50.3
      vertex -33.2 5 50.3
      vertex -46.2 5 50.3
    endloop
  endfacet
  facet normal 0 0 1
    outer loop
      vertex -31.9055 1.79452 50.3
      vertex -46.2 0 50.3
      vertex 46.2 0 50.3
    endloop
  endfacet
  facet normal 0 0 1
    outer loop
      vertex -33.2 5 50.3
      vertex -46.2 0 50.3
      vertex -31.9055 1.79452 50.3
    endloop
  endfacet
  facet normal 0 0 -1
    outer loop
      vertex 46.2 0 0
      vertex 33.2 5 0
      vertex 46.2 5 0
    endloop
  endfacet
  facet normal 0 0 -1
    outer loop
      vertex 33.2 5 0
      vertex -33.2 5 0
      vertex 33.2 27.7 0
    endloop
  endfacet
  facet normal 0 0 -1
    outer loop
      vertex 46.2 0 0
      vertex -33.2 5 0
      vertex 33.2 5 0
    endloop
  endfacet
  facet normal 0 0 -1
    outer loop
      vertex -46.2 0 0
      vertex -33.2 5 0
      vertex 46.2 0 0
    endloop
  endfacet
  facet normal -0 0 -1
    outer loop
      vertex -33.2 5 0
      vertex -46.2 0 0
      vertex -46.2 5 0
    endloop
  endfacet
  facet normal -0 0 -1
    outer loop
      vertex 33.2 27.7 0
      vertex -33.2 5 0
      vertex -33.2 27.7 0
    endloop
  endfacet
  facet normal 1 -0 0
    outer loop
      vertex 46.2 0 50.3
      vertex 46.2 5 0
      vertex 46.2 5 50.3
    endloop
  endfacet
  facet normal 1 0 0
    outer loop
      vertex 46.2 5 0
      vertex 46.2 0 50.3
      vertex 46.2 0 0
    endloop
  endfacet
  facet normal 0 1 0
    outer loop
      vertex 46.2 5 50.3
      vertex 39.7 5 29.9
      vertex 33.2 5 50.3
    endloop
  endfacet
  facet normal 0 1 0
    outer loop
      vertex 46.2 5 50.3
      vertex 40.3186 5 29.8595
      vertex 39.7 5 29.9
    endloop
  endfacet
  facet normal 0 1 0
    outer loop
      vertex 46.2 5 50.3
      vertex 40.32 5 29.8594
      vertex 40.3186 5 29.8595
    endloop
  endfacet
  facet normal 0 1 0
    outer loop
      vertex 46.2 5 50.3
      vertex 40.928 5 29.7384
      vertex 40.32 5 29.8594
    endloop
  endfacet
  facet normal 0 1 0
    outer loop
      vertex 46.2 5 50.3
      vertex 40.9294 5 29.7381
      vertex 40.928 5 29.7384
    endloop
  endfacet
  facet normal 0 1 0
    outer loop
      vertex 46.2 5 50.3
      vertex 40.9308 5 29.7377
      vertex 40.9294 5 29.7381
    endloop
  endfacet
  facet normal 0 1 0
    outer loop
      vertex 46.2 5 50.3
      vertex 41.5177 5 29.5384
      vertex 40.9308 5 29.7377
    endloop
  endfacet
  facet normal 0 1 0
    outer loop
      vertex 46.2 5 50.3
      vertex 41.519 5 29.5378
      vertex 41.5177 5 29.5384
    endloop
  endfacet
  facet normal 0 1 0
    outer loop
      vertex 46.2 5 50.3
      vertex 42.075 5 29.2636
      vertex 41.519 5 29.5378
    endloop
  endfacet
  facet normal 0 1 0
    outer loop
      vertex 46.2 5 50.3
      vertex 42.5904 5 28.9192
      vertex 42.075 5 29.2636
    endloop
  endfacet
  facet normal 0 1 0
    outer loop
      vertex 46.2 5 50.3
      vertex 42.5916 5 28.9184
      vertex 42.5904 5 28.9192
    endloop
  endfacet
  facet normal 0 1 0
    outer loop
      vertex 46.2 5 50.3
      vertex 42.5927 5 28.9175
      vertex 42.5916 5 28.9184
    endloop
  endfacet
  facet normal 0 1 0
    outer loop
      vertex 46.2 5 50.3
      vertex 43.0588 5 28.5088
      vertex 42.5927 5 28.9175
    endloop
  endfacet
  facet normal 0 1 0
    outer loop
      vertex 46.2 5 50.3
      vertex 43.4675 5 28.0427
      vertex 43.0588 5 28.5088
    endloop
  endfacet
  facet normal 0 1 0
    outer loop
      vertex 46.2 5 50.3
      vertex 43.4684 5 28.0416
      vertex 43.4675 5 28.0427
    endloop
  endfacet
  facet normal 0 1 0
    outer loop
      vertex 46.2 5 50.3
      vertex 43.8128 5 27.5262
      vertex 43.4684 5 28.0416
    endloop
  endfacet
  facet normal 0 1 0
    outer loop
      vertex 46.2 5 50.3
      vertex 43.8136 5 27.525
      vertex 43.8128 5 27.5262
    endloop
  endfacet
  facet normal 0 1 0
    outer loop
      vertex 46.2 5 50.3
      vertex 43.8143 5 27.5237
      vertex 43.8136 5 27.525
    endloop
  endfacet
  facet normal 0 1 0
    outer loop
      vertex 46.2 5 50.3
      vertex 44.0884 5 26.9677
      vertex 43.8143 5 27.5237
    endloop
  endfacet
  facet normal 0 1 0
    outer loop
      vertex 46.2 5 50.3
      vertex 44.2877 5 26.3808
      vertex 44.0884 5 26.9677
    endloop
  endfacet
  facet normal 0 1 0
    outer loop
      vertex 46.2 5 50.3
      vertex 44.2881 5 26.3794
      vertex 44.2877 5 26.3808
    endloop
  endfacet
  facet normal 0 1 0
    outer loop
      vertex 46.2 5 50.3
      vertex 44.2884 5 26.378
      vertex 44.2881 5 26.3794
    endloop
  endfacet
  facet normal 0 1 0
    outer loop
      vertex 46.2 5 50.3
      vertex 44.4094 5 25.77
      vertex 44.2884 5 26.378
    endloop
  endfacet
  facet normal 0 1 0
    outer loop
      vertex 46.2 5 50.3
      vertex 44.4095 5 25.7686
      vertex 44.4094 5 25.77
    endloop
  endfacet
  facet normal 0 1 0
    outer loop
      vertex 46.2 5 50.3
      vertex 44.45 5 25.15
      vertex 44.4095 5 25.7686
    endloop
  endfacet
  facet normal 0 1 -0
    outer loop
      vertex 46.2 5 0
      vertex 44.45 5 25.15
      vertex 46.2 5 50.3
    endloop
  endfacet
  facet normal 0 1 0
    outer loop
      vertex 44.45 5 25.15
      vertex 46.2 5 0
      vertex 44.4095 5 24.5314
    endloop
  endfacet
  facet normal 0 1 0
    outer loop
      vertex 46.2 5 0
      vertex 44.2877 5 23.9192
      vertex 44.2881 5 23.9206
    endloop
  endfacet
  facet normal 0 1 0
    outer loop
      vertex 46.2 5 0
      vertex 43.8128 5 22.7738
      vertex 43.8136 5 22.775
    endloop
  endfacet
  facet normal 0 1 0
    outer loop
      vertex 46.2 5 0
      vertex 42.5927 5 21.3825
      vertex 43.0588 5 21.7912
    endloop
  endfacet
  facet normal 0 1 0
    outer loop
      vertex 46.2 5 0
      vertex 42.5904 5 21.3808
      vertex 42.5916 5 21.3816
    endloop
  endfacet
  facet normal 0 1 0
    outer loop
      vertex 46.2 5 0
      vertex 41.519 5 20.7622
      vertex 42.075 5 21.0364
    endloop
  endfacet
  facet normal 0 1 0
    outer loop
      vertex 46.2 5 0
      vertex 41.5164 5 20.7611
      vertex 41.5177 5 20.7616
    endloop
  endfacet
  facet normal 0 1 0
    outer loop
      vertex 46.2 5 0
      vertex 40.3214 5 20.4409
      vertex 40.9294 5 20.5619
    endloop
  endfacet
  facet normal 0 1 0
    outer loop
      vertex 46.2 5 0
      vertex 40.3186 5 20.4405
      vertex 40.32 5 20.4406
    endloop
  endfacet
  facet normal 0 1 0
    outer loop
      vertex 40.3186 5 20.4405
      vertex 46.2 5 0
      vertex 39.7 5 20.4
    endloop
  endfacet
  facet normal 0 1 0
    outer loop
      vertex 40.3214 5 20.4409
      vertex 46.2 5 0
      vertex 40.32 5 20.4406
    endloop
  endfacet
  facet normal 0 1 0
    outer loop
      vertex 41.5164 5 20.7611
      vertex 46.2 5 0
      vertex 40.9294 5 20.5619
    endloop
  endfacet
  facet normal 0 1 0
    outer loop
      vertex 41.519 5 20.7622
      vertex 46.2 5 0
      vertex 41.5177 5 20.7616
    endloop
  endfacet
  facet normal 0 1 0
    outer loop
      vertex 42.5904 5 21.3808
      vertex 46.2 5 0
      vertex 42.075 5 21.0364
    endloop
  endfacet
  facet normal 0 1 0
    outer loop
      vertex 42.5927 5 21.3825
      vertex 46.2 5 0
      vertex 42.5916 5 21.3816
    endloop
  endfacet
  facet normal 0 1 0
    outer loop
      vertex 43.0597 5 21.7923
      vertex 46.2 5 0
      vertex 43.0588 5 21.7912
    endloop
  endfacet
  facet normal 0 1 0
    outer loop
      vertex 43.4684 5 22.2584
      vertex 46.2 5 0
      vertex 43.0597 5 21.7923
    endloop
  endfacet
  facet normal 0 1 0
    outer loop
      vertex 43.8128 5 22.7738
      vertex 46.2 5 0
      vertex 43.4684 5 22.2584
    endloop
  endfacet
  facet normal 0 1 0
    outer loop
      vertex 43.8143 5 22.7763
      vertex 46.2 5 0
      vertex 43.8136 5 22.775
    endloop
  endfacet
  facet normal 0 1 0
    outer loop
      vertex 44.0884 5 23.3323
      vertex 46.2 5 0
      vertex 43.8143 5 22.7763
    endloop
  endfacet
  facet normal 0 1 0
    outer loop
      vertex 44.2877 5 23.9192
      vertex 46.2 5 0
      vertex 44.0884 5 23.3323
    endloop
  endfacet
  facet normal 0 1 0
    outer loop
      vertex 44.2884 5 23.922
      vertex 46.2 5 0
      vertex 44.2881 5 23.9206
    endloop
  endfacet
  facet normal 0 1 0
    outer loop
      vertex 44.4094 5 24.53
      vertex 46.2 5 0
      vertex 44.2884 5 23.922
    endloop
  endfacet
  facet normal 0 1 0
    outer loop
      vertex 44.4095 5 24.5314
      vertex 46.2 5 0
      vertex 44.4094 5 24.53
    endloop
  endfacet
  facet normal 0 1 -0
    outer loop
      vertex 39.6986 5 29.8999
      vertex 33.2 5 50.3
      vertex 39.7 5 29.9
    endloop
  endfacet
  facet normal 0 1 -0
    outer loop
      vertex 39.08 5 29.8594
      vertex 33.2 5 50.3
      vertex 39.6986 5 29.8999
    endloop
  endfacet
  facet normal 0 1 -0
    outer loop
      vertex 38.472 5 29.7384
      vertex 33.2 5 50.3
      vertex 39.08 5 29.8594
    endloop
  endfacet
  facet normal 0 1 -0
    outer loop
      vertex 38.4706 5 29.7381
      vertex 33.2 5 50.3
      vertex 38.472 5 29.7384
    endloop
  endfacet
  facet normal 0 1 -0
    outer loop
      vertex 38.4692 5 29.7377
      vertex 33.2 5 50.3
      vertex 38.4706 5 29.7381
    endloop
  endfacet
  facet normal 0 1 -0
    outer loop
      vertex 37.8823 5 29.5384
      vertex 33.2 5 50.3
      vertex 38.4692 5 29.7377
    endloop
  endfacet
  facet normal 0 1 -0
    outer loop
      vertex 37.881 5 29.5378
      vertex 33.2 5 50.3
      vertex 37.8823 5 29.5384
    endloop
  endfacet
  facet normal 0 1 -0
    outer loop
      vertex 37.325 5 29.2636
      vertex 33.2 5 50.3
      vertex 37.881 5 29.5378
    endloop
  endfacet
  facet normal 0 1 -0
    outer loop
      vertex 36.8096 5 28.9192
      vertex 33.2 5 50.3
      vertex 37.325 5 29.2636
    endloop
  endfacet
  facet normal 0 1 -0
    outer loop
      vertex 36.8084 5 28.9184
      vertex 33.2 5 50.3
      vertex 36.8096 5 28.9192
    endloop
  endfacet
  facet normal 0 1 -0
    outer loop
      vertex 36.3423 5 28.5097
      vertex 33.2 5 50.3
      vertex 36.8084 5 28.9184
    endloop
  endfacet
  facet normal 0 1 -0
    outer loop
      vertex 36.3412 5 28.5088
      vertex 33.2 5 50.3
      vertex 36.3423 5 28.5097
    endloop
  endfacet
  facet normal 0 1 -0
    outer loop
      vertex 35.9325 5 28.0427
      vertex 33.2 5 50.3
      vertex 36.3412 5 28.5088
    endloop
  endfacet
  facet normal 0 1 -0
    outer loop
      vertex 35.9316 5 28.0416
      vertex 33.2 5 50.3
      vertex 35.9325 5 28.0427
    endloop
  endfacet
  facet normal 0 1 -0
    outer loop
      vertex 35.9308 5 28.0404
      vertex 33.2 5 50.3
      vertex 35.9316 5 28.0416
    endloop
  endfacet
  facet normal 0 1 -0
    outer loop
      vertex 35.5864 5 27.525
      vertex 33.2 5 50.3
      vertex 35.9308 5 28.0404
    endloop
  endfacet
  facet normal 0 1 -0
    outer loop
      vertex 35.3122 5 26.969
      vertex 33.2 5 50.3
      vertex 35.5864 5 27.525
    endloop
  endfacet
  facet normal 0 1 -0
    outer loop
      vertex 35.3116 5 26.9677
      vertex 33.2 5 50.3
      vertex 35.3122 5 26.969
    endloop
  endfacet
  facet normal 0 1 -0
    outer loop
      vertex 35.3111 5 26.9664
      vertex 33.2 5 50.3
      vertex 35.3116 5 26.9677
    endloop
  endfacet
  facet normal 0 1 -0
    outer loop
      vertex 35.1119 5 26.3794
      vertex 33.2 5 50.3
      vertex 35.3111 5 26.9664
    endloop
  endfacet
  facet normal 0 1 -0
    outer loop
      vertex 35.1116 5 26.378
      vertex 33.2 5 50.3
      vertex 35.1119 5 26.3794
    endloop
  endfacet
  facet normal 0 1 -0
    outer loop
      vertex 34.9906 5 25.77
      vertex 33.2 5 50.3
      vertex 35.1116 5 26.378
    endloop
  endfacet
  facet normal 0 1 -0
    outer loop
      vertex 34.9501 5 25.1514
      vertex 33.2 5 50.3
      vertex 34.9906 5 25.77
    endloop
  endfacet
  facet normal 0 1 -0
    outer loop
      vertex 34.95 5 25.15
      vertex 33.2 5 50.3
      vertex 34.9501 5 25.1514
    endloop
  endfacet
  facet normal 0 1 0
    outer loop
      vertex 33.2 5 0
      vertex 34.95 5 25.15
      vertex 34.9501 5 25.1486
    endloop
  endfacet
  facet normal 0 1 0
    outer loop
      vertex 33.2 5 0
      vertex 34.9501 5 25.1486
      vertex 34.9906 5 24.53
    endloop
  endfacet
  facet normal 0 -1 0
    outer loop
      vertex 35.3116 5 23.3323
      vertex 35.1119 5 23.9206
      vertex 35.3111 5 23.3336
    endloop
  endfacet
  facet normal 0 1 0
    outer loop
      vertex 33.2 5 0
      vertex 35.3122 5 23.331
      vertex 35.5864 5 22.775
    endloop
  endfacet
  facet normal 0 1 0
    outer loop
      vertex 33.2 5 0
      vertex 36.8073 5 21.3825
      vertex 36.8084 5 21.3816
    endloop
  endfacet
  facet normal 0 1 0
    outer loop
      vertex 33.2 5 0
      vertex 36.8096 5 21.3808
      vertex 37.325 5 21.0364
    endloop
  endfacet
  facet normal 0 1 0
    outer loop
      vertex 33.2 5 0
      vertex 37.881 5 20.7622
      vertex 37.8823 5 20.7616
    endloop
  endfacet
  facet normal 0 1 0
    outer loop
      vertex 33.2 5 0
      vertex 37.8836 5 20.7611
      vertex 38.4706 5 20.5619
    endloop
  endfacet
  facet normal 0 1 0
    outer loop
      vertex 33.2 5 0
      vertex 39.0786 5 20.4409
      vertex 39.08 5 20.4406
    endloop
  endfacet
  facet normal 0 1 0
    outer loop
      vertex 33.2 5 0
      vertex 39.7 5 20.4
      vertex 46.2 5 0
    endloop
  endfacet
  facet normal 0 1 0
    outer loop
      vertex 39.7 5 20.4
      vertex 33.2 5 0
      vertex 39.6986 5 20.4001
    endloop
  endfacet
  facet normal 0 1 0
    outer loop
      vertex 39.6986 5 20.4001
      vertex 33.2 5 0
      vertex 39.08 5 20.4406
    endloop
  endfacet
  facet normal 0 1 0
    outer loop
      vertex 39.0786 5 20.4409
      vertex 33.2 5 0
      vertex 38.4706 5 20.5619
    endloop
  endfacet
  facet normal 0 1 0
    outer loop
      vertex 37.8836 5 20.7611
      vertex 33.2 5 0
      vertex 37.8823 5 20.7616
    endloop
  endfacet
  facet normal 0 1 0
    outer loop
      vertex 37.881 5 20.7622
      vertex 33.2 5 0
      vertex 37.325 5 21.0364
    endloop
  endfacet
  facet normal 0 1 0
    outer loop
      vertex 36.8096 5 21.3808
      vertex 33.2 5 0
      vertex 36.8084 5 21.3816
    endloop
  endfacet
  facet normal 0 1 0
    outer loop
      vertex 36.8073 5 21.3825
      vertex 33.2 5 0
      vertex 36.3412 5 21.7912
    endloop
  endfacet
  facet normal 0 1 0
    outer loop
      vertex 36.3412 5 21.7912
      vertex 33.2 5 0
      vertex 36.3403 5 21.7923
    endloop
  endfacet
  facet normal 0 1 0
    outer loop
      vertex 36.3403 5 21.7923
      vertex 33.2 5 0
      vertex 35.9316 5 22.2584
    endloop
  endfacet
  facet normal 0 1 0
    outer loop
      vertex 35.9316 5 22.2584
      vertex 33.2 5 0
      vertex 35.9308 5 22.2596
    endloop
  endfacet
  facet normal 0 1 0
    outer loop
      vertex 35.9308 5 22.2596
      vertex 33.2 5 0
      vertex 35.5864 5 22.775
    endloop
  endfacet
  facet normal 0 1 0
    outer loop
      vertex 34.95 5 25.15
      vertex 33.2 5 0
      vertex 33.2 5 50.3
    endloop
  endfacet
  facet normal 0 1 0
    outer loop
      vertex 35.1116 5 23.922
      vertex 33.2 5 0
      vertex 34.9906 5 24.53
    endloop
  endfacet
  facet normal 0 1 0
    outer loop
      vertex 35.1119 5 23.9206
      vertex 33.2 5 0
      vertex 35.1116 5 23.922
    endloop
  endfacet
  facet normal 0 1 0
    outer loop
      vertex 35.3116 5 23.3323
      vertex 33.2 5 0
      vertex 35.1119 5 23.9206
    endloop
  endfacet
  facet normal 0 1 0
    outer loop
      vertex 35.3122 5 23.331
      vertex 33.2 5 0
      vertex 35.3116 5 23.3323
    endloop
  endfacet
  facet normal -1 0 0
    outer loop
      vertex -33.2 5 0
      vertex -33.2 27.7 50.3
      vertex -33.2 27.7 0
    endloop
  endfacet
  facet normal -1 -0 0
    outer loop
      vertex -33.2 27.7 50.3
      vertex -33.2 5 0
      vertex -33.2 5 50.3
    endloop
  endfacet
  facet normal 1 -0 0
    outer loop
      vertex -30.7 3 49.1
      vertex -30.7 25.2 2.5
      vertex -30.7 25.2 49.1
    endloop
  endfacet
  facet normal 1 0 0
    outer loop
      vertex -30.7 25.2 2.5
      vertex -30.7 3 49.1
      vertex -30.7 3 2.5
    endloop
  endfacet
  facet normal -1 0 0
    outer loop
      vertex -46.2 0 0
      vertex -46.2 5 50.3
      vertex -46.2 5 0
    endloop
  endfacet
  facet normal -1 -0 0
    outer loop
      vertex -46.2 5 50.3
      vertex -46.2 0 0
      vertex -46.2 0 50.3
    endloop
  endfacet
  facet normal 0 1 0
    outer loop
      vertex -33.2 5 50.3
      vertex -39.7 5 29.9
      vertex -46.2 5 50.3
    endloop
  endfacet
  facet normal 0 1 0
    outer loop
      vertex -33.2 5 50.3
      vertex -39.6986 5 29.8999
      vertex -39.7 5 29.9
    endloop
  endfacet
  facet normal 0 1 0
    outer loop
      vertex -33.2 5 50.3
      vertex -39.08 5 29.8594
      vertex -39.6986 5 29.8999
    endloop
  endfacet
  facet normal 0 1 0
    outer loop
      vertex -33.2 5 50.3
      vertex -38.472 5 29.7384
      vertex -39.08 5 29.8594
    endloop
  endfacet
  facet normal 0 1 0
    outer loop
      vertex -33.2 5 50.3
      vertex -38.4706 5 29.7381
      vertex -38.472 5 29.7384
    endloop
  endfacet
  facet normal 0 1 0
    outer loop
      vertex -33.2 5 50.3
      vertex -38.4692 5 29.7377
      vertex -38.4706 5 29.7381
    endloop
  endfacet
  facet normal 0 1 0
    outer loop
      vertex -33.2 5 50.3
      vertex -37.8823 5 29.5384
      vertex -38.4692 5 29.7377
    endloop
  endfacet
  facet normal 0 1 0
    outer loop
      vertex -33.2 5 50.3
      vertex -37.881 5 29.5378
      vertex -37.8823 5 29.5384
    endloop
  endfacet
  facet normal 0 1 0
    outer loop
      vertex -33.2 5 50.3
      vertex -37.325 5 29.2636
      vertex -37.881 5 29.5378
    endloop
  endfacet
  facet normal 0 1 0
    outer loop
      vertex -33.2 5 50.3
      vertex -36.8096 5 28.9192
      vertex -37.325 5 29.2636
    endloop
  endfacet
  facet normal 0 1 0
    outer loop
      vertex -33.2 5 50.3
      vertex -36.8084 5 28.9184
      vertex -36.8096 5 28.9192
    endloop
  endfacet
  facet normal 0 1 0
    outer loop
      vertex -33.2 5 50.3
      vertex -36.3423 5 28.5097
      vertex -36.8084 5 28.9184
    endloop
  endfacet
  facet normal 0 1 0
    outer loop
      vertex -33.2 5 50.3
      vertex -36.3412 5 28.5088
      vertex -36.3423 5 28.5097
    endloop
  endfacet
  facet normal 0 1 0
    outer loop
      vertex -33.2 5 50.3
      vertex -35.9325 5 28.0427
      vertex -36.3412 5 28.5088
    endloop
  endfacet
  facet normal 0 1 0
    outer loop
      vertex -33.2 5 50.3
      vertex -35.9316 5 28.0416
      vertex -35.9325 5 28.0427
    endloop
  endfacet
  facet normal 0 1 0
    outer loop
      vertex -33.2 5 50.3
      vertex -35.9308 5 28.0404
      vertex -35.9316 5 28.0416
    endloop
  endfacet
  facet normal 0 1 0
    outer loop
      vertex -33.2 5 50.3
      vertex -35.5864 5 27.525
      vertex -35.9308 5 28.0404
    endloop
  endfacet
  facet normal 0 1 0
    outer loop
      vertex -33.2 5 50.3
      vertex -35.3122 5 26.969
      vertex -35.5864 5 27.525
    endloop
  endfacet
  facet normal 0 1 0
    outer loop
      vertex -33.2 5 50.3
      vertex -35.3116 5 26.9677
      vertex -35.3122 5 26.969
    endloop
  endfacet
  facet normal 0 1 0
    outer loop
      vertex -33.2 5 50.3
      vertex -35.3111 5 26.9664
      vertex -35.3116 5 26.9677
    endloop
  endfacet
  facet normal 0 1 0
    outer loop
      vertex -33.2 5 50.3
      vertex -35.1119 5 26.3794
      vertex -35.3111 5 26.9664
    endloop
  endfacet
  facet normal 0 1 0
    outer loop
      vertex -33.2 5 50.3
      vertex -35.1116 5 26.378
      vertex -35.1119 5 26.3794
    endloop
  endfacet
  facet normal 0 1 0
    outer loop
      vertex -33.2 5 50.3
      vertex -34.9906 5 25.77
      vertex -35.1116 5 26.378
    endloop
  endfacet
  facet normal 0 1 0
    outer loop
      vertex -33.2 5 50.3
      vertex -34.9501 5 25.1514
      vertex -34.9906 5 25.77
    endloop
  endfacet
  facet normal 0 1 0
    outer loop
      vertex -33.2 5 50.3
      vertex -34.95 5 25.15
      vertex -34.9501 5 25.1514
    endloop
  endfacet
  facet normal 0 1 -0
    outer loop
      vertex -33.2 5 0
      vertex -34.95 5 25.15
      vertex -33.2 5 50.3
    endloop
  endfacet
  facet normal 0 1 0
    outer loop
      vertex -34.95 5 25.15
      vertex -33.2 5 0
      vertex -34.9501 5 25.1486
    endloop
  endfacet
  facet normal 0 -1 0
    outer loop
      vertex -35.1119 5 23.9206
      vertex -35.3116 5 23.3323
      vertex -35.3111 5 23.3336
    endloop
  endfacet
  facet normal 0 1 0
    outer loop
      vertex -33.2 5 0
      vertex -35.3122 5 23.331
      vertex -35.3116 5 23.3323
    endloop
  endfacet
  facet normal 0 1 0
    outer loop
      vertex -33.2 5 0
      vertex -36.8073 5 21.3825
      vertex -36.3412 5 21.7912
    endloop
  endfacet
  facet normal 0 1 0
    outer loop
      vertex -33.2 5 0
      vertex -36.8096 5 21.3808
      vertex -36.8084 5 21.3816
    endloop
  endfacet
  facet normal 0 1 0
    outer loop
      vertex -33.2 5 0
      vertex -37.881 5 20.7622
      vertex -37.325 5 21.0364
    endloop
  endfacet
  facet normal 0 1 0
    outer loop
      vertex -33.2 5 0
      vertex -37.8836 5 20.7611
      vertex -37.8823 5 20.7616
    endloop
  endfacet
  facet normal 0 1 0
    outer loop
      vertex -33.2 5 0
      vertex -39.0786 5 20.4409
      vertex -38.4706 5 20.5619
    endloop
  endfacet
  facet normal 0 1 0
    outer loop
      vertex -39.6986 5 20.4001
      vertex -33.2 5 0
      vertex -39.7 5 20.4
    endloop
  endfacet
  facet normal 0 1 0
    outer loop
      vertex -39.08 5 20.4406
      vertex -33.2 5 0
      vertex -39.6986 5 20.4001
    endloop
  endfacet
  facet normal 0 1 0
    outer loop
      vertex -39.0786 5 20.4409
      vertex -33.2 5 0
      vertex -39.08 5 20.4406
    endloop
  endfacet
  facet normal 0 1 0
    outer loop
      vertex -37.8836 5 20.7611
      vertex -33.2 5 0
      vertex -38.4706 5 20.5619
    endloop
  endfacet
  facet normal 0 1 0
    outer loop
      vertex -37.881 5 20.7622
      vertex -33.2 5 0
      vertex -37.8823 5 20.7616
    endloop
  endfacet
  facet normal 0 1 0
    outer loop
      vertex -36.8096 5 21.3808
      vertex -33.2 5 0
      vertex -37.325 5 21.0364
    endloop
  endfacet
  facet normal 0 1 0
    outer loop
      vertex -36.8073 5 21.3825
      vertex -33.2 5 0
      vertex -36.8084 5 21.3816
    endloop
  endfacet
  facet normal 0 1 0
    outer loop
      vertex -36.3403 5 21.7923
      vertex -33.2 5 0
      vertex -36.3412 5 21.7912
    endloop
  endfacet
  facet normal 0 1 0
    outer loop
      vertex -35.9316 5 22.2584
      vertex -33.2 5 0
      vertex -36.3403 5 21.7923
    endloop
  endfacet
  facet normal 0 1 0
    outer loop
      vertex -35.9308 5 22.2596
      vertex -33.2 5 0
      vertex -35.9316 5 22.2584
    endloop
  endfacet
  facet normal 0 1 0
    outer loop
      vertex -35.5864 5 22.775
      vertex -33.2 5 0
      vertex -35.9308 5 22.2596
    endloop
  endfacet
  facet normal 0 1 0
    outer loop
      vertex -35.3122 5 23.331
      vertex -33.2 5 0
      vertex -35.5864 5 22.775
    endloop
  endfacet
  facet normal 0 1 0
    outer loop
      vertex -35.1119 5 23.9206
      vertex -33.2 5 0
      vertex -35.3116 5 23.3323
    endloop
  endfacet
  facet normal 0 1 0
    outer loop
      vertex -35.1116 5 23.922
      vertex -33.2 5 0
      vertex -35.1119 5 23.9206
    endloop
  endfacet
  facet normal 0 1 0
    outer loop
      vertex -34.9906 5 24.53
      vertex -33.2 5 0
      vertex -35.1116 5 23.922
    endloop
  endfacet
  facet normal 0 1 0
    outer loop
      vertex -34.9501 5 25.1486
      vertex -33.2 5 0
      vertex -34.9906 5 24.53
    endloop
  endfacet
  facet normal 0 1 -0
    outer loop
      vertex -40.3186 5 29.8595
      vertex -46.2 5 50.3
      vertex -39.7 5 29.9
    endloop
  endfacet
  facet normal 0 1 -0
    outer loop
      vertex -40.32 5 29.8594
      vertex -46.2 5 50.3
      vertex -40.3186 5 29.8595
    endloop
  endfacet
  facet normal 0 1 -0
    outer loop
      vertex -40.928 5 29.7384
      vertex -46.2 5 50.3
      vertex -40.32 5 29.8594
    endloop
  endfacet
  facet normal 0 1 -0
    outer loop
      vertex -40.9294 5 29.7381
      vertex -46.2 5 50.3
      vertex -40.928 5 29.7384
    endloop
  endfacet
  facet normal 0 1 -0
    outer loop
      vertex -40.9308 5 29.7377
      vertex -46.2 5 50.3
      vertex -40.9294 5 29.7381
    endloop
  endfacet
  facet normal 0 1 -0
    outer loop
      vertex -41.5177 5 29.5384
      vertex -46.2 5 50.3
      vertex -40.9308 5 29.7377
    endloop
  endfacet
  facet normal 0 1 -0
    outer loop
      vertex -41.519 5 29.5378
      vertex -46.2 5 50.3
      vertex -41.5177 5 29.5384
    endloop
  endfacet
  facet normal 0 1 -0
    outer loop
      vertex -42.075 5 29.2636
      vertex -46.2 5 50.3
      vertex -41.519 5 29.5378
    endloop
  endfacet
  facet normal 0 1 -0
    outer loop
      vertex -42.5904 5 28.9192
      vertex -46.2 5 50.3
      vertex -42.075 5 29.2636
    endloop
  endfacet
  facet normal 0 1 -0
    outer loop
      vertex -42.5916 5 28.9184
      vertex -46.2 5 50.3
      vertex -42.5904 5 28.9192
    endloop
  endfacet
  facet normal 0 1 -0
    outer loop
      vertex -42.5927 5 28.9175
      vertex -46.2 5 50.3
      vertex -42.5916 5 28.9184
    endloop
  endfacet
  facet normal 0 1 -0
    outer loop
      vertex -43.0588 5 28.5088
      vertex -46.2 5 50.3
      vertex -42.5927 5 28.9175
    endloop
  endfacet
  facet normal 0 1 -0
    outer loop
      vertex -43.4675 5 28.0427
      vertex -46.2 5 50.3
      vertex -43.0588 5 28.5088
    endloop
  endfacet
  facet normal 0 1 -0
    outer loop
      vertex -43.4684 5 28.0416
      vertex -46.2 5 50.3
      vertex -43.4675 5 28.0427
    endloop
  endfacet
  facet normal 0 1 -0
    outer loop
      vertex -43.8128 5 27.5262
      vertex -46.2 5 50.3
      vertex -43.4684 5 28.0416
    endloop
  endfacet
  facet normal 0 1 -0
    outer loop
      vertex -43.8136 5 27.525
      vertex -46.2 5 50.3
      vertex -43.8128 5 27.5262
    endloop
  endfacet
  facet normal 0 1 -0
    outer loop
      vertex -43.8143 5 27.5237
      vertex -46.2 5 50.3
      vertex -43.8136 5 27.525
    endloop
  endfacet
  facet normal 0 1 -0
    outer loop
      vertex -44.0884 5 26.9677
      vertex -46.2 5 50.3
      vertex -43.8143 5 27.5237
    endloop
  endfacet
  facet normal 0 1 -0
    outer loop
      vertex -44.2877 5 26.3808
      vertex -46.2 5 50.3
      vertex -44.0884 5 26.9677
    endloop
  endfacet
  facet normal 0 1 -0
    outer loop
      vertex -44.2881 5 26.3794
      vertex -46.2 5 50.3
      vertex -44.2877 5 26.3808
    endloop
  endfacet
  facet normal 0 1 -0
    outer loop
      vertex -44.2884 5 26.378
      vertex -46.2 5 50.3
      vertex -44.2881 5 26.3794
    endloop
  endfacet
  facet normal 0 1 -0
    outer loop
      vertex -44.4094 5 25.77
      vertex -46.2 5 50.3
      vertex -44.2884 5 26.378
    endloop
  endfacet
  facet normal 0 1 -0
    outer loop
      vertex -44.4095 5 25.7686
      vertex -46.2 5 50.3
      vertex -44.4094 5 25.77
    endloop
  endfacet
  facet normal 0 1 -0
    outer loop
      vertex -44.45 5 25.15
      vertex -46.2 5 50.3
      vertex -44.4095 5 25.7686
    endloop
  endfacet
  facet normal 0 1 0
    outer loop
      vertex -46.2 5 0
      vertex -44.45 5 25.15
      vertex -44.4095 5 24.5314
    endloop
  endfacet
  facet normal 0 1 0
    outer loop
      vertex -46.2 5 0
      vertex -44.4095 5 24.5314
      vertex -44.4094 5 24.53
    endloop
  endfacet
  facet normal 0 1 0
    outer loop
      vertex -46.2 5 0
      vertex -44.2877 5 23.9192
      vertex -44.0884 5 23.3323
    endloop
  endfacet
  facet normal 0 1 0
    outer loop
      vertex -46.2 5 0
      vertex -43.8128 5 22.7738
      vertex -43.4684 5 22.2584
    endloop
  endfacet
  facet normal 0 1 0
    outer loop
      vertex -46.2 5 0
      vertex -42.5927 5 21.3825
      vertex -42.5916 5 21.3816
    endloop
  endfacet
  facet normal 0 1 0
    outer loop
      vertex -46.2 5 0
      vertex -42.5904 5 21.3808
      vertex -42.075 5 21.0364
    endloop
  endfacet
  facet normal 0 1 0
    outer loop
      vertex -46.2 5 0
      vertex -41.519 5 20.7622
      vertex -41.5177 5 20.7616
    endloop
  endfacet
  facet normal 0 1 0
    outer loop
      vertex -46.2 5 0
      vertex -41.5164 5 20.7611
      vertex -40.9294 5 20.5619
    endloop
  endfacet
  facet normal 0 1 0
    outer loop
      vertex -46.2 5 0
      vertex -40.3214 5 20.4409
      vertex -40.32 5 20.4406
    endloop
  endfacet
  facet normal 0 1 0
    outer loop
      vertex -46.2 5 0
      vertex -40.3186 5 20.4405
      vertex -39.7 5 20.4
    endloop
  endfacet
  facet normal 0 1 0
    outer loop
      vertex -46.2 5 0
      vertex -39.7 5 20.4
      vertex -33.2 5 0
    endloop
  endfacet
  facet normal 0 1 0
    outer loop
      vertex -40.3186 5 20.4405
      vertex -46.2 5 0
      vertex -40.32 5 20.4406
    endloop
  endfacet
  facet normal 0 1 0
    outer loop
      vertex -40.3214 5 20.4409
      vertex -46.2 5 0
      vertex -40.9294 5 20.5619
    endloop
  endfacet
  facet normal 0 1 0
    outer loop
      vertex -41.5164 5 20.7611
      vertex -46.2 5 0
      vertex -41.5177 5 20.7616
    endloop
  endfacet
  facet normal 0 1 0
    outer loop
      vertex -41.519 5 20.7622
      vertex -46.2 5 0
      vertex -42.075 5 21.0364
    endloop
  endfacet
  facet normal 0 1 0
    outer loop
      vertex -42.5904 5 21.3808
      vertex -46.2 5 0
      vertex -42.5916 5 21.3816
    endloop
  endfacet
  facet normal 0 1 0
    outer loop
      vertex -42.5927 5 21.3825
      vertex -46.2 5 0
      vertex -43.0588 5 21.7912
    endloop
  endfacet
  facet normal 0 1 0
    outer loop
      vertex -43.0588 5 21.7912
      vertex -46.2 5 0
      vertex -43.0597 5 21.7923
    endloop
  endfacet
  facet normal 0 1 0
    outer loop
      vertex -43.0597 5 21.7923
      vertex -46.2 5 0
      vertex -43.4684 5 22.2584
    endloop
  endfacet
  facet normal 0 1 0
    outer loop
      vertex -43.8128 5 22.7738
      vertex -46.2 5 0
      vertex -43.8136 5 22.775
    endloop
  endfacet
  facet normal 0 1 0
    outer loop
      vertex -43.8136 5 22.775
      vertex -46.2 5 0
      vertex -43.8143 5 22.7763
    endloop
  endfacet
  facet normal 0 1 0
    outer loop
      vertex -44.45 5 25.15
      vertex -46.2 5 0
      vertex -46.2 5 50.3
    endloop
  endfacet
  facet normal 0 1 0
    outer loop
      vertex -44.2884 5 23.922
      vertex -46.2 5 0
      vertex -44.4094 5 24.53
    endloop
  endfacet
  facet normal 0 1 0
    outer loop
      vertex -44.2881 5 23.9206
      vertex -46.2 5 0
      vertex -44.2884 5 23.922
    endloop
  endfacet
  facet normal 0 1 0
    outer loop
      vertex -44.2877 5 23.9192
      vertex -46.2 5 0
      vertex -44.2881 5 23.9206
    endloop
  endfacet
  facet normal 0 1 0
    outer loop
      vertex -43.8143 5 22.7763
      vertex -46.2 5 0
      vertex -44.0884 5 23.3323
    endloop
  endfacet
  facet normal 0 -1 0
    outer loop
      vertex -30.7 25.2 49.1
      vertex -12 25.2 28.3
      vertex -12 25.2 49.1
    endloop
  endfacet
  facet normal 0 -1 0
    outer loop
      vertex -30.7 25.2 49.1
      vertex -11.8973 25.2 26.7337
      vertex -12 25.2 28.3
    endloop
  endfacet
  facet normal 0 -1 0
    outer loop
      vertex -30.7 25.2 2.5
      vertex -11.8973 25.2 26.7337
      vertex -30.7 25.2 49.1
    endloop
  endfacet
  facet normal 0 -1 -0
    outer loop
      vertex -11.8973 25.2 26.7337
      vertex -30.7 25.2 2.5
      vertex -11.5911 25.2 25.1942
    endloop
  endfacet
  facet normal 0 -1 -0
    outer loop
      vertex -11.5911 25.2 25.1942
      vertex -30.7 25.2 2.5
      vertex -11.0866 25.2 23.7078
    endloop
  endfacet
  facet normal 0 -1 -0
    outer loop
      vertex -11.0866 25.2 23.7078
      vertex -30.7 25.2 2.5
      vertex -10.3923 25.2 22.3
    endloop
  endfacet
  facet normal 0 -1 -0
    outer loop
      vertex -1.56631 25.2 16.4027
      vertex -30.7 25.2 2.5
      vertex 0 25.2 16.3
    endloop
  endfacet
  facet normal 0 -1 -0
    outer loop
      vertex -3.10583 25.2 16.7089
      vertex -30.7 25.2 2.5
      vertex -1.56631 25.2 16.4027
    endloop
  endfacet
  facet normal 0 -1 -0
    outer loop
      vertex -4.5922 25.2 17.2134
      vertex -30.7 25.2 2.5
      vertex -3.10583 25.2 16.7089
    endloop
  endfacet
  facet normal 0 -1 -0
    outer loop
      vertex -6 25.2 17.9077
      vertex -30.7 25.2 2.5
      vertex -4.5922 25.2 17.2134
    endloop
  endfacet
  facet normal 0 -1 -0
    outer loop
      vertex -7.30514 25.2 18.7798
      vertex -30.7 25.2 2.5
      vertex -6 25.2 17.9077
    endloop
  endfacet
  facet normal 0 -1 -0
    outer loop
      vertex -8.48528 25.2 19.8147
      vertex -30.7 25.2 2.5
      vertex -7.30514 25.2 18.7798
    endloop
  endfacet
  facet normal 0 -1 -0
    outer loop
      vertex -9.52024 25.2 20.9949
      vertex -30.7 25.2 2.5
      vertex -8.48528 25.2 19.8147
    endloop
  endfacet
  facet normal 0 -1 -0
    outer loop
      vertex -10.3923 25.2 22.3
      vertex -30.7 25.2 2.5
      vertex -9.52024 25.2 20.9949
    endloop
  endfacet
  facet normal 0 -1 0
    outer loop
      vertex 12 25.2 28.3
      vertex 30.7 25.2 49.1
      vertex 12 25.2 49.1
    endloop
  endfacet
  facet normal 0 -1 0
    outer loop
      vertex 11.8973 25.2 26.7337
      vertex 30.7 25.2 49.1
      vertex 12 25.2 28.3
    endloop
  endfacet
  facet normal 0 -1 0
    outer loop
      vertex 30.7 25.2 2.5
      vertex 11.8973 25.2 26.7337
      vertex 11.5911 25.2 25.1942
    endloop
  endfacet
  facet normal 0 -1 0
    outer loop
      vertex 30.7 25.2 2.5
      vertex 11.5911 25.2 25.1942
      vertex 11.0866 25.2 23.7078
    endloop
  endfacet
  facet normal 0 -1 0
    outer loop
      vertex 30.7 25.2 2.5
      vertex 11.0866 25.2 23.7078
      vertex 10.3923 25.2 22.3
    endloop
  endfacet
  facet normal 0 -1 0
    outer loop
      vertex 30.7 25.2 2.5
      vertex 10.3923 25.2 22.3
      vertex 9.52024 25.2 20.9949
    endloop
  endfacet
  facet normal 0 -1 0
    outer loop
      vertex 30.7 25.2 2.5
      vertex 0 25.2 16.3
      vertex -30.7 25.2 2.5
    endloop
  endfacet
  facet normal 0 -1 0
    outer loop
      vertex 0 25.2 16.3
      vertex 30.7 25.2 2.5
      vertex 1.56631 25.2 16.4027
    endloop
  endfacet
  facet normal 0 -1 0
    outer loop
      vertex 1.56631 25.2 16.4027
      vertex 30.7 25.2 2.5
      vertex 3.10583 25.2 16.7089
    endloop
  endfacet
  facet normal 0 -1 0
    outer loop
      vertex 11.8973 25.2 26.7337
      vertex 30.7 25.2 2.5
      vertex 30.7 25.2 49.1
    endloop
  endfacet
  facet normal 0 -1 0
    outer loop
      vertex 8.48528 25.2 19.8147
      vertex 30.7 25.2 2.5
      vertex 9.52024 25.2 20.9949
    endloop
  endfacet
  facet normal 0 -1 0
    outer loop
      vertex 7.30514 25.2 18.7798
      vertex 30.7 25.2 2.5
      vertex 8.48528 25.2 19.8147
    endloop
  endfacet
  facet normal 0 -1 0
    outer loop
      vertex 6 25.2 17.9077
      vertex 30.7 25.2 2.5
      vertex 7.30514 25.2 18.7798
    endloop
  endfacet
  facet normal 0 -1 0
    outer loop
      vertex 4.5922 25.2 17.2134
      vertex 30.7 25.2 2.5
      vertex 6 25.2 17.9077
    endloop
  endfacet
  facet normal 0 -1 0
    outer loop
      vertex 3.10583 25.2 16.7089
      vertex 30.7 25.2 2.5
      vertex 4.5922 25.2 17.2134
    endloop
  endfacet
  facet normal 0 1 -0
    outer loop
      vertex 30.7 3 2.5
      vertex -30.7 3 49.1
      vertex 30.7 3 49.1
    endloop
  endfacet
  facet normal 0 1 0
    outer loop
      vertex -30.7 3 49.1
      vertex 30.7 3 2.5
      vertex -30.7 3 2.5
    endloop
  endfacet
  facet normal -0 0 1
    outer loop
      vertex -30.7 25.2 2.5
      vertex 30.7 3 2.5
      vertex 30.7 25.2 2.5
    endloop
  endfacet
  facet normal 0 0 1
    outer loop
      vertex 30.7 3 2.5
      vertex -30.7 25.2 2.5
      vertex -30.7 3 2.5
    endloop
  endfacet
  facet normal -0.195116 0 0.98078
    outer loop
      vertex -39.3737 2.75 22.6714
      vertex -39.053 0 22.7352
      vertex -39.053 2.75 22.7352
    endloop
  endfacet
  facet normal -0.195116 0 0.98078
    outer loop
      vertex -39.053 0 22.7352
      vertex -39.3737 2.75 22.6714
      vertex -39.3737 0 22.6714
    endloop
  endfacet
  facet normal 0.195116 0 0.98078
    outer loop
      vertex -40.347 2.75 22.7352
      vertex -40.0263 0 22.6714
      vertex -40.0263 2.75 22.6714
    endloop
  endfacet
  facet normal 0.195116 0 0.98078
    outer loop
      vertex -40.0263 0 22.6714
      vertex -40.347 2.75 22.7352
      vertex -40.347 0 22.7352
    endloop
  endfacet
  facet normal -0.98078 0 -0.195116
    outer loop
      vertex -37.2214 0 25.4763
      vertex -37.2852 2.75 25.797
      vertex -37.2214 2.75 25.4763
    endloop
  endfacet
  facet normal -0.98078 -0 -0.195116
    outer loop
      vertex -37.2852 2.75 25.797
      vertex -37.2214 0 25.4763
      vertex -37.2852 0 25.797
    endloop
  endfacet
  facet normal -0.997856 0 -0.0654432
    outer loop
      vertex -37.2 0 25.15
      vertex -37.2214 2.75 25.4763
      vertex -37.2 2.75 25.15
    endloop
  endfacet
  facet normal -0.997856 -0 -0.0654432
    outer loop
      vertex -37.2214 2.75 25.4763
      vertex -37.2 0 25.15
      vertex -37.2214 0 25.4763
    endloop
  endfacet
  facet normal -0.946957 0 -0.32136
    outer loop
      vertex -37.2852 0 25.797
      vertex -37.3903 2.75 26.1067
      vertex -37.2852 2.75 25.797
    endloop
  endfacet
  facet normal -0.946957 -0 -0.32136
    outer loop
      vertex -37.3903 2.75 26.1067
      vertex -37.2852 0 25.797
      vertex -37.3903 0 26.1067
    endloop
  endfacet
  facet normal -0.442191 0 -0.896921
    outer loop
      vertex -38.7433 0 27.4597
      vertex -38.45 2.75 27.3151
      vertex -38.45 0 27.3151
    endloop
  endfacet
  facet normal -0.442191 0 -0.896921
    outer loop
      vertex -38.45 2.75 27.3151
      vertex -38.7433 0 27.4597
      vertex -38.7433 2.75 27.4597
    endloop
  endfacet
  facet normal 0.997856 -0 0.0654432
    outer loop
      vertex -42.2 0 25.15
      vertex -42.1786 2.75 24.8237
      vertex -42.2 2.75 25.15
    endloop
  endfacet
  facet normal 0.997856 0 0.0654432
    outer loop
      vertex -42.1786 2.75 24.8237
      vertex -42.2 0 25.15
      vertex -42.1786 0 24.8237
    endloop
  endfacet
  facet normal 0.98078 0 -0.195116
    outer loop
      vertex -42.1148 0 25.797
      vertex -42.1786 2.75 25.4763
      vertex -42.1148 2.75 25.797
    endloop
  endfacet
  facet normal 0.98078 0 -0.195116
    outer loop
      vertex -42.1786 2.75 25.4763
      vertex -42.1148 0 25.797
      vertex -42.1786 0 25.4763
    endloop
  endfacet
  facet normal 0.659262 0 -0.751913
    outer loop
      vertex -41.4678 0 26.9178
      vertex -41.2219 2.75 27.1334
      vertex -41.2219 0 27.1334
    endloop
  endfacet
  facet normal 0.659262 0 -0.751913
    outer loop
      vertex -41.2219 2.75 27.1334
      vertex -41.4678 0 26.9178
      vertex -41.4678 2.75 26.9178
    endloop
  endfacet
  facet normal -0.98078 0 0.195116
    outer loop
      vertex -37.2852 0 24.503
      vertex -37.2214 2.75 24.8237
      vertex -37.2852 2.75 24.503
    endloop
  endfacet
  facet normal -0.98078 0 0.195116
    outer loop
      vertex -37.2214 2.75 24.8237
      vertex -37.2852 0 24.503
      vertex -37.2214 0 24.8237
    endloop
  endfacet
  facet normal -0.555617 0 -0.831438
    outer loop
      vertex -38.45 0 27.3151
      vertex -38.1781 2.75 27.1334
      vertex -38.1781 0 27.1334
    endloop
  endfacet
  facet normal -0.555617 0 -0.831438
    outer loop
      vertex -38.1781 2.75 27.1334
      vertex -38.45 0 27.3151
      vertex -38.45 2.75 27.3151
    endloop
  endfacet
  facet normal -0.32136 0 0.946957
    outer loop
      vertex -39.053 2.75 22.7352
      vertex -38.7433 0 22.8403
      vertex -38.7433 2.75 22.8403
    endloop
  endfacet
  facet normal -0.32136 0 0.946957
    outer loop
      vertex -38.7433 0 22.8403
      vertex -39.053 2.75 22.7352
      vertex -39.053 0 22.7352
    endloop
  endfacet
  facet normal 0.0654432 0 0.997856
    outer loop
      vertex -40.0263 2.75 22.6714
      vertex -39.7 0 22.65
      vertex -39.7 2.75 22.65
    endloop
  endfacet
  facet normal 0.0654432 0 0.997856
    outer loop
      vertex -39.7 0 22.65
      vertex -40.0263 2.75 22.6714
      vertex -40.0263 0 22.6714
    endloop
  endfacet
  facet normal -0.896921 0 -0.442191
    outer loop
      vertex -37.3903 0 26.1067
      vertex -37.5349 2.75 26.4
      vertex -37.3903 2.75 26.1067
    endloop
  endfacet
  facet normal -0.896921 -0 -0.442191
    outer loop
      vertex -37.5349 2.75 26.4
      vertex -37.3903 0 26.1067
      vertex -37.5349 0 26.4
    endloop
  endfacet
  facet normal 0.831438 -0 0.555617
    outer loop
      vertex -41.8651 0 23.9
      vertex -41.6834 2.75 23.6281
      vertex -41.8651 2.75 23.9
    endloop
  endfacet
  facet normal 0.831438 0 0.555617
    outer loop
      vertex -41.6834 2.75 23.6281
      vertex -41.8651 0 23.9
      vertex -41.6834 0 23.6281
    endloop
  endfacet
  facet normal -0.831438 0 0.555617
    outer loop
      vertex -37.7166 0 23.6281
      vertex -37.5349 2.75 23.9
      vertex -37.7166 2.75 23.6281
    endloop
  endfacet
  facet normal -0.831438 0 0.555617
    outer loop
      vertex -37.5349 2.75 23.9
      vertex -37.7166 0 23.6281
      vertex -37.5349 0 23.9
    endloop
  endfacet
  facet normal 0.32136 0 0.946957
    outer loop
      vertex -40.6567 2.75 22.8403
      vertex -40.347 0 22.7352
      vertex -40.347 2.75 22.7352
    endloop
  endfacet
  facet normal 0.32136 0 0.946957
    outer loop
      vertex -40.347 0 22.7352
      vertex -40.6567 2.75 22.8403
      vertex -40.6567 0 22.8403
    endloop
  endfacet
  facet normal 0.751913 -0 0.659262
    outer loop
      vertex -41.6834 0 23.6281
      vertex -41.4678 2.75 23.3822
      vertex -41.6834 2.75 23.6281
    endloop
  endfacet
  facet normal 0.751913 0 0.659262
    outer loop
      vertex -41.4678 2.75 23.3822
      vertex -41.6834 0 23.6281
      vertex -41.4678 0 23.3822
    endloop
  endfacet
  facet normal 0.98078 -0 0.195116
    outer loop
      vertex -42.1786 0 24.8237
      vertex -42.1148 2.75 24.503
      vertex -42.1786 2.75 24.8237
    endloop
  endfacet
  facet normal 0.98078 0 0.195116
    outer loop
      vertex -42.1148 2.75 24.503
      vertex -42.1786 0 24.8237
      vertex -42.1148 0 24.503
    endloop
  endfacet
  facet normal 0.442191 0 -0.896921
    outer loop
      vertex -40.95 0 27.3151
      vertex -40.6567 2.75 27.4597
      vertex -40.6567 0 27.4597
    endloop
  endfacet
  facet normal 0.442191 0 -0.896921
    outer loop
      vertex -40.6567 2.75 27.4597
      vertex -40.95 0 27.3151
      vertex -40.95 2.75 27.3151
    endloop
  endfacet
  facet normal 0.896921 -0 0.442191
    outer loop
      vertex -42.0097 0 24.1933
      vertex -41.8651 2.75 23.9
      vertex -42.0097 2.75 24.1933
    endloop
  endfacet
  facet normal 0.896921 0 0.442191
    outer loop
      vertex -41.8651 2.75 23.9
      vertex -42.0097 0 24.1933
      vertex -41.8651 0 23.9
    endloop
  endfacet
  facet normal -0.0654432 0 0.997856
    outer loop
      vertex -39.7 2.75 22.65
      vertex -39.3737 0 22.6714
      vertex -39.3737 2.75 22.6714
    endloop
  endfacet
  facet normal -0.0654432 0 0.997856
    outer loop
      vertex -39.3737 0 22.6714
      vertex -39.7 2.75 22.65
      vertex -39.7 0 22.65
    endloop
  endfacet
  facet normal -0.831438 0 -0.555617
    outer loop
      vertex -37.5349 0 26.4
      vertex -37.7166 2.75 26.6719
      vertex -37.5349 2.75 26.4
    endloop
  endfacet
  facet normal -0.831438 -0 -0.555617
    outer loop
      vertex -37.7166 2.75 26.6719
      vertex -37.5349 0 26.4
      vertex -37.7166 0 26.6719
    endloop
  endfacet
  facet normal 0.751913 0 -0.659262
    outer loop
      vertex -41.4678 0 26.9178
      vertex -41.6834 2.75 26.6719
      vertex -41.4678 2.75 26.9178
    endloop
  endfacet
  facet normal 0.751913 0 -0.659262
    outer loop
      vertex -41.6834 2.75 26.6719
      vertex -41.4678 0 26.9178
      vertex -41.6834 0 26.6719
    endloop
  endfacet
  facet normal -0.751913 0 -0.659262
    outer loop
      vertex -37.7166 0 26.6719
      vertex -37.9322 2.75 26.9178
      vertex -37.7166 2.75 26.6719
    endloop
  endfacet
  facet normal -0.751913 -0 -0.659262
    outer loop
      vertex -37.9322 2.75 26.9178
      vertex -37.7166 0 26.6719
      vertex -37.9322 0 26.9178
    endloop
  endfacet
  facet normal -0.997856 0 0.0654432
    outer loop
      vertex -37.2214 0 24.8237
      vertex -37.2 2.75 25.15
      vertex -37.2214 2.75 24.8237
    endloop
  endfacet
  facet normal -0.997856 0 0.0654432
    outer loop
      vertex -37.2 2.75 25.15
      vertex -37.2214 0 24.8237
      vertex -37.2 0 25.15
    endloop
  endfacet
  facet normal 0.555617 0 -0.831438
    outer loop
      vertex -41.2219 0 27.1334
      vertex -40.95 2.75 27.3151
      vertex -40.95 0 27.3151
    endloop
  endfacet
  facet normal 0.555617 0 -0.831438
    outer loop
      vertex -40.95 2.75 27.3151
      vertex -41.2219 0 27.1334
      vertex -41.2219 2.75 27.1334
    endloop
  endfacet
  facet normal -0.659262 0 -0.751913
    outer loop
      vertex -38.1781 0 27.1334
      vertex -37.9322 2.75 26.9178
      vertex -37.9322 0 26.9178
    endloop
  endfacet
  facet normal -0.659262 0 -0.751913
    outer loop
      vertex -37.9322 2.75 26.9178
      vertex -38.1781 0 27.1334
      vertex -38.1781 2.75 27.1334
    endloop
  endfacet
  facet normal 0.442191 0 0.896921
    outer loop
      vertex -40.95 2.75 22.9849
      vertex -40.6567 0 22.8403
      vertex -40.6567 2.75 22.8403
    endloop
  endfacet
  facet normal 0.442191 0 0.896921
    outer loop
      vertex -40.6567 0 22.8403
      vertex -40.95 2.75 22.9849
      vertex -40.95 0 22.9849
    endloop
  endfacet
  facet normal -0.0654432 0 -0.997856
    outer loop
      vertex -39.7 0 27.65
      vertex -39.3737 2.75 27.6286
      vertex -39.3737 0 27.6286
    endloop
  endfacet
  facet normal -0.0654432 0 -0.997856
    outer loop
      vertex -39.3737 2.75 27.6286
      vertex -39.7 0 27.65
      vertex -39.7 2.75 27.65
    endloop
  endfacet
  facet normal 0.0654432 0 -0.997856
    outer loop
      vertex -40.0263 0 27.6286
      vertex -39.7 2.75 27.65
      vertex -39.7 0 27.65
    endloop
  endfacet
  facet normal 0.0654432 0 -0.997856
    outer loop
      vertex -39.7 2.75 27.65
      vertex -40.0263 0 27.6286
      vertex -40.0263 2.75 27.6286
    endloop
  endfacet
  facet normal -0.32136 0 -0.946957
    outer loop
      vertex -39.053 0 27.5648
      vertex -38.7433 2.75 27.4597
      vertex -38.7433 0 27.4597
    endloop
  endfacet
  facet normal -0.32136 0 -0.946957
    outer loop
      vertex -38.7433 2.75 27.4597
      vertex -39.053 0 27.5648
      vertex -39.053 2.75 27.5648
    endloop
  endfacet
  facet normal -0.946957 0 0.32136
    outer loop
      vertex -37.3903 0 24.1933
      vertex -37.2852 2.75 24.503
      vertex -37.3903 2.75 24.1933
    endloop
  endfacet
  facet normal -0.946957 0 0.32136
    outer loop
      vertex -37.2852 2.75 24.503
      vertex -37.3903 0 24.1933
      vertex -37.2852 0 24.503
    endloop
  endfacet
  facet normal 0.946957 -0 0.32136
    outer loop
      vertex -42.1148 0 24.503
      vertex -42.0097 2.75 24.1933
      vertex -42.1148 2.75 24.503
    endloop
  endfacet
  facet normal 0.946957 0 0.32136
    outer loop
      vertex -42.0097 2.75 24.1933
      vertex -42.1148 0 24.503
      vertex -42.0097 0 24.1933
    endloop
  endfacet
  facet normal -0.896921 0 0.442191
    outer loop
      vertex -37.5349 0 23.9
      vertex -37.3903 2.75 24.1933
      vertex -37.5349 2.75 23.9
    endloop
  endfacet
  facet normal -0.896921 0 0.442191
    outer loop
      vertex -37.3903 2.75 24.1933
      vertex -37.5349 0 23.9
      vertex -37.3903 0 24.1933
    endloop
  endfacet
  facet normal -0.195116 0 -0.98078
    outer loop
      vertex -39.3737 0 27.6286
      vertex -39.053 2.75 27.5648
      vertex -39.053 0 27.5648
    endloop
  endfacet
  facet normal -0.195116 0 -0.98078
    outer loop
      vertex -39.053 2.75 27.5648
      vertex -39.3737 0 27.6286
      vertex -39.3737 2.75 27.6286
    endloop
  endfacet
  facet normal 0.555617 0 0.831438
    outer loop
      vertex -41.2219 2.75 23.1666
      vertex -40.95 0 22.9849
      vertex -40.95 2.75 22.9849
    endloop
  endfacet
  facet normal 0.555617 0 0.831438
    outer loop
      vertex -40.95 0 22.9849
      vertex -41.2219 2.75 23.1666
      vertex -41.2219 0 23.1666
    endloop
  endfacet
  facet normal 0.32136 0 -0.946957
    outer loop
      vertex -40.6567 0 27.4597
      vertex -40.347 2.75 27.5648
      vertex -40.347 0 27.5648
    endloop
  endfacet
  facet normal 0.32136 0 -0.946957
    outer loop
      vertex -40.347 2.75 27.5648
      vertex -40.6567 0 27.4597
      vertex -40.6567 2.75 27.4597
    endloop
  endfacet
  facet normal 0.195116 0 -0.98078
    outer loop
      vertex -40.347 0 27.5648
      vertex -40.0263 2.75 27.6286
      vertex -40.0263 0 27.6286
    endloop
  endfacet
  facet normal 0.195116 0 -0.98078
    outer loop
      vertex -40.0263 2.75 27.6286
      vertex -40.347 0 27.5648
      vertex -40.347 2.75 27.5648
    endloop
  endfacet
  facet normal -0.751913 0 0.659262
    outer loop
      vertex -37.9322 0 23.3822
      vertex -37.7166 2.75 23.6281
      vertex -37.9322 2.75 23.3822
    endloop
  endfacet
  facet normal -0.751913 0 0.659262
    outer loop
      vertex -37.7166 2.75 23.6281
      vertex -37.9322 0 23.3822
      vertex -37.7166 0 23.6281
    endloop
  endfacet
  facet normal 0.896921 0 -0.442191
    outer loop
      vertex -41.8651 0 26.4
      vertex -42.0097 2.75 26.1067
      vertex -41.8651 2.75 26.4
    endloop
  endfacet
  facet normal 0.896921 0 -0.442191
    outer loop
      vertex -42.0097 2.75 26.1067
      vertex -41.8651 0 26.4
      vertex -42.0097 0 26.1067
    endloop
  endfacet
  facet normal 0.946957 0 -0.32136
    outer loop
      vertex -42.0097 0 26.1067
      vertex -42.1148 2.75 25.797
      vertex -42.0097 2.75 26.1067
    endloop
  endfacet
  facet normal 0.946957 0 -0.32136
    outer loop
      vertex -42.1148 2.75 25.797
      vertex -42.0097 0 26.1067
      vertex -42.1148 0 25.797
    endloop
  endfacet
  facet normal 0.997856 0 -0.0654432
    outer loop
      vertex -42.1786 0 25.4763
      vertex -42.2 2.75 25.15
      vertex -42.1786 2.75 25.4763
    endloop
  endfacet
  facet normal 0.997856 0 -0.0654432
    outer loop
      vertex -42.2 2.75 25.15
      vertex -42.1786 0 25.4763
      vertex -42.2 0 25.15
    endloop
  endfacet
  facet normal 0.659262 0 0.751913
    outer loop
      vertex -41.4678 2.75 23.3822
      vertex -41.2219 0 23.1666
      vertex -41.2219 2.75 23.1666
    endloop
  endfacet
  facet normal 0.659262 0 0.751913
    outer loop
      vertex -41.2219 0 23.1666
      vertex -41.4678 2.75 23.3822
      vertex -41.4678 0 23.3822
    endloop
  endfacet
  facet normal -0.555617 0 0.831438
    outer loop
      vertex -38.45 2.75 22.9849
      vertex -38.1781 0 23.1666
      vertex -38.1781 2.75 23.1666
    endloop
  endfacet
  facet normal -0.555617 0 0.831438
    outer loop
      vertex -38.1781 0 23.1666
      vertex -38.45 2.75 22.9849
      vertex -38.45 0 22.9849
    endloop
  endfacet
  facet normal -0.442191 0 0.896921
    outer loop
      vertex -38.7433 2.75 22.8403
      vertex -38.45 0 22.9849
      vertex -38.45 2.75 22.9849
    endloop
  endfacet
  facet normal -0.442191 0 0.896921
    outer loop
      vertex -38.45 0 22.9849
      vertex -38.7433 2.75 22.8403
      vertex -38.7433 0 22.8403
    endloop
  endfacet
  facet normal 0.831438 0 -0.555617
    outer loop
      vertex -41.6834 0 26.6719
      vertex -41.8651 2.75 26.4
      vertex -41.6834 2.75 26.6719
    endloop
  endfacet
  facet normal 0.831438 0 -0.555617
    outer loop
      vertex -41.8651 2.75 26.4
      vertex -41.6834 0 26.6719
      vertex -41.8651 0 26.4
    endloop
  endfacet
  facet normal -0.659262 0 0.751913
    outer loop
      vertex -38.1781 2.75 23.1666
      vertex -37.9322 0 23.3822
      vertex -37.9322 2.75 23.3822
    endloop
  endfacet
  facet normal -0.659262 0 0.751913
    outer loop
      vertex -37.9322 0 23.3822
      vertex -38.1781 2.75 23.1666
      vertex -38.1781 0 23.1666
    endloop
  endfacet
  facet normal 0.0463243 0.706359 0.706337
    outer loop
      vertex -40.3186 5 20.4405
      vertex -40.0263 2.75 22.6714
      vertex -39.7 2.75 22.65
    endloop
  endfacet
  facet normal 0.0504234 0.706486 0.705928
    outer loop
      vertex -40.0263 2.75 22.6714
      vertex -40.3186 5 20.4405
      vertex -40.32 5 20.4406
    endloop
  endfacet
  facet normal -0.296438 0.706821 -0.642283
    outer loop
      vertex -37.881 5 29.5378
      vertex -38.7433 2.75 27.4597
      vertex -37.8823 5 29.5384
    endloop
  endfacet
  facet normal -0.313011 0.70635 -0.634897
    outer loop
      vertex -38.7433 2.75 27.4597
      vertex -37.881 5 29.5378
      vertex -38.45 2.75 27.3151
    endloop
  endfacet
  facet normal -0.706207 0.706207 -0.0504433
    outer loop
      vertex -37.2 2.75 25.15
      vertex -34.9501 5 25.1514
      vertex -34.95 5 25.15
    endloop
  endfacet
  facet normal -0.706349 0.706346 -0.0463251
    outer loop
      vertex -34.9501 5 25.1514
      vertex -37.2 2.75 25.15
      vertex -37.2214 2.75 25.4763
    endloop
  endfacet
  facet normal -0.706346 0.706355 -0.0462448
    outer loop
      vertex -34.9906 5 25.77
      vertex -34.9501 5 25.1514
      vertex -37.2214 2.75 25.4763
    endloop
  endfacet
  facet normal 0.532233 0.706349 -0.466689
    outer loop
      vertex -43.0588 5 28.5088
      vertex -41.4678 2.75 26.9178
      vertex -43.4675 5 28.0427
    endloop
  endfacet
  facet normal 0.138164 0.706354 -0.694244
    outer loop
      vertex -40.32 5 29.8594
      vertex -40.0263 2.75 27.6286
      vertex -40.928 5 29.7384
    endloop
  endfacet
  facet normal 0.588552 0.70634 -0.393306
    outer loop
      vertex -41.8651 2.75 26.4
      vertex -43.8128 5 27.5262
      vertex -41.6834 2.75 26.6719
    endloop
  endfacet
  facet normal 0.588965 0.706365 -0.392643
    outer loop
      vertex -43.8128 5 27.5262
      vertex -41.8651 2.75 26.4
      vertex -43.8136 5 27.525
    endloop
  endfacet
  facet normal 0.670275 0.706345 -0.227613
    outer loop
      vertex -44.0884 5 26.9677
      vertex -42.0097 2.75 26.1067
      vertex -44.2877 5 26.3808
    endloop
  endfacet
  facet normal 0.622731 0.706943 -0.335317
    outer loop
      vertex -41.8651 2.75 26.4
      vertex -43.8143 5 27.5237
      vertex -43.8136 5 27.525
    endloop
  endfacet
  facet normal 0.6349 0.706346 -0.313012
    outer loop
      vertex -43.8143 5 27.5237
      vertex -41.8651 2.75 26.4
      vertex -42.0097 2.75 26.1067
    endloop
  endfacet
  facet normal -0.532237 0.706344 0.466693
    outer loop
      vertex -35.9316 5 22.2584
      vertex -36.3403 5 21.7923
      vertex -37.7166 2.75 23.6281
    endloop
  endfacet
  facet normal 0.694259 0.706349 0.138116
    outer loop
      vertex -42.1148 2.75 24.503
      vertex -44.2884 5 23.922
      vertex -42.1786 2.75 24.8237
    endloop
  endfacet
  facet normal 0.691858 0.706649 0.148255
    outer loop
      vertex -44.2884 5 23.922
      vertex -42.1148 2.75 24.503
      vertex -44.2881 5 23.9206
    endloop
  endfacet
  facet normal 0.313094 0.706341 -0.634866
    outer loop
      vertex -41.519 5 29.5378
      vertex -40.95 2.75 27.3151
      vertex -42.075 5 29.2636
    endloop
  endfacet
  facet normal -0.634866 0.706341 0.313094
    outer loop
      vertex -35.3122 5 23.331
      vertex -35.5864 5 22.775
      vertex -37.5349 2.75 23.9
    endloop
  endfacet
  facet normal 0.194271 0.707056 -0.679949
    outer loop
      vertex -40.347 2.75 27.5648
      vertex -40.9308 5 29.7377
      vertex -40.9294 5 29.7381
    endloop
  endfacet
  facet normal 0.227476 0.70636 -0.670307
    outer loop
      vertex -40.9308 5 29.7377
      vertex -40.347 2.75 27.5648
      vertex -40.6567 2.75 27.4597
    endloop
  endfacet
  facet normal 0.588562 0.706342 0.393288
    outer loop
      vertex -41.6834 2.75 23.6281
      vertex -43.4684 5 22.2584
      vertex -43.8128 5 22.7738
    endloop
  endfacet
  facet normal -0.642283 0.706821 0.296438
    outer loop
      vertex -35.3122 5 23.331
      vertex -37.3903 2.75 24.1933
      vertex -35.3116 5 23.3323
    endloop
  endfacet
  facet normal -0.634897 0.70635 0.313011
    outer loop
      vertex -37.3903 2.75 24.1933
      vertex -35.3122 5 23.331
      vertex -37.5349 2.75 23.9
    endloop
  endfacet
  facet normal -0.634866 0.706341 -0.313094
    outer loop
      vertex -35.5864 5 27.525
      vertex -35.3122 5 26.969
      vertex -37.5349 2.75 26.4
    endloop
  endfacet
  facet normal 0.706337 0.706359 0.0463243
    outer loop
      vertex -42.1786 2.75 24.8237
      vertex -44.4095 5 24.5314
      vertex -42.2 2.75 25.15
    endloop
  endfacet
  facet normal 0.705928 0.706486 0.0504234
    outer loop
      vertex -44.4095 5 24.5314
      vertex -42.1786 2.75 24.8237
      vertex -44.4094 5 24.53
    endloop
  endfacet
  facet normal -0.39267 0.706317 -0.589005
    outer loop
      vertex -38.1781 2.75 27.1334
      vertex -36.8096 5 28.9192
      vertex -36.8084 5 28.9184
    endloop
  endfacet
  facet normal -0.393305 0.706343 -0.58855
    outer loop
      vertex -36.8096 5 28.9192
      vertex -38.1781 2.75 27.1334
      vertex -38.45 2.75 27.3151
    endloop
  endfacet
  facet normal -0.0462448 0.706355 0.706346
    outer loop
      vertex -39.3737 2.75 22.6714
      vertex -39.08 5 20.4406
      vertex -39.6986 5 20.4001
    endloop
  endfacet
  facet normal -0.670319 0.706349 -0.227474
    outer loop
      vertex -35.3111 5 26.9664
      vertex -35.1119 5 26.3794
      vertex -37.2852 2.75 25.797
    endloop
  endfacet
  facet normal 0.634908 0.706345 -0.313
    outer loop
      vertex -43.8143 5 27.5237
      vertex -42.0097 2.75 26.1067
      vertex -44.0884 5 26.9677
    endloop
  endfacet
  facet normal -0.0504433 0.706207 -0.706207
    outer loop
      vertex -39.6986 5 29.8999
      vertex -39.7 2.75 27.65
      vertex -39.7 5 29.9
    endloop
  endfacet
  facet normal -0.0463251 0.706346 -0.706349
    outer loop
      vertex -39.7 2.75 27.65
      vertex -39.6986 5 29.8999
      vertex -39.3737 2.75 27.6286
    endloop
  endfacet
  facet normal -0.313094 0.706341 -0.634866
    outer loop
      vertex -37.881 5 29.5378
      vertex -37.325 5 29.2636
      vertex -38.45 2.75 27.3151
    endloop
  endfacet
  facet normal 0.046245 0.70635 -0.70635
    outer loop
      vertex -39.7 5 29.9
      vertex -39.7 2.75 27.65
      vertex -40.3186 5 29.8595
    endloop
  endfacet
  facet normal -0.58855 0.706343 0.393305
    outer loop
      vertex -35.9308 5 22.2596
      vertex -37.7166 2.75 23.6281
      vertex -37.5349 2.75 23.9
    endloop
  endfacet
  facet normal -0.589005 0.706317 0.39267
    outer loop
      vertex -37.7166 2.75 23.6281
      vertex -35.9308 5 22.2596
      vertex -35.9316 5 22.2584
    endloop
  endfacet
  facet normal -0.642283 0.706821 -0.296438
    outer loop
      vertex -37.3903 2.75 26.1067
      vertex -35.3122 5 26.969
      vertex -35.3116 5 26.9677
    endloop
  endfacet
  facet normal -0.634897 0.70635 -0.313011
    outer loop
      vertex -35.3122 5 26.969
      vertex -37.3903 2.75 26.1067
      vertex -37.5349 2.75 26.4
    endloop
  endfacet
  facet normal -0.670316 0.706349 0.227479
    outer loop
      vertex -35.3111 5 23.3336
      vertex -37.3903 2.75 24.1933
      vertex -37.2852 2.75 24.503
    endloop
  endfacet
  facet normal -0.660088 0.706985 0.25388
    outer loop
      vertex -37.3903 2.75 24.1933
      vertex -35.3111 5 23.3336
      vertex -35.3116 5 23.3323
    endloop
  endfacet
  facet normal 0.393289 0.70634 0.588563
    outer loop
      vertex -40.95 2.75 22.9849
      vertex -42.075 5 21.0364
      vertex -42.5904 5 21.3808
    endloop
  endfacet
  facet normal -0.589005 0.706317 -0.39267
    outer loop
      vertex -35.9308 5 28.0404
      vertex -37.7166 2.75 26.6719
      vertex -35.9316 5 28.0416
    endloop
  endfacet
  facet normal -0.58855 0.706343 -0.393305
    outer loop
      vertex -37.7166 2.75 26.6719
      vertex -35.9308 5 28.0404
      vertex -37.5349 2.75 26.4
    endloop
  endfacet
  facet normal 0.634908 0.706345 0.313
    outer loop
      vertex -42.0097 2.75 24.1933
      vertex -43.8143 5 22.7763
      vertex -44.0884 5 23.3323
    endloop
  endfacet
  facet normal -0.138165 0.706347 0.69425
    outer loop
      vertex -39.053 2.75 22.7352
      vertex -38.4706 5 20.5619
      vertex -39.0786 5 20.4409
    endloop
  endfacet
  facet normal -0.588563 0.70634 -0.393289
    outer loop
      vertex -35.9308 5 28.0404
      vertex -35.5864 5 27.525
      vertex -37.5349 2.75 26.4
    endloop
  endfacet
  facet normal -0.532259 0.706341 0.466673
    outer loop
      vertex -36.3403 5 21.7923
      vertex -37.9322 2.75 23.3822
      vertex -37.7166 2.75 23.6281
    endloop
  endfacet
  facet normal -0.548628 0.705348 0.448878
    outer loop
      vertex -37.9322 2.75 23.3822
      vertex -36.3403 5 21.7923
      vertex -36.3412 5 21.7912
    endloop
  endfacet
  facet normal -0.694244 0.706354 0.138164
    outer loop
      vertex -34.9906 5 24.53
      vertex -35.1116 5 23.922
      vertex -37.2214 2.75 24.8237
    endloop
  endfacet
  facet normal 0.70635 0.70635 0.046245
    outer loop
      vertex -42.2 2.75 25.15
      vertex -44.4095 5 24.5314
      vertex -44.45 5 25.15
    endloop
  endfacet
  facet normal -0.466693 0.706344 -0.532237
    outer loop
      vertex -36.8084 5 28.9184
      vertex -36.3423 5 28.5097
      vertex -38.1781 2.75 27.1334
    endloop
  endfacet
  facet normal 0.393289 0.70634 -0.588563
    outer loop
      vertex -42.075 5 29.2636
      vertex -40.95 2.75 27.3151
      vertex -42.5904 5 28.9192
    endloop
  endfacet
  facet normal 0.466689 0.706349 0.532233
    outer loop
      vertex -41.4678 2.75 23.3822
      vertex -42.5927 5 21.3825
      vertex -43.0588 5 21.7912
    endloop
  endfacet
  facet normal 0.70635 0.70635 -0.046245
    outer loop
      vertex -44.4095 5 25.7686
      vertex -42.2 2.75 25.15
      vertex -44.45 5 25.15
    endloop
  endfacet
  facet normal 0.694244 0.706354 -0.138164
    outer loop
      vertex -44.2884 5 26.378
      vertex -42.1786 2.75 25.4763
      vertex -44.4094 5 25.77
    endloop
  endfacet
  facet normal 0.313094 0.706341 0.634866
    outer loop
      vertex -40.95 2.75 22.9849
      vertex -41.519 5 20.7622
      vertex -42.075 5 21.0364
    endloop
  endfacet
  facet normal -0.313094 0.706341 0.634866
    outer loop
      vertex -37.325 5 21.0364
      vertex -37.881 5 20.7622
      vertex -38.45 2.75 22.9849
    endloop
  endfacet
  facet normal 0.691858 0.706649 -0.148255
    outer loop
      vertex -42.1148 2.75 25.797
      vertex -44.2884 5 26.378
      vertex -44.2881 5 26.3794
    endloop
  endfacet
  facet normal 0.694259 0.706349 -0.138116
    outer loop
      vertex -44.2884 5 26.378
      vertex -42.1148 2.75 25.797
      vertex -42.1786 2.75 25.4763
    endloop
  endfacet
  facet normal 0.532237 0.706344 0.466693
    outer loop
      vertex -41.6834 2.75 23.6281
      vertex -43.0597 5 21.7923
      vertex -43.4684 5 22.2584
    endloop
  endfacet
  facet normal -0.138115 0.706353 0.694255
    outer loop
      vertex -39.0786 5 20.4409
      vertex -39.3737 2.75 22.6714
      vertex -39.053 2.75 22.7352
    endloop
  endfacet
  facet normal -0.148396 0.705976 0.692515
    outer loop
      vertex -39.3737 2.75 22.6714
      vertex -39.0786 5 20.4409
      vertex -39.08 5 20.4406
    endloop
  endfacet
  facet normal 0.393305 0.706343 0.58855
    outer loop
      vertex -42.5904 5 21.3808
      vertex -41.2219 2.75 23.1666
      vertex -40.95 2.75 22.9849
    endloop
  endfacet
  facet normal 0.39267 0.706317 0.589005
    outer loop
      vertex -41.2219 2.75 23.1666
      vertex -42.5904 5 21.3808
      vertex -42.5916 5 21.3816
    endloop
  endfacet
  facet normal -0.691858 0.706649 -0.148255
    outer loop
      vertex -35.1116 5 26.378
      vertex -37.2852 2.75 25.797
      vertex -35.1119 5 26.3794
    endloop
  endfacet
  facet normal -0.694259 0.706349 -0.138116
    outer loop
      vertex -37.2852 2.75 25.797
      vertex -35.1116 5 26.378
      vertex -37.2214 2.75 25.4763
    endloop
  endfacet
  facet normal -0.694244 0.706354 -0.138164
    outer loop
      vertex -35.1116 5 26.378
      vertex -34.9906 5 25.77
      vertex -37.2214 2.75 25.4763
    endloop
  endfacet
  facet normal -0.706346 0.706355 0.0462448
    outer loop
      vertex -34.9501 5 25.1486
      vertex -34.9906 5 24.53
      vertex -37.2214 2.75 24.8237
    endloop
  endfacet
  facet normal -0.706349 0.706346 0.0463251
    outer loop
      vertex -37.2 2.75 25.15
      vertex -34.9501 5 25.1486
      vertex -37.2214 2.75 24.8237
    endloop
  endfacet
  facet normal -0.706207 0.706207 0.0504433
    outer loop
      vertex -34.9501 5 25.1486
      vertex -37.2 2.75 25.15
      vertex -34.95 5 25.15
    endloop
  endfacet
  facet normal 0.705928 0.706486 -0.0504234
    outer loop
      vertex -42.1786 2.75 25.4763
      vertex -44.4095 5 25.7686
      vertex -44.4094 5 25.77
    endloop
  endfacet
  facet normal 0.706337 0.706359 -0.0463243
    outer loop
      vertex -44.4095 5 25.7686
      vertex -42.1786 2.75 25.4763
      vertex -42.2 2.75 25.15
    endloop
  endfacet
  facet normal 0.046245 0.70635 0.70635
    outer loop
      vertex -39.7 2.75 22.65
      vertex -39.7 5 20.4
      vertex -40.3186 5 20.4405
    endloop
  endfacet
  facet normal 0.227474 0.706349 0.670319
    outer loop
      vertex -40.347 2.75 22.7352
      vertex -40.9294 5 20.5619
      vertex -41.5164 5 20.7611
    endloop
  endfacet
  facet normal -0.588563 0.70634 0.393289
    outer loop
      vertex -35.5864 5 22.775
      vertex -35.9308 5 22.2596
      vertex -37.5349 2.75 23.9
    endloop
  endfacet
  facet normal 0.227479 0.706349 0.670316
    outer loop
      vertex -41.5164 5 20.7611
      vertex -40.6567 2.75 22.8403
      vertex -40.347 2.75 22.7352
    endloop
  endfacet
  facet normal 0.25388 0.706985 0.660088
    outer loop
      vertex -40.6567 2.75 22.8403
      vertex -41.5164 5 20.7611
      vertex -41.5177 5 20.7616
    endloop
  endfacet
  facet normal -0.393289 0.70634 -0.588563
    outer loop
      vertex -37.325 5 29.2636
      vertex -36.8096 5 28.9192
      vertex -38.45 2.75 27.3151
    endloop
  endfacet
  facet normal 0.138165 0.706347 0.69425
    outer loop
      vertex -40.347 2.75 22.7352
      vertex -40.3214 5 20.4409
      vertex -40.9294 5 20.5619
    endloop
  endfacet
  facet normal 0.44788 0.706928 -0.547409
    outer loop
      vertex -41.2219 2.75 27.1334
      vertex -42.5927 5 28.9175
      vertex -42.5916 5 28.9184
    endloop
  endfacet
  facet normal 0.466666 0.706352 -0.53225
    outer loop
      vertex -42.5927 5 28.9175
      vertex -41.2219 2.75 27.1334
      vertex -41.4678 2.75 26.9178
    endloop
  endfacet
  facet normal -0.194271 0.707056 -0.679949
    outer loop
      vertex -38.4692 5 29.7377
      vertex -39.053 2.75 27.5648
      vertex -38.4706 5 29.7381
    endloop
  endfacet
  facet normal -0.227476 0.70636 -0.670307
    outer loop
      vertex -39.053 2.75 27.5648
      vertex -38.4692 5 29.7377
      vertex -38.7433 2.75 27.4597
    endloop
  endfacet
  facet normal -0.670319 0.706349 0.227474
    outer loop
      vertex -35.1119 5 23.9206
      vertex -35.3111 5 23.3336
      vertex -37.2852 2.75 24.503
    endloop
  endfacet
  facet normal -0.148255 0.706649 -0.691858
    outer loop
      vertex -39.053 2.75 27.5648
      vertex -38.472 5 29.7384
      vertex -38.4706 5 29.7381
    endloop
  endfacet
  facet normal -0.138116 0.706349 -0.694259
    outer loop
      vertex -38.472 5 29.7384
      vertex -39.053 2.75 27.5648
      vertex -39.3737 2.75 27.6286
    endloop
  endfacet
  facet normal -0.466689 0.706349 0.532233
    outer loop
      vertex -36.3412 5 21.7912
      vertex -36.8073 5 21.3825
      vertex -37.9322 2.75 23.3822
    endloop
  endfacet
  facet normal -0.227613 0.706345 -0.670275
    outer loop
      vertex -38.4692 5 29.7377
      vertex -37.8823 5 29.5384
      vertex -38.7433 2.75 27.4597
    endloop
  endfacet
  facet normal 0.694244 0.706354 0.138164
    outer loop
      vertex -42.1786 2.75 24.8237
      vertex -44.2884 5 23.922
      vertex -44.4094 5 24.53
    endloop
  endfacet
  facet normal -0.660088 0.706985 -0.25388
    outer loop
      vertex -35.3111 5 26.9664
      vertex -37.3903 2.75 26.1067
      vertex -35.3116 5 26.9677
    endloop
  endfacet
  facet normal -0.670316 0.706349 -0.227479
    outer loop
      vertex -37.3903 2.75 26.1067
      vertex -35.3111 5 26.9664
      vertex -37.2852 2.75 25.797
    endloop
  endfacet
  facet normal 0.588552 0.70634 0.393306
    outer loop
      vertex -43.8128 5 22.7738
      vertex -41.8651 2.75 23.9
      vertex -41.6834 2.75 23.6281
    endloop
  endfacet
  facet normal 0.588965 0.706365 0.392643
    outer loop
      vertex -41.8651 2.75 23.9
      vertex -43.8128 5 22.7738
      vertex -43.8136 5 22.775
    endloop
  endfacet
  facet normal 0.466689 0.706349 -0.532233
    outer loop
      vertex -42.5927 5 28.9175
      vertex -41.4678 2.75 26.9178
      vertex -43.0588 5 28.5088
    endloop
  endfacet
  facet normal -0.694259 0.706349 0.138116
    outer loop
      vertex -35.1116 5 23.922
      vertex -37.2852 2.75 24.503
      vertex -37.2214 2.75 24.8237
    endloop
  endfacet
  facet normal -0.691858 0.706649 0.148255
    outer loop
      vertex -37.2852 2.75 24.503
      vertex -35.1116 5 23.922
      vertex -35.1119 5 23.9206
    endloop
  endfacet
  facet normal -0.227474 0.706349 0.670319
    outer loop
      vertex -37.8836 5 20.7611
      vertex -38.4706 5 20.5619
      vertex -39.053 2.75 22.7352
    endloop
  endfacet
  facet normal 0.466666 0.706352 0.53225
    outer loop
      vertex -41.2219 2.75 23.1666
      vertex -42.5927 5 21.3825
      vertex -41.4678 2.75 23.3822
    endloop
  endfacet
  facet normal 0.44788 0.706928 0.547409
    outer loop
      vertex -42.5927 5 21.3825
      vertex -41.2219 2.75 23.1666
      vertex -42.5916 5 21.3816
    endloop
  endfacet
  facet normal 0.296438 0.706821 -0.642283
    outer loop
      vertex -40.6567 2.75 27.4597
      vertex -41.519 5 29.5378
      vertex -41.5177 5 29.5384
    endloop
  endfacet
  facet normal 0.313011 0.70635 -0.634897
    outer loop
      vertex -41.519 5 29.5378
      vertex -40.6567 2.75 27.4597
      vertex -40.95 2.75 27.3151
    endloop
  endfacet
  facet normal 0.532259 0.706341 0.466673
    outer loop
      vertex -41.4678 2.75 23.3822
      vertex -43.0597 5 21.7923
      vertex -41.6834 2.75 23.6281
    endloop
  endfacet
  facet normal 0.548628 0.705348 0.448878
    outer loop
      vertex -43.0597 5 21.7923
      vertex -41.4678 2.75 23.3822
      vertex -43.0588 5 21.7912
    endloop
  endfacet
  facet normal 0.0463243 0.706359 -0.706337
    outer loop
      vertex -40.0263 2.75 27.6286
      vertex -40.3186 5 29.8595
      vertex -39.7 2.75 27.65
    endloop
  endfacet
  facet normal 0.0504234 0.706486 -0.705928
    outer loop
      vertex -40.3186 5 29.8595
      vertex -40.0263 2.75 27.6286
      vertex -40.32 5 29.8594
    endloop
  endfacet
  facet normal -0.313011 0.70635 0.634897
    outer loop
      vertex -37.881 5 20.7622
      vertex -38.7433 2.75 22.8403
      vertex -38.45 2.75 22.9849
    endloop
  endfacet
  facet normal -0.296438 0.706821 0.642283
    outer loop
      vertex -38.7433 2.75 22.8403
      vertex -37.881 5 20.7622
      vertex -37.8823 5 20.7616
    endloop
  endfacet
  facet normal -0.393289 0.70634 0.588563
    outer loop
      vertex -36.8096 5 21.3808
      vertex -37.325 5 21.0364
      vertex -38.45 2.75 22.9849
    endloop
  endfacet
  facet normal 0.393305 0.706343 -0.58855
    outer loop
      vertex -41.2219 2.75 27.1334
      vertex -42.5904 5 28.9192
      vertex -40.95 2.75 27.3151
    endloop
  endfacet
  facet normal 0.39267 0.706317 -0.589005
    outer loop
      vertex -42.5904 5 28.9192
      vertex -41.2219 2.75 27.1334
      vertex -42.5916 5 28.9184
    endloop
  endfacet
  facet normal -0.0462448 0.706355 -0.706346
    outer loop
      vertex -39.08 5 29.8594
      vertex -39.3737 2.75 27.6286
      vertex -39.6986 5 29.8999
    endloop
  endfacet
  facet normal 0.138115 0.706353 0.694255
    outer loop
      vertex -40.0263 2.75 22.6714
      vertex -40.3214 5 20.4409
      vertex -40.347 2.75 22.7352
    endloop
  endfacet
  facet normal 0.148396 0.705976 0.692515
    outer loop
      vertex -40.3214 5 20.4409
      vertex -40.0263 2.75 22.6714
      vertex -40.32 5 20.4406
    endloop
  endfacet
  facet normal 0.670307 0.70636 -0.227476
    outer loop
      vertex -42.1148 2.75 25.797
      vertex -44.2877 5 26.3808
      vertex -42.0097 2.75 26.1067
    endloop
  endfacet
  facet normal 0.679949 0.707056 -0.194271
    outer loop
      vertex -44.2877 5 26.3808
      vertex -42.1148 2.75 25.797
      vertex -44.2881 5 26.3794
    endloop
  endfacet
  facet normal -0.138164 0.706354 -0.694244
    outer loop
      vertex -39.08 5 29.8594
      vertex -38.472 5 29.7384
      vertex -39.3737 2.75 27.6286
    endloop
  endfacet
  facet normal -0.448878 0.705348 -0.548628
    outer loop
      vertex -37.9322 2.75 26.9178
      vertex -36.3423 5 28.5097
      vertex -36.3412 5 28.5088
    endloop
  endfacet
  facet normal -0.466673 0.706341 -0.532259
    outer loop
      vertex -36.3423 5 28.5097
      vertex -37.9322 2.75 26.9178
      vertex -38.1781 2.75 27.1334
    endloop
  endfacet
  facet normal 0.313011 0.70635 0.634897
    outer loop
      vertex -40.6567 2.75 22.8403
      vertex -41.519 5 20.7622
      vertex -40.95 2.75 22.9849
    endloop
  endfacet
  facet normal 0.296438 0.706821 0.642283
    outer loop
      vertex -41.519 5 20.7622
      vertex -40.6567 2.75 22.8403
      vertex -41.5177 5 20.7616
    endloop
  endfacet
  facet normal 0.227613 0.706345 -0.670275
    outer loop
      vertex -40.9308 5 29.7377
      vertex -40.6567 2.75 27.4597
      vertex -41.5177 5 29.5384
    endloop
  endfacet
  facet normal 0.138116 0.706349 -0.694259
    outer loop
      vertex -40.347 2.75 27.5648
      vertex -40.928 5 29.7384
      vertex -40.0263 2.75 27.6286
    endloop
  endfacet
  facet normal 0.148255 0.706649 -0.691858
    outer loop
      vertex -40.928 5 29.7384
      vertex -40.347 2.75 27.5648
      vertex -40.9294 5 29.7381
    endloop
  endfacet
  facet normal 0.53225 0.706352 -0.466666
    outer loop
      vertex -41.6834 2.75 26.6719
      vertex -43.4675 5 28.0427
      vertex -41.4678 2.75 26.9178
    endloop
  endfacet
  facet normal 0.547409 0.706928 -0.44788
    outer loop
      vertex -43.4675 5 28.0427
      vertex -41.6834 2.75 26.6719
      vertex -43.4684 5 28.0416
    endloop
  endfacet
  facet normal 0.588562 0.706342 -0.393288
    outer loop
      vertex -43.4684 5 28.0416
      vertex -41.6834 2.75 26.6719
      vertex -43.8128 5 27.5262
    endloop
  endfacet
  facet normal -0.25388 0.706985 0.660088
    outer loop
      vertex -37.8836 5 20.7611
      vertex -38.7433 2.75 22.8403
      vertex -37.8823 5 20.7616
    endloop
  endfacet
  facet normal -0.227479 0.706349 0.670316
    outer loop
      vertex -38.7433 2.75 22.8403
      vertex -37.8836 5 20.7611
      vertex -39.053 2.75 22.7352
    endloop
  endfacet
  facet normal 0.6349 0.706346 0.313012
    outer loop
      vertex -41.8651 2.75 23.9
      vertex -43.8143 5 22.7763
      vertex -42.0097 2.75 24.1933
    endloop
  endfacet
  facet normal 0.622731 0.706943 0.335317
    outer loop
      vertex -43.8143 5 22.7763
      vertex -41.8651 2.75 23.9
      vertex -43.8136 5 22.775
    endloop
  endfacet
  facet normal -0.466666 0.706352 0.53225
    outer loop
      vertex -36.8073 5 21.3825
      vertex -38.1781 2.75 23.1666
      vertex -37.9322 2.75 23.3822
    endloop
  endfacet
  facet normal -0.44788 0.706928 0.547409
    outer loop
      vertex -38.1781 2.75 23.1666
      vertex -36.8073 5 21.3825
      vertex -36.8084 5 21.3816
    endloop
  endfacet
  facet normal -0.532233 0.706349 -0.466689
    outer loop
      vertex -36.3412 5 28.5088
      vertex -35.9325 5 28.0427
      vertex -37.9322 2.75 26.9178
    endloop
  endfacet
  facet normal -0.39267 0.706317 0.589005
    outer loop
      vertex -36.8096 5 21.3808
      vertex -38.1781 2.75 23.1666
      vertex -36.8084 5 21.3816
    endloop
  endfacet
  facet normal -0.393305 0.706343 0.58855
    outer loop
      vertex -38.1781 2.75 23.1666
      vertex -36.8096 5 21.3808
      vertex -38.45 2.75 22.9849
    endloop
  endfacet
  facet normal -0.547409 0.706928 -0.44788
    outer loop
      vertex -37.7166 2.75 26.6719
      vertex -35.9325 5 28.0427
      vertex -35.9316 5 28.0416
    endloop
  endfacet
  facet normal -0.53225 0.706352 -0.466666
    outer loop
      vertex -35.9325 5 28.0427
      vertex -37.7166 2.75 26.6719
      vertex -37.9322 2.75 26.9178
    endloop
  endfacet
  facet normal 0.670275 0.706345 0.227613
    outer loop
      vertex -42.0097 2.75 24.1933
      vertex -44.0884 5 23.3323
      vertex -44.2877 5 23.9192
    endloop
  endfacet
  facet normal 0.670307 0.70636 0.227476
    outer loop
      vertex -44.2877 5 23.9192
      vertex -42.1148 2.75 24.503
      vertex -42.0097 2.75 24.1933
    endloop
  endfacet
  facet normal 0.679949 0.707056 0.194271
    outer loop
      vertex -42.1148 2.75 24.503
      vertex -44.2877 5 23.9192
      vertex -44.2881 5 23.9206
    endloop
  endfacet
  facet normal -0.0463251 0.706346 0.706349
    outer loop
      vertex -39.6986 5 20.4001
      vertex -39.7 2.75 22.65
      vertex -39.3737 2.75 22.6714
    endloop
  endfacet
  facet normal -0.0504433 0.706207 0.706207
    outer loop
      vertex -39.7 2.75 22.65
      vertex -39.6986 5 20.4001
      vertex -39.7 5 20.4
    endloop
  endfacet
  facet normal 0.896921 -0 0.442191
    outer loop
      vertex 37.3903 0 24.1933
      vertex 37.5349 2.75 23.9
      vertex 37.3903 2.75 24.1933
    endloop
  endfacet
  facet normal 0.896921 0 0.442191
    outer loop
      vertex 37.5349 2.75 23.9
      vertex 37.3903 0 24.1933
      vertex 37.5349 0 23.9
    endloop
  endfacet
  facet normal -0.32136 0 0.946957
    outer loop
      vertex 40.347 2.75 22.7352
      vertex 40.6567 0 22.8403
      vertex 40.6567 2.75 22.8403
    endloop
  endfacet
  facet normal -0.32136 0 0.946957
    outer loop
      vertex 40.6567 0 22.8403
      vertex 40.347 2.75 22.7352
      vertex 40.347 0 22.7352
    endloop
  endfacet
  facet normal -0.98078 0 -0.195116
    outer loop
      vertex 42.1786 0 25.4763
      vertex 42.1148 2.75 25.797
      vertex 42.1786 2.75 25.4763
    endloop
  endfacet
  facet normal -0.98078 -0 -0.195116
    outer loop
      vertex 42.1148 2.75 25.797
      vertex 42.1786 0 25.4763
      vertex 42.1148 0 25.797
    endloop
  endfacet
  facet normal -0.997856 0 -0.0654432
    outer loop
      vertex 42.2 0 25.15
      vertex 42.1786 2.75 25.4763
      vertex 42.2 2.75 25.15
    endloop
  endfacet
  facet normal -0.997856 -0 -0.0654432
    outer loop
      vertex 42.1786 2.75 25.4763
      vertex 42.2 0 25.15
      vertex 42.1786 0 25.4763
    endloop
  endfacet
  facet normal -0.946957 0 -0.32136
    outer loop
      vertex 42.1148 0 25.797
      vertex 42.0097 2.75 26.1067
      vertex 42.1148 2.75 25.797
    endloop
  endfacet
  facet normal -0.946957 -0 -0.32136
    outer loop
      vertex 42.0097 2.75 26.1067
      vertex 42.1148 0 25.797
      vertex 42.0097 0 26.1067
    endloop
  endfacet
  facet normal -0.831438 0 -0.555617
    outer loop
      vertex 41.8651 0 26.4
      vertex 41.6834 2.75 26.6719
      vertex 41.8651 2.75 26.4
    endloop
  endfacet
  facet normal -0.831438 -0 -0.555617
    outer loop
      vertex 41.6834 2.75 26.6719
      vertex 41.8651 0 26.4
      vertex 41.6834 0 26.6719
    endloop
  endfacet
  facet normal 0.32136 0 -0.946957
    outer loop
      vertex 38.7433 0 27.4597
      vertex 39.053 2.75 27.5648
      vertex 39.053 0 27.5648
    endloop
  endfacet
  facet normal 0.32136 0 -0.946957
    outer loop
      vertex 39.053 2.75 27.5648
      vertex 38.7433 0 27.4597
      vertex 38.7433 2.75 27.4597
    endloop
  endfacet
  facet normal -0.32136 0 -0.946957
    outer loop
      vertex 40.347 0 27.5648
      vertex 40.6567 2.75 27.4597
      vertex 40.6567 0 27.4597
    endloop
  endfacet
  facet normal -0.32136 0 -0.946957
    outer loop
      vertex 40.6567 2.75 27.4597
      vertex 40.347 0 27.5648
      vertex 40.347 2.75 27.5648
    endloop
  endfacet
  facet normal 0.997856 0 -0.0654432
    outer loop
      vertex 37.2214 0 25.4763
      vertex 37.2 2.75 25.15
      vertex 37.2214 2.75 25.4763
    endloop
  endfacet
  facet normal 0.997856 0 -0.0654432
    outer loop
      vertex 37.2 2.75 25.15
      vertex 37.2214 0 25.4763
      vertex 37.2 0 25.15
    endloop
  endfacet
  facet normal 0.997856 -0 0.0654432
    outer loop
      vertex 37.2 0 25.15
      vertex 37.2214 2.75 24.8237
      vertex 37.2 2.75 25.15
    endloop
  endfacet
  facet normal 0.997856 0 0.0654432
    outer loop
      vertex 37.2214 2.75 24.8237
      vertex 37.2 0 25.15
      vertex 37.2214 0 24.8237
    endloop
  endfacet
  facet normal -0.896921 0 -0.442191
    outer loop
      vertex 42.0097 0 26.1067
      vertex 41.8651 2.75 26.4
      vertex 42.0097 2.75 26.1067
    endloop
  endfacet
  facet normal -0.896921 -0 -0.442191
    outer loop
      vertex 41.8651 2.75 26.4
      vertex 42.0097 0 26.1067
      vertex 41.8651 0 26.4
    endloop
  endfacet
  facet normal 0.946957 -0 0.32136
    outer loop
      vertex 37.2852 0 24.503
      vertex 37.3903 2.75 24.1933
      vertex 37.2852 2.75 24.503
    endloop
  endfacet
  facet normal 0.946957 0 0.32136
    outer loop
      vertex 37.3903 2.75 24.1933
      vertex 37.2852 0 24.503
      vertex 37.3903 0 24.1933
    endloop
  endfacet
  facet normal -0.997856 0 0.0654432
    outer loop
      vertex 42.1786 0 24.8237
      vertex 42.2 2.75 25.15
      vertex 42.1786 2.75 24.8237
    endloop
  endfacet
  facet normal -0.997856 0 0.0654432
    outer loop
      vertex 42.2 2.75 25.15
      vertex 42.1786 0 24.8237
      vertex 42.2 0 25.15
    endloop
  endfacet
  facet normal 0.442191 0 0.896921
    outer loop
      vertex 38.45 2.75 22.9849
      vertex 38.7433 0 22.8403
      vertex 38.7433 2.75 22.8403
    endloop
  endfacet
  facet normal 0.442191 0 0.896921
    outer loop
      vertex 38.7433 0 22.8403
      vertex 38.45 2.75 22.9849
      vertex 38.45 0 22.9849
    endloop
  endfacet
  facet normal -0.751913 0 0.659262
    outer loop
      vertex 41.4678 0 23.3822
      vertex 41.6834 2.75 23.6281
      vertex 41.4678 2.75 23.3822
    endloop
  endfacet
  facet normal -0.751913 0 0.659262
    outer loop
      vertex 41.6834 2.75 23.6281
      vertex 41.4678 0 23.3822
      vertex 41.6834 0 23.6281
    endloop
  endfacet
  facet normal 0.555617 0 0.831438
    outer loop
      vertex 38.1781 2.75 23.1666
      vertex 38.45 0 22.9849
      vertex 38.45 2.75 22.9849
    endloop
  endfacet
  facet normal 0.555617 0 0.831438
    outer loop
      vertex 38.45 0 22.9849
      vertex 38.1781 2.75 23.1666
      vertex 38.1781 0 23.1666
    endloop
  endfacet
  facet normal 0.751913 0 -0.659262
    outer loop
      vertex 37.9322 0 26.9178
      vertex 37.7166 2.75 26.6719
      vertex 37.9322 2.75 26.9178
    endloop
  endfacet
  facet normal 0.751913 0 -0.659262
    outer loop
      vertex 37.7166 2.75 26.6719
      vertex 37.9322 0 26.9178
      vertex 37.7166 0 26.6719
    endloop
  endfacet
  facet normal 0.0654432 0 0.997856
    outer loop
      vertex 39.3737 2.75 22.6714
      vertex 39.7 0 22.65
      vertex 39.7 2.75 22.65
    endloop
  endfacet
  facet normal 0.0654432 0 0.997856
    outer loop
      vertex 39.7 0 22.65
      vertex 39.3737 2.75 22.6714
      vertex 39.3737 0 22.6714
    endloop
  endfacet
  facet normal -0.946957 0 0.32136
    outer loop
      vertex 42.0097 0 24.1933
      vertex 42.1148 2.75 24.503
      vertex 42.0097 2.75 24.1933
    endloop
  endfacet
  facet normal -0.946957 0 0.32136
    outer loop
      vertex 42.1148 2.75 24.503
      vertex 42.0097 0 24.1933
      vertex 42.1148 0 24.503
    endloop
  endfacet
  facet normal -0.555617 0 -0.831438
    outer loop
      vertex 40.95 0 27.3151
      vertex 41.2219 2.75 27.1334
      vertex 41.2219 0 27.1334
    endloop
  endfacet
  facet normal -0.555617 0 -0.831438
    outer loop
      vertex 41.2219 2.75 27.1334
      vertex 40.95 0 27.3151
      vertex 40.95 2.75 27.3151
    endloop
  endfacet
  facet normal -0.555617 0 0.831438
    outer loop
      vertex 40.95 2.75 22.9849
      vertex 41.2219 0 23.1666
      vertex 41.2219 2.75 23.1666
    endloop
  endfacet
  facet normal -0.555617 0 0.831438
    outer loop
      vertex 41.2219 0 23.1666
      vertex 40.95 2.75 22.9849
      vertex 40.95 0 22.9849
    endloop
  endfacet
  facet normal 0.555617 0 -0.831438
    outer loop
      vertex 38.1781 0 27.1334
      vertex 38.45 2.75 27.3151
      vertex 38.45 0 27.3151
    endloop
  endfacet
  facet normal 0.555617 0 -0.831438
    outer loop
      vertex 38.45 2.75 27.3151
      vertex 38.1781 0 27.1334
      vertex 38.1781 2.75 27.1334
    endloop
  endfacet
  facet normal -0.442191 0 0.896921
    outer loop
      vertex 40.6567 2.75 22.8403
      vertex 40.95 0 22.9849
      vertex 40.95 2.75 22.9849
    endloop
  endfacet
  facet normal -0.442191 0 0.896921
    outer loop
      vertex 40.95 0 22.9849
      vertex 40.6567 2.75 22.8403
      vertex 40.6567 0 22.8403
    endloop
  endfacet
  facet normal 0.442191 0 -0.896921
    outer loop
      vertex 38.45 0 27.3151
      vertex 38.7433 2.75 27.4597
      vertex 38.7433 0 27.4597
    endloop
  endfacet
  facet normal 0.442191 0 -0.896921
    outer loop
      vertex 38.7433 2.75 27.4597
      vertex 38.45 0 27.3151
      vertex 38.45 2.75 27.3151
    endloop
  endfacet
  facet normal -0.195116 0 0.98078
    outer loop
      vertex 40.0263 2.75 22.6714
      vertex 40.347 0 22.7352
      vertex 40.347 2.75 22.7352
    endloop
  endfacet
  facet normal -0.195116 0 0.98078
    outer loop
      vertex 40.347 0 22.7352
      vertex 40.0263 2.75 22.6714
      vertex 40.0263 0 22.6714
    endloop
  endfacet
  facet normal -0.659262 0 -0.751913
    outer loop
      vertex 41.2219 0 27.1334
      vertex 41.4678 2.75 26.9178
      vertex 41.4678 0 26.9178
    endloop
  endfacet
  facet normal -0.659262 0 -0.751913
    outer loop
      vertex 41.4678 2.75 26.9178
      vertex 41.2219 0 27.1334
      vertex 41.2219 2.75 27.1334
    endloop
  endfacet
  facet normal 0.659262 0 -0.751913
    outer loop
      vertex 37.9322 0 26.9178
      vertex 38.1781 2.75 27.1334
      vertex 38.1781 0 27.1334
    endloop
  endfacet
  facet normal 0.659262 0 -0.751913
    outer loop
      vertex 38.1781 2.75 27.1334
      vertex 37.9322 0 26.9178
      vertex 37.9322 2.75 26.9178
    endloop
  endfacet
  facet normal 0.751913 -0 0.659262
    outer loop
      vertex 37.7166 0 23.6281
      vertex 37.9322 2.75 23.3822
      vertex 37.7166 2.75 23.6281
    endloop
  endfacet
  facet normal 0.751913 0 0.659262
    outer loop
      vertex 37.9322 2.75 23.3822
      vertex 37.7166 0 23.6281
      vertex 37.9322 0 23.3822
    endloop
  endfacet
  facet normal -0.442191 0 -0.896921
    outer loop
      vertex 40.6567 0 27.4597
      vertex 40.95 2.75 27.3151
      vertex 40.95 0 27.3151
    endloop
  endfacet
  facet normal -0.442191 0 -0.896921
    outer loop
      vertex 40.95 2.75 27.3151
      vertex 40.6567 0 27.4597
      vertex 40.6567 2.75 27.4597
    endloop
  endfacet
  facet normal 0.0654432 0 -0.997856
    outer loop
      vertex 39.3737 0 27.6286
      vertex 39.7 2.75 27.65
      vertex 39.7 0 27.65
    endloop
  endfacet
  facet normal 0.0654432 0 -0.997856
    outer loop
      vertex 39.7 2.75 27.65
      vertex 39.3737 0 27.6286
      vertex 39.3737 2.75 27.6286
    endloop
  endfacet
  facet normal -0.751913 0 -0.659262
    outer loop
      vertex 41.6834 0 26.6719
      vertex 41.4678 2.75 26.9178
      vertex 41.6834 2.75 26.6719
    endloop
  endfacet
  facet normal -0.751913 -0 -0.659262
    outer loop
      vertex 41.4678 2.75 26.9178
      vertex 41.6834 0 26.6719
      vertex 41.4678 0 26.9178
    endloop
  endfacet
  facet normal 0.831438 0 -0.555617
    outer loop
      vertex 37.7166 0 26.6719
      vertex 37.5349 2.75 26.4
      vertex 37.7166 2.75 26.6719
    endloop
  endfacet
  facet normal 0.831438 0 -0.555617
    outer loop
      vertex 37.5349 2.75 26.4
      vertex 37.7166 0 26.6719
      vertex 37.5349 0 26.4
    endloop
  endfacet
  facet normal 0.195116 0 -0.98078
    outer loop
      vertex 39.053 0 27.5648
      vertex 39.3737 2.75 27.6286
      vertex 39.3737 0 27.6286
    endloop
  endfacet
  facet normal 0.195116 0 -0.98078
    outer loop
      vertex 39.3737 2.75 27.6286
      vertex 39.053 0 27.5648
      vertex 39.053 2.75 27.5648
    endloop
  endfacet
  facet normal -0.831438 0 0.555617
    outer loop
      vertex 41.6834 0 23.6281
      vertex 41.8651 2.75 23.9
      vertex 41.6834 2.75 23.6281
    endloop
  endfacet
  facet normal -0.831438 0 0.555617
    outer loop
      vertex 41.8651 2.75 23.9
      vertex 41.6834 0 23.6281
      vertex 41.8651 0 23.9
    endloop
  endfacet
  facet normal -0.0654432 0 -0.997856
    outer loop
      vertex 39.7 0 27.65
      vertex 40.0263 2.75 27.6286
      vertex 40.0263 0 27.6286
    endloop
  endfacet
  facet normal -0.0654432 0 -0.997856
    outer loop
      vertex 40.0263 2.75 27.6286
      vertex 39.7 0 27.65
      vertex 39.7 2.75 27.65
    endloop
  endfacet
  facet normal 0.195116 0 0.98078
    outer loop
      vertex 39.053 2.75 22.7352
      vertex 39.3737 0 22.6714
      vertex 39.3737 2.75 22.6714
    endloop
  endfacet
  facet normal 0.195116 0 0.98078
    outer loop
      vertex 39.3737 0 22.6714
      vertex 39.053 2.75 22.7352
      vertex 39.053 0 22.7352
    endloop
  endfacet
  facet normal 0.946957 0 -0.32136
    outer loop
      vertex 37.3903 0 26.1067
      vertex 37.2852 2.75 25.797
      vertex 37.3903 2.75 26.1067
    endloop
  endfacet
  facet normal 0.946957 0 -0.32136
    outer loop
      vertex 37.2852 2.75 25.797
      vertex 37.3903 0 26.1067
      vertex 37.2852 0 25.797
    endloop
  endfacet
  facet normal -0.0654432 0 0.997856
    outer loop
      vertex 39.7 2.75 22.65
      vertex 40.0263 0 22.6714
      vertex 40.0263 2.75 22.6714
    endloop
  endfacet
  facet normal -0.0654432 0 0.997856
    outer loop
      vertex 40.0263 0 22.6714
      vertex 39.7 2.75 22.65
      vertex 39.7 0 22.65
    endloop
  endfacet
  facet normal 0.831438 -0 0.555617
    outer loop
      vertex 37.5349 0 23.9
      vertex 37.7166 2.75 23.6281
      vertex 37.5349 2.75 23.9
    endloop
  endfacet
  facet normal 0.831438 0 0.555617
    outer loop
      vertex 37.7166 2.75 23.6281
      vertex 37.5349 0 23.9
      vertex 37.7166 0 23.6281
    endloop
  endfacet
  facet normal 0.98078 -0 0.195116
    outer loop
      vertex 37.2214 0 24.8237
      vertex 37.2852 2.75 24.503
      vertex 37.2214 2.75 24.8237
    endloop
  endfacet
  facet normal 0.98078 0 0.195116
    outer loop
      vertex 37.2852 2.75 24.503
      vertex 37.2214 0 24.8237
      vertex 37.2852 0 24.503
    endloop
  endfacet
  facet normal -0.896921 0 0.442191
    outer loop
      vertex 41.8651 0 23.9
      vertex 42.0097 2.75 24.1933
      vertex 41.8651 2.75 23.9
    endloop
  endfacet
  facet normal -0.896921 0 0.442191
    outer loop
      vertex 42.0097 2.75 24.1933
      vertex 41.8651 0 23.9
      vertex 42.0097 0 24.1933
    endloop
  endfacet
  facet normal 0.659262 0 0.751913
    outer loop
      vertex 37.9322 2.75 23.3822
      vertex 38.1781 0 23.1666
      vertex 38.1781 2.75 23.1666
    endloop
  endfacet
  facet normal 0.659262 0 0.751913
    outer loop
      vertex 38.1781 0 23.1666
      vertex 37.9322 2.75 23.3822
      vertex 37.9322 0 23.3822
    endloop
  endfacet
  facet normal -0.98078 0 0.195116
    outer loop
      vertex 42.1148 0 24.503
      vertex 42.1786 2.75 24.8237
      vertex 42.1148 2.75 24.503
    endloop
  endfacet
  facet normal -0.98078 0 0.195116
    outer loop
      vertex 42.1786 2.75 24.8237
      vertex 42.1148 0 24.503
      vertex 42.1786 0 24.8237
    endloop
  endfacet
  facet normal 0.98078 0 -0.195116
    outer loop
      vertex 37.2852 0 25.797
      vertex 37.2214 2.75 25.4763
      vertex 37.2852 2.75 25.797
    endloop
  endfacet
  facet normal 0.98078 0 -0.195116
    outer loop
      vertex 37.2214 2.75 25.4763
      vertex 37.2852 0 25.797
      vertex 37.2214 0 25.4763
    endloop
  endfacet
  facet normal 0.896921 0 -0.442191
    outer loop
      vertex 37.5349 0 26.4
      vertex 37.3903 2.75 26.1067
      vertex 37.5349 2.75 26.4
    endloop
  endfacet
  facet normal 0.896921 0 -0.442191
    outer loop
      vertex 37.3903 2.75 26.1067
      vertex 37.5349 0 26.4
      vertex 37.3903 0 26.1067
    endloop
  endfacet
  facet normal -0.659262 0 0.751913
    outer loop
      vertex 41.2219 2.75 23.1666
      vertex 41.4678 0 23.3822
      vertex 41.4678 2.75 23.3822
    endloop
  endfacet
  facet normal -0.659262 0 0.751913
    outer loop
      vertex 41.4678 0 23.3822
      vertex 41.2219 2.75 23.1666
      vertex 41.2219 0 23.1666
    endloop
  endfacet
  facet normal 0.32136 0 0.946957
    outer loop
      vertex 38.7433 2.75 22.8403
      vertex 39.053 0 22.7352
      vertex 39.053 2.75 22.7352
    endloop
  endfacet
  facet normal 0.32136 0 0.946957
    outer loop
      vertex 39.053 0 22.7352
      vertex 38.7433 2.75 22.8403
      vertex 38.7433 0 22.8403
    endloop
  endfacet
  facet normal -0.195116 0 -0.98078
    outer loop
      vertex 40.0263 0 27.6286
      vertex 40.347 2.75 27.5648
      vertex 40.347 0 27.5648
    endloop
  endfacet
  facet normal -0.195116 0 -0.98078
    outer loop
      vertex 40.347 2.75 27.5648
      vertex 40.0263 0 27.6286
      vertex 40.0263 2.75 27.6286
    endloop
  endfacet
  facet normal -0.70635 0.70635 -0.046245
    outer loop
      vertex 44.4095 5 25.7686
      vertex 44.45 5 25.15
      vertex 42.2 2.75 25.15
    endloop
  endfacet
  facet normal -0.39267 0.706317 0.589005
    outer loop
      vertex 42.5904 5 21.3808
      vertex 41.2219 2.75 23.1666
      vertex 42.5916 5 21.3816
    endloop
  endfacet
  facet normal -0.393305 0.706343 0.58855
    outer loop
      vertex 41.2219 2.75 23.1666
      vertex 42.5904 5 21.3808
      vertex 40.95 2.75 22.9849
    endloop
  endfacet
  facet normal 0.138165 0.706347 0.69425
    outer loop
      vertex 39.053 2.75 22.7352
      vertex 39.0786 5 20.4409
      vertex 38.4706 5 20.5619
    endloop
  endfacet
  facet normal 0.532233 0.706349 -0.466689
    outer loop
      vertex 36.3412 5 28.5088
      vertex 37.9322 2.75 26.9178
      vertex 35.9325 5 28.0427
    endloop
  endfacet
  facet normal -0.679949 0.707056 -0.194271
    outer loop
      vertex 42.1148 2.75 25.797
      vertex 44.2877 5 26.3808
      vertex 44.2881 5 26.3794
    endloop
  endfacet
  facet normal -0.670307 0.70636 -0.227476
    outer loop
      vertex 44.2877 5 26.3808
      vertex 42.1148 2.75 25.797
      vertex 42.0097 2.75 26.1067
    endloop
  endfacet
  facet normal 0.706346 0.706355 0.0462448
    outer loop
      vertex 37.2214 2.75 24.8237
      vertex 34.9906 5 24.53
      vertex 34.9501 5 25.1486
    endloop
  endfacet
  facet normal -0.25388 0.706985 0.660088
    outer loop
      vertex 41.5164 5 20.7611
      vertex 40.6567 2.75 22.8403
      vertex 41.5177 5 20.7616
    endloop
  endfacet
  facet normal -0.227479 0.706349 0.670316
    outer loop
      vertex 40.6567 2.75 22.8403
      vertex 41.5164 5 20.7611
      vertex 40.347 2.75 22.7352
    endloop
  endfacet
  facet normal -0.634908 0.706345 0.313
    outer loop
      vertex 44.0884 5 23.3323
      vertex 43.8143 5 22.7763
      vertex 42.0097 2.75 24.1933
    endloop
  endfacet
  facet normal -0.679949 0.707056 0.194271
    outer loop
      vertex 44.2877 5 23.9192
      vertex 42.1148 2.75 24.503
      vertex 44.2881 5 23.9206
    endloop
  endfacet
  facet normal -0.670307 0.70636 0.227476
    outer loop
      vertex 42.1148 2.75 24.503
      vertex 44.2877 5 23.9192
      vertex 42.0097 2.75 24.1933
    endloop
  endfacet
  facet normal -0.588562 0.706342 -0.393288
    outer loop
      vertex 43.4684 5 28.0416
      vertex 43.8128 5 27.5262
      vertex 41.6834 2.75 26.6719
    endloop
  endfacet
  facet normal 0.670319 0.706349 -0.227474
    outer loop
      vertex 35.3111 5 26.9664
      vertex 37.2852 2.75 25.797
      vertex 35.1119 5 26.3794
    endloop
  endfacet
  facet normal -0.227613 0.706345 -0.670275
    outer loop
      vertex 40.9308 5 29.7377
      vertex 41.5177 5 29.5384
      vertex 40.6567 2.75 27.4597
    endloop
  endfacet
  facet normal -0.313094 0.706341 -0.634866
    outer loop
      vertex 41.519 5 29.5378
      vertex 42.075 5 29.2636
      vertex 40.95 2.75 27.3151
    endloop
  endfacet
  facet normal 0.634897 0.70635 -0.313011
    outer loop
      vertex 37.3903 2.75 26.1067
      vertex 35.3122 5 26.969
      vertex 37.5349 2.75 26.4
    endloop
  endfacet
  facet normal 0.642283 0.706821 -0.296438
    outer loop
      vertex 35.3122 5 26.969
      vertex 37.3903 2.75 26.1067
      vertex 35.3116 5 26.9677
    endloop
  endfacet
  facet normal -0.691858 0.706649 -0.148255
    outer loop
      vertex 44.2884 5 26.378
      vertex 42.1148 2.75 25.797
      vertex 44.2881 5 26.3794
    endloop
  endfacet
  facet normal -0.694259 0.706349 -0.138116
    outer loop
      vertex 42.1148 2.75 25.797
      vertex 44.2884 5 26.378
      vertex 42.1786 2.75 25.4763
    endloop
  endfacet
  facet normal 0.194271 0.707056 -0.679949
    outer loop
      vertex 39.053 2.75 27.5648
      vertex 38.4692 5 29.7377
      vertex 38.4706 5 29.7381
    endloop
  endfacet
  facet normal 0.227476 0.70636 -0.670307
    outer loop
      vertex 38.4692 5 29.7377
      vertex 39.053 2.75 27.5648
      vertex 38.7433 2.75 27.4597
    endloop
  endfacet
  facet normal 0.634866 0.706341 -0.313094
    outer loop
      vertex 35.5864 5 27.525
      vertex 37.5349 2.75 26.4
      vertex 35.3122 5 26.969
    endloop
  endfacet
  facet normal 0.0463251 0.706346 0.706349
    outer loop
      vertex 39.7 2.75 22.65
      vertex 39.6986 5 20.4001
      vertex 39.3737 2.75 22.6714
    endloop
  endfacet
  facet normal 0.0504433 0.706207 0.706207
    outer loop
      vertex 39.6986 5 20.4001
      vertex 39.7 2.75 22.65
      vertex 39.7 5 20.4
    endloop
  endfacet
  facet normal -0.6349 0.706346 0.313012
    outer loop
      vertex 43.8143 5 22.7763
      vertex 41.8651 2.75 23.9
      vertex 42.0097 2.75 24.1933
    endloop
  endfacet
  facet normal -0.622731 0.706943 0.335317
    outer loop
      vertex 41.8651 2.75 23.9
      vertex 43.8143 5 22.7763
      vertex 43.8136 5 22.775
    endloop
  endfacet
  facet normal -0.588562 0.706342 0.393288
    outer loop
      vertex 43.8128 5 22.7738
      vertex 43.4684 5 22.2584
      vertex 41.6834 2.75 23.6281
    endloop
  endfacet
  facet normal -0.138165 0.706347 0.69425
    outer loop
      vertex 40.347 2.75 22.7352
      vertex 40.9294 5 20.5619
      vertex 40.3214 5 20.4409
    endloop
  endfacet
  facet normal -0.694244 0.706354 -0.138164
    outer loop
      vertex 44.2884 5 26.378
      vertex 44.4094 5 25.77
      vertex 42.1786 2.75 25.4763
    endloop
  endfacet
  facet normal 0.393289 0.70634 0.588563
    outer loop
      vertex 38.45 2.75 22.9849
      vertex 37.325 5 21.0364
      vertex 36.8096 5 21.3808
    endloop
  endfacet
  facet normal -0.046245 0.70635 -0.70635
    outer loop
      vertex 39.7 5 29.9
      vertex 40.3186 5 29.8595
      vertex 39.7 2.75 27.65
    endloop
  endfacet
  facet normal -0.227474 0.706349 0.670319
    outer loop
      vertex 41.5164 5 20.7611
      vertex 40.9294 5 20.5619
      vertex 40.347 2.75 22.7352
    endloop
  endfacet
  facet normal 0.138115 0.706353 0.694255
    outer loop
      vertex 39.3737 2.75 22.6714
      vertex 39.0786 5 20.4409
      vertex 39.053 2.75 22.7352
    endloop
  endfacet
  facet normal 0.148396 0.705976 0.692515
    outer loop
      vertex 39.0786 5 20.4409
      vertex 39.3737 2.75 22.6714
      vertex 39.08 5 20.4406
    endloop
  endfacet
  facet normal -0.0504234 0.706486 0.705928
    outer loop
      vertex 40.3186 5 20.4405
      vertex 40.0263 2.75 22.6714
      vertex 40.32 5 20.4406
    endloop
  endfacet
  facet normal -0.0463243 0.706359 0.706337
    outer loop
      vertex 40.0263 2.75 22.6714
      vertex 40.3186 5 20.4405
      vertex 39.7 2.75 22.65
    endloop
  endfacet
  facet normal -0.296438 0.706821 -0.642283
    outer loop
      vertex 41.519 5 29.5378
      vertex 40.6567 2.75 27.4597
      vertex 41.5177 5 29.5384
    endloop
  endfacet
  facet normal -0.313011 0.70635 -0.634897
    outer loop
      vertex 40.6567 2.75 27.4597
      vertex 41.519 5 29.5378
      vertex 40.95 2.75 27.3151
    endloop
  endfacet
  facet normal -0.547409 0.706928 -0.44788
    outer loop
      vertex 41.6834 2.75 26.6719
      vertex 43.4675 5 28.0427
      vertex 43.4684 5 28.0416
    endloop
  endfacet
  facet normal -0.53225 0.706352 -0.466666
    outer loop
      vertex 43.4675 5 28.0427
      vertex 41.6834 2.75 26.6719
      vertex 41.4678 2.75 26.9178
    endloop
  endfacet
  facet normal 0.589005 0.706317 -0.39267
    outer loop
      vertex 37.7166 2.75 26.6719
      vertex 35.9308 5 28.0404
      vertex 35.9316 5 28.0416
    endloop
  endfacet
  facet normal 0.58855 0.706343 -0.393305
    outer loop
      vertex 35.9308 5 28.0404
      vertex 37.7166 2.75 26.6719
      vertex 37.5349 2.75 26.4
    endloop
  endfacet
  facet normal 0.313094 0.706341 -0.634866
    outer loop
      vertex 37.881 5 29.5378
      vertex 38.45 2.75 27.3151
      vertex 37.325 5 29.2636
    endloop
  endfacet
  facet normal -0.0504234 0.706486 -0.705928
    outer loop
      vertex 40.0263 2.75 27.6286
      vertex 40.3186 5 29.8595
      vertex 40.32 5 29.8594
    endloop
  endfacet
  facet normal -0.0463243 0.706359 -0.706337
    outer loop
      vertex 40.3186 5 29.8595
      vertex 40.0263 2.75 27.6286
      vertex 39.7 2.75 27.65
    endloop
  endfacet
  facet normal -0.634908 0.706345 -0.313
    outer loop
      vertex 43.8143 5 27.5237
      vertex 44.0884 5 26.9677
      vertex 42.0097 2.75 26.1067
    endloop
  endfacet
  facet normal 0.53225 0.706352 -0.466666
    outer loop
      vertex 37.7166 2.75 26.6719
      vertex 35.9325 5 28.0427
      vertex 37.9322 2.75 26.9178
    endloop
  endfacet
  facet normal 0.547409 0.706928 -0.44788
    outer loop
      vertex 35.9325 5 28.0427
      vertex 37.7166 2.75 26.6719
      vertex 35.9316 5 28.0416
    endloop
  endfacet
  facet normal -0.393289 0.70634 -0.588563
    outer loop
      vertex 42.075 5 29.2636
      vertex 42.5904 5 28.9192
      vertex 40.95 2.75 27.3151
    endloop
  endfacet
  facet normal -0.622731 0.706943 -0.335317
    outer loop
      vertex 43.8143 5 27.5237
      vertex 41.8651 2.75 26.4
      vertex 43.8136 5 27.525
    endloop
  endfacet
  facet normal -0.6349 0.706346 -0.313012
    outer loop
      vertex 41.8651 2.75 26.4
      vertex 43.8143 5 27.5237
      vertex 42.0097 2.75 26.1067
    endloop
  endfacet
  facet normal -0.313094 0.706341 0.634866
    outer loop
      vertex 42.075 5 21.0364
      vertex 41.519 5 20.7622
      vertex 40.95 2.75 22.9849
    endloop
  endfacet
  facet normal 0.138116 0.706349 -0.694259
    outer loop
      vertex 39.053 2.75 27.5648
      vertex 38.472 5 29.7384
      vertex 39.3737 2.75 27.6286
    endloop
  endfacet
  facet normal 0.148255 0.706649 -0.691858
    outer loop
      vertex 38.472 5 29.7384
      vertex 39.053 2.75 27.5648
      vertex 38.4706 5 29.7381
    endloop
  endfacet
  facet normal -0.70635 0.70635 0.046245
    outer loop
      vertex 44.45 5 25.15
      vertex 44.4095 5 24.5314
      vertex 42.2 2.75 25.15
    endloop
  endfacet
  facet normal 0.588563 0.70634 0.393289
    outer loop
      vertex 37.5349 2.75 23.9
      vertex 35.9308 5 22.2596
      vertex 35.5864 5 22.775
    endloop
  endfacet
  facet normal 0.706207 0.706207 0.0504433
    outer loop
      vertex 37.2 2.75 25.15
      vertex 34.9501 5 25.1486
      vertex 34.95 5 25.15
    endloop
  endfacet
  facet normal 0.706349 0.706346 0.0463251
    outer loop
      vertex 34.9501 5 25.1486
      vertex 37.2 2.75 25.15
      vertex 37.2214 2.75 24.8237
    endloop
  endfacet
  facet normal -0.532237 0.706344 0.466693
    outer loop
      vertex 43.4684 5 22.2584
      vertex 43.0597 5 21.7923
      vertex 41.6834 2.75 23.6281
    endloop
  endfacet
  facet normal -0.466666 0.706352 0.53225
    outer loop
      vertex 42.5927 5 21.3825
      vertex 41.2219 2.75 23.1666
      vertex 41.4678 2.75 23.3822
    endloop
  endfacet
  facet normal -0.44788 0.706928 0.547409
    outer loop
      vertex 41.2219 2.75 23.1666
      vertex 42.5927 5 21.3825
      vertex 42.5916 5 21.3816
    endloop
  endfacet
  facet normal -0.148255 0.706649 -0.691858
    outer loop
      vertex 40.347 2.75 27.5648
      vertex 40.928 5 29.7384
      vertex 40.9294 5 29.7381
    endloop
  endfacet
  facet normal -0.138116 0.706349 -0.694259
    outer loop
      vertex 40.928 5 29.7384
      vertex 40.347 2.75 27.5648
      vertex 40.0263 2.75 27.6286
    endloop
  endfacet
  facet normal -0.532233 0.706349 -0.466689
    outer loop
      vertex 43.0588 5 28.5088
      vertex 43.4675 5 28.0427
      vertex 41.4678 2.75 26.9178
    endloop
  endfacet
  facet normal -0.393289 0.70634 0.588563
    outer loop
      vertex 42.5904 5 21.3808
      vertex 42.075 5 21.0364
      vertex 40.95 2.75 22.9849
    endloop
  endfacet
  facet normal -0.670275 0.706345 0.227613
    outer loop
      vertex 44.2877 5 23.9192
      vertex 44.0884 5 23.3323
      vertex 42.0097 2.75 24.1933
    endloop
  endfacet
  facet normal -0.532259 0.706341 0.466673
    outer loop
      vertex 43.0597 5 21.7923
      vertex 41.4678 2.75 23.3822
      vertex 41.6834 2.75 23.6281
    endloop
  endfacet
  facet normal -0.548628 0.705348 0.448878
    outer loop
      vertex 41.4678 2.75 23.3822
      vertex 43.0597 5 21.7923
      vertex 43.0588 5 21.7912
    endloop
  endfacet
  facet normal -0.138164 0.706354 -0.694244
    outer loop
      vertex 40.32 5 29.8594
      vertex 40.928 5 29.7384
      vertex 40.0263 2.75 27.6286
    endloop
  endfacet
  facet normal 0.227613 0.706345 -0.670275
    outer loop
      vertex 38.4692 5 29.7377
      vertex 38.7433 2.75 27.4597
      vertex 37.8823 5 29.5384
    endloop
  endfacet
  facet normal -0.194271 0.707056 -0.679949
    outer loop
      vertex 40.9308 5 29.7377
      vertex 40.347 2.75 27.5648
      vertex 40.9294 5 29.7381
    endloop
  endfacet
  facet normal -0.227476 0.70636 -0.670307
    outer loop
      vertex 40.347 2.75 27.5648
      vertex 40.9308 5 29.7377
      vertex 40.6567 2.75 27.4597
    endloop
  endfacet
  facet normal 0.58855 0.706343 0.393305
    outer loop
      vertex 37.7166 2.75 23.6281
      vertex 35.9308 5 22.2596
      vertex 37.5349 2.75 23.9
    endloop
  endfacet
  facet normal 0.589005 0.706317 0.39267
    outer loop
      vertex 35.9308 5 22.2596
      vertex 37.7166 2.75 23.6281
      vertex 35.9316 5 22.2584
    endloop
  endfacet
  facet normal 0.0504433 0.706207 -0.706207
    outer loop
      vertex 39.7 2.75 27.65
      vertex 39.6986 5 29.8999
      vertex 39.7 5 29.9
    endloop
  endfacet
  facet normal 0.0463251 0.706346 -0.706349
    outer loop
      vertex 39.6986 5 29.8999
      vertex 39.7 2.75 27.65
      vertex 39.3737 2.75 27.6286
    endloop
  endfacet
  facet normal -0.046245 0.70635 0.70635
    outer loop
      vertex 39.7 2.75 22.65
      vertex 40.3186 5 20.4405
      vertex 39.7 5 20.4
    endloop
  endfacet
  facet normal -0.313011 0.70635 0.634897
    outer loop
      vertex 41.519 5 20.7622
      vertex 40.6567 2.75 22.8403
      vertex 40.95 2.75 22.9849
    endloop
  endfacet
  facet normal -0.296438 0.706821 0.642283
    outer loop
      vertex 40.6567 2.75 22.8403
      vertex 41.519 5 20.7622
      vertex 41.5177 5 20.7616
    endloop
  endfacet
  facet normal 0.634897 0.70635 0.313011
    outer loop
      vertex 35.3122 5 23.331
      vertex 37.3903 2.75 24.1933
      vertex 37.5349 2.75 23.9
    endloop
  endfacet
  facet normal 0.642283 0.706821 0.296438
    outer loop
      vertex 37.3903 2.75 24.1933
      vertex 35.3122 5 23.331
      vertex 35.3116 5 23.3323
    endloop
  endfacet
  facet normal 0.466693 0.706344 -0.532237
    outer loop
      vertex 36.8084 5 28.9184
      vertex 38.1781 2.75 27.1334
      vertex 36.3423 5 28.5097
    endloop
  endfacet
  facet normal 0.138164 0.706354 -0.694244
    outer loop
      vertex 39.08 5 29.8594
      vertex 39.3737 2.75 27.6286
      vertex 38.472 5 29.7384
    endloop
  endfacet
  facet normal 0.694244 0.706354 0.138164
    outer loop
      vertex 37.2214 2.75 24.8237
      vertex 35.1116 5 23.922
      vertex 34.9906 5 24.53
    endloop
  endfacet
  facet normal 0.0462448 0.706355 0.706346
    outer loop
      vertex 39.3737 2.75 22.6714
      vertex 39.6986 5 20.4001
      vertex 39.08 5 20.4406
    endloop
  endfacet
  facet normal 0.532237 0.706344 0.466693
    outer loop
      vertex 37.7166 2.75 23.6281
      vertex 36.3403 5 21.7923
      vertex 35.9316 5 22.2584
    endloop
  endfacet
  facet normal 0.670316 0.706349 0.227479
    outer loop
      vertex 37.3903 2.75 24.1933
      vertex 35.3111 5 23.3336
      vertex 37.2852 2.75 24.503
    endloop
  endfacet
  facet normal 0.660088 0.706985 0.25388
    outer loop
      vertex 35.3111 5 23.3336
      vertex 37.3903 2.75 24.1933
      vertex 35.3116 5 23.3323
    endloop
  endfacet
  facet normal 0.0462448 0.706355 -0.706346
    outer loop
      vertex 39.6986 5 29.8999
      vertex 39.3737 2.75 27.6286
      vertex 39.08 5 29.8594
    endloop
  endfacet
  facet normal -0.588965 0.706365 -0.392643
    outer loop
      vertex 41.8651 2.75 26.4
      vertex 43.8128 5 27.5262
      vertex 43.8136 5 27.525
    endloop
  endfacet
  facet normal -0.588552 0.70634 -0.393306
    outer loop
      vertex 43.8128 5 27.5262
      vertex 41.8651 2.75 26.4
      vertex 41.6834 2.75 26.6719
    endloop
  endfacet
  facet normal -0.705928 0.706486 -0.0504234
    outer loop
      vertex 44.4095 5 25.7686
      vertex 42.1786 2.75 25.4763
      vertex 44.4094 5 25.77
    endloop
  endfacet
  facet normal -0.706337 0.706359 -0.0463243
    outer loop
      vertex 42.1786 2.75 25.4763
      vertex 44.4095 5 25.7686
      vertex 42.2 2.75 25.15
    endloop
  endfacet
  facet normal -0.670275 0.706345 -0.227613
    outer loop
      vertex 44.0884 5 26.9677
      vertex 44.2877 5 26.3808
      vertex 42.0097 2.75 26.1067
    endloop
  endfacet
  facet normal 0.670319 0.706349 0.227474
    outer loop
      vertex 37.2852 2.75 24.503
      vertex 35.3111 5 23.3336
      vertex 35.1119 5 23.9206
    endloop
  endfacet
  facet normal -0.588965 0.706365 0.392643
    outer loop
      vertex 43.8128 5 22.7738
      vertex 41.8651 2.75 23.9
      vertex 43.8136 5 22.775
    endloop
  endfacet
  facet normal -0.588552 0.70634 0.393306
    outer loop
      vertex 41.8651 2.75 23.9
      vertex 43.8128 5 22.7738
      vertex 41.6834 2.75 23.6281
    endloop
  endfacet
  facet normal -0.694244 0.706354 0.138164
    outer loop
      vertex 44.4094 5 24.53
      vertex 44.2884 5 23.922
      vertex 42.1786 2.75 24.8237
    endloop
  endfacet
  facet normal -0.706337 0.706359 0.0463243
    outer loop
      vertex 44.4095 5 24.5314
      vertex 42.1786 2.75 24.8237
      vertex 42.2 2.75 25.15
    endloop
  endfacet
  facet normal -0.705928 0.706486 0.0504234
    outer loop
      vertex 42.1786 2.75 24.8237
      vertex 44.4095 5 24.5314
      vertex 44.4094 5 24.53
    endloop
  endfacet
  facet normal 0.313094 0.706341 0.634866
    outer loop
      vertex 38.45 2.75 22.9849
      vertex 37.881 5 20.7622
      vertex 37.325 5 21.0364
    endloop
  endfacet
  facet normal -0.466689 0.706349 -0.532233
    outer loop
      vertex 42.5927 5 28.9175
      vertex 43.0588 5 28.5088
      vertex 41.4678 2.75 26.9178
    endloop
  endfacet
  facet normal -0.138115 0.706353 0.694255
    outer loop
      vertex 40.3214 5 20.4409
      vertex 40.0263 2.75 22.6714
      vertex 40.347 2.75 22.7352
    endloop
  endfacet
  facet normal -0.148396 0.705976 0.692515
    outer loop
      vertex 40.0263 2.75 22.6714
      vertex 40.3214 5 20.4409
      vertex 40.32 5 20.4406
    endloop
  endfacet
  facet normal 0.532259 0.706341 0.466673
    outer loop
      vertex 37.9322 2.75 23.3822
      vertex 36.3403 5 21.7923
      vertex 37.7166 2.75 23.6281
    endloop
  endfacet
  facet normal 0.548628 0.705348 0.448878
    outer loop
      vertex 36.3403 5 21.7923
      vertex 37.9322 2.75 23.3822
      vertex 36.3412 5 21.7912
    endloop
  endfacet
  facet normal 0.393289 0.70634 -0.588563
    outer loop
      vertex 37.325 5 29.2636
      vertex 38.45 2.75 27.3151
      vertex 36.8096 5 28.9192
    endloop
  endfacet
  facet normal 0.588563 0.70634 -0.393289
    outer loop
      vertex 35.9308 5 28.0404
      vertex 37.5349 2.75 26.4
      vertex 35.5864 5 27.525
    endloop
  endfacet
  facet normal 0.706346 0.706355 -0.0462448
    outer loop
      vertex 34.9906 5 25.77
      vertex 37.2214 2.75 25.4763
      vertex 34.9501 5 25.1514
    endloop
  endfacet
  facet normal 0.313011 0.70635 0.634897
    outer loop
      vertex 38.7433 2.75 22.8403
      vertex 37.881 5 20.7622
      vertex 38.45 2.75 22.9849
    endloop
  endfacet
  facet normal 0.296438 0.706821 0.642283
    outer loop
      vertex 37.881 5 20.7622
      vertex 38.7433 2.75 22.8403
      vertex 37.8823 5 20.7616
    endloop
  endfacet
  facet normal 0.227479 0.706349 0.670316
    outer loop
      vertex 37.8836 5 20.7611
      vertex 38.7433 2.75 22.8403
      vertex 39.053 2.75 22.7352
    endloop
  endfacet
  facet normal 0.25388 0.706985 0.660088
    outer loop
      vertex 38.7433 2.75 22.8403
      vertex 37.8836 5 20.7611
      vertex 37.8823 5 20.7616
    endloop
  endfacet
  facet normal 0.466666 0.706352 0.53225
    outer loop
      vertex 38.1781 2.75 23.1666
      vertex 36.8073 5 21.3825
      vertex 37.9322 2.75 23.3822
    endloop
  endfacet
  facet normal 0.44788 0.706928 0.547409
    outer loop
      vertex 36.8073 5 21.3825
      vertex 38.1781 2.75 23.1666
      vertex 36.8084 5 21.3816
    endloop
  endfacet
  facet normal -0.44788 0.706928 -0.547409
    outer loop
      vertex 42.5927 5 28.9175
      vertex 41.2219 2.75 27.1334
      vertex 42.5916 5 28.9184
    endloop
  endfacet
  facet normal -0.466666 0.706352 -0.53225
    outer loop
      vertex 41.2219 2.75 27.1334
      vertex 42.5927 5 28.9175
      vertex 41.4678 2.75 26.9178
    endloop
  endfacet
  facet normal 0.634866 0.706341 0.313094
    outer loop
      vertex 37.5349 2.75 23.9
      vertex 35.5864 5 22.775
      vertex 35.3122 5 23.331
    endloop
  endfacet
  facet normal -0.466689 0.706349 0.532233
    outer loop
      vertex 43.0588 5 21.7912
      vertex 42.5927 5 21.3825
      vertex 41.4678 2.75 23.3822
    endloop
  endfacet
  facet normal -0.39267 0.706317 -0.589005
    outer loop
      vertex 41.2219 2.75 27.1334
      vertex 42.5904 5 28.9192
      vertex 42.5916 5 28.9184
    endloop
  endfacet
  facet normal -0.393305 0.706343 -0.58855
    outer loop
      vertex 42.5904 5 28.9192
      vertex 41.2219 2.75 27.1334
      vertex 40.95 2.75 27.3151
    endloop
  endfacet
  facet normal 0.694259 0.706349 0.138116
    outer loop
      vertex 37.2852 2.75 24.503
      vertex 35.1116 5 23.922
      vertex 37.2214 2.75 24.8237
    endloop
  endfacet
  facet normal 0.691858 0.706649 0.148255
    outer loop
      vertex 35.1116 5 23.922
      vertex 37.2852 2.75 24.503
      vertex 35.1119 5 23.9206
    endloop
  endfacet
  facet normal 0.393305 0.706343 0.58855
    outer loop
      vertex 36.8096 5 21.3808
      vertex 38.1781 2.75 23.1666
      vertex 38.45 2.75 22.9849
    endloop
  endfacet
  facet normal 0.39267 0.706317 0.589005
    outer loop
      vertex 38.1781 2.75 23.1666
      vertex 36.8096 5 21.3808
      vertex 36.8084 5 21.3816
    endloop
  endfacet
  facet normal 0.227474 0.706349 0.670319
    outer loop
      vertex 39.053 2.75 22.7352
      vertex 38.4706 5 20.5619
      vertex 37.8836 5 20.7611
    endloop
  endfacet
  facet normal 0.466689 0.706349 0.532233
    outer loop
      vertex 37.9322 2.75 23.3822
      vertex 36.8073 5 21.3825
      vertex 36.3412 5 21.7912
    endloop
  endfacet
  facet normal 0.660088 0.706985 -0.25388
    outer loop
      vertex 37.3903 2.75 26.1067
      vertex 35.3111 5 26.9664
      vertex 35.3116 5 26.9677
    endloop
  endfacet
  facet normal 0.670316 0.706349 -0.227479
    outer loop
      vertex 35.3111 5 26.9664
      vertex 37.3903 2.75 26.1067
      vertex 37.2852 2.75 25.797
    endloop
  endfacet
  facet normal 0.466673 0.706341 -0.532259
    outer loop
      vertex 37.9322 2.75 26.9178
      vertex 36.3423 5 28.5097
      vertex 38.1781 2.75 27.1334
    endloop
  endfacet
  facet normal 0.448878 0.705348 -0.548628
    outer loop
      vertex 36.3423 5 28.5097
      vertex 37.9322 2.75 26.9178
      vertex 36.3412 5 28.5088
    endloop
  endfacet
  facet normal 0.694244 0.706354 -0.138164
    outer loop
      vertex 35.1116 5 26.378
      vertex 37.2214 2.75 25.4763
      vertex 34.9906 5 25.77
    endloop
  endfacet
  facet normal -0.694259 0.706349 0.138116
    outer loop
      vertex 44.2884 5 23.922
      vertex 42.1148 2.75 24.503
      vertex 42.1786 2.75 24.8237
    endloop
  endfacet
  facet normal -0.691858 0.706649 0.148255
    outer loop
      vertex 42.1148 2.75 24.503
      vertex 44.2884 5 23.922
      vertex 44.2881 5 23.9206
    endloop
  endfacet
  facet normal 0.296438 0.706821 -0.642283
    outer loop
      vertex 38.7433 2.75 27.4597
      vertex 37.881 5 29.5378
      vertex 37.8823 5 29.5384
    endloop
  endfacet
  facet normal 0.313011 0.70635 -0.634897
    outer loop
      vertex 37.881 5 29.5378
      vertex 38.7433 2.75 27.4597
      vertex 38.45 2.75 27.3151
    endloop
  endfacet
  facet normal 0.691858 0.706649 -0.148255
    outer loop
      vertex 37.2852 2.75 25.797
      vertex 35.1116 5 26.378
      vertex 35.1119 5 26.3794
    endloop
  endfacet
  facet normal 0.694259 0.706349 -0.138116
    outer loop
      vertex 35.1116 5 26.378
      vertex 37.2852 2.75 25.797
      vertex 37.2214 2.75 25.4763
    endloop
  endfacet
  facet normal 0.393305 0.706343 -0.58855
    outer loop
      vertex 38.1781 2.75 27.1334
      vertex 36.8096 5 28.9192
      vertex 38.45 2.75 27.3151
    endloop
  endfacet
  facet normal 0.39267 0.706317 -0.589005
    outer loop
      vertex 36.8096 5 28.9192
      vertex 38.1781 2.75 27.1334
      vertex 36.8084 5 28.9184
    endloop
  endfacet
  facet normal 0.706349 0.706346 -0.0463251
    outer loop
      vertex 37.2 2.75 25.15
      vertex 34.9501 5 25.1514
      vertex 37.2214 2.75 25.4763
    endloop
  endfacet
  facet normal 0.706207 0.706207 -0.0504433
    outer loop
      vertex 34.9501 5 25.1514
      vertex 37.2 2.75 25.15
      vertex 34.95 5 25.15
    endloop
  endfacet
  facet normal -0.997857 0 0.065428
    outer loop
      vertex 11.8973 25.2 26.7337
      vertex 12 27.7 28.3
      vertex 11.8973 27.7 26.7337
    endloop
  endfacet
  facet normal -0.997857 0 0.065428
    outer loop
      vertex 12 27.7 28.3
      vertex 11.8973 25.2 26.7337
      vertex 12 25.2 28.3
    endloop
  endfacet
  facet normal 1 0 0
    outer loop
      vertex -12 25.2 49.1
      vertex -12 27.7 50.3
      vertex -12 26.4055 50.3
    endloop
  endfacet
  facet normal 1 0 0
    outer loop
      vertex -12 27.7 50.3
      vertex -12 25.2 49.1
      vertex -12 27.7 28.3
    endloop
  endfacet
  facet normal 1 0 0
    outer loop
      vertex -12 27.7 28.3
      vertex -12 25.2 49.1
      vertex -12 25.2 28.3
    endloop
  endfacet
  facet normal 0.321408 0 0.946941
    outer loop
      vertex -4.5922 27.7 17.2134
      vertex -3.10583 25.2 16.7089
      vertex -3.10583 27.7 16.7089
    endloop
  endfacet
  facet normal 0.321408 0 0.946941
    outer loop
      vertex -3.10583 25.2 16.7089
      vertex -4.5922 27.7 17.2134
      vertex -4.5922 25.2 17.2134
    endloop
  endfacet
  facet normal -0.751855 0 0.659329
    outer loop
      vertex 8.48528 25.2 19.8147
      vertex 9.52024 27.7 20.9949
      vertex 8.48528 27.7 19.8147
    endloop
  endfacet
  facet normal -0.751855 0 0.659329
    outer loop
      vertex 9.52024 27.7 20.9949
      vertex 8.48528 25.2 19.8147
      vertex 9.52024 25.2 20.9949
    endloop
  endfacet
  facet normal 0.659326 0 0.751857
    outer loop
      vertex -8.48528 27.7 19.8147
      vertex -7.30514 25.2 18.7798
      vertex -7.30514 27.7 18.7798
    endloop
  endfacet
  facet normal 0.659326 0 0.751857
    outer loop
      vertex -7.30514 25.2 18.7798
      vertex -8.48528 27.7 19.8147
      vertex -8.48528 25.2 19.8147
    endloop
  endfacet
  facet normal 0.980788 -0 0.195075
    outer loop
      vertex -11.8973 25.2 26.7337
      vertex -11.5911 27.7 25.1942
      vertex -11.8973 27.7 26.7337
    endloop
  endfacet
  facet normal 0.980788 0 0.195075
    outer loop
      vertex -11.5911 27.7 25.1942
      vertex -11.8973 25.2 26.7337
      vertex -11.5911 25.2 25.1942
    endloop
  endfacet
  facet normal 0.946943 -0 0.321402
    outer loop
      vertex -11.5911 25.2 25.1942
      vertex -11.0866 27.7 23.7078
      vertex -11.5911 27.7 25.1942
    endloop
  endfacet
  facet normal 0.946943 0 0.321402
    outer loop
      vertex -11.0866 27.7 23.7078
      vertex -11.5911 25.2 25.1942
      vertex -11.0866 25.2 23.7078
    endloop
  endfacet
  facet normal -0.442314 0 0.89686
    outer loop
      vertex 4.5922 27.7 17.2134
      vertex 6 25.2 17.9077
      vertex 6 27.7 17.9077
    endloop
  endfacet
  facet normal -0.442314 0 0.89686
    outer loop
      vertex 6 25.2 17.9077
      vertex 4.5922 27.7 17.2134
      vertex 4.5922 25.2 17.2134
    endloop
  endfacet
  facet normal -0.195072 0 0.980789
    outer loop
      vertex 1.56631 27.7 16.4027
      vertex 3.10583 25.2 16.7089
      vertex 3.10583 27.7 16.7089
    endloop
  endfacet
  facet normal -0.195072 0 0.980789
    outer loop
      vertex 3.10583 25.2 16.7089
      vertex 1.56631 27.7 16.4027
      vertex 1.56631 25.2 16.4027
    endloop
  endfacet
  facet normal -1 0 0
    outer loop
      vertex 12 25.2 49.1
      vertex 12 27.7 50.3
      vertex 12 27.7 28.3
    endloop
  endfacet
  facet normal -1 0 0
    outer loop
      vertex 12 25.2 49.1
      vertex 12 27.7 28.3
      vertex 12 25.2 28.3
    endloop
  endfacet
  facet normal -1 -0 0
    outer loop
      vertex 12 27.7 50.3
      vertex 12 25.2 49.1
      vertex 12 26.4055 50.3
    endloop
  endfacet
  facet normal -0.946943 0 0.321402
    outer loop
      vertex 11.0866 25.2 23.7078
      vertex 11.5911 27.7 25.1942
      vertex 11.0866 27.7 23.7078
    endloop
  endfacet
  facet normal -0.946943 0 0.321402
    outer loop
      vertex 11.5911 27.7 25.1942
      vertex 11.0866 25.2 23.7078
      vertex 11.5911 25.2 25.1942
    endloop
  endfacet
  facet normal 0.89686 -0 0.442314
    outer loop
      vertex -11.0866 25.2 23.7078
      vertex -10.3923 27.7 22.3
      vertex -11.0866 27.7 23.7078
    endloop
  endfacet
  facet normal 0.89686 0 0.442314
    outer loop
      vertex -10.3923 27.7 22.3
      vertex -11.0866 25.2 23.7078
      vertex -10.3923 25.2 22.3
    endloop
  endfacet
  facet normal 0.751855 -0 0.659329
    outer loop
      vertex -9.52024 25.2 20.9949
      vertex -8.48528 27.7 19.8147
      vertex -9.52024 27.7 20.9949
    endloop
  endfacet
  facet normal 0.751855 0 0.659329
    outer loop
      vertex -8.48528 27.7 19.8147
      vertex -9.52024 25.2 20.9949
      vertex -8.48528 25.2 19.8147
    endloop
  endfacet
  facet normal 0.442314 0 0.89686
    outer loop
      vertex -6 27.7 17.9077
      vertex -4.5922 25.2 17.2134
      vertex -4.5922 27.7 17.2134
    endloop
  endfacet
  facet normal 0.442314 0 0.89686
    outer loop
      vertex -4.5922 25.2 17.2134
      vertex -6 27.7 17.9077
      vertex -6 25.2 17.9077
    endloop
  endfacet
  facet normal 0.997857 -0 0.065428
    outer loop
      vertex -12 25.2 28.3
      vertex -11.8973 27.7 26.7337
      vertex -12 27.7 28.3
    endloop
  endfacet
  facet normal 0.997857 0 0.065428
    outer loop
      vertex -11.8973 27.7 26.7337
      vertex -12 25.2 28.3
      vertex -11.8973 25.2 26.7337
    endloop
  endfacet
  facet normal -0.659326 0 0.751857
    outer loop
      vertex 7.30514 27.7 18.7798
      vertex 8.48528 25.2 19.8147
      vertex 8.48528 27.7 19.8147
    endloop
  endfacet
  facet normal -0.659326 0 0.751857
    outer loop
      vertex 8.48528 25.2 19.8147
      vertex 7.30514 27.7 18.7798
      vertex 7.30514 25.2 18.7798
    endloop
  endfacet
  facet normal -0.980788 0 0.195075
    outer loop
      vertex 11.5911 25.2 25.1942
      vertex 11.8973 27.7 26.7337
      vertex 11.5911 27.7 25.1942
    endloop
  endfacet
  facet normal -0.980788 0 0.195075
    outer loop
      vertex 11.8973 27.7 26.7337
      vertex 11.5911 25.2 25.1942
      vertex 11.8973 25.2 26.7337
    endloop
  endfacet
  facet normal -0.89686 0 0.442314
    outer loop
      vertex 10.3923 25.2 22.3
      vertex 11.0866 27.7 23.7078
      vertex 10.3923 27.7 22.3
    endloop
  endfacet
  facet normal -0.89686 0 0.442314
    outer loop
      vertex 11.0866 27.7 23.7078
      vertex 10.3923 25.2 22.3
      vertex 11.0866 25.2 23.7078
    endloop
  endfacet
  facet normal -0.555585 0 0.83146
    outer loop
      vertex 6 27.7 17.9077
      vertex 7.30514 25.2 18.7798
      vertex 7.30514 27.7 18.7798
    endloop
  endfacet
  facet normal -0.555585 0 0.83146
    outer loop
      vertex 7.30514 25.2 18.7798
      vertex 6 27.7 17.9077
      vertex 6 25.2 17.9077
    endloop
  endfacet
  facet normal -0.831464 0 0.555579
    outer loop
      vertex 9.52024 25.2 20.9949
      vertex 10.3923 27.7 22.3
      vertex 9.52024 27.7 20.9949
    endloop
  endfacet
  facet normal -0.831464 0 0.555579
    outer loop
      vertex 10.3923 27.7 22.3
      vertex 9.52024 25.2 20.9949
      vertex 10.3923 25.2 22.3
    endloop
  endfacet
  facet normal -0.321408 0 0.946941
    outer loop
      vertex 3.10583 27.7 16.7089
      vertex 4.5922 25.2 17.2134
      vertex 4.5922 27.7 17.2134
    endloop
  endfacet
  facet normal -0.321408 0 0.946941
    outer loop
      vertex 4.5922 25.2 17.2134
      vertex 3.10583 27.7 16.7089
      vertex 3.10583 25.2 16.7089
    endloop
  endfacet
  facet normal 0.0654276 0 0.997857
    outer loop
      vertex -1.56631 27.7 16.4027
      vertex 0 25.2 16.3
      vertex 0 27.7 16.3
    endloop
  endfacet
  facet normal 0.0654276 0 0.997857
    outer loop
      vertex 0 25.2 16.3
      vertex -1.56631 27.7 16.4027
      vertex -1.56631 25.2 16.4027
    endloop
  endfacet
  facet normal 0.831464 -0 0.555579
    outer loop
      vertex -10.3923 25.2 22.3
      vertex -9.52024 27.7 20.9949
      vertex -10.3923 27.7 22.3
    endloop
  endfacet
  facet normal 0.831464 0 0.555579
    outer loop
      vertex -9.52024 27.7 20.9949
      vertex -10.3923 25.2 22.3
      vertex -9.52024 25.2 20.9949
    endloop
  endfacet
  facet normal 0.555585 0 0.83146
    outer loop
      vertex -7.30514 27.7 18.7798
      vertex -6 25.2 17.9077
      vertex -6 27.7 17.9077
    endloop
  endfacet
  facet normal 0.555585 0 0.83146
    outer loop
      vertex -6 25.2 17.9077
      vertex -7.30514 27.7 18.7798
      vertex -7.30514 25.2 18.7798
    endloop
  endfacet
  facet normal 0.195072 0 0.980789
    outer loop
      vertex -3.10583 27.7 16.7089
      vertex -1.56631 25.2 16.4027
      vertex -1.56631 27.7 16.4027
    endloop
  endfacet
  facet normal 0.195072 0 0.980789
    outer loop
      vertex -1.56631 25.2 16.4027
      vertex -3.10583 27.7 16.7089
      vertex -3.10583 25.2 16.7089
    endloop
  endfacet
  facet normal -0.0654276 0 0.997857
    outer loop
      vertex 0 27.7 16.3
      vertex 1.56631 25.2 16.4027
      vertex 1.56631 27.7 16.4027
    endloop
  endfacet
  facet normal -0.0654276 0 0.997857
    outer loop
      vertex 1.56631 25.2 16.4027
      vertex 0 27.7 16.3
      vertex 0 25.2 16.3
    endloop
  endfacet
  facet normal -0.705488 0 0.708722
    outer loop
      vertex 30.7 25.2 49.1
      vertex 31.9055 1.79452 50.3
      vertex 31.9055 26.4055 50.3
    endloop
  endfacet
  facet normal -0.705488 0 0.708722
    outer loop
      vertex 31.9055 1.79452 50.3
      vertex 30.7 25.2 49.1
      vertex 30.7 3 49.1
    endloop
  endfacet
  facet normal 0 -0.705488 0.708722
    outer loop
      vertex 12 26.4055 50.3
      vertex 30.7 25.2 49.1
      vertex 31.9055 26.4055 50.3
    endloop
  endfacet
  facet normal 0 -0.705488 0.708722
    outer loop
      vertex 30.7 25.2 49.1
      vertex 12 26.4055 50.3
      vertex 12 25.2 49.1
    endloop
  endfacet
  facet normal 0 -0.705488 0.708722
    outer loop
      vertex -12 26.4055 50.3
      vertex -30.7 25.2 49.1
      vertex -12 25.2 49.1
    endloop
  endfacet
  facet normal 0 -0.705488 0.708722
    outer loop
      vertex -30.7 25.2 49.1
      vertex -12 26.4055 50.3
      vertex -31.9055 26.4055 50.3
    endloop
  endfacet
  facet normal -0 0.705494 0.708716
    outer loop
      vertex -30.7 3 49.1
      vertex 31.9055 1.79452 50.3
      vertex 30.7 3 49.1
    endloop
  endfacet
  facet normal 0 0.705494 0.708716
    outer loop
      vertex 31.9055 1.79452 50.3
      vertex -30.7 3 49.1
      vertex -31.9055 1.79452 50.3
    endloop
  endfacet
  facet normal 0.705488 0 0.708722
    outer loop
      vertex -31.9055 26.4055 50.3
      vertex -30.7 3 49.1
      vertex -30.7 25.2 49.1
    endloop
  endfacet
  facet normal 0.705488 0 0.708722
    outer loop
      vertex -30.7 3 49.1
      vertex -31.9055 26.4055 50.3
      vertex -31.9055 1.79452 50.3
    endloop
  endfacet
endsolid OpenSCAD_Model
