solid OpenSCAD_Model
  facet normal 0 0 1
    outer loop
      vertex -49.848 29.5123 0
      vertex -30 31.9269 0
      vertex -49.812 29.755 0
    endloop
  endfacet
  facet normal 0 0 1
    outer loop
      vertex -35 40.5872 0
      vertex -49.812 30.245 0
      vertex -49.8 30 0
    endloop
  endfacet
  facet normal 0 0 1
    outer loop
      vertex -35 40.5872 0
      vertex -49.848 30.4877 0
      vertex -49.812 30.245 0
    endloop
  endfacet
  facet normal 0 0 1
    outer loop
      vertex -35 40.5872 0
      vertex -49.9076 30.7257 0
      vertex -49.848 30.4877 0
    endloop
  endfacet
  facet normal 0 0 1
    outer loop
      vertex -35 40.5872 0
      vertex -49.9903 30.9567 0
      vertex -49.9076 30.7257 0
    endloop
  endfacet
  facet normal 0 0 1
    outer loop
      vertex -35 40.5872 0
      vertex -50.0952 31.1785 0
      vertex -49.9903 30.9567 0
    endloop
  endfacet
  facet normal 0 0 1
    outer loop
      vertex -35 40.5872 0
      vertex -50.2213 31.3889 0
      vertex -50.0952 31.1785 0
    endloop
  endfacet
  facet normal 0 0 1
    outer loop
      vertex -35 40.5872 0
      vertex -50.3675 31.586 0
      vertex -50.2213 31.3889 0
    endloop
  endfacet
  facet normal 0 0 1
    outer loop
      vertex -35 40.5872 0
      vertex -50.5322 31.7678 0
      vertex -50.3675 31.586 0
    endloop
  endfacet
  facet normal 0 0 1
    outer loop
      vertex -35 40.5872 0
      vertex -50.714 31.9325 0
      vertex -50.5322 31.7678 0
    endloop
  endfacet
  facet normal 0 0 1
    outer loop
      vertex -35 40.5872 0
      vertex -50.9111 32.0787 0
      vertex -50.714 31.9325 0
    endloop
  endfacet
  facet normal 0 0 1
    outer loop
      vertex -35 40.5872 0
      vertex -51.1215 32.2048 0
      vertex -50.9111 32.0787 0
    endloop
  endfacet
  facet normal 0 0 1
    outer loop
      vertex -45.3 54 0
      vertex -51.3433 32.3097 0
      vertex -51.1215 32.2048 0
    endloop
  endfacet
  facet normal 0 0 1
    outer loop
      vertex -45.3 54 0
      vertex -51.5743 32.3923 0
      vertex -51.3433 32.3097 0
    endloop
  endfacet
  facet normal 0 0 1
    outer loop
      vertex -45.3 54 0
      vertex -51.8123 32.452 0
      vertex -51.5743 32.3923 0
    endloop
  endfacet
  facet normal 0 0 1
    outer loop
      vertex -45.3 54 0
      vertex -52.055 32.488 0
      vertex -51.8123 32.452 0
    endloop
  endfacet
  facet normal 0 0 1
    outer loop
      vertex -45.3 54 0
      vertex -52.3 32.5 0
      vertex -52.055 32.488 0
    endloop
  endfacet
  facet normal 0 0 1
    outer loop
      vertex -45.3 54 0
      vertex -52.545 32.488 0
      vertex -52.3 32.5 0
    endloop
  endfacet
  facet normal 0 0 1
    outer loop
      vertex -45.3 54 0
      vertex -52.7877 32.452 0
      vertex -52.545 32.488 0
    endloop
  endfacet
  facet normal -0 0 1
    outer loop
      vertex -59.3 33 0
      vertex -52.7877 32.452 0
      vertex -45.3 54 0
    endloop
  endfacet
  facet normal 0 0 1
    outer loop
      vertex -52.7877 32.452 0
      vertex -59.3 33 0
      vertex -53.0257 32.3923 0
    endloop
  endfacet
  facet normal 0 0 1
    outer loop
      vertex -53.0257 32.3923 0
      vertex -59.3 33 0
      vertex -53.2567 32.3097 0
    endloop
  endfacet
  facet normal 0 0 1
    outer loop
      vertex -53.2567 32.3097 0
      vertex -59.3 33 0
      vertex -53.4785 32.2048 0
    endloop
  endfacet
  facet normal 0 0 1
    outer loop
      vertex -53.4785 32.2048 0
      vertex -59.3 33 0
      vertex -53.6889 32.0787 0
    endloop
  endfacet
  facet normal 0 0 1
    outer loop
      vertex -53.6889 32.0787 0
      vertex -59.3 33 0
      vertex -53.886 31.9325 0
    endloop
  endfacet
  facet normal 0 0 1
    outer loop
      vertex -53.886 31.9325 0
      vertex -59.3 33 0
      vertex -54.0678 31.7678 0
    endloop
  endfacet
  facet normal 0 0 1
    outer loop
      vertex -54.0678 31.7678 0
      vertex -59.3 33 0
      vertex -54.2325 31.586 0
    endloop
  endfacet
  facet normal 0 0 1
    outer loop
      vertex -54.2325 31.586 0
      vertex -59.3 33 0
      vertex -54.3787 31.3889 0
    endloop
  endfacet
  facet normal 0 0 1
    outer loop
      vertex -54.3787 31.3889 0
      vertex -59.3 33 0
      vertex -54.5048 31.1785 0
    endloop
  endfacet
  facet normal 0 0 1
    outer loop
      vertex -54.788 30.245 0
      vertex -59.3 33 0
      vertex -54.8 30 0
    endloop
  endfacet
  facet normal 0 0 1
    outer loop
      vertex -54.752 30.4877 0
      vertex -59.3 33 0
      vertex -54.788 30.245 0
    endloop
  endfacet
  facet normal 0 0 1
    outer loop
      vertex -54.6924 30.7257 0
      vertex -59.3 33 0
      vertex -54.752 30.4877 0
    endloop
  endfacet
  facet normal 0 0 1
    outer loop
      vertex -54.6097 30.9567 0
      vertex -59.3 33 0
      vertex -54.6924 30.7257 0
    endloop
  endfacet
  facet normal 0 0 1
    outer loop
      vertex -54.5048 31.1785 0
      vertex -59.3 33 0
      vertex -54.6097 30.9567 0
    endloop
  endfacet
  facet normal -0 0 1
    outer loop
      vertex -49.848 149.012 0
      vertex -30 147.573 0
      vertex -49.812 149.255 0
    endloop
  endfacet
  facet normal 0 0 1
    outer loop
      vertex -29 154.52 0
      vertex -49.812 149.745 0
      vertex -49.8 149.5 0
    endloop
  endfacet
  facet normal 0 0 1
    outer loop
      vertex -29 154.52 0
      vertex -49.848 149.988 0
      vertex -49.812 149.745 0
    endloop
  endfacet
  facet normal 0 0 1
    outer loop
      vertex -29 154.52 0
      vertex -49.9076 150.226 0
      vertex -49.848 149.988 0
    endloop
  endfacet
  facet normal 0 0 1
    outer loop
      vertex -29 154.52 0
      vertex -49.9903 150.457 0
      vertex -49.9076 150.226 0
    endloop
  endfacet
  facet normal 0 0 1
    outer loop
      vertex -29 154.52 0
      vertex -50.0952 150.678 0
      vertex -49.9903 150.457 0
    endloop
  endfacet
  facet normal 0 0 1
    outer loop
      vertex -29 154.52 0
      vertex -50.2213 150.889 0
      vertex -50.0952 150.678 0
    endloop
  endfacet
  facet normal 0 0 1
    outer loop
      vertex -29 154.52 0
      vertex -50.3675 151.086 0
      vertex -50.2213 150.889 0
    endloop
  endfacet
  facet normal 0 0 1
    outer loop
      vertex -29 154.52 0
      vertex -50.5322 151.268 0
      vertex -50.3675 151.086 0
    endloop
  endfacet
  facet normal 0 0 1
    outer loop
      vertex -45.3 173.5 0
      vertex -50.714 151.433 0
      vertex -50.5322 151.268 0
    endloop
  endfacet
  facet normal 0 0 1
    outer loop
      vertex -45.3 173.5 0
      vertex -50.9111 151.579 0
      vertex -50.714 151.433 0
    endloop
  endfacet
  facet normal 0 0 1
    outer loop
      vertex -45.3 173.5 0
      vertex -51.1215 151.705 0
      vertex -50.9111 151.579 0
    endloop
  endfacet
  facet normal 0 0 1
    outer loop
      vertex -45.3 173.5 0
      vertex -51.3433 151.81 0
      vertex -51.1215 151.705 0
    endloop
  endfacet
  facet normal 0 0 1
    outer loop
      vertex -45.3 173.5 0
      vertex -51.5743 151.892 0
      vertex -51.3433 151.81 0
    endloop
  endfacet
  facet normal 0 0 1
    outer loop
      vertex -45.3 173.5 0
      vertex -51.8123 151.952 0
      vertex -51.5743 151.892 0
    endloop
  endfacet
  facet normal 0 0 1
    outer loop
      vertex -45.3 173.5 0
      vertex -52.055 151.988 0
      vertex -51.8123 151.952 0
    endloop
  endfacet
  facet normal 0 0 1
    outer loop
      vertex -45.3 173.5 0
      vertex -52.3 152 0
      vertex -52.055 151.988 0
    endloop
  endfacet
  facet normal 0 0 1
    outer loop
      vertex -45.3 173.5 0
      vertex -52.545 151.988 0
      vertex -52.3 152 0
    endloop
  endfacet
  facet normal 0 0 1
    outer loop
      vertex -45.3 173.5 0
      vertex -52.7877 151.952 0
      vertex -52.545 151.988 0
    endloop
  endfacet
  facet normal -0 0 1
    outer loop
      vertex -59.3 152.5 0
      vertex -52.7877 151.952 0
      vertex -45.3 173.5 0
    endloop
  endfacet
  facet normal 0 0 1
    outer loop
      vertex -52.7877 151.952 0
      vertex -59.3 152.5 0
      vertex -53.0257 151.892 0
    endloop
  endfacet
  facet normal 0 0 1
    outer loop
      vertex -53.0257 151.892 0
      vertex -59.3 152.5 0
      vertex -53.2567 151.81 0
    endloop
  endfacet
  facet normal 0 0 1
    outer loop
      vertex -53.2567 151.81 0
      vertex -59.3 152.5 0
      vertex -53.4785 151.705 0
    endloop
  endfacet
  facet normal 0 0 1
    outer loop
      vertex -53.4785 151.705 0
      vertex -59.3 152.5 0
      vertex -53.6889 151.579 0
    endloop
  endfacet
  facet normal 0 0 1
    outer loop
      vertex -53.6889 151.579 0
      vertex -59.3 152.5 0
      vertex -53.886 151.433 0
    endloop
  endfacet
  facet normal 0 0 1
    outer loop
      vertex -53.886 151.433 0
      vertex -59.3 152.5 0
      vertex -54.0678 151.268 0
    endloop
  endfacet
  facet normal 0 0 1
    outer loop
      vertex -54.0678 151.268 0
      vertex -59.3 152.5 0
      vertex -54.2325 151.086 0
    endloop
  endfacet
  facet normal 0 0 1
    outer loop
      vertex -54.2325 151.086 0
      vertex -59.3 152.5 0
      vertex -54.3787 150.889 0
    endloop
  endfacet
  facet normal 0 0 1
    outer loop
      vertex -54.3787 150.889 0
      vertex -59.3 152.5 0
      vertex -54.5048 150.678 0
    endloop
  endfacet
  facet normal 0 0 1
    outer loop
      vertex -54.788 149.745 0
      vertex -59.3 152.5 0
      vertex -54.8 149.5 0
    endloop
  endfacet
  facet normal 0 0 1
    outer loop
      vertex -54.752 149.988 0
      vertex -59.3 152.5 0
      vertex -54.788 149.745 0
    endloop
  endfacet
  facet normal 0 0 1
    outer loop
      vertex -54.6924 150.226 0
      vertex -59.3 152.5 0
      vertex -54.752 149.988 0
    endloop
  endfacet
  facet normal 0 0 1
    outer loop
      vertex -54.6097 150.457 0
      vertex -59.3 152.5 0
      vertex -54.6924 150.226 0
    endloop
  endfacet
  facet normal 0 0 1
    outer loop
      vertex -54.5048 150.678 0
      vertex -59.3 152.5 0
      vertex -54.6097 150.457 0
    endloop
  endfacet
  facet normal 0 0 1
    outer loop
      vertex -30 147.573 0
      vertex -49.848 149.012 0
      vertex -35 138.913 0
    endloop
  endfacet
  facet normal -0 0 1
    outer loop
      vertex -49.9076 148.774 0
      vertex -35 138.913 0
      vertex -49.848 149.012 0
    endloop
  endfacet
  facet normal -0 0 1
    outer loop
      vertex -49.9903 148.543 0
      vertex -35 138.913 0
      vertex -49.9076 148.774 0
    endloop
  endfacet
  facet normal -0 0 1
    outer loop
      vertex -50.0952 148.322 0
      vertex -35 138.913 0
      vertex -49.9903 148.543 0
    endloop
  endfacet
  facet normal -0 0 1
    outer loop
      vertex -50.2213 148.111 0
      vertex -35 138.913 0
      vertex -50.0952 148.322 0
    endloop
  endfacet
  facet normal -0 0 1
    outer loop
      vertex -50.3675 147.914 0
      vertex -35 138.913 0
      vertex -50.2213 148.111 0
    endloop
  endfacet
  facet normal -0 0 1
    outer loop
      vertex -50.5322 147.732 0
      vertex -35 138.913 0
      vertex -50.3675 147.914 0
    endloop
  endfacet
  facet normal -0 0 1
    outer loop
      vertex -50.714 147.567 0
      vertex -35 138.913 0
      vertex -50.5322 147.732 0
    endloop
  endfacet
  facet normal -0 0 1
    outer loop
      vertex -50.9111 147.421 0
      vertex -35 138.913 0
      vertex -50.714 147.567 0
    endloop
  endfacet
  facet normal -0 0 1
    outer loop
      vertex -51.1215 147.295 0
      vertex -35 138.913 0
      vertex -50.9111 147.421 0
    endloop
  endfacet
  facet normal 0 0 1
    outer loop
      vertex -35 138.913 0
      vertex -51.1215 147.295 0
      vertex -45.3 125.5 0
    endloop
  endfacet
  facet normal -0 0 1
    outer loop
      vertex -51.3433 147.19 0
      vertex -45.3 125.5 0
      vertex -51.1215 147.295 0
    endloop
  endfacet
  facet normal -0 0 1
    outer loop
      vertex -51.5743 147.108 0
      vertex -45.3 125.5 0
      vertex -51.3433 147.19 0
    endloop
  endfacet
  facet normal -0 0 1
    outer loop
      vertex -51.8123 147.048 0
      vertex -45.3 125.5 0
      vertex -51.5743 147.108 0
    endloop
  endfacet
  facet normal -0 0 1
    outer loop
      vertex -52.055 147.012 0
      vertex -45.3 125.5 0
      vertex -51.8123 147.048 0
    endloop
  endfacet
  facet normal -0 0 1
    outer loop
      vertex -52.3 147 0
      vertex -45.3 125.5 0
      vertex -52.055 147.012 0
    endloop
  endfacet
  facet normal 0 0 1
    outer loop
      vertex -52.545 147.012 0
      vertex -45.3 125.5 0
      vertex -52.3 147 0
    endloop
  endfacet
  facet normal 0 0 1
    outer loop
      vertex -52.7877 147.048 0
      vertex -45.3 125.5 0
      vertex -52.545 147.012 0
    endloop
  endfacet
  facet normal 0 0 1
    outer loop
      vertex -59.3 146.5 0
      vertex -52.7877 147.048 0
      vertex -53.0257 147.108 0
    endloop
  endfacet
  facet normal 0 0 1
    outer loop
      vertex -59.3 146.5 0
      vertex -53.0257 147.108 0
      vertex -53.2567 147.19 0
    endloop
  endfacet
  facet normal 0 0 1
    outer loop
      vertex -59.3 146.5 0
      vertex -53.2567 147.19 0
      vertex -53.4785 147.295 0
    endloop
  endfacet
  facet normal 0 0 1
    outer loop
      vertex -59.3 146.5 0
      vertex -53.4785 147.295 0
      vertex -53.6889 147.421 0
    endloop
  endfacet
  facet normal 0 0 1
    outer loop
      vertex -59.3 146.5 0
      vertex -53.6889 147.421 0
      vertex -53.886 147.567 0
    endloop
  endfacet
  facet normal 0 0 1
    outer loop
      vertex -59.3 146.5 0
      vertex -53.886 147.567 0
      vertex -54.0678 147.732 0
    endloop
  endfacet
  facet normal 0 0 1
    outer loop
      vertex -59.3 146.5 0
      vertex -54.0678 147.732 0
      vertex -54.2325 147.914 0
    endloop
  endfacet
  facet normal 0 0 1
    outer loop
      vertex -59.3 146.5 0
      vertex -54.2325 147.914 0
      vertex -54.3787 148.111 0
    endloop
  endfacet
  facet normal 0 0 1
    outer loop
      vertex -59.3 146.5 0
      vertex -54.3787 148.111 0
      vertex -54.5048 148.322 0
    endloop
  endfacet
  facet normal 0 0 1
    outer loop
      vertex -59.3 146.5 0
      vertex -54.5048 148.322 0
      vertex -54.6097 148.543 0
    endloop
  endfacet
  facet normal 0 0 1
    outer loop
      vertex -59.3 146.5 0
      vertex -54.8 149.5 0
      vertex -59.3 152.5 0
    endloop
  endfacet
  facet normal 0 0 1
    outer loop
      vertex -54.8 149.5 0
      vertex -59.3 146.5 0
      vertex -54.788 149.255 0
    endloop
  endfacet
  facet normal 0 0 1
    outer loop
      vertex -54.788 149.255 0
      vertex -59.3 146.5 0
      vertex -54.752 149.012 0
    endloop
  endfacet
  facet normal 0 0 1
    outer loop
      vertex -54.752 149.012 0
      vertex -59.3 146.5 0
      vertex -54.6924 148.774 0
    endloop
  endfacet
  facet normal 0 0 1
    outer loop
      vertex -54.6924 148.774 0
      vertex -59.3 146.5 0
      vertex -54.6097 148.543 0
    endloop
  endfacet
  facet normal 0 0 1
    outer loop
      vertex -52.7877 147.048 0
      vertex -59.3 146.5 0
      vertex -45.3 125.5 0
    endloop
  endfacet
  facet normal 0 0 1
    outer loop
      vertex -30 31.9269 0
      vertex -49.848 29.5123 0
      vertex -29 24.9795 0
    endloop
  endfacet
  facet normal -0 0 1
    outer loop
      vertex -49.9076 29.2743 0
      vertex -29 24.9795 0
      vertex -49.848 29.5123 0
    endloop
  endfacet
  facet normal -0 0 1
    outer loop
      vertex -49.9903 29.0433 0
      vertex -29 24.9795 0
      vertex -49.9076 29.2743 0
    endloop
  endfacet
  facet normal -0 0 1
    outer loop
      vertex -50.0952 28.8215 0
      vertex -29 24.9795 0
      vertex -49.9903 29.0433 0
    endloop
  endfacet
  facet normal -0 0 1
    outer loop
      vertex -50.2213 28.6111 0
      vertex -29 24.9795 0
      vertex -50.0952 28.8215 0
    endloop
  endfacet
  facet normal -0 0 1
    outer loop
      vertex -50.3675 28.414 0
      vertex -29 24.9795 0
      vertex -50.2213 28.6111 0
    endloop
  endfacet
  facet normal -0 0 1
    outer loop
      vertex -50.5322 28.2322 0
      vertex -29 24.9795 0
      vertex -50.3675 28.414 0
    endloop
  endfacet
  facet normal 0 0 1
    outer loop
      vertex -29 24.9795 0
      vertex -50.5322 28.2322 0
      vertex -45.3 6.00002 0
    endloop
  endfacet
  facet normal -0 0 1
    outer loop
      vertex -50.714 28.0675 0
      vertex -45.3 6.00002 0
      vertex -50.5322 28.2322 0
    endloop
  endfacet
  facet normal -0 0 1
    outer loop
      vertex -50.9111 27.9213 0
      vertex -45.3 6.00002 0
      vertex -50.714 28.0675 0
    endloop
  endfacet
  facet normal -0 0 1
    outer loop
      vertex -51.1215 27.7952 0
      vertex -45.3 6.00002 0
      vertex -50.9111 27.9213 0
    endloop
  endfacet
  facet normal -0 0 1
    outer loop
      vertex -51.3433 27.6903 0
      vertex -45.3 6.00002 0
      vertex -51.1215 27.7952 0
    endloop
  endfacet
  facet normal -0 0 1
    outer loop
      vertex -51.5743 27.6076 0
      vertex -45.3 6.00002 0
      vertex -51.3433 27.6903 0
    endloop
  endfacet
  facet normal -0 0 1
    outer loop
      vertex -51.8123 27.548 0
      vertex -45.3 6.00002 0
      vertex -51.5743 27.6076 0
    endloop
  endfacet
  facet normal -0 0 1
    outer loop
      vertex -52.055 27.512 0
      vertex -45.3 6.00002 0
      vertex -51.8123 27.548 0
    endloop
  endfacet
  facet normal -0 0 1
    outer loop
      vertex -52.3 27.5 0
      vertex -45.3 6.00002 0
      vertex -52.055 27.512 0
    endloop
  endfacet
  facet normal 0 0 1
    outer loop
      vertex -52.545 27.512 0
      vertex -45.3 6.00002 0
      vertex -52.3 27.5 0
    endloop
  endfacet
  facet normal 0 0 1
    outer loop
      vertex -52.7877 27.548 0
      vertex -45.3 6.00002 0
      vertex -52.545 27.512 0
    endloop
  endfacet
  facet normal 0 0 1
    outer loop
      vertex -59.3 27 0
      vertex -52.7877 27.548 0
      vertex -53.0257 27.6076 0
    endloop
  endfacet
  facet normal 0 0 1
    outer loop
      vertex -59.3 27 0
      vertex -53.0257 27.6076 0
      vertex -53.2567 27.6903 0
    endloop
  endfacet
  facet normal 0 0 1
    outer loop
      vertex -59.3 27 0
      vertex -53.2567 27.6903 0
      vertex -53.4785 27.7952 0
    endloop
  endfacet
  facet normal 0 0 1
    outer loop
      vertex -59.3 27 0
      vertex -53.4785 27.7952 0
      vertex -53.6889 27.9213 0
    endloop
  endfacet
  facet normal 0 0 1
    outer loop
      vertex -59.3 27 0
      vertex -53.6889 27.9213 0
      vertex -53.886 28.0675 0
    endloop
  endfacet
  facet normal 0 0 1
    outer loop
      vertex -59.3 27 0
      vertex -53.886 28.0675 0
      vertex -54.0678 28.2322 0
    endloop
  endfacet
  facet normal 0 0 1
    outer loop
      vertex -59.3 27 0
      vertex -54.0678 28.2322 0
      vertex -54.2325 28.414 0
    endloop
  endfacet
  facet normal 0 0 1
    outer loop
      vertex -59.3 27 0
      vertex -54.2325 28.414 0
      vertex -54.3787 28.6111 0
    endloop
  endfacet
  facet normal 0 0 1
    outer loop
      vertex -59.3 27 0
      vertex -54.3787 28.6111 0
      vertex -54.5048 28.8215 0
    endloop
  endfacet
  facet normal 0 0 1
    outer loop
      vertex -59.3 27 0
      vertex -54.5048 28.8215 0
      vertex -54.6097 29.0433 0
    endloop
  endfacet
  facet normal 0 0 1
    outer loop
      vertex -59.3 27 0
      vertex -54.8 30 0
      vertex -59.3 33 0
    endloop
  endfacet
  facet normal 0 0 1
    outer loop
      vertex -54.8 30 0
      vertex -59.3 27 0
      vertex -54.788 29.755 0
    endloop
  endfacet
  facet normal 0 0 1
    outer loop
      vertex -54.788 29.755 0
      vertex -59.3 27 0
      vertex -54.752 29.5123 0
    endloop
  endfacet
  facet normal 0 0 1
    outer loop
      vertex -54.752 29.5123 0
      vertex -59.3 27 0
      vertex -54.6924 29.2743 0
    endloop
  endfacet
  facet normal 0 0 1
    outer loop
      vertex -54.6924 29.2743 0
      vertex -59.3 27 0
      vertex -54.6097 29.0433 0
    endloop
  endfacet
  facet normal 0 0 1
    outer loop
      vertex -52.7877 27.548 0
      vertex -59.3 27 0
      vertex -45.3 6.00002 0
    endloop
  endfacet
  facet normal 0 0 1
    outer loop
      vertex -23 134.233 0
      vertex -25 134.233 0
      vertex -24 131.965 0
    endloop
  endfacet
  facet normal 0 0 1
    outer loop
      vertex -30 125.573 0
      vertex -24 131.965 0
      vertex -25 134.233 0
    endloop
  endfacet
  facet normal 0 0 1
    outer loop
      vertex -29 123.305 0
      vertex -30 125.573 0
      vertex -29 118.626 0
    endloop
  endfacet
  facet normal 0 0 1
    outer loop
      vertex -24 131.965 0
      vertex -30 125.573 0
      vertex -29 123.305 0
    endloop
  endfacet
  facet normal 0 0 1
    outer loop
      vertex -23 103.018 0
      vertex -25 103.018 0
      vertex -24 100.75 0
    endloop
  endfacet
  facet normal 0 0 1
    outer loop
      vertex -30 94.3577 0
      vertex -24 100.75 0
      vertex -25 103.018 0
    endloop
  endfacet
  facet normal 0 0 1
    outer loop
      vertex -29 92.0897 0
      vertex -30 94.3577 0
      vertex -29 87.4103 0
    endloop
  endfacet
  facet normal 0 0 1
    outer loop
      vertex -24 100.75 0
      vertex -30 94.3577 0
      vertex -29 92.0897 0
    endloop
  endfacet
  facet normal 0 0 1
    outer loop
      vertex -23 71.8026 0
      vertex -25 71.8026 0
      vertex -24 69.5346 0
    endloop
  endfacet
  facet normal 0 0 1
    outer loop
      vertex -30 63.1423 0
      vertex -24 69.5346 0
      vertex -25 71.8026 0
    endloop
  endfacet
  facet normal 0 0 1
    outer loop
      vertex -29 60.8743 0
      vertex -30 63.1423 0
      vertex -29 56.1949 0
    endloop
  endfacet
  facet normal 0 0 1
    outer loop
      vertex -24 69.5346 0
      vertex -30 63.1423 0
      vertex -29 60.8743 0
    endloop
  endfacet
  facet normal 0 0 1
    outer loop
      vertex -23 40.5872 0
      vertex -25 40.5872 0
      vertex -24 38.3192 0
    endloop
  endfacet
  facet normal 0 0 1
    outer loop
      vertex -30 31.9269 0
      vertex -24 38.3192 0
      vertex -25 40.5872 0
    endloop
  endfacet
  facet normal 0 0 1
    outer loop
      vertex -29 29.659 0
      vertex -30 31.9269 0
      vertex -29 24.9795 0
    endloop
  endfacet
  facet normal 0 0 1
    outer loop
      vertex -24 38.3192 0
      vertex -30 31.9269 0
      vertex -29 29.659 0
    endloop
  endfacet
  facet normal -0 0 1
    outer loop
      vertex -24 38.3192 0
      vertex -18 31.9269 0
      vertex -23 40.5872 0
    endloop
  endfacet
  facet normal 0 0 1
    outer loop
      vertex -18 31.9269 0
      vertex -24 38.3192 0
      vertex -19 29.659 0
    endloop
  endfacet
  facet normal 0 0 1
    outer loop
      vertex -23 45.2666 0
      vertex -25 45.2666 0
      vertex -23 40.5872 0
    endloop
  endfacet
  facet normal 0 0 1
    outer loop
      vertex -25 40.5872 0
      vertex -23 40.5872 0
      vertex -25 45.2666 0
    endloop
  endfacet
  facet normal -0 0 1
    outer loop
      vertex -30 53.9269 0
      vertex -24 47.5346 0
      vertex -29 56.1949 0
    endloop
  endfacet
  facet normal 0 0 1
    outer loop
      vertex -24 47.5346 0
      vertex -30 53.9269 0
      vertex -25 45.2666 0
    endloop
  endfacet
  facet normal 0 0 1
    outer loop
      vertex -30 63.1423 0
      vertex -30 53.9269 0
      vertex -29 56.1949 0
    endloop
  endfacet
  facet normal 0 0 1
    outer loop
      vertex -45.3 54 0
      vertex -30 63.1423 0
      vertex -35 71.8026 0
    endloop
  endfacet
  facet normal 0 0 1
    outer loop
      vertex -30 63.1423 0
      vertex -45.3 54 0
      vertex -30 53.9269 0
    endloop
  endfacet
  facet normal 0 0 1
    outer loop
      vertex -17 149.841 0
      vertex -19 149.841 0
      vertex -18 147.573 0
    endloop
  endfacet
  facet normal 0 0 1
    outer loop
      vertex -24 141.181 0
      vertex -18 147.573 0
      vertex -19 149.841 0
    endloop
  endfacet
  facet normal 0 0 1
    outer loop
      vertex -25 138.913 0
      vertex -23 138.913 0
      vertex -24 141.181 0
    endloop
  endfacet
  facet normal 0 0 1
    outer loop
      vertex -18 147.573 0
      vertex -24 141.181 0
      vertex -23 138.913 0
    endloop
  endfacet
  facet normal 0 0 1
    outer loop
      vertex -17 118.626 0
      vertex -19 118.626 0
      vertex -18 116.358 0
    endloop
  endfacet
  facet normal 0 0 1
    outer loop
      vertex -24 109.965 0
      vertex -18 116.358 0
      vertex -19 118.626 0
    endloop
  endfacet
  facet normal 0 0 1
    outer loop
      vertex -25 107.697 0
      vertex -23 107.697 0
      vertex -24 109.965 0
    endloop
  endfacet
  facet normal 0 0 1
    outer loop
      vertex -18 116.358 0
      vertex -24 109.965 0
      vertex -23 107.697 0
    endloop
  endfacet
  facet normal 0 0 1
    outer loop
      vertex -17 87.4103 0
      vertex -19 87.4103 0
      vertex -18 85.1423 0
    endloop
  endfacet
  facet normal 0 0 1
    outer loop
      vertex -24 78.75 0
      vertex -18 85.1423 0
      vertex -19 87.4103 0
    endloop
  endfacet
  facet normal 0 0 1
    outer loop
      vertex -25 76.482 0
      vertex -23 76.482 0
      vertex -24 78.75 0
    endloop
  endfacet
  facet normal 0 0 1
    outer loop
      vertex -18 85.1423 0
      vertex -24 78.75 0
      vertex -23 76.482 0
    endloop
  endfacet
  facet normal 0 0 1
    outer loop
      vertex -17 56.1949 0
      vertex -19 56.1949 0
      vertex -18 53.9269 0
    endloop
  endfacet
  facet normal 0 0 1
    outer loop
      vertex -24 47.5346 0
      vertex -18 53.9269 0
      vertex -19 56.1949 0
    endloop
  endfacet
  facet normal 0 0 1
    outer loop
      vertex -25 45.2666 0
      vertex -23 45.2666 0
      vertex -24 47.5346 0
    endloop
  endfacet
  facet normal 0 0 1
    outer loop
      vertex -18 53.9269 0
      vertex -24 47.5346 0
      vertex -23 45.2666 0
    endloop
  endfacet
  facet normal 0 0 1
    outer loop
      vertex -11 134.233 0
      vertex -13 134.233 0
      vertex -12 131.965 0
    endloop
  endfacet
  facet normal 0 0 1
    outer loop
      vertex -18 125.573 0
      vertex -12 131.965 0
      vertex -13 134.233 0
    endloop
  endfacet
  facet normal 0 0 1
    outer loop
      vertex -19 123.305 0
      vertex -17 123.305 0
      vertex -18 125.573 0
    endloop
  endfacet
  facet normal 0 0 1
    outer loop
      vertex -12 131.965 0
      vertex -18 125.573 0
      vertex -17 123.305 0
    endloop
  endfacet
  facet normal 0 0 1
    outer loop
      vertex -11 103.018 0
      vertex -13 103.018 0
      vertex -12 100.75 0
    endloop
  endfacet
  facet normal 0 0 1
    outer loop
      vertex -18 94.3577 0
      vertex -12 100.75 0
      vertex -13 103.018 0
    endloop
  endfacet
  facet normal 0 0 1
    outer loop
      vertex -19 92.0897 0
      vertex -17 92.0897 0
      vertex -18 94.3577 0
    endloop
  endfacet
  facet normal 0 0 1
    outer loop
      vertex -12 100.75 0
      vertex -18 94.3577 0
      vertex -17 92.0897 0
    endloop
  endfacet
  facet normal 0 0 1
    outer loop
      vertex -11 71.8026 0
      vertex -13 71.8026 0
      vertex -12 69.5346 0
    endloop
  endfacet
  facet normal 0 0 1
    outer loop
      vertex -18 63.1423 0
      vertex -12 69.5346 0
      vertex -13 71.8026 0
    endloop
  endfacet
  facet normal 0 0 1
    outer loop
      vertex -19 60.8743 0
      vertex -17 60.8743 0
      vertex -18 63.1423 0
    endloop
  endfacet
  facet normal 0 0 1
    outer loop
      vertex -12 69.5346 0
      vertex -18 63.1423 0
      vertex -17 60.8743 0
    endloop
  endfacet
  facet normal 0 0 1
    outer loop
      vertex -11 40.5872 0
      vertex -13 40.5872 0
      vertex -12 38.3192 0
    endloop
  endfacet
  facet normal 0 0 1
    outer loop
      vertex -18 31.9269 0
      vertex -12 38.3192 0
      vertex -13 40.5872 0
    endloop
  endfacet
  facet normal 0 0 1
    outer loop
      vertex -19 29.659 0
      vertex -17 29.659 0
      vertex -18 31.9269 0
    endloop
  endfacet
  facet normal 0 0 1
    outer loop
      vertex -12 38.3192 0
      vertex -18 31.9269 0
      vertex -17 29.659 0
    endloop
  endfacet
  facet normal -0 0 1
    outer loop
      vertex -12 38.3192 0
      vertex -6 31.9269 0
      vertex -11 40.5872 0
    endloop
  endfacet
  facet normal 0 0 1
    outer loop
      vertex -6 31.9269 0
      vertex -12 38.3192 0
      vertex -7 29.659 0
    endloop
  endfacet
  facet normal 0 0 1
    outer loop
      vertex -11 45.2666 0
      vertex -13 45.2666 0
      vertex -11 40.5872 0
    endloop
  endfacet
  facet normal 0 0 1
    outer loop
      vertex -13 40.5872 0
      vertex -11 40.5872 0
      vertex -13 45.2666 0
    endloop
  endfacet
  facet normal -0 0 1
    outer loop
      vertex -18 53.9269 0
      vertex -12 47.5346 0
      vertex -17 56.1949 0
    endloop
  endfacet
  facet normal 0 0 1
    outer loop
      vertex -12 47.5346 0
      vertex -18 53.9269 0
      vertex -13 45.2666 0
    endloop
  endfacet
  facet normal 0 0 1
    outer loop
      vertex -17 60.8743 0
      vertex -19 60.8743 0
      vertex -17 56.1949 0
    endloop
  endfacet
  facet normal 0 0 1
    outer loop
      vertex -19 56.1949 0
      vertex -17 56.1949 0
      vertex -19 60.8743 0
    endloop
  endfacet
  facet normal -0 0 1
    outer loop
      vertex -24 69.5346 0
      vertex -18 63.1423 0
      vertex -23 71.8026 0
    endloop
  endfacet
  facet normal 0 0 1
    outer loop
      vertex -18 63.1423 0
      vertex -24 69.5346 0
      vertex -19 60.8743 0
    endloop
  endfacet
  facet normal 0 0 1
    outer loop
      vertex -23 76.482 0
      vertex -25 76.482 0
      vertex -23 71.8026 0
    endloop
  endfacet
  facet normal 0 0 1
    outer loop
      vertex -25 71.8026 0
      vertex -23 71.8026 0
      vertex -25 76.482 0
    endloop
  endfacet
  facet normal -0 0 1
    outer loop
      vertex -30 85.1423 0
      vertex -24 78.75 0
      vertex -29 87.4103 0
    endloop
  endfacet
  facet normal 0 0 1
    outer loop
      vertex -24 78.75 0
      vertex -30 85.1423 0
      vertex -25 76.482 0
    endloop
  endfacet
  facet normal 0 0 1
    outer loop
      vertex -30 94.3577 0
      vertex -30 85.1423 0
      vertex -29 87.4103 0
    endloop
  endfacet
  facet normal 0 0 1
    outer loop
      vertex -35 103.018 0
      vertex -30 85.1423 0
      vertex -30 94.3577 0
    endloop
  endfacet
  facet normal 0 0 1
    outer loop
      vertex -30 85.1423 0
      vertex -35 103.018 0
      vertex -35 76.482 0
    endloop
  endfacet
  facet normal 0 0 1
    outer loop
      vertex -5 149.841 0
      vertex -7 149.841 0
      vertex -6 147.573 0
    endloop
  endfacet
  facet normal 0 0 1
    outer loop
      vertex -12 141.181 0
      vertex -6 147.573 0
      vertex -7 149.841 0
    endloop
  endfacet
  facet normal 0 0 1
    outer loop
      vertex -13 138.913 0
      vertex -11 138.913 0
      vertex -12 141.181 0
    endloop
  endfacet
  facet normal 0 0 1
    outer loop
      vertex -6 147.573 0
      vertex -12 141.181 0
      vertex -11 138.913 0
    endloop
  endfacet
  facet normal 0 0 1
    outer loop
      vertex -5 118.626 0
      vertex -7 118.626 0
      vertex -6 116.358 0
    endloop
  endfacet
  facet normal 0 0 1
    outer loop
      vertex -12 109.965 0
      vertex -6 116.358 0
      vertex -7 118.626 0
    endloop
  endfacet
  facet normal 0 0 1
    outer loop
      vertex -13 107.697 0
      vertex -11 107.697 0
      vertex -12 109.965 0
    endloop
  endfacet
  facet normal 0 0 1
    outer loop
      vertex -6 116.358 0
      vertex -12 109.965 0
      vertex -11 107.697 0
    endloop
  endfacet
  facet normal 0 0 1
    outer loop
      vertex -5 87.4103 0
      vertex -7 87.4103 0
      vertex -6 85.1423 0
    endloop
  endfacet
  facet normal 0 0 1
    outer loop
      vertex -12 78.75 0
      vertex -6 85.1423 0
      vertex -7 87.4103 0
    endloop
  endfacet
  facet normal 0 0 1
    outer loop
      vertex -13 76.482 0
      vertex -11 76.482 0
      vertex -12 78.75 0
    endloop
  endfacet
  facet normal 0 0 1
    outer loop
      vertex -6 85.1423 0
      vertex -12 78.75 0
      vertex -11 76.482 0
    endloop
  endfacet
  facet normal 0 0 1
    outer loop
      vertex -5 56.1949 0
      vertex -7 56.1949 0
      vertex -6 53.9269 0
    endloop
  endfacet
  facet normal 0 0 1
    outer loop
      vertex -12 47.5346 0
      vertex -6 53.9269 0
      vertex -7 56.1949 0
    endloop
  endfacet
  facet normal 0 0 1
    outer loop
      vertex -13 45.2666 0
      vertex -11 45.2666 0
      vertex -12 47.5346 0
    endloop
  endfacet
  facet normal 0 0 1
    outer loop
      vertex -6 53.9269 0
      vertex -12 47.5346 0
      vertex -11 45.2666 0
    endloop
  endfacet
  facet normal 0 0 1
    outer loop
      vertex 1 134.233 0
      vertex -1 134.233 0
      vertex 0 131.965 0
    endloop
  endfacet
  facet normal 0 0 1
    outer loop
      vertex -6 125.573 0
      vertex 0 131.965 0
      vertex -1 134.233 0
    endloop
  endfacet
  facet normal 0 0 1
    outer loop
      vertex -7 123.305 0
      vertex -5 123.305 0
      vertex -6 125.573 0
    endloop
  endfacet
  facet normal 0 0 1
    outer loop
      vertex 0 131.965 0
      vertex -6 125.573 0
      vertex -5 123.305 0
    endloop
  endfacet
  facet normal 0 0 1
    outer loop
      vertex 1 103.018 0
      vertex -1 103.018 0
      vertex 0 100.75 0
    endloop
  endfacet
  facet normal 0 0 1
    outer loop
      vertex -6 94.3577 0
      vertex 0 100.75 0
      vertex -1 103.018 0
    endloop
  endfacet
  facet normal 0 0 1
    outer loop
      vertex -7 92.0897 0
      vertex -5 92.0897 0
      vertex -6 94.3577 0
    endloop
  endfacet
  facet normal 0 0 1
    outer loop
      vertex 0 100.75 0
      vertex -6 94.3577 0
      vertex -5 92.0897 0
    endloop
  endfacet
  facet normal 0 0 1
    outer loop
      vertex 1 71.8026 0
      vertex -1 71.8026 0
      vertex 0 69.5346 0
    endloop
  endfacet
  facet normal 0 0 1
    outer loop
      vertex -6 63.1423 0
      vertex 0 69.5346 0
      vertex -1 71.8026 0
    endloop
  endfacet
  facet normal 0 0 1
    outer loop
      vertex -7 60.8743 0
      vertex -5 60.8743 0
      vertex -6 63.1423 0
    endloop
  endfacet
  facet normal 0 0 1
    outer loop
      vertex 0 69.5346 0
      vertex -6 63.1423 0
      vertex -5 60.8743 0
    endloop
  endfacet
  facet normal 0 0 1
    outer loop
      vertex 1 40.5872 0
      vertex -1 40.5872 0
      vertex 0 38.3192 0
    endloop
  endfacet
  facet normal 0 0 1
    outer loop
      vertex -6 31.9269 0
      vertex 0 38.3192 0
      vertex -1 40.5872 0
    endloop
  endfacet
  facet normal 0 0 1
    outer loop
      vertex -7 29.659 0
      vertex -5 29.659 0
      vertex -6 31.9269 0
    endloop
  endfacet
  facet normal 0 0 1
    outer loop
      vertex 0 38.3192 0
      vertex -6 31.9269 0
      vertex -5 29.659 0
    endloop
  endfacet
  facet normal -0 0 1
    outer loop
      vertex 0 38.3192 0
      vertex 6 31.9269 0
      vertex 1 40.5872 0
    endloop
  endfacet
  facet normal 0 0 1
    outer loop
      vertex 6 31.9269 0
      vertex 0 38.3192 0
      vertex 5 29.659 0
    endloop
  endfacet
  facet normal 0 0 1
    outer loop
      vertex 1 45.2666 0
      vertex -1 45.2666 0
      vertex 1 40.5872 0
    endloop
  endfacet
  facet normal 0 0 1
    outer loop
      vertex -1 40.5872 0
      vertex 1 40.5872 0
      vertex -1 45.2666 0
    endloop
  endfacet
  facet normal -0 0 1
    outer loop
      vertex -6 53.9269 0
      vertex 0 47.5346 0
      vertex -5 56.1949 0
    endloop
  endfacet
  facet normal 0 0 1
    outer loop
      vertex 0 47.5346 0
      vertex -6 53.9269 0
      vertex -1 45.2666 0
    endloop
  endfacet
  facet normal 0 0 1
    outer loop
      vertex -5 60.8743 0
      vertex -7 60.8743 0
      vertex -5 56.1949 0
    endloop
  endfacet
  facet normal 0 0 1
    outer loop
      vertex -7 56.1949 0
      vertex -5 56.1949 0
      vertex -7 60.8743 0
    endloop
  endfacet
  facet normal -0 0 1
    outer loop
      vertex -12 69.5346 0
      vertex -6 63.1423 0
      vertex -11 71.8026 0
    endloop
  endfacet
  facet normal 0 0 1
    outer loop
      vertex -6 63.1423 0
      vertex -12 69.5346 0
      vertex -7 60.8743 0
    endloop
  endfacet
  facet normal 0 0 1
    outer loop
      vertex -11 76.482 0
      vertex -13 76.482 0
      vertex -11 71.8026 0
    endloop
  endfacet
  facet normal 0 0 1
    outer loop
      vertex -13 71.8026 0
      vertex -11 71.8026 0
      vertex -13 76.482 0
    endloop
  endfacet
  facet normal -0 0 1
    outer loop
      vertex -18 85.1423 0
      vertex -12 78.75 0
      vertex -17 87.4103 0
    endloop
  endfacet
  facet normal 0 0 1
    outer loop
      vertex -12 78.75 0
      vertex -18 85.1423 0
      vertex -13 76.482 0
    endloop
  endfacet
  facet normal 0 0 1
    outer loop
      vertex -17 92.0897 0
      vertex -19 92.0897 0
      vertex -17 87.4103 0
    endloop
  endfacet
  facet normal 0 0 1
    outer loop
      vertex -19 87.4103 0
      vertex -17 87.4103 0
      vertex -19 92.0897 0
    endloop
  endfacet
  facet normal -0 0 1
    outer loop
      vertex -24 100.75 0
      vertex -18 94.3577 0
      vertex -23 103.018 0
    endloop
  endfacet
  facet normal 0 0 1
    outer loop
      vertex -18 94.3577 0
      vertex -24 100.75 0
      vertex -19 92.0897 0
    endloop
  endfacet
  facet normal 0 0 1
    outer loop
      vertex -23 107.697 0
      vertex -25 107.697 0
      vertex -23 103.018 0
    endloop
  endfacet
  facet normal 0 0 1
    outer loop
      vertex -25 103.018 0
      vertex -23 103.018 0
      vertex -25 107.697 0
    endloop
  endfacet
  facet normal -0 0 1
    outer loop
      vertex -30 116.358 0
      vertex -24 109.965 0
      vertex -29 118.626 0
    endloop
  endfacet
  facet normal 0 0 1
    outer loop
      vertex -24 109.965 0
      vertex -30 116.358 0
      vertex -25 107.697 0
    endloop
  endfacet
  facet normal 0 0 1
    outer loop
      vertex -30 125.573 0
      vertex -30 116.358 0
      vertex -29 118.626 0
    endloop
  endfacet
  facet normal 0 0 1
    outer loop
      vertex -45.3 125.5 0
      vertex -30 125.573 0
      vertex -35 134.233 0
    endloop
  endfacet
  facet normal 0 0 1
    outer loop
      vertex -30 125.573 0
      vertex -45.3 125.5 0
      vertex -30 116.358 0
    endloop
  endfacet
  facet normal 0 0 1
    outer loop
      vertex 7 149.841 0
      vertex 5 149.841 0
      vertex 6 147.573 0
    endloop
  endfacet
  facet normal 0 0 1
    outer loop
      vertex 0 141.181 0
      vertex 6 147.573 0
      vertex 5 149.841 0
    endloop
  endfacet
  facet normal 0 0 1
    outer loop
      vertex -1 138.913 0
      vertex 1 138.913 0
      vertex 0 141.181 0
    endloop
  endfacet
  facet normal 0 0 1
    outer loop
      vertex 6 147.573 0
      vertex 0 141.181 0
      vertex 1 138.913 0
    endloop
  endfacet
  facet normal 0 0 1
    outer loop
      vertex 7 118.626 0
      vertex 5 118.626 0
      vertex 6 116.358 0
    endloop
  endfacet
  facet normal 0 0 1
    outer loop
      vertex 0 109.965 0
      vertex 6 116.358 0
      vertex 5 118.626 0
    endloop
  endfacet
  facet normal 0 0 1
    outer loop
      vertex -1 107.697 0
      vertex 1 107.697 0
      vertex 0 109.965 0
    endloop
  endfacet
  facet normal 0 0 1
    outer loop
      vertex 6 116.358 0
      vertex 0 109.965 0
      vertex 1 107.697 0
    endloop
  endfacet
  facet normal 0 0 1
    outer loop
      vertex 7 87.4103 0
      vertex 5 87.4103 0
      vertex 6 85.1423 0
    endloop
  endfacet
  facet normal 0 0 1
    outer loop
      vertex 0 78.75 0
      vertex 6 85.1423 0
      vertex 5 87.4103 0
    endloop
  endfacet
  facet normal 0 0 1
    outer loop
      vertex -1 76.482 0
      vertex 1 76.482 0
      vertex 0 78.75 0
    endloop
  endfacet
  facet normal 0 0 1
    outer loop
      vertex 6 85.1423 0
      vertex 0 78.75 0
      vertex 1 76.482 0
    endloop
  endfacet
  facet normal 0 0 1
    outer loop
      vertex 7 56.1949 0
      vertex 5 56.1949 0
      vertex 6 53.9269 0
    endloop
  endfacet
  facet normal 0 0 1
    outer loop
      vertex 0 47.5346 0
      vertex 6 53.9269 0
      vertex 5 56.1949 0
    endloop
  endfacet
  facet normal 0 0 1
    outer loop
      vertex -1 45.2666 0
      vertex 1 45.2666 0
      vertex 0 47.5346 0
    endloop
  endfacet
  facet normal 0 0 1
    outer loop
      vertex 6 53.9269 0
      vertex 0 47.5346 0
      vertex 1 45.2666 0
    endloop
  endfacet
  facet normal 0 0 1
    outer loop
      vertex 13 134.233 0
      vertex 11 134.233 0
      vertex 12 131.965 0
    endloop
  endfacet
  facet normal 0 0 1
    outer loop
      vertex 6 125.573 0
      vertex 12 131.965 0
      vertex 11 134.233 0
    endloop
  endfacet
  facet normal 0 0 1
    outer loop
      vertex 5 123.305 0
      vertex 7 123.305 0
      vertex 6 125.573 0
    endloop
  endfacet
  facet normal 0 0 1
    outer loop
      vertex 12 131.965 0
      vertex 6 125.573 0
      vertex 7 123.305 0
    endloop
  endfacet
  facet normal 0 0 1
    outer loop
      vertex 13 103.018 0
      vertex 11 103.018 0
      vertex 12 100.75 0
    endloop
  endfacet
  facet normal 0 0 1
    outer loop
      vertex 6 94.3577 0
      vertex 12 100.75 0
      vertex 11 103.018 0
    endloop
  endfacet
  facet normal 0 0 1
    outer loop
      vertex 5 92.0897 0
      vertex 7 92.0897 0
      vertex 6 94.3577 0
    endloop
  endfacet
  facet normal 0 0 1
    outer loop
      vertex 12 100.75 0
      vertex 6 94.3577 0
      vertex 7 92.0897 0
    endloop
  endfacet
  facet normal 0 0 1
    outer loop
      vertex 13 71.8026 0
      vertex 11 71.8026 0
      vertex 12 69.5346 0
    endloop
  endfacet
  facet normal 0 0 1
    outer loop
      vertex 6 63.1423 0
      vertex 12 69.5346 0
      vertex 11 71.8026 0
    endloop
  endfacet
  facet normal 0 0 1
    outer loop
      vertex 5 60.8743 0
      vertex 7 60.8743 0
      vertex 6 63.1423 0
    endloop
  endfacet
  facet normal 0 0 1
    outer loop
      vertex 12 69.5346 0
      vertex 6 63.1423 0
      vertex 7 60.8743 0
    endloop
  endfacet
  facet normal 0 0 1
    outer loop
      vertex 13 40.5872 0
      vertex 11 40.5872 0
      vertex 12 38.3192 0
    endloop
  endfacet
  facet normal 0 0 1
    outer loop
      vertex 6 31.9269 0
      vertex 12 38.3192 0
      vertex 11 40.5872 0
    endloop
  endfacet
  facet normal 0 0 1
    outer loop
      vertex 5 29.659 0
      vertex 7 29.659 0
      vertex 6 31.9269 0
    endloop
  endfacet
  facet normal 0 0 1
    outer loop
      vertex 12 38.3192 0
      vertex 6 31.9269 0
      vertex 7 29.659 0
    endloop
  endfacet
  facet normal -0 0 1
    outer loop
      vertex 12 38.3192 0
      vertex 18 31.9269 0
      vertex 13 40.5872 0
    endloop
  endfacet
  facet normal 0 0 1
    outer loop
      vertex 18 31.9269 0
      vertex 12 38.3192 0
      vertex 17 29.659 0
    endloop
  endfacet
  facet normal 0 0 1
    outer loop
      vertex 13 45.2666 0
      vertex 11 45.2666 0
      vertex 13 40.5872 0
    endloop
  endfacet
  facet normal 0 0 1
    outer loop
      vertex 11 40.5872 0
      vertex 13 40.5872 0
      vertex 11 45.2666 0
    endloop
  endfacet
  facet normal -0 0 1
    outer loop
      vertex 6 53.9269 0
      vertex 12 47.5346 0
      vertex 7 56.1949 0
    endloop
  endfacet
  facet normal 0 0 1
    outer loop
      vertex 12 47.5346 0
      vertex 6 53.9269 0
      vertex 11 45.2666 0
    endloop
  endfacet
  facet normal 0 0 1
    outer loop
      vertex 7 60.8743 0
      vertex 5 60.8743 0
      vertex 7 56.1949 0
    endloop
  endfacet
  facet normal 0 0 1
    outer loop
      vertex 5 56.1949 0
      vertex 7 56.1949 0
      vertex 5 60.8743 0
    endloop
  endfacet
  facet normal -0 0 1
    outer loop
      vertex 0 69.5346 0
      vertex 6 63.1423 0
      vertex 1 71.8026 0
    endloop
  endfacet
  facet normal 0 0 1
    outer loop
      vertex 6 63.1423 0
      vertex 0 69.5346 0
      vertex 5 60.8743 0
    endloop
  endfacet
  facet normal 0 0 1
    outer loop
      vertex 1 76.482 0
      vertex -1 76.482 0
      vertex 1 71.8026 0
    endloop
  endfacet
  facet normal 0 0 1
    outer loop
      vertex -1 71.8026 0
      vertex 1 71.8026 0
      vertex -1 76.482 0
    endloop
  endfacet
  facet normal -0 0 1
    outer loop
      vertex -6 85.1423 0
      vertex 0 78.75 0
      vertex -5 87.4103 0
    endloop
  endfacet
  facet normal 0 0 1
    outer loop
      vertex 0 78.75 0
      vertex -6 85.1423 0
      vertex -1 76.482 0
    endloop
  endfacet
  facet normal 0 0 1
    outer loop
      vertex -5 92.0897 0
      vertex -7 92.0897 0
      vertex -5 87.4103 0
    endloop
  endfacet
  facet normal 0 0 1
    outer loop
      vertex -7 87.4103 0
      vertex -5 87.4103 0
      vertex -7 92.0897 0
    endloop
  endfacet
  facet normal -0 0 1
    outer loop
      vertex -12 100.75 0
      vertex -6 94.3577 0
      vertex -11 103.018 0
    endloop
  endfacet
  facet normal 0 0 1
    outer loop
      vertex -6 94.3577 0
      vertex -12 100.75 0
      vertex -7 92.0897 0
    endloop
  endfacet
  facet normal 0 0 1
    outer loop
      vertex -11 107.697 0
      vertex -13 107.697 0
      vertex -11 103.018 0
    endloop
  endfacet
  facet normal 0 0 1
    outer loop
      vertex -13 103.018 0
      vertex -11 103.018 0
      vertex -13 107.697 0
    endloop
  endfacet
  facet normal -0 0 1
    outer loop
      vertex -18 116.358 0
      vertex -12 109.965 0
      vertex -17 118.626 0
    endloop
  endfacet
  facet normal 0 0 1
    outer loop
      vertex -12 109.965 0
      vertex -18 116.358 0
      vertex -13 107.697 0
    endloop
  endfacet
  facet normal 0 0 1
    outer loop
      vertex -17 123.305 0
      vertex -19 123.305 0
      vertex -17 118.626 0
    endloop
  endfacet
  facet normal 0 0 1
    outer loop
      vertex -19 118.626 0
      vertex -17 118.626 0
      vertex -19 123.305 0
    endloop
  endfacet
  facet normal -0 0 1
    outer loop
      vertex -24 131.965 0
      vertex -18 125.573 0
      vertex -23 134.233 0
    endloop
  endfacet
  facet normal 0 0 1
    outer loop
      vertex -18 125.573 0
      vertex -24 131.965 0
      vertex -19 123.305 0
    endloop
  endfacet
  facet normal 0 0 1
    outer loop
      vertex -23 138.913 0
      vertex -25 138.913 0
      vertex -23 134.233 0
    endloop
  endfacet
  facet normal 0 0 1
    outer loop
      vertex -25 134.233 0
      vertex -23 134.233 0
      vertex -25 138.913 0
    endloop
  endfacet
  facet normal -0 0 1
    outer loop
      vertex -30 147.573 0
      vertex -24 141.181 0
      vertex -29 149.841 0
    endloop
  endfacet
  facet normal 0 0 1
    outer loop
      vertex -24 141.181 0
      vertex -30 147.573 0
      vertex -25 138.913 0
    endloop
  endfacet
  facet normal 0 0 1
    outer loop
      vertex 19 149.841 0
      vertex 17 149.841 0
      vertex 18 147.573 0
    endloop
  endfacet
  facet normal 0 0 1
    outer loop
      vertex 12 141.181 0
      vertex 18 147.573 0
      vertex 17 149.841 0
    endloop
  endfacet
  facet normal 0 0 1
    outer loop
      vertex 11 138.913 0
      vertex 13 138.913 0
      vertex 12 141.181 0
    endloop
  endfacet
  facet normal 0 0 1
    outer loop
      vertex 18 147.573 0
      vertex 12 141.181 0
      vertex 13 138.913 0
    endloop
  endfacet
  facet normal 0 0 1
    outer loop
      vertex 19 118.626 0
      vertex 17 118.626 0
      vertex 18 116.358 0
    endloop
  endfacet
  facet normal 0 0 1
    outer loop
      vertex 12 109.965 0
      vertex 18 116.358 0
      vertex 17 118.626 0
    endloop
  endfacet
  facet normal 0 0 1
    outer loop
      vertex 11 107.697 0
      vertex 13 107.697 0
      vertex 12 109.965 0
    endloop
  endfacet
  facet normal 0 0 1
    outer loop
      vertex 18 116.358 0
      vertex 12 109.965 0
      vertex 13 107.697 0
    endloop
  endfacet
  facet normal 0 0 1
    outer loop
      vertex 19 87.4103 0
      vertex 17 87.4103 0
      vertex 18 85.1423 0
    endloop
  endfacet
  facet normal 0 0 1
    outer loop
      vertex 12 78.75 0
      vertex 18 85.1423 0
      vertex 17 87.4103 0
    endloop
  endfacet
  facet normal 0 0 1
    outer loop
      vertex 11 76.482 0
      vertex 13 76.482 0
      vertex 12 78.75 0
    endloop
  endfacet
  facet normal 0 0 1
    outer loop
      vertex 18 85.1423 0
      vertex 12 78.75 0
      vertex 13 76.482 0
    endloop
  endfacet
  facet normal 0 0 1
    outer loop
      vertex 19 56.1949 0
      vertex 17 56.1949 0
      vertex 18 53.9269 0
    endloop
  endfacet
  facet normal 0 0 1
    outer loop
      vertex 12 47.5346 0
      vertex 18 53.9269 0
      vertex 17 56.1949 0
    endloop
  endfacet
  facet normal 0 0 1
    outer loop
      vertex 11 45.2666 0
      vertex 13 45.2666 0
      vertex 12 47.5346 0
    endloop
  endfacet
  facet normal 0 0 1
    outer loop
      vertex 18 53.9269 0
      vertex 12 47.5346 0
      vertex 13 45.2666 0
    endloop
  endfacet
  facet normal 0 0 1
    outer loop
      vertex 25 134.233 0
      vertex 23 134.233 0
      vertex 24 131.965 0
    endloop
  endfacet
  facet normal 0 0 1
    outer loop
      vertex 18 125.573 0
      vertex 24 131.965 0
      vertex 23 134.233 0
    endloop
  endfacet
  facet normal 0 0 1
    outer loop
      vertex 17 123.305 0
      vertex 19 123.305 0
      vertex 18 125.573 0
    endloop
  endfacet
  facet normal 0 0 1
    outer loop
      vertex 24 131.965 0
      vertex 18 125.573 0
      vertex 19 123.305 0
    endloop
  endfacet
  facet normal 0 0 1
    outer loop
      vertex 25 103.018 0
      vertex 23 103.018 0
      vertex 24 100.75 0
    endloop
  endfacet
  facet normal 0 0 1
    outer loop
      vertex 18 94.3577 0
      vertex 24 100.75 0
      vertex 23 103.018 0
    endloop
  endfacet
  facet normal 0 0 1
    outer loop
      vertex 17 92.0897 0
      vertex 19 92.0897 0
      vertex 18 94.3577 0
    endloop
  endfacet
  facet normal 0 0 1
    outer loop
      vertex 24 100.75 0
      vertex 18 94.3577 0
      vertex 19 92.0897 0
    endloop
  endfacet
  facet normal 0 0 1
    outer loop
      vertex 25 71.8026 0
      vertex 23 71.8026 0
      vertex 24 69.5346 0
    endloop
  endfacet
  facet normal 0 0 1
    outer loop
      vertex 18 63.1423 0
      vertex 24 69.5346 0
      vertex 23 71.8026 0
    endloop
  endfacet
  facet normal 0 0 1
    outer loop
      vertex 17 60.8743 0
      vertex 19 60.8743 0
      vertex 18 63.1423 0
    endloop
  endfacet
  facet normal 0 0 1
    outer loop
      vertex 24 69.5346 0
      vertex 18 63.1423 0
      vertex 19 60.8743 0
    endloop
  endfacet
  facet normal 0 0 1
    outer loop
      vertex 25 40.5872 0
      vertex 23 40.5872 0
      vertex 24 38.3192 0
    endloop
  endfacet
  facet normal 0 0 1
    outer loop
      vertex 18 31.9269 0
      vertex 24 38.3192 0
      vertex 23 40.5872 0
    endloop
  endfacet
  facet normal 0 0 1
    outer loop
      vertex 17 29.659 0
      vertex 19 29.659 0
      vertex 18 31.9269 0
    endloop
  endfacet
  facet normal 0 0 1
    outer loop
      vertex 24 38.3192 0
      vertex 18 31.9269 0
      vertex 19 29.659 0
    endloop
  endfacet
  facet normal -0 0 1
    outer loop
      vertex 24 38.3192 0
      vertex 30 31.9269 0
      vertex 25 40.5872 0
    endloop
  endfacet
  facet normal 0 0 1
    outer loop
      vertex 30 31.9269 0
      vertex 24 38.3192 0
      vertex 29 29.659 0
    endloop
  endfacet
  facet normal 0 0 1
    outer loop
      vertex 25 45.2666 0
      vertex 23 45.2666 0
      vertex 25 40.5872 0
    endloop
  endfacet
  facet normal 0 0 1
    outer loop
      vertex 23 40.5872 0
      vertex 25 40.5872 0
      vertex 23 45.2666 0
    endloop
  endfacet
  facet normal -0 0 1
    outer loop
      vertex 18 53.9269 0
      vertex 24 47.5346 0
      vertex 19 56.1949 0
    endloop
  endfacet
  facet normal 0 0 1
    outer loop
      vertex 24 47.5346 0
      vertex 18 53.9269 0
      vertex 23 45.2666 0
    endloop
  endfacet
  facet normal 0 0 1
    outer loop
      vertex 19 60.8743 0
      vertex 17 60.8743 0
      vertex 19 56.1949 0
    endloop
  endfacet
  facet normal 0 0 1
    outer loop
      vertex 17 56.1949 0
      vertex 19 56.1949 0
      vertex 17 60.8743 0
    endloop
  endfacet
  facet normal -0 0 1
    outer loop
      vertex 12 69.5346 0
      vertex 18 63.1423 0
      vertex 13 71.8026 0
    endloop
  endfacet
  facet normal 0 0 1
    outer loop
      vertex 18 63.1423 0
      vertex 12 69.5346 0
      vertex 17 60.8743 0
    endloop
  endfacet
  facet normal 0 0 1
    outer loop
      vertex 13 76.482 0
      vertex 11 76.482 0
      vertex 13 71.8026 0
    endloop
  endfacet
  facet normal 0 0 1
    outer loop
      vertex 11 71.8026 0
      vertex 13 71.8026 0
      vertex 11 76.482 0
    endloop
  endfacet
  facet normal -0 0 1
    outer loop
      vertex 6 85.1423 0
      vertex 12 78.75 0
      vertex 7 87.4103 0
    endloop
  endfacet
  facet normal 0 0 1
    outer loop
      vertex 12 78.75 0
      vertex 6 85.1423 0
      vertex 11 76.482 0
    endloop
  endfacet
  facet normal 0 0 1
    outer loop
      vertex 7 92.0897 0
      vertex 5 92.0897 0
      vertex 7 87.4103 0
    endloop
  endfacet
  facet normal 0 0 1
    outer loop
      vertex 5 87.4103 0
      vertex 7 87.4103 0
      vertex 5 92.0897 0
    endloop
  endfacet
  facet normal -0 0 1
    outer loop
      vertex 0 100.75 0
      vertex 6 94.3577 0
      vertex 1 103.018 0
    endloop
  endfacet
  facet normal 0 0 1
    outer loop
      vertex 6 94.3577 0
      vertex 0 100.75 0
      vertex 5 92.0897 0
    endloop
  endfacet
  facet normal 0 0 1
    outer loop
      vertex 1 107.697 0
      vertex -1 107.697 0
      vertex 1 103.018 0
    endloop
  endfacet
  facet normal 0 0 1
    outer loop
      vertex -1 103.018 0
      vertex 1 103.018 0
      vertex -1 107.697 0
    endloop
  endfacet
  facet normal -0 0 1
    outer loop
      vertex -6 116.358 0
      vertex 0 109.965 0
      vertex -5 118.626 0
    endloop
  endfacet
  facet normal 0 0 1
    outer loop
      vertex 0 109.965 0
      vertex -6 116.358 0
      vertex -1 107.697 0
    endloop
  endfacet
  facet normal 0 0 1
    outer loop
      vertex -5 123.305 0
      vertex -7 123.305 0
      vertex -5 118.626 0
    endloop
  endfacet
  facet normal 0 0 1
    outer loop
      vertex -7 118.626 0
      vertex -5 118.626 0
      vertex -7 123.305 0
    endloop
  endfacet
  facet normal -0 0 1
    outer loop
      vertex -12 131.965 0
      vertex -6 125.573 0
      vertex -11 134.233 0
    endloop
  endfacet
  facet normal 0 0 1
    outer loop
      vertex -6 125.573 0
      vertex -12 131.965 0
      vertex -7 123.305 0
    endloop
  endfacet
  facet normal 0 0 1
    outer loop
      vertex -11 138.913 0
      vertex -13 138.913 0
      vertex -11 134.233 0
    endloop
  endfacet
  facet normal 0 0 1
    outer loop
      vertex -13 134.233 0
      vertex -11 134.233 0
      vertex -13 138.913 0
    endloop
  endfacet
  facet normal -0 0 1
    outer loop
      vertex -18 147.573 0
      vertex -12 141.181 0
      vertex -17 149.841 0
    endloop
  endfacet
  facet normal 0 0 1
    outer loop
      vertex -12 141.181 0
      vertex -18 147.573 0
      vertex -13 138.913 0
    endloop
  endfacet
  facet normal 0 0 1
    outer loop
      vertex 30 53.9269 0
      vertex 45.3 54 0
      vertex 30 63.1423 0
    endloop
  endfacet
  facet normal 0 0 1
    outer loop
      vertex 45.3 54 0
      vertex 30 53.9269 0
      vertex 35 45.2666 0
    endloop
  endfacet
  facet normal 0 0 1
    outer loop
      vertex 30 63.1423 0
      vertex 29 60.8743 0
      vertex 30 53.9269 0
    endloop
  endfacet
  facet normal -0 0 1
    outer loop
      vertex 24 69.5346 0
      vertex 30 63.1423 0
      vertex 25 71.8026 0
    endloop
  endfacet
  facet normal 0 0 1
    outer loop
      vertex 30 63.1423 0
      vertex 24 69.5346 0
      vertex 29 60.8743 0
    endloop
  endfacet
  facet normal 0 0 1
    outer loop
      vertex 25 76.482 0
      vertex 23 76.482 0
      vertex 25 71.8026 0
    endloop
  endfacet
  facet normal 0 0 1
    outer loop
      vertex 23 71.8026 0
      vertex 25 71.8026 0
      vertex 23 76.482 0
    endloop
  endfacet
  facet normal -0 0 1
    outer loop
      vertex 18 85.1423 0
      vertex 24 78.75 0
      vertex 19 87.4103 0
    endloop
  endfacet
  facet normal 0 0 1
    outer loop
      vertex 24 78.75 0
      vertex 18 85.1423 0
      vertex 23 76.482 0
    endloop
  endfacet
  facet normal 0 0 1
    outer loop
      vertex 19 92.0897 0
      vertex 17 92.0897 0
      vertex 19 87.4103 0
    endloop
  endfacet
  facet normal 0 0 1
    outer loop
      vertex 17 87.4103 0
      vertex 19 87.4103 0
      vertex 17 92.0897 0
    endloop
  endfacet
  facet normal -0 0 1
    outer loop
      vertex 12 100.75 0
      vertex 18 94.3577 0
      vertex 13 103.018 0
    endloop
  endfacet
  facet normal 0 0 1
    outer loop
      vertex 18 94.3577 0
      vertex 12 100.75 0
      vertex 17 92.0897 0
    endloop
  endfacet
  facet normal 0 0 1
    outer loop
      vertex 13 107.697 0
      vertex 11 107.697 0
      vertex 13 103.018 0
    endloop
  endfacet
  facet normal 0 0 1
    outer loop
      vertex 11 103.018 0
      vertex 13 103.018 0
      vertex 11 107.697 0
    endloop
  endfacet
  facet normal -0 0 1
    outer loop
      vertex 6 116.358 0
      vertex 12 109.965 0
      vertex 7 118.626 0
    endloop
  endfacet
  facet normal 0 0 1
    outer loop
      vertex 12 109.965 0
      vertex 6 116.358 0
      vertex 11 107.697 0
    endloop
  endfacet
  facet normal 0 0 1
    outer loop
      vertex 7 123.305 0
      vertex 5 123.305 0
      vertex 7 118.626 0
    endloop
  endfacet
  facet normal 0 0 1
    outer loop
      vertex 5 118.626 0
      vertex 7 118.626 0
      vertex 5 123.305 0
    endloop
  endfacet
  facet normal -0 0 1
    outer loop
      vertex 0 131.965 0
      vertex 6 125.573 0
      vertex 1 134.233 0
    endloop
  endfacet
  facet normal 0 0 1
    outer loop
      vertex 6 125.573 0
      vertex 0 131.965 0
      vertex 5 123.305 0
    endloop
  endfacet
  facet normal 0 0 1
    outer loop
      vertex 1 138.913 0
      vertex -1 138.913 0
      vertex 1 134.233 0
    endloop
  endfacet
  facet normal 0 0 1
    outer loop
      vertex -1 134.233 0
      vertex 1 134.233 0
      vertex -1 138.913 0
    endloop
  endfacet
  facet normal -0 0 1
    outer loop
      vertex -6 147.573 0
      vertex 0 141.181 0
      vertex -5 149.841 0
    endloop
  endfacet
  facet normal 0 0 1
    outer loop
      vertex 0 141.181 0
      vertex -6 147.573 0
      vertex -1 138.913 0
    endloop
  endfacet
  facet normal -0 0 1
    outer loop
      vertex 30 94.3577 0
      vertex 35 76.482 0
      vertex 35 103.018 0
    endloop
  endfacet
  facet normal 0 0 1
    outer loop
      vertex 30 94.3577 0
      vertex 30 85.1423 0
      vertex 35 76.482 0
    endloop
  endfacet
  facet normal 0 0 1
    outer loop
      vertex 30 94.3577 0
      vertex 29 92.0897 0
      vertex 30 85.1423 0
    endloop
  endfacet
  facet normal -0 0 1
    outer loop
      vertex 24 100.75 0
      vertex 30 94.3577 0
      vertex 25 103.018 0
    endloop
  endfacet
  facet normal 0 0 1
    outer loop
      vertex 30 94.3577 0
      vertex 24 100.75 0
      vertex 29 92.0897 0
    endloop
  endfacet
  facet normal 0 0 1
    outer loop
      vertex 25 107.697 0
      vertex 23 107.697 0
      vertex 25 103.018 0
    endloop
  endfacet
  facet normal 0 0 1
    outer loop
      vertex 23 103.018 0
      vertex 25 103.018 0
      vertex 23 107.697 0
    endloop
  endfacet
  facet normal -0 0 1
    outer loop
      vertex 18 116.358 0
      vertex 24 109.965 0
      vertex 19 118.626 0
    endloop
  endfacet
  facet normal 0 0 1
    outer loop
      vertex 24 109.965 0
      vertex 18 116.358 0
      vertex 23 107.697 0
    endloop
  endfacet
  facet normal 0 0 1
    outer loop
      vertex 19 123.305 0
      vertex 17 123.305 0
      vertex 19 118.626 0
    endloop
  endfacet
  facet normal 0 0 1
    outer loop
      vertex 17 118.626 0
      vertex 19 118.626 0
      vertex 17 123.305 0
    endloop
  endfacet
  facet normal -0 0 1
    outer loop
      vertex 12 131.965 0
      vertex 18 125.573 0
      vertex 13 134.233 0
    endloop
  endfacet
  facet normal 0 0 1
    outer loop
      vertex 18 125.573 0
      vertex 12 131.965 0
      vertex 17 123.305 0
    endloop
  endfacet
  facet normal 0 0 1
    outer loop
      vertex 13 138.913 0
      vertex 11 138.913 0
      vertex 13 134.233 0
    endloop
  endfacet
  facet normal 0 0 1
    outer loop
      vertex 11 134.233 0
      vertex 13 134.233 0
      vertex 11 138.913 0
    endloop
  endfacet
  facet normal -0 0 1
    outer loop
      vertex 6 147.573 0
      vertex 12 141.181 0
      vertex 7 149.841 0
    endloop
  endfacet
  facet normal 0 0 1
    outer loop
      vertex 12 141.181 0
      vertex 6 147.573 0
      vertex 11 138.913 0
    endloop
  endfacet
  facet normal 0 0 1
    outer loop
      vertex 30 116.358 0
      vertex 45.3 125.5 0
      vertex 30 125.573 0
    endloop
  endfacet
  facet normal 0 0 1
    outer loop
      vertex 45.3 125.5 0
      vertex 30 116.358 0
      vertex 35 107.697 0
    endloop
  endfacet
  facet normal 0 0 1
    outer loop
      vertex 30 125.573 0
      vertex 29 123.305 0
      vertex 30 116.358 0
    endloop
  endfacet
  facet normal -0 0 1
    outer loop
      vertex 24 131.965 0
      vertex 30 125.573 0
      vertex 25 134.233 0
    endloop
  endfacet
  facet normal 0 0 1
    outer loop
      vertex 30 125.573 0
      vertex 24 131.965 0
      vertex 29 123.305 0
    endloop
  endfacet
  facet normal 0 0 1
    outer loop
      vertex 25 138.913 0
      vertex 23 138.913 0
      vertex 25 134.233 0
    endloop
  endfacet
  facet normal 0 0 1
    outer loop
      vertex 23 134.233 0
      vertex 25 134.233 0
      vertex 23 138.913 0
    endloop
  endfacet
  facet normal -0 0 1
    outer loop
      vertex 18 147.573 0
      vertex 24 141.181 0
      vertex 19 149.841 0
    endloop
  endfacet
  facet normal 0 0 1
    outer loop
      vertex 24 141.181 0
      vertex 18 147.573 0
      vertex 23 138.913 0
    endloop
  endfacet
  facet normal 0 0 1
    outer loop
      vertex 24 163.181 0
      vertex 45.3 173.5 0
      vertex 45.3 179.5 0
    endloop
  endfacet
  facet normal 0 0 1
    outer loop
      vertex 45.3 173.5 0
      vertex 35 138.913 0
      vertex 45.3 125.5 0
    endloop
  endfacet
  facet normal 0 0 1
    outer loop
      vertex 35 103.018 0
      vertex 45.3 125.5 0
      vertex 35 107.697 0
    endloop
  endfacet
  facet normal -0 0 1
    outer loop
      vertex 35 76.482 0
      vertex 45.3 54 0
      vertex 35 103.018 0
    endloop
  endfacet
  facet normal 0 0 1
    outer loop
      vertex 45.3 125.5 0
      vertex 35 138.913 0
      vertex 35 134.233 0
    endloop
  endfacet
  facet normal 0 -0 1
    outer loop
      vertex 30 147.573 0
      vertex 45.3 173.5 0
      vertex 29 154.52 0
    endloop
  endfacet
  facet normal 0 0 1
    outer loop
      vertex 45.3 173.5 0
      vertex 30 147.573 0
      vertex 35 138.913 0
    endloop
  endfacet
  facet normal 0 0 1
    outer loop
      vertex 45.3 173.5 0
      vertex 24 163.181 0
      vertex 29 154.52 0
    endloop
  endfacet
  facet normal -0 0 1
    outer loop
      vertex 17 154.52 0
      vertex 19 149.841 0
      vertex 19 154.52 0
    endloop
  endfacet
  facet normal 0 0 1
    outer loop
      vertex 17 149.841 0
      vertex 19 149.841 0
      vertex 17 154.52 0
    endloop
  endfacet
  facet normal 0 0 1
    outer loop
      vertex 24 163.181 0
      vertex 17 154.52 0
      vertex 19 154.52 0
    endloop
  endfacet
  facet normal 0 0 1
    outer loop
      vertex 24 163.181 0
      vertex 12 163.181 0
      vertex 17 154.52 0
    endloop
  endfacet
  facet normal 0 0 1
    outer loop
      vertex 45.3 179.5 0
      vertex 12 163.181 0
      vertex 24 163.181 0
    endloop
  endfacet
  facet normal -0 0 1
    outer loop
      vertex 5 154.52 0
      vertex 7 149.841 0
      vertex 7 154.52 0
    endloop
  endfacet
  facet normal 0 0 1
    outer loop
      vertex 5 149.841 0
      vertex 7 149.841 0
      vertex 5 154.52 0
    endloop
  endfacet
  facet normal 0 0 1
    outer loop
      vertex 12 163.181 0
      vertex 5 154.52 0
      vertex 7 154.52 0
    endloop
  endfacet
  facet normal 0 0 1
    outer loop
      vertex 12 163.181 0
      vertex 0 163.181 0
      vertex 5 154.52 0
    endloop
  endfacet
  facet normal 0 0 1
    outer loop
      vertex 45.3 179.5 0
      vertex 0 163.181 0
      vertex 12 163.181 0
    endloop
  endfacet
  facet normal -0 0 1
    outer loop
      vertex -7 154.52 0
      vertex -5 149.841 0
      vertex -5 154.52 0
    endloop
  endfacet
  facet normal 0 0 1
    outer loop
      vertex -7 149.841 0
      vertex -5 149.841 0
      vertex -7 154.52 0
    endloop
  endfacet
  facet normal 0 0 1
    outer loop
      vertex 0 163.181 0
      vertex -7 154.52 0
      vertex -5 154.52 0
    endloop
  endfacet
  facet normal 0 0 1
    outer loop
      vertex 0 163.181 0
      vertex -12 163.181 0
      vertex -7 154.52 0
    endloop
  endfacet
  facet normal -0 0 1
    outer loop
      vertex -45.3 179.5 0
      vertex 0 163.181 0
      vertex 45.3 179.5 0
    endloop
  endfacet
  facet normal -0 0 1
    outer loop
      vertex -19 154.52 0
      vertex -17 149.841 0
      vertex -17 154.52 0
    endloop
  endfacet
  facet normal 0 0 1
    outer loop
      vertex -19 149.841 0
      vertex -17 149.841 0
      vertex -19 154.52 0
    endloop
  endfacet
  facet normal 0 0 1
    outer loop
      vertex -12 163.181 0
      vertex -19 154.52 0
      vertex -17 154.52 0
    endloop
  endfacet
  facet normal 0 0 1
    outer loop
      vertex -12 163.181 0
      vertex -24 163.181 0
      vertex -19 154.52 0
    endloop
  endfacet
  facet normal 0 0 1
    outer loop
      vertex 0 163.181 0
      vertex -45.3 179.5 0
      vertex -12 163.181 0
    endloop
  endfacet
  facet normal 0 0 1
    outer loop
      vertex -29 154.52 0
      vertex -30 147.573 0
      vertex -29 149.841 0
    endloop
  endfacet
  facet normal 0 0 1
    outer loop
      vertex -50.5322 151.268 0
      vertex -29 154.52 0
      vertex -45.3 173.5 0
    endloop
  endfacet
  facet normal 0 0 1
    outer loop
      vertex -45.3 125.5 0
      vertex -35 134.233 0
      vertex -35 138.913 0
    endloop
  endfacet
  facet normal 0 0 1
    outer loop
      vertex -30 116.358 0
      vertex -45.3 125.5 0
      vertex -35 107.697 0
    endloop
  endfacet
  facet normal 0 0 1
    outer loop
      vertex -35 107.697 0
      vertex -45.3 125.5 0
      vertex -35 103.018 0
    endloop
  endfacet
  facet normal 0 0 1
    outer loop
      vertex -35 103.018 0
      vertex -45.3 125.5 0
      vertex -35 76.482 0
    endloop
  endfacet
  facet normal 0 0 1
    outer loop
      vertex -45.3 54 0
      vertex -35 76.482 0
      vertex -45.3 125.5 0
    endloop
  endfacet
  facet normal 0 0 1
    outer loop
      vertex -35 76.482 0
      vertex -45.3 54 0
      vertex -35 71.8026 0
    endloop
  endfacet
  facet normal 0 0 1
    outer loop
      vertex -29 154.52 0
      vertex -49.8 149.5 0
      vertex -30 147.573 0
    endloop
  endfacet
  facet normal 0 0 1
    outer loop
      vertex -24 163.181 0
      vertex -45.3 173.5 0
      vertex -29 154.52 0
    endloop
  endfacet
  facet normal -0 0 1
    outer loop
      vertex -45.3 173.5 0
      vertex -24 163.181 0
      vertex -45.3 179.5 0
    endloop
  endfacet
  facet normal 0 0 1
    outer loop
      vertex -12 163.181 0
      vertex -45.3 179.5 0
      vertex -24 163.181 0
    endloop
  endfacet
  facet normal -0 0 1
    outer loop
      vertex 30 125.573 0
      vertex 45.3 125.5 0
      vertex 35 134.233 0
    endloop
  endfacet
  facet normal 0 0 1
    outer loop
      vertex 45.3 125.5 0
      vertex 35 103.018 0
      vertex 45.3 54 0
    endloop
  endfacet
  facet normal -0 0 1
    outer loop
      vertex 35 71.8026 0
      vertex 45.3 54 0
      vertex 35 76.482 0
    endloop
  endfacet
  facet normal -0 0 1
    outer loop
      vertex 30 63.1423 0
      vertex 45.3 54 0
      vertex 35 71.8026 0
    endloop
  endfacet
  facet normal 0 0 1
    outer loop
      vertex 35 40.5872 0
      vertex 45.3 54 0
      vertex 35 45.2666 0
    endloop
  endfacet
  facet normal 0 0 1
    outer loop
      vertex 45.3 54 0
      vertex 35 40.5872 0
      vertex 45.3 6.00002 0
    endloop
  endfacet
  facet normal -0 0 1
    outer loop
      vertex 30 31.9269 0
      vertex 45.3 6.00002 0
      vertex 35 40.5872 0
    endloop
  endfacet
  facet normal 0 0 1
    outer loop
      vertex 45.3 6.00002 0
      vertex 30 31.9269 0
      vertex 29 24.9795 0
    endloop
  endfacet
  facet normal 0 0 1
    outer loop
      vertex 29 24.9795 0
      vertex 30 31.9269 0
      vertex 29 29.659 0
    endloop
  endfacet
  facet normal -0 0 1
    outer loop
      vertex 24 16.3192 0
      vertex 45.3 6.00002 0
      vertex 29 24.9795 0
    endloop
  endfacet
  facet normal 0 0 1
    outer loop
      vertex 45.3 6.00002 0
      vertex 24 16.3192 0
      vertex 45.3 0 0
    endloop
  endfacet
  facet normal 0 0 1
    outer loop
      vertex 19 29.659 0
      vertex 17 29.659 0
      vertex 19 24.9795 0
    endloop
  endfacet
  facet normal 0 0 1
    outer loop
      vertex 17 24.9795 0
      vertex 19 24.9795 0
      vertex 17 29.659 0
    endloop
  endfacet
  facet normal -0 0 1
    outer loop
      vertex 17 24.9795 0
      vertex 24 16.3192 0
      vertex 19 24.9795 0
    endloop
  endfacet
  facet normal 0 0 1
    outer loop
      vertex 12 16.3192 0
      vertex 24 16.3192 0
      vertex 17 24.9795 0
    endloop
  endfacet
  facet normal -0 0 1
    outer loop
      vertex 12 16.3192 0
      vertex 45.3 0 0
      vertex 24 16.3192 0
    endloop
  endfacet
  facet normal 0 0 1
    outer loop
      vertex 7 29.659 0
      vertex 5 29.659 0
      vertex 7 24.9795 0
    endloop
  endfacet
  facet normal 0 0 1
    outer loop
      vertex 5 24.9795 0
      vertex 7 24.9795 0
      vertex 5 29.659 0
    endloop
  endfacet
  facet normal -0 0 1
    outer loop
      vertex 5 24.9795 0
      vertex 12 16.3192 0
      vertex 7 24.9795 0
    endloop
  endfacet
  facet normal 0 0 1
    outer loop
      vertex 0 16.3192 0
      vertex 12 16.3192 0
      vertex 5 24.9795 0
    endloop
  endfacet
  facet normal -0 0 1
    outer loop
      vertex 0 16.3192 0
      vertex 45.3 0 0
      vertex 12 16.3192 0
    endloop
  endfacet
  facet normal 0 0 1
    outer loop
      vertex -5 29.659 0
      vertex -7 29.659 0
      vertex -5 24.9795 0
    endloop
  endfacet
  facet normal 0 0 1
    outer loop
      vertex -7 24.9795 0
      vertex -5 24.9795 0
      vertex -7 29.659 0
    endloop
  endfacet
  facet normal -0 0 1
    outer loop
      vertex -7 24.9795 0
      vertex 0 16.3192 0
      vertex -5 24.9795 0
    endloop
  endfacet
  facet normal 0 0 1
    outer loop
      vertex -12 16.3192 0
      vertex 0 16.3192 0
      vertex -7 24.9795 0
    endloop
  endfacet
  facet normal 0 0 1
    outer loop
      vertex -45.3 0 0
      vertex 0 16.3192 0
      vertex -12 16.3192 0
    endloop
  endfacet
  facet normal 0 0 1
    outer loop
      vertex -17 29.659 0
      vertex -19 29.659 0
      vertex -17 24.9795 0
    endloop
  endfacet
  facet normal 0 0 1
    outer loop
      vertex -19 24.9795 0
      vertex -17 24.9795 0
      vertex -19 29.659 0
    endloop
  endfacet
  facet normal -0 0 1
    outer loop
      vertex -19 24.9795 0
      vertex -12 16.3192 0
      vertex -17 24.9795 0
    endloop
  endfacet
  facet normal 0 0 1
    outer loop
      vertex -24 16.3192 0
      vertex -12 16.3192 0
      vertex -19 24.9795 0
    endloop
  endfacet
  facet normal 0 0 1
    outer loop
      vertex -45.3 0 0
      vertex -12 16.3192 0
      vertex -24 16.3192 0
    endloop
  endfacet
  facet normal 0 0 1
    outer loop
      vertex -49.8 30 0
      vertex -30 31.9269 0
      vertex -35 40.5872 0
    endloop
  endfacet
  facet normal -0 0 1
    outer loop
      vertex -49.812 149.255 0
      vertex -30 147.573 0
      vertex -49.8 149.5 0
    endloop
  endfacet
  facet normal 0 0 1
    outer loop
      vertex -30 53.9269 0
      vertex -45.3 54 0
      vertex -35 45.2666 0
    endloop
  endfacet
  facet normal 0 0 1
    outer loop
      vertex -35 45.2666 0
      vertex -45.3 54 0
      vertex -35 40.5872 0
    endloop
  endfacet
  facet normal 0 0 1
    outer loop
      vertex -51.1215 32.2048 0
      vertex -35 40.5872 0
      vertex -45.3 54 0
    endloop
  endfacet
  facet normal 0 0 1
    outer loop
      vertex -49.812 29.755 0
      vertex -30 31.9269 0
      vertex -49.8 30 0
    endloop
  endfacet
  facet normal 0 0 1
    outer loop
      vertex -45.3 6.00002 0
      vertex -24 16.3192 0
      vertex -29 24.9795 0
    endloop
  endfacet
  facet normal 0 0 1
    outer loop
      vertex -45.3 0 0
      vertex -24 16.3192 0
      vertex -45.3 6.00002 0
    endloop
  endfacet
  facet normal 0 0 1
    outer loop
      vertex 0 16.3192 0
      vertex -45.3 0 0
      vertex 45.3 0 0
    endloop
  endfacet
  facet normal -0 0 1
    outer loop
      vertex 29 149.841 0
      vertex 30 147.573 0
      vertex 29 154.52 0
    endloop
  endfacet
  facet normal 0 0 1
    outer loop
      vertex 24 141.181 0
      vertex 30 147.573 0
      vertex 29 149.841 0
    endloop
  endfacet
  facet normal 0 0 1
    outer loop
      vertex 23 138.913 0
      vertex 25 138.913 0
      vertex 24 141.181 0
    endloop
  endfacet
  facet normal 0 0 1
    outer loop
      vertex 30 147.573 0
      vertex 24 141.181 0
      vertex 25 138.913 0
    endloop
  endfacet
  facet normal -0 0 1
    outer loop
      vertex 29 118.626 0
      vertex 30 116.358 0
      vertex 29 123.305 0
    endloop
  endfacet
  facet normal 0 0 1
    outer loop
      vertex 24 109.965 0
      vertex 30 116.358 0
      vertex 29 118.626 0
    endloop
  endfacet
  facet normal 0 0 1
    outer loop
      vertex 23 107.697 0
      vertex 25 107.697 0
      vertex 24 109.965 0
    endloop
  endfacet
  facet normal 0 0 1
    outer loop
      vertex 30 116.358 0
      vertex 24 109.965 0
      vertex 25 107.697 0
    endloop
  endfacet
  facet normal -0 0 1
    outer loop
      vertex 29 87.4103 0
      vertex 30 85.1423 0
      vertex 29 92.0897 0
    endloop
  endfacet
  facet normal 0 0 1
    outer loop
      vertex 24 78.75 0
      vertex 30 85.1423 0
      vertex 29 87.4103 0
    endloop
  endfacet
  facet normal 0 0 1
    outer loop
      vertex 23 76.482 0
      vertex 25 76.482 0
      vertex 24 78.75 0
    endloop
  endfacet
  facet normal 0 0 1
    outer loop
      vertex 30 85.1423 0
      vertex 24 78.75 0
      vertex 25 76.482 0
    endloop
  endfacet
  facet normal -0 0 1
    outer loop
      vertex 29 56.1949 0
      vertex 30 53.9269 0
      vertex 29 60.8743 0
    endloop
  endfacet
  facet normal 0 0 1
    outer loop
      vertex 24 47.5346 0
      vertex 30 53.9269 0
      vertex 29 56.1949 0
    endloop
  endfacet
  facet normal 0 0 1
    outer loop
      vertex 23 45.2666 0
      vertex 25 45.2666 0
      vertex 24 47.5346 0
    endloop
  endfacet
  facet normal 0 0 1
    outer loop
      vertex 30 53.9269 0
      vertex 24 47.5346 0
      vertex 25 45.2666 0
    endloop
  endfacet
  facet normal 0 0 1
    outer loop
      vertex 59.3 33 0
      vertex 54.8 30 0
      vertex 59.3 27 0
    endloop
  endfacet
  facet normal 0 0 1
    outer loop
      vertex 59.3 33 0
      vertex 54.788 30.245 0
      vertex 54.8 30 0
    endloop
  endfacet
  facet normal 0 0 1
    outer loop
      vertex 59.3 33 0
      vertex 54.752 30.4877 0
      vertex 54.788 30.245 0
    endloop
  endfacet
  facet normal 0 0 1
    outer loop
      vertex 59.3 33 0
      vertex 54.6924 30.7257 0
      vertex 54.752 30.4877 0
    endloop
  endfacet
  facet normal 0 0 1
    outer loop
      vertex 59.3 33 0
      vertex 54.6097 30.9567 0
      vertex 54.6924 30.7257 0
    endloop
  endfacet
  facet normal 0 0 1
    outer loop
      vertex 59.3 33 0
      vertex 54.5048 31.1785 0
      vertex 54.6097 30.9567 0
    endloop
  endfacet
  facet normal 0 0 1
    outer loop
      vertex 59.3 33 0
      vertex 54.3787 31.3889 0
      vertex 54.5048 31.1785 0
    endloop
  endfacet
  facet normal 0 0 1
    outer loop
      vertex 59.3 33 0
      vertex 54.2325 31.586 0
      vertex 54.3787 31.3889 0
    endloop
  endfacet
  facet normal 0 0 1
    outer loop
      vertex 59.3 33 0
      vertex 54.0678 31.7678 0
      vertex 54.2325 31.586 0
    endloop
  endfacet
  facet normal 0 0 1
    outer loop
      vertex 59.3 33 0
      vertex 53.886 31.9325 0
      vertex 54.0678 31.7678 0
    endloop
  endfacet
  facet normal 0 0 1
    outer loop
      vertex 59.3 33 0
      vertex 53.6889 32.0787 0
      vertex 53.886 31.9325 0
    endloop
  endfacet
  facet normal 0 0 1
    outer loop
      vertex 59.3 33 0
      vertex 53.4785 32.2048 0
      vertex 53.6889 32.0787 0
    endloop
  endfacet
  facet normal 0 0 1
    outer loop
      vertex 59.3 33 0
      vertex 53.2567 32.3097 0
      vertex 53.4785 32.2048 0
    endloop
  endfacet
  facet normal 0 0 1
    outer loop
      vertex 59.3 33 0
      vertex 53.0257 32.3923 0
      vertex 53.2567 32.3097 0
    endloop
  endfacet
  facet normal 0 0 1
    outer loop
      vertex 59.3 33 0
      vertex 52.7877 32.452 0
      vertex 53.0257 32.3923 0
    endloop
  endfacet
  facet normal 0 0 1
    outer loop
      vertex 45.3 54 0
      vertex 52.7877 32.452 0
      vertex 59.3 33 0
    endloop
  endfacet
  facet normal 0 0 1
    outer loop
      vertex 52.7877 32.452 0
      vertex 45.3 54 0
      vertex 52.545 32.488 0
    endloop
  endfacet
  facet normal 0 0 1
    outer loop
      vertex 52.545 32.488 0
      vertex 45.3 54 0
      vertex 52.3 32.5 0
    endloop
  endfacet
  facet normal 0 0 1
    outer loop
      vertex 49.812 30.245 0
      vertex 45.3 54 0
      vertex 49.8 30 0
    endloop
  endfacet
  facet normal 0 0 1
    outer loop
      vertex 49.848 30.4877 0
      vertex 45.3 54 0
      vertex 49.812 30.245 0
    endloop
  endfacet
  facet normal 0 0 1
    outer loop
      vertex 49.9076 30.7257 0
      vertex 45.3 54 0
      vertex 49.848 30.4877 0
    endloop
  endfacet
  facet normal 0 0 1
    outer loop
      vertex 49.9903 30.9567 0
      vertex 45.3 54 0
      vertex 49.9076 30.7257 0
    endloop
  endfacet
  facet normal 0 0 1
    outer loop
      vertex 50.0952 31.1785 0
      vertex 45.3 54 0
      vertex 49.9903 30.9567 0
    endloop
  endfacet
  facet normal 0 0 1
    outer loop
      vertex 50.2213 31.3889 0
      vertex 45.3 54 0
      vertex 50.0952 31.1785 0
    endloop
  endfacet
  facet normal 0 0 1
    outer loop
      vertex 50.3675 31.586 0
      vertex 45.3 54 0
      vertex 50.2213 31.3889 0
    endloop
  endfacet
  facet normal 0 0 1
    outer loop
      vertex 50.5322 31.7678 0
      vertex 45.3 54 0
      vertex 50.3675 31.586 0
    endloop
  endfacet
  facet normal 0 0 1
    outer loop
      vertex 50.714 31.9325 0
      vertex 45.3 54 0
      vertex 50.5322 31.7678 0
    endloop
  endfacet
  facet normal 0 0 1
    outer loop
      vertex 50.9111 32.0787 0
      vertex 45.3 54 0
      vertex 50.714 31.9325 0
    endloop
  endfacet
  facet normal 0 0 1
    outer loop
      vertex 51.1215 32.2048 0
      vertex 45.3 54 0
      vertex 50.9111 32.0787 0
    endloop
  endfacet
  facet normal 0 0 1
    outer loop
      vertex 51.3433 32.3097 0
      vertex 45.3 54 0
      vertex 51.1215 32.2048 0
    endloop
  endfacet
  facet normal 0 0 1
    outer loop
      vertex 51.5743 32.3923 0
      vertex 45.3 54 0
      vertex 51.3433 32.3097 0
    endloop
  endfacet
  facet normal 0 0 1
    outer loop
      vertex 51.8123 32.452 0
      vertex 45.3 54 0
      vertex 51.5743 32.3923 0
    endloop
  endfacet
  facet normal 0 0 1
    outer loop
      vertex 52.055 32.488 0
      vertex 45.3 54 0
      vertex 51.8123 32.452 0
    endloop
  endfacet
  facet normal 0 0 1
    outer loop
      vertex 52.3 32.5 0
      vertex 45.3 54 0
      vertex 52.055 32.488 0
    endloop
  endfacet
  facet normal -0 0 1
    outer loop
      vertex 54.788 29.755 0
      vertex 59.3 27 0
      vertex 54.8 30 0
    endloop
  endfacet
  facet normal -0 0 1
    outer loop
      vertex 54.752 29.5123 0
      vertex 59.3 27 0
      vertex 54.788 29.755 0
    endloop
  endfacet
  facet normal -0 0 1
    outer loop
      vertex 54.6924 29.2743 0
      vertex 59.3 27 0
      vertex 54.752 29.5123 0
    endloop
  endfacet
  facet normal -0 0 1
    outer loop
      vertex 54.6097 29.0433 0
      vertex 59.3 27 0
      vertex 54.6924 29.2743 0
    endloop
  endfacet
  facet normal -0 0 1
    outer loop
      vertex 54.5048 28.8215 0
      vertex 59.3 27 0
      vertex 54.6097 29.0433 0
    endloop
  endfacet
  facet normal -0 0 1
    outer loop
      vertex 54.3787 28.6111 0
      vertex 59.3 27 0
      vertex 54.5048 28.8215 0
    endloop
  endfacet
  facet normal -0 0 1
    outer loop
      vertex 54.2325 28.414 0
      vertex 59.3 27 0
      vertex 54.3787 28.6111 0
    endloop
  endfacet
  facet normal -0 0 1
    outer loop
      vertex 54.0678 28.2322 0
      vertex 59.3 27 0
      vertex 54.2325 28.414 0
    endloop
  endfacet
  facet normal -0 0 1
    outer loop
      vertex 53.886 28.0675 0
      vertex 59.3 27 0
      vertex 54.0678 28.2322 0
    endloop
  endfacet
  facet normal -0 0 1
    outer loop
      vertex 53.6889 27.9213 0
      vertex 59.3 27 0
      vertex 53.886 28.0675 0
    endloop
  endfacet
  facet normal -0 0 1
    outer loop
      vertex 53.4785 27.7952 0
      vertex 59.3 27 0
      vertex 53.6889 27.9213 0
    endloop
  endfacet
  facet normal -0 0 1
    outer loop
      vertex 53.2567 27.6903 0
      vertex 59.3 27 0
      vertex 53.4785 27.7952 0
    endloop
  endfacet
  facet normal -0 0 1
    outer loop
      vertex 53.0257 27.6076 0
      vertex 59.3 27 0
      vertex 53.2567 27.6903 0
    endloop
  endfacet
  facet normal -0 0 1
    outer loop
      vertex 52.7877 27.548 0
      vertex 59.3 27 0
      vertex 53.0257 27.6076 0
    endloop
  endfacet
  facet normal 0 0 1
    outer loop
      vertex 45.3 6.00002 0
      vertex 52.7877 27.548 0
      vertex 52.545 27.512 0
    endloop
  endfacet
  facet normal 0 0 1
    outer loop
      vertex 45.3 6.00002 0
      vertex 52.545 27.512 0
      vertex 52.3 27.5 0
    endloop
  endfacet
  facet normal 0 0 1
    outer loop
      vertex 45.3 6.00002 0
      vertex 52.3 27.5 0
      vertex 52.055 27.512 0
    endloop
  endfacet
  facet normal 0 0 1
    outer loop
      vertex 45.3 6.00002 0
      vertex 49.8 30 0
      vertex 45.3 54 0
    endloop
  endfacet
  facet normal 0 0 1
    outer loop
      vertex 49.8 30 0
      vertex 45.3 6.00002 0
      vertex 49.812 29.755 0
    endloop
  endfacet
  facet normal 0 0 1
    outer loop
      vertex 52.7877 27.548 0
      vertex 45.3 6.00002 0
      vertex 59.3 27 0
    endloop
  endfacet
  facet normal 0 0 1
    outer loop
      vertex 51.8123 27.548 0
      vertex 45.3 6.00002 0
      vertex 52.055 27.512 0
    endloop
  endfacet
  facet normal 0 0 1
    outer loop
      vertex 51.5743 27.6076 0
      vertex 45.3 6.00002 0
      vertex 51.8123 27.548 0
    endloop
  endfacet
  facet normal 0 0 1
    outer loop
      vertex 51.3433 27.6903 0
      vertex 45.3 6.00002 0
      vertex 51.5743 27.6076 0
    endloop
  endfacet
  facet normal 0 0 1
    outer loop
      vertex 51.1215 27.7952 0
      vertex 45.3 6.00002 0
      vertex 51.3433 27.6903 0
    endloop
  endfacet
  facet normal 0 0 1
    outer loop
      vertex 50.9111 27.9213 0
      vertex 45.3 6.00002 0
      vertex 51.1215 27.7952 0
    endloop
  endfacet
  facet normal 0 0 1
    outer loop
      vertex 50.714 28.0675 0
      vertex 45.3 6.00002 0
      vertex 50.9111 27.9213 0
    endloop
  endfacet
  facet normal 0 0 1
    outer loop
      vertex 50.5322 28.2322 0
      vertex 45.3 6.00002 0
      vertex 50.714 28.0675 0
    endloop
  endfacet
  facet normal 0 0 1
    outer loop
      vertex 50.3675 28.414 0
      vertex 45.3 6.00002 0
      vertex 50.5322 28.2322 0
    endloop
  endfacet
  facet normal 0 0 1
    outer loop
      vertex 50.2213 28.6111 0
      vertex 45.3 6.00002 0
      vertex 50.3675 28.414 0
    endloop
  endfacet
  facet normal 0 0 1
    outer loop
      vertex 50.0952 28.8215 0
      vertex 45.3 6.00002 0
      vertex 50.2213 28.6111 0
    endloop
  endfacet
  facet normal 0 0 1
    outer loop
      vertex 49.9903 29.0433 0
      vertex 45.3 6.00002 0
      vertex 50.0952 28.8215 0
    endloop
  endfacet
  facet normal 0 0 1
    outer loop
      vertex 49.9076 29.2743 0
      vertex 45.3 6.00002 0
      vertex 49.9903 29.0433 0
    endloop
  endfacet
  facet normal 0 0 1
    outer loop
      vertex 49.848 29.5123 0
      vertex 45.3 6.00002 0
      vertex 49.9076 29.2743 0
    endloop
  endfacet
  facet normal 0 0 1
    outer loop
      vertex 49.812 29.755 0
      vertex 45.3 6.00002 0
      vertex 49.848 29.5123 0
    endloop
  endfacet
  facet normal 0 0 1
    outer loop
      vertex 59.3 152.5 0
      vertex 54.8 149.5 0
      vertex 59.3 146.5 0
    endloop
  endfacet
  facet normal 0 0 1
    outer loop
      vertex 59.3 152.5 0
      vertex 54.788 149.745 0
      vertex 54.8 149.5 0
    endloop
  endfacet
  facet normal 0 0 1
    outer loop
      vertex 59.3 152.5 0
      vertex 54.752 149.988 0
      vertex 54.788 149.745 0
    endloop
  endfacet
  facet normal 0 0 1
    outer loop
      vertex 59.3 152.5 0
      vertex 54.6924 150.226 0
      vertex 54.752 149.988 0
    endloop
  endfacet
  facet normal 0 0 1
    outer loop
      vertex 59.3 152.5 0
      vertex 54.6097 150.457 0
      vertex 54.6924 150.226 0
    endloop
  endfacet
  facet normal 0 0 1
    outer loop
      vertex 59.3 152.5 0
      vertex 54.5048 150.678 0
      vertex 54.6097 150.457 0
    endloop
  endfacet
  facet normal 0 0 1
    outer loop
      vertex 59.3 152.5 0
      vertex 54.3787 150.889 0
      vertex 54.5048 150.678 0
    endloop
  endfacet
  facet normal 0 0 1
    outer loop
      vertex 59.3 152.5 0
      vertex 54.2325 151.086 0
      vertex 54.3787 150.889 0
    endloop
  endfacet
  facet normal 0 0 1
    outer loop
      vertex 59.3 152.5 0
      vertex 54.0678 151.268 0
      vertex 54.2325 151.086 0
    endloop
  endfacet
  facet normal 0 0 1
    outer loop
      vertex 59.3 152.5 0
      vertex 53.886 151.433 0
      vertex 54.0678 151.268 0
    endloop
  endfacet
  facet normal 0 0 1
    outer loop
      vertex 59.3 152.5 0
      vertex 53.6889 151.579 0
      vertex 53.886 151.433 0
    endloop
  endfacet
  facet normal 0 0 1
    outer loop
      vertex 59.3 152.5 0
      vertex 53.4785 151.705 0
      vertex 53.6889 151.579 0
    endloop
  endfacet
  facet normal 0 0 1
    outer loop
      vertex 59.3 152.5 0
      vertex 53.2567 151.81 0
      vertex 53.4785 151.705 0
    endloop
  endfacet
  facet normal 0 0 1
    outer loop
      vertex 59.3 152.5 0
      vertex 53.0257 151.892 0
      vertex 53.2567 151.81 0
    endloop
  endfacet
  facet normal 0 0 1
    outer loop
      vertex 59.3 152.5 0
      vertex 52.7877 151.952 0
      vertex 53.0257 151.892 0
    endloop
  endfacet
  facet normal 0 0 1
    outer loop
      vertex 45.3 173.5 0
      vertex 52.7877 151.952 0
      vertex 59.3 152.5 0
    endloop
  endfacet
  facet normal 0 0 1
    outer loop
      vertex 52.7877 151.952 0
      vertex 45.3 173.5 0
      vertex 52.545 151.988 0
    endloop
  endfacet
  facet normal 0 0 1
    outer loop
      vertex 52.545 151.988 0
      vertex 45.3 173.5 0
      vertex 52.3 152 0
    endloop
  endfacet
  facet normal 0 0 1
    outer loop
      vertex 49.812 149.745 0
      vertex 45.3 173.5 0
      vertex 49.8 149.5 0
    endloop
  endfacet
  facet normal 0 0 1
    outer loop
      vertex 49.848 149.988 0
      vertex 45.3 173.5 0
      vertex 49.812 149.745 0
    endloop
  endfacet
  facet normal 0 0 1
    outer loop
      vertex 49.9076 150.226 0
      vertex 45.3 173.5 0
      vertex 49.848 149.988 0
    endloop
  endfacet
  facet normal 0 0 1
    outer loop
      vertex 49.9903 150.457 0
      vertex 45.3 173.5 0
      vertex 49.9076 150.226 0
    endloop
  endfacet
  facet normal 0 0 1
    outer loop
      vertex 50.0952 150.678 0
      vertex 45.3 173.5 0
      vertex 49.9903 150.457 0
    endloop
  endfacet
  facet normal 0 0 1
    outer loop
      vertex 50.2213 150.889 0
      vertex 45.3 173.5 0
      vertex 50.0952 150.678 0
    endloop
  endfacet
  facet normal 0 0 1
    outer loop
      vertex 50.3675 151.086 0
      vertex 45.3 173.5 0
      vertex 50.2213 150.889 0
    endloop
  endfacet
  facet normal 0 0 1
    outer loop
      vertex 50.5322 151.268 0
      vertex 45.3 173.5 0
      vertex 50.3675 151.086 0
    endloop
  endfacet
  facet normal 0 0 1
    outer loop
      vertex 50.714 151.433 0
      vertex 45.3 173.5 0
      vertex 50.5322 151.268 0
    endloop
  endfacet
  facet normal 0 0 1
    outer loop
      vertex 50.9111 151.579 0
      vertex 45.3 173.5 0
      vertex 50.714 151.433 0
    endloop
  endfacet
  facet normal 0 0 1
    outer loop
      vertex 51.1215 151.705 0
      vertex 45.3 173.5 0
      vertex 50.9111 151.579 0
    endloop
  endfacet
  facet normal 0 0 1
    outer loop
      vertex 51.3433 151.81 0
      vertex 45.3 173.5 0
      vertex 51.1215 151.705 0
    endloop
  endfacet
  facet normal 0 0 1
    outer loop
      vertex 51.5743 151.892 0
      vertex 45.3 173.5 0
      vertex 51.3433 151.81 0
    endloop
  endfacet
  facet normal 0 0 1
    outer loop
      vertex 51.8123 151.952 0
      vertex 45.3 173.5 0
      vertex 51.5743 151.892 0
    endloop
  endfacet
  facet normal 0 0 1
    outer loop
      vertex 52.055 151.988 0
      vertex 45.3 173.5 0
      vertex 51.8123 151.952 0
    endloop
  endfacet
  facet normal 0 0 1
    outer loop
      vertex 52.3 152 0
      vertex 45.3 173.5 0
      vertex 52.055 151.988 0
    endloop
  endfacet
  facet normal -0 0 1
    outer loop
      vertex 54.788 149.255 0
      vertex 59.3 146.5 0
      vertex 54.8 149.5 0
    endloop
  endfacet
  facet normal -0 0 1
    outer loop
      vertex 54.752 149.012 0
      vertex 59.3 146.5 0
      vertex 54.788 149.255 0
    endloop
  endfacet
  facet normal -0 0 1
    outer loop
      vertex 54.6924 148.774 0
      vertex 59.3 146.5 0
      vertex 54.752 149.012 0
    endloop
  endfacet
  facet normal -0 0 1
    outer loop
      vertex 54.6097 148.543 0
      vertex 59.3 146.5 0
      vertex 54.6924 148.774 0
    endloop
  endfacet
  facet normal -0 0 1
    outer loop
      vertex 54.5048 148.322 0
      vertex 59.3 146.5 0
      vertex 54.6097 148.543 0
    endloop
  endfacet
  facet normal -0 0 1
    outer loop
      vertex 54.3787 148.111 0
      vertex 59.3 146.5 0
      vertex 54.5048 148.322 0
    endloop
  endfacet
  facet normal -0 0 1
    outer loop
      vertex 54.2325 147.914 0
      vertex 59.3 146.5 0
      vertex 54.3787 148.111 0
    endloop
  endfacet
  facet normal -0 0 1
    outer loop
      vertex 54.0678 147.732 0
      vertex 59.3 146.5 0
      vertex 54.2325 147.914 0
    endloop
  endfacet
  facet normal -0 0 1
    outer loop
      vertex 53.886 147.567 0
      vertex 59.3 146.5 0
      vertex 54.0678 147.732 0
    endloop
  endfacet
  facet normal -0 0 1
    outer loop
      vertex 53.6889 147.421 0
      vertex 59.3 146.5 0
      vertex 53.886 147.567 0
    endloop
  endfacet
  facet normal -0 0 1
    outer loop
      vertex 53.4785 147.295 0
      vertex 59.3 146.5 0
      vertex 53.6889 147.421 0
    endloop
  endfacet
  facet normal -0 0 1
    outer loop
      vertex 53.2567 147.19 0
      vertex 59.3 146.5 0
      vertex 53.4785 147.295 0
    endloop
  endfacet
  facet normal -0 0 1
    outer loop
      vertex 53.0257 147.108 0
      vertex 59.3 146.5 0
      vertex 53.2567 147.19 0
    endloop
  endfacet
  facet normal -0 0 1
    outer loop
      vertex 52.7877 147.048 0
      vertex 59.3 146.5 0
      vertex 53.0257 147.108 0
    endloop
  endfacet
  facet normal 0 0 1
    outer loop
      vertex 45.3 125.5 0
      vertex 52.7877 147.048 0
      vertex 52.545 147.012 0
    endloop
  endfacet
  facet normal 0 0 1
    outer loop
      vertex 45.3 125.5 0
      vertex 52.545 147.012 0
      vertex 52.3 147 0
    endloop
  endfacet
  facet normal 0 0 1
    outer loop
      vertex 45.3 125.5 0
      vertex 52.3 147 0
      vertex 52.055 147.012 0
    endloop
  endfacet
  facet normal 0 0 1
    outer loop
      vertex 45.3 125.5 0
      vertex 49.8 149.5 0
      vertex 45.3 173.5 0
    endloop
  endfacet
  facet normal 0 0 1
    outer loop
      vertex 49.8 149.5 0
      vertex 45.3 125.5 0
      vertex 49.812 149.255 0
    endloop
  endfacet
  facet normal 0 0 1
    outer loop
      vertex 52.7877 147.048 0
      vertex 45.3 125.5 0
      vertex 59.3 146.5 0
    endloop
  endfacet
  facet normal 0 0 1
    outer loop
      vertex 51.8123 147.048 0
      vertex 45.3 125.5 0
      vertex 52.055 147.012 0
    endloop
  endfacet
  facet normal 0 0 1
    outer loop
      vertex 51.5743 147.108 0
      vertex 45.3 125.5 0
      vertex 51.8123 147.048 0
    endloop
  endfacet
  facet normal 0 0 1
    outer loop
      vertex 51.3433 147.19 0
      vertex 45.3 125.5 0
      vertex 51.5743 147.108 0
    endloop
  endfacet
  facet normal 0 0 1
    outer loop
      vertex 51.1215 147.295 0
      vertex 45.3 125.5 0
      vertex 51.3433 147.19 0
    endloop
  endfacet
  facet normal 0 0 1
    outer loop
      vertex 50.9111 147.421 0
      vertex 45.3 125.5 0
      vertex 51.1215 147.295 0
    endloop
  endfacet
  facet normal 0 0 1
    outer loop
      vertex 50.714 147.567 0
      vertex 45.3 125.5 0
      vertex 50.9111 147.421 0
    endloop
  endfacet
  facet normal 0 0 1
    outer loop
      vertex 50.5322 147.732 0
      vertex 45.3 125.5 0
      vertex 50.714 147.567 0
    endloop
  endfacet
  facet normal 0 0 1
    outer loop
      vertex 50.3675 147.914 0
      vertex 45.3 125.5 0
      vertex 50.5322 147.732 0
    endloop
  endfacet
  facet normal 0 0 1
    outer loop
      vertex 50.2213 148.111 0
      vertex 45.3 125.5 0
      vertex 50.3675 147.914 0
    endloop
  endfacet
  facet normal 0 0 1
    outer loop
      vertex 50.0952 148.322 0
      vertex 45.3 125.5 0
      vertex 50.2213 148.111 0
    endloop
  endfacet
  facet normal 0 0 1
    outer loop
      vertex 49.9903 148.543 0
      vertex 45.3 125.5 0
      vertex 50.0952 148.322 0
    endloop
  endfacet
  facet normal 0 0 1
    outer loop
      vertex 49.9076 148.774 0
      vertex 45.3 125.5 0
      vertex 49.9903 148.543 0
    endloop
  endfacet
  facet normal 0 0 1
    outer loop
      vertex 49.848 149.012 0
      vertex 45.3 125.5 0
      vertex 49.9076 148.774 0
    endloop
  endfacet
  facet normal 0 0 1
    outer loop
      vertex 49.812 149.255 0
      vertex 45.3 125.5 0
      vertex 49.848 149.012 0
    endloop
  endfacet
  facet normal 0 0 -1
    outer loop
      vertex 59.3 27 -6.5
      vertex 57.05 30 -6.5
      vertex 59.3 33 -6.5
    endloop
  endfacet
  facet normal 0 0 -1
    outer loop
      vertex 59.3 27 -6.5
      vertex 57.0272 29.5355 -6.5
      vertex 57.05 30 -6.5
    endloop
  endfacet
  facet normal 0 0 -1
    outer loop
      vertex 59.3 27 -6.5
      vertex 57.0271 29.5344 -6.5
      vertex 57.0272 29.5355 -6.5
    endloop
  endfacet
  facet normal 0 0 -1
    outer loop
      vertex 59.3 27 -6.5
      vertex 57.027 29.5333 -6.5
      vertex 57.0271 29.5344 -6.5
    endloop
  endfacet
  facet normal 0 0 -1
    outer loop
      vertex 59.3 27 -6.5
      vertex 56.9587 29.0733 -6.5
      vertex 57.027 29.5333 -6.5
    endloop
  endfacet
  facet normal 0 0 -1
    outer loop
      vertex 59.3 27 -6.5
      vertex 56.8457 28.6222 -6.5
      vertex 56.9587 29.0733 -6.5
    endloop
  endfacet
  facet normal 0 0 -1
    outer loop
      vertex 59.3 27 -6.5
      vertex 56.8455 28.6211 -6.5
      vertex 56.8457 28.6222 -6.5
    endloop
  endfacet
  facet normal 0 0 -1
    outer loop
      vertex 59.3 27 -6.5
      vertex 56.8451 28.6201 -6.5
      vertex 56.8455 28.6211 -6.5
    endloop
  endfacet
  facet normal 0 0 -1
    outer loop
      vertex 59.3 27 -6.5
      vertex 56.6884 28.1823 -6.5
      vertex 56.8451 28.6201 -6.5
    endloop
  endfacet
  facet normal 0 0 -1
    outer loop
      vertex 59.3 27 -6.5
      vertex 56.688 28.1813 -6.5
      vertex 56.6884 28.1823 -6.5
    endloop
  endfacet
  facet normal 0 0 -1
    outer loop
      vertex 59.3 27 -6.5
      vertex 56.4891 27.7609 -6.5
      vertex 56.688 28.1813 -6.5
    endloop
  endfacet
  facet normal 0 0 -1
    outer loop
      vertex 59.3 27 -6.5
      vertex 56.25 27.362 -6.5
      vertex 56.4891 27.7609 -6.5
    endloop
  endfacet
  facet normal 0 0 -1
    outer loop
      vertex 59.3 27 -6.5
      vertex 56.2495 27.361 -6.5
      vertex 56.25 27.362 -6.5
    endloop
  endfacet
  facet normal -0 0 -1
    outer loop
      vertex 59.3 27 -6.5
      vertex 55.9724 26.9875 -6.5
      vertex 56.2495 27.361 -6.5
    endloop
  endfacet
  facet normal 0 0 -1
    outer loop
      vertex 59.3 27 -6.5
      vertex 55.9718 26.9866 -6.5
      vertex 55.9724 26.9875 -6.5
    endloop
  endfacet
  facet normal 0 0 -1
    outer loop
      vertex 59.3 27 -6.5
      vertex 55.9711 26.9858 -6.5
      vertex 55.9718 26.9866 -6.5
    endloop
  endfacet
  facet normal 0 0 -1
    outer loop
      vertex 59.3 27 -6.5
      vertex 55.6588 26.6412 -6.5
      vertex 55.9711 26.9858 -6.5
    endloop
  endfacet
  facet normal 0 0 -1
    outer loop
      vertex 59.3 27 -6.5
      vertex 55.3142 26.3289 -6.5
      vertex 55.6588 26.6412 -6.5
    endloop
  endfacet
  facet normal 0 0 -1
    outer loop
      vertex 59.3 27 -6.5
      vertex 55.3134 26.3282 -6.5
      vertex 55.3142 26.3289 -6.5
    endloop
  endfacet
  facet normal 0 0 -1
    outer loop
      vertex 59.3 27 -6.5
      vertex 54.9398 26.0512 -6.5
      vertex 55.3134 26.3282 -6.5
    endloop
  endfacet
  facet normal 0 0 -1
    outer loop
      vertex 59.3 27 -6.5
      vertex 54.939 26.0505 -6.5
      vertex 54.9398 26.0512 -6.5
    endloop
  endfacet
  facet normal 0 0 -1
    outer loop
      vertex 59.3 27 -6.5
      vertex 54.938 26.05 -6.5
      vertex 54.939 26.0505 -6.5
    endloop
  endfacet
  facet normal 0 0 -1
    outer loop
      vertex 59.3 27 -6.5
      vertex 54.5391 25.8109 -6.5
      vertex 54.938 26.05 -6.5
    endloop
  endfacet
  facet normal 0 0 -1
    outer loop
      vertex 59.3 27 -6.5
      vertex 54.1187 25.612 -6.5
      vertex 54.5391 25.8109 -6.5
    endloop
  endfacet
  facet normal 0 0 -1
    outer loop
      vertex 59.3 27 -6.5
      vertex 54.1177 25.6116 -6.5
      vertex 54.1187 25.612 -6.5
    endloop
  endfacet
  facet normal 0 0 -1
    outer loop
      vertex 45.3 6.00002 -6.5
      vertex 54.1177 25.6116 -6.5
      vertex 59.3 27 -6.5
    endloop
  endfacet
  facet normal 0 0 -1
    outer loop
      vertex 54.1177 25.6116 -6.5
      vertex 45.3 6.00002 -6.5
      vertex 53.6799 25.4549 -6.5
    endloop
  endfacet
  facet normal 0 0 -1
    outer loop
      vertex 45.3 6.00002 -6.5
      vertex 53.2256 25.3411 -6.5
      vertex 53.2267 25.3413 -6.5
    endloop
  endfacet
  facet normal 0 0 -1
    outer loop
      vertex 45.3 6.00002 -6.5
      vertex 51.3744 25.3411 -6.5
      vertex 51.8344 25.2729 -6.5
    endloop
  endfacet
  facet normal 0 0 -1
    outer loop
      vertex 45.3 6.00002 -6.5
      vertex 51.3723 25.3415 -6.5
      vertex 51.3733 25.3413 -6.5
    endloop
  endfacet
  facet normal 0 0 -1
    outer loop
      vertex 45.3 6.00002 -6.5
      vertex 50.4833 25.6112 -6.5
      vertex 50.9211 25.4545 -6.5
    endloop
  endfacet
  facet normal 0 0 -1
    outer loop
      vertex 45.3 6.00002 -6.5
      vertex 48.35 27.362 -6.5
      vertex 48.3505 27.361 -6.5
    endloop
  endfacet
  facet normal 0 0 1
    outer loop
      vertex 48.1109 27.7609 -6.5
      vertex 47.9116 28.1823 -6.5
      vertex 47.912 28.1813 -6.5
    endloop
  endfacet
  facet normal 0 0 -1
    outer loop
      vertex 47.9116 28.1823 -6.5
      vertex 47.7545 28.6211 -6.5
      vertex 47.7549 28.6201 -6.5
    endloop
  endfacet
  facet normal -0 0 -1
    outer loop
      vertex 47.5728 29.5355 -6.5
      vertex 45.3 6.00002 -6.5
      vertex 47.55 30 -6.5
    endloop
  endfacet
  facet normal -0 0 -1
    outer loop
      vertex 47.5729 29.5344 -6.5
      vertex 45.3 6.00002 -6.5
      vertex 47.5728 29.5355 -6.5
    endloop
  endfacet
  facet normal -0 0 -1
    outer loop
      vertex 47.6411 29.0744 -6.5
      vertex 45.3 6.00002 -6.5
      vertex 47.5729 29.5344 -6.5
    endloop
  endfacet
  facet normal -0 0 -1
    outer loop
      vertex 47.6413 29.0733 -6.5
      vertex 45.3 6.00002 -6.5
      vertex 47.6411 29.0744 -6.5
    endloop
  endfacet
  facet normal -0 0 -1
    outer loop
      vertex 47.6415 29.0723 -6.5
      vertex 45.3 6.00002 -6.5
      vertex 47.6413 29.0733 -6.5
    endloop
  endfacet
  facet normal -0 0 -1
    outer loop
      vertex 47.7545 28.6211 -6.5
      vertex 45.3 6.00002 -6.5
      vertex 47.6415 29.0723 -6.5
    endloop
  endfacet
  facet normal -0 0 -1
    outer loop
      vertex 47.9116 28.1823 -6.5
      vertex 45.3 6.00002 -6.5
      vertex 47.7545 28.6211 -6.5
    endloop
  endfacet
  facet normal -0 0 -1
    outer loop
      vertex 48.1109 27.7609 -6.5
      vertex 45.3 6.00002 -6.5
      vertex 47.9116 28.1823 -6.5
    endloop
  endfacet
  facet normal -0 0 -1
    outer loop
      vertex 48.35 27.362 -6.5
      vertex 45.3 6.00002 -6.5
      vertex 48.1109 27.7609 -6.5
    endloop
  endfacet
  facet normal -0 0 -1
    outer loop
      vertex 48.6276 26.9875 -6.5
      vertex 45.3 6.00002 -6.5
      vertex 48.3505 27.361 -6.5
    endloop
  endfacet
  facet normal -0 0 -1
    outer loop
      vertex 48.6282 26.9866 -6.5
      vertex 45.3 6.00002 -6.5
      vertex 48.6276 26.9875 -6.5
    endloop
  endfacet
  facet normal -0 0 -1
    outer loop
      vertex 48.6289 26.9858 -6.5
      vertex 45.3 6.00002 -6.5
      vertex 48.6282 26.9866 -6.5
    endloop
  endfacet
  facet normal -0 0 -1
    outer loop
      vertex 48.9412 26.6412 -6.5
      vertex 45.3 6.00002 -6.5
      vertex 48.6289 26.9858 -6.5
    endloop
  endfacet
  facet normal -0 0 -1
    outer loop
      vertex 49.2858 26.3289 -6.5
      vertex 45.3 6.00002 -6.5
      vertex 48.9412 26.6412 -6.5
    endloop
  endfacet
  facet normal -0 0 -1
    outer loop
      vertex 49.2866 26.3282 -6.5
      vertex 45.3 6.00002 -6.5
      vertex 49.2858 26.3289 -6.5
    endloop
  endfacet
  facet normal -0 0 -1
    outer loop
      vertex 49.6602 26.0512 -6.5
      vertex 45.3 6.00002 -6.5
      vertex 49.2866 26.3282 -6.5
    endloop
  endfacet
  facet normal -0 0 -1
    outer loop
      vertex 49.661 26.0505 -6.5
      vertex 45.3 6.00002 -6.5
      vertex 49.6602 26.0512 -6.5
    endloop
  endfacet
  facet normal -0 0 -1
    outer loop
      vertex 49.662 26.05 -6.5
      vertex 45.3 6.00002 -6.5
      vertex 49.661 26.0505 -6.5
    endloop
  endfacet
  facet normal -0 0 -1
    outer loop
      vertex 50.0609 25.8109 -6.5
      vertex 45.3 6.00002 -6.5
      vertex 49.662 26.05 -6.5
    endloop
  endfacet
  facet normal -0 0 -1
    outer loop
      vertex 50.4813 25.612 -6.5
      vertex 45.3 6.00002 -6.5
      vertex 50.0609 25.8109 -6.5
    endloop
  endfacet
  facet normal -0 0 -1
    outer loop
      vertex 50.4823 25.6116 -6.5
      vertex 45.3 6.00002 -6.5
      vertex 50.4813 25.612 -6.5
    endloop
  endfacet
  facet normal -0 0 -1
    outer loop
      vertex 50.4833 25.6112 -6.5
      vertex 45.3 6.00002 -6.5
      vertex 50.4823 25.6116 -6.5
    endloop
  endfacet
  facet normal -0 0 -1
    outer loop
      vertex 51.3723 25.3415 -6.5
      vertex 45.3 6.00002 -6.5
      vertex 50.9211 25.4545 -6.5
    endloop
  endfacet
  facet normal -0 0 -1
    outer loop
      vertex 51.3744 25.3411 -6.5
      vertex 45.3 6.00002 -6.5
      vertex 51.3733 25.3413 -6.5
    endloop
  endfacet
  facet normal -0 0 -1
    outer loop
      vertex 52.2989 25.2501 -6.5
      vertex 45.3 6.00002 -6.5
      vertex 51.8344 25.2729 -6.5
    endloop
  endfacet
  facet normal -0 0 -1
    outer loop
      vertex 52.3 25.25 -6.5
      vertex 45.3 6.00002 -6.5
      vertex 52.2989 25.2501 -6.5
    endloop
  endfacet
  facet normal 0 0 -1
    outer loop
      vertex 52.3011 25.2501 -6.5
      vertex 45.3 6.00002 -6.5
      vertex 52.3 25.25 -6.5
    endloop
  endfacet
  facet normal 0 0 -1
    outer loop
      vertex 52.7656 25.2729 -6.5
      vertex 45.3 6.00002 -6.5
      vertex 52.3011 25.2501 -6.5
    endloop
  endfacet
  facet normal 0 0 -1
    outer loop
      vertex 53.2256 25.3411 -6.5
      vertex 45.3 6.00002 -6.5
      vertex 52.7656 25.2729 -6.5
    endloop
  endfacet
  facet normal 0 0 -1
    outer loop
      vertex 53.6778 25.4543 -6.5
      vertex 45.3 6.00002 -6.5
      vertex 53.2267 25.3413 -6.5
    endloop
  endfacet
  facet normal 0 0 -1
    outer loop
      vertex 53.6789 25.4545 -6.5
      vertex 45.3 6.00002 -6.5
      vertex 53.6778 25.4543 -6.5
    endloop
  endfacet
  facet normal 0 0 -1
    outer loop
      vertex 53.6799 25.4549 -6.5
      vertex 45.3 6.00002 -6.5
      vertex 53.6789 25.4545 -6.5
    endloop
  endfacet
  facet normal 0 0 -1
    outer loop
      vertex 57.0272 30.4645 -6.5
      vertex 59.3 33 -6.5
      vertex 57.05 30 -6.5
    endloop
  endfacet
  facet normal 0 0 -1
    outer loop
      vertex 57.0271 30.4656 -6.5
      vertex 59.3 33 -6.5
      vertex 57.0272 30.4645 -6.5
    endloop
  endfacet
  facet normal 0 0 -1
    outer loop
      vertex 57.027 30.4667 -6.5
      vertex 59.3 33 -6.5
      vertex 57.0271 30.4656 -6.5
    endloop
  endfacet
  facet normal 0 0 -1
    outer loop
      vertex 56.9587 30.9267 -6.5
      vertex 59.3 33 -6.5
      vertex 57.027 30.4667 -6.5
    endloop
  endfacet
  facet normal 0 0 -1
    outer loop
      vertex 56.8457 31.3778 -6.5
      vertex 59.3 33 -6.5
      vertex 56.9587 30.9267 -6.5
    endloop
  endfacet
  facet normal 0 0 -1
    outer loop
      vertex 56.8455 31.3789 -6.5
      vertex 59.3 33 -6.5
      vertex 56.8457 31.3778 -6.5
    endloop
  endfacet
  facet normal 0 0 -1
    outer loop
      vertex 56.8451 31.3799 -6.5
      vertex 59.3 33 -6.5
      vertex 56.8455 31.3789 -6.5
    endloop
  endfacet
  facet normal 0 0 -1
    outer loop
      vertex 56.6884 31.8177 -6.5
      vertex 59.3 33 -6.5
      vertex 56.8451 31.3799 -6.5
    endloop
  endfacet
  facet normal 0 0 -1
    outer loop
      vertex 56.688 31.8187 -6.5
      vertex 59.3 33 -6.5
      vertex 56.6884 31.8177 -6.5
    endloop
  endfacet
  facet normal 0 0 -1
    outer loop
      vertex 56.4891 32.2391 -6.5
      vertex 59.3 33 -6.5
      vertex 56.688 31.8187 -6.5
    endloop
  endfacet
  facet normal 0 0 -1
    outer loop
      vertex 56.25 32.638 -6.5
      vertex 59.3 33 -6.5
      vertex 56.4891 32.2391 -6.5
    endloop
  endfacet
  facet normal 0 0 -1
    outer loop
      vertex 56.2495 32.639 -6.5
      vertex 59.3 33 -6.5
      vertex 56.25 32.638 -6.5
    endloop
  endfacet
  facet normal 0 0 -1
    outer loop
      vertex 55.9724 33.0125 -6.5
      vertex 59.3 33 -6.5
      vertex 56.2495 32.639 -6.5
    endloop
  endfacet
  facet normal 0 0 -1
    outer loop
      vertex 55.9718 33.0134 -6.5
      vertex 59.3 33 -6.5
      vertex 55.9724 33.0125 -6.5
    endloop
  endfacet
  facet normal 0 0 -1
    outer loop
      vertex 55.9711 33.0142 -6.5
      vertex 59.3 33 -6.5
      vertex 55.9718 33.0134 -6.5
    endloop
  endfacet
  facet normal 0 0 -1
    outer loop
      vertex 55.6588 33.3588 -6.5
      vertex 59.3 33 -6.5
      vertex 55.9711 33.0142 -6.5
    endloop
  endfacet
  facet normal 0 0 -1
    outer loop
      vertex 55.3142 33.6711 -6.5
      vertex 59.3 33 -6.5
      vertex 55.6588 33.3588 -6.5
    endloop
  endfacet
  facet normal 0 0 -1
    outer loop
      vertex 55.3134 33.6718 -6.5
      vertex 59.3 33 -6.5
      vertex 55.3142 33.6711 -6.5
    endloop
  endfacet
  facet normal 0 0 -1
    outer loop
      vertex 54.9398 33.9488 -6.5
      vertex 59.3 33 -6.5
      vertex 55.3134 33.6718 -6.5
    endloop
  endfacet
  facet normal 0 0 -1
    outer loop
      vertex 54.939 33.9495 -6.5
      vertex 59.3 33 -6.5
      vertex 54.9398 33.9488 -6.5
    endloop
  endfacet
  facet normal 0 0 -1
    outer loop
      vertex 54.938 33.95 -6.5
      vertex 59.3 33 -6.5
      vertex 54.939 33.9495 -6.5
    endloop
  endfacet
  facet normal 0 0 -1
    outer loop
      vertex 54.5391 34.1891 -6.5
      vertex 59.3 33 -6.5
      vertex 54.938 33.95 -6.5
    endloop
  endfacet
  facet normal 0 0 -1
    outer loop
      vertex 54.1187 34.388 -6.5
      vertex 59.3 33 -6.5
      vertex 54.5391 34.1891 -6.5
    endloop
  endfacet
  facet normal 0 0 -1
    outer loop
      vertex 54.1177 34.3884 -6.5
      vertex 59.3 33 -6.5
      vertex 54.1187 34.388 -6.5
    endloop
  endfacet
  facet normal 0 0 -1
    outer loop
      vertex 45.3 54 -6.5
      vertex 54.1177 34.3884 -6.5
      vertex 53.6799 34.5451 -6.5
    endloop
  endfacet
  facet normal 0 0 -1
    outer loop
      vertex 45.3 54 -6.5
      vertex 53.6799 34.5451 -6.5
      vertex 53.6789 34.5455 -6.5
    endloop
  endfacet
  facet normal 0 0 -1
    outer loop
      vertex 45.3 54 -6.5
      vertex 53.6778 34.5457 -6.5
      vertex 53.2267 34.6587 -6.5
    endloop
  endfacet
  facet normal 0 0 -1
    outer loop
      vertex 45.3 54 -6.5
      vertex 52.7645 34.7272 -6.5
      vertex 52.3 34.75 -6.5
    endloop
  endfacet
  facet normal 0 0 -1
    outer loop
      vertex 45.3 54 -6.5
      vertex 49.662 33.95 -6.5
      vertex 49.661 33.9495 -6.5
    endloop
  endfacet
  facet normal 0 0 -1
    outer loop
      vertex 45.3 54 -6.5
      vertex 49.6602 33.9488 -6.5
      vertex 49.2866 33.6718 -6.5
    endloop
  endfacet
  facet normal 0 0 -1
    outer loop
      vertex 45.3 54 -6.5
      vertex 48.35 32.638 -6.5
      vertex 48.1109 32.2391 -6.5
    endloop
  endfacet
  facet normal 0 0 -1
    outer loop
      vertex 45.3 54 -6.5
      vertex 47.912 31.8187 -6.5
      vertex 47.9116 31.8177 -6.5
    endloop
  endfacet
  facet normal 0 0 -1
    outer loop
      vertex 47.7545 31.3789 -6.5
      vertex 47.9116 31.8177 -6.5
      vertex 47.7549 31.3799 -6.5
    endloop
  endfacet
  facet normal 0 0 -1
    outer loop
      vertex 45.3 54 -6.5
      vertex 47.55 30 -6.5
      vertex 45.3 6.00002 -6.5
    endloop
  endfacet
  facet normal 0 0 -1
    outer loop
      vertex 47.55 30 -6.5
      vertex 45.3 54 -6.5
      vertex 47.5728 30.4645 -6.5
    endloop
  endfacet
  facet normal 0 0 -1
    outer loop
      vertex 54.1177 34.3884 -6.5
      vertex 45.3 54 -6.5
      vertex 59.3 33 -6.5
    endloop
  endfacet
  facet normal 0 0 -1
    outer loop
      vertex 53.6778 34.5457 -6.5
      vertex 45.3 54 -6.5
      vertex 53.6789 34.5455 -6.5
    endloop
  endfacet
  facet normal 0 0 -1
    outer loop
      vertex 53.2256 34.6589 -6.5
      vertex 45.3 54 -6.5
      vertex 53.2267 34.6587 -6.5
    endloop
  endfacet
  facet normal 0 0 -1
    outer loop
      vertex 52.7656 34.7271 -6.5
      vertex 45.3 54 -6.5
      vertex 53.2256 34.6589 -6.5
    endloop
  endfacet
  facet normal 0 0 -1
    outer loop
      vertex 52.7645 34.7272 -6.5
      vertex 45.3 54 -6.5
      vertex 52.7656 34.7271 -6.5
    endloop
  endfacet
  facet normal 0 0 -1
    outer loop
      vertex 51.8355 34.7272 -6.5
      vertex 45.3 54 -6.5
      vertex 52.3 34.75 -6.5
    endloop
  endfacet
  facet normal 0 0 -1
    outer loop
      vertex 51.8344 34.7271 -6.5
      vertex 45.3 54 -6.5
      vertex 51.8355 34.7272 -6.5
    endloop
  endfacet
  facet normal 0 0 -1
    outer loop
      vertex 51.3744 34.6589 -6.5
      vertex 45.3 54 -6.5
      vertex 51.8344 34.7271 -6.5
    endloop
  endfacet
  facet normal 0 0 -1
    outer loop
      vertex 51.3733 34.6587 -6.5
      vertex 45.3 54 -6.5
      vertex 51.3744 34.6589 -6.5
    endloop
  endfacet
  facet normal 0 0 -1
    outer loop
      vertex 51.3723 34.6585 -6.5
      vertex 45.3 54 -6.5
      vertex 51.3733 34.6587 -6.5
    endloop
  endfacet
  facet normal 0 0 -1
    outer loop
      vertex 50.9211 34.5455 -6.5
      vertex 45.3 54 -6.5
      vertex 51.3723 34.6585 -6.5
    endloop
  endfacet
  facet normal 0 0 -1
    outer loop
      vertex 50.4833 34.3888 -6.5
      vertex 45.3 54 -6.5
      vertex 50.9211 34.5455 -6.5
    endloop
  endfacet
  facet normal 0 0 -1
    outer loop
      vertex 50.4823 34.3884 -6.5
      vertex 45.3 54 -6.5
      vertex 50.4833 34.3888 -6.5
    endloop
  endfacet
  facet normal 0 0 -1
    outer loop
      vertex 50.4813 34.388 -6.5
      vertex 45.3 54 -6.5
      vertex 50.4823 34.3884 -6.5
    endloop
  endfacet
  facet normal 0 0 -1
    outer loop
      vertex 50.0609 34.1891 -6.5
      vertex 45.3 54 -6.5
      vertex 50.4813 34.388 -6.5
    endloop
  endfacet
  facet normal 0 0 -1
    outer loop
      vertex 49.662 33.95 -6.5
      vertex 45.3 54 -6.5
      vertex 50.0609 34.1891 -6.5
    endloop
  endfacet
  facet normal 0 0 -1
    outer loop
      vertex 49.6602 33.9488 -6.5
      vertex 45.3 54 -6.5
      vertex 49.661 33.9495 -6.5
    endloop
  endfacet
  facet normal 0 0 -1
    outer loop
      vertex 49.2858 33.6711 -6.5
      vertex 45.3 54 -6.5
      vertex 49.2866 33.6718 -6.5
    endloop
  endfacet
  facet normal 0 0 -1
    outer loop
      vertex 48.9412 33.3588 -6.5
      vertex 45.3 54 -6.5
      vertex 49.2858 33.6711 -6.5
    endloop
  endfacet
  facet normal 0 0 -1
    outer loop
      vertex 48.6289 33.0142 -6.5
      vertex 45.3 54 -6.5
      vertex 48.9412 33.3588 -6.5
    endloop
  endfacet
  facet normal 0 0 -1
    outer loop
      vertex 48.6282 33.0134 -6.5
      vertex 45.3 54 -6.5
      vertex 48.6289 33.0142 -6.5
    endloop
  endfacet
  facet normal 0 0 -1
    outer loop
      vertex 48.6276 33.0125 -6.5
      vertex 45.3 54 -6.5
      vertex 48.6282 33.0134 -6.5
    endloop
  endfacet
  facet normal 0 0 -1
    outer loop
      vertex 48.3505 32.639 -6.5
      vertex 45.3 54 -6.5
      vertex 48.6276 33.0125 -6.5
    endloop
  endfacet
  facet normal 0 0 -1
    outer loop
      vertex 48.35 32.638 -6.5
      vertex 45.3 54 -6.5
      vertex 48.3505 32.639 -6.5
    endloop
  endfacet
  facet normal 0 0 -1
    outer loop
      vertex 47.912 31.8187 -6.5
      vertex 45.3 54 -6.5
      vertex 48.1109 32.2391 -6.5
    endloop
  endfacet
  facet normal 0 0 -1
    outer loop
      vertex 47.7545 31.3789 -6.5
      vertex 45.3 54 -6.5
      vertex 47.9116 31.8177 -6.5
    endloop
  endfacet
  facet normal 0 0 -1
    outer loop
      vertex 47.6415 30.9277 -6.5
      vertex 45.3 54 -6.5
      vertex 47.7545 31.3789 -6.5
    endloop
  endfacet
  facet normal 0 0 -1
    outer loop
      vertex 47.6413 30.9267 -6.5
      vertex 45.3 54 -6.5
      vertex 47.6415 30.9277 -6.5
    endloop
  endfacet
  facet normal 0 0 -1
    outer loop
      vertex 47.6411 30.9256 -6.5
      vertex 45.3 54 -6.5
      vertex 47.6413 30.9267 -6.5
    endloop
  endfacet
  facet normal 0 0 -1
    outer loop
      vertex 47.5729 30.4656 -6.5
      vertex 45.3 54 -6.5
      vertex 47.6411 30.9256 -6.5
    endloop
  endfacet
  facet normal 0 0 -1
    outer loop
      vertex 47.5728 30.4645 -6.5
      vertex 45.3 54 -6.5
      vertex 47.5729 30.4656 -6.5
    endloop
  endfacet
  facet normal 1 0 0
    outer loop
      vertex 45.3 6.00002 0
      vertex 45.3 0 0
      vertex 45.3 6.00002 -6.5
    endloop
  endfacet
  facet normal 1 0 0
    outer loop
      vertex 45.3 31.9269 -35.95
      vertex 45.3 38.3192 -41.95
      vertex 45.3 40.5872 -40.95
    endloop
  endfacet
  facet normal 1 0 0
    outer loop
      vertex 45.3 29.659 -36.95
      vertex 45.3 31.9269 -35.95
      vertex 45.3 29.659 -34.95
    endloop
  endfacet
  facet normal 1 0 0
    outer loop
      vertex 45.3 31.9269 -35.95
      vertex 45.3 29.659 -36.95
      vertex 45.3 38.3192 -41.95
    endloop
  endfacet
  facet normal 1 -0 0
    outer loop
      vertex 45.3 24.9795 -34.95
      vertex 45.3 29.659 -36.95
      vertex 45.3 29.659 -34.95
    endloop
  endfacet
  facet normal 1 0 0
    outer loop
      vertex 45.3 24.9795 -34.95
      vertex 45.3 24.9795 -36.95
      vertex 45.3 29.659 -36.95
    endloop
  endfacet
  facet normal 1 0 0
    outer loop
      vertex 45.3 16.3192 -29.95
      vertex 45.3 24.9795 -36.95
      vertex 45.3 24.9795 -34.95
    endloop
  endfacet
  facet normal 1 0 0
    outer loop
      vertex 45.3 24.9795 -36.95
      vertex 45.3 16.3192 -29.95
      vertex 45.3 16.3192 -41.95
    endloop
  endfacet
  facet normal 1 0 0
    outer loop
      vertex 45.3 38.3192 -17.95
      vertex 45.3 31.9269 -23.95
      vertex 45.3 40.5872 -18.95
    endloop
  endfacet
  facet normal 1 0 -0
    outer loop
      vertex 45.3 31.9269 -23.95
      vertex 45.3 38.3192 -17.95
      vertex 45.3 29.659 -22.95
    endloop
  endfacet
  facet normal 1 0 0
    outer loop
      vertex 45.3 38.3192 -29.95
      vertex 45.3 31.9269 -35.95
      vertex 45.3 40.5872 -30.95
    endloop
  endfacet
  facet normal 1 0 -0
    outer loop
      vertex 45.3 31.9269 -35.95
      vertex 45.3 38.3192 -29.95
      vertex 45.3 29.659 -34.95
    endloop
  endfacet
  facet normal 1 0 0
    outer loop
      vertex 45.3 53.9269 -23.95
      vertex 45.3 47.5346 -29.95
      vertex 45.3 56.1949 -24.95
    endloop
  endfacet
  facet normal 1 0 -0
    outer loop
      vertex 45.3 47.5346 -29.95
      vertex 45.3 53.9269 -23.95
      vertex 45.3 45.2666 -28.95
    endloop
  endfacet
  facet normal 1 0 0
    outer loop
      vertex 45.3 53.9269 -35.95
      vertex 45.3 47.5346 -41.95
      vertex 45.3 56.1949 -36.95
    endloop
  endfacet
  facet normal 1 0 -0
    outer loop
      vertex 45.3 47.5346 -41.95
      vertex 45.3 53.9269 -35.95
      vertex 45.3 45.2666 -40.95
    endloop
  endfacet
  facet normal 1 0 0
    outer loop
      vertex 45.3 63.1423 -35.95
      vertex 45.3 69.5346 -41.95
      vertex 45.3 71.8026 -40.95
    endloop
  endfacet
  facet normal 1 0 0
    outer loop
      vertex 45.3 60.8743 -36.95
      vertex 45.3 63.1423 -35.95
      vertex 45.3 60.8743 -34.95
    endloop
  endfacet
  facet normal 1 0 0
    outer loop
      vertex 45.3 63.1423 -35.95
      vertex 45.3 60.8743 -36.95
      vertex 45.3 69.5346 -41.95
    endloop
  endfacet
  facet normal 1 -0 0
    outer loop
      vertex 45.3 56.1949 -34.95
      vertex 45.3 60.8743 -36.95
      vertex 45.3 60.8743 -34.95
    endloop
  endfacet
  facet normal 1 0 0
    outer loop
      vertex 45.3 56.1949 -34.95
      vertex 45.3 56.1949 -36.95
      vertex 45.3 60.8743 -36.95
    endloop
  endfacet
  facet normal 1 0 0
    outer loop
      vertex 45.3 56.1949 -34.95
      vertex 45.3 53.9269 -35.95
      vertex 45.3 56.1949 -36.95
    endloop
  endfacet
  facet normal 1 0 0
    outer loop
      vertex 45.3 47.5346 -29.95
      vertex 45.3 53.9269 -35.95
      vertex 45.3 56.1949 -34.95
    endloop
  endfacet
  facet normal 1 0 0
    outer loop
      vertex 45.3 45.2666 -30.95
      vertex 45.3 47.5346 -29.95
      vertex 45.3 45.2666 -28.95
    endloop
  endfacet
  facet normal 1 0 0
    outer loop
      vertex 45.3 47.5346 -29.95
      vertex 45.3 45.2666 -30.95
      vertex 45.3 53.9269 -35.95
    endloop
  endfacet
  facet normal 1 -0 0
    outer loop
      vertex 45.3 40.5872 -28.95
      vertex 45.3 45.2666 -30.95
      vertex 45.3 45.2666 -28.95
    endloop
  endfacet
  facet normal 1 0 0
    outer loop
      vertex 45.3 40.5872 -28.95
      vertex 45.3 40.5872 -30.95
      vertex 45.3 45.2666 -30.95
    endloop
  endfacet
  facet normal 1 0 0
    outer loop
      vertex 45.3 40.5872 -28.95
      vertex 45.3 38.3192 -29.95
      vertex 45.3 40.5872 -30.95
    endloop
  endfacet
  facet normal 1 0 0
    outer loop
      vertex 45.3 31.9269 -23.95
      vertex 45.3 38.3192 -29.95
      vertex 45.3 40.5872 -28.95
    endloop
  endfacet
  facet normal 1 0 0
    outer loop
      vertex 45.3 29.659 -24.95
      vertex 45.3 31.9269 -23.95
      vertex 45.3 29.659 -22.95
    endloop
  endfacet
  facet normal 1 0 0
    outer loop
      vertex 45.3 31.9269 -23.95
      vertex 45.3 29.659 -24.95
      vertex 45.3 38.3192 -29.95
    endloop
  endfacet
  facet normal 1 -0 0
    outer loop
      vertex 45.3 24.9795 -22.95
      vertex 45.3 29.659 -24.95
      vertex 45.3 29.659 -22.95
    endloop
  endfacet
  facet normal 1 0 0
    outer loop
      vertex 45.3 24.9795 -22.95
      vertex 45.3 24.9795 -24.95
      vertex 45.3 29.659 -24.95
    endloop
  endfacet
  facet normal 1 0 0
    outer loop
      vertex 45.3 16.3192 -17.95
      vertex 45.3 24.9795 -24.95
      vertex 45.3 24.9795 -22.95
    endloop
  endfacet
  facet normal 1 0 0
    outer loop
      vertex 45.3 24.9795 -24.95
      vertex 45.3 16.3192 -17.95
      vertex 45.3 16.3192 -29.95
    endloop
  endfacet
  facet normal 1 0 0
    outer loop
      vertex 45.3 69.5346 -17.95
      vertex 45.3 63.1423 -23.95
      vertex 45.3 71.8026 -18.95
    endloop
  endfacet
  facet normal 1 0 -0
    outer loop
      vertex 45.3 63.1423 -23.95
      vertex 45.3 69.5346 -17.95
      vertex 45.3 60.8743 -22.95
    endloop
  endfacet
  facet normal 1 0 0
    outer loop
      vertex 45.3 69.5346 -29.95
      vertex 45.3 63.1423 -35.95
      vertex 45.3 71.8026 -30.95
    endloop
  endfacet
  facet normal 1 0 -0
    outer loop
      vertex 45.3 63.1423 -35.95
      vertex 45.3 69.5346 -29.95
      vertex 45.3 60.8743 -34.95
    endloop
  endfacet
  facet normal 1 0 0
    outer loop
      vertex 45.3 85.1423 -23.95
      vertex 45.3 78.75 -29.95
      vertex 45.3 87.4103 -24.95
    endloop
  endfacet
  facet normal 1 0 -0
    outer loop
      vertex 45.3 78.75 -29.95
      vertex 45.3 85.1423 -23.95
      vertex 45.3 76.482 -28.95
    endloop
  endfacet
  facet normal 1 0 0
    outer loop
      vertex 45.3 85.1423 -35.95
      vertex 45.3 78.75 -41.95
      vertex 45.3 87.4103 -36.95
    endloop
  endfacet
  facet normal 1 0 -0
    outer loop
      vertex 45.3 78.75 -41.95
      vertex 45.3 85.1423 -35.95
      vertex 45.3 76.482 -40.95
    endloop
  endfacet
  facet normal 1 0 0
    outer loop
      vertex 45.3 94.3577 -35.95
      vertex 45.3 100.75 -41.95
      vertex 45.3 103.018 -40.95
    endloop
  endfacet
  facet normal 1 0 0
    outer loop
      vertex 45.3 92.0897 -36.95
      vertex 45.3 94.3577 -35.95
      vertex 45.3 92.0897 -34.95
    endloop
  endfacet
  facet normal 1 0 0
    outer loop
      vertex 45.3 94.3577 -35.95
      vertex 45.3 92.0897 -36.95
      vertex 45.3 100.75 -41.95
    endloop
  endfacet
  facet normal 1 -0 0
    outer loop
      vertex 45.3 87.4103 -34.95
      vertex 45.3 92.0897 -36.95
      vertex 45.3 92.0897 -34.95
    endloop
  endfacet
  facet normal 1 0 0
    outer loop
      vertex 45.3 87.4103 -34.95
      vertex 45.3 87.4103 -36.95
      vertex 45.3 92.0897 -36.95
    endloop
  endfacet
  facet normal 1 0 0
    outer loop
      vertex 45.3 87.4103 -34.95
      vertex 45.3 85.1423 -35.95
      vertex 45.3 87.4103 -36.95
    endloop
  endfacet
  facet normal 1 0 0
    outer loop
      vertex 45.3 78.75 -29.95
      vertex 45.3 85.1423 -35.95
      vertex 45.3 87.4103 -34.95
    endloop
  endfacet
  facet normal 1 0 0
    outer loop
      vertex 45.3 76.482 -30.95
      vertex 45.3 78.75 -29.95
      vertex 45.3 76.482 -28.95
    endloop
  endfacet
  facet normal 1 0 0
    outer loop
      vertex 45.3 78.75 -29.95
      vertex 45.3 76.482 -30.95
      vertex 45.3 85.1423 -35.95
    endloop
  endfacet
  facet normal 1 -0 0
    outer loop
      vertex 45.3 71.8026 -28.95
      vertex 45.3 76.482 -30.95
      vertex 45.3 76.482 -28.95
    endloop
  endfacet
  facet normal 1 0 0
    outer loop
      vertex 45.3 71.8026 -28.95
      vertex 45.3 71.8026 -30.95
      vertex 45.3 76.482 -30.95
    endloop
  endfacet
  facet normal 1 0 0
    outer loop
      vertex 45.3 71.8026 -28.95
      vertex 45.3 69.5346 -29.95
      vertex 45.3 71.8026 -30.95
    endloop
  endfacet
  facet normal 1 0 0
    outer loop
      vertex 45.3 63.1423 -23.95
      vertex 45.3 69.5346 -29.95
      vertex 45.3 71.8026 -28.95
    endloop
  endfacet
  facet normal 1 0 0
    outer loop
      vertex 45.3 60.8743 -24.95
      vertex 45.3 63.1423 -23.95
      vertex 45.3 60.8743 -22.95
    endloop
  endfacet
  facet normal 1 0 0
    outer loop
      vertex 45.3 63.1423 -23.95
      vertex 45.3 60.8743 -24.95
      vertex 45.3 69.5346 -29.95
    endloop
  endfacet
  facet normal 1 -0 0
    outer loop
      vertex 45.3 56.1949 -22.95
      vertex 45.3 60.8743 -24.95
      vertex 45.3 60.8743 -22.95
    endloop
  endfacet
  facet normal 1 0 0
    outer loop
      vertex 45.3 56.1949 -22.95
      vertex 45.3 56.1949 -24.95
      vertex 45.3 60.8743 -24.95
    endloop
  endfacet
  facet normal 1 0 0
    outer loop
      vertex 45.3 56.1949 -22.95
      vertex 45.3 53.9269 -23.95
      vertex 45.3 56.1949 -24.95
    endloop
  endfacet
  facet normal 1 0 0
    outer loop
      vertex 45.3 47.5346 -17.95
      vertex 45.3 53.9269 -23.95
      vertex 45.3 56.1949 -22.95
    endloop
  endfacet
  facet normal 1 0 0
    outer loop
      vertex 45.3 53.9269 -23.95
      vertex 45.3 47.5346 -17.95
      vertex 45.3 45.2666 -18.95
    endloop
  endfacet
  facet normal 1 0 0
    outer loop
      vertex 45.3 100.75 -17.95
      vertex 45.3 94.3577 -23.95
      vertex 45.3 103.018 -18.95
    endloop
  endfacet
  facet normal 1 0 -0
    outer loop
      vertex 45.3 94.3577 -23.95
      vertex 45.3 100.75 -17.95
      vertex 45.3 92.0897 -22.95
    endloop
  endfacet
  facet normal 1 0 0
    outer loop
      vertex 45.3 100.75 -29.95
      vertex 45.3 94.3577 -35.95
      vertex 45.3 103.018 -30.95
    endloop
  endfacet
  facet normal 1 0 -0
    outer loop
      vertex 45.3 94.3577 -35.95
      vertex 45.3 100.75 -29.95
      vertex 45.3 92.0897 -34.95
    endloop
  endfacet
  facet normal 1 -0 0
    outer loop
      vertex 45.3 118.626 -46.95
      vertex 45.3 123.287 -56.9
      vertex 45.3 123.305 -46.95
    endloop
  endfacet
  facet normal 1 0 0
    outer loop
      vertex 45.3 118.626 -46.95
      vertex 45.3 111.287 -56.9
      vertex 45.3 123.287 -56.9
    endloop
  endfacet
  facet normal 1 -0 0
    outer loop
      vertex 45.3 100.75 -41.95
      vertex 45.3 111.287 -56.9
      vertex 45.3 109.965 -41.95
    endloop
  endfacet
  facet normal 1 0 0
    outer loop
      vertex 45.3 109.965 -41.95
      vertex 45.3 111.287 -56.9
      vertex 45.3 118.626 -46.95
    endloop
  endfacet
  facet normal 1 0 0
    outer loop
      vertex 45.3 118.626 -12.95
      vertex 45.3 125.5 -6.5
      vertex 45.3 125.5 0
    endloop
  endfacet
  facet normal 1 0 0
    outer loop
      vertex 45.3 125.5 -6.5
      vertex 45.3 118.626 -12.95
      vertex 45.3 123.305 -12.95
    endloop
  endfacet
  facet normal 1 0 0
    outer loop
      vertex 45.3 92.0897 -12.95
      vertex 45.3 118.626 -12.95
      vertex 45.3 125.5 0
    endloop
  endfacet
  facet normal 1 0 0
    outer loop
      vertex 45.3 118.626 -12.95
      vertex 45.3 92.0897 -12.95
      vertex 45.3 109.965 -17.95
    endloop
  endfacet
  facet normal 1 0 0
    outer loop
      vertex 45.3 109.965 -17.95
      vertex 45.3 100.75 -17.95
      vertex 45.3 107.697 -18.95
    endloop
  endfacet
  facet normal 1 0 0
    outer loop
      vertex 45.3 107.697 -18.95
      vertex 45.3 100.75 -17.95
      vertex 45.3 103.018 -18.95
    endloop
  endfacet
  facet normal 1 0 0
    outer loop
      vertex 45.3 109.965 -17.95
      vertex 45.3 92.0897 -12.95
      vertex 45.3 100.75 -17.95
    endloop
  endfacet
  facet normal 1 0 0
    outer loop
      vertex 45.3 125.5 0
      vertex 45.3 87.4103 -12.95
      vertex 45.3 92.0897 -12.95
    endloop
  endfacet
  facet normal 1 0 0
    outer loop
      vertex 45.3 69.5346 -17.95
      vertex 45.3 78.75 -17.95
      vertex 45.3 87.4103 -12.95
    endloop
  endfacet
  facet normal 1 0 0
    outer loop
      vertex 45.3 78.75 -17.95
      vertex 45.3 69.5346 -17.95
      vertex 45.3 76.482 -18.95
    endloop
  endfacet
  facet normal 1 0 0
    outer loop
      vertex 45.3 76.482 -18.95
      vertex 45.3 69.5346 -17.95
      vertex 45.3 71.8026 -18.95
    endloop
  endfacet
  facet normal 1 -0 0
    outer loop
      vertex 45.3 54 0
      vertex 45.3 87.4103 -12.95
      vertex 45.3 125.5 0
    endloop
  endfacet
  facet normal 1 0 -0
    outer loop
      vertex 45.3 60.8743 -12.95
      vertex 45.3 87.4103 -12.95
      vertex 45.3 54 0
    endloop
  endfacet
  facet normal 1 0 0
    outer loop
      vertex 45.3 87.4103 -12.95
      vertex 45.3 60.8743 -12.95
      vertex 45.3 69.5346 -17.95
    endloop
  endfacet
  facet normal 1 -0 0
    outer loop
      vertex 45.3 54 -6.5
      vertex 45.3 60.8743 -12.95
      vertex 45.3 54 0
    endloop
  endfacet
  facet normal 1 0 0
    outer loop
      vertex 45.3 60.8743 -12.95
      vertex 45.3 54 -6.5
      vertex 45.3 56.1949 -12.95
    endloop
  endfacet
  facet normal 1 0 0
    outer loop
      vertex 45.3 54 -6.5
      vertex 45.3 47.5346 -17.95
      vertex 45.3 56.1949 -12.95
    endloop
  endfacet
  facet normal 1 0 0
    outer loop
      vertex 45.3 38.3192 -17.95
      vertex 45.3 47.5346 -17.95
      vertex 45.3 54 -6.5
    endloop
  endfacet
  facet normal 1 0 0
    outer loop
      vertex 45.3 47.5346 -17.95
      vertex 45.3 38.3192 -17.95
      vertex 45.3 45.2666 -18.95
    endloop
  endfacet
  facet normal 1 0 0
    outer loop
      vertex 45.3 45.2666 -18.95
      vertex 45.3 38.3192 -17.95
      vertex 45.3 40.5872 -18.95
    endloop
  endfacet
  facet normal 1 0 0
    outer loop
      vertex 45.3 54 -6.5
      vertex 45.3 29.659 -12.95
      vertex 45.3 38.3192 -17.95
    endloop
  endfacet
  facet normal 1 -0 0
    outer loop
      vertex 45.3 6.00002 -6.5
      vertex 45.3 29.659 -12.95
      vertex 45.3 54 -6.5
    endloop
  endfacet
  facet normal 1 0 0
    outer loop
      vertex 45.3 6.00002 -6.5
      vertex 45.3 16.3192 -29.95
      vertex 45.3 16.3192 -17.95
    endloop
  endfacet
  facet normal 1 0 0
    outer loop
      vertex 45.3 0 -60.9
      vertex 45.3 16.3192 -29.95
      vertex 45.3 6.00002 -6.5
    endloop
  endfacet
  facet normal 1 0 0
    outer loop
      vertex 45.3 24.9795 -12.95
      vertex 45.3 6.00002 -6.5
      vertex 45.3 16.3192 -17.95
    endloop
  endfacet
  facet normal 1 0 0
    outer loop
      vertex 45.3 29.659 -12.95
      vertex 45.3 6.00002 -6.5
      vertex 45.3 24.9795 -12.95
    endloop
  endfacet
  facet normal 1 0 0
    outer loop
      vertex 45.3 116.358 -23.95
      vertex 45.3 109.965 -29.95
      vertex 45.3 118.626 -24.95
    endloop
  endfacet
  facet normal 1 0 -0
    outer loop
      vertex 45.3 109.965 -29.95
      vertex 45.3 116.358 -23.95
      vertex 45.3 107.697 -28.95
    endloop
  endfacet
  facet normal 1 0 0
    outer loop
      vertex 45.3 116.358 -35.95
      vertex 45.3 109.965 -41.95
      vertex 45.3 118.626 -36.95
    endloop
  endfacet
  facet normal 1 0 -0
    outer loop
      vertex 45.3 109.965 -41.95
      vertex 45.3 116.358 -35.95
      vertex 45.3 107.697 -40.95
    endloop
  endfacet
  facet normal 1 0 0
    outer loop
      vertex 45.3 125.573 -35.95
      vertex 45.3 131.965 -41.95
      vertex 45.3 134.233 -40.95
    endloop
  endfacet
  facet normal 1 0 0
    outer loop
      vertex 45.3 123.305 -36.95
      vertex 45.3 125.573 -35.95
      vertex 45.3 123.305 -34.95
    endloop
  endfacet
  facet normal 1 0 0
    outer loop
      vertex 45.3 125.573 -35.95
      vertex 45.3 123.305 -36.95
      vertex 45.3 131.965 -41.95
    endloop
  endfacet
  facet normal 1 -0 0
    outer loop
      vertex 45.3 118.626 -34.95
      vertex 45.3 123.305 -36.95
      vertex 45.3 123.305 -34.95
    endloop
  endfacet
  facet normal 1 0 0
    outer loop
      vertex 45.3 118.626 -34.95
      vertex 45.3 118.626 -36.95
      vertex 45.3 123.305 -36.95
    endloop
  endfacet
  facet normal 1 0 0
    outer loop
      vertex 45.3 118.626 -34.95
      vertex 45.3 116.358 -35.95
      vertex 45.3 118.626 -36.95
    endloop
  endfacet
  facet normal 1 0 0
    outer loop
      vertex 45.3 109.965 -29.95
      vertex 45.3 116.358 -35.95
      vertex 45.3 118.626 -34.95
    endloop
  endfacet
  facet normal 1 0 0
    outer loop
      vertex 45.3 107.697 -30.95
      vertex 45.3 109.965 -29.95
      vertex 45.3 107.697 -28.95
    endloop
  endfacet
  facet normal 1 0 0
    outer loop
      vertex 45.3 109.965 -29.95
      vertex 45.3 107.697 -30.95
      vertex 45.3 116.358 -35.95
    endloop
  endfacet
  facet normal 1 -0 0
    outer loop
      vertex 45.3 103.018 -28.95
      vertex 45.3 107.697 -30.95
      vertex 45.3 107.697 -28.95
    endloop
  endfacet
  facet normal 1 0 0
    outer loop
      vertex 45.3 103.018 -28.95
      vertex 45.3 103.018 -30.95
      vertex 45.3 107.697 -30.95
    endloop
  endfacet
  facet normal 1 0 0
    outer loop
      vertex 45.3 103.018 -28.95
      vertex 45.3 100.75 -29.95
      vertex 45.3 103.018 -30.95
    endloop
  endfacet
  facet normal 1 0 0
    outer loop
      vertex 45.3 94.3577 -23.95
      vertex 45.3 100.75 -29.95
      vertex 45.3 103.018 -28.95
    endloop
  endfacet
  facet normal 1 0 0
    outer loop
      vertex 45.3 92.0897 -24.95
      vertex 45.3 94.3577 -23.95
      vertex 45.3 92.0897 -22.95
    endloop
  endfacet
  facet normal 1 0 0
    outer loop
      vertex 45.3 94.3577 -23.95
      vertex 45.3 92.0897 -24.95
      vertex 45.3 100.75 -29.95
    endloop
  endfacet
  facet normal 1 -0 0
    outer loop
      vertex 45.3 87.4103 -22.95
      vertex 45.3 92.0897 -24.95
      vertex 45.3 92.0897 -22.95
    endloop
  endfacet
  facet normal 1 0 0
    outer loop
      vertex 45.3 87.4103 -22.95
      vertex 45.3 87.4103 -24.95
      vertex 45.3 92.0897 -24.95
    endloop
  endfacet
  facet normal 1 0 0
    outer loop
      vertex 45.3 87.4103 -22.95
      vertex 45.3 85.1423 -23.95
      vertex 45.3 87.4103 -24.95
    endloop
  endfacet
  facet normal 1 0 0
    outer loop
      vertex 45.3 78.75 -17.95
      vertex 45.3 85.1423 -23.95
      vertex 45.3 87.4103 -22.95
    endloop
  endfacet
  facet normal 1 0 0
    outer loop
      vertex 45.3 85.1423 -23.95
      vertex 45.3 78.75 -17.95
      vertex 45.3 76.482 -18.95
    endloop
  endfacet
  facet normal 1 0 0
    outer loop
      vertex 45.3 131.965 -17.95
      vertex 45.3 125.573 -23.95
      vertex 45.3 134.233 -18.95
    endloop
  endfacet
  facet normal 1 0 -0
    outer loop
      vertex 45.3 125.573 -23.95
      vertex 45.3 131.965 -17.95
      vertex 45.3 123.305 -22.95
    endloop
  endfacet
  facet normal 1 0 0
    outer loop
      vertex 45.3 131.965 -29.95
      vertex 45.3 125.573 -35.95
      vertex 45.3 134.233 -30.95
    endloop
  endfacet
  facet normal 1 0 -0
    outer loop
      vertex 45.3 125.573 -35.95
      vertex 45.3 131.965 -29.95
      vertex 45.3 123.305 -34.95
    endloop
  endfacet
  facet normal 1 -0 0
    outer loop
      vertex 45.3 154.52 -34.95
      vertex 45.3 163.181 -41.95
      vertex 45.3 163.181 -29.95
    endloop
  endfacet
  facet normal 1 0 0
    outer loop
      vertex 45.3 154.52 -34.95
      vertex 45.3 154.52 -36.95
      vertex 45.3 163.181 -41.95
    endloop
  endfacet
  facet normal 1 -0 0
    outer loop
      vertex 45.3 149.841 -34.95
      vertex 45.3 154.52 -36.95
      vertex 45.3 154.52 -34.95
    endloop
  endfacet
  facet normal 1 0 0
    outer loop
      vertex 45.3 149.841 -34.95
      vertex 45.3 149.841 -36.95
      vertex 45.3 154.52 -36.95
    endloop
  endfacet
  facet normal 1 0 0
    outer loop
      vertex 45.3 149.841 -34.95
      vertex 45.3 147.573 -35.95
      vertex 45.3 149.841 -36.95
    endloop
  endfacet
  facet normal 1 0 0
    outer loop
      vertex 45.3 141.181 -29.95
      vertex 45.3 147.573 -35.95
      vertex 45.3 149.841 -34.95
    endloop
  endfacet
  facet normal 1 0 0
    outer loop
      vertex 45.3 138.913 -30.95
      vertex 45.3 141.181 -29.95
      vertex 45.3 138.913 -28.95
    endloop
  endfacet
  facet normal 1 0 0
    outer loop
      vertex 45.3 141.181 -29.95
      vertex 45.3 138.913 -30.95
      vertex 45.3 147.573 -35.95
    endloop
  endfacet
  facet normal 1 -0 0
    outer loop
      vertex 45.3 134.233 -28.95
      vertex 45.3 138.913 -30.95
      vertex 45.3 138.913 -28.95
    endloop
  endfacet
  facet normal 1 0 0
    outer loop
      vertex 45.3 134.233 -28.95
      vertex 45.3 134.233 -30.95
      vertex 45.3 138.913 -30.95
    endloop
  endfacet
  facet normal 1 0 0
    outer loop
      vertex 45.3 134.233 -28.95
      vertex 45.3 131.965 -29.95
      vertex 45.3 134.233 -30.95
    endloop
  endfacet
  facet normal 1 0 0
    outer loop
      vertex 45.3 125.573 -23.95
      vertex 45.3 131.965 -29.95
      vertex 45.3 134.233 -28.95
    endloop
  endfacet
  facet normal 1 0 0
    outer loop
      vertex 45.3 123.305 -24.95
      vertex 45.3 125.573 -23.95
      vertex 45.3 123.305 -22.95
    endloop
  endfacet
  facet normal 1 0 0
    outer loop
      vertex 45.3 125.573 -23.95
      vertex 45.3 123.305 -24.95
      vertex 45.3 131.965 -29.95
    endloop
  endfacet
  facet normal 1 -0 0
    outer loop
      vertex 45.3 118.626 -22.95
      vertex 45.3 123.305 -24.95
      vertex 45.3 123.305 -22.95
    endloop
  endfacet
  facet normal 1 0 0
    outer loop
      vertex 45.3 118.626 -22.95
      vertex 45.3 118.626 -24.95
      vertex 45.3 123.305 -24.95
    endloop
  endfacet
  facet normal 1 0 0
    outer loop
      vertex 45.3 118.626 -22.95
      vertex 45.3 116.358 -23.95
      vertex 45.3 118.626 -24.95
    endloop
  endfacet
  facet normal 1 0 0
    outer loop
      vertex 45.3 109.965 -17.95
      vertex 45.3 116.358 -23.95
      vertex 45.3 118.626 -22.95
    endloop
  endfacet
  facet normal 1 0 0
    outer loop
      vertex 45.3 116.358 -23.95
      vertex 45.3 109.965 -17.95
      vertex 45.3 107.697 -18.95
    endloop
  endfacet
  facet normal 1 -0 0
    outer loop
      vertex 45.3 154.52 -22.95
      vertex 45.3 163.181 -29.95
      vertex 45.3 163.181 -17.95
    endloop
  endfacet
  facet normal 1 0 0
    outer loop
      vertex 45.3 154.52 -22.95
      vertex 45.3 154.52 -24.95
      vertex 45.3 163.181 -29.95
    endloop
  endfacet
  facet normal 1 -0 0
    outer loop
      vertex 45.3 149.841 -22.95
      vertex 45.3 154.52 -24.95
      vertex 45.3 154.52 -22.95
    endloop
  endfacet
  facet normal 1 0 0
    outer loop
      vertex 45.3 149.841 -22.95
      vertex 45.3 149.841 -24.95
      vertex 45.3 154.52 -24.95
    endloop
  endfacet
  facet normal 1 0 0
    outer loop
      vertex 45.3 149.841 -22.95
      vertex 45.3 147.573 -23.95
      vertex 45.3 149.841 -24.95
    endloop
  endfacet
  facet normal 1 0 0
    outer loop
      vertex 45.3 141.181 -17.95
      vertex 45.3 147.573 -23.95
      vertex 45.3 149.841 -22.95
    endloop
  endfacet
  facet normal 1 0 0
    outer loop
      vertex 45.3 147.573 -23.95
      vertex 45.3 141.181 -17.95
      vertex 45.3 138.913 -18.95
    endloop
  endfacet
  facet normal 1 0 0
    outer loop
      vertex 45.3 173.5 -6.5
      vertex 45.3 154.52 -12.95
      vertex 45.3 163.181 -17.95
    endloop
  endfacet
  facet normal 1 0 0
    outer loop
      vertex 45.3 173.5 -6.5
      vertex 45.3 149.841 -12.95
      vertex 45.3 154.52 -12.95
    endloop
  endfacet
  facet normal 1 0 0
    outer loop
      vertex 45.3 125.5 -6.5
      vertex 45.3 141.181 -17.95
      vertex 45.3 149.841 -12.95
    endloop
  endfacet
  facet normal 1 0 -0
    outer loop
      vertex 45.3 131.965 -17.95
      vertex 45.3 141.181 -17.95
      vertex 45.3 125.5 -6.5
    endloop
  endfacet
  facet normal 1 0 0
    outer loop
      vertex 45.3 141.181 -17.95
      vertex 45.3 131.965 -17.95
      vertex 45.3 138.913 -18.95
    endloop
  endfacet
  facet normal 1 -0 0
    outer loop
      vertex 45.3 125.5 -6.5
      vertex 45.3 149.841 -12.95
      vertex 45.3 173.5 -6.5
    endloop
  endfacet
  facet normal 1 0 0
    outer loop
      vertex 45.3 138.913 -18.95
      vertex 45.3 131.965 -17.95
      vertex 45.3 134.233 -18.95
    endloop
  endfacet
  facet normal 1 0 0
    outer loop
      vertex 45.3 131.965 -17.95
      vertex 45.3 125.5 -6.5
      vertex 45.3 123.305 -12.95
    endloop
  endfacet
  facet normal 1 0 0
    outer loop
      vertex 45.3 173.5 -6.5
      vertex 45.3 179.5 0
      vertex 45.3 173.5 0
    endloop
  endfacet
  facet normal 1 0 0
    outer loop
      vertex 45.3 179.5 0
      vertex 45.3 173.5 -6.5
      vertex 45.3 179.5 -60.9
    endloop
  endfacet
  facet normal 1 0 0
    outer loop
      vertex 45.3 163.181 -29.95
      vertex 45.3 173.5 -6.5
      vertex 45.3 163.181 -17.95
    endloop
  endfacet
  facet normal 1 0 0
    outer loop
      vertex 45.3 173.5 -6.5
      vertex 45.3 163.181 -29.95
      vertex 45.3 179.5 -60.9
    endloop
  endfacet
  facet normal 1 -0 0
    outer loop
      vertex 45.3 163.181 -41.95
      vertex 45.3 179.5 -60.9
      vertex 45.3 163.181 -29.95
    endloop
  endfacet
  facet normal 1 -0 0
    outer loop
      vertex 45.3 154.52 -46.95
      vertex 45.3 179.5 -60.9
      vertex 45.3 163.181 -41.95
    endloop
  endfacet
  facet normal 1 -0 0
    outer loop
      vertex 45.3 149.841 -46.95
      vertex 45.3 179.5 -60.9
      vertex 45.3 154.52 -46.95
    endloop
  endfacet
  facet normal 1 0 0
    outer loop
      vertex 45.3 131.965 -41.95
      vertex 45.3 141.181 -41.95
      vertex 45.3 138.913 -40.95
    endloop
  endfacet
  facet normal 1 0 0
    outer loop
      vertex 45.3 131.965 -41.95
      vertex 45.3 138.913 -40.95
      vertex 45.3 134.233 -40.95
    endloop
  endfacet
  facet normal 1 0 0
    outer loop
      vertex 45.3 141.181 -41.95
      vertex 45.3 131.965 -41.95
      vertex 45.3 123.287 -56.9
    endloop
  endfacet
  facet normal 1 0 0
    outer loop
      vertex 45.3 141.181 -41.95
      vertex 45.3 123.287 -56.9
      vertex 45.3 149.841 -46.95
    endloop
  endfacet
  facet normal 1 0 0
    outer loop
      vertex 45.3 123.287 -56.9
      vertex 45.3 131.965 -41.95
      vertex 45.3 123.305 -46.95
    endloop
  endfacet
  facet normal 1 0 0
    outer loop
      vertex 45.3 149.841 -46.95
      vertex 45.3 123.287 -56.9
      vertex 45.3 123.287 -59.9
    endloop
  endfacet
  facet normal 1 0 0
    outer loop
      vertex 45.3 149.841 -46.95
      vertex 45.3 123.287 -59.9
      vertex 45.3 179.5 -60.9
    endloop
  endfacet
  facet normal 1 -0 0
    outer loop
      vertex 45.3 111.287 -59.9
      vertex 45.3 179.5 -60.9
      vertex 45.3 123.287 -59.9
    endloop
  endfacet
  facet normal 1 0 0
    outer loop
      vertex 45.3 100.75 -41.95
      vertex 45.3 109.965 -41.95
      vertex 45.3 107.697 -40.95
    endloop
  endfacet
  facet normal 1 0 0
    outer loop
      vertex 45.3 100.75 -41.95
      vertex 45.3 107.697 -40.95
      vertex 45.3 103.018 -40.95
    endloop
  endfacet
  facet normal 1 -0 0
    outer loop
      vertex 45.3 92.0897 -46.95
      vertex 45.3 111.287 -56.9
      vertex 45.3 100.75 -41.95
    endloop
  endfacet
  facet normal 1 0 0
    outer loop
      vertex 45.3 111.287 -56.9
      vertex 45.3 92.0897 -46.95
      vertex 45.3 111.287 -59.9
    endloop
  endfacet
  facet normal 1 -0 0
    outer loop
      vertex 45.3 87.4103 -46.95
      vertex 45.3 111.287 -59.9
      vertex 45.3 92.0897 -46.95
    endloop
  endfacet
  facet normal 1 0 0
    outer loop
      vertex 45.3 69.5346 -41.95
      vertex 45.3 78.75 -41.95
      vertex 45.3 76.482 -40.95
    endloop
  endfacet
  facet normal 1 0 0
    outer loop
      vertex 45.3 69.5346 -41.95
      vertex 45.3 76.482 -40.95
      vertex 45.3 71.8026 -40.95
    endloop
  endfacet
  facet normal 1 0 0
    outer loop
      vertex 45.3 78.75 -41.95
      vertex 45.3 69.5346 -41.95
      vertex 45.3 87.4103 -46.95
    endloop
  endfacet
  facet normal 1 0 0
    outer loop
      vertex 45.3 60.8743 -46.95
      vertex 45.3 87.4103 -46.95
      vertex 45.3 69.5346 -41.95
    endloop
  endfacet
  facet normal 1 0 0
    outer loop
      vertex 45.3 87.4103 -46.95
      vertex 45.3 60.8743 -46.95
      vertex 45.3 111.287 -59.9
    endloop
  endfacet
  facet normal 1 -0 0
    outer loop
      vertex 45.3 56.1949 -46.95
      vertex 45.3 111.287 -59.9
      vertex 45.3 60.8743 -46.95
    endloop
  endfacet
  facet normal 1 0 0
    outer loop
      vertex 45.3 38.3192 -41.95
      vertex 45.3 47.5346 -41.95
      vertex 45.3 45.2666 -40.95
    endloop
  endfacet
  facet normal 1 0 0
    outer loop
      vertex 45.3 38.3192 -41.95
      vertex 45.3 45.2666 -40.95
      vertex 45.3 40.5872 -40.95
    endloop
  endfacet
  facet normal 1 0 0
    outer loop
      vertex 45.3 47.5346 -41.95
      vertex 45.3 38.3192 -41.95
      vertex 45.3 56.1949 -46.95
    endloop
  endfacet
  facet normal 1 0 0
    outer loop
      vertex 45.3 29.659 -46.95
      vertex 45.3 56.1949 -46.95
      vertex 45.3 38.3192 -41.95
    endloop
  endfacet
  facet normal 1 0 0
    outer loop
      vertex 45.3 0 -60.9
      vertex 45.3 56.1949 -46.95
      vertex 45.3 29.659 -46.95
    endloop
  endfacet
  facet normal 1 0 0
    outer loop
      vertex 45.3 0 -60.9
      vertex 45.3 29.659 -46.95
      vertex 45.3 24.9795 -46.95
    endloop
  endfacet
  facet normal 1 0 0
    outer loop
      vertex 45.3 0 -60.9
      vertex 45.3 6.00002 -6.5
      vertex 45.3 0 0
    endloop
  endfacet
  facet normal 1 0 0
    outer loop
      vertex 45.3 111.287 -59.9
      vertex 45.3 0 -60.9
      vertex 45.3 179.5 -60.9
    endloop
  endfacet
  facet normal 1 0 0
    outer loop
      vertex 45.3 56.1949 -46.95
      vertex 45.3 0 -60.9
      vertex 45.3 111.287 -59.9
    endloop
  endfacet
  facet normal 1 0 0
    outer loop
      vertex 45.3 16.3192 -41.95
      vertex 45.3 0 -60.9
      vertex 45.3 24.9795 -46.95
    endloop
  endfacet
  facet normal 1 0 0
    outer loop
      vertex 45.3 16.3192 -29.95
      vertex 45.3 0 -60.9
      vertex 45.3 16.3192 -41.95
    endloop
  endfacet
  facet normal 1 0 0
    outer loop
      vertex 45.3 147.573 -23.95
      vertex 45.3 141.181 -29.95
      vertex 45.3 149.841 -24.95
    endloop
  endfacet
  facet normal 1 0 -0
    outer loop
      vertex 45.3 141.181 -29.95
      vertex 45.3 147.573 -23.95
      vertex 45.3 138.913 -28.95
    endloop
  endfacet
  facet normal 1 0 0
    outer loop
      vertex 45.3 147.573 -35.95
      vertex 45.3 141.181 -41.95
      vertex 45.3 149.841 -36.95
    endloop
  endfacet
  facet normal 1 0 -0
    outer loop
      vertex 45.3 141.181 -41.95
      vertex 45.3 147.573 -35.95
      vertex 45.3 138.913 -40.95
    endloop
  endfacet
  facet normal 0.83205 0.5547 0
    outer loop
      vertex 59.3 33 0
      vertex 45.3 54 -6.5
      vertex 45.3 54 0
    endloop
  endfacet
  facet normal 0.83205 0.5547 0
    outer loop
      vertex 45.3 54 -6.5
      vertex 59.3 33 0
      vertex 59.3 33 -6.5
    endloop
  endfacet
  facet normal 1 -0 0
    outer loop
      vertex 59.3 27 0
      vertex 59.3 33 -6.5
      vertex 59.3 33 0
    endloop
  endfacet
  facet normal 1 0 0
    outer loop
      vertex 59.3 33 -6.5
      vertex 59.3 27 0
      vertex 59.3 27 -6.5
    endloop
  endfacet
  facet normal 0.83205 -0.554701 0
    outer loop
      vertex 45.3 6.00002 0
      vertex 59.3 27 -6.5
      vertex 59.3 27 0
    endloop
  endfacet
  facet normal 0.83205 -0.554701 0
    outer loop
      vertex 59.3 27 -6.5
      vertex 45.3 6.00002 0
      vertex 45.3 6.00002 -6.5
    endloop
  endfacet
  facet normal 0 0 -1
    outer loop
      vertex 59.3 146.5 -6.5
      vertex 57.05 149.5 -6.5
      vertex 59.3 152.5 -6.5
    endloop
  endfacet
  facet normal 0 0 -1
    outer loop
      vertex 59.3 146.5 -6.5
      vertex 57.0272 149.036 -6.5
      vertex 57.05 149.5 -6.5
    endloop
  endfacet
  facet normal 0 0 -1
    outer loop
      vertex 59.3 146.5 -6.5
      vertex 57.0271 149.034 -6.5
      vertex 57.0272 149.036 -6.5
    endloop
  endfacet
  facet normal 0 0 -1
    outer loop
      vertex 59.3 146.5 -6.5
      vertex 57.027 149.033 -6.5
      vertex 57.0271 149.034 -6.5
    endloop
  endfacet
  facet normal 0 0 -1
    outer loop
      vertex 59.3 146.5 -6.5
      vertex 56.9587 148.573 -6.5
      vertex 57.027 149.033 -6.5
    endloop
  endfacet
  facet normal 0 0 -1
    outer loop
      vertex 59.3 146.5 -6.5
      vertex 56.8457 148.122 -6.5
      vertex 56.9587 148.573 -6.5
    endloop
  endfacet
  facet normal 0 0 -1
    outer loop
      vertex 59.3 146.5 -6.5
      vertex 56.8455 148.121 -6.5
      vertex 56.8457 148.122 -6.5
    endloop
  endfacet
  facet normal 0 0 -1
    outer loop
      vertex 59.3 146.5 -6.5
      vertex 56.8451 148.12 -6.5
      vertex 56.8455 148.121 -6.5
    endloop
  endfacet
  facet normal 0 0 -1
    outer loop
      vertex 59.3 146.5 -6.5
      vertex 56.6884 147.682 -6.5
      vertex 56.8451 148.12 -6.5
    endloop
  endfacet
  facet normal 0 0 -1
    outer loop
      vertex 59.3 146.5 -6.5
      vertex 56.688 147.681 -6.5
      vertex 56.6884 147.682 -6.5
    endloop
  endfacet
  facet normal 0 0 -1
    outer loop
      vertex 59.3 146.5 -6.5
      vertex 56.4891 147.261 -6.5
      vertex 56.688 147.681 -6.5
    endloop
  endfacet
  facet normal 0 0 -1
    outer loop
      vertex 59.3 146.5 -6.5
      vertex 56.25 146.862 -6.5
      vertex 56.4891 147.261 -6.5
    endloop
  endfacet
  facet normal 0 0 -1
    outer loop
      vertex 59.3 146.5 -6.5
      vertex 56.2495 146.861 -6.5
      vertex 56.25 146.862 -6.5
    endloop
  endfacet
  facet normal -0 0 -1
    outer loop
      vertex 59.3 146.5 -6.5
      vertex 55.9724 146.488 -6.5
      vertex 56.2495 146.861 -6.5
    endloop
  endfacet
  facet normal 0 0 -1
    outer loop
      vertex 59.3 146.5 -6.5
      vertex 55.9718 146.487 -6.5
      vertex 55.9724 146.488 -6.5
    endloop
  endfacet
  facet normal 0 0 -1
    outer loop
      vertex 59.3 146.5 -6.5
      vertex 55.9711 146.486 -6.5
      vertex 55.9718 146.487 -6.5
    endloop
  endfacet
  facet normal 0 0 -1
    outer loop
      vertex 59.3 146.5 -6.5
      vertex 55.6588 146.141 -6.5
      vertex 55.9711 146.486 -6.5
    endloop
  endfacet
  facet normal 0 0 -1
    outer loop
      vertex 59.3 146.5 -6.5
      vertex 55.3142 145.829 -6.5
      vertex 55.6588 146.141 -6.5
    endloop
  endfacet
  facet normal 0 0 -1
    outer loop
      vertex 59.3 146.5 -6.5
      vertex 55.3134 145.828 -6.5
      vertex 55.3142 145.829 -6.5
    endloop
  endfacet
  facet normal 0 0 -1
    outer loop
      vertex 59.3 146.5 -6.5
      vertex 54.9398 145.551 -6.5
      vertex 55.3134 145.828 -6.5
    endloop
  endfacet
  facet normal 0 0 1
    outer loop
      vertex 59.3 146.5 -6.5
      vertex 54.939 145.551 -6.5
      vertex 54.9398 145.551 -6.5
    endloop
  endfacet
  facet normal 0 0 -1
    outer loop
      vertex 59.3 146.5 -6.5
      vertex 54.938 145.55 -6.5
      vertex 54.939 145.551 -6.5
    endloop
  endfacet
  facet normal 0 0 -1
    outer loop
      vertex 59.3 146.5 -6.5
      vertex 54.5391 145.311 -6.5
      vertex 54.938 145.55 -6.5
    endloop
  endfacet
  facet normal 0 0 -1
    outer loop
      vertex 59.3 146.5 -6.5
      vertex 54.1187 145.112 -6.5
      vertex 54.5391 145.311 -6.5
    endloop
  endfacet
  facet normal 0 0 1
    outer loop
      vertex 59.3 146.5 -6.5
      vertex 54.1177 145.112 -6.5
      vertex 54.1187 145.112 -6.5
    endloop
  endfacet
  facet normal 0 0 -1
    outer loop
      vertex 45.3 125.5 -6.5
      vertex 54.1177 145.112 -6.5
      vertex 59.3 146.5 -6.5
    endloop
  endfacet
  facet normal 0 0 -1
    outer loop
      vertex 54.1177 145.112 -6.5
      vertex 45.3 125.5 -6.5
      vertex 53.6799 144.955 -6.5
    endloop
  endfacet
  facet normal 0 0 -1
    outer loop
      vertex 45.3 125.5 -6.5
      vertex 53.6778 144.954 -6.5
      vertex 53.6789 144.955 -6.5
    endloop
  endfacet
  facet normal 0 0 -1
    outer loop
      vertex 45.3 125.5 -6.5
      vertex 53.2256 144.841 -6.5
      vertex 53.2267 144.841 -6.5
    endloop
  endfacet
  facet normal 0 0 -1
    outer loop
      vertex 45.3 125.5 -6.5
      vertex 51.3744 144.841 -6.5
      vertex 51.8344 144.773 -6.5
    endloop
  endfacet
  facet normal 0 0 -1
    outer loop
      vertex 45.3 125.5 -6.5
      vertex 51.3723 144.842 -6.5
      vertex 51.3733 144.841 -6.5
    endloop
  endfacet
  facet normal 0 0 -1
    outer loop
      vertex 45.3 125.5 -6.5
      vertex 49.2858 145.829 -6.5
      vertex 49.2866 145.828 -6.5
    endloop
  endfacet
  facet normal 0 0 -1
    outer loop
      vertex 45.3 125.5 -6.5
      vertex 48.35 146.862 -6.5
      vertex 48.3505 146.861 -6.5
    endloop
  endfacet
  facet normal 0 0 1
    outer loop
      vertex 48.1109 147.261 -6.5
      vertex 47.9116 147.682 -6.5
      vertex 47.912 147.681 -6.5
    endloop
  endfacet
  facet normal 0 0 -1
    outer loop
      vertex 47.9116 147.682 -6.5
      vertex 47.7545 148.121 -6.5
      vertex 47.7549 148.12 -6.5
    endloop
  endfacet
  facet normal -0 0 -1
    outer loop
      vertex 47.5728 149.036 -6.5
      vertex 45.3 125.5 -6.5
      vertex 47.55 149.5 -6.5
    endloop
  endfacet
  facet normal -0 0 -1
    outer loop
      vertex 47.5729 149.034 -6.5
      vertex 45.3 125.5 -6.5
      vertex 47.5728 149.036 -6.5
    endloop
  endfacet
  facet normal -0 0 -1
    outer loop
      vertex 47.6411 148.574 -6.5
      vertex 45.3 125.5 -6.5
      vertex 47.5729 149.034 -6.5
    endloop
  endfacet
  facet normal -0 0 -1
    outer loop
      vertex 47.6413 148.573 -6.5
      vertex 45.3 125.5 -6.5
      vertex 47.6411 148.574 -6.5
    endloop
  endfacet
  facet normal -0 0 -1
    outer loop
      vertex 47.6415 148.572 -6.5
      vertex 45.3 125.5 -6.5
      vertex 47.6413 148.573 -6.5
    endloop
  endfacet
  facet normal -0 0 -1
    outer loop
      vertex 47.7545 148.121 -6.5
      vertex 45.3 125.5 -6.5
      vertex 47.6415 148.572 -6.5
    endloop
  endfacet
  facet normal -0 0 -1
    outer loop
      vertex 47.9116 147.682 -6.5
      vertex 45.3 125.5 -6.5
      vertex 47.7545 148.121 -6.5
    endloop
  endfacet
  facet normal -0 0 -1
    outer loop
      vertex 48.1109 147.261 -6.5
      vertex 45.3 125.5 -6.5
      vertex 47.9116 147.682 -6.5
    endloop
  endfacet
  facet normal -0 0 -1
    outer loop
      vertex 48.35 146.862 -6.5
      vertex 45.3 125.5 -6.5
      vertex 48.1109 147.261 -6.5
    endloop
  endfacet
  facet normal -0 0 -1
    outer loop
      vertex 48.6276 146.488 -6.5
      vertex 45.3 125.5 -6.5
      vertex 48.3505 146.861 -6.5
    endloop
  endfacet
  facet normal -0 0 -1
    outer loop
      vertex 48.6282 146.487 -6.5
      vertex 45.3 125.5 -6.5
      vertex 48.6276 146.488 -6.5
    endloop
  endfacet
  facet normal -0 0 -1
    outer loop
      vertex 48.6289 146.486 -6.5
      vertex 45.3 125.5 -6.5
      vertex 48.6282 146.487 -6.5
    endloop
  endfacet
  facet normal -0 0 -1
    outer loop
      vertex 48.9412 146.141 -6.5
      vertex 45.3 125.5 -6.5
      vertex 48.6289 146.486 -6.5
    endloop
  endfacet
  facet normal -0 0 -1
    outer loop
      vertex 49.2858 145.829 -6.5
      vertex 45.3 125.5 -6.5
      vertex 48.9412 146.141 -6.5
    endloop
  endfacet
  facet normal -0 0 -1
    outer loop
      vertex 49.6602 145.551 -6.5
      vertex 45.3 125.5 -6.5
      vertex 49.2866 145.828 -6.5
    endloop
  endfacet
  facet normal -0 0 -1
    outer loop
      vertex 49.661 145.551 -6.5
      vertex 45.3 125.5 -6.5
      vertex 49.6602 145.551 -6.5
    endloop
  endfacet
  facet normal -0 0 -1
    outer loop
      vertex 49.662 145.55 -6.5
      vertex 45.3 125.5 -6.5
      vertex 49.661 145.551 -6.5
    endloop
  endfacet
  facet normal -0 0 -1
    outer loop
      vertex 50.0609 145.311 -6.5
      vertex 45.3 125.5 -6.5
      vertex 49.662 145.55 -6.5
    endloop
  endfacet
  facet normal -0 0 -1
    outer loop
      vertex 50.4813 145.112 -6.5
      vertex 45.3 125.5 -6.5
      vertex 50.0609 145.311 -6.5
    endloop
  endfacet
  facet normal -0 0 -1
    outer loop
      vertex 50.4823 145.112 -6.5
      vertex 45.3 125.5 -6.5
      vertex 50.4813 145.112 -6.5
    endloop
  endfacet
  facet normal -0 0 -1
    outer loop
      vertex 50.4833 145.111 -6.5
      vertex 45.3 125.5 -6.5
      vertex 50.4823 145.112 -6.5
    endloop
  endfacet
  facet normal -0 0 -1
    outer loop
      vertex 50.9211 144.955 -6.5
      vertex 45.3 125.5 -6.5
      vertex 50.4833 145.111 -6.5
    endloop
  endfacet
  facet normal -0 0 -1
    outer loop
      vertex 51.3723 144.842 -6.5
      vertex 45.3 125.5 -6.5
      vertex 50.9211 144.955 -6.5
    endloop
  endfacet
  facet normal -0 0 -1
    outer loop
      vertex 51.3744 144.841 -6.5
      vertex 45.3 125.5 -6.5
      vertex 51.3733 144.841 -6.5
    endloop
  endfacet
  facet normal -0 0 -1
    outer loop
      vertex 52.2989 144.75 -6.5
      vertex 45.3 125.5 -6.5
      vertex 51.8344 144.773 -6.5
    endloop
  endfacet
  facet normal -0 0 -1
    outer loop
      vertex 52.3 144.75 -6.5
      vertex 45.3 125.5 -6.5
      vertex 52.2989 144.75 -6.5
    endloop
  endfacet
  facet normal -0 0 -1
    outer loop
      vertex 52.3011 144.75 -6.5
      vertex 45.3 125.5 -6.5
      vertex 52.3 144.75 -6.5
    endloop
  endfacet
  facet normal 0 0 -1
    outer loop
      vertex 52.7656 144.773 -6.5
      vertex 45.3 125.5 -6.5
      vertex 52.3011 144.75 -6.5
    endloop
  endfacet
  facet normal 0 0 -1
    outer loop
      vertex 53.2256 144.841 -6.5
      vertex 45.3 125.5 -6.5
      vertex 52.7656 144.773 -6.5
    endloop
  endfacet
  facet normal 0 0 -1
    outer loop
      vertex 53.6778 144.954 -6.5
      vertex 45.3 125.5 -6.5
      vertex 53.2267 144.841 -6.5
    endloop
  endfacet
  facet normal -0 0 -1
    outer loop
      vertex 53.6799 144.955 -6.5
      vertex 45.3 125.5 -6.5
      vertex 53.6789 144.955 -6.5
    endloop
  endfacet
  facet normal 0 0 -1
    outer loop
      vertex 57.0272 149.964 -6.5
      vertex 59.3 152.5 -6.5
      vertex 57.05 149.5 -6.5
    endloop
  endfacet
  facet normal 0 0 -1
    outer loop
      vertex 57.0271 149.966 -6.5
      vertex 59.3 152.5 -6.5
      vertex 57.0272 149.964 -6.5
    endloop
  endfacet
  facet normal 0 0 -1
    outer loop
      vertex 57.027 149.967 -6.5
      vertex 59.3 152.5 -6.5
      vertex 57.0271 149.966 -6.5
    endloop
  endfacet
  facet normal 0 0 -1
    outer loop
      vertex 56.9587 150.427 -6.5
      vertex 59.3 152.5 -6.5
      vertex 57.027 149.967 -6.5
    endloop
  endfacet
  facet normal 0 0 -1
    outer loop
      vertex 56.8457 150.878 -6.5
      vertex 59.3 152.5 -6.5
      vertex 56.9587 150.427 -6.5
    endloop
  endfacet
  facet normal 0 0 -1
    outer loop
      vertex 56.8455 150.879 -6.5
      vertex 59.3 152.5 -6.5
      vertex 56.8457 150.878 -6.5
    endloop
  endfacet
  facet normal 0 0 -1
    outer loop
      vertex 56.8451 150.88 -6.5
      vertex 59.3 152.5 -6.5
      vertex 56.8455 150.879 -6.5
    endloop
  endfacet
  facet normal 0 0 -1
    outer loop
      vertex 56.6884 151.318 -6.5
      vertex 59.3 152.5 -6.5
      vertex 56.8451 150.88 -6.5
    endloop
  endfacet
  facet normal 0 0 -1
    outer loop
      vertex 56.688 151.319 -6.5
      vertex 59.3 152.5 -6.5
      vertex 56.6884 151.318 -6.5
    endloop
  endfacet
  facet normal 0 0 -1
    outer loop
      vertex 56.4891 151.739 -6.5
      vertex 59.3 152.5 -6.5
      vertex 56.688 151.319 -6.5
    endloop
  endfacet
  facet normal 0 0 -1
    outer loop
      vertex 56.25 152.138 -6.5
      vertex 59.3 152.5 -6.5
      vertex 56.4891 151.739 -6.5
    endloop
  endfacet
  facet normal 0 0 -1
    outer loop
      vertex 56.2495 152.139 -6.5
      vertex 59.3 152.5 -6.5
      vertex 56.25 152.138 -6.5
    endloop
  endfacet
  facet normal 0 0 -1
    outer loop
      vertex 55.9724 152.512 -6.5
      vertex 59.3 152.5 -6.5
      vertex 56.2495 152.139 -6.5
    endloop
  endfacet
  facet normal 0 0 -1
    outer loop
      vertex 55.9718 152.513 -6.5
      vertex 59.3 152.5 -6.5
      vertex 55.9724 152.512 -6.5
    endloop
  endfacet
  facet normal 0 0 -1
    outer loop
      vertex 55.9711 152.514 -6.5
      vertex 59.3 152.5 -6.5
      vertex 55.9718 152.513 -6.5
    endloop
  endfacet
  facet normal 0 0 -1
    outer loop
      vertex 55.6588 152.859 -6.5
      vertex 59.3 152.5 -6.5
      vertex 55.9711 152.514 -6.5
    endloop
  endfacet
  facet normal 0 0 -1
    outer loop
      vertex 55.3142 153.171 -6.5
      vertex 59.3 152.5 -6.5
      vertex 55.6588 152.859 -6.5
    endloop
  endfacet
  facet normal 0 0 -1
    outer loop
      vertex 55.3134 153.172 -6.5
      vertex 59.3 152.5 -6.5
      vertex 55.3142 153.171 -6.5
    endloop
  endfacet
  facet normal 0 0 -1
    outer loop
      vertex 54.9398 153.449 -6.5
      vertex 59.3 152.5 -6.5
      vertex 55.3134 153.172 -6.5
    endloop
  endfacet
  facet normal -0 0 1
    outer loop
      vertex 54.939 153.449 -6.5
      vertex 59.3 152.5 -6.5
      vertex 54.9398 153.449 -6.5
    endloop
  endfacet
  facet normal 0 0 -1
    outer loop
      vertex 54.938 153.45 -6.5
      vertex 59.3 152.5 -6.5
      vertex 54.939 153.449 -6.5
    endloop
  endfacet
  facet normal 0 0 -1
    outer loop
      vertex 54.5391 153.689 -6.5
      vertex 59.3 152.5 -6.5
      vertex 54.938 153.45 -6.5
    endloop
  endfacet
  facet normal 0 0 -1
    outer loop
      vertex 54.1187 153.888 -6.5
      vertex 59.3 152.5 -6.5
      vertex 54.5391 153.689 -6.5
    endloop
  endfacet
  facet normal -0 0 1
    outer loop
      vertex 54.1177 153.888 -6.5
      vertex 59.3 152.5 -6.5
      vertex 54.1187 153.888 -6.5
    endloop
  endfacet
  facet normal 0 0 -1
    outer loop
      vertex 45.3 173.5 -6.5
      vertex 54.1177 153.888 -6.5
      vertex 53.6799 154.045 -6.5
    endloop
  endfacet
  facet normal 0 0 -1
    outer loop
      vertex 45.3 173.5 -6.5
      vertex 53.6799 154.045 -6.5
      vertex 53.6789 154.045 -6.5
    endloop
  endfacet
  facet normal 0 0 -1
    outer loop
      vertex 45.3 173.5 -6.5
      vertex 53.6778 154.046 -6.5
      vertex 53.2267 154.159 -6.5
    endloop
  endfacet
  facet normal 0 0 -1
    outer loop
      vertex 45.3 173.5 -6.5
      vertex 53.2256 154.159 -6.5
      vertex 52.7656 154.227 -6.5
    endloop
  endfacet
  facet normal 0 0 -1
    outer loop
      vertex 45.3 173.5 -6.5
      vertex 51.3744 154.159 -6.5
      vertex 51.3733 154.159 -6.5
    endloop
  endfacet
  facet normal 0 0 -1
    outer loop
      vertex 45.3 173.5 -6.5
      vertex 51.3723 154.158 -6.5
      vertex 50.9211 154.045 -6.5
    endloop
  endfacet
  facet normal 0 0 -1
    outer loop
      vertex 45.3 173.5 -6.5
      vertex 49.2858 153.171 -6.5
      vertex 48.9412 152.859 -6.5
    endloop
  endfacet
  facet normal 0 0 -1
    outer loop
      vertex 45.3 173.5 -6.5
      vertex 48.35 152.138 -6.5
      vertex 48.1109 151.739 -6.5
    endloop
  endfacet
  facet normal 0 0 1
    outer loop
      vertex 47.9116 151.318 -6.5
      vertex 48.1109 151.739 -6.5
      vertex 47.912 151.319 -6.5
    endloop
  endfacet
  facet normal 0 0 -1
    outer loop
      vertex 47.7545 150.879 -6.5
      vertex 47.9116 151.318 -6.5
      vertex 47.7549 150.88 -6.5
    endloop
  endfacet
  facet normal 0 0 1
    outer loop
      vertex 47.5729 149.966 -6.5
      vertex 47.6413 150.427 -6.5
      vertex 47.6411 150.426 -6.5
    endloop
  endfacet
  facet normal 0 0 -1
    outer loop
      vertex 45.3 173.5 -6.5
      vertex 47.55 149.5 -6.5
      vertex 45.3 125.5 -6.5
    endloop
  endfacet
  facet normal 0 0 -1
    outer loop
      vertex 47.55 149.5 -6.5
      vertex 45.3 173.5 -6.5
      vertex 47.5728 149.964 -6.5
    endloop
  endfacet
  facet normal 0 0 -1
    outer loop
      vertex 54.1177 153.888 -6.5
      vertex 45.3 173.5 -6.5
      vertex 59.3 152.5 -6.5
    endloop
  endfacet
  facet normal 0 0 -1
    outer loop
      vertex 53.6778 154.046 -6.5
      vertex 45.3 173.5 -6.5
      vertex 53.6789 154.045 -6.5
    endloop
  endfacet
  facet normal 0 0 -1
    outer loop
      vertex 53.2256 154.159 -6.5
      vertex 45.3 173.5 -6.5
      vertex 53.2267 154.159 -6.5
    endloop
  endfacet
  facet normal 0 0 -1
    outer loop
      vertex 52.7645 154.227 -6.5
      vertex 45.3 173.5 -6.5
      vertex 52.7656 154.227 -6.5
    endloop
  endfacet
  facet normal 0 0 -1
    outer loop
      vertex 52.3 154.25 -6.5
      vertex 45.3 173.5 -6.5
      vertex 52.7645 154.227 -6.5
    endloop
  endfacet
  facet normal 0 0 -1
    outer loop
      vertex 51.8355 154.227 -6.5
      vertex 45.3 173.5 -6.5
      vertex 52.3 154.25 -6.5
    endloop
  endfacet
  facet normal 0 0 -1
    outer loop
      vertex 51.8344 154.227 -6.5
      vertex 45.3 173.5 -6.5
      vertex 51.8355 154.227 -6.5
    endloop
  endfacet
  facet normal 0 0 -1
    outer loop
      vertex 51.3744 154.159 -6.5
      vertex 45.3 173.5 -6.5
      vertex 51.8344 154.227 -6.5
    endloop
  endfacet
  facet normal 0 0 -1
    outer loop
      vertex 51.3723 154.158 -6.5
      vertex 45.3 173.5 -6.5
      vertex 51.3733 154.159 -6.5
    endloop
  endfacet
  facet normal 0 0 -1
    outer loop
      vertex 50.4833 153.889 -6.5
      vertex 45.3 173.5 -6.5
      vertex 50.9211 154.045 -6.5
    endloop
  endfacet
  facet normal 0 0 -1
    outer loop
      vertex 50.4823 153.888 -6.5
      vertex 45.3 173.5 -6.5
      vertex 50.4833 153.889 -6.5
    endloop
  endfacet
  facet normal 0 0 -1
    outer loop
      vertex 50.4813 153.888 -6.5
      vertex 45.3 173.5 -6.5
      vertex 50.4823 153.888 -6.5
    endloop
  endfacet
  facet normal 0 0 -1
    outer loop
      vertex 50.0609 153.689 -6.5
      vertex 45.3 173.5 -6.5
      vertex 50.4813 153.888 -6.5
    endloop
  endfacet
  facet normal 0 0 -1
    outer loop
      vertex 49.662 153.45 -6.5
      vertex 45.3 173.5 -6.5
      vertex 50.0609 153.689 -6.5
    endloop
  endfacet
  facet normal 0 0 -1
    outer loop
      vertex 49.661 153.449 -6.5
      vertex 45.3 173.5 -6.5
      vertex 49.662 153.45 -6.5
    endloop
  endfacet
  facet normal 0 0 -1
    outer loop
      vertex 49.6602 153.449 -6.5
      vertex 45.3 173.5 -6.5
      vertex 49.661 153.449 -6.5
    endloop
  endfacet
  facet normal 0 0 -1
    outer loop
      vertex 49.2866 153.172 -6.5
      vertex 45.3 173.5 -6.5
      vertex 49.6602 153.449 -6.5
    endloop
  endfacet
  facet normal 0 0 -1
    outer loop
      vertex 49.2858 153.171 -6.5
      vertex 45.3 173.5 -6.5
      vertex 49.2866 153.172 -6.5
    endloop
  endfacet
  facet normal 0 0 -1
    outer loop
      vertex 48.6289 152.514 -6.5
      vertex 45.3 173.5 -6.5
      vertex 48.9412 152.859 -6.5
    endloop
  endfacet
  facet normal 0 0 -1
    outer loop
      vertex 48.6282 152.513 -6.5
      vertex 45.3 173.5 -6.5
      vertex 48.6289 152.514 -6.5
    endloop
  endfacet
  facet normal 0 0 -1
    outer loop
      vertex 48.6276 152.512 -6.5
      vertex 45.3 173.5 -6.5
      vertex 48.6282 152.513 -6.5
    endloop
  endfacet
  facet normal 0 0 -1
    outer loop
      vertex 48.3505 152.139 -6.5
      vertex 45.3 173.5 -6.5
      vertex 48.6276 152.512 -6.5
    endloop
  endfacet
  facet normal 0 0 -1
    outer loop
      vertex 48.35 152.138 -6.5
      vertex 45.3 173.5 -6.5
      vertex 48.3505 152.139 -6.5
    endloop
  endfacet
  facet normal 0 0 -1
    outer loop
      vertex 47.9116 151.318 -6.5
      vertex 45.3 173.5 -6.5
      vertex 48.1109 151.739 -6.5
    endloop
  endfacet
  facet normal 0 0 -1
    outer loop
      vertex 47.7545 150.879 -6.5
      vertex 45.3 173.5 -6.5
      vertex 47.9116 151.318 -6.5
    endloop
  endfacet
  facet normal 0 0 -1
    outer loop
      vertex 47.6415 150.428 -6.5
      vertex 45.3 173.5 -6.5
      vertex 47.7545 150.879 -6.5
    endloop
  endfacet
  facet normal 0 0 -1
    outer loop
      vertex 47.6413 150.427 -6.5
      vertex 45.3 173.5 -6.5
      vertex 47.6415 150.428 -6.5
    endloop
  endfacet
  facet normal 0 0 -1
    outer loop
      vertex 47.5729 149.966 -6.5
      vertex 45.3 173.5 -6.5
      vertex 47.6413 150.427 -6.5
    endloop
  endfacet
  facet normal 0 0 -1
    outer loop
      vertex 47.5728 149.964 -6.5
      vertex 45.3 173.5 -6.5
      vertex 47.5729 149.966 -6.5
    endloop
  endfacet
  facet normal 0.83205 0.5547 0
    outer loop
      vertex 59.3 152.5 0
      vertex 45.3 173.5 -6.5
      vertex 45.3 173.5 0
    endloop
  endfacet
  facet normal 0.83205 0.5547 0
    outer loop
      vertex 45.3 173.5 -6.5
      vertex 59.3 152.5 0
      vertex 59.3 152.5 -6.5
    endloop
  endfacet
  facet normal 1 -0 0
    outer loop
      vertex 59.3 146.5 0
      vertex 59.3 152.5 -6.5
      vertex 59.3 152.5 0
    endloop
  endfacet
  facet normal 1 0 0
    outer loop
      vertex 59.3 152.5 -6.5
      vertex 59.3 146.5 0
      vertex 59.3 146.5 -6.5
    endloop
  endfacet
  facet normal 0.83205 -0.5547 0
    outer loop
      vertex 45.3 125.5 0
      vertex 59.3 146.5 -6.5
      vertex 59.3 146.5 0
    endloop
  endfacet
  facet normal 0.83205 -0.5547 0
    outer loop
      vertex 59.3 146.5 -6.5
      vertex 45.3 125.5 0
      vertex 45.3 125.5 -6.5
    endloop
  endfacet
  facet normal 0 0 -1
    outer loop
      vertex 45.3 0 -60.9
      vertex 30.3 3.5 -60.9
      vertex 45.3 179.5 -60.9
    endloop
  endfacet
  facet normal 0 0 -1
    outer loop
      vertex 45.3 0 -60.9
      vertex -30.3 3.5 -60.9
      vertex 30.3 3.5 -60.9
    endloop
  endfacet
  facet normal 0 0 -1
    outer loop
      vertex -45.3 0 -60.9
      vertex -30.3 3.5 -60.9
      vertex 45.3 0 -60.9
    endloop
  endfacet
  facet normal 0 0 -1
    outer loop
      vertex -45.3 179.5 -60.9
      vertex -30.3 3.5 -60.9
      vertex -45.3 0 -60.9
    endloop
  endfacet
  facet normal 0 0 -1
    outer loop
      vertex -30.3 3.5 -60.9
      vertex -45.3 179.5 -60.9
      vertex -30.3 179.5 -60.9
    endloop
  endfacet
  facet normal -0 0 -1
    outer loop
      vertex 45.3 179.5 -60.9
      vertex 30.3 3.5 -60.9
      vertex 30.3 179.5 -60.9
    endloop
  endfacet
  facet normal -1 0 0
    outer loop
      vertex 42.3 31.9269 -23.95
      vertex 42.3 38.3192 -17.95
      vertex 42.3 40.5872 -18.95
    endloop
  endfacet
  facet normal -1 0 0
    outer loop
      vertex 42.3 29.659 -22.95
      vertex 42.3 31.9269 -23.95
      vertex 42.3 29.659 -24.95
    endloop
  endfacet
  facet normal -1 0 0
    outer loop
      vertex 42.3 31.9269 -23.95
      vertex 42.3 29.659 -22.95
      vertex 42.3 38.3192 -17.95
    endloop
  endfacet
  facet normal -1 0 0
    outer loop
      vertex 42.3 24.9795 -24.95
      vertex 42.3 29.659 -22.95
      vertex 42.3 29.659 -24.95
    endloop
  endfacet
  facet normal -1 0 0
    outer loop
      vertex 42.3 24.9795 -24.95
      vertex 42.3 24.9795 -22.95
      vertex 42.3 29.659 -22.95
    endloop
  endfacet
  facet normal -1 0 0
    outer loop
      vertex 42.3 16.3192 -29.95
      vertex 42.3 24.9795 -22.95
      vertex 42.3 24.9795 -24.95
    endloop
  endfacet
  facet normal -1 -0 0
    outer loop
      vertex 42.3 24.9795 -22.95
      vertex 42.3 16.3192 -29.95
      vertex 42.3 16.3192 -17.95
    endloop
  endfacet
  facet normal -1 0 0
    outer loop
      vertex 42.3 38.3192 -41.95
      vertex 42.3 31.9269 -35.95
      vertex 42.3 40.5872 -40.95
    endloop
  endfacet
  facet normal -1 0 -0
    outer loop
      vertex 42.3 31.9269 -35.95
      vertex 42.3 38.3192 -41.95
      vertex 42.3 29.659 -36.95
    endloop
  endfacet
  facet normal -1 0 0
    outer loop
      vertex 42.3 38.3192 -29.95
      vertex 42.3 31.9269 -23.95
      vertex 42.3 40.5872 -28.95
    endloop
  endfacet
  facet normal -1 0 -0
    outer loop
      vertex 42.3 31.9269 -23.95
      vertex 42.3 38.3192 -29.95
      vertex 42.3 29.659 -24.95
    endloop
  endfacet
  facet normal -1 0 0
    outer loop
      vertex 42.3 53.9269 -35.95
      vertex 42.3 47.5346 -29.95
      vertex 42.3 56.1949 -34.95
    endloop
  endfacet
  facet normal -1 0 -0
    outer loop
      vertex 42.3 47.5346 -29.95
      vertex 42.3 53.9269 -35.95
      vertex 42.3 45.2666 -30.95
    endloop
  endfacet
  facet normal -1 0 0
    outer loop
      vertex 42.3 53.9269 -23.95
      vertex 42.3 47.5346 -17.95
      vertex 42.3 56.1949 -22.95
    endloop
  endfacet
  facet normal -1 0 -0
    outer loop
      vertex 42.3 47.5346 -17.95
      vertex 42.3 53.9269 -23.95
      vertex 42.3 45.2666 -18.95
    endloop
  endfacet
  facet normal -1 0 0
    outer loop
      vertex 42.3 63.1423 -23.95
      vertex 42.3 69.5346 -17.95
      vertex 42.3 71.8026 -18.95
    endloop
  endfacet
  facet normal -1 0 0
    outer loop
      vertex 42.3 60.8743 -22.95
      vertex 42.3 63.1423 -23.95
      vertex 42.3 60.8743 -24.95
    endloop
  endfacet
  facet normal -1 0 0
    outer loop
      vertex 42.3 63.1423 -23.95
      vertex 42.3 60.8743 -22.95
      vertex 42.3 69.5346 -17.95
    endloop
  endfacet
  facet normal -1 0 0
    outer loop
      vertex 42.3 56.1949 -24.95
      vertex 42.3 60.8743 -22.95
      vertex 42.3 60.8743 -24.95
    endloop
  endfacet
  facet normal -1 0 0
    outer loop
      vertex 42.3 56.1949 -24.95
      vertex 42.3 56.1949 -22.95
      vertex 42.3 60.8743 -22.95
    endloop
  endfacet
  facet normal -1 0 0
    outer loop
      vertex 42.3 56.1949 -24.95
      vertex 42.3 53.9269 -23.95
      vertex 42.3 56.1949 -22.95
    endloop
  endfacet
  facet normal -1 0 0
    outer loop
      vertex 42.3 47.5346 -29.95
      vertex 42.3 53.9269 -23.95
      vertex 42.3 56.1949 -24.95
    endloop
  endfacet
  facet normal -1 0 0
    outer loop
      vertex 42.3 45.2666 -28.95
      vertex 42.3 47.5346 -29.95
      vertex 42.3 45.2666 -30.95
    endloop
  endfacet
  facet normal -1 0 0
    outer loop
      vertex 42.3 47.5346 -29.95
      vertex 42.3 45.2666 -28.95
      vertex 42.3 53.9269 -23.95
    endloop
  endfacet
  facet normal -1 0 0
    outer loop
      vertex 42.3 40.5872 -30.95
      vertex 42.3 45.2666 -28.95
      vertex 42.3 45.2666 -30.95
    endloop
  endfacet
  facet normal -1 0 0
    outer loop
      vertex 42.3 40.5872 -30.95
      vertex 42.3 40.5872 -28.95
      vertex 42.3 45.2666 -28.95
    endloop
  endfacet
  facet normal -1 0 0
    outer loop
      vertex 42.3 40.5872 -30.95
      vertex 42.3 38.3192 -29.95
      vertex 42.3 40.5872 -28.95
    endloop
  endfacet
  facet normal -1 0 0
    outer loop
      vertex 42.3 31.9269 -35.95
      vertex 42.3 38.3192 -29.95
      vertex 42.3 40.5872 -30.95
    endloop
  endfacet
  facet normal -1 0 0
    outer loop
      vertex 42.3 29.659 -34.95
      vertex 42.3 31.9269 -35.95
      vertex 42.3 29.659 -36.95
    endloop
  endfacet
  facet normal -1 0 0
    outer loop
      vertex 42.3 31.9269 -35.95
      vertex 42.3 29.659 -34.95
      vertex 42.3 38.3192 -29.95
    endloop
  endfacet
  facet normal -1 0 0
    outer loop
      vertex 42.3 24.9795 -36.95
      vertex 42.3 29.659 -34.95
      vertex 42.3 29.659 -36.95
    endloop
  endfacet
  facet normal -1 0 0
    outer loop
      vertex 42.3 24.9795 -36.95
      vertex 42.3 24.9795 -34.95
      vertex 42.3 29.659 -34.95
    endloop
  endfacet
  facet normal -1 0 0
    outer loop
      vertex 42.3 16.3192 -41.95
      vertex 42.3 24.9795 -34.95
      vertex 42.3 24.9795 -36.95
    endloop
  endfacet
  facet normal -1 -0 0
    outer loop
      vertex 42.3 24.9795 -34.95
      vertex 42.3 16.3192 -41.95
      vertex 42.3 16.3192 -29.95
    endloop
  endfacet
  facet normal -1 0 0
    outer loop
      vertex 42.3 69.5346 -41.95
      vertex 42.3 63.1423 -35.95
      vertex 42.3 71.8026 -40.95
    endloop
  endfacet
  facet normal -1 0 -0
    outer loop
      vertex 42.3 63.1423 -35.95
      vertex 42.3 69.5346 -41.95
      vertex 42.3 60.8743 -36.95
    endloop
  endfacet
  facet normal -1 0 0
    outer loop
      vertex 42.3 69.5346 -29.95
      vertex 42.3 63.1423 -23.95
      vertex 42.3 71.8026 -28.95
    endloop
  endfacet
  facet normal -1 0 -0
    outer loop
      vertex 42.3 63.1423 -23.95
      vertex 42.3 69.5346 -29.95
      vertex 42.3 60.8743 -24.95
    endloop
  endfacet
  facet normal -1 0 0
    outer loop
      vertex 42.3 85.1423 -35.95
      vertex 42.3 78.75 -29.95
      vertex 42.3 87.4103 -34.95
    endloop
  endfacet
  facet normal -1 0 -0
    outer loop
      vertex 42.3 78.75 -29.95
      vertex 42.3 85.1423 -35.95
      vertex 42.3 76.482 -30.95
    endloop
  endfacet
  facet normal -1 0 0
    outer loop
      vertex 42.3 85.1423 -23.95
      vertex 42.3 78.75 -17.95
      vertex 42.3 87.4103 -22.95
    endloop
  endfacet
  facet normal -1 0 -0
    outer loop
      vertex 42.3 78.75 -17.95
      vertex 42.3 85.1423 -23.95
      vertex 42.3 76.482 -18.95
    endloop
  endfacet
  facet normal -1 0 0
    outer loop
      vertex 42.3 94.3577 -23.95
      vertex 42.3 100.75 -17.95
      vertex 42.3 103.018 -18.95
    endloop
  endfacet
  facet normal -1 0 0
    outer loop
      vertex 42.3 92.0897 -22.95
      vertex 42.3 94.3577 -23.95
      vertex 42.3 92.0897 -24.95
    endloop
  endfacet
  facet normal -1 0 0
    outer loop
      vertex 42.3 94.3577 -23.95
      vertex 42.3 92.0897 -22.95
      vertex 42.3 100.75 -17.95
    endloop
  endfacet
  facet normal -1 0 0
    outer loop
      vertex 42.3 87.4103 -24.95
      vertex 42.3 92.0897 -22.95
      vertex 42.3 92.0897 -24.95
    endloop
  endfacet
  facet normal -1 0 0
    outer loop
      vertex 42.3 87.4103 -24.95
      vertex 42.3 87.4103 -22.95
      vertex 42.3 92.0897 -22.95
    endloop
  endfacet
  facet normal -1 0 0
    outer loop
      vertex 42.3 87.4103 -24.95
      vertex 42.3 85.1423 -23.95
      vertex 42.3 87.4103 -22.95
    endloop
  endfacet
  facet normal -1 0 0
    outer loop
      vertex 42.3 78.75 -29.95
      vertex 42.3 85.1423 -23.95
      vertex 42.3 87.4103 -24.95
    endloop
  endfacet
  facet normal -1 0 0
    outer loop
      vertex 42.3 76.482 -28.95
      vertex 42.3 78.75 -29.95
      vertex 42.3 76.482 -30.95
    endloop
  endfacet
  facet normal -1 0 0
    outer loop
      vertex 42.3 78.75 -29.95
      vertex 42.3 76.482 -28.95
      vertex 42.3 85.1423 -23.95
    endloop
  endfacet
  facet normal -1 0 0
    outer loop
      vertex 42.3 71.8026 -30.95
      vertex 42.3 76.482 -28.95
      vertex 42.3 76.482 -30.95
    endloop
  endfacet
  facet normal -1 0 0
    outer loop
      vertex 42.3 71.8026 -30.95
      vertex 42.3 71.8026 -28.95
      vertex 42.3 76.482 -28.95
    endloop
  endfacet
  facet normal -1 0 0
    outer loop
      vertex 42.3 71.8026 -30.95
      vertex 42.3 69.5346 -29.95
      vertex 42.3 71.8026 -28.95
    endloop
  endfacet
  facet normal -1 0 0
    outer loop
      vertex 42.3 63.1423 -35.95
      vertex 42.3 69.5346 -29.95
      vertex 42.3 71.8026 -30.95
    endloop
  endfacet
  facet normal -1 0 0
    outer loop
      vertex 42.3 60.8743 -34.95
      vertex 42.3 63.1423 -35.95
      vertex 42.3 60.8743 -36.95
    endloop
  endfacet
  facet normal -1 0 0
    outer loop
      vertex 42.3 63.1423 -35.95
      vertex 42.3 60.8743 -34.95
      vertex 42.3 69.5346 -29.95
    endloop
  endfacet
  facet normal -1 0 0
    outer loop
      vertex 42.3 56.1949 -36.95
      vertex 42.3 60.8743 -34.95
      vertex 42.3 60.8743 -36.95
    endloop
  endfacet
  facet normal -1 0 0
    outer loop
      vertex 42.3 56.1949 -36.95
      vertex 42.3 56.1949 -34.95
      vertex 42.3 60.8743 -34.95
    endloop
  endfacet
  facet normal -1 0 0
    outer loop
      vertex 42.3 56.1949 -36.95
      vertex 42.3 53.9269 -35.95
      vertex 42.3 56.1949 -34.95
    endloop
  endfacet
  facet normal -1 0 0
    outer loop
      vertex 42.3 47.5346 -41.95
      vertex 42.3 53.9269 -35.95
      vertex 42.3 56.1949 -36.95
    endloop
  endfacet
  facet normal -1 0 0
    outer loop
      vertex 42.3 53.9269 -35.95
      vertex 42.3 47.5346 -41.95
      vertex 42.3 45.2666 -40.95
    endloop
  endfacet
  facet normal -1 0 0
    outer loop
      vertex 42.3 100.75 -41.95
      vertex 42.3 94.3577 -35.95
      vertex 42.3 103.018 -40.95
    endloop
  endfacet
  facet normal -1 0 -0
    outer loop
      vertex 42.3 94.3577 -35.95
      vertex 42.3 100.75 -41.95
      vertex 42.3 92.0897 -36.95
    endloop
  endfacet
  facet normal -1 0 0
    outer loop
      vertex 42.3 100.75 -29.95
      vertex 42.3 94.3577 -23.95
      vertex 42.3 103.018 -28.95
    endloop
  endfacet
  facet normal -1 0 -0
    outer loop
      vertex 42.3 94.3577 -23.95
      vertex 42.3 100.75 -29.95
      vertex 42.3 92.0897 -24.95
    endloop
  endfacet
  facet normal -1 0 0
    outer loop
      vertex 42.3 116.358 -35.95
      vertex 42.3 109.965 -29.95
      vertex 42.3 118.626 -34.95
    endloop
  endfacet
  facet normal -1 0 -0
    outer loop
      vertex 42.3 109.965 -29.95
      vertex 42.3 116.358 -35.95
      vertex 42.3 107.697 -30.95
    endloop
  endfacet
  facet normal -1 0 0
    outer loop
      vertex 42.3 116.358 -23.95
      vertex 42.3 109.965 -17.95
      vertex 42.3 118.626 -22.95
    endloop
  endfacet
  facet normal -1 0 -0
    outer loop
      vertex 42.3 109.965 -17.95
      vertex 42.3 116.358 -23.95
      vertex 42.3 107.697 -18.95
    endloop
  endfacet
  facet normal -1 0 0
    outer loop
      vertex 42.3 125.573 -23.95
      vertex 42.3 131.965 -17.95
      vertex 42.3 134.233 -18.95
    endloop
  endfacet
  facet normal -1 0 0
    outer loop
      vertex 42.3 123.305 -22.95
      vertex 42.3 125.573 -23.95
      vertex 42.3 123.305 -24.95
    endloop
  endfacet
  facet normal -1 0 0
    outer loop
      vertex 42.3 125.573 -23.95
      vertex 42.3 123.305 -22.95
      vertex 42.3 131.965 -17.95
    endloop
  endfacet
  facet normal -1 0 0
    outer loop
      vertex 42.3 118.626 -24.95
      vertex 42.3 123.305 -22.95
      vertex 42.3 123.305 -24.95
    endloop
  endfacet
  facet normal -1 0 0
    outer loop
      vertex 42.3 118.626 -24.95
      vertex 42.3 118.626 -22.95
      vertex 42.3 123.305 -22.95
    endloop
  endfacet
  facet normal -1 0 0
    outer loop
      vertex 42.3 118.626 -24.95
      vertex 42.3 116.358 -23.95
      vertex 42.3 118.626 -22.95
    endloop
  endfacet
  facet normal -1 0 0
    outer loop
      vertex 42.3 109.965 -29.95
      vertex 42.3 116.358 -23.95
      vertex 42.3 118.626 -24.95
    endloop
  endfacet
  facet normal -1 0 0
    outer loop
      vertex 42.3 107.697 -28.95
      vertex 42.3 109.965 -29.95
      vertex 42.3 107.697 -30.95
    endloop
  endfacet
  facet normal -1 0 0
    outer loop
      vertex 42.3 109.965 -29.95
      vertex 42.3 107.697 -28.95
      vertex 42.3 116.358 -23.95
    endloop
  endfacet
  facet normal -1 0 0
    outer loop
      vertex 42.3 103.018 -30.95
      vertex 42.3 107.697 -28.95
      vertex 42.3 107.697 -30.95
    endloop
  endfacet
  facet normal -1 0 0
    outer loop
      vertex 42.3 103.018 -30.95
      vertex 42.3 103.018 -28.95
      vertex 42.3 107.697 -28.95
    endloop
  endfacet
  facet normal -1 0 0
    outer loop
      vertex 42.3 103.018 -30.95
      vertex 42.3 100.75 -29.95
      vertex 42.3 103.018 -28.95
    endloop
  endfacet
  facet normal -1 0 0
    outer loop
      vertex 42.3 94.3577 -35.95
      vertex 42.3 100.75 -29.95
      vertex 42.3 103.018 -30.95
    endloop
  endfacet
  facet normal -1 0 0
    outer loop
      vertex 42.3 92.0897 -34.95
      vertex 42.3 94.3577 -35.95
      vertex 42.3 92.0897 -36.95
    endloop
  endfacet
  facet normal -1 0 0
    outer loop
      vertex 42.3 94.3577 -35.95
      vertex 42.3 92.0897 -34.95
      vertex 42.3 100.75 -29.95
    endloop
  endfacet
  facet normal -1 0 0
    outer loop
      vertex 42.3 87.4103 -36.95
      vertex 42.3 92.0897 -34.95
      vertex 42.3 92.0897 -36.95
    endloop
  endfacet
  facet normal -1 0 0
    outer loop
      vertex 42.3 87.4103 -36.95
      vertex 42.3 87.4103 -34.95
      vertex 42.3 92.0897 -34.95
    endloop
  endfacet
  facet normal -1 0 0
    outer loop
      vertex 42.3 87.4103 -36.95
      vertex 42.3 85.1423 -35.95
      vertex 42.3 87.4103 -34.95
    endloop
  endfacet
  facet normal -1 0 0
    outer loop
      vertex 42.3 78.75 -41.95
      vertex 42.3 85.1423 -35.95
      vertex 42.3 87.4103 -36.95
    endloop
  endfacet
  facet normal -1 0 0
    outer loop
      vertex 42.3 85.1423 -35.95
      vertex 42.3 78.75 -41.95
      vertex 42.3 76.482 -40.95
    endloop
  endfacet
  facet normal -1 0 0
    outer loop
      vertex 42.3 131.965 -41.95
      vertex 42.3 125.573 -35.95
      vertex 42.3 134.233 -40.95
    endloop
  endfacet
  facet normal -1 0 -0
    outer loop
      vertex 42.3 125.573 -35.95
      vertex 42.3 131.965 -41.95
      vertex 42.3 123.305 -36.95
    endloop
  endfacet
  facet normal -1 0 0
    outer loop
      vertex 42.3 131.965 -29.95
      vertex 42.3 125.573 -23.95
      vertex 42.3 134.233 -28.95
    endloop
  endfacet
  facet normal -1 0 -0
    outer loop
      vertex 42.3 125.573 -23.95
      vertex 42.3 131.965 -29.95
      vertex 42.3 123.305 -24.95
    endloop
  endfacet
  facet normal -1 0 0
    outer loop
      vertex 42.3 154.52 -24.95
      vertex 42.3 163.181 -17.95
      vertex 42.3 163.181 -29.95
    endloop
  endfacet
  facet normal -1 0 0
    outer loop
      vertex 42.3 154.52 -24.95
      vertex 42.3 154.52 -22.95
      vertex 42.3 163.181 -17.95
    endloop
  endfacet
  facet normal -1 0 0
    outer loop
      vertex 42.3 149.841 -24.95
      vertex 42.3 154.52 -22.95
      vertex 42.3 154.52 -24.95
    endloop
  endfacet
  facet normal -1 0 0
    outer loop
      vertex 42.3 149.841 -24.95
      vertex 42.3 149.841 -22.95
      vertex 42.3 154.52 -22.95
    endloop
  endfacet
  facet normal -1 0 0
    outer loop
      vertex 42.3 149.841 -24.95
      vertex 42.3 147.573 -23.95
      vertex 42.3 149.841 -22.95
    endloop
  endfacet
  facet normal -1 0 0
    outer loop
      vertex 42.3 141.181 -29.95
      vertex 42.3 147.573 -23.95
      vertex 42.3 149.841 -24.95
    endloop
  endfacet
  facet normal -1 0 0
    outer loop
      vertex 42.3 138.913 -28.95
      vertex 42.3 141.181 -29.95
      vertex 42.3 138.913 -30.95
    endloop
  endfacet
  facet normal -1 0 0
    outer loop
      vertex 42.3 141.181 -29.95
      vertex 42.3 138.913 -28.95
      vertex 42.3 147.573 -23.95
    endloop
  endfacet
  facet normal -1 0 0
    outer loop
      vertex 42.3 134.233 -30.95
      vertex 42.3 138.913 -28.95
      vertex 42.3 138.913 -30.95
    endloop
  endfacet
  facet normal -1 0 0
    outer loop
      vertex 42.3 134.233 -30.95
      vertex 42.3 134.233 -28.95
      vertex 42.3 138.913 -28.95
    endloop
  endfacet
  facet normal -1 0 0
    outer loop
      vertex 42.3 134.233 -30.95
      vertex 42.3 131.965 -29.95
      vertex 42.3 134.233 -28.95
    endloop
  endfacet
  facet normal -1 0 0
    outer loop
      vertex 42.3 125.573 -35.95
      vertex 42.3 131.965 -29.95
      vertex 42.3 134.233 -30.95
    endloop
  endfacet
  facet normal -1 0 0
    outer loop
      vertex 42.3 123.305 -34.95
      vertex 42.3 125.573 -35.95
      vertex 42.3 123.305 -36.95
    endloop
  endfacet
  facet normal -1 0 0
    outer loop
      vertex 42.3 125.573 -35.95
      vertex 42.3 123.305 -34.95
      vertex 42.3 131.965 -29.95
    endloop
  endfacet
  facet normal -1 0 0
    outer loop
      vertex 42.3 118.626 -36.95
      vertex 42.3 123.305 -34.95
      vertex 42.3 123.305 -36.95
    endloop
  endfacet
  facet normal -1 0 0
    outer loop
      vertex 42.3 118.626 -36.95
      vertex 42.3 118.626 -34.95
      vertex 42.3 123.305 -34.95
    endloop
  endfacet
  facet normal -1 0 0
    outer loop
      vertex 42.3 118.626 -36.95
      vertex 42.3 116.358 -35.95
      vertex 42.3 118.626 -34.95
    endloop
  endfacet
  facet normal -1 0 0
    outer loop
      vertex 42.3 109.965 -41.95
      vertex 42.3 116.358 -35.95
      vertex 42.3 118.626 -36.95
    endloop
  endfacet
  facet normal -1 0 0
    outer loop
      vertex 42.3 116.358 -35.95
      vertex 42.3 109.965 -41.95
      vertex 42.3 107.697 -40.95
    endloop
  endfacet
  facet normal -1 0 0
    outer loop
      vertex 42.3 154.52 -36.95
      vertex 42.3 163.181 -29.95
      vertex 42.3 163.181 -41.95
    endloop
  endfacet
  facet normal -1 0 0
    outer loop
      vertex 42.3 154.52 -36.95
      vertex 42.3 154.52 -34.95
      vertex 42.3 163.181 -29.95
    endloop
  endfacet
  facet normal -1 0 0
    outer loop
      vertex 42.3 149.841 -36.95
      vertex 42.3 154.52 -34.95
      vertex 42.3 154.52 -36.95
    endloop
  endfacet
  facet normal -1 0 0
    outer loop
      vertex 42.3 149.841 -36.95
      vertex 42.3 149.841 -34.95
      vertex 42.3 154.52 -34.95
    endloop
  endfacet
  facet normal -1 0 0
    outer loop
      vertex 42.3 149.841 -36.95
      vertex 42.3 147.573 -35.95
      vertex 42.3 149.841 -34.95
    endloop
  endfacet
  facet normal -1 0 0
    outer loop
      vertex 42.3 141.181 -41.95
      vertex 42.3 147.573 -35.95
      vertex 42.3 149.841 -36.95
    endloop
  endfacet
  facet normal -1 0 0
    outer loop
      vertex 42.3 147.573 -35.95
      vertex 42.3 141.181 -41.95
      vertex 42.3 138.913 -40.95
    endloop
  endfacet
  facet normal -1 0 0
    outer loop
      vertex 42.3 163.181 -29.95
      vertex 42.3 178 -56.9
      vertex 42.3 163.181 -41.95
    endloop
  endfacet
  facet normal -1 0 0
    outer loop
      vertex 42.3 178 -56.9
      vertex 42.3 154.52 -46.95
      vertex 42.3 163.181 -41.95
    endloop
  endfacet
  facet normal -1 0 0
    outer loop
      vertex 42.3 178 -56.9
      vertex 42.3 149.841 -46.95
      vertex 42.3 154.52 -46.95
    endloop
  endfacet
  facet normal -1 0 0
    outer loop
      vertex 42.3 131.965 -41.95
      vertex 42.3 141.181 -41.95
      vertex 42.3 149.841 -46.95
    endloop
  endfacet
  facet normal -1 0 0
    outer loop
      vertex 42.3 141.181 -41.95
      vertex 42.3 131.965 -41.95
      vertex 42.3 138.913 -40.95
    endloop
  endfacet
  facet normal -1 -0 0
    outer loop
      vertex 42.3 138.913 -40.95
      vertex 42.3 131.965 -41.95
      vertex 42.3 134.233 -40.95
    endloop
  endfacet
  facet normal -1 0 0
    outer loop
      vertex 42.3 123.305 -46.95
      vertex 42.3 149.841 -46.95
      vertex 42.3 178 -56.9
    endloop
  endfacet
  facet normal -1 0 0
    outer loop
      vertex 42.3 149.841 -46.95
      vertex 42.3 123.305 -46.95
      vertex 42.3 131.965 -41.95
    endloop
  endfacet
  facet normal -1 0 0
    outer loop
      vertex 42.3 178 -56.9
      vertex 42.3 118.626 -46.95
      vertex 42.3 123.305 -46.95
    endloop
  endfacet
  facet normal -1 0 0
    outer loop
      vertex 42.3 100.75 -41.95
      vertex 42.3 109.965 -41.95
      vertex 42.3 118.626 -46.95
    endloop
  endfacet
  facet normal -1 0 0
    outer loop
      vertex 42.3 109.965 -41.95
      vertex 42.3 100.75 -41.95
      vertex 42.3 107.697 -40.95
    endloop
  endfacet
  facet normal -1 -0 0
    outer loop
      vertex 42.3 107.697 -40.95
      vertex 42.3 100.75 -41.95
      vertex 42.3 103.018 -40.95
    endloop
  endfacet
  facet normal -1 0 0
    outer loop
      vertex 42.3 118.626 -46.95
      vertex 42.3 92.0897 -46.95
      vertex 42.3 100.75 -41.95
    endloop
  endfacet
  facet normal -1 0 0
    outer loop
      vertex 42.3 178 -56.9
      vertex 42.3 92.0897 -46.95
      vertex 42.3 118.626 -46.95
    endloop
  endfacet
  facet normal -1 0 0
    outer loop
      vertex 42.3 178 -56.9
      vertex 42.3 87.4103 -46.95
      vertex 42.3 92.0897 -46.95
    endloop
  endfacet
  facet normal -1 0 0
    outer loop
      vertex 42.3 69.5346 -41.95
      vertex 42.3 78.75 -41.95
      vertex 42.3 87.4103 -46.95
    endloop
  endfacet
  facet normal -1 0 0
    outer loop
      vertex 42.3 78.75 -41.95
      vertex 42.3 69.5346 -41.95
      vertex 42.3 76.482 -40.95
    endloop
  endfacet
  facet normal -1 -0 0
    outer loop
      vertex 42.3 76.482 -40.95
      vertex 42.3 69.5346 -41.95
      vertex 42.3 71.8026 -40.95
    endloop
  endfacet
  facet normal -1 0 0
    outer loop
      vertex 42.3 87.4103 -46.95
      vertex 42.3 60.8743 -46.95
      vertex 42.3 69.5346 -41.95
    endloop
  endfacet
  facet normal -1 0 0
    outer loop
      vertex 42.3 3.5 -56.9
      vertex 42.3 87.4103 -46.95
      vertex 42.3 178 -56.9
    endloop
  endfacet
  facet normal -1 -0 0
    outer loop
      vertex 42.3 87.4103 -46.95
      vertex 42.3 3.5 -56.9
      vertex 42.3 60.8743 -46.95
    endloop
  endfacet
  facet normal -1 0 0
    outer loop
      vertex 42.3 38.3192 -41.95
      vertex 42.3 47.5346 -41.95
      vertex 42.3 56.1949 -46.95
    endloop
  endfacet
  facet normal -1 0 0
    outer loop
      vertex 42.3 47.5346 -41.95
      vertex 42.3 38.3192 -41.95
      vertex 42.3 45.2666 -40.95
    endloop
  endfacet
  facet normal -1 -0 0
    outer loop
      vertex 42.3 45.2666 -40.95
      vertex 42.3 38.3192 -41.95
      vertex 42.3 40.5872 -40.95
    endloop
  endfacet
  facet normal -1 0 0
    outer loop
      vertex 42.3 56.1949 -46.95
      vertex 42.3 29.659 -46.95
      vertex 42.3 38.3192 -41.95
    endloop
  endfacet
  facet normal -1 -0 0
    outer loop
      vertex 42.3 60.8743 -46.95
      vertex 42.3 3.5 -56.9
      vertex 42.3 56.1949 -46.95
    endloop
  endfacet
  facet normal -1 -0 0
    outer loop
      vertex 42.3 56.1949 -46.95
      vertex 42.3 3.5 -56.9
      vertex 42.3 29.659 -46.95
    endloop
  endfacet
  facet normal -1 0 0
    outer loop
      vertex 42.3 3.5 -56.9
      vertex 42.3 16.3192 -29.95
      vertex 42.3 16.3192 -41.95
    endloop
  endfacet
  facet normal -1 0 0
    outer loop
      vertex 42.3 3.5 -3
      vertex 42.3 16.3192 -29.95
      vertex 42.3 3.5 -56.9
    endloop
  endfacet
  facet normal -1 -0 0
    outer loop
      vertex 42.3 24.9795 -46.95
      vertex 42.3 3.5 -56.9
      vertex 42.3 16.3192 -41.95
    endloop
  endfacet
  facet normal -1 -0 0
    outer loop
      vertex 42.3 29.659 -46.95
      vertex 42.3 3.5 -56.9
      vertex 42.3 24.9795 -46.95
    endloop
  endfacet
  facet normal -1 0 0
    outer loop
      vertex 42.3 178 -56.9
      vertex 42.3 163.181 -29.95
      vertex 42.3 178 -3
    endloop
  endfacet
  facet normal -1 0 0
    outer loop
      vertex 42.3 163.181 -17.95
      vertex 42.3 178 -3
      vertex 42.3 163.181 -29.95
    endloop
  endfacet
  facet normal -1 0 0
    outer loop
      vertex 42.3 154.52 -12.95
      vertex 42.3 178 -3
      vertex 42.3 163.181 -17.95
    endloop
  endfacet
  facet normal -1 0 0
    outer loop
      vertex 42.3 149.841 -12.95
      vertex 42.3 178 -3
      vertex 42.3 154.52 -12.95
    endloop
  endfacet
  facet normal -1 0 0
    outer loop
      vertex 42.3 131.965 -17.95
      vertex 42.3 141.181 -17.95
      vertex 42.3 138.913 -18.95
    endloop
  endfacet
  facet normal -1 0 0
    outer loop
      vertex 42.3 131.965 -17.95
      vertex 42.3 138.913 -18.95
      vertex 42.3 134.233 -18.95
    endloop
  endfacet
  facet normal -1 0 0
    outer loop
      vertex 42.3 141.181 -17.95
      vertex 42.3 131.965 -17.95
      vertex 42.3 149.841 -12.95
    endloop
  endfacet
  facet normal -1 0 0
    outer loop
      vertex 42.3 123.305 -12.95
      vertex 42.3 149.841 -12.95
      vertex 42.3 131.965 -17.95
    endloop
  endfacet
  facet normal -1 0 0
    outer loop
      vertex 42.3 149.841 -12.95
      vertex 42.3 123.305 -12.95
      vertex 42.3 178 -3
    endloop
  endfacet
  facet normal -1 0 0
    outer loop
      vertex 42.3 118.626 -12.95
      vertex 42.3 178 -3
      vertex 42.3 123.305 -12.95
    endloop
  endfacet
  facet normal -1 0 0
    outer loop
      vertex 42.3 100.75 -17.95
      vertex 42.3 109.965 -17.95
      vertex 42.3 107.697 -18.95
    endloop
  endfacet
  facet normal -1 0 0
    outer loop
      vertex 42.3 100.75 -17.95
      vertex 42.3 107.697 -18.95
      vertex 42.3 103.018 -18.95
    endloop
  endfacet
  facet normal -1 0 0
    outer loop
      vertex 42.3 109.965 -17.95
      vertex 42.3 100.75 -17.95
      vertex 42.3 118.626 -12.95
    endloop
  endfacet
  facet normal -1 0 0
    outer loop
      vertex 42.3 92.0897 -12.95
      vertex 42.3 118.626 -12.95
      vertex 42.3 100.75 -17.95
    endloop
  endfacet
  facet normal -1 0 0
    outer loop
      vertex 42.3 92.0897 -12.95
      vertex 42.3 178 -3
      vertex 42.3 118.626 -12.95
    endloop
  endfacet
  facet normal -1 0 0
    outer loop
      vertex 42.3 87.4103 -12.95
      vertex 42.3 178 -3
      vertex 42.3 92.0897 -12.95
    endloop
  endfacet
  facet normal -1 0 0
    outer loop
      vertex 42.3 69.5346 -17.95
      vertex 42.3 78.75 -17.95
      vertex 42.3 76.482 -18.95
    endloop
  endfacet
  facet normal -1 0 0
    outer loop
      vertex 42.3 69.5346 -17.95
      vertex 42.3 76.482 -18.95
      vertex 42.3 71.8026 -18.95
    endloop
  endfacet
  facet normal -1 0 0
    outer loop
      vertex 42.3 78.75 -17.95
      vertex 42.3 69.5346 -17.95
      vertex 42.3 87.4103 -12.95
    endloop
  endfacet
  facet normal -1 0 0
    outer loop
      vertex 42.3 60.8743 -12.95
      vertex 42.3 87.4103 -12.95
      vertex 42.3 69.5346 -17.95
    endloop
  endfacet
  facet normal -1 0 0
    outer loop
      vertex 42.3 3.5 -3
      vertex 42.3 87.4103 -12.95
      vertex 42.3 60.8743 -12.95
    endloop
  endfacet
  facet normal -1 0 0
    outer loop
      vertex 42.3 3.5 -3
      vertex 42.3 60.8743 -12.95
      vertex 42.3 56.1949 -12.95
    endloop
  endfacet
  facet normal -1 0 0
    outer loop
      vertex 42.3 38.3192 -17.95
      vertex 42.3 47.5346 -17.95
      vertex 42.3 45.2666 -18.95
    endloop
  endfacet
  facet normal -1 0 0
    outer loop
      vertex 42.3 38.3192 -17.95
      vertex 42.3 45.2666 -18.95
      vertex 42.3 40.5872 -18.95
    endloop
  endfacet
  facet normal -1 0 0
    outer loop
      vertex 42.3 47.5346 -17.95
      vertex 42.3 38.3192 -17.95
      vertex 42.3 56.1949 -12.95
    endloop
  endfacet
  facet normal -1 0 0
    outer loop
      vertex 42.3 29.659 -12.95
      vertex 42.3 56.1949 -12.95
      vertex 42.3 38.3192 -17.95
    endloop
  endfacet
  facet normal -1 0 0
    outer loop
      vertex 42.3 3.5 -3
      vertex 42.3 56.1949 -12.95
      vertex 42.3 29.659 -12.95
    endloop
  endfacet
  facet normal -1 0 0
    outer loop
      vertex 42.3 3.5 -3
      vertex 42.3 29.659 -12.95
      vertex 42.3 24.9795 -12.95
    endloop
  endfacet
  facet normal -1 0 0
    outer loop
      vertex 42.3 87.4103 -12.95
      vertex 42.3 3.5 -3
      vertex 42.3 178 -3
    endloop
  endfacet
  facet normal -1 0 0
    outer loop
      vertex 42.3 16.3192 -17.95
      vertex 42.3 3.5 -3
      vertex 42.3 24.9795 -12.95
    endloop
  endfacet
  facet normal -1 0 0
    outer loop
      vertex 42.3 16.3192 -29.95
      vertex 42.3 3.5 -3
      vertex 42.3 16.3192 -17.95
    endloop
  endfacet
  facet normal -1 0 0
    outer loop
      vertex 42.3 147.573 -35.95
      vertex 42.3 141.181 -29.95
      vertex 42.3 149.841 -34.95
    endloop
  endfacet
  facet normal -1 0 -0
    outer loop
      vertex 42.3 141.181 -29.95
      vertex 42.3 147.573 -35.95
      vertex 42.3 138.913 -30.95
    endloop
  endfacet
  facet normal -1 0 0
    outer loop
      vertex 42.3 147.573 -23.95
      vertex 42.3 141.181 -17.95
      vertex 42.3 149.841 -22.95
    endloop
  endfacet
  facet normal -1 0 -0
    outer loop
      vertex 42.3 141.181 -17.95
      vertex 42.3 147.573 -23.95
      vertex 42.3 138.913 -18.95
    endloop
  endfacet
  facet normal 0 1 0
    outer loop
      vertex -30.3 179.5 -56.9
      vertex -30.3 179.5 -60.9
      vertex -43.806 179.5 -56.9
    endloop
  endfacet
  facet normal 0 1 0
    outer loop
      vertex 45.3 179.5 0
      vertex 43.806 179.5 -1.49398
      vertex -45.3 179.5 0
    endloop
  endfacet
  facet normal 0 1 0
    outer loop
      vertex 45.3 179.5 0
      vertex 43.806 179.5 -56.9
      vertex 43.806 179.5 -1.49398
    endloop
  endfacet
  facet normal 0 1 -0
    outer loop
      vertex 45.3 179.5 -60.9
      vertex 43.806 179.5 -56.9
      vertex 45.3 179.5 0
    endloop
  endfacet
  facet normal 0 1 0
    outer loop
      vertex 30.3 179.5 -60.9
      vertex 43.806 179.5 -56.9
      vertex 45.3 179.5 -60.9
    endloop
  endfacet
  facet normal 0 1 0
    outer loop
      vertex 43.806 179.5 -56.9
      vertex 30.3 179.5 -60.9
      vertex 30.3 179.5 -56.9
    endloop
  endfacet
  facet normal 0 1 -0
    outer loop
      vertex -43.806 179.5 -1.49398
      vertex -45.3 179.5 0
      vertex 43.806 179.5 -1.49398
    endloop
  endfacet
  facet normal 0 1 -0
    outer loop
      vertex -43.806 179.5 -56.9
      vertex -45.3 179.5 0
      vertex -43.806 179.5 -1.49398
    endloop
  endfacet
  facet normal 0 1 0
    outer loop
      vertex -43.806 179.5 -56.9
      vertex -45.3 179.5 -60.9
      vertex -45.3 179.5 0
    endloop
  endfacet
  facet normal 0 1 0
    outer loop
      vertex -45.3 179.5 -60.9
      vertex -43.806 179.5 -56.9
      vertex -30.3 179.5 -60.9
    endloop
  endfacet
  facet normal 0 -1 0
    outer loop
      vertex -45.3 0 0
      vertex -24 0 -12.95
      vertex 45.3 0 0
    endloop
  endfacet
  facet normal 0 -1 0
    outer loop
      vertex -45.3 0 0
      vertex -24.5881 0 -12.9789
      vertex -24 0 -12.95
    endloop
  endfacet
  facet normal 0 -1 0
    outer loop
      vertex -45.3 0 0
      vertex -25.1705 0 -13.0653
      vertex -24.5881 0 -12.9789
    endloop
  endfacet
  facet normal 0 -1 0
    outer loop
      vertex -45.3 0 0
      vertex -25.7417 0 -13.2084
      vertex -25.1705 0 -13.0653
    endloop
  endfacet
  facet normal 0 -1 0
    outer loop
      vertex -45.3 0 0
      vertex -26.2961 0 -13.4067
      vertex -25.7417 0 -13.2084
    endloop
  endfacet
  facet normal 0 -1 0
    outer loop
      vertex -45.3 0 0
      vertex -26.8284 0 -13.6585
      vertex -26.2961 0 -13.4067
    endloop
  endfacet
  facet normal 0 -1 0
    outer loop
      vertex -45.3 0 0
      vertex -27.3334 0 -13.9612
      vertex -26.8284 0 -13.6585
    endloop
  endfacet
  facet normal 0 -1 0
    outer loop
      vertex -45.3 0 0
      vertex -27.8064 0 -14.3119
      vertex -27.3334 0 -13.9612
    endloop
  endfacet
  facet normal 0 -1 0
    outer loop
      vertex -45.3 0 0
      vertex -28.2426 0 -14.7074
      vertex -27.8064 0 -14.3119
    endloop
  endfacet
  facet normal 0 -1 0
    outer loop
      vertex -45.3 0 0
      vertex -28.6381 0 -15.1436
      vertex -28.2426 0 -14.7074
    endloop
  endfacet
  facet normal 0 -1 0
    outer loop
      vertex -45.3 0 0
      vertex -28.9888 0 -15.6166
      vertex -28.6381 0 -15.1436
    endloop
  endfacet
  facet normal 0 -1 0
    outer loop
      vertex -45.3 0 0
      vertex -29.2915 0 -16.1216
      vertex -28.9888 0 -15.6166
    endloop
  endfacet
  facet normal 0 -1 0
    outer loop
      vertex -45.3 0 0
      vertex -29.5433 0 -16.6539
      vertex -29.2915 0 -16.1216
    endloop
  endfacet
  facet normal 0 -1 0
    outer loop
      vertex -45.3 0 0
      vertex -29.7416 0 -17.2083
      vertex -29.5433 0 -16.6539
    endloop
  endfacet
  facet normal 0 -1 0
    outer loop
      vertex -45.3 0 0
      vertex -29.8847 0 -17.7795
      vertex -29.7416 0 -17.2083
    endloop
  endfacet
  facet normal 0 -1 0
    outer loop
      vertex -45.3 0 0
      vertex -29.9711 0 -18.3619
      vertex -29.8847 0 -17.7795
    endloop
  endfacet
  facet normal 0 -1 0
    outer loop
      vertex -45.3 0 0
      vertex -30 0 -18.95
      vertex -29.9711 0 -18.3619
    endloop
  endfacet
  facet normal 0 -1 0
    outer loop
      vertex -45.3 0 0
      vertex -30 0 -40.95
      vertex -30 0 -18.95
    endloop
  endfacet
  facet normal 0 -1 0
    outer loop
      vertex -45.3 0 -60.9
      vertex -30 0 -40.95
      vertex -45.3 0 0
    endloop
  endfacet
  facet normal 0 -1 -0
    outer loop
      vertex -30 0 -40.95
      vertex -45.3 0 -60.9
      vertex -29.9711 0 -41.5381
    endloop
  endfacet
  facet normal 0 -1 -0
    outer loop
      vertex -29.9711 0 -41.5381
      vertex -45.3 0 -60.9
      vertex -29.8847 0 -42.1205
    endloop
  endfacet
  facet normal 0 -1 -0
    outer loop
      vertex -29.8847 0 -42.1205
      vertex -45.3 0 -60.9
      vertex -29.7416 0 -42.6917
    endloop
  endfacet
  facet normal 0 -1 -0
    outer loop
      vertex -24 0 -46.95
      vertex -45.3 0 -60.9
      vertex 24 0 -46.95
    endloop
  endfacet
  facet normal 0 -1 -0
    outer loop
      vertex -24.5881 0 -46.9211
      vertex -45.3 0 -60.9
      vertex -24 0 -46.95
    endloop
  endfacet
  facet normal 0 -1 -0
    outer loop
      vertex -25.1705 0 -46.8347
      vertex -45.3 0 -60.9
      vertex -24.5881 0 -46.9211
    endloop
  endfacet
  facet normal 0 -1 -0
    outer loop
      vertex -25.7417 0 -46.6916
      vertex -45.3 0 -60.9
      vertex -25.1705 0 -46.8347
    endloop
  endfacet
  facet normal 0 -1 -0
    outer loop
      vertex -26.2961 0 -46.4933
      vertex -45.3 0 -60.9
      vertex -25.7417 0 -46.6916
    endloop
  endfacet
  facet normal 0 -1 -0
    outer loop
      vertex -26.8284 0 -46.2415
      vertex -45.3 0 -60.9
      vertex -26.2961 0 -46.4933
    endloop
  endfacet
  facet normal 0 -1 -0
    outer loop
      vertex -27.3334 0 -45.9388
      vertex -45.3 0 -60.9
      vertex -26.8284 0 -46.2415
    endloop
  endfacet
  facet normal 0 -1 -0
    outer loop
      vertex -27.8064 0 -45.5881
      vertex -45.3 0 -60.9
      vertex -27.3334 0 -45.9388
    endloop
  endfacet
  facet normal 0 -1 -0
    outer loop
      vertex -28.2426 0 -45.1926
      vertex -45.3 0 -60.9
      vertex -27.8064 0 -45.5881
    endloop
  endfacet
  facet normal 0 -1 -0
    outer loop
      vertex -28.6381 0 -44.7564
      vertex -45.3 0 -60.9
      vertex -28.2426 0 -45.1926
    endloop
  endfacet
  facet normal 0 -1 -0
    outer loop
      vertex -28.9888 0 -44.2834
      vertex -45.3 0 -60.9
      vertex -28.6381 0 -44.7564
    endloop
  endfacet
  facet normal 0 -1 -0
    outer loop
      vertex -29.2915 0 -43.7784
      vertex -45.3 0 -60.9
      vertex -28.9888 0 -44.2834
    endloop
  endfacet
  facet normal 0 -1 -0
    outer loop
      vertex -29.5433 0 -43.2461
      vertex -45.3 0 -60.9
      vertex -29.2915 0 -43.7784
    endloop
  endfacet
  facet normal 0 -1 -0
    outer loop
      vertex -29.7416 0 -42.6917
      vertex -45.3 0 -60.9
      vertex -29.5433 0 -43.2461
    endloop
  endfacet
  facet normal 0 -1 0
    outer loop
      vertex 24 0 -12.95
      vertex 45.3 0 0
      vertex -24 0 -12.95
    endloop
  endfacet
  facet normal 0 -1 0
    outer loop
      vertex 24.5881 0 -12.9789
      vertex 45.3 0 0
      vertex 24 0 -12.95
    endloop
  endfacet
  facet normal 0 -1 0
    outer loop
      vertex 25.1705 0 -13.0653
      vertex 45.3 0 0
      vertex 24.5881 0 -12.9789
    endloop
  endfacet
  facet normal 0 -1 0
    outer loop
      vertex 25.7417 0 -13.2084
      vertex 45.3 0 0
      vertex 25.1705 0 -13.0653
    endloop
  endfacet
  facet normal 0 -1 0
    outer loop
      vertex 26.2961 0 -13.4067
      vertex 45.3 0 0
      vertex 25.7417 0 -13.2084
    endloop
  endfacet
  facet normal 0 -1 0
    outer loop
      vertex 26.8284 0 -13.6585
      vertex 45.3 0 0
      vertex 26.2961 0 -13.4067
    endloop
  endfacet
  facet normal 0 -1 0
    outer loop
      vertex 27.3334 0 -13.9612
      vertex 45.3 0 0
      vertex 26.8284 0 -13.6585
    endloop
  endfacet
  facet normal 0 -1 0
    outer loop
      vertex 27.8064 0 -14.3119
      vertex 45.3 0 0
      vertex 27.3334 0 -13.9612
    endloop
  endfacet
  facet normal 0 -1 0
    outer loop
      vertex 28.2426 0 -14.7074
      vertex 45.3 0 0
      vertex 27.8064 0 -14.3119
    endloop
  endfacet
  facet normal 0 -1 0
    outer loop
      vertex 28.6381 0 -15.1436
      vertex 45.3 0 0
      vertex 28.2426 0 -14.7074
    endloop
  endfacet
  facet normal 0 -1 0
    outer loop
      vertex 28.9888 0 -15.6166
      vertex 45.3 0 0
      vertex 28.6381 0 -15.1436
    endloop
  endfacet
  facet normal 0 -1 0
    outer loop
      vertex 29.2915 0 -16.1216
      vertex 45.3 0 0
      vertex 28.9888 0 -15.6166
    endloop
  endfacet
  facet normal 0 -1 0
    outer loop
      vertex 29.5433 0 -16.6539
      vertex 45.3 0 0
      vertex 29.2915 0 -16.1216
    endloop
  endfacet
  facet normal 0 -1 0
    outer loop
      vertex 29.7416 0 -17.2083
      vertex 45.3 0 0
      vertex 29.5433 0 -16.6539
    endloop
  endfacet
  facet normal 0 -1 0
    outer loop
      vertex 29.8847 0 -17.7795
      vertex 45.3 0 0
      vertex 29.7416 0 -17.2083
    endloop
  endfacet
  facet normal 0 -1 0
    outer loop
      vertex 29.9711 0 -18.3619
      vertex 45.3 0 0
      vertex 29.8847 0 -17.7795
    endloop
  endfacet
  facet normal 0 -1 0
    outer loop
      vertex 30 0 -18.95
      vertex 45.3 0 0
      vertex 29.9711 0 -18.3619
    endloop
  endfacet
  facet normal 0 -1 0
    outer loop
      vertex 30 0 -40.95
      vertex 45.3 0 0
      vertex 30 0 -18.95
    endloop
  endfacet
  facet normal 0 -1 0
    outer loop
      vertex 45.3 0 -60.9
      vertex 30 0 -40.95
      vertex 29.9711 0 -41.5381
    endloop
  endfacet
  facet normal 0 -1 0
    outer loop
      vertex 45.3 0 -60.9
      vertex 29.9711 0 -41.5381
      vertex 29.8847 0 -42.1205
    endloop
  endfacet
  facet normal 0 -1 0
    outer loop
      vertex 45.3 0 -60.9
      vertex 29.8847 0 -42.1205
      vertex 29.7416 0 -42.6917
    endloop
  endfacet
  facet normal 0 -1 0
    outer loop
      vertex 45.3 0 -60.9
      vertex 29.7416 0 -42.6917
      vertex 29.5433 0 -43.2461
    endloop
  endfacet
  facet normal 0 -1 0
    outer loop
      vertex 45.3 0 -60.9
      vertex 24 0 -46.95
      vertex -45.3 0 -60.9
    endloop
  endfacet
  facet normal 0 -1 0
    outer loop
      vertex 24 0 -46.95
      vertex 45.3 0 -60.9
      vertex 24.5881 0 -46.9211
    endloop
  endfacet
  facet normal 0 -1 0
    outer loop
      vertex 30 0 -40.95
      vertex 45.3 0 -60.9
      vertex 45.3 0 0
    endloop
  endfacet
  facet normal 0 -1 0
    outer loop
      vertex 29.2915 0 -43.7784
      vertex 45.3 0 -60.9
      vertex 29.5433 0 -43.2461
    endloop
  endfacet
  facet normal 0 -1 0
    outer loop
      vertex 28.9888 0 -44.2834
      vertex 45.3 0 -60.9
      vertex 29.2915 0 -43.7784
    endloop
  endfacet
  facet normal 0 -1 0
    outer loop
      vertex 28.6381 0 -44.7564
      vertex 45.3 0 -60.9
      vertex 28.9888 0 -44.2834
    endloop
  endfacet
  facet normal 0 -1 0
    outer loop
      vertex 28.2426 0 -45.1926
      vertex 45.3 0 -60.9
      vertex 28.6381 0 -44.7564
    endloop
  endfacet
  facet normal 0 -1 0
    outer loop
      vertex 27.8064 0 -45.5881
      vertex 45.3 0 -60.9
      vertex 28.2426 0 -45.1926
    endloop
  endfacet
  facet normal 0 -1 0
    outer loop
      vertex 27.3334 0 -45.9388
      vertex 45.3 0 -60.9
      vertex 27.8064 0 -45.5881
    endloop
  endfacet
  facet normal 0 -1 0
    outer loop
      vertex 26.8284 0 -46.2415
      vertex 45.3 0 -60.9
      vertex 27.3334 0 -45.9388
    endloop
  endfacet
  facet normal 0 -1 0
    outer loop
      vertex 26.2961 0 -46.4933
      vertex 45.3 0 -60.9
      vertex 26.8284 0 -46.2415
    endloop
  endfacet
  facet normal 0 -1 0
    outer loop
      vertex 25.7417 0 -46.6916
      vertex 45.3 0 -60.9
      vertex 26.2961 0 -46.4933
    endloop
  endfacet
  facet normal 0 -1 0
    outer loop
      vertex 25.1705 0 -46.8347
      vertex 45.3 0 -60.9
      vertex 25.7417 0 -46.6916
    endloop
  endfacet
  facet normal 0 -1 0
    outer loop
      vertex 24.5881 0 -46.9211
      vertex 45.3 0 -60.9
      vertex 25.1705 0 -46.8347
    endloop
  endfacet
  facet normal -0 0 1
    outer loop
      vertex 30.3 179.5 -56.9
      vertex 42.3 178 -56.9
      vertex 43.806 179.5 -56.9
    endloop
  endfacet
  facet normal 0 0 1
    outer loop
      vertex 42.3 178 -56.9
      vertex 30.3 179.5 -56.9
      vertex 30.3 178 -56.9
    endloop
  endfacet
  facet normal -0 0 1
    outer loop
      vertex 8 169.5 -56.9
      vertex 20 167.108 -56.9
      vertex 20 169.5 -56.9
    endloop
  endfacet
  facet normal 0 0 1
    outer loop
      vertex 20 167.108 -56.9
      vertex 8 169.5 -56.9
      vertex 14 153.5 -56.9
    endloop
  endfacet
  facet normal 0 0 1
    outer loop
      vertex 14 153.5 -56.9
      vertex 8 169.5 -56.9
      vertex 8 153.5 -56.9
    endloop
  endfacet
  facet normal -0 0 1
    outer loop
      vertex 14 153.5 -56.9
      vertex 30.3 149.268 -56.9
      vertex 20 167.108 -56.9
    endloop
  endfacet
  facet normal 0 0 1
    outer loop
      vertex 30.3 149.268 -56.9
      vertex 14 153.5 -56.9
      vertex 30.3 125.268 -56.9
    endloop
  endfacet
  facet normal 0 0 1
    outer loop
      vertex 30.3 149.268 -56.9
      vertex 42.3 178 -56.9
      vertex 30.3 178 -56.9
    endloop
  endfacet
  facet normal 0 0 1
    outer loop
      vertex 30.3 125.268 -56.9
      vertex 42.3 178 -56.9
      vertex 30.3 149.268 -56.9
    endloop
  endfacet
  facet normal 0 0 1
    outer loop
      vertex 42.3 178 -56.9
      vertex 30.3 125.268 -56.9
      vertex 42.3 3.5 -56.9
    endloop
  endfacet
  facet normal 0 0 1
    outer loop
      vertex 42.3 3.5 -56.9
      vertex 30.3 125.268 -56.9
      vertex 30.3 3.5 -56.9
    endloop
  endfacet
  facet normal -0 0 1
    outer loop
      vertex 8 179.5 -56.9
      vertex 20 178 -56.9
      vertex 20 179.5 -56.9
    endloop
  endfacet
  facet normal 0 0 1
    outer loop
      vertex 20 178 -56.9
      vertex 8 179.5 -56.9
      vertex 8 178 -56.9
    endloop
  endfacet
  facet normal -0 0 1
    outer loop
      vertex 8 178 -56.9
      vertex 20 175.679 -56.9
      vertex 20 178 -56.9
    endloop
  endfacet
  facet normal 0 0 1
    outer loop
      vertex 20 175.679 -56.9
      vertex 8 178 -56.9
      vertex 8 175.679 -56.9
    endloop
  endfacet
  facet normal 0 0 1
    outer loop
      vertex -30.3 179.5 -56.9
      vertex -42.3 178 -56.9
      vertex -30.3 178 -56.9
    endloop
  endfacet
  facet normal 0 -0 1
    outer loop
      vertex -42.3 178 -56.9
      vertex -30.3 179.5 -56.9
      vertex -43.806 179.5 -56.9
    endloop
  endfacet
  facet normal -0 0 1
    outer loop
      vertex -42.3 178 -56.9
      vertex -30.3 149.268 -56.9
      vertex -30.3 178 -56.9
    endloop
  endfacet
  facet normal 0 0 1
    outer loop
      vertex -30.3 149.268 -56.9
      vertex -42.3 178 -56.9
      vertex -30.3 125.268 -56.9
    endloop
  endfacet
  facet normal 0 0 1
    outer loop
      vertex -42.3 3.5 -56.9
      vertex -30.3 125.268 -56.9
      vertex -42.3 178 -56.9
    endloop
  endfacet
  facet normal 0 0 1
    outer loop
      vertex -30.3 125.268 -56.9
      vertex -42.3 3.5 -56.9
      vertex -30.3 3.5 -56.9
    endloop
  endfacet
  facet normal 0 0 1
    outer loop
      vertex -8 169.5 -56.9
      vertex -14 153.5 -56.9
      vertex -8 153.5 -56.9
    endloop
  endfacet
  facet normal 0 0 1
    outer loop
      vertex -20 167.108 -56.9
      vertex -8 169.5 -56.9
      vertex -20 169.5 -56.9
    endloop
  endfacet
  facet normal 0 0 1
    outer loop
      vertex -8 169.5 -56.9
      vertex -20 167.108 -56.9
      vertex -14 153.5 -56.9
    endloop
  endfacet
  facet normal 0 0 1
    outer loop
      vertex -30.3 149.268 -56.9
      vertex -14 153.5 -56.9
      vertex -20 167.108 -56.9
    endloop
  endfacet
  facet normal 0 0 1
    outer loop
      vertex -14 153.5 -56.9
      vertex -30.3 149.268 -56.9
      vertex -30.3 125.268 -56.9
    endloop
  endfacet
  facet normal -0 0 1
    outer loop
      vertex -20 179.5 -56.9
      vertex -8 178 -56.9
      vertex -8 179.5 -56.9
    endloop
  endfacet
  facet normal 0 0 1
    outer loop
      vertex -8 178 -56.9
      vertex -20 179.5 -56.9
      vertex -20 178 -56.9
    endloop
  endfacet
  facet normal -0 0 1
    outer loop
      vertex -20 178 -56.9
      vertex -8 175.679 -56.9
      vertex -8 178 -56.9
    endloop
  endfacet
  facet normal 0 0 1
    outer loop
      vertex -8 175.679 -56.9
      vertex -20 178 -56.9
      vertex -20 175.679 -56.9
    endloop
  endfacet
  facet normal 0 0 1
    outer loop
      vertex 45.3 123.287 -56.9
      vertex 45.3 111.287 -56.9
      vertex 50.4961 114.287 -56.9
    endloop
  endfacet
  facet normal -1 0 0
    outer loop
      vertex 30.3 179.5 -60.9
      vertex 30.3 178 -56.9
      vertex 30.3 179.5 -56.9
    endloop
  endfacet
  facet normal -1 0 0
    outer loop
      vertex 30.3 179.5 -60.9
      vertex 30.3 149.268 -59.9
      vertex 30.3 178 -56.9
    endloop
  endfacet
  facet normal -1 0 0
    outer loop
      vertex 30.3 179.5 -60.9
      vertex 30.3 125.268 -59.9
      vertex 30.3 149.268 -59.9
    endloop
  endfacet
  facet normal -1 0 0
    outer loop
      vertex 30.3 3.5 -60.9
      vertex 30.3 125.268 -59.9
      vertex 30.3 179.5 -60.9
    endloop
  endfacet
  facet normal -1 0 0
    outer loop
      vertex 30.3 3.5 -60.9
      vertex 30.3 125.268 -56.9
      vertex 30.3 125.268 -59.9
    endloop
  endfacet
  facet normal -1 -0 0
    outer loop
      vertex 30.3 125.268 -56.9
      vertex 30.3 3.5 -60.9
      vertex 30.3 3.5 -56.9
    endloop
  endfacet
  facet normal -1 -0 0
    outer loop
      vertex 30.3 178 -56.9
      vertex 30.3 149.268 -59.9
      vertex 30.3 149.268 -56.9
    endloop
  endfacet
  facet normal 0 0 -1
    outer loop
      vertex 14 153.5 -59.9
      vertex 30.3 149.268 -59.9
      vertex 30.3 125.268 -59.9
    endloop
  endfacet
  facet normal 0 0 -1
    outer loop
      vertex 30.3 149.268 -59.9
      vertex 14 153.5 -59.9
      vertex 20 167.108 -59.9
    endloop
  endfacet
  facet normal 0 0 -1
    outer loop
      vertex 8 153.5 -59.9
      vertex 20 167.108 -59.9
      vertex 14 153.5 -59.9
    endloop
  endfacet
  facet normal -0 0 -1
    outer loop
      vertex 20 167.108 -59.9
      vertex 8 153.5 -59.9
      vertex 8 179.5 -59.9
    endloop
  endfacet
  facet normal 0 0 -1
    outer loop
      vertex 20 167.108 -59.9
      vertex 8 179.5 -59.9
      vertex 20 179.5 -59.9
    endloop
  endfacet
  facet normal 0 0 -1
    outer loop
      vertex 45.3 123.287 -59.9
      vertex 50.4961 114.287 -59.9
      vertex 45.3 111.287 -59.9
    endloop
  endfacet
  facet normal 0.866028 0.499996 0
    outer loop
      vertex 50.4961 114.287 -56.9
      vertex 45.3 123.287 -59.9
      vertex 45.3 123.287 -56.9
    endloop
  endfacet
  facet normal 0.866028 0.499996 0
    outer loop
      vertex 45.3 123.287 -59.9
      vertex 50.4961 114.287 -56.9
      vertex 50.4961 114.287 -59.9
    endloop
  endfacet
  facet normal 0.866024 0.500003 0
    outer loop
      vertex 30.3 149.268 -56.9
      vertex 20 167.108 -59.9
      vertex 20 167.108 -56.9
    endloop
  endfacet
  facet normal 0.866024 0.500003 0
    outer loop
      vertex 20 167.108 -59.9
      vertex 30.3 149.268 -56.9
      vertex 30.3 149.268 -59.9
    endloop
  endfacet
  facet normal 1 -0 0
    outer loop
      vertex 20 178 -56.9
      vertex 20 179.5 -59.9
      vertex 20 179.5 -56.9
    endloop
  endfacet
  facet normal 1 -0 0
    outer loop
      vertex 20 175.679 -56.9
      vertex 20 179.5 -59.9
      vertex 20 178 -56.9
    endloop
  endfacet
  facet normal 1 0 0
    outer loop
      vertex 20 169.5 -56.9
      vertex 20 175.679 -56.9
      vertex 20 170.5 -53.9
    endloop
  endfacet
  facet normal 1 0 0
    outer loop
      vertex 20 169.5 -56.9
      vertex 20 170.5 -53.9
      vertex 20 169.5 -53.9
    endloop
  endfacet
  facet normal 1 0 0
    outer loop
      vertex 20 167.108 -59.9
      vertex 20 175.679 -56.9
      vertex 20 169.5 -56.9
    endloop
  endfacet
  facet normal 1 0 0
    outer loop
      vertex 20 167.108 -59.9
      vertex 20 169.5 -56.9
      vertex 20 167.108 -56.9
    endloop
  endfacet
  facet normal 1 0 0
    outer loop
      vertex 20 175.679 -56.9
      vertex 20 167.108 -59.9
      vertex 20 179.5 -59.9
    endloop
  endfacet
  facet normal 0 1 -0
    outer loop
      vertex 20 179.5 -59.9
      vertex 8 179.5 -56.9
      vertex 20 179.5 -56.9
    endloop
  endfacet
  facet normal 0 1 0
    outer loop
      vertex 8 179.5 -56.9
      vertex 20 179.5 -59.9
      vertex 8 179.5 -59.9
    endloop
  endfacet
  facet normal -1 0 0
    outer loop
      vertex 8 179.5 -59.9
      vertex 8 178 -56.9
      vertex 8 179.5 -56.9
    endloop
  endfacet
  facet normal -1 0 0
    outer loop
      vertex 8 179.5 -59.9
      vertex 8 175.679 -56.9
      vertex 8 178 -56.9
    endloop
  endfacet
  facet normal -1 0 0
    outer loop
      vertex 8 169.5 -56.9
      vertex 8 175.679 -56.9
      vertex 8 179.5 -59.9
    endloop
  endfacet
  facet normal -1 0 0
    outer loop
      vertex 8 175.679 -56.9
      vertex 8 169.5 -56.9
      vertex 8 170.5 -53.9
    endloop
  endfacet
  facet normal -1 0 0
    outer loop
      vertex 8 153.5 -59.9
      vertex 8 169.5 -56.9
      vertex 8 179.5 -59.9
    endloop
  endfacet
  facet normal -1 -0 0
    outer loop
      vertex 8 169.5 -56.9
      vertex 8 153.5 -59.9
      vertex 8 153.5 -56.9
    endloop
  endfacet
  facet normal -1 -0 0
    outer loop
      vertex 8 170.5 -53.9
      vertex 8 169.5 -56.9
      vertex 8 169.5 -53.9
    endloop
  endfacet
  facet normal 0 -1 0
    outer loop
      vertex 8 153.5 -59.9
      vertex 14 153.5 -56.9
      vertex 8 153.5 -56.9
    endloop
  endfacet
  facet normal 0 -1 -0
    outer loop
      vertex 14 153.5 -56.9
      vertex 8 153.5 -59.9
      vertex 14 153.5 -59.9
    endloop
  endfacet
  facet normal -0.866022 -0.500006 0
    outer loop
      vertex 30.3 125.268 -59.9
      vertex 14 153.5 -56.9
      vertex 14 153.5 -59.9
    endloop
  endfacet
  facet normal -0.866022 -0.500006 0
    outer loop
      vertex 14 153.5 -56.9
      vertex 30.3 125.268 -59.9
      vertex 30.3 125.268 -56.9
    endloop
  endfacet
  facet normal 0.500004 -0.866023 0
    outer loop
      vertex 45.3 111.287 -59.9
      vertex 50.4961 114.287 -56.9
      vertex 45.3 111.287 -56.9
    endloop
  endfacet
  facet normal 0.500004 -0.866023 0
    outer loop
      vertex 50.4961 114.287 -56.9
      vertex 45.3 111.287 -59.9
      vertex 50.4961 114.287 -59.9
    endloop
  endfacet
  facet normal -0 0.50124 0.865308
    outer loop
      vertex 8 175.679 -56.9
      vertex 20 170.5 -53.9
      vertex 20 175.679 -56.9
    endloop
  endfacet
  facet normal 0 0.50124 0.865308
    outer loop
      vertex 20 170.5 -53.9
      vertex 8 175.679 -56.9
      vertex 8 170.5 -53.9
    endloop
  endfacet
  facet normal 0 -1 0
    outer loop
      vertex 8 169.5 -56.9
      vertex 20 169.5 -53.9
      vertex 8 169.5 -53.9
    endloop
  endfacet
  facet normal 0 -1 -0
    outer loop
      vertex 20 169.5 -53.9
      vertex 8 169.5 -56.9
      vertex 20 169.5 -56.9
    endloop
  endfacet
  facet normal -0 0 1
    outer loop
      vertex 8 170.5 -53.9
      vertex 20 169.5 -53.9
      vertex 20 170.5 -53.9
    endloop
  endfacet
  facet normal 0 0 1
    outer loop
      vertex 20 169.5 -53.9
      vertex 8 170.5 -53.9
      vertex 8 169.5 -53.9
    endloop
  endfacet
  facet normal 0 0 -1
    outer loop
      vertex -45.3 6.00002 -6.5
      vertex -47.55 30 -6.5
      vertex -45.3 54 -6.5
    endloop
  endfacet
  facet normal 0 0 -1
    outer loop
      vertex -45.3 6.00002 -6.5
      vertex -47.5728 29.5355 -6.5
      vertex -47.55 30 -6.5
    endloop
  endfacet
  facet normal 0 0 -1
    outer loop
      vertex -45.3 6.00002 -6.5
      vertex -47.5729 29.5344 -6.5
      vertex -47.5728 29.5355 -6.5
    endloop
  endfacet
  facet normal 0 0 -1
    outer loop
      vertex -45.3 6.00002 -6.5
      vertex -47.6411 29.0744 -6.5
      vertex -47.5729 29.5344 -6.5
    endloop
  endfacet
  facet normal 0 0 -1
    outer loop
      vertex -45.3 6.00002 -6.5
      vertex -47.6413 29.0733 -6.5
      vertex -47.6411 29.0744 -6.5
    endloop
  endfacet
  facet normal 0 0 -1
    outer loop
      vertex -45.3 6.00002 -6.5
      vertex -47.6415 29.0723 -6.5
      vertex -47.6413 29.0733 -6.5
    endloop
  endfacet
  facet normal 0 0 -1
    outer loop
      vertex -45.3 6.00002 -6.5
      vertex -47.7545 28.6211 -6.5
      vertex -47.6415 29.0723 -6.5
    endloop
  endfacet
  facet normal 0 0 -1
    outer loop
      vertex -45.3 6.00002 -6.5
      vertex -47.7549 28.6201 -6.5
      vertex -47.7545 28.6211 -6.5
    endloop
  endfacet
  facet normal 0 0 -1
    outer loop
      vertex -45.3 6.00002 -6.5
      vertex -47.9116 28.1823 -6.5
      vertex -47.7549 28.6201 -6.5
    endloop
  endfacet
  facet normal 0 0 -1
    outer loop
      vertex -45.3 6.00002 -6.5
      vertex -47.912 28.1813 -6.5
      vertex -47.9116 28.1823 -6.5
    endloop
  endfacet
  facet normal 0 0 -1
    outer loop
      vertex -45.3 6.00002 -6.5
      vertex -48.1109 27.7609 -6.5
      vertex -47.912 28.1813 -6.5
    endloop
  endfacet
  facet normal 0 0 -1
    outer loop
      vertex -45.3 6.00002 -6.5
      vertex -48.35 27.362 -6.5
      vertex -48.1109 27.7609 -6.5
    endloop
  endfacet
  facet normal 0 0 -1
    outer loop
      vertex -45.3 6.00002 -6.5
      vertex -48.3505 27.361 -6.5
      vertex -48.35 27.362 -6.5
    endloop
  endfacet
  facet normal 0 0 -1
    outer loop
      vertex -45.3 6.00002 -6.5
      vertex -48.6276 26.9875 -6.5
      vertex -48.3505 27.361 -6.5
    endloop
  endfacet
  facet normal 0 0 -1
    outer loop
      vertex -45.3 6.00002 -6.5
      vertex -48.6282 26.9866 -6.5
      vertex -48.6276 26.9875 -6.5
    endloop
  endfacet
  facet normal 0 0 -1
    outer loop
      vertex -45.3 6.00002 -6.5
      vertex -48.6289 26.9858 -6.5
      vertex -48.6282 26.9866 -6.5
    endloop
  endfacet
  facet normal 0 0 -1
    outer loop
      vertex -45.3 6.00002 -6.5
      vertex -48.9412 26.6412 -6.5
      vertex -48.6289 26.9858 -6.5
    endloop
  endfacet
  facet normal 0 0 -1
    outer loop
      vertex -45.3 6.00002 -6.5
      vertex -49.2858 26.3289 -6.5
      vertex -48.9412 26.6412 -6.5
    endloop
  endfacet
  facet normal 0 0 -1
    outer loop
      vertex -45.3 6.00002 -6.5
      vertex -49.2866 26.3282 -6.5
      vertex -49.2858 26.3289 -6.5
    endloop
  endfacet
  facet normal 0 0 -1
    outer loop
      vertex -45.3 6.00002 -6.5
      vertex -49.6602 26.0512 -6.5
      vertex -49.2866 26.3282 -6.5
    endloop
  endfacet
  facet normal 0 0 -1
    outer loop
      vertex -45.3 6.00002 -6.5
      vertex -49.661 26.0505 -6.5
      vertex -49.6602 26.0512 -6.5
    endloop
  endfacet
  facet normal 0 0 -1
    outer loop
      vertex -45.3 6.00002 -6.5
      vertex -49.662 26.05 -6.5
      vertex -49.661 26.0505 -6.5
    endloop
  endfacet
  facet normal 0 0 -1
    outer loop
      vertex -45.3 6.00002 -6.5
      vertex -50.0609 25.8109 -6.5
      vertex -49.662 26.05 -6.5
    endloop
  endfacet
  facet normal 0 0 -1
    outer loop
      vertex -45.3 6.00002 -6.5
      vertex -50.4813 25.612 -6.5
      vertex -50.0609 25.8109 -6.5
    endloop
  endfacet
  facet normal 0 0 -1
    outer loop
      vertex -45.3 6.00002 -6.5
      vertex -50.4823 25.6116 -6.5
      vertex -50.4813 25.612 -6.5
    endloop
  endfacet
  facet normal 0 0 -1
    outer loop
      vertex -45.3 6.00002 -6.5
      vertex -50.4833 25.6112 -6.5
      vertex -50.4823 25.6116 -6.5
    endloop
  endfacet
  facet normal 0 0 -1
    outer loop
      vertex -45.3 6.00002 -6.5
      vertex -50.9211 25.4545 -6.5
      vertex -50.4833 25.6112 -6.5
    endloop
  endfacet
  facet normal 0 0 -1
    outer loop
      vertex -45.3 6.00002 -6.5
      vertex -51.3723 25.3415 -6.5
      vertex -50.9211 25.4545 -6.5
    endloop
  endfacet
  facet normal 0 0 -1
    outer loop
      vertex -45.3 6.00002 -6.5
      vertex -51.3733 25.3413 -6.5
      vertex -51.3723 25.3415 -6.5
    endloop
  endfacet
  facet normal 0 0 -1
    outer loop
      vertex -45.3 6.00002 -6.5
      vertex -51.3744 25.3411 -6.5
      vertex -51.3733 25.3413 -6.5
    endloop
  endfacet
  facet normal 0 0 -1
    outer loop
      vertex -45.3 6.00002 -6.5
      vertex -51.8344 25.2729 -6.5
      vertex -51.3744 25.3411 -6.5
    endloop
  endfacet
  facet normal 0 0 -1
    outer loop
      vertex -45.3 6.00002 -6.5
      vertex -52.2989 25.2501 -6.5
      vertex -51.8344 25.2729 -6.5
    endloop
  endfacet
  facet normal 0 0 -1
    outer loop
      vertex -45.3 6.00002 -6.5
      vertex -52.3 25.25 -6.5
      vertex -52.2989 25.2501 -6.5
    endloop
  endfacet
  facet normal 0 0 -1
    outer loop
      vertex -45.3 6.00002 -6.5
      vertex -52.3011 25.2501 -6.5
      vertex -52.3 25.25 -6.5
    endloop
  endfacet
  facet normal 0 0 -1
    outer loop
      vertex -45.3 6.00002 -6.5
      vertex -52.7656 25.2729 -6.5
      vertex -52.3011 25.2501 -6.5
    endloop
  endfacet
  facet normal 0 0 -1
    outer loop
      vertex -45.3 6.00002 -6.5
      vertex -53.2256 25.3411 -6.5
      vertex -52.7656 25.2729 -6.5
    endloop
  endfacet
  facet normal 0 0 -1
    outer loop
      vertex -45.3 6.00002 -6.5
      vertex -53.2267 25.3413 -6.5
      vertex -53.2256 25.3411 -6.5
    endloop
  endfacet
  facet normal 0 0 -1
    outer loop
      vertex -45.3 6.00002 -6.5
      vertex -53.6778 25.4543 -6.5
      vertex -53.2267 25.3413 -6.5
    endloop
  endfacet
  facet normal 0 0 -1
    outer loop
      vertex -45.3 6.00002 -6.5
      vertex -53.6789 25.4545 -6.5
      vertex -53.6778 25.4543 -6.5
    endloop
  endfacet
  facet normal 0 0 -1
    outer loop
      vertex -45.3 6.00002 -6.5
      vertex -53.6799 25.4549 -6.5
      vertex -53.6789 25.4545 -6.5
    endloop
  endfacet
  facet normal 0 0 -1
    outer loop
      vertex -45.3 6.00002 -6.5
      vertex -54.1177 25.6116 -6.5
      vertex -53.6799 25.4549 -6.5
    endloop
  endfacet
  facet normal 0 0 -1
    outer loop
      vertex -59.3 27 -6.5
      vertex -54.1177 25.6116 -6.5
      vertex -45.3 6.00002 -6.5
    endloop
  endfacet
  facet normal 0 0 -1
    outer loop
      vertex -54.1177 25.6116 -6.5
      vertex -59.3 27 -6.5
      vertex -54.1187 25.612 -6.5
    endloop
  endfacet
  facet normal 0 0 -1
    outer loop
      vertex -54.1187 25.612 -6.5
      vertex -59.3 27 -6.5
      vertex -54.5391 25.8109 -6.5
    endloop
  endfacet
  facet normal 0 0 -1
    outer loop
      vertex -54.5391 25.8109 -6.5
      vertex -59.3 27 -6.5
      vertex -54.938 26.05 -6.5
    endloop
  endfacet
  facet normal 0 0 -1
    outer loop
      vertex -54.938 26.05 -6.5
      vertex -59.3 27 -6.5
      vertex -54.939 26.0505 -6.5
    endloop
  endfacet
  facet normal 0 0 -1
    outer loop
      vertex -54.939 26.0505 -6.5
      vertex -59.3 27 -6.5
      vertex -54.9398 26.0512 -6.5
    endloop
  endfacet
  facet normal 0 0 -1
    outer loop
      vertex -54.9398 26.0512 -6.5
      vertex -59.3 27 -6.5
      vertex -55.3134 26.3282 -6.5
    endloop
  endfacet
  facet normal 0 0 -1
    outer loop
      vertex -55.3134 26.3282 -6.5
      vertex -59.3 27 -6.5
      vertex -55.3142 26.3289 -6.5
    endloop
  endfacet
  facet normal 0 0 -1
    outer loop
      vertex -55.3142 26.3289 -6.5
      vertex -59.3 27 -6.5
      vertex -55.6588 26.6412 -6.5
    endloop
  endfacet
  facet normal 0 0 -1
    outer loop
      vertex -55.6588 26.6412 -6.5
      vertex -59.3 27 -6.5
      vertex -55.9711 26.9858 -6.5
    endloop
  endfacet
  facet normal 0 0 -1
    outer loop
      vertex -55.9711 26.9858 -6.5
      vertex -59.3 27 -6.5
      vertex -55.9718 26.9866 -6.5
    endloop
  endfacet
  facet normal 0 0 -1
    outer loop
      vertex -55.9718 26.9866 -6.5
      vertex -59.3 27 -6.5
      vertex -55.9724 26.9875 -6.5
    endloop
  endfacet
  facet normal 0 0 -1
    outer loop
      vertex -55.9724 26.9875 -6.5
      vertex -59.3 27 -6.5
      vertex -56.2495 27.361 -6.5
    endloop
  endfacet
  facet normal -0 0 -1
    outer loop
      vertex -56.2495 27.361 -6.5
      vertex -59.3 27 -6.5
      vertex -56.25 27.362 -6.5
    endloop
  endfacet
  facet normal 0 0 -1
    outer loop
      vertex -59.3 27 -6.5
      vertex -56.8451 28.6201 -6.5
      vertex -56.6884 28.1823 -6.5
    endloop
  endfacet
  facet normal 0 0 -1
    outer loop
      vertex -59.3 27 -6.5
      vertex -56.8457 28.6222 -6.5
      vertex -56.8455 28.6211 -6.5
    endloop
  endfacet
  facet normal -0 0 -1
    outer loop
      vertex -57.0272 29.5355 -6.5
      vertex -59.3 27 -6.5
      vertex -57.05 30 -6.5
    endloop
  endfacet
  facet normal -0 0 -1
    outer loop
      vertex -57.0271 29.5344 -6.5
      vertex -59.3 27 -6.5
      vertex -57.0272 29.5355 -6.5
    endloop
  endfacet
  facet normal -0 0 -1
    outer loop
      vertex -57.027 29.5333 -6.5
      vertex -59.3 27 -6.5
      vertex -57.0271 29.5344 -6.5
    endloop
  endfacet
  facet normal -0 0 -1
    outer loop
      vertex -56.9587 29.0733 -6.5
      vertex -59.3 27 -6.5
      vertex -57.027 29.5333 -6.5
    endloop
  endfacet
  facet normal -0 0 -1
    outer loop
      vertex -56.8457 28.6222 -6.5
      vertex -59.3 27 -6.5
      vertex -56.9587 29.0733 -6.5
    endloop
  endfacet
  facet normal -0 0 -1
    outer loop
      vertex -56.8451 28.6201 -6.5
      vertex -59.3 27 -6.5
      vertex -56.8455 28.6211 -6.5
    endloop
  endfacet
  facet normal -0 0 -1
    outer loop
      vertex -56.688 28.1813 -6.5
      vertex -59.3 27 -6.5
      vertex -56.6884 28.1823 -6.5
    endloop
  endfacet
  facet normal -0 0 -1
    outer loop
      vertex -56.4891 27.7609 -6.5
      vertex -59.3 27 -6.5
      vertex -56.688 28.1813 -6.5
    endloop
  endfacet
  facet normal -0 0 -1
    outer loop
      vertex -56.25 27.362 -6.5
      vertex -59.3 27 -6.5
      vertex -56.4891 27.7609 -6.5
    endloop
  endfacet
  facet normal 0 0 -1
    outer loop
      vertex -47.5728 30.4645 -6.5
      vertex -45.3 54 -6.5
      vertex -47.55 30 -6.5
    endloop
  endfacet
  facet normal 0 0 -1
    outer loop
      vertex -47.5729 30.4656 -6.5
      vertex -45.3 54 -6.5
      vertex -47.5728 30.4645 -6.5
    endloop
  endfacet
  facet normal 0 0 -1
    outer loop
      vertex -47.6411 30.9256 -6.5
      vertex -45.3 54 -6.5
      vertex -47.5729 30.4656 -6.5
    endloop
  endfacet
  facet normal 0 0 -1
    outer loop
      vertex -47.6413 30.9267 -6.5
      vertex -45.3 54 -6.5
      vertex -47.6411 30.9256 -6.5
    endloop
  endfacet
  facet normal 0 0 -1
    outer loop
      vertex -47.6415 30.9277 -6.5
      vertex -45.3 54 -6.5
      vertex -47.6413 30.9267 -6.5
    endloop
  endfacet
  facet normal 0 0 -1
    outer loop
      vertex -47.7545 31.3789 -6.5
      vertex -45.3 54 -6.5
      vertex -47.6415 30.9277 -6.5
    endloop
  endfacet
  facet normal 0 0 -1
    outer loop
      vertex -47.7549 31.3799 -6.5
      vertex -45.3 54 -6.5
      vertex -47.7545 31.3789 -6.5
    endloop
  endfacet
  facet normal 0 0 -1
    outer loop
      vertex -47.9116 31.8177 -6.5
      vertex -45.3 54 -6.5
      vertex -47.7549 31.3799 -6.5
    endloop
  endfacet
  facet normal 0 0 -1
    outer loop
      vertex -47.912 31.8187 -6.5
      vertex -45.3 54 -6.5
      vertex -47.9116 31.8177 -6.5
    endloop
  endfacet
  facet normal 0 0 -1
    outer loop
      vertex -48.1109 32.2391 -6.5
      vertex -45.3 54 -6.5
      vertex -47.912 31.8187 -6.5
    endloop
  endfacet
  facet normal 0 0 -1
    outer loop
      vertex -48.35 32.638 -6.5
      vertex -45.3 54 -6.5
      vertex -48.1109 32.2391 -6.5
    endloop
  endfacet
  facet normal 0 0 -1
    outer loop
      vertex -48.3505 32.639 -6.5
      vertex -45.3 54 -6.5
      vertex -48.35 32.638 -6.5
    endloop
  endfacet
  facet normal 0 0 -1
    outer loop
      vertex -48.6276 33.0125 -6.5
      vertex -45.3 54 -6.5
      vertex -48.3505 32.639 -6.5
    endloop
  endfacet
  facet normal 0 0 -1
    outer loop
      vertex -48.6282 33.0134 -6.5
      vertex -45.3 54 -6.5
      vertex -48.6276 33.0125 -6.5
    endloop
  endfacet
  facet normal 0 0 -1
    outer loop
      vertex -48.6289 33.0142 -6.5
      vertex -45.3 54 -6.5
      vertex -48.6282 33.0134 -6.5
    endloop
  endfacet
  facet normal 0 0 -1
    outer loop
      vertex -48.9412 33.3588 -6.5
      vertex -45.3 54 -6.5
      vertex -48.6289 33.0142 -6.5
    endloop
  endfacet
  facet normal 0 0 -1
    outer loop
      vertex -49.2858 33.6711 -6.5
      vertex -45.3 54 -6.5
      vertex -48.9412 33.3588 -6.5
    endloop
  endfacet
  facet normal 0 0 -1
    outer loop
      vertex -49.2866 33.6718 -6.5
      vertex -45.3 54 -6.5
      vertex -49.2858 33.6711 -6.5
    endloop
  endfacet
  facet normal 0 0 -1
    outer loop
      vertex -49.6602 33.9488 -6.5
      vertex -45.3 54 -6.5
      vertex -49.2866 33.6718 -6.5
    endloop
  endfacet
  facet normal 0 0 -1
    outer loop
      vertex -49.661 33.9495 -6.5
      vertex -45.3 54 -6.5
      vertex -49.6602 33.9488 -6.5
    endloop
  endfacet
  facet normal 0 0 -1
    outer loop
      vertex -49.662 33.95 -6.5
      vertex -45.3 54 -6.5
      vertex -49.661 33.9495 -6.5
    endloop
  endfacet
  facet normal 0 0 -1
    outer loop
      vertex -50.0609 34.1891 -6.5
      vertex -45.3 54 -6.5
      vertex -49.662 33.95 -6.5
    endloop
  endfacet
  facet normal 0 0 -1
    outer loop
      vertex -50.4813 34.388 -6.5
      vertex -45.3 54 -6.5
      vertex -50.0609 34.1891 -6.5
    endloop
  endfacet
  facet normal 0 0 -1
    outer loop
      vertex -50.4823 34.3884 -6.5
      vertex -45.3 54 -6.5
      vertex -50.4813 34.388 -6.5
    endloop
  endfacet
  facet normal 0 0 -1
    outer loop
      vertex -50.4833 34.3888 -6.5
      vertex -45.3 54 -6.5
      vertex -50.4823 34.3884 -6.5
    endloop
  endfacet
  facet normal 0 0 -1
    outer loop
      vertex -50.9211 34.5455 -6.5
      vertex -45.3 54 -6.5
      vertex -50.4833 34.3888 -6.5
    endloop
  endfacet
  facet normal 0 0 -1
    outer loop
      vertex -51.3723 34.6585 -6.5
      vertex -45.3 54 -6.5
      vertex -50.9211 34.5455 -6.5
    endloop
  endfacet
  facet normal 0 0 -1
    outer loop
      vertex -51.3733 34.6587 -6.5
      vertex -45.3 54 -6.5
      vertex -51.3723 34.6585 -6.5
    endloop
  endfacet
  facet normal 0 0 -1
    outer loop
      vertex -51.3744 34.6589 -6.5
      vertex -45.3 54 -6.5
      vertex -51.3733 34.6587 -6.5
    endloop
  endfacet
  facet normal 0 0 -1
    outer loop
      vertex -51.8344 34.7271 -6.5
      vertex -45.3 54 -6.5
      vertex -51.3744 34.6589 -6.5
    endloop
  endfacet
  facet normal 0 0 -1
    outer loop
      vertex -51.8355 34.7272 -6.5
      vertex -45.3 54 -6.5
      vertex -51.8344 34.7271 -6.5
    endloop
  endfacet
  facet normal 0 0 -1
    outer loop
      vertex -52.3 34.75 -6.5
      vertex -45.3 54 -6.5
      vertex -51.8355 34.7272 -6.5
    endloop
  endfacet
  facet normal 0 0 -1
    outer loop
      vertex -52.7645 34.7272 -6.5
      vertex -45.3 54 -6.5
      vertex -52.3 34.75 -6.5
    endloop
  endfacet
  facet normal 0 0 -1
    outer loop
      vertex -52.7656 34.7271 -6.5
      vertex -45.3 54 -6.5
      vertex -52.7645 34.7272 -6.5
    endloop
  endfacet
  facet normal 0 0 -1
    outer loop
      vertex -53.2256 34.6589 -6.5
      vertex -45.3 54 -6.5
      vertex -52.7656 34.7271 -6.5
    endloop
  endfacet
  facet normal 0 0 -1
    outer loop
      vertex -53.2267 34.6587 -6.5
      vertex -45.3 54 -6.5
      vertex -53.2256 34.6589 -6.5
    endloop
  endfacet
  facet normal 0 0 -1
    outer loop
      vertex -53.6778 34.5457 -6.5
      vertex -45.3 54 -6.5
      vertex -53.2267 34.6587 -6.5
    endloop
  endfacet
  facet normal 0 0 -1
    outer loop
      vertex -53.6789 34.5455 -6.5
      vertex -45.3 54 -6.5
      vertex -53.6778 34.5457 -6.5
    endloop
  endfacet
  facet normal 0 0 -1
    outer loop
      vertex -53.6799 34.5451 -6.5
      vertex -45.3 54 -6.5
      vertex -53.6789 34.5455 -6.5
    endloop
  endfacet
  facet normal 0 0 -1
    outer loop
      vertex -54.1177 34.3884 -6.5
      vertex -45.3 54 -6.5
      vertex -53.6799 34.5451 -6.5
    endloop
  endfacet
  facet normal 0 0 -1
    outer loop
      vertex -59.3 33 -6.5
      vertex -54.1177 34.3884 -6.5
      vertex -54.1187 34.388 -6.5
    endloop
  endfacet
  facet normal 0 0 -1
    outer loop
      vertex -59.3 33 -6.5
      vertex -54.1187 34.388 -6.5
      vertex -54.5391 34.1891 -6.5
    endloop
  endfacet
  facet normal 0 0 -1
    outer loop
      vertex -59.3 33 -6.5
      vertex -54.5391 34.1891 -6.5
      vertex -54.938 33.95 -6.5
    endloop
  endfacet
  facet normal 0 0 -1
    outer loop
      vertex -59.3 33 -6.5
      vertex -54.938 33.95 -6.5
      vertex -54.939 33.9495 -6.5
    endloop
  endfacet
  facet normal 0 0 -1
    outer loop
      vertex -59.3 33 -6.5
      vertex -54.939 33.9495 -6.5
      vertex -54.9398 33.9488 -6.5
    endloop
  endfacet
  facet normal 0 0 -1
    outer loop
      vertex -59.3 33 -6.5
      vertex -54.9398 33.9488 -6.5
      vertex -55.3134 33.6718 -6.5
    endloop
  endfacet
  facet normal 0 0 -1
    outer loop
      vertex -59.3 33 -6.5
      vertex -55.3134 33.6718 -6.5
      vertex -55.3142 33.6711 -6.5
    endloop
  endfacet
  facet normal 0 0 -1
    outer loop
      vertex -59.3 33 -6.5
      vertex -55.3142 33.6711 -6.5
      vertex -55.6588 33.3588 -6.5
    endloop
  endfacet
  facet normal 0 0 -1
    outer loop
      vertex -59.3 33 -6.5
      vertex -55.6588 33.3588 -6.5
      vertex -55.9711 33.0142 -6.5
    endloop
  endfacet
  facet normal 0 0 -1
    outer loop
      vertex -59.3 33 -6.5
      vertex -55.9711 33.0142 -6.5
      vertex -55.9718 33.0134 -6.5
    endloop
  endfacet
  facet normal 0 0 -1
    outer loop
      vertex -59.3 33 -6.5
      vertex -55.9718 33.0134 -6.5
      vertex -55.9724 33.0125 -6.5
    endloop
  endfacet
  facet normal 0 0 -1
    outer loop
      vertex -59.3 33 -6.5
      vertex -55.9724 33.0125 -6.5
      vertex -56.2495 32.639 -6.5
    endloop
  endfacet
  facet normal 0 0 -1
    outer loop
      vertex -59.3 33 -6.5
      vertex -56.2495 32.639 -6.5
      vertex -56.25 32.638 -6.5
    endloop
  endfacet
  facet normal 0 0 -1
    outer loop
      vertex -59.3 33 -6.5
      vertex -56.25 32.638 -6.5
      vertex -56.4891 32.2391 -6.5
    endloop
  endfacet
  facet normal 0 0 -1
    outer loop
      vertex -59.3 33 -6.5
      vertex -56.8451 31.3799 -6.5
      vertex -56.8455 31.3789 -6.5
    endloop
  endfacet
  facet normal 0 0 -1
    outer loop
      vertex -59.3 33 -6.5
      vertex -56.8457 31.3778 -6.5
      vertex -56.9587 30.9267 -6.5
    endloop
  endfacet
  facet normal 0 0 -1
    outer loop
      vertex -59.3 33 -6.5
      vertex -57.05 30 -6.5
      vertex -59.3 27 -6.5
    endloop
  endfacet
  facet normal 0 0 -1
    outer loop
      vertex -57.05 30 -6.5
      vertex -59.3 33 -6.5
      vertex -57.0272 30.4645 -6.5
    endloop
  endfacet
  facet normal 0 0 -1
    outer loop
      vertex -57.0272 30.4645 -6.5
      vertex -59.3 33 -6.5
      vertex -57.0271 30.4656 -6.5
    endloop
  endfacet
  facet normal 0 0 -1
    outer loop
      vertex -57.0271 30.4656 -6.5
      vertex -59.3 33 -6.5
      vertex -57.027 30.4667 -6.5
    endloop
  endfacet
  facet normal 0 0 -1
    outer loop
      vertex -57.027 30.4667 -6.5
      vertex -59.3 33 -6.5
      vertex -56.9587 30.9267 -6.5
    endloop
  endfacet
  facet normal 0 0 -1
    outer loop
      vertex -56.8457 31.3778 -6.5
      vertex -59.3 33 -6.5
      vertex -56.8455 31.3789 -6.5
    endloop
  endfacet
  facet normal 0 0 -1
    outer loop
      vertex -56.8451 31.3799 -6.5
      vertex -59.3 33 -6.5
      vertex -56.6884 31.8177 -6.5
    endloop
  endfacet
  facet normal 0 0 -1
    outer loop
      vertex -56.6884 31.8177 -6.5
      vertex -59.3 33 -6.5
      vertex -56.688 31.8187 -6.5
    endloop
  endfacet
  facet normal 0 0 -1
    outer loop
      vertex -56.688 31.8187 -6.5
      vertex -59.3 33 -6.5
      vertex -56.4891 32.2391 -6.5
    endloop
  endfacet
  facet normal -0 0 -1
    outer loop
      vertex -54.1177 34.3884 -6.5
      vertex -59.3 33 -6.5
      vertex -45.3 54 -6.5
    endloop
  endfacet
  facet normal -1 0 0
    outer loop
      vertex -45.3 31.9269 -23.95
      vertex -45.3 38.3192 -17.95
      vertex -45.3 40.5872 -18.95
    endloop
  endfacet
  facet normal -1 0 0
    outer loop
      vertex -45.3 29.659 -22.95
      vertex -45.3 31.9269 -23.95
      vertex -45.3 29.659 -24.95
    endloop
  endfacet
  facet normal -1 0 0
    outer loop
      vertex -45.3 31.9269 -23.95
      vertex -45.3 29.659 -22.95
      vertex -45.3 38.3192 -17.95
    endloop
  endfacet
  facet normal -1 0 0
    outer loop
      vertex -45.3 24.9795 -24.95
      vertex -45.3 29.659 -22.95
      vertex -45.3 29.659 -24.95
    endloop
  endfacet
  facet normal -1 0 0
    outer loop
      vertex -45.3 24.9795 -24.95
      vertex -45.3 24.9795 -22.95
      vertex -45.3 29.659 -22.95
    endloop
  endfacet
  facet normal -1 0 0
    outer loop
      vertex -45.3 16.3192 -29.95
      vertex -45.3 24.9795 -22.95
      vertex -45.3 24.9795 -24.95
    endloop
  endfacet
  facet normal -1 -0 0
    outer loop
      vertex -45.3 24.9795 -22.95
      vertex -45.3 16.3192 -29.95
      vertex -45.3 16.3192 -17.95
    endloop
  endfacet
  facet normal -1 0 0
    outer loop
      vertex -45.3 38.3192 -41.95
      vertex -45.3 31.9269 -35.95
      vertex -45.3 40.5872 -40.95
    endloop
  endfacet
  facet normal -1 0 -0
    outer loop
      vertex -45.3 31.9269 -35.95
      vertex -45.3 38.3192 -41.95
      vertex -45.3 29.659 -36.95
    endloop
  endfacet
  facet normal -1 0 0
    outer loop
      vertex -45.3 38.3192 -29.95
      vertex -45.3 31.9269 -23.95
      vertex -45.3 40.5872 -28.95
    endloop
  endfacet
  facet normal -1 0 -0
    outer loop
      vertex -45.3 31.9269 -23.95
      vertex -45.3 38.3192 -29.95
      vertex -45.3 29.659 -24.95
    endloop
  endfacet
  facet normal -1 0 0
    outer loop
      vertex -45.3 47.5346 -17.95
      vertex -45.3 54 -6.5
      vertex -45.3 56.1949 -12.95
    endloop
  endfacet
  facet normal -1 0 0
    outer loop
      vertex -45.3 38.3192 -17.95
      vertex -45.3 47.5346 -17.95
      vertex -45.3 45.2666 -18.95
    endloop
  endfacet
  facet normal -1 0 0
    outer loop
      vertex -45.3 38.3192 -17.95
      vertex -45.3 45.2666 -18.95
      vertex -45.3 40.5872 -18.95
    endloop
  endfacet
  facet normal -1 0 0
    outer loop
      vertex -45.3 47.5346 -17.95
      vertex -45.3 38.3192 -17.95
      vertex -45.3 54 -6.5
    endloop
  endfacet
  facet normal -1 0 0
    outer loop
      vertex -45.3 29.659 -12.95
      vertex -45.3 54 -6.5
      vertex -45.3 38.3192 -17.95
    endloop
  endfacet
  facet normal -1 0 0
    outer loop
      vertex -45.3 6.00002 -6.5
      vertex -45.3 29.659 -12.95
      vertex -45.3 24.9795 -12.95
    endloop
  endfacet
  facet normal -1 0 0
    outer loop
      vertex -45.3 29.659 -12.95
      vertex -45.3 6.00002 -6.5
      vertex -45.3 54 -6.5
    endloop
  endfacet
  facet normal -1 0 0
    outer loop
      vertex -45.3 6.00002 -6.5
      vertex -45.3 24.9795 -12.95
      vertex -45.3 16.3192 -17.95
    endloop
  endfacet
  facet normal -1 0 0
    outer loop
      vertex -45.3 53.9269 -35.95
      vertex -45.3 47.5346 -29.95
      vertex -45.3 56.1949 -34.95
    endloop
  endfacet
  facet normal -1 0 -0
    outer loop
      vertex -45.3 47.5346 -29.95
      vertex -45.3 53.9269 -35.95
      vertex -45.3 45.2666 -30.95
    endloop
  endfacet
  facet normal -1 0 0
    outer loop
      vertex -45.3 53.9269 -23.95
      vertex -45.3 47.5346 -17.95
      vertex -45.3 56.1949 -22.95
    endloop
  endfacet
  facet normal -1 0 -0
    outer loop
      vertex -45.3 47.5346 -17.95
      vertex -45.3 53.9269 -23.95
      vertex -45.3 45.2666 -18.95
    endloop
  endfacet
  facet normal -1 0 0
    outer loop
      vertex -45.3 63.1423 -23.95
      vertex -45.3 69.5346 -17.95
      vertex -45.3 71.8026 -18.95
    endloop
  endfacet
  facet normal -1 0 0
    outer loop
      vertex -45.3 60.8743 -22.95
      vertex -45.3 63.1423 -23.95
      vertex -45.3 60.8743 -24.95
    endloop
  endfacet
  facet normal -1 0 0
    outer loop
      vertex -45.3 63.1423 -23.95
      vertex -45.3 60.8743 -22.95
      vertex -45.3 69.5346 -17.95
    endloop
  endfacet
  facet normal -1 0 0
    outer loop
      vertex -45.3 56.1949 -24.95
      vertex -45.3 60.8743 -22.95
      vertex -45.3 60.8743 -24.95
    endloop
  endfacet
  facet normal -1 0 0
    outer loop
      vertex -45.3 56.1949 -24.95
      vertex -45.3 56.1949 -22.95
      vertex -45.3 60.8743 -22.95
    endloop
  endfacet
  facet normal -1 0 0
    outer loop
      vertex -45.3 56.1949 -24.95
      vertex -45.3 53.9269 -23.95
      vertex -45.3 56.1949 -22.95
    endloop
  endfacet
  facet normal -1 0 0
    outer loop
      vertex -45.3 47.5346 -29.95
      vertex -45.3 53.9269 -23.95
      vertex -45.3 56.1949 -24.95
    endloop
  endfacet
  facet normal -1 0 0
    outer loop
      vertex -45.3 45.2666 -28.95
      vertex -45.3 47.5346 -29.95
      vertex -45.3 45.2666 -30.95
    endloop
  endfacet
  facet normal -1 0 0
    outer loop
      vertex -45.3 47.5346 -29.95
      vertex -45.3 45.2666 -28.95
      vertex -45.3 53.9269 -23.95
    endloop
  endfacet
  facet normal -1 0 0
    outer loop
      vertex -45.3 40.5872 -30.95
      vertex -45.3 45.2666 -28.95
      vertex -45.3 45.2666 -30.95
    endloop
  endfacet
  facet normal -1 0 0
    outer loop
      vertex -45.3 40.5872 -30.95
      vertex -45.3 40.5872 -28.95
      vertex -45.3 45.2666 -28.95
    endloop
  endfacet
  facet normal -1 0 0
    outer loop
      vertex -45.3 40.5872 -30.95
      vertex -45.3 38.3192 -29.95
      vertex -45.3 40.5872 -28.95
    endloop
  endfacet
  facet normal -1 0 0
    outer loop
      vertex -45.3 31.9269 -35.95
      vertex -45.3 38.3192 -29.95
      vertex -45.3 40.5872 -30.95
    endloop
  endfacet
  facet normal -1 0 0
    outer loop
      vertex -45.3 29.659 -34.95
      vertex -45.3 31.9269 -35.95
      vertex -45.3 29.659 -36.95
    endloop
  endfacet
  facet normal -1 0 0
    outer loop
      vertex -45.3 31.9269 -35.95
      vertex -45.3 29.659 -34.95
      vertex -45.3 38.3192 -29.95
    endloop
  endfacet
  facet normal -1 0 0
    outer loop
      vertex -45.3 24.9795 -36.95
      vertex -45.3 29.659 -34.95
      vertex -45.3 29.659 -36.95
    endloop
  endfacet
  facet normal -1 0 0
    outer loop
      vertex -45.3 24.9795 -36.95
      vertex -45.3 24.9795 -34.95
      vertex -45.3 29.659 -34.95
    endloop
  endfacet
  facet normal -1 0 0
    outer loop
      vertex -45.3 16.3192 -41.95
      vertex -45.3 24.9795 -34.95
      vertex -45.3 24.9795 -36.95
    endloop
  endfacet
  facet normal -1 -0 0
    outer loop
      vertex -45.3 24.9795 -34.95
      vertex -45.3 16.3192 -41.95
      vertex -45.3 16.3192 -29.95
    endloop
  endfacet
  facet normal -1 0 0
    outer loop
      vertex -45.3 69.5346 -41.95
      vertex -45.3 63.1423 -35.95
      vertex -45.3 71.8026 -40.95
    endloop
  endfacet
  facet normal -1 0 -0
    outer loop
      vertex -45.3 63.1423 -35.95
      vertex -45.3 69.5346 -41.95
      vertex -45.3 60.8743 -36.95
    endloop
  endfacet
  facet normal -1 0 0
    outer loop
      vertex -45.3 69.5346 -29.95
      vertex -45.3 63.1423 -23.95
      vertex -45.3 71.8026 -28.95
    endloop
  endfacet
  facet normal -1 0 -0
    outer loop
      vertex -45.3 63.1423 -23.95
      vertex -45.3 69.5346 -29.95
      vertex -45.3 60.8743 -24.95
    endloop
  endfacet
  facet normal -1 0 0
    outer loop
      vertex -45.3 85.1423 -35.95
      vertex -45.3 78.75 -29.95
      vertex -45.3 87.4103 -34.95
    endloop
  endfacet
  facet normal -1 0 -0
    outer loop
      vertex -45.3 78.75 -29.95
      vertex -45.3 85.1423 -35.95
      vertex -45.3 76.482 -30.95
    endloop
  endfacet
  facet normal -1 0 0
    outer loop
      vertex -45.3 85.1423 -23.95
      vertex -45.3 78.75 -17.95
      vertex -45.3 87.4103 -22.95
    endloop
  endfacet
  facet normal -1 0 -0
    outer loop
      vertex -45.3 78.75 -17.95
      vertex -45.3 85.1423 -23.95
      vertex -45.3 76.482 -18.95
    endloop
  endfacet
  facet normal -1 0 0
    outer loop
      vertex -45.3 94.3577 -23.95
      vertex -45.3 100.75 -17.95
      vertex -45.3 103.018 -18.95
    endloop
  endfacet
  facet normal -1 0 0
    outer loop
      vertex -45.3 92.0897 -22.95
      vertex -45.3 94.3577 -23.95
      vertex -45.3 92.0897 -24.95
    endloop
  endfacet
  facet normal -1 0 0
    outer loop
      vertex -45.3 94.3577 -23.95
      vertex -45.3 92.0897 -22.95
      vertex -45.3 100.75 -17.95
    endloop
  endfacet
  facet normal -1 0 0
    outer loop
      vertex -45.3 87.4103 -24.95
      vertex -45.3 92.0897 -22.95
      vertex -45.3 92.0897 -24.95
    endloop
  endfacet
  facet normal -1 0 0
    outer loop
      vertex -45.3 87.4103 -24.95
      vertex -45.3 87.4103 -22.95
      vertex -45.3 92.0897 -22.95
    endloop
  endfacet
  facet normal -1 0 0
    outer loop
      vertex -45.3 87.4103 -24.95
      vertex -45.3 85.1423 -23.95
      vertex -45.3 87.4103 -22.95
    endloop
  endfacet
  facet normal -1 0 0
    outer loop
      vertex -45.3 78.75 -29.95
      vertex -45.3 85.1423 -23.95
      vertex -45.3 87.4103 -24.95
    endloop
  endfacet
  facet normal -1 0 0
    outer loop
      vertex -45.3 76.482 -28.95
      vertex -45.3 78.75 -29.95
      vertex -45.3 76.482 -30.95
    endloop
  endfacet
  facet normal -1 0 0
    outer loop
      vertex -45.3 78.75 -29.95
      vertex -45.3 76.482 -28.95
      vertex -45.3 85.1423 -23.95
    endloop
  endfacet
  facet normal -1 0 0
    outer loop
      vertex -45.3 71.8026 -30.95
      vertex -45.3 76.482 -28.95
      vertex -45.3 76.482 -30.95
    endloop
  endfacet
  facet normal -1 0 0
    outer loop
      vertex -45.3 71.8026 -30.95
      vertex -45.3 71.8026 -28.95
      vertex -45.3 76.482 -28.95
    endloop
  endfacet
  facet normal -1 0 0
    outer loop
      vertex -45.3 71.8026 -30.95
      vertex -45.3 69.5346 -29.95
      vertex -45.3 71.8026 -28.95
    endloop
  endfacet
  facet normal -1 0 0
    outer loop
      vertex -45.3 63.1423 -35.95
      vertex -45.3 69.5346 -29.95
      vertex -45.3 71.8026 -30.95
    endloop
  endfacet
  facet normal -1 0 0
    outer loop
      vertex -45.3 60.8743 -34.95
      vertex -45.3 63.1423 -35.95
      vertex -45.3 60.8743 -36.95
    endloop
  endfacet
  facet normal -1 0 0
    outer loop
      vertex -45.3 63.1423 -35.95
      vertex -45.3 60.8743 -34.95
      vertex -45.3 69.5346 -29.95
    endloop
  endfacet
  facet normal -1 0 0
    outer loop
      vertex -45.3 56.1949 -36.95
      vertex -45.3 60.8743 -34.95
      vertex -45.3 60.8743 -36.95
    endloop
  endfacet
  facet normal -1 0 0
    outer loop
      vertex -45.3 56.1949 -36.95
      vertex -45.3 56.1949 -34.95
      vertex -45.3 60.8743 -34.95
    endloop
  endfacet
  facet normal -1 0 0
    outer loop
      vertex -45.3 56.1949 -36.95
      vertex -45.3 53.9269 -35.95
      vertex -45.3 56.1949 -34.95
    endloop
  endfacet
  facet normal -1 0 0
    outer loop
      vertex -45.3 47.5346 -41.95
      vertex -45.3 53.9269 -35.95
      vertex -45.3 56.1949 -36.95
    endloop
  endfacet
  facet normal -1 0 0
    outer loop
      vertex -45.3 53.9269 -35.95
      vertex -45.3 47.5346 -41.95
      vertex -45.3 45.2666 -40.95
    endloop
  endfacet
  facet normal -1 0 0
    outer loop
      vertex -45.3 100.75 -41.95
      vertex -45.3 94.3577 -35.95
      vertex -45.3 103.018 -40.95
    endloop
  endfacet
  facet normal -1 0 -0
    outer loop
      vertex -45.3 94.3577 -35.95
      vertex -45.3 100.75 -41.95
      vertex -45.3 92.0897 -36.95
    endloop
  endfacet
  facet normal -1 0 0
    outer loop
      vertex -45.3 100.75 -29.95
      vertex -45.3 94.3577 -23.95
      vertex -45.3 103.018 -28.95
    endloop
  endfacet
  facet normal -1 0 -0
    outer loop
      vertex -45.3 94.3577 -23.95
      vertex -45.3 100.75 -29.95
      vertex -45.3 92.0897 -24.95
    endloop
  endfacet
  facet normal -1 0 0
    outer loop
      vertex -45.3 131.965 -41.95
      vertex -45.3 123.287 -56.9
      vertex -45.3 123.305 -46.95
    endloop
  endfacet
  facet normal -1 0 0
    outer loop
      vertex -45.3 123.287 -56.9
      vertex -45.3 118.626 -46.95
      vertex -45.3 123.305 -46.95
    endloop
  endfacet
  facet normal -1 0 0
    outer loop
      vertex -45.3 111.287 -56.9
      vertex -45.3 118.626 -46.95
      vertex -45.3 123.287 -56.9
    endloop
  endfacet
  facet normal -1 -0 0
    outer loop
      vertex -45.3 118.626 -46.95
      vertex -45.3 111.287 -56.9
      vertex -45.3 109.965 -41.95
    endloop
  endfacet
  facet normal -1 0 0
    outer loop
      vertex -45.3 116.358 -35.95
      vertex -45.3 109.965 -29.95
      vertex -45.3 118.626 -34.95
    endloop
  endfacet
  facet normal -1 0 -0
    outer loop
      vertex -45.3 109.965 -29.95
      vertex -45.3 116.358 -35.95
      vertex -45.3 107.697 -30.95
    endloop
  endfacet
  facet normal -1 0 0
    outer loop
      vertex -45.3 116.358 -23.95
      vertex -45.3 109.965 -17.95
      vertex -45.3 118.626 -22.95
    endloop
  endfacet
  facet normal -1 0 -0
    outer loop
      vertex -45.3 109.965 -17.95
      vertex -45.3 116.358 -23.95
      vertex -45.3 107.697 -18.95
    endloop
  endfacet
  facet normal -1 0 0
    outer loop
      vertex -45.3 125.573 -23.95
      vertex -45.3 131.965 -17.95
      vertex -45.3 134.233 -18.95
    endloop
  endfacet
  facet normal -1 0 0
    outer loop
      vertex -45.3 123.305 -22.95
      vertex -45.3 125.573 -23.95
      vertex -45.3 123.305 -24.95
    endloop
  endfacet
  facet normal -1 0 0
    outer loop
      vertex -45.3 125.573 -23.95
      vertex -45.3 123.305 -22.95
      vertex -45.3 131.965 -17.95
    endloop
  endfacet
  facet normal -1 0 0
    outer loop
      vertex -45.3 118.626 -24.95
      vertex -45.3 123.305 -22.95
      vertex -45.3 123.305 -24.95
    endloop
  endfacet
  facet normal -1 0 0
    outer loop
      vertex -45.3 118.626 -24.95
      vertex -45.3 118.626 -22.95
      vertex -45.3 123.305 -22.95
    endloop
  endfacet
  facet normal -1 0 0
    outer loop
      vertex -45.3 118.626 -24.95
      vertex -45.3 116.358 -23.95
      vertex -45.3 118.626 -22.95
    endloop
  endfacet
  facet normal -1 0 0
    outer loop
      vertex -45.3 109.965 -29.95
      vertex -45.3 116.358 -23.95
      vertex -45.3 118.626 -24.95
    endloop
  endfacet
  facet normal -1 0 0
    outer loop
      vertex -45.3 107.697 -28.95
      vertex -45.3 109.965 -29.95
      vertex -45.3 107.697 -30.95
    endloop
  endfacet
  facet normal -1 0 0
    outer loop
      vertex -45.3 109.965 -29.95
      vertex -45.3 107.697 -28.95
      vertex -45.3 116.358 -23.95
    endloop
  endfacet
  facet normal -1 0 0
    outer loop
      vertex -45.3 103.018 -30.95
      vertex -45.3 107.697 -28.95
      vertex -45.3 107.697 -30.95
    endloop
  endfacet
  facet normal -1 0 0
    outer loop
      vertex -45.3 103.018 -30.95
      vertex -45.3 103.018 -28.95
      vertex -45.3 107.697 -28.95
    endloop
  endfacet
  facet normal -1 0 0
    outer loop
      vertex -45.3 103.018 -30.95
      vertex -45.3 100.75 -29.95
      vertex -45.3 103.018 -28.95
    endloop
  endfacet
  facet normal -1 0 0
    outer loop
      vertex -45.3 94.3577 -35.95
      vertex -45.3 100.75 -29.95
      vertex -45.3 103.018 -30.95
    endloop
  endfacet
  facet normal -1 0 0
    outer loop
      vertex -45.3 92.0897 -34.95
      vertex -45.3 94.3577 -35.95
      vertex -45.3 92.0897 -36.95
    endloop
  endfacet
  facet normal -1 0 0
    outer loop
      vertex -45.3 94.3577 -35.95
      vertex -45.3 92.0897 -34.95
      vertex -45.3 100.75 -29.95
    endloop
  endfacet
  facet normal -1 0 0
    outer loop
      vertex -45.3 87.4103 -36.95
      vertex -45.3 92.0897 -34.95
      vertex -45.3 92.0897 -36.95
    endloop
  endfacet
  facet normal -1 0 0
    outer loop
      vertex -45.3 87.4103 -36.95
      vertex -45.3 87.4103 -34.95
      vertex -45.3 92.0897 -34.95
    endloop
  endfacet
  facet normal -1 0 0
    outer loop
      vertex -45.3 87.4103 -36.95
      vertex -45.3 85.1423 -35.95
      vertex -45.3 87.4103 -34.95
    endloop
  endfacet
  facet normal -1 0 0
    outer loop
      vertex -45.3 78.75 -41.95
      vertex -45.3 85.1423 -35.95
      vertex -45.3 87.4103 -36.95
    endloop
  endfacet
  facet normal -1 0 0
    outer loop
      vertex -45.3 85.1423 -35.95
      vertex -45.3 78.75 -41.95
      vertex -45.3 76.482 -40.95
    endloop
  endfacet
  facet normal -1 0 0
    outer loop
      vertex -45.3 131.965 -41.95
      vertex -45.3 125.573 -35.95
      vertex -45.3 134.233 -40.95
    endloop
  endfacet
  facet normal -1 0 -0
    outer loop
      vertex -45.3 125.573 -35.95
      vertex -45.3 131.965 -41.95
      vertex -45.3 123.305 -36.95
    endloop
  endfacet
  facet normal -1 0 0
    outer loop
      vertex -45.3 131.965 -29.95
      vertex -45.3 125.573 -23.95
      vertex -45.3 134.233 -28.95
    endloop
  endfacet
  facet normal -1 0 -0
    outer loop
      vertex -45.3 125.573 -23.95
      vertex -45.3 131.965 -29.95
      vertex -45.3 123.305 -24.95
    endloop
  endfacet
  facet normal -1 0 0
    outer loop
      vertex -45.3 154.52 -24.95
      vertex -45.3 163.181 -17.95
      vertex -45.3 163.181 -29.95
    endloop
  endfacet
  facet normal -1 0 0
    outer loop
      vertex -45.3 154.52 -24.95
      vertex -45.3 154.52 -22.95
      vertex -45.3 163.181 -17.95
    endloop
  endfacet
  facet normal -1 0 0
    outer loop
      vertex -45.3 149.841 -24.95
      vertex -45.3 154.52 -22.95
      vertex -45.3 154.52 -24.95
    endloop
  endfacet
  facet normal -1 0 0
    outer loop
      vertex -45.3 149.841 -24.95
      vertex -45.3 149.841 -22.95
      vertex -45.3 154.52 -22.95
    endloop
  endfacet
  facet normal -1 0 0
    outer loop
      vertex -45.3 149.841 -24.95
      vertex -45.3 147.573 -23.95
      vertex -45.3 149.841 -22.95
    endloop
  endfacet
  facet normal -1 0 0
    outer loop
      vertex -45.3 141.181 -29.95
      vertex -45.3 147.573 -23.95
      vertex -45.3 149.841 -24.95
    endloop
  endfacet
  facet normal -1 0 0
    outer loop
      vertex -45.3 138.913 -28.95
      vertex -45.3 141.181 -29.95
      vertex -45.3 138.913 -30.95
    endloop
  endfacet
  facet normal -1 0 0
    outer loop
      vertex -45.3 141.181 -29.95
      vertex -45.3 138.913 -28.95
      vertex -45.3 147.573 -23.95
    endloop
  endfacet
  facet normal -1 0 0
    outer loop
      vertex -45.3 134.233 -30.95
      vertex -45.3 138.913 -28.95
      vertex -45.3 138.913 -30.95
    endloop
  endfacet
  facet normal -1 0 0
    outer loop
      vertex -45.3 134.233 -30.95
      vertex -45.3 134.233 -28.95
      vertex -45.3 138.913 -28.95
    endloop
  endfacet
  facet normal -1 0 0
    outer loop
      vertex -45.3 134.233 -30.95
      vertex -45.3 131.965 -29.95
      vertex -45.3 134.233 -28.95
    endloop
  endfacet
  facet normal -1 0 0
    outer loop
      vertex -45.3 125.573 -35.95
      vertex -45.3 131.965 -29.95
      vertex -45.3 134.233 -30.95
    endloop
  endfacet
  facet normal -1 0 0
    outer loop
      vertex -45.3 123.305 -34.95
      vertex -45.3 125.573 -35.95
      vertex -45.3 123.305 -36.95
    endloop
  endfacet
  facet normal -1 0 0
    outer loop
      vertex -45.3 125.573 -35.95
      vertex -45.3 123.305 -34.95
      vertex -45.3 131.965 -29.95
    endloop
  endfacet
  facet normal -1 0 0
    outer loop
      vertex -45.3 118.626 -36.95
      vertex -45.3 123.305 -34.95
      vertex -45.3 123.305 -36.95
    endloop
  endfacet
  facet normal -1 0 0
    outer loop
      vertex -45.3 118.626 -36.95
      vertex -45.3 118.626 -34.95
      vertex -45.3 123.305 -34.95
    endloop
  endfacet
  facet normal -1 0 0
    outer loop
      vertex -45.3 118.626 -36.95
      vertex -45.3 116.358 -35.95
      vertex -45.3 118.626 -34.95
    endloop
  endfacet
  facet normal -1 0 0
    outer loop
      vertex -45.3 109.965 -41.95
      vertex -45.3 116.358 -35.95
      vertex -45.3 118.626 -36.95
    endloop
  endfacet
  facet normal -1 0 0
    outer loop
      vertex -45.3 116.358 -35.95
      vertex -45.3 109.965 -41.95
      vertex -45.3 107.697 -40.95
    endloop
  endfacet
  facet normal -1 0 0
    outer loop
      vertex -45.3 154.52 -36.95
      vertex -45.3 163.181 -29.95
      vertex -45.3 163.181 -41.95
    endloop
  endfacet
  facet normal -1 0 0
    outer loop
      vertex -45.3 154.52 -36.95
      vertex -45.3 154.52 -34.95
      vertex -45.3 163.181 -29.95
    endloop
  endfacet
  facet normal -1 0 0
    outer loop
      vertex -45.3 149.841 -36.95
      vertex -45.3 154.52 -34.95
      vertex -45.3 154.52 -36.95
    endloop
  endfacet
  facet normal -1 0 0
    outer loop
      vertex -45.3 149.841 -36.95
      vertex -45.3 149.841 -34.95
      vertex -45.3 154.52 -34.95
    endloop
  endfacet
  facet normal -1 0 0
    outer loop
      vertex -45.3 149.841 -36.95
      vertex -45.3 147.573 -35.95
      vertex -45.3 149.841 -34.95
    endloop
  endfacet
  facet normal -1 0 0
    outer loop
      vertex -45.3 141.181 -41.95
      vertex -45.3 147.573 -35.95
      vertex -45.3 149.841 -36.95
    endloop
  endfacet
  facet normal -1 0 0
    outer loop
      vertex -45.3 147.573 -35.95
      vertex -45.3 141.181 -41.95
      vertex -45.3 138.913 -40.95
    endloop
  endfacet
  facet normal -1 0 0
    outer loop
      vertex -45.3 179.5 -60.9
      vertex -45.3 173.5 -6.5
      vertex -45.3 179.5 0
    endloop
  endfacet
  facet normal -1 0 0
    outer loop
      vertex -45.3 163.181 -29.95
      vertex -45.3 179.5 -60.9
      vertex -45.3 163.181 -41.95
    endloop
  endfacet
  facet normal -1 0 0
    outer loop
      vertex -45.3 179.5 -60.9
      vertex -45.3 154.52 -46.95
      vertex -45.3 163.181 -41.95
    endloop
  endfacet
  facet normal -1 0 0
    outer loop
      vertex -45.3 179.5 -60.9
      vertex -45.3 149.841 -46.95
      vertex -45.3 154.52 -46.95
    endloop
  endfacet
  facet normal -1 0 0
    outer loop
      vertex -45.3 123.287 -56.9
      vertex -45.3 149.841 -46.95
      vertex -45.3 123.287 -59.9
    endloop
  endfacet
  facet normal -1 -0 0
    outer loop
      vertex -45.3 149.841 -46.95
      vertex -45.3 123.287 -56.9
      vertex -45.3 141.181 -41.95
    endloop
  endfacet
  facet normal -1 0 0
    outer loop
      vertex -45.3 123.287 -59.9
      vertex -45.3 149.841 -46.95
      vertex -45.3 179.5 -60.9
    endloop
  endfacet
  facet normal -1 0 0
    outer loop
      vertex -45.3 141.181 -41.95
      vertex -45.3 131.965 -41.95
      vertex -45.3 138.913 -40.95
    endloop
  endfacet
  facet normal -1 -0 0
    outer loop
      vertex -45.3 138.913 -40.95
      vertex -45.3 131.965 -41.95
      vertex -45.3 134.233 -40.95
    endloop
  endfacet
  facet normal -1 -0 0
    outer loop
      vertex -45.3 141.181 -41.95
      vertex -45.3 123.287 -56.9
      vertex -45.3 131.965 -41.95
    endloop
  endfacet
  facet normal -1 0 0
    outer loop
      vertex -45.3 179.5 -60.9
      vertex -45.3 111.287 -59.9
      vertex -45.3 123.287 -59.9
    endloop
  endfacet
  facet normal -1 0 0
    outer loop
      vertex -45.3 92.0897 -46.95
      vertex -45.3 111.287 -56.9
      vertex -45.3 111.287 -59.9
    endloop
  endfacet
  facet normal -1 0 0
    outer loop
      vertex -45.3 111.287 -56.9
      vertex -45.3 100.75 -41.95
      vertex -45.3 109.965 -41.95
    endloop
  endfacet
  facet normal -1 0 0
    outer loop
      vertex -45.3 109.965 -41.95
      vertex -45.3 100.75 -41.95
      vertex -45.3 107.697 -40.95
    endloop
  endfacet
  facet normal -1 -0 0
    outer loop
      vertex -45.3 107.697 -40.95
      vertex -45.3 100.75 -41.95
      vertex -45.3 103.018 -40.95
    endloop
  endfacet
  facet normal -1 0 0
    outer loop
      vertex -45.3 111.287 -56.9
      vertex -45.3 92.0897 -46.95
      vertex -45.3 100.75 -41.95
    endloop
  endfacet
  facet normal -1 0 0
    outer loop
      vertex -45.3 111.287 -59.9
      vertex -45.3 87.4103 -46.95
      vertex -45.3 92.0897 -46.95
    endloop
  endfacet
  facet normal -1 0 0
    outer loop
      vertex -45.3 69.5346 -41.95
      vertex -45.3 78.75 -41.95
      vertex -45.3 87.4103 -46.95
    endloop
  endfacet
  facet normal -1 0 0
    outer loop
      vertex -45.3 78.75 -41.95
      vertex -45.3 69.5346 -41.95
      vertex -45.3 76.482 -40.95
    endloop
  endfacet
  facet normal -1 0 0
    outer loop
      vertex -45.3 60.8743 -46.95
      vertex -45.3 87.4103 -46.95
      vertex -45.3 111.287 -59.9
    endloop
  endfacet
  facet normal -1 -0 0
    outer loop
      vertex -45.3 76.482 -40.95
      vertex -45.3 69.5346 -41.95
      vertex -45.3 71.8026 -40.95
    endloop
  endfacet
  facet normal -1 0 0
    outer loop
      vertex -45.3 87.4103 -46.95
      vertex -45.3 60.8743 -46.95
      vertex -45.3 69.5346 -41.95
    endloop
  endfacet
  facet normal -1 0 0
    outer loop
      vertex -45.3 111.287 -59.9
      vertex -45.3 56.1949 -46.95
      vertex -45.3 60.8743 -46.95
    endloop
  endfacet
  facet normal -1 0 0
    outer loop
      vertex -45.3 38.3192 -41.95
      vertex -45.3 47.5346 -41.95
      vertex -45.3 56.1949 -46.95
    endloop
  endfacet
  facet normal -1 0 0
    outer loop
      vertex -45.3 47.5346 -41.95
      vertex -45.3 38.3192 -41.95
      vertex -45.3 45.2666 -40.95
    endloop
  endfacet
  facet normal -1 -0 0
    outer loop
      vertex -45.3 45.2666 -40.95
      vertex -45.3 38.3192 -41.95
      vertex -45.3 40.5872 -40.95
    endloop
  endfacet
  facet normal -1 0 0
    outer loop
      vertex -45.3 56.1949 -46.95
      vertex -45.3 29.659 -46.95
      vertex -45.3 38.3192 -41.95
    endloop
  endfacet
  facet normal -1 0 0
    outer loop
      vertex -45.3 0 -60.9
      vertex -45.3 56.1949 -46.95
      vertex -45.3 111.287 -59.9
    endloop
  endfacet
  facet normal -1 -0 0
    outer loop
      vertex -45.3 56.1949 -46.95
      vertex -45.3 0 -60.9
      vertex -45.3 29.659 -46.95
    endloop
  endfacet
  facet normal -1 0 0
    outer loop
      vertex -45.3 0 -60.9
      vertex -45.3 16.3192 -29.95
      vertex -45.3 16.3192 -41.95
    endloop
  endfacet
  facet normal -1 0 0
    outer loop
      vertex -45.3 16.3192 -29.95
      vertex -45.3 6.00002 -6.5
      vertex -45.3 16.3192 -17.95
    endloop
  endfacet
  facet normal -1 0 0
    outer loop
      vertex -45.3 0 -60.9
      vertex -45.3 111.287 -59.9
      vertex -45.3 179.5 -60.9
    endloop
  endfacet
  facet normal -1 -0 0
    outer loop
      vertex -45.3 29.659 -46.95
      vertex -45.3 0 -60.9
      vertex -45.3 24.9795 -46.95
    endloop
  endfacet
  facet normal -1 0 0
    outer loop
      vertex -45.3 0 -60.9
      vertex -45.3 16.3192 -41.95
      vertex -45.3 24.9795 -46.95
    endloop
  endfacet
  facet normal -1 -0 0
    outer loop
      vertex -45.3 16.3192 -29.95
      vertex -45.3 0 -60.9
      vertex -45.3 6.00002 -6.5
    endloop
  endfacet
  facet normal -1 0 0
    outer loop
      vertex -45.3 0 0
      vertex -45.3 6.00002 -6.5
      vertex -45.3 0 -60.9
    endloop
  endfacet
  facet normal -1 0 0
    outer loop
      vertex -45.3 6.00002 -6.5
      vertex -45.3 0 0
      vertex -45.3 6.00002 0
    endloop
  endfacet
  facet normal -1 -0 0
    outer loop
      vertex -45.3 179.5 0
      vertex -45.3 173.5 -6.5
      vertex -45.3 173.5 0
    endloop
  endfacet
  facet normal -1 0 0
    outer loop
      vertex -45.3 179.5 -60.9
      vertex -45.3 163.181 -29.95
      vertex -45.3 173.5 -6.5
    endloop
  endfacet
  facet normal -1 0 0
    outer loop
      vertex -45.3 163.181 -17.95
      vertex -45.3 173.5 -6.5
      vertex -45.3 163.181 -29.95
    endloop
  endfacet
  facet normal -1 0 0
    outer loop
      vertex -45.3 154.52 -12.95
      vertex -45.3 173.5 -6.5
      vertex -45.3 163.181 -17.95
    endloop
  endfacet
  facet normal -1 0 0
    outer loop
      vertex -45.3 149.841 -12.95
      vertex -45.3 173.5 -6.5
      vertex -45.3 154.52 -12.95
    endloop
  endfacet
  facet normal -1 0 0
    outer loop
      vertex -45.3 131.965 -17.95
      vertex -45.3 141.181 -17.95
      vertex -45.3 138.913 -18.95
    endloop
  endfacet
  facet normal -1 0 0
    outer loop
      vertex -45.3 131.965 -17.95
      vertex -45.3 138.913 -18.95
      vertex -45.3 134.233 -18.95
    endloop
  endfacet
  facet normal -1 0 0
    outer loop
      vertex -45.3 141.181 -17.95
      vertex -45.3 131.965 -17.95
      vertex -45.3 125.5 -6.5
    endloop
  endfacet
  facet normal -1 0 0
    outer loop
      vertex -45.3 149.841 -12.95
      vertex -45.3 125.5 -6.5
      vertex -45.3 173.5 -6.5
    endloop
  endfacet
  facet normal -1 0 0
    outer loop
      vertex -45.3 141.181 -17.95
      vertex -45.3 125.5 -6.5
      vertex -45.3 149.841 -12.95
    endloop
  endfacet
  facet normal -1 0 0
    outer loop
      vertex -45.3 123.305 -12.95
      vertex -45.3 125.5 -6.5
      vertex -45.3 131.965 -17.95
    endloop
  endfacet
  facet normal -1 0 0
    outer loop
      vertex -45.3 118.626 -12.95
      vertex -45.3 125.5 -6.5
      vertex -45.3 123.305 -12.95
    endloop
  endfacet
  facet normal -1 -0 0
    outer loop
      vertex -45.3 125.5 -6.5
      vertex -45.3 118.626 -12.95
      vertex -45.3 125.5 0
    endloop
  endfacet
  facet normal -1 0 0
    outer loop
      vertex -45.3 92.0897 -12.95
      vertex -45.3 118.626 -12.95
      vertex -45.3 109.965 -17.95
    endloop
  endfacet
  facet normal -1 0 0
    outer loop
      vertex -45.3 100.75 -17.95
      vertex -45.3 109.965 -17.95
      vertex -45.3 107.697 -18.95
    endloop
  endfacet
  facet normal -1 0 0
    outer loop
      vertex -45.3 100.75 -17.95
      vertex -45.3 107.697 -18.95
      vertex -45.3 103.018 -18.95
    endloop
  endfacet
  facet normal -1 0 0
    outer loop
      vertex -45.3 92.0897 -12.95
      vertex -45.3 109.965 -17.95
      vertex -45.3 100.75 -17.95
    endloop
  endfacet
  facet normal -1 0 0
    outer loop
      vertex -45.3 118.626 -12.95
      vertex -45.3 92.0897 -12.95
      vertex -45.3 125.5 0
    endloop
  endfacet
  facet normal -1 0 0
    outer loop
      vertex -45.3 87.4103 -12.95
      vertex -45.3 125.5 0
      vertex -45.3 92.0897 -12.95
    endloop
  endfacet
  facet normal -1 0 0
    outer loop
      vertex -45.3 69.5346 -17.95
      vertex -45.3 78.75 -17.95
      vertex -45.3 76.482 -18.95
    endloop
  endfacet
  facet normal -1 0 0
    outer loop
      vertex -45.3 69.5346 -17.95
      vertex -45.3 76.482 -18.95
      vertex -45.3 71.8026 -18.95
    endloop
  endfacet
  facet normal -1 0 0
    outer loop
      vertex -45.3 78.75 -17.95
      vertex -45.3 69.5346 -17.95
      vertex -45.3 87.4103 -12.95
    endloop
  endfacet
  facet normal -1 0 0
    outer loop
      vertex -45.3 60.8743 -12.95
      vertex -45.3 87.4103 -12.95
      vertex -45.3 69.5346 -17.95
    endloop
  endfacet
  facet normal -1 0 0
    outer loop
      vertex -45.3 87.4103 -12.95
      vertex -45.3 60.8743 -12.95
      vertex -45.3 54 0
    endloop
  endfacet
  facet normal -1 0 0
    outer loop
      vertex -45.3 54 -6.5
      vertex -45.3 60.8743 -12.95
      vertex -45.3 56.1949 -12.95
    endloop
  endfacet
  facet normal -1 0 0
    outer loop
      vertex -45.3 60.8743 -12.95
      vertex -45.3 54 -6.5
      vertex -45.3 54 0
    endloop
  endfacet
  facet normal -1 0 0
    outer loop
      vertex -45.3 87.4103 -12.95
      vertex -45.3 54 0
      vertex -45.3 125.5 0
    endloop
  endfacet
  facet normal -1 0 0
    outer loop
      vertex -45.3 147.573 -35.95
      vertex -45.3 141.181 -29.95
      vertex -45.3 149.841 -34.95
    endloop
  endfacet
  facet normal -1 0 -0
    outer loop
      vertex -45.3 141.181 -29.95
      vertex -45.3 147.573 -35.95
      vertex -45.3 138.913 -30.95
    endloop
  endfacet
  facet normal -1 0 0
    outer loop
      vertex -45.3 147.573 -23.95
      vertex -45.3 141.181 -17.95
      vertex -45.3 149.841 -22.95
    endloop
  endfacet
  facet normal -1 0 -0
    outer loop
      vertex -45.3 141.181 -17.95
      vertex -45.3 147.573 -23.95
      vertex -45.3 138.913 -18.95
    endloop
  endfacet
  facet normal -0.83205 0.5547 0
    outer loop
      vertex -59.3 33 -6.5
      vertex -45.3 54 0
      vertex -45.3 54 -6.5
    endloop
  endfacet
  facet normal -0.83205 0.5547 0
    outer loop
      vertex -45.3 54 0
      vertex -59.3 33 -6.5
      vertex -59.3 33 0
    endloop
  endfacet
  facet normal -1 0 0
    outer loop
      vertex -59.3 27 -6.5
      vertex -59.3 33 0
      vertex -59.3 33 -6.5
    endloop
  endfacet
  facet normal -1 -0 0
    outer loop
      vertex -59.3 33 0
      vertex -59.3 27 -6.5
      vertex -59.3 27 0
    endloop
  endfacet
  facet normal -0.83205 -0.554701 0
    outer loop
      vertex -45.3 6.00002 -6.5
      vertex -59.3 27 0
      vertex -59.3 27 -6.5
    endloop
  endfacet
  facet normal -0.83205 -0.554701 0
    outer loop
      vertex -59.3 27 0
      vertex -45.3 6.00002 -6.5
      vertex -45.3 6.00002 0
    endloop
  endfacet
  facet normal 0 0 -1
    outer loop
      vertex -45.3 125.5 -6.5
      vertex -47.55 149.5 -6.5
      vertex -45.3 173.5 -6.5
    endloop
  endfacet
  facet normal 0 0 -1
    outer loop
      vertex -45.3 125.5 -6.5
      vertex -47.5728 149.036 -6.5
      vertex -47.55 149.5 -6.5
    endloop
  endfacet
  facet normal 0 0 -1
    outer loop
      vertex -45.3 125.5 -6.5
      vertex -47.5729 149.034 -6.5
      vertex -47.5728 149.036 -6.5
    endloop
  endfacet
  facet normal 0 0 -1
    outer loop
      vertex -45.3 125.5 -6.5
      vertex -47.6411 148.574 -6.5
      vertex -47.5729 149.034 -6.5
    endloop
  endfacet
  facet normal 0 0 -1
    outer loop
      vertex -45.3 125.5 -6.5
      vertex -47.6413 148.573 -6.5
      vertex -47.6411 148.574 -6.5
    endloop
  endfacet
  facet normal 0 0 -1
    outer loop
      vertex -45.3 125.5 -6.5
      vertex -47.6415 148.572 -6.5
      vertex -47.6413 148.573 -6.5
    endloop
  endfacet
  facet normal 0 0 -1
    outer loop
      vertex -45.3 125.5 -6.5
      vertex -47.7545 148.121 -6.5
      vertex -47.6415 148.572 -6.5
    endloop
  endfacet
  facet normal 0 0 -1
    outer loop
      vertex -45.3 125.5 -6.5
      vertex -47.7549 148.12 -6.5
      vertex -47.7545 148.121 -6.5
    endloop
  endfacet
  facet normal 0 0 -1
    outer loop
      vertex -45.3 125.5 -6.5
      vertex -47.9116 147.682 -6.5
      vertex -47.7549 148.12 -6.5
    endloop
  endfacet
  facet normal 0 0 -1
    outer loop
      vertex -45.3 125.5 -6.5
      vertex -47.912 147.681 -6.5
      vertex -47.9116 147.682 -6.5
    endloop
  endfacet
  facet normal 0 0 -1
    outer loop
      vertex -45.3 125.5 -6.5
      vertex -48.1109 147.261 -6.5
      vertex -47.912 147.681 -6.5
    endloop
  endfacet
  facet normal 0 0 -1
    outer loop
      vertex -45.3 125.5 -6.5
      vertex -48.35 146.862 -6.5
      vertex -48.1109 147.261 -6.5
    endloop
  endfacet
  facet normal 0 0 -1
    outer loop
      vertex -45.3 125.5 -6.5
      vertex -48.3505 146.861 -6.5
      vertex -48.35 146.862 -6.5
    endloop
  endfacet
  facet normal 0 0 -1
    outer loop
      vertex -45.3 125.5 -6.5
      vertex -48.6276 146.488 -6.5
      vertex -48.3505 146.861 -6.5
    endloop
  endfacet
  facet normal 0 0 -1
    outer loop
      vertex -45.3 125.5 -6.5
      vertex -48.6282 146.487 -6.5
      vertex -48.6276 146.488 -6.5
    endloop
  endfacet
  facet normal 0 0 -1
    outer loop
      vertex -45.3 125.5 -6.5
      vertex -48.6289 146.486 -6.5
      vertex -48.6282 146.487 -6.5
    endloop
  endfacet
  facet normal 0 0 -1
    outer loop
      vertex -45.3 125.5 -6.5
      vertex -48.9412 146.141 -6.5
      vertex -48.6289 146.486 -6.5
    endloop
  endfacet
  facet normal 0 0 -1
    outer loop
      vertex -45.3 125.5 -6.5
      vertex -49.2858 145.829 -6.5
      vertex -48.9412 146.141 -6.5
    endloop
  endfacet
  facet normal 0 0 -1
    outer loop
      vertex -45.3 125.5 -6.5
      vertex -49.2866 145.828 -6.5
      vertex -49.2858 145.829 -6.5
    endloop
  endfacet
  facet normal 0 0 -1
    outer loop
      vertex -45.3 125.5 -6.5
      vertex -49.6602 145.551 -6.5
      vertex -49.2866 145.828 -6.5
    endloop
  endfacet
  facet normal 0 0 -1
    outer loop
      vertex -45.3 125.5 -6.5
      vertex -49.661 145.551 -6.5
      vertex -49.6602 145.551 -6.5
    endloop
  endfacet
  facet normal 0 0 -1
    outer loop
      vertex -45.3 125.5 -6.5
      vertex -49.662 145.55 -6.5
      vertex -49.661 145.551 -6.5
    endloop
  endfacet
  facet normal 0 0 -1
    outer loop
      vertex -45.3 125.5 -6.5
      vertex -50.0609 145.311 -6.5
      vertex -49.662 145.55 -6.5
    endloop
  endfacet
  facet normal 0 0 -1
    outer loop
      vertex -45.3 125.5 -6.5
      vertex -50.4813 145.112 -6.5
      vertex -50.0609 145.311 -6.5
    endloop
  endfacet
  facet normal 0 0 -1
    outer loop
      vertex -45.3 125.5 -6.5
      vertex -50.4823 145.112 -6.5
      vertex -50.4813 145.112 -6.5
    endloop
  endfacet
  facet normal 0 0 -1
    outer loop
      vertex -45.3 125.5 -6.5
      vertex -50.4833 145.111 -6.5
      vertex -50.4823 145.112 -6.5
    endloop
  endfacet
  facet normal 0 0 -1
    outer loop
      vertex -45.3 125.5 -6.5
      vertex -50.9211 144.955 -6.5
      vertex -50.4833 145.111 -6.5
    endloop
  endfacet
  facet normal 0 0 -1
    outer loop
      vertex -45.3 125.5 -6.5
      vertex -51.3723 144.842 -6.5
      vertex -50.9211 144.955 -6.5
    endloop
  endfacet
  facet normal 0 0 -1
    outer loop
      vertex -45.3 125.5 -6.5
      vertex -51.3733 144.841 -6.5
      vertex -51.3723 144.842 -6.5
    endloop
  endfacet
  facet normal 0 0 -1
    outer loop
      vertex -45.3 125.5 -6.5
      vertex -51.3744 144.841 -6.5
      vertex -51.3733 144.841 -6.5
    endloop
  endfacet
  facet normal 0 0 -1
    outer loop
      vertex -45.3 125.5 -6.5
      vertex -51.8344 144.773 -6.5
      vertex -51.3744 144.841 -6.5
    endloop
  endfacet
  facet normal 0 0 -1
    outer loop
      vertex -45.3 125.5 -6.5
      vertex -52.2989 144.75 -6.5
      vertex -51.8344 144.773 -6.5
    endloop
  endfacet
  facet normal 0 0 -1
    outer loop
      vertex -45.3 125.5 -6.5
      vertex -52.3 144.75 -6.5
      vertex -52.2989 144.75 -6.5
    endloop
  endfacet
  facet normal 0 0 -1
    outer loop
      vertex -45.3 125.5 -6.5
      vertex -52.3011 144.75 -6.5
      vertex -52.3 144.75 -6.5
    endloop
  endfacet
  facet normal 0 0 -1
    outer loop
      vertex -45.3 125.5 -6.5
      vertex -52.7656 144.773 -6.5
      vertex -52.3011 144.75 -6.5
    endloop
  endfacet
  facet normal 0 0 -1
    outer loop
      vertex -45.3 125.5 -6.5
      vertex -53.2256 144.841 -6.5
      vertex -52.7656 144.773 -6.5
    endloop
  endfacet
  facet normal 0 0 -1
    outer loop
      vertex -45.3 125.5 -6.5
      vertex -53.2267 144.841 -6.5
      vertex -53.2256 144.841 -6.5
    endloop
  endfacet
  facet normal 0 0 -1
    outer loop
      vertex -45.3 125.5 -6.5
      vertex -53.6778 144.954 -6.5
      vertex -53.2267 144.841 -6.5
    endloop
  endfacet
  facet normal 0 0 -1
    outer loop
      vertex -45.3 125.5 -6.5
      vertex -53.6789 144.955 -6.5
      vertex -53.6778 144.954 -6.5
    endloop
  endfacet
  facet normal 0 0 -1
    outer loop
      vertex -45.3 125.5 -6.5
      vertex -53.6799 144.955 -6.5
      vertex -53.6789 144.955 -6.5
    endloop
  endfacet
  facet normal 0 0 -1
    outer loop
      vertex -45.3 125.5 -6.5
      vertex -54.1177 145.112 -6.5
      vertex -53.6799 144.955 -6.5
    endloop
  endfacet
  facet normal 0 0 -1
    outer loop
      vertex -45.3 125.5 -6.5
      vertex -54.1187 145.112 -6.5
      vertex -54.1177 145.112 -6.5
    endloop
  endfacet
  facet normal 0 0 -1
    outer loop
      vertex -59.3 146.5 -6.5
      vertex -54.1187 145.112 -6.5
      vertex -45.3 125.5 -6.5
    endloop
  endfacet
  facet normal 0 0 -1
    outer loop
      vertex -54.1187 145.112 -6.5
      vertex -59.3 146.5 -6.5
      vertex -54.5391 145.311 -6.5
    endloop
  endfacet
  facet normal 0 0 -1
    outer loop
      vertex -54.5391 145.311 -6.5
      vertex -59.3 146.5 -6.5
      vertex -54.938 145.55 -6.5
    endloop
  endfacet
  facet normal 0 0 -1
    outer loop
      vertex -54.938 145.55 -6.5
      vertex -59.3 146.5 -6.5
      vertex -54.939 145.551 -6.5
    endloop
  endfacet
  facet normal 0 0 1
    outer loop
      vertex -54.939 145.551 -6.5
      vertex -59.3 146.5 -6.5
      vertex -54.9398 145.551 -6.5
    endloop
  endfacet
  facet normal 0 0 -1
    outer loop
      vertex -54.9398 145.551 -6.5
      vertex -59.3 146.5 -6.5
      vertex -55.3134 145.828 -6.5
    endloop
  endfacet
  facet normal 0 0 -1
    outer loop
      vertex -55.3134 145.828 -6.5
      vertex -59.3 146.5 -6.5
      vertex -55.3142 145.829 -6.5
    endloop
  endfacet
  facet normal 0 0 -1
    outer loop
      vertex -55.3142 145.829 -6.5
      vertex -59.3 146.5 -6.5
      vertex -55.6588 146.141 -6.5
    endloop
  endfacet
  facet normal 0 0 -1
    outer loop
      vertex -55.6588 146.141 -6.5
      vertex -59.3 146.5 -6.5
      vertex -55.9711 146.486 -6.5
    endloop
  endfacet
  facet normal 0 0 -1
    outer loop
      vertex -55.9711 146.486 -6.5
      vertex -59.3 146.5 -6.5
      vertex -55.9718 146.487 -6.5
    endloop
  endfacet
  facet normal 0 0 -1
    outer loop
      vertex -55.9718 146.487 -6.5
      vertex -59.3 146.5 -6.5
      vertex -55.9724 146.488 -6.5
    endloop
  endfacet
  facet normal 0 0 -1
    outer loop
      vertex -55.9724 146.488 -6.5
      vertex -59.3 146.5 -6.5
      vertex -56.2495 146.861 -6.5
    endloop
  endfacet
  facet normal -0 0 -1
    outer loop
      vertex -56.2495 146.861 -6.5
      vertex -59.3 146.5 -6.5
      vertex -56.25 146.862 -6.5
    endloop
  endfacet
  facet normal 0 0 -1
    outer loop
      vertex -59.3 146.5 -6.5
      vertex -56.8451 148.12 -6.5
      vertex -56.6884 147.682 -6.5
    endloop
  endfacet
  facet normal 0 0 -1
    outer loop
      vertex -59.3 146.5 -6.5
      vertex -56.8457 148.122 -6.5
      vertex -56.8455 148.121 -6.5
    endloop
  endfacet
  facet normal -0 0 -1
    outer loop
      vertex -57.0272 149.036 -6.5
      vertex -59.3 146.5 -6.5
      vertex -57.05 149.5 -6.5
    endloop
  endfacet
  facet normal -0 0 -1
    outer loop
      vertex -57.0271 149.034 -6.5
      vertex -59.3 146.5 -6.5
      vertex -57.0272 149.036 -6.5
    endloop
  endfacet
  facet normal -0 0 -1
    outer loop
      vertex -57.027 149.033 -6.5
      vertex -59.3 146.5 -6.5
      vertex -57.0271 149.034 -6.5
    endloop
  endfacet
  facet normal -0 0 -1
    outer loop
      vertex -56.9587 148.573 -6.5
      vertex -59.3 146.5 -6.5
      vertex -57.027 149.033 -6.5
    endloop
  endfacet
  facet normal -0 0 -1
    outer loop
      vertex -56.8457 148.122 -6.5
      vertex -59.3 146.5 -6.5
      vertex -56.9587 148.573 -6.5
    endloop
  endfacet
  facet normal -0 0 -1
    outer loop
      vertex -56.8451 148.12 -6.5
      vertex -59.3 146.5 -6.5
      vertex -56.8455 148.121 -6.5
    endloop
  endfacet
  facet normal -0 0 -1
    outer loop
      vertex -56.688 147.681 -6.5
      vertex -59.3 146.5 -6.5
      vertex -56.6884 147.682 -6.5
    endloop
  endfacet
  facet normal -0 0 -1
    outer loop
      vertex -56.4891 147.261 -6.5
      vertex -59.3 146.5 -6.5
      vertex -56.688 147.681 -6.5
    endloop
  endfacet
  facet normal -0 0 -1
    outer loop
      vertex -56.25 146.862 -6.5
      vertex -59.3 146.5 -6.5
      vertex -56.4891 147.261 -6.5
    endloop
  endfacet
  facet normal 0 0 -1
    outer loop
      vertex -47.5728 149.964 -6.5
      vertex -45.3 173.5 -6.5
      vertex -47.55 149.5 -6.5
    endloop
  endfacet
  facet normal 0 0 -1
    outer loop
      vertex -47.5729 149.966 -6.5
      vertex -45.3 173.5 -6.5
      vertex -47.5728 149.964 -6.5
    endloop
  endfacet
  facet normal 0 0 -1
    outer loop
      vertex -47.6411 150.426 -6.5
      vertex -45.3 173.5 -6.5
      vertex -47.5729 149.966 -6.5
    endloop
  endfacet
  facet normal 0 0 -1
    outer loop
      vertex -47.6413 150.427 -6.5
      vertex -45.3 173.5 -6.5
      vertex -47.6411 150.426 -6.5
    endloop
  endfacet
  facet normal 0 0 -1
    outer loop
      vertex -47.6415 150.428 -6.5
      vertex -45.3 173.5 -6.5
      vertex -47.6413 150.427 -6.5
    endloop
  endfacet
  facet normal 0 0 -1
    outer loop
      vertex -47.7545 150.879 -6.5
      vertex -45.3 173.5 -6.5
      vertex -47.6415 150.428 -6.5
    endloop
  endfacet
  facet normal 0 0 -1
    outer loop
      vertex -47.7549 150.88 -6.5
      vertex -45.3 173.5 -6.5
      vertex -47.7545 150.879 -6.5
    endloop
  endfacet
  facet normal 0 0 -1
    outer loop
      vertex -47.9116 151.318 -6.5
      vertex -45.3 173.5 -6.5
      vertex -47.7549 150.88 -6.5
    endloop
  endfacet
  facet normal 0 0 -1
    outer loop
      vertex -47.912 151.319 -6.5
      vertex -45.3 173.5 -6.5
      vertex -47.9116 151.318 -6.5
    endloop
  endfacet
  facet normal 0 0 -1
    outer loop
      vertex -48.1109 151.739 -6.5
      vertex -45.3 173.5 -6.5
      vertex -47.912 151.319 -6.5
    endloop
  endfacet
  facet normal 0 0 -1
    outer loop
      vertex -48.35 152.138 -6.5
      vertex -45.3 173.5 -6.5
      vertex -48.1109 151.739 -6.5
    endloop
  endfacet
  facet normal 0 0 -1
    outer loop
      vertex -48.3505 152.139 -6.5
      vertex -45.3 173.5 -6.5
      vertex -48.35 152.138 -6.5
    endloop
  endfacet
  facet normal 0 0 -1
    outer loop
      vertex -48.6276 152.512 -6.5
      vertex -45.3 173.5 -6.5
      vertex -48.3505 152.139 -6.5
    endloop
  endfacet
  facet normal 0 0 -1
    outer loop
      vertex -48.6282 152.513 -6.5
      vertex -45.3 173.5 -6.5
      vertex -48.6276 152.512 -6.5
    endloop
  endfacet
  facet normal 0 0 -1
    outer loop
      vertex -48.6289 152.514 -6.5
      vertex -45.3 173.5 -6.5
      vertex -48.6282 152.513 -6.5
    endloop
  endfacet
  facet normal 0 0 -1
    outer loop
      vertex -48.9412 152.859 -6.5
      vertex -45.3 173.5 -6.5
      vertex -48.6289 152.514 -6.5
    endloop
  endfacet
  facet normal 0 0 -1
    outer loop
      vertex -49.2858 153.171 -6.5
      vertex -45.3 173.5 -6.5
      vertex -48.9412 152.859 -6.5
    endloop
  endfacet
  facet normal 0 0 -1
    outer loop
      vertex -49.2866 153.172 -6.5
      vertex -45.3 173.5 -6.5
      vertex -49.2858 153.171 -6.5
    endloop
  endfacet
  facet normal 0 0 -1
    outer loop
      vertex -49.6602 153.449 -6.5
      vertex -45.3 173.5 -6.5
      vertex -49.2866 153.172 -6.5
    endloop
  endfacet
  facet normal 0 0 -1
    outer loop
      vertex -49.661 153.449 -6.5
      vertex -45.3 173.5 -6.5
      vertex -49.6602 153.449 -6.5
    endloop
  endfacet
  facet normal 0 0 -1
    outer loop
      vertex -49.662 153.45 -6.5
      vertex -45.3 173.5 -6.5
      vertex -49.661 153.449 -6.5
    endloop
  endfacet
  facet normal 0 0 -1
    outer loop
      vertex -50.0609 153.689 -6.5
      vertex -45.3 173.5 -6.5
      vertex -49.662 153.45 -6.5
    endloop
  endfacet
  facet normal 0 0 -1
    outer loop
      vertex -50.4813 153.888 -6.5
      vertex -45.3 173.5 -6.5
      vertex -50.0609 153.689 -6.5
    endloop
  endfacet
  facet normal 0 0 -1
    outer loop
      vertex -50.4823 153.888 -6.5
      vertex -45.3 173.5 -6.5
      vertex -50.4813 153.888 -6.5
    endloop
  endfacet
  facet normal 0 0 -1
    outer loop
      vertex -50.4833 153.889 -6.5
      vertex -45.3 173.5 -6.5
      vertex -50.4823 153.888 -6.5
    endloop
  endfacet
  facet normal 0 0 -1
    outer loop
      vertex -50.9211 154.045 -6.5
      vertex -45.3 173.5 -6.5
      vertex -50.4833 153.889 -6.5
    endloop
  endfacet
  facet normal 0 0 -1
    outer loop
      vertex -51.3723 154.158 -6.5
      vertex -45.3 173.5 -6.5
      vertex -50.9211 154.045 -6.5
    endloop
  endfacet
  facet normal 0 0 -1
    outer loop
      vertex -51.3733 154.159 -6.5
      vertex -45.3 173.5 -6.5
      vertex -51.3723 154.158 -6.5
    endloop
  endfacet
  facet normal 0 0 -1
    outer loop
      vertex -51.3744 154.159 -6.5
      vertex -45.3 173.5 -6.5
      vertex -51.3733 154.159 -6.5
    endloop
  endfacet
  facet normal 0 0 -1
    outer loop
      vertex -51.8344 154.227 -6.5
      vertex -45.3 173.5 -6.5
      vertex -51.3744 154.159 -6.5
    endloop
  endfacet
  facet normal 0 0 -1
    outer loop
      vertex -51.8355 154.227 -6.5
      vertex -45.3 173.5 -6.5
      vertex -51.8344 154.227 -6.5
    endloop
  endfacet
  facet normal 0 0 -1
    outer loop
      vertex -52.3 154.25 -6.5
      vertex -45.3 173.5 -6.5
      vertex -51.8355 154.227 -6.5
    endloop
  endfacet
  facet normal 0 0 -1
    outer loop
      vertex -52.7645 154.227 -6.5
      vertex -45.3 173.5 -6.5
      vertex -52.3 154.25 -6.5
    endloop
  endfacet
  facet normal 0 0 -1
    outer loop
      vertex -52.7656 154.227 -6.5
      vertex -45.3 173.5 -6.5
      vertex -52.7645 154.227 -6.5
    endloop
  endfacet
  facet normal 0 0 -1
    outer loop
      vertex -53.2256 154.159 -6.5
      vertex -45.3 173.5 -6.5
      vertex -52.7656 154.227 -6.5
    endloop
  endfacet
  facet normal 0 0 -1
    outer loop
      vertex -53.2267 154.159 -6.5
      vertex -45.3 173.5 -6.5
      vertex -53.2256 154.159 -6.5
    endloop
  endfacet
  facet normal 0 0 -1
    outer loop
      vertex -53.6778 154.046 -6.5
      vertex -45.3 173.5 -6.5
      vertex -53.2267 154.159 -6.5
    endloop
  endfacet
  facet normal 0 0 -1
    outer loop
      vertex -53.6789 154.045 -6.5
      vertex -45.3 173.5 -6.5
      vertex -53.6778 154.046 -6.5
    endloop
  endfacet
  facet normal 0 0 -1
    outer loop
      vertex -53.6799 154.045 -6.5
      vertex -45.3 173.5 -6.5
      vertex -53.6789 154.045 -6.5
    endloop
  endfacet
  facet normal 0 0 -1
    outer loop
      vertex -54.1177 153.888 -6.5
      vertex -45.3 173.5 -6.5
      vertex -53.6799 154.045 -6.5
    endloop
  endfacet
  facet normal 0 0 -1
    outer loop
      vertex -54.1187 153.888 -6.5
      vertex -45.3 173.5 -6.5
      vertex -54.1177 153.888 -6.5
    endloop
  endfacet
  facet normal 0 0 -1
    outer loop
      vertex -59.3 152.5 -6.5
      vertex -54.1187 153.888 -6.5
      vertex -54.5391 153.689 -6.5
    endloop
  endfacet
  facet normal 0 0 -1
    outer loop
      vertex -59.3 152.5 -6.5
      vertex -54.5391 153.689 -6.5
      vertex -54.938 153.45 -6.5
    endloop
  endfacet
  facet normal 0 0 -1
    outer loop
      vertex -59.3 152.5 -6.5
      vertex -54.938 153.45 -6.5
      vertex -54.939 153.449 -6.5
    endloop
  endfacet
  facet normal 0 0 1
    outer loop
      vertex -59.3 152.5 -6.5
      vertex -54.939 153.449 -6.5
      vertex -54.9398 153.449 -6.5
    endloop
  endfacet
  facet normal 0 0 -1
    outer loop
      vertex -59.3 152.5 -6.5
      vertex -54.9398 153.449 -6.5
      vertex -55.3134 153.172 -6.5
    endloop
  endfacet
  facet normal 0 0 -1
    outer loop
      vertex -59.3 152.5 -6.5
      vertex -55.3134 153.172 -6.5
      vertex -55.3142 153.171 -6.5
    endloop
  endfacet
  facet normal 0 0 -1
    outer loop
      vertex -59.3 152.5 -6.5
      vertex -55.3142 153.171 -6.5
      vertex -55.6588 152.859 -6.5
    endloop
  endfacet
  facet normal 0 0 -1
    outer loop
      vertex -59.3 152.5 -6.5
      vertex -55.6588 152.859 -6.5
      vertex -55.9711 152.514 -6.5
    endloop
  endfacet
  facet normal 0 0 -1
    outer loop
      vertex -59.3 152.5 -6.5
      vertex -55.9711 152.514 -6.5
      vertex -55.9718 152.513 -6.5
    endloop
  endfacet
  facet normal 0 0 -1
    outer loop
      vertex -59.3 152.5 -6.5
      vertex -55.9718 152.513 -6.5
      vertex -55.9724 152.512 -6.5
    endloop
  endfacet
  facet normal 0 0 -1
    outer loop
      vertex -59.3 152.5 -6.5
      vertex -55.9724 152.512 -6.5
      vertex -56.2495 152.139 -6.5
    endloop
  endfacet
  facet normal 0 0 -1
    outer loop
      vertex -59.3 152.5 -6.5
      vertex -56.2495 152.139 -6.5
      vertex -56.25 152.138 -6.5
    endloop
  endfacet
  facet normal 0 0 -1
    outer loop
      vertex -59.3 152.5 -6.5
      vertex -56.25 152.138 -6.5
      vertex -56.4891 151.739 -6.5
    endloop
  endfacet
  facet normal 0 0 -1
    outer loop
      vertex -59.3 152.5 -6.5
      vertex -56.8451 150.88 -6.5
      vertex -56.8455 150.879 -6.5
    endloop
  endfacet
  facet normal 0 0 -1
    outer loop
      vertex -59.3 152.5 -6.5
      vertex -56.8457 150.878 -6.5
      vertex -56.9587 150.427 -6.5
    endloop
  endfacet
  facet normal 0 0 -1
    outer loop
      vertex -59.3 152.5 -6.5
      vertex -57.05 149.5 -6.5
      vertex -59.3 146.5 -6.5
    endloop
  endfacet
  facet normal 0 0 -1
    outer loop
      vertex -57.05 149.5 -6.5
      vertex -59.3 152.5 -6.5
      vertex -57.0272 149.964 -6.5
    endloop
  endfacet
  facet normal 0 0 -1
    outer loop
      vertex -57.0272 149.964 -6.5
      vertex -59.3 152.5 -6.5
      vertex -57.0271 149.966 -6.5
    endloop
  endfacet
  facet normal 0 0 -1
    outer loop
      vertex -57.0271 149.966 -6.5
      vertex -59.3 152.5 -6.5
      vertex -57.027 149.967 -6.5
    endloop
  endfacet
  facet normal 0 0 -1
    outer loop
      vertex -57.027 149.967 -6.5
      vertex -59.3 152.5 -6.5
      vertex -56.9587 150.427 -6.5
    endloop
  endfacet
  facet normal 0 0 -1
    outer loop
      vertex -56.8457 150.878 -6.5
      vertex -59.3 152.5 -6.5
      vertex -56.8455 150.879 -6.5
    endloop
  endfacet
  facet normal 0 0 -1
    outer loop
      vertex -56.8451 150.88 -6.5
      vertex -59.3 152.5 -6.5
      vertex -56.6884 151.318 -6.5
    endloop
  endfacet
  facet normal 0 0 -1
    outer loop
      vertex -56.6884 151.318 -6.5
      vertex -59.3 152.5 -6.5
      vertex -56.688 151.319 -6.5
    endloop
  endfacet
  facet normal 0 0 -1
    outer loop
      vertex -56.688 151.319 -6.5
      vertex -59.3 152.5 -6.5
      vertex -56.4891 151.739 -6.5
    endloop
  endfacet
  facet normal -0 0 -1
    outer loop
      vertex -54.1187 153.888 -6.5
      vertex -59.3 152.5 -6.5
      vertex -45.3 173.5 -6.5
    endloop
  endfacet
  facet normal -0.83205 0.5547 0
    outer loop
      vertex -59.3 152.5 -6.5
      vertex -45.3 173.5 0
      vertex -45.3 173.5 -6.5
    endloop
  endfacet
  facet normal -0.83205 0.5547 0
    outer loop
      vertex -45.3 173.5 0
      vertex -59.3 152.5 -6.5
      vertex -59.3 152.5 0
    endloop
  endfacet
  facet normal -1 0 0
    outer loop
      vertex -59.3 146.5 -6.5
      vertex -59.3 152.5 0
      vertex -59.3 152.5 -6.5
    endloop
  endfacet
  facet normal -1 -0 0
    outer loop
      vertex -59.3 152.5 0
      vertex -59.3 146.5 -6.5
      vertex -59.3 146.5 0
    endloop
  endfacet
  facet normal -0.83205 -0.5547 0
    outer loop
      vertex -45.3 125.5 -6.5
      vertex -59.3 146.5 0
      vertex -59.3 146.5 -6.5
    endloop
  endfacet
  facet normal -0.83205 -0.5547 0
    outer loop
      vertex -59.3 146.5 0
      vertex -45.3 125.5 -6.5
      vertex -45.3 125.5 0
    endloop
  endfacet
  facet normal 1 0 0
    outer loop
      vertex -42.3 31.9269 -35.95
      vertex -42.3 38.3192 -41.95
      vertex -42.3 40.5872 -40.95
    endloop
  endfacet
  facet normal 1 0 0
    outer loop
      vertex -42.3 29.659 -36.95
      vertex -42.3 31.9269 -35.95
      vertex -42.3 29.659 -34.95
    endloop
  endfacet
  facet normal 1 0 0
    outer loop
      vertex -42.3 31.9269 -35.95
      vertex -42.3 29.659 -36.95
      vertex -42.3 38.3192 -41.95
    endloop
  endfacet
  facet normal 1 -0 0
    outer loop
      vertex -42.3 24.9795 -34.95
      vertex -42.3 29.659 -36.95
      vertex -42.3 29.659 -34.95
    endloop
  endfacet
  facet normal 1 0 0
    outer loop
      vertex -42.3 24.9795 -34.95
      vertex -42.3 24.9795 -36.95
      vertex -42.3 29.659 -36.95
    endloop
  endfacet
  facet normal 1 0 0
    outer loop
      vertex -42.3 16.3192 -29.95
      vertex -42.3 24.9795 -36.95
      vertex -42.3 24.9795 -34.95
    endloop
  endfacet
  facet normal 1 0 0
    outer loop
      vertex -42.3 24.9795 -36.95
      vertex -42.3 16.3192 -29.95
      vertex -42.3 16.3192 -41.95
    endloop
  endfacet
  facet normal 1 0 0
    outer loop
      vertex -42.3 38.3192 -17.95
      vertex -42.3 31.9269 -23.95
      vertex -42.3 40.5872 -18.95
    endloop
  endfacet
  facet normal 1 0 -0
    outer loop
      vertex -42.3 31.9269 -23.95
      vertex -42.3 38.3192 -17.95
      vertex -42.3 29.659 -22.95
    endloop
  endfacet
  facet normal 1 0 0
    outer loop
      vertex -42.3 38.3192 -29.95
      vertex -42.3 31.9269 -35.95
      vertex -42.3 40.5872 -30.95
    endloop
  endfacet
  facet normal 1 0 -0
    outer loop
      vertex -42.3 31.9269 -35.95
      vertex -42.3 38.3192 -29.95
      vertex -42.3 29.659 -34.95
    endloop
  endfacet
  facet normal 1 0 0
    outer loop
      vertex -42.3 53.9269 -23.95
      vertex -42.3 47.5346 -29.95
      vertex -42.3 56.1949 -24.95
    endloop
  endfacet
  facet normal 1 0 -0
    outer loop
      vertex -42.3 47.5346 -29.95
      vertex -42.3 53.9269 -23.95
      vertex -42.3 45.2666 -28.95
    endloop
  endfacet
  facet normal 1 0 0
    outer loop
      vertex -42.3 53.9269 -35.95
      vertex -42.3 47.5346 -41.95
      vertex -42.3 56.1949 -36.95
    endloop
  endfacet
  facet normal 1 0 -0
    outer loop
      vertex -42.3 47.5346 -41.95
      vertex -42.3 53.9269 -35.95
      vertex -42.3 45.2666 -40.95
    endloop
  endfacet
  facet normal 1 0 0
    outer loop
      vertex -42.3 63.1423 -35.95
      vertex -42.3 69.5346 -41.95
      vertex -42.3 71.8026 -40.95
    endloop
  endfacet
  facet normal 1 0 0
    outer loop
      vertex -42.3 60.8743 -36.95
      vertex -42.3 63.1423 -35.95
      vertex -42.3 60.8743 -34.95
    endloop
  endfacet
  facet normal 1 0 0
    outer loop
      vertex -42.3 63.1423 -35.95
      vertex -42.3 60.8743 -36.95
      vertex -42.3 69.5346 -41.95
    endloop
  endfacet
  facet normal 1 -0 0
    outer loop
      vertex -42.3 56.1949 -34.95
      vertex -42.3 60.8743 -36.95
      vertex -42.3 60.8743 -34.95
    endloop
  endfacet
  facet normal 1 0 0
    outer loop
      vertex -42.3 56.1949 -34.95
      vertex -42.3 56.1949 -36.95
      vertex -42.3 60.8743 -36.95
    endloop
  endfacet
  facet normal 1 0 0
    outer loop
      vertex -42.3 56.1949 -34.95
      vertex -42.3 53.9269 -35.95
      vertex -42.3 56.1949 -36.95
    endloop
  endfacet
  facet normal 1 0 0
    outer loop
      vertex -42.3 47.5346 -29.95
      vertex -42.3 53.9269 -35.95
      vertex -42.3 56.1949 -34.95
    endloop
  endfacet
  facet normal 1 0 0
    outer loop
      vertex -42.3 45.2666 -30.95
      vertex -42.3 47.5346 -29.95
      vertex -42.3 45.2666 -28.95
    endloop
  endfacet
  facet normal 1 0 0
    outer loop
      vertex -42.3 47.5346 -29.95
      vertex -42.3 45.2666 -30.95
      vertex -42.3 53.9269 -35.95
    endloop
  endfacet
  facet normal 1 -0 0
    outer loop
      vertex -42.3 40.5872 -28.95
      vertex -42.3 45.2666 -30.95
      vertex -42.3 45.2666 -28.95
    endloop
  endfacet
  facet normal 1 0 0
    outer loop
      vertex -42.3 40.5872 -28.95
      vertex -42.3 40.5872 -30.95
      vertex -42.3 45.2666 -30.95
    endloop
  endfacet
  facet normal 1 0 0
    outer loop
      vertex -42.3 40.5872 -28.95
      vertex -42.3 38.3192 -29.95
      vertex -42.3 40.5872 -30.95
    endloop
  endfacet
  facet normal 1 0 0
    outer loop
      vertex -42.3 31.9269 -23.95
      vertex -42.3 38.3192 -29.95
      vertex -42.3 40.5872 -28.95
    endloop
  endfacet
  facet normal 1 0 0
    outer loop
      vertex -42.3 29.659 -24.95
      vertex -42.3 31.9269 -23.95
      vertex -42.3 29.659 -22.95
    endloop
  endfacet
  facet normal 1 0 0
    outer loop
      vertex -42.3 31.9269 -23.95
      vertex -42.3 29.659 -24.95
      vertex -42.3 38.3192 -29.95
    endloop
  endfacet
  facet normal 1 -0 0
    outer loop
      vertex -42.3 24.9795 -22.95
      vertex -42.3 29.659 -24.95
      vertex -42.3 29.659 -22.95
    endloop
  endfacet
  facet normal 1 0 0
    outer loop
      vertex -42.3 24.9795 -22.95
      vertex -42.3 24.9795 -24.95
      vertex -42.3 29.659 -24.95
    endloop
  endfacet
  facet normal 1 0 0
    outer loop
      vertex -42.3 16.3192 -17.95
      vertex -42.3 24.9795 -24.95
      vertex -42.3 24.9795 -22.95
    endloop
  endfacet
  facet normal 1 0 0
    outer loop
      vertex -42.3 24.9795 -24.95
      vertex -42.3 16.3192 -17.95
      vertex -42.3 16.3192 -29.95
    endloop
  endfacet
  facet normal 1 0 0
    outer loop
      vertex -42.3 69.5346 -17.95
      vertex -42.3 63.1423 -23.95
      vertex -42.3 71.8026 -18.95
    endloop
  endfacet
  facet normal 1 0 -0
    outer loop
      vertex -42.3 63.1423 -23.95
      vertex -42.3 69.5346 -17.95
      vertex -42.3 60.8743 -22.95
    endloop
  endfacet
  facet normal 1 0 0
    outer loop
      vertex -42.3 69.5346 -29.95
      vertex -42.3 63.1423 -35.95
      vertex -42.3 71.8026 -30.95
    endloop
  endfacet
  facet normal 1 0 -0
    outer loop
      vertex -42.3 63.1423 -35.95
      vertex -42.3 69.5346 -29.95
      vertex -42.3 60.8743 -34.95
    endloop
  endfacet
  facet normal 1 0 0
    outer loop
      vertex -42.3 85.1423 -23.95
      vertex -42.3 78.75 -29.95
      vertex -42.3 87.4103 -24.95
    endloop
  endfacet
  facet normal 1 0 -0
    outer loop
      vertex -42.3 78.75 -29.95
      vertex -42.3 85.1423 -23.95
      vertex -42.3 76.482 -28.95
    endloop
  endfacet
  facet normal 1 0 0
    outer loop
      vertex -42.3 85.1423 -35.95
      vertex -42.3 78.75 -41.95
      vertex -42.3 87.4103 -36.95
    endloop
  endfacet
  facet normal 1 0 -0
    outer loop
      vertex -42.3 78.75 -41.95
      vertex -42.3 85.1423 -35.95
      vertex -42.3 76.482 -40.95
    endloop
  endfacet
  facet normal 1 0 0
    outer loop
      vertex -42.3 94.3577 -35.95
      vertex -42.3 100.75 -41.95
      vertex -42.3 103.018 -40.95
    endloop
  endfacet
  facet normal 1 0 0
    outer loop
      vertex -42.3 92.0897 -36.95
      vertex -42.3 94.3577 -35.95
      vertex -42.3 92.0897 -34.95
    endloop
  endfacet
  facet normal 1 0 0
    outer loop
      vertex -42.3 94.3577 -35.95
      vertex -42.3 92.0897 -36.95
      vertex -42.3 100.75 -41.95
    endloop
  endfacet
  facet normal 1 -0 0
    outer loop
      vertex -42.3 87.4103 -34.95
      vertex -42.3 92.0897 -36.95
      vertex -42.3 92.0897 -34.95
    endloop
  endfacet
  facet normal 1 0 0
    outer loop
      vertex -42.3 87.4103 -34.95
      vertex -42.3 87.4103 -36.95
      vertex -42.3 92.0897 -36.95
    endloop
  endfacet
  facet normal 1 0 0
    outer loop
      vertex -42.3 87.4103 -34.95
      vertex -42.3 85.1423 -35.95
      vertex -42.3 87.4103 -36.95
    endloop
  endfacet
  facet normal 1 0 0
    outer loop
      vertex -42.3 78.75 -29.95
      vertex -42.3 85.1423 -35.95
      vertex -42.3 87.4103 -34.95
    endloop
  endfacet
  facet normal 1 0 0
    outer loop
      vertex -42.3 76.482 -30.95
      vertex -42.3 78.75 -29.95
      vertex -42.3 76.482 -28.95
    endloop
  endfacet
  facet normal 1 0 0
    outer loop
      vertex -42.3 78.75 -29.95
      vertex -42.3 76.482 -30.95
      vertex -42.3 85.1423 -35.95
    endloop
  endfacet
  facet normal 1 -0 0
    outer loop
      vertex -42.3 71.8026 -28.95
      vertex -42.3 76.482 -30.95
      vertex -42.3 76.482 -28.95
    endloop
  endfacet
  facet normal 1 0 0
    outer loop
      vertex -42.3 71.8026 -28.95
      vertex -42.3 71.8026 -30.95
      vertex -42.3 76.482 -30.95
    endloop
  endfacet
  facet normal 1 0 0
    outer loop
      vertex -42.3 71.8026 -28.95
      vertex -42.3 69.5346 -29.95
      vertex -42.3 71.8026 -30.95
    endloop
  endfacet
  facet normal 1 0 0
    outer loop
      vertex -42.3 63.1423 -23.95
      vertex -42.3 69.5346 -29.95
      vertex -42.3 71.8026 -28.95
    endloop
  endfacet
  facet normal 1 0 0
    outer loop
      vertex -42.3 60.8743 -24.95
      vertex -42.3 63.1423 -23.95
      vertex -42.3 60.8743 -22.95
    endloop
  endfacet
  facet normal 1 0 0
    outer loop
      vertex -42.3 63.1423 -23.95
      vertex -42.3 60.8743 -24.95
      vertex -42.3 69.5346 -29.95
    endloop
  endfacet
  facet normal 1 -0 0
    outer loop
      vertex -42.3 56.1949 -22.95
      vertex -42.3 60.8743 -24.95
      vertex -42.3 60.8743 -22.95
    endloop
  endfacet
  facet normal 1 0 0
    outer loop
      vertex -42.3 56.1949 -22.95
      vertex -42.3 56.1949 -24.95
      vertex -42.3 60.8743 -24.95
    endloop
  endfacet
  facet normal 1 0 0
    outer loop
      vertex -42.3 56.1949 -22.95
      vertex -42.3 53.9269 -23.95
      vertex -42.3 56.1949 -24.95
    endloop
  endfacet
  facet normal 1 0 0
    outer loop
      vertex -42.3 47.5346 -17.95
      vertex -42.3 53.9269 -23.95
      vertex -42.3 56.1949 -22.95
    endloop
  endfacet
  facet normal 1 0 0
    outer loop
      vertex -42.3 53.9269 -23.95
      vertex -42.3 47.5346 -17.95
      vertex -42.3 45.2666 -18.95
    endloop
  endfacet
  facet normal 1 0 0
    outer loop
      vertex -42.3 100.75 -17.95
      vertex -42.3 94.3577 -23.95
      vertex -42.3 103.018 -18.95
    endloop
  endfacet
  facet normal 1 0 -0
    outer loop
      vertex -42.3 94.3577 -23.95
      vertex -42.3 100.75 -17.95
      vertex -42.3 92.0897 -22.95
    endloop
  endfacet
  facet normal 1 0 0
    outer loop
      vertex -42.3 100.75 -29.95
      vertex -42.3 94.3577 -35.95
      vertex -42.3 103.018 -30.95
    endloop
  endfacet
  facet normal 1 0 -0
    outer loop
      vertex -42.3 94.3577 -35.95
      vertex -42.3 100.75 -29.95
      vertex -42.3 92.0897 -34.95
    endloop
  endfacet
  facet normal 1 0 0
    outer loop
      vertex -42.3 116.358 -23.95
      vertex -42.3 109.965 -29.95
      vertex -42.3 118.626 -24.95
    endloop
  endfacet
  facet normal 1 0 -0
    outer loop
      vertex -42.3 109.965 -29.95
      vertex -42.3 116.358 -23.95
      vertex -42.3 107.697 -28.95
    endloop
  endfacet
  facet normal 1 0 0
    outer loop
      vertex -42.3 116.358 -35.95
      vertex -42.3 109.965 -41.95
      vertex -42.3 118.626 -36.95
    endloop
  endfacet
  facet normal 1 0 -0
    outer loop
      vertex -42.3 109.965 -41.95
      vertex -42.3 116.358 -35.95
      vertex -42.3 107.697 -40.95
    endloop
  endfacet
  facet normal 1 0 0
    outer loop
      vertex -42.3 125.573 -35.95
      vertex -42.3 131.965 -41.95
      vertex -42.3 134.233 -40.95
    endloop
  endfacet
  facet normal 1 0 0
    outer loop
      vertex -42.3 123.305 -36.95
      vertex -42.3 125.573 -35.95
      vertex -42.3 123.305 -34.95
    endloop
  endfacet
  facet normal 1 0 0
    outer loop
      vertex -42.3 125.573 -35.95
      vertex -42.3 123.305 -36.95
      vertex -42.3 131.965 -41.95
    endloop
  endfacet
  facet normal 1 -0 0
    outer loop
      vertex -42.3 118.626 -34.95
      vertex -42.3 123.305 -36.95
      vertex -42.3 123.305 -34.95
    endloop
  endfacet
  facet normal 1 0 0
    outer loop
      vertex -42.3 118.626 -34.95
      vertex -42.3 118.626 -36.95
      vertex -42.3 123.305 -36.95
    endloop
  endfacet
  facet normal 1 0 0
    outer loop
      vertex -42.3 118.626 -34.95
      vertex -42.3 116.358 -35.95
      vertex -42.3 118.626 -36.95
    endloop
  endfacet
  facet normal 1 0 0
    outer loop
      vertex -42.3 109.965 -29.95
      vertex -42.3 116.358 -35.95
      vertex -42.3 118.626 -34.95
    endloop
  endfacet
  facet normal 1 0 0
    outer loop
      vertex -42.3 107.697 -30.95
      vertex -42.3 109.965 -29.95
      vertex -42.3 107.697 -28.95
    endloop
  endfacet
  facet normal 1 0 0
    outer loop
      vertex -42.3 109.965 -29.95
      vertex -42.3 107.697 -30.95
      vertex -42.3 116.358 -35.95
    endloop
  endfacet
  facet normal 1 -0 0
    outer loop
      vertex -42.3 103.018 -28.95
      vertex -42.3 107.697 -30.95
      vertex -42.3 107.697 -28.95
    endloop
  endfacet
  facet normal 1 0 0
    outer loop
      vertex -42.3 103.018 -28.95
      vertex -42.3 103.018 -30.95
      vertex -42.3 107.697 -30.95
    endloop
  endfacet
  facet normal 1 0 0
    outer loop
      vertex -42.3 103.018 -28.95
      vertex -42.3 100.75 -29.95
      vertex -42.3 103.018 -30.95
    endloop
  endfacet
  facet normal 1 0 0
    outer loop
      vertex -42.3 94.3577 -23.95
      vertex -42.3 100.75 -29.95
      vertex -42.3 103.018 -28.95
    endloop
  endfacet
  facet normal 1 0 0
    outer loop
      vertex -42.3 92.0897 -24.95
      vertex -42.3 94.3577 -23.95
      vertex -42.3 92.0897 -22.95
    endloop
  endfacet
  facet normal 1 0 0
    outer loop
      vertex -42.3 94.3577 -23.95
      vertex -42.3 92.0897 -24.95
      vertex -42.3 100.75 -29.95
    endloop
  endfacet
  facet normal 1 -0 0
    outer loop
      vertex -42.3 87.4103 -22.95
      vertex -42.3 92.0897 -24.95
      vertex -42.3 92.0897 -22.95
    endloop
  endfacet
  facet normal 1 0 0
    outer loop
      vertex -42.3 87.4103 -22.95
      vertex -42.3 87.4103 -24.95
      vertex -42.3 92.0897 -24.95
    endloop
  endfacet
  facet normal 1 0 0
    outer loop
      vertex -42.3 87.4103 -22.95
      vertex -42.3 85.1423 -23.95
      vertex -42.3 87.4103 -24.95
    endloop
  endfacet
  facet normal 1 0 0
    outer loop
      vertex -42.3 78.75 -17.95
      vertex -42.3 85.1423 -23.95
      vertex -42.3 87.4103 -22.95
    endloop
  endfacet
  facet normal 1 0 0
    outer loop
      vertex -42.3 85.1423 -23.95
      vertex -42.3 78.75 -17.95
      vertex -42.3 76.482 -18.95
    endloop
  endfacet
  facet normal 1 0 0
    outer loop
      vertex -42.3 131.965 -17.95
      vertex -42.3 125.573 -23.95
      vertex -42.3 134.233 -18.95
    endloop
  endfacet
  facet normal 1 0 -0
    outer loop
      vertex -42.3 125.573 -23.95
      vertex -42.3 131.965 -17.95
      vertex -42.3 123.305 -22.95
    endloop
  endfacet
  facet normal 1 0 0
    outer loop
      vertex -42.3 131.965 -29.95
      vertex -42.3 125.573 -35.95
      vertex -42.3 134.233 -30.95
    endloop
  endfacet
  facet normal 1 0 -0
    outer loop
      vertex -42.3 125.573 -35.95
      vertex -42.3 131.965 -29.95
      vertex -42.3 123.305 -34.95
    endloop
  endfacet
  facet normal 1 -0 0
    outer loop
      vertex -42.3 154.52 -34.95
      vertex -42.3 163.181 -41.95
      vertex -42.3 163.181 -29.95
    endloop
  endfacet
  facet normal 1 0 0
    outer loop
      vertex -42.3 154.52 -34.95
      vertex -42.3 154.52 -36.95
      vertex -42.3 163.181 -41.95
    endloop
  endfacet
  facet normal 1 -0 0
    outer loop
      vertex -42.3 149.841 -34.95
      vertex -42.3 154.52 -36.95
      vertex -42.3 154.52 -34.95
    endloop
  endfacet
  facet normal 1 0 0
    outer loop
      vertex -42.3 149.841 -34.95
      vertex -42.3 149.841 -36.95
      vertex -42.3 154.52 -36.95
    endloop
  endfacet
  facet normal 1 0 0
    outer loop
      vertex -42.3 149.841 -34.95
      vertex -42.3 147.573 -35.95
      vertex -42.3 149.841 -36.95
    endloop
  endfacet
  facet normal 1 0 0
    outer loop
      vertex -42.3 141.181 -29.95
      vertex -42.3 147.573 -35.95
      vertex -42.3 149.841 -34.95
    endloop
  endfacet
  facet normal 1 0 0
    outer loop
      vertex -42.3 138.913 -30.95
      vertex -42.3 141.181 -29.95
      vertex -42.3 138.913 -28.95
    endloop
  endfacet
  facet normal 1 0 0
    outer loop
      vertex -42.3 141.181 -29.95
      vertex -42.3 138.913 -30.95
      vertex -42.3 147.573 -35.95
    endloop
  endfacet
  facet normal 1 -0 0
    outer loop
      vertex -42.3 134.233 -28.95
      vertex -42.3 138.913 -30.95
      vertex -42.3 138.913 -28.95
    endloop
  endfacet
  facet normal 1 0 0
    outer loop
      vertex -42.3 134.233 -28.95
      vertex -42.3 134.233 -30.95
      vertex -42.3 138.913 -30.95
    endloop
  endfacet
  facet normal 1 0 0
    outer loop
      vertex -42.3 134.233 -28.95
      vertex -42.3 131.965 -29.95
      vertex -42.3 134.233 -30.95
    endloop
  endfacet
  facet normal 1 0 0
    outer loop
      vertex -42.3 125.573 -23.95
      vertex -42.3 131.965 -29.95
      vertex -42.3 134.233 -28.95
    endloop
  endfacet
  facet normal 1 0 0
    outer loop
      vertex -42.3 123.305 -24.95
      vertex -42.3 125.573 -23.95
      vertex -42.3 123.305 -22.95
    endloop
  endfacet
  facet normal 1 0 0
    outer loop
      vertex -42.3 125.573 -23.95
      vertex -42.3 123.305 -24.95
      vertex -42.3 131.965 -29.95
    endloop
  endfacet
  facet normal 1 -0 0
    outer loop
      vertex -42.3 118.626 -22.95
      vertex -42.3 123.305 -24.95
      vertex -42.3 123.305 -22.95
    endloop
  endfacet
  facet normal 1 0 0
    outer loop
      vertex -42.3 118.626 -22.95
      vertex -42.3 118.626 -24.95
      vertex -42.3 123.305 -24.95
    endloop
  endfacet
  facet normal 1 0 0
    outer loop
      vertex -42.3 118.626 -22.95
      vertex -42.3 116.358 -23.95
      vertex -42.3 118.626 -24.95
    endloop
  endfacet
  facet normal 1 0 0
    outer loop
      vertex -42.3 109.965 -17.95
      vertex -42.3 116.358 -23.95
      vertex -42.3 118.626 -22.95
    endloop
  endfacet
  facet normal 1 0 0
    outer loop
      vertex -42.3 116.358 -23.95
      vertex -42.3 109.965 -17.95
      vertex -42.3 107.697 -18.95
    endloop
  endfacet
  facet normal 1 -0 0
    outer loop
      vertex -42.3 154.52 -22.95
      vertex -42.3 163.181 -29.95
      vertex -42.3 163.181 -17.95
    endloop
  endfacet
  facet normal 1 0 0
    outer loop
      vertex -42.3 154.52 -22.95
      vertex -42.3 154.52 -24.95
      vertex -42.3 163.181 -29.95
    endloop
  endfacet
  facet normal 1 -0 0
    outer loop
      vertex -42.3 149.841 -22.95
      vertex -42.3 154.52 -24.95
      vertex -42.3 154.52 -22.95
    endloop
  endfacet
  facet normal 1 0 0
    outer loop
      vertex -42.3 149.841 -22.95
      vertex -42.3 149.841 -24.95
      vertex -42.3 154.52 -24.95
    endloop
  endfacet
  facet normal 1 0 0
    outer loop
      vertex -42.3 149.841 -22.95
      vertex -42.3 147.573 -23.95
      vertex -42.3 149.841 -24.95
    endloop
  endfacet
  facet normal 1 0 0
    outer loop
      vertex -42.3 141.181 -17.95
      vertex -42.3 147.573 -23.95
      vertex -42.3 149.841 -22.95
    endloop
  endfacet
  facet normal 1 0 0
    outer loop
      vertex -42.3 147.573 -23.95
      vertex -42.3 141.181 -17.95
      vertex -42.3 138.913 -18.95
    endloop
  endfacet
  facet normal 1 0 0
    outer loop
      vertex -42.3 163.181 -29.95
      vertex -42.3 178 -3
      vertex -42.3 163.181 -17.95
    endloop
  endfacet
  facet normal 1 0 0
    outer loop
      vertex -42.3 178 -3
      vertex -42.3 154.52 -12.95
      vertex -42.3 163.181 -17.95
    endloop
  endfacet
  facet normal 1 0 0
    outer loop
      vertex -42.3 178 -3
      vertex -42.3 149.841 -12.95
      vertex -42.3 154.52 -12.95
    endloop
  endfacet
  facet normal 1 0 0
    outer loop
      vertex -42.3 131.965 -17.95
      vertex -42.3 141.181 -17.95
      vertex -42.3 149.841 -12.95
    endloop
  endfacet
  facet normal 1 0 0
    outer loop
      vertex -42.3 141.181 -17.95
      vertex -42.3 131.965 -17.95
      vertex -42.3 138.913 -18.95
    endloop
  endfacet
  facet normal 1 0 0
    outer loop
      vertex -42.3 138.913 -18.95
      vertex -42.3 131.965 -17.95
      vertex -42.3 134.233 -18.95
    endloop
  endfacet
  facet normal 1 0 0
    outer loop
      vertex -42.3 123.305 -12.95
      vertex -42.3 149.841 -12.95
      vertex -42.3 178 -3
    endloop
  endfacet
  facet normal 1 0 0
    outer loop
      vertex -42.3 149.841 -12.95
      vertex -42.3 123.305 -12.95
      vertex -42.3 131.965 -17.95
    endloop
  endfacet
  facet normal 1 0 0
    outer loop
      vertex -42.3 178 -3
      vertex -42.3 118.626 -12.95
      vertex -42.3 123.305 -12.95
    endloop
  endfacet
  facet normal 1 0 0
    outer loop
      vertex -42.3 100.75 -17.95
      vertex -42.3 109.965 -17.95
      vertex -42.3 118.626 -12.95
    endloop
  endfacet
  facet normal 1 0 0
    outer loop
      vertex -42.3 109.965 -17.95
      vertex -42.3 100.75 -17.95
      vertex -42.3 107.697 -18.95
    endloop
  endfacet
  facet normal 1 0 0
    outer loop
      vertex -42.3 107.697 -18.95
      vertex -42.3 100.75 -17.95
      vertex -42.3 103.018 -18.95
    endloop
  endfacet
  facet normal 1 0 0
    outer loop
      vertex -42.3 118.626 -12.95
      vertex -42.3 92.0897 -12.95
      vertex -42.3 100.75 -17.95
    endloop
  endfacet
  facet normal 1 0 0
    outer loop
      vertex -42.3 178 -3
      vertex -42.3 92.0897 -12.95
      vertex -42.3 118.626 -12.95
    endloop
  endfacet
  facet normal 1 0 0
    outer loop
      vertex -42.3 178 -3
      vertex -42.3 87.4103 -12.95
      vertex -42.3 92.0897 -12.95
    endloop
  endfacet
  facet normal 1 0 0
    outer loop
      vertex -42.3 69.5346 -17.95
      vertex -42.3 78.75 -17.95
      vertex -42.3 87.4103 -12.95
    endloop
  endfacet
  facet normal 1 0 0
    outer loop
      vertex -42.3 78.75 -17.95
      vertex -42.3 69.5346 -17.95
      vertex -42.3 76.482 -18.95
    endloop
  endfacet
  facet normal 1 0 0
    outer loop
      vertex -42.3 76.482 -18.95
      vertex -42.3 69.5346 -17.95
      vertex -42.3 71.8026 -18.95
    endloop
  endfacet
  facet normal 1 0 0
    outer loop
      vertex -42.3 87.4103 -12.95
      vertex -42.3 60.8743 -12.95
      vertex -42.3 69.5346 -17.95
    endloop
  endfacet
  facet normal 1 -0 0
    outer loop
      vertex -42.3 3.5 -3
      vertex -42.3 87.4103 -12.95
      vertex -42.3 178 -3
    endloop
  endfacet
  facet normal 1 0 0
    outer loop
      vertex -42.3 87.4103 -12.95
      vertex -42.3 3.5 -3
      vertex -42.3 60.8743 -12.95
    endloop
  endfacet
  facet normal 1 0 0
    outer loop
      vertex -42.3 38.3192 -17.95
      vertex -42.3 47.5346 -17.95
      vertex -42.3 56.1949 -12.95
    endloop
  endfacet
  facet normal 1 0 0
    outer loop
      vertex -42.3 47.5346 -17.95
      vertex -42.3 38.3192 -17.95
      vertex -42.3 45.2666 -18.95
    endloop
  endfacet
  facet normal 1 0 0
    outer loop
      vertex -42.3 45.2666 -18.95
      vertex -42.3 38.3192 -17.95
      vertex -42.3 40.5872 -18.95
    endloop
  endfacet
  facet normal 1 0 0
    outer loop
      vertex -42.3 56.1949 -12.95
      vertex -42.3 29.659 -12.95
      vertex -42.3 38.3192 -17.95
    endloop
  endfacet
  facet normal 1 0 0
    outer loop
      vertex -42.3 60.8743 -12.95
      vertex -42.3 3.5 -3
      vertex -42.3 56.1949 -12.95
    endloop
  endfacet
  facet normal 1 0 0
    outer loop
      vertex -42.3 56.1949 -12.95
      vertex -42.3 3.5 -3
      vertex -42.3 29.659 -12.95
    endloop
  endfacet
  facet normal 1 0 0
    outer loop
      vertex -42.3 3.5 -3
      vertex -42.3 16.3192 -29.95
      vertex -42.3 16.3192 -17.95
    endloop
  endfacet
  facet normal 1 0 0
    outer loop
      vertex -42.3 3.5 -56.9
      vertex -42.3 16.3192 -29.95
      vertex -42.3 3.5 -3
    endloop
  endfacet
  facet normal 1 0 0
    outer loop
      vertex -42.3 24.9795 -12.95
      vertex -42.3 3.5 -3
      vertex -42.3 16.3192 -17.95
    endloop
  endfacet
  facet normal 1 0 0
    outer loop
      vertex -42.3 29.659 -12.95
      vertex -42.3 3.5 -3
      vertex -42.3 24.9795 -12.95
    endloop
  endfacet
  facet normal 1 0 0
    outer loop
      vertex -42.3 178 -3
      vertex -42.3 163.181 -29.95
      vertex -42.3 178 -56.9
    endloop
  endfacet
  facet normal 1 -0 0
    outer loop
      vertex -42.3 163.181 -41.95
      vertex -42.3 178 -56.9
      vertex -42.3 163.181 -29.95
    endloop
  endfacet
  facet normal 1 -0 0
    outer loop
      vertex -42.3 154.52 -46.95
      vertex -42.3 178 -56.9
      vertex -42.3 163.181 -41.95
    endloop
  endfacet
  facet normal 1 -0 0
    outer loop
      vertex -42.3 149.841 -46.95
      vertex -42.3 178 -56.9
      vertex -42.3 154.52 -46.95
    endloop
  endfacet
  facet normal 1 0 0
    outer loop
      vertex -42.3 131.965 -41.95
      vertex -42.3 141.181 -41.95
      vertex -42.3 138.913 -40.95
    endloop
  endfacet
  facet normal 1 0 0
    outer loop
      vertex -42.3 131.965 -41.95
      vertex -42.3 138.913 -40.95
      vertex -42.3 134.233 -40.95
    endloop
  endfacet
  facet normal 1 0 0
    outer loop
      vertex -42.3 141.181 -41.95
      vertex -42.3 131.965 -41.95
      vertex -42.3 149.841 -46.95
    endloop
  endfacet
  facet normal 1 0 0
    outer loop
      vertex -42.3 123.305 -46.95
      vertex -42.3 149.841 -46.95
      vertex -42.3 131.965 -41.95
    endloop
  endfacet
  facet normal 1 0 0
    outer loop
      vertex -42.3 149.841 -46.95
      vertex -42.3 123.305 -46.95
      vertex -42.3 178 -56.9
    endloop
  endfacet
  facet normal 1 -0 0
    outer loop
      vertex -42.3 118.626 -46.95
      vertex -42.3 178 -56.9
      vertex -42.3 123.305 -46.95
    endloop
  endfacet
  facet normal 1 0 0
    outer loop
      vertex -42.3 100.75 -41.95
      vertex -42.3 109.965 -41.95
      vertex -42.3 107.697 -40.95
    endloop
  endfacet
  facet normal 1 0 0
    outer loop
      vertex -42.3 100.75 -41.95
      vertex -42.3 107.697 -40.95
      vertex -42.3 103.018 -40.95
    endloop
  endfacet
  facet normal 1 0 0
    outer loop
      vertex -42.3 109.965 -41.95
      vertex -42.3 100.75 -41.95
      vertex -42.3 118.626 -46.95
    endloop
  endfacet
  facet normal 1 0 0
    outer loop
      vertex -42.3 92.0897 -46.95
      vertex -42.3 118.626 -46.95
      vertex -42.3 100.75 -41.95
    endloop
  endfacet
  facet normal 1 -0 0
    outer loop
      vertex -42.3 92.0897 -46.95
      vertex -42.3 178 -56.9
      vertex -42.3 118.626 -46.95
    endloop
  endfacet
  facet normal 1 -0 0
    outer loop
      vertex -42.3 87.4103 -46.95
      vertex -42.3 178 -56.9
      vertex -42.3 92.0897 -46.95
    endloop
  endfacet
  facet normal 1 0 0
    outer loop
      vertex -42.3 69.5346 -41.95
      vertex -42.3 78.75 -41.95
      vertex -42.3 76.482 -40.95
    endloop
  endfacet
  facet normal 1 0 0
    outer loop
      vertex -42.3 69.5346 -41.95
      vertex -42.3 76.482 -40.95
      vertex -42.3 71.8026 -40.95
    endloop
  endfacet
  facet normal 1 0 0
    outer loop
      vertex -42.3 78.75 -41.95
      vertex -42.3 69.5346 -41.95
      vertex -42.3 87.4103 -46.95
    endloop
  endfacet
  facet normal 1 0 0
    outer loop
      vertex -42.3 60.8743 -46.95
      vertex -42.3 87.4103 -46.95
      vertex -42.3 69.5346 -41.95
    endloop
  endfacet
  facet normal 1 0 0
    outer loop
      vertex -42.3 3.5 -56.9
      vertex -42.3 87.4103 -46.95
      vertex -42.3 60.8743 -46.95
    endloop
  endfacet
  facet normal 1 0 0
    outer loop
      vertex -42.3 3.5 -56.9
      vertex -42.3 60.8743 -46.95
      vertex -42.3 56.1949 -46.95
    endloop
  endfacet
  facet normal 1 0 0
    outer loop
      vertex -42.3 38.3192 -41.95
      vertex -42.3 47.5346 -41.95
      vertex -42.3 45.2666 -40.95
    endloop
  endfacet
  facet normal 1 0 0
    outer loop
      vertex -42.3 38.3192 -41.95
      vertex -42.3 45.2666 -40.95
      vertex -42.3 40.5872 -40.95
    endloop
  endfacet
  facet normal 1 0 0
    outer loop
      vertex -42.3 47.5346 -41.95
      vertex -42.3 38.3192 -41.95
      vertex -42.3 56.1949 -46.95
    endloop
  endfacet
  facet normal 1 0 0
    outer loop
      vertex -42.3 29.659 -46.95
      vertex -42.3 56.1949 -46.95
      vertex -42.3 38.3192 -41.95
    endloop
  endfacet
  facet normal 1 0 0
    outer loop
      vertex -42.3 3.5 -56.9
      vertex -42.3 56.1949 -46.95
      vertex -42.3 29.659 -46.95
    endloop
  endfacet
  facet normal 1 0 0
    outer loop
      vertex -42.3 3.5 -56.9
      vertex -42.3 29.659 -46.95
      vertex -42.3 24.9795 -46.95
    endloop
  endfacet
  facet normal 1 0 0
    outer loop
      vertex -42.3 87.4103 -46.95
      vertex -42.3 3.5 -56.9
      vertex -42.3 178 -56.9
    endloop
  endfacet
  facet normal 1 0 0
    outer loop
      vertex -42.3 16.3192 -41.95
      vertex -42.3 3.5 -56.9
      vertex -42.3 24.9795 -46.95
    endloop
  endfacet
  facet normal 1 0 0
    outer loop
      vertex -42.3 16.3192 -29.95
      vertex -42.3 3.5 -56.9
      vertex -42.3 16.3192 -41.95
    endloop
  endfacet
  facet normal 1 0 0
    outer loop
      vertex -42.3 147.573 -23.95
      vertex -42.3 141.181 -29.95
      vertex -42.3 149.841 -24.95
    endloop
  endfacet
  facet normal 1 0 -0
    outer loop
      vertex -42.3 141.181 -29.95
      vertex -42.3 147.573 -23.95
      vertex -42.3 138.913 -28.95
    endloop
  endfacet
  facet normal 1 0 0
    outer loop
      vertex -42.3 147.573 -35.95
      vertex -42.3 141.181 -41.95
      vertex -42.3 149.841 -36.95
    endloop
  endfacet
  facet normal 1 0 -0
    outer loop
      vertex -42.3 141.181 -41.95
      vertex -42.3 147.573 -35.95
      vertex -42.3 138.913 -40.95
    endloop
  endfacet
  facet normal 0 -0 1
    outer loop
      vertex -45.3 111.287 -56.9
      vertex -45.3 123.287 -56.9
      vertex -50.4961 114.287 -56.9
    endloop
  endfacet
  facet normal 1 0 0
    outer loop
      vertex -30.3 125.268 -56.9
      vertex -30.3 3.5 -56.9
      vertex -30.3 125.268 -59.9
    endloop
  endfacet
  facet normal 1 -0 0
    outer loop
      vertex -30.3 178 -56.9
      vertex -30.3 179.5 -60.9
      vertex -30.3 179.5 -56.9
    endloop
  endfacet
  facet normal 1 0 0
    outer loop
      vertex -30.3 149.268 -59.9
      vertex -30.3 178 -56.9
      vertex -30.3 149.268 -56.9
    endloop
  endfacet
  facet normal 1 0 0
    outer loop
      vertex -30.3 178 -56.9
      vertex -30.3 149.268 -59.9
      vertex -30.3 179.5 -60.9
    endloop
  endfacet
  facet normal 1 -0 0
    outer loop
      vertex -30.3 125.268 -59.9
      vertex -30.3 179.5 -60.9
      vertex -30.3 149.268 -59.9
    endloop
  endfacet
  facet normal 1 0 0
    outer loop
      vertex -30.3 125.268 -59.9
      vertex -30.3 3.5 -60.9
      vertex -30.3 179.5 -60.9
    endloop
  endfacet
  facet normal 1 0 0
    outer loop
      vertex -30.3 3.5 -60.9
      vertex -30.3 125.268 -59.9
      vertex -30.3 3.5 -56.9
    endloop
  endfacet
  facet normal 0 0 -1
    outer loop
      vertex -30.3 149.268 -59.9
      vertex -14 153.5 -59.9
      vertex -30.3 125.268 -59.9
    endloop
  endfacet
  facet normal -0 0 -1
    outer loop
      vertex -14 153.5 -59.9
      vertex -30.3 149.268 -59.9
      vertex -20 167.108 -59.9
    endloop
  endfacet
  facet normal 0 0 -1
    outer loop
      vertex -20 167.108 -59.9
      vertex -8 153.5 -59.9
      vertex -14 153.5 -59.9
    endloop
  endfacet
  facet normal 0 0 -1
    outer loop
      vertex -8 153.5 -59.9
      vertex -20 167.108 -59.9
      vertex -8 179.5 -59.9
    endloop
  endfacet
  facet normal -0 0 -1
    outer loop
      vertex -8 179.5 -59.9
      vertex -20 167.108 -59.9
      vertex -20 179.5 -59.9
    endloop
  endfacet
  facet normal 0 0 -1
    outer loop
      vertex -45.3 111.287 -59.9
      vertex -50.4961 114.287 -59.9
      vertex -45.3 123.287 -59.9
    endloop
  endfacet
  facet normal -0.866028 0.499996 0
    outer loop
      vertex -50.4961 114.287 -59.9
      vertex -45.3 123.287 -56.9
      vertex -45.3 123.287 -59.9
    endloop
  endfacet
  facet normal -0.866028 0.499996 0
    outer loop
      vertex -45.3 123.287 -56.9
      vertex -50.4961 114.287 -59.9
      vertex -50.4961 114.287 -56.9
    endloop
  endfacet
  facet normal -0.866024 0.500003 0
    outer loop
      vertex -30.3 149.268 -59.9
      vertex -20 167.108 -56.9
      vertex -20 167.108 -59.9
    endloop
  endfacet
  facet normal -0.866024 0.500003 0
    outer loop
      vertex -20 167.108 -56.9
      vertex -30.3 149.268 -59.9
      vertex -30.3 149.268 -56.9
    endloop
  endfacet
  facet normal -1 0 0
    outer loop
      vertex -20 179.5 -59.9
      vertex -20 178 -56.9
      vertex -20 179.5 -56.9
    endloop
  endfacet
  facet normal -1 0 0
    outer loop
      vertex -20 179.5 -59.9
      vertex -20 175.679 -56.9
      vertex -20 178 -56.9
    endloop
  endfacet
  facet normal -1 0 0
    outer loop
      vertex -20 167.108 -59.9
      vertex -20 175.679 -56.9
      vertex -20 179.5 -59.9
    endloop
  endfacet
  facet normal -1 0 0
    outer loop
      vertex -20 175.679 -56.9
      vertex -20 169.5 -56.9
      vertex -20 170.5 -53.9
    endloop
  endfacet
  facet normal -1 -0 0
    outer loop
      vertex -20 175.679 -56.9
      vertex -20 167.108 -59.9
      vertex -20 169.5 -56.9
    endloop
  endfacet
  facet normal -1 -0 0
    outer loop
      vertex -20 169.5 -56.9
      vertex -20 167.108 -59.9
      vertex -20 167.108 -56.9
    endloop
  endfacet
  facet normal -1 -0 0
    outer loop
      vertex -20 170.5 -53.9
      vertex -20 169.5 -56.9
      vertex -20 169.5 -53.9
    endloop
  endfacet
  facet normal 0 1 -0
    outer loop
      vertex -8 179.5 -59.9
      vertex -20 179.5 -56.9
      vertex -8 179.5 -56.9
    endloop
  endfacet
  facet normal 0 1 0
    outer loop
      vertex -20 179.5 -56.9
      vertex -8 179.5 -59.9
      vertex -20 179.5 -59.9
    endloop
  endfacet
  facet normal 1 -0 0
    outer loop
      vertex -8 178 -56.9
      vertex -8 179.5 -59.9
      vertex -8 179.5 -56.9
    endloop
  endfacet
  facet normal 1 -0 0
    outer loop
      vertex -8 175.679 -56.9
      vertex -8 179.5 -59.9
      vertex -8 178 -56.9
    endloop
  endfacet
  facet normal 1 0 0
    outer loop
      vertex -8 169.5 -56.9
      vertex -8 175.679 -56.9
      vertex -8 170.5 -53.9
    endloop
  endfacet
  facet normal 1 0 0
    outer loop
      vertex -8 169.5 -56.9
      vertex -8 170.5 -53.9
      vertex -8 169.5 -53.9
    endloop
  endfacet
  facet normal 1 0 0
    outer loop
      vertex -8 175.679 -56.9
      vertex -8 169.5 -56.9
      vertex -8 179.5 -59.9
    endloop
  endfacet
  facet normal 1 0 0
    outer loop
      vertex -8 153.5 -59.9
      vertex -8 169.5 -56.9
      vertex -8 153.5 -56.9
    endloop
  endfacet
  facet normal 1 0 0
    outer loop
      vertex -8 169.5 -56.9
      vertex -8 153.5 -59.9
      vertex -8 179.5 -59.9
    endloop
  endfacet
  facet normal 0 -1 0
    outer loop
      vertex -14 153.5 -59.9
      vertex -8 153.5 -56.9
      vertex -14 153.5 -56.9
    endloop
  endfacet
  facet normal 0 -1 -0
    outer loop
      vertex -8 153.5 -56.9
      vertex -14 153.5 -59.9
      vertex -8 153.5 -59.9
    endloop
  endfacet
  facet normal 0.866022 -0.500006 0
    outer loop
      vertex -30.3 125.268 -56.9
      vertex -14 153.5 -59.9
      vertex -14 153.5 -56.9
    endloop
  endfacet
  facet normal 0.866022 -0.500006 0
    outer loop
      vertex -14 153.5 -59.9
      vertex -30.3 125.268 -56.9
      vertex -30.3 125.268 -59.9
    endloop
  endfacet
  facet normal -0.500004 -0.866023 0
    outer loop
      vertex -50.4961 114.287 -59.9
      vertex -45.3 111.287 -56.9
      vertex -50.4961 114.287 -56.9
    endloop
  endfacet
  facet normal -0.500004 -0.866023 -0
    outer loop
      vertex -45.3 111.287 -56.9
      vertex -50.4961 114.287 -59.9
      vertex -45.3 111.287 -59.9
    endloop
  endfacet
  facet normal 0 -1 0
    outer loop
      vertex -20 169.5 -56.9
      vertex -8 169.5 -53.9
      vertex -20 169.5 -53.9
    endloop
  endfacet
  facet normal 0 -1 -0
    outer loop
      vertex -8 169.5 -53.9
      vertex -20 169.5 -56.9
      vertex -8 169.5 -56.9
    endloop
  endfacet
  facet normal -0 0 1
    outer loop
      vertex -20 170.5 -53.9
      vertex -8 169.5 -53.9
      vertex -8 170.5 -53.9
    endloop
  endfacet
  facet normal 0 0 1
    outer loop
      vertex -8 169.5 -53.9
      vertex -20 170.5 -53.9
      vertex -20 169.5 -53.9
    endloop
  endfacet
  facet normal -0 0.50124 0.865308
    outer loop
      vertex -20 175.679 -56.9
      vertex -8 170.5 -53.9
      vertex -8 175.679 -56.9
    endloop
  endfacet
  facet normal 0 0.50124 0.865308
    outer loop
      vertex -8 170.5 -53.9
      vertex -20 175.679 -56.9
      vertex -20 170.5 -53.9
    endloop
  endfacet
  facet normal 0 0 -1
    outer loop
      vertex -23 45.2666 -3
      vertex -25 45.2666 -3
      vertex -24 47.5346 -3
    endloop
  endfacet
  facet normal 0 0 -1
    outer loop
      vertex -30 53.9269 -3
      vertex -24 47.5346 -3
      vertex -25 45.2666 -3
    endloop
  endfacet
  facet normal -0 0 -1
    outer loop
      vertex -29 56.1949 -3
      vertex -30 53.9269 -3
      vertex -29 60.8743 -3
    endloop
  endfacet
  facet normal 0 0 -1
    outer loop
      vertex -24 47.5346 -3
      vertex -30 53.9269 -3
      vertex -29 56.1949 -3
    endloop
  endfacet
  facet normal 0 0 -1
    outer loop
      vertex -23 76.482 -3
      vertex -25 76.482 -3
      vertex -24 78.75 -3
    endloop
  endfacet
  facet normal 0 0 -1
    outer loop
      vertex -30 85.1423 -3
      vertex -24 78.75 -3
      vertex -25 76.482 -3
    endloop
  endfacet
  facet normal -0 0 -1
    outer loop
      vertex -29 87.4103 -3
      vertex -30 85.1423 -3
      vertex -29 92.0897 -3
    endloop
  endfacet
  facet normal 0 0 -1
    outer loop
      vertex -24 78.75 -3
      vertex -30 85.1423 -3
      vertex -29 87.4103 -3
    endloop
  endfacet
  facet normal 0 0 -1
    outer loop
      vertex -23 107.697 -3
      vertex -25 107.697 -3
      vertex -24 109.965 -3
    endloop
  endfacet
  facet normal 0 0 -1
    outer loop
      vertex -30 116.358 -3
      vertex -24 109.965 -3
      vertex -25 107.697 -3
    endloop
  endfacet
  facet normal -0 0 -1
    outer loop
      vertex -29 118.626 -3
      vertex -30 116.358 -3
      vertex -29 123.305 -3
    endloop
  endfacet
  facet normal 0 0 -1
    outer loop
      vertex -24 109.965 -3
      vertex -30 116.358 -3
      vertex -29 118.626 -3
    endloop
  endfacet
  facet normal 0 0 -1
    outer loop
      vertex -23 138.913 -3
      vertex -25 138.913 -3
      vertex -24 141.181 -3
    endloop
  endfacet
  facet normal 0 0 -1
    outer loop
      vertex -30 147.573 -3
      vertex -24 141.181 -3
      vertex -25 138.913 -3
    endloop
  endfacet
  facet normal -0 0 -1
    outer loop
      vertex -29 149.841 -3
      vertex -30 147.573 -3
      vertex -29 154.52 -3
    endloop
  endfacet
  facet normal 0 0 -1
    outer loop
      vertex -24 141.181 -3
      vertex -30 147.573 -3
      vertex -29 149.841 -3
    endloop
  endfacet
  facet normal 0 0 -1
    outer loop
      vertex -24 141.181 -3
      vertex -18 147.573 -3
      vertex -23 138.913 -3
    endloop
  endfacet
  facet normal -0 0 -1
    outer loop
      vertex -18 147.573 -3
      vertex -24 141.181 -3
      vertex -19 149.841 -3
    endloop
  endfacet
  facet normal 0 0 -1
    outer loop
      vertex -23 134.233 -3
      vertex -25 134.233 -3
      vertex -23 138.913 -3
    endloop
  endfacet
  facet normal 0 0 -1
    outer loop
      vertex -25 138.913 -3
      vertex -23 138.913 -3
      vertex -25 134.233 -3
    endloop
  endfacet
  facet normal 0 0 -1
    outer loop
      vertex -30 125.573 -3
      vertex -24 131.965 -3
      vertex -29 123.305 -3
    endloop
  endfacet
  facet normal -0 0 -1
    outer loop
      vertex -24 131.965 -3
      vertex -30 125.573 -3
      vertex -25 134.233 -3
    endloop
  endfacet
  facet normal 0 0 -1
    outer loop
      vertex -30 116.358 -3
      vertex -30 125.573 -3
      vertex -29 123.305 -3
    endloop
  endfacet
  facet normal 0 0 -1
    outer loop
      vertex -35 107.697 -3
      vertex -30 125.573 -3
      vertex -30 116.358 -3
    endloop
  endfacet
  facet normal -0 0 -1
    outer loop
      vertex -30 125.573 -3
      vertex -35 107.697 -3
      vertex -35 134.233 -3
    endloop
  endfacet
  facet normal 0 0 -1
    outer loop
      vertex -17 29.659 -3
      vertex -19 29.659 -3
      vertex -18 31.9269 -3
    endloop
  endfacet
  facet normal 0 0 -1
    outer loop
      vertex -24 38.3192 -3
      vertex -18 31.9269 -3
      vertex -19 29.659 -3
    endloop
  endfacet
  facet normal 0 0 -1
    outer loop
      vertex -25 40.5872 -3
      vertex -23 40.5872 -3
      vertex -24 38.3192 -3
    endloop
  endfacet
  facet normal 0 0 -1
    outer loop
      vertex -18 31.9269 -3
      vertex -24 38.3192 -3
      vertex -23 40.5872 -3
    endloop
  endfacet
  facet normal 0 0 -1
    outer loop
      vertex -17 60.8743 -3
      vertex -19 60.8743 -3
      vertex -18 63.1423 -3
    endloop
  endfacet
  facet normal 0 0 -1
    outer loop
      vertex -24 69.5346 -3
      vertex -18 63.1423 -3
      vertex -19 60.8743 -3
    endloop
  endfacet
  facet normal 0 0 -1
    outer loop
      vertex -25 71.8026 -3
      vertex -23 71.8026 -3
      vertex -24 69.5346 -3
    endloop
  endfacet
  facet normal 0 0 -1
    outer loop
      vertex -18 63.1423 -3
      vertex -24 69.5346 -3
      vertex -23 71.8026 -3
    endloop
  endfacet
  facet normal 0 0 -1
    outer loop
      vertex -17 92.0897 -3
      vertex -19 92.0897 -3
      vertex -18 94.3577 -3
    endloop
  endfacet
  facet normal 0 0 -1
    outer loop
      vertex -24 100.75 -3
      vertex -18 94.3577 -3
      vertex -19 92.0897 -3
    endloop
  endfacet
  facet normal 0 0 -1
    outer loop
      vertex -25 103.018 -3
      vertex -23 103.018 -3
      vertex -24 100.75 -3
    endloop
  endfacet
  facet normal 0 0 -1
    outer loop
      vertex -18 94.3577 -3
      vertex -24 100.75 -3
      vertex -23 103.018 -3
    endloop
  endfacet
  facet normal 0 0 -1
    outer loop
      vertex -17 123.305 -3
      vertex -19 123.305 -3
      vertex -18 125.573 -3
    endloop
  endfacet
  facet normal 0 0 -1
    outer loop
      vertex -24 131.965 -3
      vertex -18 125.573 -3
      vertex -19 123.305 -3
    endloop
  endfacet
  facet normal 0 0 -1
    outer loop
      vertex -25 134.233 -3
      vertex -23 134.233 -3
      vertex -24 131.965 -3
    endloop
  endfacet
  facet normal 0 0 -1
    outer loop
      vertex -18 125.573 -3
      vertex -24 131.965 -3
      vertex -23 134.233 -3
    endloop
  endfacet
  facet normal 0 0 -1
    outer loop
      vertex -11 45.2666 -3
      vertex -13 45.2666 -3
      vertex -12 47.5346 -3
    endloop
  endfacet
  facet normal 0 0 -1
    outer loop
      vertex -18 53.9269 -3
      vertex -12 47.5346 -3
      vertex -13 45.2666 -3
    endloop
  endfacet
  facet normal 0 0 -1
    outer loop
      vertex -19 56.1949 -3
      vertex -17 56.1949 -3
      vertex -18 53.9269 -3
    endloop
  endfacet
  facet normal 0 0 -1
    outer loop
      vertex -12 47.5346 -3
      vertex -18 53.9269 -3
      vertex -17 56.1949 -3
    endloop
  endfacet
  facet normal 0 0 -1
    outer loop
      vertex -11 76.482 -3
      vertex -13 76.482 -3
      vertex -12 78.75 -3
    endloop
  endfacet
  facet normal 0 0 -1
    outer loop
      vertex -18 85.1423 -3
      vertex -12 78.75 -3
      vertex -13 76.482 -3
    endloop
  endfacet
  facet normal 0 0 -1
    outer loop
      vertex -19 87.4103 -3
      vertex -17 87.4103 -3
      vertex -18 85.1423 -3
    endloop
  endfacet
  facet normal 0 0 -1
    outer loop
      vertex -12 78.75 -3
      vertex -18 85.1423 -3
      vertex -17 87.4103 -3
    endloop
  endfacet
  facet normal 0 0 -1
    outer loop
      vertex -11 107.697 -3
      vertex -13 107.697 -3
      vertex -12 109.965 -3
    endloop
  endfacet
  facet normal 0 0 -1
    outer loop
      vertex -18 116.358 -3
      vertex -12 109.965 -3
      vertex -13 107.697 -3
    endloop
  endfacet
  facet normal 0 0 -1
    outer loop
      vertex -19 118.626 -3
      vertex -17 118.626 -3
      vertex -18 116.358 -3
    endloop
  endfacet
  facet normal 0 0 -1
    outer loop
      vertex -12 109.965 -3
      vertex -18 116.358 -3
      vertex -17 118.626 -3
    endloop
  endfacet
  facet normal 0 0 -1
    outer loop
      vertex -11 138.913 -3
      vertex -13 138.913 -3
      vertex -12 141.181 -3
    endloop
  endfacet
  facet normal 0 0 -1
    outer loop
      vertex -18 147.573 -3
      vertex -12 141.181 -3
      vertex -13 138.913 -3
    endloop
  endfacet
  facet normal 0 0 -1
    outer loop
      vertex -19 149.841 -3
      vertex -17 149.841 -3
      vertex -18 147.573 -3
    endloop
  endfacet
  facet normal 0 0 -1
    outer loop
      vertex -12 141.181 -3
      vertex -18 147.573 -3
      vertex -17 149.841 -3
    endloop
  endfacet
  facet normal 0 0 -1
    outer loop
      vertex -12 141.181 -3
      vertex -6 147.573 -3
      vertex -11 138.913 -3
    endloop
  endfacet
  facet normal -0 0 -1
    outer loop
      vertex -6 147.573 -3
      vertex -12 141.181 -3
      vertex -7 149.841 -3
    endloop
  endfacet
  facet normal 0 0 -1
    outer loop
      vertex -11 134.233 -3
      vertex -13 134.233 -3
      vertex -11 138.913 -3
    endloop
  endfacet
  facet normal 0 0 -1
    outer loop
      vertex -13 138.913 -3
      vertex -11 138.913 -3
      vertex -13 134.233 -3
    endloop
  endfacet
  facet normal 0 0 -1
    outer loop
      vertex -18 125.573 -3
      vertex -12 131.965 -3
      vertex -17 123.305 -3
    endloop
  endfacet
  facet normal -0 0 -1
    outer loop
      vertex -12 131.965 -3
      vertex -18 125.573 -3
      vertex -13 134.233 -3
    endloop
  endfacet
  facet normal 0 0 -1
    outer loop
      vertex -17 118.626 -3
      vertex -19 118.626 -3
      vertex -17 123.305 -3
    endloop
  endfacet
  facet normal 0 0 -1
    outer loop
      vertex -19 123.305 -3
      vertex -17 123.305 -3
      vertex -19 118.626 -3
    endloop
  endfacet
  facet normal 0 0 -1
    outer loop
      vertex -24 109.965 -3
      vertex -18 116.358 -3
      vertex -23 107.697 -3
    endloop
  endfacet
  facet normal -0 0 -1
    outer loop
      vertex -18 116.358 -3
      vertex -24 109.965 -3
      vertex -19 118.626 -3
    endloop
  endfacet
  facet normal 0 0 -1
    outer loop
      vertex -23 103.018 -3
      vertex -25 103.018 -3
      vertex -23 107.697 -3
    endloop
  endfacet
  facet normal 0 0 -1
    outer loop
      vertex -25 107.697 -3
      vertex -23 107.697 -3
      vertex -25 103.018 -3
    endloop
  endfacet
  facet normal 0 0 -1
    outer loop
      vertex -30 94.3577 -3
      vertex -24 100.75 -3
      vertex -29 92.0897 -3
    endloop
  endfacet
  facet normal -0 0 -1
    outer loop
      vertex -24 100.75 -3
      vertex -30 94.3577 -3
      vertex -25 103.018 -3
    endloop
  endfacet
  facet normal 0 0 -1
    outer loop
      vertex -30 85.1423 -3
      vertex -30 94.3577 -3
      vertex -29 92.0897 -3
    endloop
  endfacet
  facet normal 0 0 -1
    outer loop
      vertex -35 76.482 -3
      vertex -30 94.3577 -3
      vertex -30 85.1423 -3
    endloop
  endfacet
  facet normal -0 0 -1
    outer loop
      vertex -30 94.3577 -3
      vertex -35 76.482 -3
      vertex -35 103.018 -3
    endloop
  endfacet
  facet normal 0 0 -1
    outer loop
      vertex -5 29.659 -3
      vertex -7 29.659 -3
      vertex -6 31.9269 -3
    endloop
  endfacet
  facet normal 0 0 -1
    outer loop
      vertex -12 38.3192 -3
      vertex -6 31.9269 -3
      vertex -7 29.659 -3
    endloop
  endfacet
  facet normal 0 0 -1
    outer loop
      vertex -13 40.5872 -3
      vertex -11 40.5872 -3
      vertex -12 38.3192 -3
    endloop
  endfacet
  facet normal 0 0 -1
    outer loop
      vertex -6 31.9269 -3
      vertex -12 38.3192 -3
      vertex -11 40.5872 -3
    endloop
  endfacet
  facet normal 0 0 -1
    outer loop
      vertex -5 60.8743 -3
      vertex -7 60.8743 -3
      vertex -6 63.1423 -3
    endloop
  endfacet
  facet normal 0 0 -1
    outer loop
      vertex -12 69.5346 -3
      vertex -6 63.1423 -3
      vertex -7 60.8743 -3
    endloop
  endfacet
  facet normal 0 0 -1
    outer loop
      vertex -13 71.8026 -3
      vertex -11 71.8026 -3
      vertex -12 69.5346 -3
    endloop
  endfacet
  facet normal 0 0 -1
    outer loop
      vertex -6 63.1423 -3
      vertex -12 69.5346 -3
      vertex -11 71.8026 -3
    endloop
  endfacet
  facet normal 0 0 -1
    outer loop
      vertex -5 92.0897 -3
      vertex -7 92.0897 -3
      vertex -6 94.3577 -3
    endloop
  endfacet
  facet normal 0 0 -1
    outer loop
      vertex -12 100.75 -3
      vertex -6 94.3577 -3
      vertex -7 92.0897 -3
    endloop
  endfacet
  facet normal 0 0 -1
    outer loop
      vertex -13 103.018 -3
      vertex -11 103.018 -3
      vertex -12 100.75 -3
    endloop
  endfacet
  facet normal 0 0 -1
    outer loop
      vertex -6 94.3577 -3
      vertex -12 100.75 -3
      vertex -11 103.018 -3
    endloop
  endfacet
  facet normal 0 0 -1
    outer loop
      vertex -5 123.305 -3
      vertex -7 123.305 -3
      vertex -6 125.573 -3
    endloop
  endfacet
  facet normal 0 0 -1
    outer loop
      vertex -12 131.965 -3
      vertex -6 125.573 -3
      vertex -7 123.305 -3
    endloop
  endfacet
  facet normal 0 0 -1
    outer loop
      vertex -13 134.233 -3
      vertex -11 134.233 -3
      vertex -12 131.965 -3
    endloop
  endfacet
  facet normal 0 0 -1
    outer loop
      vertex -6 125.573 -3
      vertex -12 131.965 -3
      vertex -11 134.233 -3
    endloop
  endfacet
  facet normal 0 0 -1
    outer loop
      vertex 1 45.2666 -3
      vertex -1 45.2666 -3
      vertex 0 47.5346 -3
    endloop
  endfacet
  facet normal 0 0 -1
    outer loop
      vertex -6 53.9269 -3
      vertex 0 47.5346 -3
      vertex -1 45.2666 -3
    endloop
  endfacet
  facet normal 0 0 -1
    outer loop
      vertex -7 56.1949 -3
      vertex -5 56.1949 -3
      vertex -6 53.9269 -3
    endloop
  endfacet
  facet normal 0 0 -1
    outer loop
      vertex 0 47.5346 -3
      vertex -6 53.9269 -3
      vertex -5 56.1949 -3
    endloop
  endfacet
  facet normal 0 0 -1
    outer loop
      vertex 1 76.482 -3
      vertex -1 76.482 -3
      vertex 0 78.75 -3
    endloop
  endfacet
  facet normal 0 0 -1
    outer loop
      vertex -6 85.1423 -3
      vertex 0 78.75 -3
      vertex -1 76.482 -3
    endloop
  endfacet
  facet normal 0 0 -1
    outer loop
      vertex -7 87.4103 -3
      vertex -5 87.4103 -3
      vertex -6 85.1423 -3
    endloop
  endfacet
  facet normal 0 0 -1
    outer loop
      vertex 0 78.75 -3
      vertex -6 85.1423 -3
      vertex -5 87.4103 -3
    endloop
  endfacet
  facet normal 0 0 -1
    outer loop
      vertex 1 107.697 -3
      vertex -1 107.697 -3
      vertex 0 109.965 -3
    endloop
  endfacet
  facet normal 0 0 -1
    outer loop
      vertex -6 116.358 -3
      vertex 0 109.965 -3
      vertex -1 107.697 -3
    endloop
  endfacet
  facet normal 0 0 -1
    outer loop
      vertex -7 118.626 -3
      vertex -5 118.626 -3
      vertex -6 116.358 -3
    endloop
  endfacet
  facet normal 0 0 -1
    outer loop
      vertex 0 109.965 -3
      vertex -6 116.358 -3
      vertex -5 118.626 -3
    endloop
  endfacet
  facet normal 0 0 -1
    outer loop
      vertex 1 138.913 -3
      vertex -1 138.913 -3
      vertex 0 141.181 -3
    endloop
  endfacet
  facet normal 0 0 -1
    outer loop
      vertex -6 147.573 -3
      vertex 0 141.181 -3
      vertex -1 138.913 -3
    endloop
  endfacet
  facet normal 0 0 -1
    outer loop
      vertex -7 149.841 -3
      vertex -5 149.841 -3
      vertex -6 147.573 -3
    endloop
  endfacet
  facet normal 0 0 -1
    outer loop
      vertex 0 141.181 -3
      vertex -6 147.573 -3
      vertex -5 149.841 -3
    endloop
  endfacet
  facet normal 0 0 -1
    outer loop
      vertex 0 141.181 -3
      vertex 6 147.573 -3
      vertex 1 138.913 -3
    endloop
  endfacet
  facet normal -0 0 -1
    outer loop
      vertex 6 147.573 -3
      vertex 0 141.181 -3
      vertex 5 149.841 -3
    endloop
  endfacet
  facet normal 0 0 -1
    outer loop
      vertex 1 134.233 -3
      vertex -1 134.233 -3
      vertex 1 138.913 -3
    endloop
  endfacet
  facet normal 0 0 -1
    outer loop
      vertex -1 138.913 -3
      vertex 1 138.913 -3
      vertex -1 134.233 -3
    endloop
  endfacet
  facet normal 0 0 -1
    outer loop
      vertex -6 125.573 -3
      vertex 0 131.965 -3
      vertex -5 123.305 -3
    endloop
  endfacet
  facet normal -0 0 -1
    outer loop
      vertex 0 131.965 -3
      vertex -6 125.573 -3
      vertex -1 134.233 -3
    endloop
  endfacet
  facet normal 0 0 -1
    outer loop
      vertex -5 118.626 -3
      vertex -7 118.626 -3
      vertex -5 123.305 -3
    endloop
  endfacet
  facet normal 0 0 -1
    outer loop
      vertex -7 123.305 -3
      vertex -5 123.305 -3
      vertex -7 118.626 -3
    endloop
  endfacet
  facet normal 0 0 -1
    outer loop
      vertex -12 109.965 -3
      vertex -6 116.358 -3
      vertex -11 107.697 -3
    endloop
  endfacet
  facet normal -0 0 -1
    outer loop
      vertex -6 116.358 -3
      vertex -12 109.965 -3
      vertex -7 118.626 -3
    endloop
  endfacet
  facet normal 0 0 -1
    outer loop
      vertex -11 103.018 -3
      vertex -13 103.018 -3
      vertex -11 107.697 -3
    endloop
  endfacet
  facet normal 0 0 -1
    outer loop
      vertex -13 107.697 -3
      vertex -11 107.697 -3
      vertex -13 103.018 -3
    endloop
  endfacet
  facet normal 0 0 -1
    outer loop
      vertex -18 94.3577 -3
      vertex -12 100.75 -3
      vertex -17 92.0897 -3
    endloop
  endfacet
  facet normal -0 0 -1
    outer loop
      vertex -12 100.75 -3
      vertex -18 94.3577 -3
      vertex -13 103.018 -3
    endloop
  endfacet
  facet normal 0 0 -1
    outer loop
      vertex -17 87.4103 -3
      vertex -19 87.4103 -3
      vertex -17 92.0897 -3
    endloop
  endfacet
  facet normal 0 0 -1
    outer loop
      vertex -19 92.0897 -3
      vertex -17 92.0897 -3
      vertex -19 87.4103 -3
    endloop
  endfacet
  facet normal 0 0 -1
    outer loop
      vertex -24 78.75 -3
      vertex -18 85.1423 -3
      vertex -23 76.482 -3
    endloop
  endfacet
  facet normal -0 0 -1
    outer loop
      vertex -18 85.1423 -3
      vertex -24 78.75 -3
      vertex -19 87.4103 -3
    endloop
  endfacet
  facet normal 0 0 -1
    outer loop
      vertex -23 71.8026 -3
      vertex -25 71.8026 -3
      vertex -23 76.482 -3
    endloop
  endfacet
  facet normal 0 0 -1
    outer loop
      vertex -25 76.482 -3
      vertex -23 76.482 -3
      vertex -25 71.8026 -3
    endloop
  endfacet
  facet normal 0 0 -1
    outer loop
      vertex -30 63.1423 -3
      vertex -24 69.5346 -3
      vertex -29 60.8743 -3
    endloop
  endfacet
  facet normal -0 0 -1
    outer loop
      vertex -24 69.5346 -3
      vertex -30 63.1423 -3
      vertex -25 71.8026 -3
    endloop
  endfacet
  facet normal 0 0 -1
    outer loop
      vertex -30 53.9269 -3
      vertex -30 63.1423 -3
      vertex -29 60.8743 -3
    endloop
  endfacet
  facet normal 0 0 -1
    outer loop
      vertex -35 45.2666 -3
      vertex -30 63.1423 -3
      vertex -30 53.9269 -3
    endloop
  endfacet
  facet normal -0 0 -1
    outer loop
      vertex -30 63.1423 -3
      vertex -35 45.2666 -3
      vertex -35 71.8026 -3
    endloop
  endfacet
  facet normal 0 0 -1
    outer loop
      vertex 7 29.659 -3
      vertex 5 29.659 -3
      vertex 6 31.9269 -3
    endloop
  endfacet
  facet normal 0 0 -1
    outer loop
      vertex 0 38.3192 -3
      vertex 6 31.9269 -3
      vertex 5 29.659 -3
    endloop
  endfacet
  facet normal 0 0 -1
    outer loop
      vertex -1 40.5872 -3
      vertex 1 40.5872 -3
      vertex 0 38.3192 -3
    endloop
  endfacet
  facet normal 0 0 -1
    outer loop
      vertex 6 31.9269 -3
      vertex 0 38.3192 -3
      vertex 1 40.5872 -3
    endloop
  endfacet
  facet normal 0 0 -1
    outer loop
      vertex 7 60.8743 -3
      vertex 5 60.8743 -3
      vertex 6 63.1423 -3
    endloop
  endfacet
  facet normal 0 0 -1
    outer loop
      vertex 0 69.5346 -3
      vertex 6 63.1423 -3
      vertex 5 60.8743 -3
    endloop
  endfacet
  facet normal 0 0 -1
    outer loop
      vertex -1 71.8026 -3
      vertex 1 71.8026 -3
      vertex 0 69.5346 -3
    endloop
  endfacet
  facet normal 0 0 -1
    outer loop
      vertex 6 63.1423 -3
      vertex 0 69.5346 -3
      vertex 1 71.8026 -3
    endloop
  endfacet
  facet normal 0 0 -1
    outer loop
      vertex 7 92.0897 -3
      vertex 5 92.0897 -3
      vertex 6 94.3577 -3
    endloop
  endfacet
  facet normal 0 0 -1
    outer loop
      vertex 0 100.75 -3
      vertex 6 94.3577 -3
      vertex 5 92.0897 -3
    endloop
  endfacet
  facet normal 0 0 -1
    outer loop
      vertex -1 103.018 -3
      vertex 1 103.018 -3
      vertex 0 100.75 -3
    endloop
  endfacet
  facet normal 0 0 -1
    outer loop
      vertex 6 94.3577 -3
      vertex 0 100.75 -3
      vertex 1 103.018 -3
    endloop
  endfacet
  facet normal 0 0 -1
    outer loop
      vertex 7 123.305 -3
      vertex 5 123.305 -3
      vertex 6 125.573 -3
    endloop
  endfacet
  facet normal 0 0 -1
    outer loop
      vertex 0 131.965 -3
      vertex 6 125.573 -3
      vertex 5 123.305 -3
    endloop
  endfacet
  facet normal 0 0 -1
    outer loop
      vertex -1 134.233 -3
      vertex 1 134.233 -3
      vertex 0 131.965 -3
    endloop
  endfacet
  facet normal 0 0 -1
    outer loop
      vertex 6 125.573 -3
      vertex 0 131.965 -3
      vertex 1 134.233 -3
    endloop
  endfacet
  facet normal 0 0 -1
    outer loop
      vertex 13 45.2666 -3
      vertex 11 45.2666 -3
      vertex 12 47.5346 -3
    endloop
  endfacet
  facet normal 0 0 -1
    outer loop
      vertex 6 53.9269 -3
      vertex 12 47.5346 -3
      vertex 11 45.2666 -3
    endloop
  endfacet
  facet normal 0 0 -1
    outer loop
      vertex 5 56.1949 -3
      vertex 7 56.1949 -3
      vertex 6 53.9269 -3
    endloop
  endfacet
  facet normal 0 0 -1
    outer loop
      vertex 12 47.5346 -3
      vertex 6 53.9269 -3
      vertex 7 56.1949 -3
    endloop
  endfacet
  facet normal 0 0 -1
    outer loop
      vertex 13 76.482 -3
      vertex 11 76.482 -3
      vertex 12 78.75 -3
    endloop
  endfacet
  facet normal 0 0 -1
    outer loop
      vertex 6 85.1423 -3
      vertex 12 78.75 -3
      vertex 11 76.482 -3
    endloop
  endfacet
  facet normal 0 0 -1
    outer loop
      vertex 5 87.4103 -3
      vertex 7 87.4103 -3
      vertex 6 85.1423 -3
    endloop
  endfacet
  facet normal 0 0 -1
    outer loop
      vertex 12 78.75 -3
      vertex 6 85.1423 -3
      vertex 7 87.4103 -3
    endloop
  endfacet
  facet normal 0 0 -1
    outer loop
      vertex 13 107.697 -3
      vertex 11 107.697 -3
      vertex 12 109.965 -3
    endloop
  endfacet
  facet normal 0 0 -1
    outer loop
      vertex 6 116.358 -3
      vertex 12 109.965 -3
      vertex 11 107.697 -3
    endloop
  endfacet
  facet normal 0 0 -1
    outer loop
      vertex 5 118.626 -3
      vertex 7 118.626 -3
      vertex 6 116.358 -3
    endloop
  endfacet
  facet normal 0 0 -1
    outer loop
      vertex 12 109.965 -3
      vertex 6 116.358 -3
      vertex 7 118.626 -3
    endloop
  endfacet
  facet normal 0 0 -1
    outer loop
      vertex 13 138.913 -3
      vertex 11 138.913 -3
      vertex 12 141.181 -3
    endloop
  endfacet
  facet normal 0 0 -1
    outer loop
      vertex 6 147.573 -3
      vertex 12 141.181 -3
      vertex 11 138.913 -3
    endloop
  endfacet
  facet normal 0 0 -1
    outer loop
      vertex 5 149.841 -3
      vertex 7 149.841 -3
      vertex 6 147.573 -3
    endloop
  endfacet
  facet normal 0 0 -1
    outer loop
      vertex 12 141.181 -3
      vertex 6 147.573 -3
      vertex 7 149.841 -3
    endloop
  endfacet
  facet normal 0 0 -1
    outer loop
      vertex 12 141.181 -3
      vertex 18 147.573 -3
      vertex 13 138.913 -3
    endloop
  endfacet
  facet normal -0 0 -1
    outer loop
      vertex 18 147.573 -3
      vertex 12 141.181 -3
      vertex 17 149.841 -3
    endloop
  endfacet
  facet normal 0 0 -1
    outer loop
      vertex 13 134.233 -3
      vertex 11 134.233 -3
      vertex 13 138.913 -3
    endloop
  endfacet
  facet normal 0 0 -1
    outer loop
      vertex 11 138.913 -3
      vertex 13 138.913 -3
      vertex 11 134.233 -3
    endloop
  endfacet
  facet normal 0 0 -1
    outer loop
      vertex 6 125.573 -3
      vertex 12 131.965 -3
      vertex 7 123.305 -3
    endloop
  endfacet
  facet normal -0 0 -1
    outer loop
      vertex 12 131.965 -3
      vertex 6 125.573 -3
      vertex 11 134.233 -3
    endloop
  endfacet
  facet normal 0 0 -1
    outer loop
      vertex 7 118.626 -3
      vertex 5 118.626 -3
      vertex 7 123.305 -3
    endloop
  endfacet
  facet normal 0 0 -1
    outer loop
      vertex 5 123.305 -3
      vertex 7 123.305 -3
      vertex 5 118.626 -3
    endloop
  endfacet
  facet normal 0 0 -1
    outer loop
      vertex 0 109.965 -3
      vertex 6 116.358 -3
      vertex 1 107.697 -3
    endloop
  endfacet
  facet normal -0 0 -1
    outer loop
      vertex 6 116.358 -3
      vertex 0 109.965 -3
      vertex 5 118.626 -3
    endloop
  endfacet
  facet normal 0 0 -1
    outer loop
      vertex 1 103.018 -3
      vertex -1 103.018 -3
      vertex 1 107.697 -3
    endloop
  endfacet
  facet normal 0 0 -1
    outer loop
      vertex -1 107.697 -3
      vertex 1 107.697 -3
      vertex -1 103.018 -3
    endloop
  endfacet
  facet normal 0 0 -1
    outer loop
      vertex -6 94.3577 -3
      vertex 0 100.75 -3
      vertex -5 92.0897 -3
    endloop
  endfacet
  facet normal -0 0 -1
    outer loop
      vertex 0 100.75 -3
      vertex -6 94.3577 -3
      vertex -1 103.018 -3
    endloop
  endfacet
  facet normal 0 0 -1
    outer loop
      vertex -5 87.4103 -3
      vertex -7 87.4103 -3
      vertex -5 92.0897 -3
    endloop
  endfacet
  facet normal 0 0 -1
    outer loop
      vertex -7 92.0897 -3
      vertex -5 92.0897 -3
      vertex -7 87.4103 -3
    endloop
  endfacet
  facet normal 0 0 -1
    outer loop
      vertex -12 78.75 -3
      vertex -6 85.1423 -3
      vertex -11 76.482 -3
    endloop
  endfacet
  facet normal -0 0 -1
    outer loop
      vertex -6 85.1423 -3
      vertex -12 78.75 -3
      vertex -7 87.4103 -3
    endloop
  endfacet
  facet normal 0 0 -1
    outer loop
      vertex -11 71.8026 -3
      vertex -13 71.8026 -3
      vertex -11 76.482 -3
    endloop
  endfacet
  facet normal 0 0 -1
    outer loop
      vertex -13 76.482 -3
      vertex -11 76.482 -3
      vertex -13 71.8026 -3
    endloop
  endfacet
  facet normal 0 0 -1
    outer loop
      vertex -18 63.1423 -3
      vertex -12 69.5346 -3
      vertex -17 60.8743 -3
    endloop
  endfacet
  facet normal -0 0 -1
    outer loop
      vertex -12 69.5346 -3
      vertex -18 63.1423 -3
      vertex -13 71.8026 -3
    endloop
  endfacet
  facet normal 0 0 -1
    outer loop
      vertex -17 56.1949 -3
      vertex -19 56.1949 -3
      vertex -17 60.8743 -3
    endloop
  endfacet
  facet normal 0 0 -1
    outer loop
      vertex -19 60.8743 -3
      vertex -17 60.8743 -3
      vertex -19 56.1949 -3
    endloop
  endfacet
  facet normal 0 0 -1
    outer loop
      vertex -24 47.5346 -3
      vertex -18 53.9269 -3
      vertex -23 45.2666 -3
    endloop
  endfacet
  facet normal -0 0 -1
    outer loop
      vertex -18 53.9269 -3
      vertex -24 47.5346 -3
      vertex -19 56.1949 -3
    endloop
  endfacet
  facet normal 0 0 -1
    outer loop
      vertex -23 40.5872 -3
      vertex -25 40.5872 -3
      vertex -23 45.2666 -3
    endloop
  endfacet
  facet normal 0 0 -1
    outer loop
      vertex -25 45.2666 -3
      vertex -23 45.2666 -3
      vertex -25 40.5872 -3
    endloop
  endfacet
  facet normal 0 0 -1
    outer loop
      vertex -30 31.9269 -3
      vertex -24 38.3192 -3
      vertex -29 29.659 -3
    endloop
  endfacet
  facet normal -0 0 -1
    outer loop
      vertex -24 38.3192 -3
      vertex -30 31.9269 -3
      vertex -25 40.5872 -3
    endloop
  endfacet
  facet normal 0 0 -1
    outer loop
      vertex 19 29.659 -3
      vertex 17 29.659 -3
      vertex 18 31.9269 -3
    endloop
  endfacet
  facet normal 0 0 -1
    outer loop
      vertex 12 38.3192 -3
      vertex 18 31.9269 -3
      vertex 17 29.659 -3
    endloop
  endfacet
  facet normal 0 0 -1
    outer loop
      vertex 11 40.5872 -3
      vertex 13 40.5872 -3
      vertex 12 38.3192 -3
    endloop
  endfacet
  facet normal 0 0 -1
    outer loop
      vertex 18 31.9269 -3
      vertex 12 38.3192 -3
      vertex 13 40.5872 -3
    endloop
  endfacet
  facet normal 0 0 -1
    outer loop
      vertex 19 60.8743 -3
      vertex 17 60.8743 -3
      vertex 18 63.1423 -3
    endloop
  endfacet
  facet normal 0 0 -1
    outer loop
      vertex 12 69.5346 -3
      vertex 18 63.1423 -3
      vertex 17 60.8743 -3
    endloop
  endfacet
  facet normal 0 0 -1
    outer loop
      vertex 11 71.8026 -3
      vertex 13 71.8026 -3
      vertex 12 69.5346 -3
    endloop
  endfacet
  facet normal 0 0 -1
    outer loop
      vertex 18 63.1423 -3
      vertex 12 69.5346 -3
      vertex 13 71.8026 -3
    endloop
  endfacet
  facet normal 0 0 -1
    outer loop
      vertex 19 92.0897 -3
      vertex 17 92.0897 -3
      vertex 18 94.3577 -3
    endloop
  endfacet
  facet normal 0 0 -1
    outer loop
      vertex 12 100.75 -3
      vertex 18 94.3577 -3
      vertex 17 92.0897 -3
    endloop
  endfacet
  facet normal 0 0 -1
    outer loop
      vertex 11 103.018 -3
      vertex 13 103.018 -3
      vertex 12 100.75 -3
    endloop
  endfacet
  facet normal 0 0 -1
    outer loop
      vertex 18 94.3577 -3
      vertex 12 100.75 -3
      vertex 13 103.018 -3
    endloop
  endfacet
  facet normal 0 0 -1
    outer loop
      vertex 19 123.305 -3
      vertex 17 123.305 -3
      vertex 18 125.573 -3
    endloop
  endfacet
  facet normal 0 0 -1
    outer loop
      vertex 12 131.965 -3
      vertex 18 125.573 -3
      vertex 17 123.305 -3
    endloop
  endfacet
  facet normal 0 0 -1
    outer loop
      vertex 11 134.233 -3
      vertex 13 134.233 -3
      vertex 12 131.965 -3
    endloop
  endfacet
  facet normal 0 0 -1
    outer loop
      vertex 18 125.573 -3
      vertex 12 131.965 -3
      vertex 13 134.233 -3
    endloop
  endfacet
  facet normal 0 0 -1
    outer loop
      vertex 25 45.2666 -3
      vertex 23 45.2666 -3
      vertex 24 47.5346 -3
    endloop
  endfacet
  facet normal 0 0 -1
    outer loop
      vertex 18 53.9269 -3
      vertex 24 47.5346 -3
      vertex 23 45.2666 -3
    endloop
  endfacet
  facet normal 0 0 -1
    outer loop
      vertex 17 56.1949 -3
      vertex 19 56.1949 -3
      vertex 18 53.9269 -3
    endloop
  endfacet
  facet normal 0 0 -1
    outer loop
      vertex 24 47.5346 -3
      vertex 18 53.9269 -3
      vertex 19 56.1949 -3
    endloop
  endfacet
  facet normal 0 0 -1
    outer loop
      vertex 25 76.482 -3
      vertex 23 76.482 -3
      vertex 24 78.75 -3
    endloop
  endfacet
  facet normal 0 0 -1
    outer loop
      vertex 18 85.1423 -3
      vertex 24 78.75 -3
      vertex 23 76.482 -3
    endloop
  endfacet
  facet normal 0 0 -1
    outer loop
      vertex 17 87.4103 -3
      vertex 19 87.4103 -3
      vertex 18 85.1423 -3
    endloop
  endfacet
  facet normal 0 0 -1
    outer loop
      vertex 24 78.75 -3
      vertex 18 85.1423 -3
      vertex 19 87.4103 -3
    endloop
  endfacet
  facet normal 0 0 -1
    outer loop
      vertex 25 107.697 -3
      vertex 23 107.697 -3
      vertex 24 109.965 -3
    endloop
  endfacet
  facet normal 0 0 -1
    outer loop
      vertex 18 116.358 -3
      vertex 24 109.965 -3
      vertex 23 107.697 -3
    endloop
  endfacet
  facet normal 0 0 -1
    outer loop
      vertex 17 118.626 -3
      vertex 19 118.626 -3
      vertex 18 116.358 -3
    endloop
  endfacet
  facet normal 0 0 -1
    outer loop
      vertex 24 109.965 -3
      vertex 18 116.358 -3
      vertex 19 118.626 -3
    endloop
  endfacet
  facet normal 0 0 -1
    outer loop
      vertex 25 138.913 -3
      vertex 23 138.913 -3
      vertex 24 141.181 -3
    endloop
  endfacet
  facet normal 0 0 -1
    outer loop
      vertex 18 147.573 -3
      vertex 24 141.181 -3
      vertex 23 138.913 -3
    endloop
  endfacet
  facet normal 0 0 -1
    outer loop
      vertex 17 149.841 -3
      vertex 19 149.841 -3
      vertex 18 147.573 -3
    endloop
  endfacet
  facet normal 0 0 -1
    outer loop
      vertex 24 141.181 -3
      vertex 18 147.573 -3
      vertex 19 149.841 -3
    endloop
  endfacet
  facet normal 0 0 -1
    outer loop
      vertex 24 141.181 -3
      vertex 30 147.573 -3
      vertex 25 138.913 -3
    endloop
  endfacet
  facet normal -0 0 -1
    outer loop
      vertex 30 147.573 -3
      vertex 24 141.181 -3
      vertex 29 149.841 -3
    endloop
  endfacet
  facet normal 0 0 -1
    outer loop
      vertex 25 134.233 -3
      vertex 23 134.233 -3
      vertex 25 138.913 -3
    endloop
  endfacet
  facet normal 0 0 -1
    outer loop
      vertex 23 138.913 -3
      vertex 25 138.913 -3
      vertex 23 134.233 -3
    endloop
  endfacet
  facet normal 0 0 -1
    outer loop
      vertex 18 125.573 -3
      vertex 24 131.965 -3
      vertex 19 123.305 -3
    endloop
  endfacet
  facet normal -0 0 -1
    outer loop
      vertex 24 131.965 -3
      vertex 18 125.573 -3
      vertex 23 134.233 -3
    endloop
  endfacet
  facet normal 0 0 -1
    outer loop
      vertex 19 118.626 -3
      vertex 17 118.626 -3
      vertex 19 123.305 -3
    endloop
  endfacet
  facet normal 0 0 -1
    outer loop
      vertex 17 123.305 -3
      vertex 19 123.305 -3
      vertex 17 118.626 -3
    endloop
  endfacet
  facet normal 0 0 -1
    outer loop
      vertex 12 109.965 -3
      vertex 18 116.358 -3
      vertex 13 107.697 -3
    endloop
  endfacet
  facet normal -0 0 -1
    outer loop
      vertex 18 116.358 -3
      vertex 12 109.965 -3
      vertex 17 118.626 -3
    endloop
  endfacet
  facet normal 0 0 -1
    outer loop
      vertex 13 103.018 -3
      vertex 11 103.018 -3
      vertex 13 107.697 -3
    endloop
  endfacet
  facet normal 0 0 -1
    outer loop
      vertex 11 107.697 -3
      vertex 13 107.697 -3
      vertex 11 103.018 -3
    endloop
  endfacet
  facet normal 0 0 -1
    outer loop
      vertex 6 94.3577 -3
      vertex 12 100.75 -3
      vertex 7 92.0897 -3
    endloop
  endfacet
  facet normal -0 0 -1
    outer loop
      vertex 12 100.75 -3
      vertex 6 94.3577 -3
      vertex 11 103.018 -3
    endloop
  endfacet
  facet normal 0 0 -1
    outer loop
      vertex 7 87.4103 -3
      vertex 5 87.4103 -3
      vertex 7 92.0897 -3
    endloop
  endfacet
  facet normal 0 0 -1
    outer loop
      vertex 5 92.0897 -3
      vertex 7 92.0897 -3
      vertex 5 87.4103 -3
    endloop
  endfacet
  facet normal 0 0 -1
    outer loop
      vertex 0 78.75 -3
      vertex 6 85.1423 -3
      vertex 1 76.482 -3
    endloop
  endfacet
  facet normal -0 0 -1
    outer loop
      vertex 6 85.1423 -3
      vertex 0 78.75 -3
      vertex 5 87.4103 -3
    endloop
  endfacet
  facet normal 0 0 -1
    outer loop
      vertex 1 71.8026 -3
      vertex -1 71.8026 -3
      vertex 1 76.482 -3
    endloop
  endfacet
  facet normal 0 0 -1
    outer loop
      vertex -1 76.482 -3
      vertex 1 76.482 -3
      vertex -1 71.8026 -3
    endloop
  endfacet
  facet normal 0 0 -1
    outer loop
      vertex -6 63.1423 -3
      vertex 0 69.5346 -3
      vertex -5 60.8743 -3
    endloop
  endfacet
  facet normal -0 0 -1
    outer loop
      vertex 0 69.5346 -3
      vertex -6 63.1423 -3
      vertex -1 71.8026 -3
    endloop
  endfacet
  facet normal 0 0 -1
    outer loop
      vertex -5 56.1949 -3
      vertex -7 56.1949 -3
      vertex -5 60.8743 -3
    endloop
  endfacet
  facet normal 0 0 -1
    outer loop
      vertex -7 60.8743 -3
      vertex -5 60.8743 -3
      vertex -7 56.1949 -3
    endloop
  endfacet
  facet normal 0 0 -1
    outer loop
      vertex -12 47.5346 -3
      vertex -6 53.9269 -3
      vertex -11 45.2666 -3
    endloop
  endfacet
  facet normal -0 0 -1
    outer loop
      vertex -6 53.9269 -3
      vertex -12 47.5346 -3
      vertex -7 56.1949 -3
    endloop
  endfacet
  facet normal 0 0 -1
    outer loop
      vertex -11 40.5872 -3
      vertex -13 40.5872 -3
      vertex -11 45.2666 -3
    endloop
  endfacet
  facet normal 0 0 -1
    outer loop
      vertex -13 45.2666 -3
      vertex -11 45.2666 -3
      vertex -13 40.5872 -3
    endloop
  endfacet
  facet normal 0 0 -1
    outer loop
      vertex -18 31.9269 -3
      vertex -12 38.3192 -3
      vertex -17 29.659 -3
    endloop
  endfacet
  facet normal -0 0 -1
    outer loop
      vertex -12 38.3192 -3
      vertex -18 31.9269 -3
      vertex -13 40.5872 -3
    endloop
  endfacet
  facet normal 0 0 -1
    outer loop
      vertex 30 116.358 -3
      vertex 35 134.233 -3
      vertex 35 107.697 -3
    endloop
  endfacet
  facet normal 0 0 -1
    outer loop
      vertex 30 116.358 -3
      vertex 30 125.573 -3
      vertex 35 134.233 -3
    endloop
  endfacet
  facet normal 0 0 -1
    outer loop
      vertex 30 116.358 -3
      vertex 29 118.626 -3
      vertex 30 125.573 -3
    endloop
  endfacet
  facet normal 0 0 -1
    outer loop
      vertex 24 109.965 -3
      vertex 30 116.358 -3
      vertex 25 107.697 -3
    endloop
  endfacet
  facet normal -0 0 -1
    outer loop
      vertex 30 116.358 -3
      vertex 24 109.965 -3
      vertex 29 118.626 -3
    endloop
  endfacet
  facet normal 0 0 -1
    outer loop
      vertex 25 103.018 -3
      vertex 23 103.018 -3
      vertex 25 107.697 -3
    endloop
  endfacet
  facet normal 0 0 -1
    outer loop
      vertex 23 107.697 -3
      vertex 25 107.697 -3
      vertex 23 103.018 -3
    endloop
  endfacet
  facet normal 0 0 -1
    outer loop
      vertex 18 94.3577 -3
      vertex 24 100.75 -3
      vertex 19 92.0897 -3
    endloop
  endfacet
  facet normal -0 0 -1
    outer loop
      vertex 24 100.75 -3
      vertex 18 94.3577 -3
      vertex 23 103.018 -3
    endloop
  endfacet
  facet normal 0 0 -1
    outer loop
      vertex 19 87.4103 -3
      vertex 17 87.4103 -3
      vertex 19 92.0897 -3
    endloop
  endfacet
  facet normal 0 0 -1
    outer loop
      vertex 17 92.0897 -3
      vertex 19 92.0897 -3
      vertex 17 87.4103 -3
    endloop
  endfacet
  facet normal 0 0 -1
    outer loop
      vertex 12 78.75 -3
      vertex 18 85.1423 -3
      vertex 13 76.482 -3
    endloop
  endfacet
  facet normal -0 0 -1
    outer loop
      vertex 18 85.1423 -3
      vertex 12 78.75 -3
      vertex 17 87.4103 -3
    endloop
  endfacet
  facet normal 0 0 -1
    outer loop
      vertex 13 71.8026 -3
      vertex 11 71.8026 -3
      vertex 13 76.482 -3
    endloop
  endfacet
  facet normal 0 0 -1
    outer loop
      vertex 11 76.482 -3
      vertex 13 76.482 -3
      vertex 11 71.8026 -3
    endloop
  endfacet
  facet normal 0 0 -1
    outer loop
      vertex 6 63.1423 -3
      vertex 12 69.5346 -3
      vertex 7 60.8743 -3
    endloop
  endfacet
  facet normal -0 0 -1
    outer loop
      vertex 12 69.5346 -3
      vertex 6 63.1423 -3
      vertex 11 71.8026 -3
    endloop
  endfacet
  facet normal 0 0 -1
    outer loop
      vertex 7 56.1949 -3
      vertex 5 56.1949 -3
      vertex 7 60.8743 -3
    endloop
  endfacet
  facet normal 0 0 -1
    outer loop
      vertex 5 60.8743 -3
      vertex 7 60.8743 -3
      vertex 5 56.1949 -3
    endloop
  endfacet
  facet normal 0 0 -1
    outer loop
      vertex 0 47.5346 -3
      vertex 6 53.9269 -3
      vertex 1 45.2666 -3
    endloop
  endfacet
  facet normal -0 0 -1
    outer loop
      vertex 6 53.9269 -3
      vertex 0 47.5346 -3
      vertex 5 56.1949 -3
    endloop
  endfacet
  facet normal 0 0 -1
    outer loop
      vertex 1 40.5872 -3
      vertex -1 40.5872 -3
      vertex 1 45.2666 -3
    endloop
  endfacet
  facet normal 0 0 -1
    outer loop
      vertex -1 45.2666 -3
      vertex 1 45.2666 -3
      vertex -1 40.5872 -3
    endloop
  endfacet
  facet normal 0 0 -1
    outer loop
      vertex -6 31.9269 -3
      vertex 0 38.3192 -3
      vertex -5 29.659 -3
    endloop
  endfacet
  facet normal -0 0 -1
    outer loop
      vertex 0 38.3192 -3
      vertex -6 31.9269 -3
      vertex -1 40.5872 -3
    endloop
  endfacet
  facet normal 0 0 -1
    outer loop
      vertex 30 85.1423 -3
      vertex 35 103.018 -3
      vertex 35 76.482 -3
    endloop
  endfacet
  facet normal 0 0 -1
    outer loop
      vertex 30 85.1423 -3
      vertex 30 94.3577 -3
      vertex 35 103.018 -3
    endloop
  endfacet
  facet normal 0 0 -1
    outer loop
      vertex 30 85.1423 -3
      vertex 29 87.4103 -3
      vertex 30 94.3577 -3
    endloop
  endfacet
  facet normal 0 0 -1
    outer loop
      vertex 24 78.75 -3
      vertex 30 85.1423 -3
      vertex 25 76.482 -3
    endloop
  endfacet
  facet normal -0 0 -1
    outer loop
      vertex 30 85.1423 -3
      vertex 24 78.75 -3
      vertex 29 87.4103 -3
    endloop
  endfacet
  facet normal 0 0 -1
    outer loop
      vertex 25 71.8026 -3
      vertex 23 71.8026 -3
      vertex 25 76.482 -3
    endloop
  endfacet
  facet normal 0 0 -1
    outer loop
      vertex 23 76.482 -3
      vertex 25 76.482 -3
      vertex 23 71.8026 -3
    endloop
  endfacet
  facet normal 0 0 -1
    outer loop
      vertex 18 63.1423 -3
      vertex 24 69.5346 -3
      vertex 19 60.8743 -3
    endloop
  endfacet
  facet normal -0 0 -1
    outer loop
      vertex 24 69.5346 -3
      vertex 18 63.1423 -3
      vertex 23 71.8026 -3
    endloop
  endfacet
  facet normal 0 0 -1
    outer loop
      vertex 19 56.1949 -3
      vertex 17 56.1949 -3
      vertex 19 60.8743 -3
    endloop
  endfacet
  facet normal 0 0 -1
    outer loop
      vertex 17 60.8743 -3
      vertex 19 60.8743 -3
      vertex 17 56.1949 -3
    endloop
  endfacet
  facet normal 0 0 -1
    outer loop
      vertex 12 47.5346 -3
      vertex 18 53.9269 -3
      vertex 13 45.2666 -3
    endloop
  endfacet
  facet normal -0 0 -1
    outer loop
      vertex 18 53.9269 -3
      vertex 12 47.5346 -3
      vertex 17 56.1949 -3
    endloop
  endfacet
  facet normal 0 0 -1
    outer loop
      vertex 13 40.5872 -3
      vertex 11 40.5872 -3
      vertex 13 45.2666 -3
    endloop
  endfacet
  facet normal 0 0 -1
    outer loop
      vertex 11 45.2666 -3
      vertex 13 45.2666 -3
      vertex 11 40.5872 -3
    endloop
  endfacet
  facet normal 0 0 -1
    outer loop
      vertex 6 31.9269 -3
      vertex 12 38.3192 -3
      vertex 7 29.659 -3
    endloop
  endfacet
  facet normal -0 0 -1
    outer loop
      vertex 12 38.3192 -3
      vertex 6 31.9269 -3
      vertex 11 40.5872 -3
    endloop
  endfacet
  facet normal 0 0 -1
    outer loop
      vertex 30 53.9269 -3
      vertex 35 71.8026 -3
      vertex 35 45.2666 -3
    endloop
  endfacet
  facet normal 0 0 -1
    outer loop
      vertex 30 53.9269 -3
      vertex 30 63.1423 -3
      vertex 35 71.8026 -3
    endloop
  endfacet
  facet normal 0 0 -1
    outer loop
      vertex 30 53.9269 -3
      vertex 29 56.1949 -3
      vertex 30 63.1423 -3
    endloop
  endfacet
  facet normal 0 0 -1
    outer loop
      vertex 24 47.5346 -3
      vertex 30 53.9269 -3
      vertex 25 45.2666 -3
    endloop
  endfacet
  facet normal -0 0 -1
    outer loop
      vertex 30 53.9269 -3
      vertex 24 47.5346 -3
      vertex 29 56.1949 -3
    endloop
  endfacet
  facet normal 0 0 -1
    outer loop
      vertex 25 40.5872 -3
      vertex 23 40.5872 -3
      vertex 25 45.2666 -3
    endloop
  endfacet
  facet normal 0 0 -1
    outer loop
      vertex 23 45.2666 -3
      vertex 25 45.2666 -3
      vertex 23 40.5872 -3
    endloop
  endfacet
  facet normal 0 0 -1
    outer loop
      vertex 18 31.9269 -3
      vertex 24 38.3192 -3
      vertex 19 29.659 -3
    endloop
  endfacet
  facet normal -0 0 -1
    outer loop
      vertex 24 38.3192 -3
      vertex 18 31.9269 -3
      vertex 23 40.5872 -3
    endloop
  endfacet
  facet normal 0 0 -1
    outer loop
      vertex 35 45.2666 -3
      vertex 42.3 3.5 -3
      vertex 35 40.5872 -3
    endloop
  endfacet
  facet normal 0 0 -1
    outer loop
      vertex 29 24.9795 -3
      vertex 35 40.5872 -3
      vertex 42.3 3.5 -3
    endloop
  endfacet
  facet normal 0 0 -1
    outer loop
      vertex 35 40.5872 -3
      vertex 29 24.9795 -3
      vertex 30 31.9269 -3
    endloop
  endfacet
  facet normal 0 0 -1
    outer loop
      vertex 42.3 3.5 -3
      vertex 24 16.3192 -3
      vertex 29 24.9795 -3
    endloop
  endfacet
  facet normal 0 0 -1
    outer loop
      vertex 17 24.9795 -3
      vertex 19 29.659 -3
      vertex 19 24.9795 -3
    endloop
  endfacet
  facet normal 0 0 -1
    outer loop
      vertex 17 29.659 -3
      vertex 19 29.659 -3
      vertex 17 24.9795 -3
    endloop
  endfacet
  facet normal 0 0 -1
    outer loop
      vertex 24 16.3192 -3
      vertex 17 24.9795 -3
      vertex 19 24.9795 -3
    endloop
  endfacet
  facet normal 0 0 -1
    outer loop
      vertex 24 16.3192 -3
      vertex 12 16.3192 -3
      vertex 17 24.9795 -3
    endloop
  endfacet
  facet normal 0 0 -1
    outer loop
      vertex 42.3 3.5 -3
      vertex 12 16.3192 -3
      vertex 24 16.3192 -3
    endloop
  endfacet
  facet normal 0 0 -1
    outer loop
      vertex 5 24.9795 -3
      vertex 7 29.659 -3
      vertex 7 24.9795 -3
    endloop
  endfacet
  facet normal 0 0 -1
    outer loop
      vertex 5 29.659 -3
      vertex 7 29.659 -3
      vertex 5 24.9795 -3
    endloop
  endfacet
  facet normal 0 0 -1
    outer loop
      vertex 12 16.3192 -3
      vertex 5 24.9795 -3
      vertex 7 24.9795 -3
    endloop
  endfacet
  facet normal 0 0 -1
    outer loop
      vertex 12 16.3192 -3
      vertex 0 16.3192 -3
      vertex 5 24.9795 -3
    endloop
  endfacet
  facet normal 0 0 -1
    outer loop
      vertex 42.3 3.5 -3
      vertex 0 16.3192 -3
      vertex 12 16.3192 -3
    endloop
  endfacet
  facet normal 0 0 -1
    outer loop
      vertex -7 24.9795 -3
      vertex -5 29.659 -3
      vertex -5 24.9795 -3
    endloop
  endfacet
  facet normal 0 0 -1
    outer loop
      vertex -7 29.659 -3
      vertex -5 29.659 -3
      vertex -7 24.9795 -3
    endloop
  endfacet
  facet normal 0 0 -1
    outer loop
      vertex 0 16.3192 -3
      vertex -7 24.9795 -3
      vertex -5 24.9795 -3
    endloop
  endfacet
  facet normal 0 0 -1
    outer loop
      vertex 0 16.3192 -3
      vertex -12 16.3192 -3
      vertex -7 24.9795 -3
    endloop
  endfacet
  facet normal 0 0 -1
    outer loop
      vertex -42.3 3.5 -3
      vertex 0 16.3192 -3
      vertex 42.3 3.5 -3
    endloop
  endfacet
  facet normal 0 0 -1
    outer loop
      vertex -19 24.9795 -3
      vertex -17 29.659 -3
      vertex -17 24.9795 -3
    endloop
  endfacet
  facet normal 0 0 -1
    outer loop
      vertex -19 29.659 -3
      vertex -17 29.659 -3
      vertex -19 24.9795 -3
    endloop
  endfacet
  facet normal 0 0 -1
    outer loop
      vertex -12 16.3192 -3
      vertex -19 24.9795 -3
      vertex -17 24.9795 -3
    endloop
  endfacet
  facet normal 0 0 -1
    outer loop
      vertex -12 16.3192 -3
      vertex -24 16.3192 -3
      vertex -19 24.9795 -3
    endloop
  endfacet
  facet normal -0 0 -1
    outer loop
      vertex 0 16.3192 -3
      vertex -42.3 3.5 -3
      vertex -12 16.3192 -3
    endloop
  endfacet
  facet normal 0 0 -1
    outer loop
      vertex -29 24.9795 -3
      vertex -30 31.9269 -3
      vertex -29 29.659 -3
    endloop
  endfacet
  facet normal 0 0 -1
    outer loop
      vertex -29 24.9795 -3
      vertex -35 40.5872 -3
      vertex -30 31.9269 -3
    endloop
  endfacet
  facet normal 0 0 -1
    outer loop
      vertex -42.3 3.5 -3
      vertex -35 45.2666 -3
      vertex -35 40.5872 -3
    endloop
  endfacet
  facet normal -0 0 -1
    outer loop
      vertex -35 45.2666 -3
      vertex -42.3 3.5 -3
      vertex -35 71.8026 -3
    endloop
  endfacet
  facet normal -0 0 -1
    outer loop
      vertex -35 71.8026 -3
      vertex -42.3 3.5 -3
      vertex -35 76.482 -3
    endloop
  endfacet
  facet normal -0 0 -1
    outer loop
      vertex -35 76.482 -3
      vertex -42.3 3.5 -3
      vertex -35 103.018 -3
    endloop
  endfacet
  facet normal 0 0 -1
    outer loop
      vertex -42.3 178 -3
      vertex -35 103.018 -3
      vertex -42.3 3.5 -3
    endloop
  endfacet
  facet normal 0 0 -1
    outer loop
      vertex -35 103.018 -3
      vertex -42.3 178 -3
      vertex -35 107.697 -3
    endloop
  endfacet
  facet normal 0 0 -1
    outer loop
      vertex -35 107.697 -3
      vertex -42.3 178 -3
      vertex -35 134.233 -3
    endloop
  endfacet
  facet normal -0 0 -1
    outer loop
      vertex -29 24.9795 -3
      vertex -42.3 3.5 -3
      vertex -35 40.5872 -3
    endloop
  endfacet
  facet normal -0 0 -1
    outer loop
      vertex -24 16.3192 -3
      vertex -42.3 3.5 -3
      vertex -29 24.9795 -3
    endloop
  endfacet
  facet normal -0 0 -1
    outer loop
      vertex -12 16.3192 -3
      vertex -42.3 3.5 -3
      vertex -24 16.3192 -3
    endloop
  endfacet
  facet normal 0 0 -1
    outer loop
      vertex 35 71.8026 -3
      vertex 42.3 3.5 -3
      vertex 35 45.2666 -3
    endloop
  endfacet
  facet normal 0 0 -1
    outer loop
      vertex 35 76.482 -3
      vertex 42.3 3.5 -3
      vertex 35 71.8026 -3
    endloop
  endfacet
  facet normal 0 0 -1
    outer loop
      vertex 42.3 3.5 -3
      vertex 35 76.482 -3
      vertex 42.3 178 -3
    endloop
  endfacet
  facet normal 0 0 -1
    outer loop
      vertex 35 103.018 -3
      vertex 42.3 178 -3
      vertex 35 76.482 -3
    endloop
  endfacet
  facet normal 0 0 -1
    outer loop
      vertex 35 107.697 -3
      vertex 42.3 178 -3
      vertex 35 103.018 -3
    endloop
  endfacet
  facet normal 0 0 -1
    outer loop
      vertex 35 134.233 -3
      vertex 42.3 178 -3
      vertex 35 107.697 -3
    endloop
  endfacet
  facet normal 0 0 -1
    outer loop
      vertex 35 138.913 -3
      vertex 42.3 178 -3
      vertex 35 134.233 -3
    endloop
  endfacet
  facet normal 0 0 -1
    outer loop
      vertex 29 154.52 -3
      vertex 35 138.913 -3
      vertex 30 147.573 -3
    endloop
  endfacet
  facet normal 0 0 -1
    outer loop
      vertex 29 154.52 -3
      vertex 30 147.573 -3
      vertex 29 149.841 -3
    endloop
  endfacet
  facet normal 0 0 -1
    outer loop
      vertex 35 138.913 -3
      vertex 29 154.52 -3
      vertex 42.3 178 -3
    endloop
  endfacet
  facet normal 0 0 -1
    outer loop
      vertex 24 163.181 -3
      vertex 42.3 178 -3
      vertex 29 154.52 -3
    endloop
  endfacet
  facet normal 0 0 -1
    outer loop
      vertex 19 149.841 -3
      vertex 17 149.841 -3
      vertex 19 154.52 -3
    endloop
  endfacet
  facet normal 0 0 -1
    outer loop
      vertex 17 154.52 -3
      vertex 19 154.52 -3
      vertex 17 149.841 -3
    endloop
  endfacet
  facet normal 0 0 -1
    outer loop
      vertex 17 154.52 -3
      vertex 24 163.181 -3
      vertex 19 154.52 -3
    endloop
  endfacet
  facet normal 0 0 -1
    outer loop
      vertex 12 163.181 -3
      vertex 24 163.181 -3
      vertex 17 154.52 -3
    endloop
  endfacet
  facet normal 0 0 -1
    outer loop
      vertex 12 163.181 -3
      vertex 42.3 178 -3
      vertex 24 163.181 -3
    endloop
  endfacet
  facet normal 0 0 -1
    outer loop
      vertex 7 149.841 -3
      vertex 5 149.841 -3
      vertex 7 154.52 -3
    endloop
  endfacet
  facet normal 0 0 -1
    outer loop
      vertex 5 154.52 -3
      vertex 7 154.52 -3
      vertex 5 149.841 -3
    endloop
  endfacet
  facet normal 0 0 -1
    outer loop
      vertex 5 154.52 -3
      vertex 12 163.181 -3
      vertex 7 154.52 -3
    endloop
  endfacet
  facet normal 0 0 -1
    outer loop
      vertex 0 163.181 -3
      vertex 12 163.181 -3
      vertex 5 154.52 -3
    endloop
  endfacet
  facet normal 0 0 -1
    outer loop
      vertex 0 163.181 -3
      vertex 42.3 178 -3
      vertex 12 163.181 -3
    endloop
  endfacet
  facet normal 0 0 -1
    outer loop
      vertex -5 149.841 -3
      vertex -7 149.841 -3
      vertex -5 154.52 -3
    endloop
  endfacet
  facet normal 0 0 -1
    outer loop
      vertex -7 154.52 -3
      vertex -5 154.52 -3
      vertex -7 149.841 -3
    endloop
  endfacet
  facet normal 0 0 -1
    outer loop
      vertex -7 154.52 -3
      vertex 0 163.181 -3
      vertex -5 154.52 -3
    endloop
  endfacet
  facet normal 0 0 -1
    outer loop
      vertex -12 163.181 -3
      vertex 0 163.181 -3
      vertex -7 154.52 -3
    endloop
  endfacet
  facet normal 0 0 -1
    outer loop
      vertex -42.3 178 -3
      vertex 0 163.181 -3
      vertex -12 163.181 -3
    endloop
  endfacet
  facet normal 0 0 -1
    outer loop
      vertex -17 149.841 -3
      vertex -19 149.841 -3
      vertex -17 154.52 -3
    endloop
  endfacet
  facet normal 0 0 -1
    outer loop
      vertex -19 154.52 -3
      vertex -17 154.52 -3
      vertex -19 149.841 -3
    endloop
  endfacet
  facet normal 0 0 -1
    outer loop
      vertex -19 154.52 -3
      vertex -12 163.181 -3
      vertex -17 154.52 -3
    endloop
  endfacet
  facet normal 0 0 -1
    outer loop
      vertex -24 163.181 -3
      vertex -12 163.181 -3
      vertex -19 154.52 -3
    endloop
  endfacet
  facet normal 0 0 -1
    outer loop
      vertex -42.3 178 -3
      vertex -12 163.181 -3
      vertex -24 163.181 -3
    endloop
  endfacet
  facet normal 0 0 -1
    outer loop
      vertex -35 138.913 -3
      vertex -29 154.52 -3
      vertex -30 147.573 -3
    endloop
  endfacet
  facet normal 0 0 -1
    outer loop
      vertex 0 163.181 -3
      vertex -42.3 178 -3
      vertex 42.3 178 -3
    endloop
  endfacet
  facet normal 0 0 -1
    outer loop
      vertex -29 154.52 -3
      vertex -42.3 178 -3
      vertex -24 163.181 -3
    endloop
  endfacet
  facet normal 0 0 -1
    outer loop
      vertex -35 138.913 -3
      vertex -42.3 178 -3
      vertex -29 154.52 -3
    endloop
  endfacet
  facet normal 0 0 -1
    outer loop
      vertex -35 134.233 -3
      vertex -42.3 178 -3
      vertex -35 138.913 -3
    endloop
  endfacet
  facet normal 0 0 -1
    outer loop
      vertex 29 29.659 -3
      vertex 30 31.9269 -3
      vertex 29 24.9795 -3
    endloop
  endfacet
  facet normal 0 0 -1
    outer loop
      vertex 24 38.3192 -3
      vertex 30 31.9269 -3
      vertex 29 29.659 -3
    endloop
  endfacet
  facet normal 0 0 -1
    outer loop
      vertex 23 40.5872 -3
      vertex 25 40.5872 -3
      vertex 24 38.3192 -3
    endloop
  endfacet
  facet normal 0 0 -1
    outer loop
      vertex 30 31.9269 -3
      vertex 24 38.3192 -3
      vertex 25 40.5872 -3
    endloop
  endfacet
  facet normal 0 0 -1
    outer loop
      vertex 29 60.8743 -3
      vertex 30 63.1423 -3
      vertex 29 56.1949 -3
    endloop
  endfacet
  facet normal 0 0 -1
    outer loop
      vertex 24 69.5346 -3
      vertex 30 63.1423 -3
      vertex 29 60.8743 -3
    endloop
  endfacet
  facet normal 0 0 -1
    outer loop
      vertex 23 71.8026 -3
      vertex 25 71.8026 -3
      vertex 24 69.5346 -3
    endloop
  endfacet
  facet normal 0 0 -1
    outer loop
      vertex 30 63.1423 -3
      vertex 24 69.5346 -3
      vertex 25 71.8026 -3
    endloop
  endfacet
  facet normal 0 0 -1
    outer loop
      vertex 29 92.0897 -3
      vertex 30 94.3577 -3
      vertex 29 87.4103 -3
    endloop
  endfacet
  facet normal 0 0 -1
    outer loop
      vertex 24 100.75 -3
      vertex 30 94.3577 -3
      vertex 29 92.0897 -3
    endloop
  endfacet
  facet normal 0 0 -1
    outer loop
      vertex 23 103.018 -3
      vertex 25 103.018 -3
      vertex 24 100.75 -3
    endloop
  endfacet
  facet normal 0 0 -1
    outer loop
      vertex 30 94.3577 -3
      vertex 24 100.75 -3
      vertex 25 103.018 -3
    endloop
  endfacet
  facet normal 0 0 -1
    outer loop
      vertex 29 123.305 -3
      vertex 30 125.573 -3
      vertex 29 118.626 -3
    endloop
  endfacet
  facet normal 0 0 -1
    outer loop
      vertex 24 131.965 -3
      vertex 30 125.573 -3
      vertex 29 123.305 -3
    endloop
  endfacet
  facet normal 0 0 -1
    outer loop
      vertex 23 134.233 -3
      vertex 25 134.233 -3
      vertex 24 131.965 -3
    endloop
  endfacet
  facet normal 0 0 -1
    outer loop
      vertex 30 125.573 -3
      vertex 24 131.965 -3
      vertex 25 134.233 -3
    endloop
  endfacet
  facet normal 0 1 0
    outer loop
      vertex -30.3 3.5 -60.9
      vertex -24 3.5 -46.95
      vertex 30.3 3.5 -60.9
    endloop
  endfacet
  facet normal 0 1 0
    outer loop
      vertex -24 3.5 -46.95
      vertex -30.3 3.5 -60.9
      vertex -30.3 3.5 -56.9
    endloop
  endfacet
  facet normal 0 1 0
    outer loop
      vertex 42.3 3.5 -3
      vertex 24 3.5 -12.95
      vertex -42.3 3.5 -3
    endloop
  endfacet
  facet normal 0 1 0
    outer loop
      vertex 42.3 3.5 -3
      vertex 24.5881 3.5 -12.9789
      vertex 24 3.5 -12.95
    endloop
  endfacet
  facet normal 0 1 0
    outer loop
      vertex 42.3 3.5 -3
      vertex 25.1705 3.5 -13.0653
      vertex 24.5881 3.5 -12.9789
    endloop
  endfacet
  facet normal 0 1 0
    outer loop
      vertex 42.3 3.5 -3
      vertex 25.7417 3.5 -13.2084
      vertex 25.1705 3.5 -13.0653
    endloop
  endfacet
  facet normal 0 1 0
    outer loop
      vertex 42.3 3.5 -3
      vertex 26.2961 3.5 -13.4067
      vertex 25.7417 3.5 -13.2084
    endloop
  endfacet
  facet normal 0 1 0
    outer loop
      vertex 42.3 3.5 -3
      vertex 26.8284 3.5 -13.6585
      vertex 26.2961 3.5 -13.4067
    endloop
  endfacet
  facet normal 0 1 0
    outer loop
      vertex 42.3 3.5 -3
      vertex 27.3334 3.5 -13.9612
      vertex 26.8284 3.5 -13.6585
    endloop
  endfacet
  facet normal 0 1 0
    outer loop
      vertex 42.3 3.5 -3
      vertex 27.8064 3.5 -14.3119
      vertex 27.3334 3.5 -13.9612
    endloop
  endfacet
  facet normal 0 1 0
    outer loop
      vertex 42.3 3.5 -3
      vertex 28.2426 3.5 -14.7074
      vertex 27.8064 3.5 -14.3119
    endloop
  endfacet
  facet normal 0 1 0
    outer loop
      vertex 42.3 3.5 -3
      vertex 28.6381 3.5 -15.1436
      vertex 28.2426 3.5 -14.7074
    endloop
  endfacet
  facet normal 0 1 0
    outer loop
      vertex 42.3 3.5 -3
      vertex 28.9888 3.5 -15.6166
      vertex 28.6381 3.5 -15.1436
    endloop
  endfacet
  facet normal 0 1 0
    outer loop
      vertex 42.3 3.5 -3
      vertex 29.2915 3.5 -16.1216
      vertex 28.9888 3.5 -15.6166
    endloop
  endfacet
  facet normal 0 1 0
    outer loop
      vertex 42.3 3.5 -3
      vertex 29.5433 3.5 -16.6539
      vertex 29.2915 3.5 -16.1216
    endloop
  endfacet
  facet normal 0 1 0
    outer loop
      vertex 42.3 3.5 -3
      vertex 29.7416 3.5 -17.2083
      vertex 29.5433 3.5 -16.6539
    endloop
  endfacet
  facet normal 0 1 0
    outer loop
      vertex 42.3 3.5 -3
      vertex 29.8847 3.5 -17.7795
      vertex 29.7416 3.5 -17.2083
    endloop
  endfacet
  facet normal 0 1 0
    outer loop
      vertex 42.3 3.5 -3
      vertex 29.9711 3.5 -18.3619
      vertex 29.8847 3.5 -17.7795
    endloop
  endfacet
  facet normal 0 1 0
    outer loop
      vertex 42.3 3.5 -3
      vertex 30 3.5 -18.95
      vertex 29.9711 3.5 -18.3619
    endloop
  endfacet
  facet normal 0 1 0
    outer loop
      vertex 42.3 3.5 -3
      vertex 30 3.5 -40.95
      vertex 30 3.5 -18.95
    endloop
  endfacet
  facet normal 0 1 -0
    outer loop
      vertex 42.3 3.5 -56.9
      vertex 30 3.5 -40.95
      vertex 42.3 3.5 -3
    endloop
  endfacet
  facet normal 0 1 0
    outer loop
      vertex 30 3.5 -40.95
      vertex 42.3 3.5 -56.9
      vertex 29.9711 3.5 -41.5381
    endloop
  endfacet
  facet normal 0 1 0
    outer loop
      vertex 29.9711 3.5 -41.5381
      vertex 42.3 3.5 -56.9
      vertex 29.8847 3.5 -42.1205
    endloop
  endfacet
  facet normal 0 1 0
    outer loop
      vertex 24.5881 3.5 -46.9211
      vertex 30.3 3.5 -56.9
      vertex 24 3.5 -46.95
    endloop
  endfacet
  facet normal 0 1 0
    outer loop
      vertex 25.1705 3.5 -46.8347
      vertex 30.3 3.5 -56.9
      vertex 24.5881 3.5 -46.9211
    endloop
  endfacet
  facet normal 0 1 0
    outer loop
      vertex 25.7417 3.5 -46.6916
      vertex 30.3 3.5 -56.9
      vertex 25.1705 3.5 -46.8347
    endloop
  endfacet
  facet normal 0 1 0
    outer loop
      vertex 26.2961 3.5 -46.4933
      vertex 30.3 3.5 -56.9
      vertex 25.7417 3.5 -46.6916
    endloop
  endfacet
  facet normal 0 1 0
    outer loop
      vertex 26.8284 3.5 -46.2415
      vertex 30.3 3.5 -56.9
      vertex 26.2961 3.5 -46.4933
    endloop
  endfacet
  facet normal 0 1 0
    outer loop
      vertex 27.3334 3.5 -45.9388
      vertex 30.3 3.5 -56.9
      vertex 26.8284 3.5 -46.2415
    endloop
  endfacet
  facet normal 0 1 0
    outer loop
      vertex 27.8064 3.5 -45.5881
      vertex 30.3 3.5 -56.9
      vertex 27.3334 3.5 -45.9388
    endloop
  endfacet
  facet normal 0 1 0
    outer loop
      vertex 28.2426 3.5 -45.1926
      vertex 30.3 3.5 -56.9
      vertex 27.8064 3.5 -45.5881
    endloop
  endfacet
  facet normal 0 1 0
    outer loop
      vertex 28.6381 3.5 -44.7564
      vertex 30.3 3.5 -56.9
      vertex 28.2426 3.5 -45.1926
    endloop
  endfacet
  facet normal 0 1 0
    outer loop
      vertex 28.9888 3.5 -44.2834
      vertex 30.3 3.5 -56.9
      vertex 28.6381 3.5 -44.7564
    endloop
  endfacet
  facet normal 0 1 -0
    outer loop
      vertex 30.3 3.5 -56.9
      vertex 28.9888 3.5 -44.2834
      vertex 42.3 3.5 -56.9
    endloop
  endfacet
  facet normal 0 1 0
    outer loop
      vertex 29.2915 3.5 -43.7784
      vertex 42.3 3.5 -56.9
      vertex 28.9888 3.5 -44.2834
    endloop
  endfacet
  facet normal 0 1 0
    outer loop
      vertex 29.5433 3.5 -43.2461
      vertex 42.3 3.5 -56.9
      vertex 29.2915 3.5 -43.7784
    endloop
  endfacet
  facet normal 0 1 0
    outer loop
      vertex 29.7416 3.5 -42.6917
      vertex 42.3 3.5 -56.9
      vertex 29.5433 3.5 -43.2461
    endloop
  endfacet
  facet normal 0 1 0
    outer loop
      vertex 29.8847 3.5 -42.1205
      vertex 42.3 3.5 -56.9
      vertex 29.7416 3.5 -42.6917
    endloop
  endfacet
  facet normal 0 1 -0
    outer loop
      vertex -24 3.5 -12.95
      vertex -42.3 3.5 -3
      vertex 24 3.5 -12.95
    endloop
  endfacet
  facet normal 0 1 -0
    outer loop
      vertex -24.5881 3.5 -12.9789
      vertex -42.3 3.5 -3
      vertex -24 3.5 -12.95
    endloop
  endfacet
  facet normal 0 1 -0
    outer loop
      vertex -25.1705 3.5 -13.0653
      vertex -42.3 3.5 -3
      vertex -24.5881 3.5 -12.9789
    endloop
  endfacet
  facet normal 0 1 -0
    outer loop
      vertex -25.7417 3.5 -13.2084
      vertex -42.3 3.5 -3
      vertex -25.1705 3.5 -13.0653
    endloop
  endfacet
  facet normal 0 1 -0
    outer loop
      vertex -26.2961 3.5 -13.4067
      vertex -42.3 3.5 -3
      vertex -25.7417 3.5 -13.2084
    endloop
  endfacet
  facet normal 0 1 -0
    outer loop
      vertex -26.8284 3.5 -13.6585
      vertex -42.3 3.5 -3
      vertex -26.2961 3.5 -13.4067
    endloop
  endfacet
  facet normal 0 1 -0
    outer loop
      vertex -27.3334 3.5 -13.9612
      vertex -42.3 3.5 -3
      vertex -26.8284 3.5 -13.6585
    endloop
  endfacet
  facet normal 0 1 -0
    outer loop
      vertex -27.8064 3.5 -14.3119
      vertex -42.3 3.5 -3
      vertex -27.3334 3.5 -13.9612
    endloop
  endfacet
  facet normal 0 1 -0
    outer loop
      vertex -28.2426 3.5 -14.7074
      vertex -42.3 3.5 -3
      vertex -27.8064 3.5 -14.3119
    endloop
  endfacet
  facet normal 0 1 -0
    outer loop
      vertex -28.6381 3.5 -15.1436
      vertex -42.3 3.5 -3
      vertex -28.2426 3.5 -14.7074
    endloop
  endfacet
  facet normal 0 1 -0
    outer loop
      vertex -28.9888 3.5 -15.6166
      vertex -42.3 3.5 -3
      vertex -28.6381 3.5 -15.1436
    endloop
  endfacet
  facet normal 0 1 -0
    outer loop
      vertex -29.2915 3.5 -16.1216
      vertex -42.3 3.5 -3
      vertex -28.9888 3.5 -15.6166
    endloop
  endfacet
  facet normal 0 1 -0
    outer loop
      vertex -29.5433 3.5 -16.6539
      vertex -42.3 3.5 -3
      vertex -29.2915 3.5 -16.1216
    endloop
  endfacet
  facet normal 0 1 -0
    outer loop
      vertex -29.7416 3.5 -17.2083
      vertex -42.3 3.5 -3
      vertex -29.5433 3.5 -16.6539
    endloop
  endfacet
  facet normal 0 1 -0
    outer loop
      vertex -29.8847 3.5 -17.7795
      vertex -42.3 3.5 -3
      vertex -29.7416 3.5 -17.2083
    endloop
  endfacet
  facet normal 0 1 -0
    outer loop
      vertex -29.9711 3.5 -18.3619
      vertex -42.3 3.5 -3
      vertex -29.8847 3.5 -17.7795
    endloop
  endfacet
  facet normal 0 1 -0
    outer loop
      vertex -30 3.5 -18.95
      vertex -42.3 3.5 -3
      vertex -29.9711 3.5 -18.3619
    endloop
  endfacet
  facet normal 0 1 -0
    outer loop
      vertex -30 3.5 -40.95
      vertex -42.3 3.5 -3
      vertex -30 3.5 -18.95
    endloop
  endfacet
  facet normal 0 1 0
    outer loop
      vertex -42.3 3.5 -56.9
      vertex -30 3.5 -40.95
      vertex -29.9711 3.5 -41.5381
    endloop
  endfacet
  facet normal 0 1 0
    outer loop
      vertex -42.3 3.5 -56.9
      vertex -29.9711 3.5 -41.5381
      vertex -29.8847 3.5 -42.1205
    endloop
  endfacet
  facet normal 0 1 0
    outer loop
      vertex -42.3 3.5 -56.9
      vertex -29.8847 3.5 -42.1205
      vertex -29.7416 3.5 -42.6917
    endloop
  endfacet
  facet normal 0 1 -0
    outer loop
      vertex 30.3 3.5 -60.9
      vertex 24 3.5 -46.95
      vertex 30.3 3.5 -56.9
    endloop
  endfacet
  facet normal 0 1 0
    outer loop
      vertex 24 3.5 -46.95
      vertex 30.3 3.5 -60.9
      vertex -24 3.5 -46.95
    endloop
  endfacet
  facet normal 0 1 0
    outer loop
      vertex -24 3.5 -46.95
      vertex -30.3 3.5 -56.9
      vertex -24.5881 3.5 -46.9211
    endloop
  endfacet
  facet normal 0 1 0
    outer loop
      vertex -24.5881 3.5 -46.9211
      vertex -30.3 3.5 -56.9
      vertex -25.1705 3.5 -46.8347
    endloop
  endfacet
  facet normal 0 1 0
    outer loop
      vertex -30.3 3.5 -56.9
      vertex -25.7417 3.5 -46.6916
      vertex -25.1705 3.5 -46.8347
    endloop
  endfacet
  facet normal 0 1 0
    outer loop
      vertex -30.3 3.5 -56.9
      vertex -26.2961 3.5 -46.4933
      vertex -25.7417 3.5 -46.6916
    endloop
  endfacet
  facet normal 0 1 0
    outer loop
      vertex -30.3 3.5 -56.9
      vertex -26.8284 3.5 -46.2415
      vertex -26.2961 3.5 -46.4933
    endloop
  endfacet
  facet normal 0 1 0
    outer loop
      vertex -30.3 3.5 -56.9
      vertex -27.3334 3.5 -45.9388
      vertex -26.8284 3.5 -46.2415
    endloop
  endfacet
  facet normal 0 1 0
    outer loop
      vertex -30.3 3.5 -56.9
      vertex -27.8064 3.5 -45.5881
      vertex -27.3334 3.5 -45.9388
    endloop
  endfacet
  facet normal 0 1 0
    outer loop
      vertex -30.3 3.5 -56.9
      vertex -28.2426 3.5 -45.1926
      vertex -27.8064 3.5 -45.5881
    endloop
  endfacet
  facet normal 0 1 0
    outer loop
      vertex -30.3 3.5 -56.9
      vertex -28.6381 3.5 -44.7564
      vertex -28.2426 3.5 -45.1926
    endloop
  endfacet
  facet normal 0 1 0
    outer loop
      vertex -30.3 3.5 -56.9
      vertex -28.9888 3.5 -44.2834
      vertex -28.6381 3.5 -44.7564
    endloop
  endfacet
  facet normal 0 1 0
    outer loop
      vertex -42.3 3.5 -56.9
      vertex -28.9888 3.5 -44.2834
      vertex -30.3 3.5 -56.9
    endloop
  endfacet
  facet normal 0 1 0
    outer loop
      vertex -28.9888 3.5 -44.2834
      vertex -42.3 3.5 -56.9
      vertex -29.2915 3.5 -43.7784
    endloop
  endfacet
  facet normal 0 1 0
    outer loop
      vertex -29.2915 3.5 -43.7784
      vertex -42.3 3.5 -56.9
      vertex -29.5433 3.5 -43.2461
    endloop
  endfacet
  facet normal 0 1 0
    outer loop
      vertex -29.5433 3.5 -43.2461
      vertex -42.3 3.5 -56.9
      vertex -29.7416 3.5 -42.6917
    endloop
  endfacet
  facet normal 0 1 0
    outer loop
      vertex -30 3.5 -40.95
      vertex -42.3 3.5 -56.9
      vertex -42.3 3.5 -3
    endloop
  endfacet
  facet normal 0.337059 0.941483 -0
    outer loop
      vertex -53.0257 27.6076 -4.25
      vertex -53.2567 27.6903 0
      vertex -53.0257 27.6076 0
    endloop
  endfacet
  facet normal 0.337059 0.941483 0
    outer loop
      vertex -53.2567 27.6903 0
      vertex -53.0257 27.6076 -4.25
      vertex -53.2567 27.6903 -4.25
    endloop
  endfacet
  facet normal -0.989177 -0.146726 0
    outer loop
      vertex -49.812 30.245 -4.25
      vertex -49.848 30.4877 0
      vertex -49.848 30.4877 -4.25
    endloop
  endfacet
  facet normal -0.989177 -0.146726 0
    outer loop
      vertex -49.848 30.4877 0
      vertex -49.812 30.245 -4.25
      vertex -49.812 30.245 0
    endloop
  endfacet
  facet normal -0.998803 -0.0489209 0
    outer loop
      vertex -49.8 30 -4.25
      vertex -49.812 30.245 0
      vertex -49.812 30.245 -4.25
    endloop
  endfacet
  facet normal -0.998803 -0.0489209 0
    outer loop
      vertex -49.812 30.245 0
      vertex -49.8 30 -4.25
      vertex -49.8 30 0
    endloop
  endfacet
  facet normal -0.970047 -0.242919 0
    outer loop
      vertex -49.848 30.4877 -4.25
      vertex -49.9076 30.7257 0
      vertex -49.9076 30.7257 -4.25
    endloop
  endfacet
  facet normal -0.970047 -0.242919 0
    outer loop
      vertex -49.9076 30.7257 0
      vertex -49.848 30.4877 -4.25
      vertex -49.848 30.4877 0
    endloop
  endfacet
  facet normal 0.989177 -0.146726 0
    outer loop
      vertex -54.788 30.245 0
      vertex -54.752 30.4877 -4.25
      vertex -54.752 30.4877 0
    endloop
  endfacet
  facet normal 0.989177 -0.146726 0
    outer loop
      vertex -54.752 30.4877 -4.25
      vertex -54.788 30.245 0
      vertex -54.788 30.245 -4.25
    endloop
  endfacet
  facet normal 0.242919 0.970047 -0
    outer loop
      vertex -52.7877 27.548 -4.25
      vertex -53.0257 27.6076 0
      vertex -52.7877 27.548 0
    endloop
  endfacet
  facet normal 0.242919 0.970047 0
    outer loop
      vertex -53.0257 27.6076 0
      vertex -52.7877 27.548 -4.25
      vertex -53.0257 27.6076 -4.25
    endloop
  endfacet
  facet normal -0.336698 -0.941613 0
    outer loop
      vertex -51.5743 32.3923 -4.25
      vertex -51.3433 32.3097 0
      vertex -51.5743 32.3923 0
    endloop
  endfacet
  facet normal -0.336698 -0.941613 -0
    outer loop
      vertex -51.3433 32.3097 0
      vertex -51.5743 32.3923 -4.25
      vertex -51.3433 32.3097 -4.25
    endloop
  endfacet
  facet normal 0.514076 -0.857745 0
    outer loop
      vertex -53.6889 32.0787 -4.25
      vertex -53.4785 32.2048 0
      vertex -53.6889 32.0787 0
    endloop
  endfacet
  facet normal 0.514076 -0.857745 0
    outer loop
      vertex -53.4785 32.2048 0
      vertex -53.6889 32.0787 -4.25
      vertex -53.4785 32.2048 -4.25
    endloop
  endfacet
  facet normal 0.903995 0.427543 0
    outer loop
      vertex -54.5048 28.8215 0
      vertex -54.6097 29.0433 -4.25
      vertex -54.6097 29.0433 0
    endloop
  endfacet
  facet normal 0.903995 0.427543 0
    outer loop
      vertex -54.6097 29.0433 -4.25
      vertex -54.5048 28.8215 0
      vertex -54.5048 28.8215 -4.25
    endloop
  endfacet
  facet normal 0.243303 -0.96995 0
    outer loop
      vertex -53.0257 32.3923 -4.25
      vertex -52.7877 32.452 0
      vertex -53.0257 32.3923 0
    endloop
  endfacet
  facet normal 0.243303 -0.96995 0
    outer loop
      vertex -52.7877 32.452 0
      vertex -53.0257 32.3923 -4.25
      vertex -52.7877 32.452 -4.25
    endloop
  endfacet
  facet normal 0.857745 0.514076 0
    outer loop
      vertex -54.3787 28.6111 0
      vertex -54.5048 28.8215 -4.25
      vertex -54.5048 28.8215 0
    endloop
  endfacet
  facet normal 0.857745 0.514076 0
    outer loop
      vertex -54.5048 28.8215 -4.25
      vertex -54.3787 28.6111 0
      vertex -54.3787 28.6111 -4.25
    endloop
  endfacet
  facet normal -0.242919 0.970047 0
    outer loop
      vertex -51.5743 27.6076 -4.25
      vertex -51.8123 27.548 0
      vertex -51.5743 27.6076 0
    endloop
  endfacet
  facet normal -0.242919 0.970047 0
    outer loop
      vertex -51.8123 27.548 0
      vertex -51.5743 27.6076 -4.25
      vertex -51.8123 27.548 -4.25
    endloop
  endfacet
  facet normal 0.595754 0.803167 -0
    outer loop
      vertex -53.6889 27.9213 -4.25
      vertex -53.886 28.0675 0
      vertex -53.6889 27.9213 0
    endloop
  endfacet
  facet normal 0.595754 0.803167 0
    outer loop
      vertex -53.886 28.0675 0
      vertex -53.6889 27.9213 -4.25
      vertex -53.886 28.0675 -4.25
    endloop
  endfacet
  facet normal -0.514076 0.857745 0
    outer loop
      vertex -50.9111 27.9213 -4.25
      vertex -51.1215 27.7952 0
      vertex -50.9111 27.9213 0
    endloop
  endfacet
  facet normal -0.514076 0.857745 0
    outer loop
      vertex -51.1215 27.7952 0
      vertex -50.9111 27.9213 -4.25
      vertex -51.1215 27.7952 -4.25
    endloop
  endfacet
  facet normal -0.803167 0.595754 0
    outer loop
      vertex -50.3675 28.414 -4.25
      vertex -50.2213 28.6111 0
      vertex -50.2213 28.6111 -4.25
    endloop
  endfacet
  facet normal -0.803167 0.595754 0
    outer loop
      vertex -50.2213 28.6111 0
      vertex -50.3675 28.414 -4.25
      vertex -50.3675 28.414 0
    endloop
  endfacet
  facet normal -0.146726 -0.989177 0
    outer loop
      vertex -52.055 32.488 -4.25
      vertex -51.8123 32.452 0
      vertex -52.055 32.488 0
    endloop
  endfacet
  facet normal -0.146726 -0.989177 -0
    outer loop
      vertex -51.8123 32.452 0
      vertex -52.055 32.488 -4.25
      vertex -51.8123 32.452 -4.25
    endloop
  endfacet
  facet normal 0.595754 -0.803167 0
    outer loop
      vertex -53.886 31.9325 -4.25
      vertex -53.6889 32.0787 0
      vertex -53.886 31.9325 0
    endloop
  endfacet
  facet normal 0.595754 -0.803167 0
    outer loop
      vertex -53.6889 32.0787 0
      vertex -53.886 31.9325 -4.25
      vertex -53.6889 32.0787 -4.25
    endloop
  endfacet
  facet normal -0.427543 0.903995 0
    outer loop
      vertex -51.1215 27.7952 -4.25
      vertex -51.3433 27.6903 0
      vertex -51.1215 27.7952 0
    endloop
  endfacet
  facet normal -0.427543 0.903995 0
    outer loop
      vertex -51.3433 27.6903 0
      vertex -51.1215 27.7952 -4.25
      vertex -51.3433 27.6903 -4.25
    endloop
  endfacet
  facet normal 0.803167 -0.595754 0
    outer loop
      vertex -54.3787 31.3889 0
      vertex -54.2325 31.586 -4.25
      vertex -54.2325 31.586 0
    endloop
  endfacet
  facet normal 0.803167 -0.595754 0
    outer loop
      vertex -54.2325 31.586 -4.25
      vertex -54.3787 31.3889 0
      vertex -54.3787 31.3889 -4.25
    endloop
  endfacet
  facet normal -0.989177 0.146726 0
    outer loop
      vertex -49.848 29.5123 -4.25
      vertex -49.812 29.755 0
      vertex -49.812 29.755 -4.25
    endloop
  endfacet
  facet normal -0.989177 0.146726 0
    outer loop
      vertex -49.812 29.755 0
      vertex -49.848 29.5123 -4.25
      vertex -49.848 29.5123 0
    endloop
  endfacet
  facet normal 0.941483 -0.337059 0
    outer loop
      vertex -54.6924 30.7257 0
      vertex -54.6097 30.9567 -4.25
      vertex -54.6097 30.9567 0
    endloop
  endfacet
  facet normal 0.941483 -0.337059 0
    outer loop
      vertex -54.6097 30.9567 -4.25
      vertex -54.6924 30.7257 0
      vertex -54.6924 30.7257 -4.25
    endloop
  endfacet
  facet normal -0.427543 -0.903995 0
    outer loop
      vertex -51.3433 32.3097 -4.25
      vertex -51.1215 32.2048 0
      vertex -51.3433 32.3097 0
    endloop
  endfacet
  facet normal -0.427543 -0.903995 -0
    outer loop
      vertex -51.1215 32.2048 0
      vertex -51.3433 32.3097 -4.25
      vertex -51.1215 32.2048 -4.25
    endloop
  endfacet
  facet normal 0.941483 0.337059 0
    outer loop
      vertex -54.6097 29.0433 0
      vertex -54.6924 29.2743 -4.25
      vertex -54.6924 29.2743 0
    endloop
  endfacet
  facet normal 0.941483 0.337059 0
    outer loop
      vertex -54.6924 29.2743 -4.25
      vertex -54.6097 29.0433 0
      vertex -54.6097 29.0433 -4.25
    endloop
  endfacet
  facet normal -0.970047 0.242919 0
    outer loop
      vertex -49.9076 29.2743 -4.25
      vertex -49.848 29.5123 0
      vertex -49.848 29.5123 -4.25
    endloop
  endfacet
  facet normal -0.970047 0.242919 0
    outer loop
      vertex -49.848 29.5123 0
      vertex -49.9076 29.2743 -4.25
      vertex -49.9076 29.2743 0
    endloop
  endfacet
  facet normal 0.0489209 -0.998803 0
    outer loop
      vertex -52.545 32.488 -4.25
      vertex -52.3 32.5 0
      vertex -52.545 32.488 0
    endloop
  endfacet
  facet normal 0.0489209 -0.998803 0
    outer loop
      vertex -52.3 32.5 0
      vertex -52.545 32.488 -4.25
      vertex -52.3 32.5 -4.25
    endloop
  endfacet
  facet normal -0.671394 -0.741101 0
    outer loop
      vertex -50.714 31.9325 -4.25
      vertex -50.5322 31.7678 0
      vertex -50.714 31.9325 0
    endloop
  endfacet
  facet normal -0.671394 -0.741101 -0
    outer loop
      vertex -50.5322 31.7678 0
      vertex -50.714 31.9325 -4.25
      vertex -50.5322 31.7678 -4.25
    endloop
  endfacet
  facet normal 0.427543 -0.903995 0
    outer loop
      vertex -53.4785 32.2048 -4.25
      vertex -53.2567 32.3097 0
      vertex -53.4785 32.2048 0
    endloop
  endfacet
  facet normal 0.427543 -0.903995 0
    outer loop
      vertex -53.2567 32.3097 0
      vertex -53.4785 32.2048 -4.25
      vertex -53.2567 32.3097 -4.25
    endloop
  endfacet
  facet normal 0.671394 -0.741101 0
    outer loop
      vertex -54.0678 31.7678 -4.25
      vertex -53.886 31.9325 0
      vertex -54.0678 31.7678 0
    endloop
  endfacet
  facet normal 0.671394 -0.741101 0
    outer loop
      vertex -53.886 31.9325 0
      vertex -54.0678 31.7678 -4.25
      vertex -53.886 31.9325 -4.25
    endloop
  endfacet
  facet normal -0.337059 0.941483 0
    outer loop
      vertex -51.3433 27.6903 -4.25
      vertex -51.5743 27.6076 0
      vertex -51.3433 27.6903 0
    endloop
  endfacet
  facet normal -0.337059 0.941483 0
    outer loop
      vertex -51.5743 27.6076 0
      vertex -51.3433 27.6903 -4.25
      vertex -51.5743 27.6076 -4.25
    endloop
  endfacet
  facet normal 0.336698 -0.941613 0
    outer loop
      vertex -53.2567 32.3097 -4.25
      vertex -53.0257 32.3923 0
      vertex -53.2567 32.3097 0
    endloop
  endfacet
  facet normal 0.336698 -0.941613 0
    outer loop
      vertex -53.0257 32.3923 0
      vertex -53.2567 32.3097 -4.25
      vertex -53.0257 32.3923 -4.25
    endloop
  endfacet
  facet normal -0.803167 -0.595754 0
    outer loop
      vertex -50.2213 31.3889 -4.25
      vertex -50.3675 31.586 0
      vertex -50.3675 31.586 -4.25
    endloop
  endfacet
  facet normal -0.803167 -0.595754 0
    outer loop
      vertex -50.3675 31.586 0
      vertex -50.2213 31.3889 -4.25
      vertex -50.2213 31.3889 0
    endloop
  endfacet
  facet normal 0.857745 -0.514076 0
    outer loop
      vertex -54.5048 31.1785 0
      vertex -54.3787 31.3889 -4.25
      vertex -54.3787 31.3889 0
    endloop
  endfacet
  facet normal 0.857745 -0.514076 0
    outer loop
      vertex -54.3787 31.3889 -4.25
      vertex -54.5048 31.1785 0
      vertex -54.5048 31.1785 -4.25
    endloop
  endfacet
  facet normal -0.998803 0.0489209 0
    outer loop
      vertex -49.812 29.755 -4.25
      vertex -49.8 30 0
      vertex -49.8 30 -4.25
    endloop
  endfacet
  facet normal -0.998803 0.0489209 0
    outer loop
      vertex -49.8 30 0
      vertex -49.812 29.755 -4.25
      vertex -49.812 29.755 0
    endloop
  endfacet
  facet normal -0.903995 0.427543 0
    outer loop
      vertex -50.0952 28.8215 -4.25
      vertex -49.9903 29.0433 0
      vertex -49.9903 29.0433 -4.25
    endloop
  endfacet
  facet normal -0.903995 0.427543 0
    outer loop
      vertex -49.9903 29.0433 0
      vertex -50.0952 28.8215 -4.25
      vertex -50.0952 28.8215 0
    endloop
  endfacet
  facet normal -0.857745 -0.514076 0
    outer loop
      vertex -50.0952 31.1785 -4.25
      vertex -50.2213 31.3889 0
      vertex -50.2213 31.3889 -4.25
    endloop
  endfacet
  facet normal -0.857745 -0.514076 0
    outer loop
      vertex -50.2213 31.3889 0
      vertex -50.0952 31.1785 -4.25
      vertex -50.0952 31.1785 0
    endloop
  endfacet
  facet normal 0.671394 0.741101 -0
    outer loop
      vertex -53.886 28.0675 -4.25
      vertex -54.0678 28.2322 0
      vertex -53.886 28.0675 0
    endloop
  endfacet
  facet normal 0.671394 0.741101 0
    outer loop
      vertex -54.0678 28.2322 0
      vertex -53.886 28.0675 -4.25
      vertex -54.0678 28.2322 -4.25
    endloop
  endfacet
  facet normal -0.595754 -0.803167 0
    outer loop
      vertex -50.9111 32.0787 -4.25
      vertex -50.714 31.9325 0
      vertex -50.9111 32.0787 0
    endloop
  endfacet
  facet normal -0.595754 -0.803167 -0
    outer loop
      vertex -50.714 31.9325 0
      vertex -50.9111 32.0787 -4.25
      vertex -50.714 31.9325 -4.25
    endloop
  endfacet
  facet normal 0.514076 0.857745 -0
    outer loop
      vertex -53.4785 27.7952 -4.25
      vertex -53.6889 27.9213 0
      vertex -53.4785 27.7952 0
    endloop
  endfacet
  facet normal 0.514076 0.857745 0
    outer loop
      vertex -53.6889 27.9213 0
      vertex -53.4785 27.7952 -4.25
      vertex -53.6889 27.9213 -4.25
    endloop
  endfacet
  facet normal -0.514076 -0.857745 0
    outer loop
      vertex -51.1215 32.2048 -4.25
      vertex -50.9111 32.0787 0
      vertex -51.1215 32.2048 0
    endloop
  endfacet
  facet normal -0.514076 -0.857745 -0
    outer loop
      vertex -50.9111 32.0787 0
      vertex -51.1215 32.2048 -4.25
      vertex -50.9111 32.0787 -4.25
    endloop
  endfacet
  facet normal -0.146726 0.989177 0
    outer loop
      vertex -51.8123 27.548 -4.25
      vertex -52.055 27.512 0
      vertex -51.8123 27.548 0
    endloop
  endfacet
  facet normal -0.146726 0.989177 0
    outer loop
      vertex -52.055 27.512 0
      vertex -51.8123 27.548 -4.25
      vertex -52.055 27.512 -4.25
    endloop
  endfacet
  facet normal -0.941483 -0.337059 0
    outer loop
      vertex -49.9076 30.7257 -4.25
      vertex -49.9903 30.9567 0
      vertex -49.9903 30.9567 -4.25
    endloop
  endfacet
  facet normal -0.941483 -0.337059 0
    outer loop
      vertex -49.9903 30.9567 0
      vertex -49.9076 30.7257 -4.25
      vertex -49.9076 30.7257 0
    endloop
  endfacet
  facet normal -0.857745 0.514076 0
    outer loop
      vertex -50.2213 28.6111 -4.25
      vertex -50.0952 28.8215 0
      vertex -50.0952 28.8215 -4.25
    endloop
  endfacet
  facet normal -0.857745 0.514076 0
    outer loop
      vertex -50.0952 28.8215 0
      vertex -50.2213 28.6111 -4.25
      vertex -50.2213 28.6111 0
    endloop
  endfacet
  facet normal 0.998803 0.0489209 0
    outer loop
      vertex -54.788 29.755 0
      vertex -54.8 30 -4.25
      vertex -54.8 30 0
    endloop
  endfacet
  facet normal 0.998803 0.0489209 0
    outer loop
      vertex -54.8 30 -4.25
      vertex -54.788 29.755 0
      vertex -54.788 29.755 -4.25
    endloop
  endfacet
  facet normal -0.941483 0.337059 0
    outer loop
      vertex -49.9903 29.0433 -4.25
      vertex -49.9076 29.2743 0
      vertex -49.9076 29.2743 -4.25
    endloop
  endfacet
  facet normal -0.941483 0.337059 0
    outer loop
      vertex -49.9076 29.2743 0
      vertex -49.9903 29.0433 -4.25
      vertex -49.9903 29.0433 0
    endloop
  endfacet
  facet normal -0.741101 -0.671394 0
    outer loop
      vertex -50.3675 31.586 -4.25
      vertex -50.5322 31.7678 0
      vertex -50.5322 31.7678 -4.25
    endloop
  endfacet
  facet normal -0.741101 -0.671394 0
    outer loop
      vertex -50.5322 31.7678 0
      vertex -50.3675 31.586 -4.25
      vertex -50.3675 31.586 0
    endloop
  endfacet
  facet normal -0.0489209 -0.998803 0
    outer loop
      vertex -52.3 32.5 -4.25
      vertex -52.055 32.488 0
      vertex -52.3 32.5 0
    endloop
  endfacet
  facet normal -0.0489209 -0.998803 -0
    outer loop
      vertex -52.055 32.488 0
      vertex -52.3 32.5 -4.25
      vertex -52.055 32.488 -4.25
    endloop
  endfacet
  facet normal -0.903995 -0.427543 0
    outer loop
      vertex -49.9903 30.9567 -4.25
      vertex -50.0952 31.1785 0
      vertex -50.0952 31.1785 -4.25
    endloop
  endfacet
  facet normal -0.903995 -0.427543 0
    outer loop
      vertex -50.0952 31.1785 0
      vertex -49.9903 30.9567 -4.25
      vertex -49.9903 30.9567 0
    endloop
  endfacet
  facet normal 0.146726 0.989177 -0
    outer loop
      vertex -52.545 27.512 -4.25
      vertex -52.7877 27.548 0
      vertex -52.545 27.512 0
    endloop
  endfacet
  facet normal 0.146726 0.989177 0
    outer loop
      vertex -52.7877 27.548 0
      vertex -52.545 27.512 -4.25
      vertex -52.7877 27.548 -4.25
    endloop
  endfacet
  facet normal -0.671394 0.741101 0
    outer loop
      vertex -50.5322 28.2322 -4.25
      vertex -50.714 28.0675 0
      vertex -50.5322 28.2322 0
    endloop
  endfacet
  facet normal -0.671394 0.741101 0
    outer loop
      vertex -50.714 28.0675 0
      vertex -50.5322 28.2322 -4.25
      vertex -50.714 28.0675 -4.25
    endloop
  endfacet
  facet normal 0.0489209 0.998803 -0
    outer loop
      vertex -52.3 27.5 -4.25
      vertex -52.545 27.512 0
      vertex -52.3 27.5 0
    endloop
  endfacet
  facet normal 0.0489209 0.998803 0
    outer loop
      vertex -52.545 27.512 0
      vertex -52.3 27.5 -4.25
      vertex -52.545 27.512 -4.25
    endloop
  endfacet
  facet normal 0.741101 -0.671394 0
    outer loop
      vertex -54.2325 31.586 0
      vertex -54.0678 31.7678 -4.25
      vertex -54.0678 31.7678 0
    endloop
  endfacet
  facet normal 0.741101 -0.671394 0
    outer loop
      vertex -54.0678 31.7678 -4.25
      vertex -54.2325 31.586 0
      vertex -54.2325 31.586 -4.25
    endloop
  endfacet
  facet normal 0.146726 -0.989177 0
    outer loop
      vertex -52.7877 32.452 -4.25
      vertex -52.545 32.488 0
      vertex -52.7877 32.452 0
    endloop
  endfacet
  facet normal 0.146726 -0.989177 0
    outer loop
      vertex -52.545 32.488 0
      vertex -52.7877 32.452 -4.25
      vertex -52.545 32.488 -4.25
    endloop
  endfacet
  facet normal 0.903995 -0.427543 0
    outer loop
      vertex -54.6097 30.9567 0
      vertex -54.5048 31.1785 -4.25
      vertex -54.5048 31.1785 0
    endloop
  endfacet
  facet normal 0.903995 -0.427543 0
    outer loop
      vertex -54.5048 31.1785 -4.25
      vertex -54.6097 30.9567 0
      vertex -54.6097 30.9567 -4.25
    endloop
  endfacet
  facet normal 0.970047 -0.242919 0
    outer loop
      vertex -54.752 30.4877 0
      vertex -54.6924 30.7257 -4.25
      vertex -54.6924 30.7257 0
    endloop
  endfacet
  facet normal 0.970047 -0.242919 0
    outer loop
      vertex -54.6924 30.7257 -4.25
      vertex -54.752 30.4877 0
      vertex -54.752 30.4877 -4.25
    endloop
  endfacet
  facet normal -0.243303 -0.96995 0
    outer loop
      vertex -51.8123 32.452 -4.25
      vertex -51.5743 32.3923 0
      vertex -51.8123 32.452 0
    endloop
  endfacet
  facet normal -0.243303 -0.96995 -0
    outer loop
      vertex -51.5743 32.3923 0
      vertex -51.8123 32.452 -4.25
      vertex -51.5743 32.3923 -4.25
    endloop
  endfacet
  facet normal 0.970047 0.242919 0
    outer loop
      vertex -54.6924 29.2743 0
      vertex -54.752 29.5123 -4.25
      vertex -54.752 29.5123 0
    endloop
  endfacet
  facet normal 0.970047 0.242919 0
    outer loop
      vertex -54.752 29.5123 -4.25
      vertex -54.6924 29.2743 0
      vertex -54.6924 29.2743 -4.25
    endloop
  endfacet
  facet normal 0.427543 0.903995 -0
    outer loop
      vertex -53.2567 27.6903 -4.25
      vertex -53.4785 27.7952 0
      vertex -53.2567 27.6903 0
    endloop
  endfacet
  facet normal 0.427543 0.903995 0
    outer loop
      vertex -53.4785 27.7952 0
      vertex -53.2567 27.6903 -4.25
      vertex -53.4785 27.7952 -4.25
    endloop
  endfacet
  facet normal 0.741101 0.671394 0
    outer loop
      vertex -54.0678 28.2322 0
      vertex -54.2325 28.414 -4.25
      vertex -54.2325 28.414 0
    endloop
  endfacet
  facet normal 0.741101 0.671394 0
    outer loop
      vertex -54.2325 28.414 -4.25
      vertex -54.0678 28.2322 0
      vertex -54.0678 28.2322 -4.25
    endloop
  endfacet
  facet normal -0.0489209 0.998803 0
    outer loop
      vertex -52.055 27.512 -4.25
      vertex -52.3 27.5 0
      vertex -52.055 27.512 0
    endloop
  endfacet
  facet normal -0.0489209 0.998803 0
    outer loop
      vertex -52.3 27.5 0
      vertex -52.055 27.512 -4.25
      vertex -52.3 27.5 -4.25
    endloop
  endfacet
  facet normal 0.989177 0.146726 0
    outer loop
      vertex -54.752 29.5123 0
      vertex -54.788 29.755 -4.25
      vertex -54.788 29.755 0
    endloop
  endfacet
  facet normal 0.989177 0.146726 0
    outer loop
      vertex -54.788 29.755 -4.25
      vertex -54.752 29.5123 0
      vertex -54.752 29.5123 -4.25
    endloop
  endfacet
  facet normal -0.595754 0.803167 0
    outer loop
      vertex -50.714 28.0675 -4.25
      vertex -50.9111 27.9213 0
      vertex -50.714 28.0675 0
    endloop
  endfacet
  facet normal -0.595754 0.803167 0
    outer loop
      vertex -50.9111 27.9213 0
      vertex -50.714 28.0675 -4.25
      vertex -50.9111 27.9213 -4.25
    endloop
  endfacet
  facet normal 0.803167 0.595754 0
    outer loop
      vertex -54.2325 28.414 0
      vertex -54.3787 28.6111 -4.25
      vertex -54.3787 28.6111 0
    endloop
  endfacet
  facet normal 0.803167 0.595754 0
    outer loop
      vertex -54.3787 28.6111 -4.25
      vertex -54.2325 28.414 0
      vertex -54.2325 28.414 -4.25
    endloop
  endfacet
  facet normal 0.998803 -0.0489209 0
    outer loop
      vertex -54.8 30 0
      vertex -54.788 30.245 -4.25
      vertex -54.788 30.245 0
    endloop
  endfacet
  facet normal 0.998803 -0.0489209 0
    outer loop
      vertex -54.788 30.245 -4.25
      vertex -54.8 30 0
      vertex -54.8 30 -4.25
    endloop
  endfacet
  facet normal -0.741101 0.671394 0
    outer loop
      vertex -50.5322 28.2322 -4.25
      vertex -50.3675 28.414 0
      vertex -50.3675 28.414 -4.25
    endloop
  endfacet
  facet normal -0.741101 0.671394 0
    outer loop
      vertex -50.3675 28.414 0
      vertex -50.5322 28.2322 -4.25
      vertex -50.5322 28.2322 0
    endloop
  endfacet
  facet normal -0.706681 -0.0346875 -0.706681
    outer loop
      vertex -47.5728 30.4645 -6.5
      vertex -47.55 30 -6.5
      vertex -49.8 30 -4.25
    endloop
  endfacet
  facet normal 0.686335 -0.171926 -0.706672
    outer loop
      vertex -56.8457 31.3778 -6.5
      vertex -54.752 30.4877 -4.25
      vertex -56.9587 30.9267 -6.5
    endloop
  endfacet
  facet normal 0.171876 0.686352 -0.706668
    outer loop
      vertex -53.6778 25.4543 -6.5
      vertex -53.0257 27.6076 -4.25
      vertex -52.7877 27.548 -4.25
    endloop
  endfacet
  facet normal 0.126907 0.69799 -0.704773
    outer loop
      vertex -53.0257 27.6076 -4.25
      vertex -53.6778 25.4543 -6.5
      vertex -53.6789 25.4545 -6.5
    endloop
  endfacet
  facet normal -0.0346134 0.70669 -0.706676
    outer loop
      vertex -52.2989 25.2501 -6.5
      vertex -52.3 27.5 -4.25
      vertex -52.055 27.512 -4.25
    endloop
  endfacet
  facet normal -0.06415 0.70565 -0.70565
    outer loop
      vertex -52.3 27.5 -4.25
      vertex -52.2989 25.2501 -6.5
      vertex -52.3 25.25 -6.5
    endloop
  endfacet
  facet normal 0.034688 0.706693 -0.70667
    outer loop
      vertex -52.545 27.512 -4.25
      vertex -52.3011 25.2501 -6.5
      vertex -52.7656 25.2729 -6.5
    endloop
  endfacet
  facet normal 0.666138 -0.238483 -0.706672
    outer loop
      vertex -54.6924 30.7257 -4.25
      vertex -56.8451 31.3799 -6.5
      vertex -54.6097 30.9567 -4.25
    endloop
  endfacet
  facet normal 0.657745 -0.263098 -0.705798
    outer loop
      vertex -56.8451 31.3799 -6.5
      vertex -54.6924 30.7257 -4.25
      vertex -56.8455 31.3789 -6.5
    endloop
  endfacet
  facet normal 0.706681 0.0346875 -0.706681
    outer loop
      vertex -54.8 30 -4.25
      vertex -57.0272 29.5355 -6.5
      vertex -57.05 30 -6.5
    endloop
  endfacet
  facet normal -0.606871 -0.363758 -0.706674
    outer loop
      vertex -48.35 32.638 -6.5
      vertex -48.1109 32.2391 -6.5
      vertex -50.0952 31.1785 -4.25
    endloop
  endfacet
  facet normal 0.524267 -0.475126 -0.706682
    outer loop
      vertex -55.6588 33.3588 -6.5
      vertex -54.0678 31.7678 -4.25
      vertex -55.9711 33.0142 -6.5
    endloop
  endfacet
  facet normal -0.467591 0.53439 -0.704121
    outer loop
      vertex -50.9111 27.9213 -4.25
      vertex -49.6602 26.0512 -6.5
      vertex -49.661 26.0505 -6.5
    endloop
  endfacet
  facet normal -0.421521 0.568275 -0.706671
    outer loop
      vertex -49.6602 26.0512 -6.5
      vertex -50.9111 27.9213 -4.25
      vertex -50.714 28.0675 -4.25
    endloop
  endfacet
  facet normal -0.0640202 -0.704222 -0.707087
    outer loop
      vertex -52.055 32.488 -4.25
      vertex -51.8355 34.7272 -6.5
      vertex -51.8344 34.7271 -6.5
    endloop
  endfacet
  facet normal -0.0346134 -0.706691 -0.706675
    outer loop
      vertex -51.8355 34.7272 -6.5
      vertex -52.055 32.488 -4.25
      vertex -52.3 32.5 -4.25
    endloop
  endfacet
  facet normal -0.302592 -0.639567 -0.706677
    outer loop
      vertex -50.4813 34.388 -6.5
      vertex -50.0609 34.1891 -6.5
      vertex -51.1215 32.2048 -4.25
    endloop
  endfacet
  facet normal -0.568225 -0.421567 -0.706683
    outer loop
      vertex -48.6276 33.0125 -6.5
      vertex -48.3505 32.639 -6.5
      vertex -50.2213 31.3889 -4.25
    endloop
  endfacet
  facet normal -0.532281 -0.465746 -0.706935
    outer loop
      vertex -50.3675 31.586 -4.25
      vertex -48.6289 33.0142 -6.5
      vertex -48.6282 33.0134 -6.5
    endloop
  endfacet
  facet normal -0.524345 -0.475025 -0.706692
    outer loop
      vertex -48.6289 33.0142 -6.5
      vertex -50.3675 31.586 -4.25
      vertex -50.5322 31.7678 -4.25
    endloop
  endfacet
  facet normal -0.238427 -0.666135 -0.706694
    outer loop
      vertex -50.9211 34.5455 -6.5
      vertex -50.4833 34.3888 -6.5
      vertex -51.5743 32.3923 -4.25
    endloop
  endfacet
  facet normal 0.238433 -0.666152 -0.706676
    outer loop
      vertex -53.6799 34.5451 -6.5
      vertex -53.2567 32.3097 -4.25
      vertex -54.1177 34.3884 -6.5
    endloop
  endfacet
  facet normal -0.475025 -0.524345 -0.706692
    outer loop
      vertex -50.714 31.9325 -4.25
      vertex -49.2858 33.6711 -6.5
      vertex -50.5322 31.7678 -4.25
    endloop
  endfacet
  facet normal -0.465746 -0.532281 -0.706935
    outer loop
      vertex -49.2858 33.6711 -6.5
      vertex -50.714 31.9325 -4.25
      vertex -49.2866 33.6718 -6.5
    endloop
  endfacet
  facet normal 0.606891 -0.36373 -0.706671
    outer loop
      vertex -56.25 32.638 -6.5
      vertex -54.3787 31.3889 -4.25
      vertex -54.5048 31.1785 -4.25
    endloop
  endfacet
  facet normal 0.63494 -0.31747 -0.704318
    outer loop
      vertex -54.3787 31.3889 -4.25
      vertex -56.25 32.638 -6.5
      vertex -56.2495 32.639 -6.5
    endloop
  endfacet
  facet normal 0.172142 -0.686263 -0.70669
    outer loop
      vertex -53.0257 32.3923 -4.25
      vertex -53.6778 34.5457 -6.5
      vertex -52.7877 32.452 -4.25
    endloop
  endfacet
  facet normal 0.126905 -0.697975 -0.704788
    outer loop
      vertex -53.6778 34.5457 -6.5
      vertex -53.0257 32.3923 -4.25
      vertex -53.6789 34.5455 -6.5
    endloop
  endfacet
  facet normal -0.171885 -0.686322 -0.706695
    outer loop
      vertex -51.3723 34.6585 -6.5
      vertex -50.9211 34.5455 -6.5
      vertex -51.5743 32.3923 -4.25
    endloop
  endfacet
  facet normal -0.69989 -0.103766 -0.706673
    outer loop
      vertex -47.6411 30.9256 -6.5
      vertex -47.5729 30.4656 -6.5
      vertex -49.812 30.245 -4.25
    endloop
  endfacet
  facet normal 0.699874 0.103813 -0.706682
    outer loop
      vertex -57.027 29.5333 -6.5
      vertex -54.788 29.755 -4.25
      vertex -54.752 29.5123 -4.25
    endloop
  endfacet
  facet normal 0.704222 0.0640202 -0.707087
    outer loop
      vertex -54.788 29.755 -4.25
      vertex -57.027 29.5333 -6.5
      vertex -57.0271 29.5344 -6.5
    endloop
  endfacet
  facet normal -0.666152 0.238433 -0.706676
    outer loop
      vertex -47.7549 28.6201 -6.5
      vertex -47.9116 28.1823 -6.5
      vertex -49.9903 29.0433 -4.25
    endloop
  endfacet
  facet normal 0.302592 -0.639567 -0.706677
    outer loop
      vertex -54.1187 34.388 -6.5
      vertex -53.4785 32.2048 -4.25
      vertex -54.5391 34.1891 -6.5
    endloop
  endfacet
  facet normal 0.23822 -0.66621 -0.706693
    outer loop
      vertex -53.6799 34.5451 -6.5
      vertex -53.0257 32.3923 -4.25
      vertex -53.2567 32.3097 -4.25
    endloop
  endfacet
  facet normal 0.263093 -0.657731 -0.705813
    outer loop
      vertex -53.0257 32.3923 -4.25
      vertex -53.6799 34.5451 -6.5
      vertex -53.6789 34.5455 -6.5
    endloop
  endfacet
  facet normal -0.656563 0.262625 -0.707074
    outer loop
      vertex -47.912 28.1813 -6.5
      vertex -49.9903 29.0433 -4.25
      vertex -47.9116 28.1823 -6.5
    endloop
  endfacet
  facet normal -0.639602 0.302499 -0.706684
    outer loop
      vertex -49.9903 29.0433 -4.25
      vertex -47.912 28.1813 -6.5
      vertex -50.0952 28.8215 -4.25
    endloop
  endfacet
  facet normal 0.421396 0.568352 -0.706683
    outer loop
      vertex -53.886 28.0675 -4.25
      vertex -54.9398 26.0512 -6.5
      vertex -55.3134 26.3282 -6.5
    endloop
  endfacet
  facet normal 0.421521 -0.568275 -0.706671
    outer loop
      vertex -54.9398 33.9488 -6.5
      vertex -53.6889 32.0787 -4.25
      vertex -53.886 31.9325 -4.25
    endloop
  endfacet
  facet normal 0.467591 -0.53439 -0.704121
    outer loop
      vertex -53.6889 32.0787 -4.25
      vertex -54.9398 33.9488 -6.5
      vertex -54.939 33.9495 -6.5
    endloop
  endfacet
  facet normal 0.699874 -0.103813 -0.706682
    outer loop
      vertex -54.788 30.245 -4.25
      vertex -57.027 30.4667 -6.5
      vertex -54.752 30.4877 -4.25
    endloop
  endfacet
  facet normal 0.704222 -0.0640202 -0.707087
    outer loop
      vertex -57.027 30.4667 -6.5
      vertex -54.788 30.245 -4.25
      vertex -57.0271 30.4656 -6.5
    endloop
  endfacet
  facet normal 0.0346875 -0.706681 -0.706681
    outer loop
      vertex -52.3 34.75 -6.5
      vertex -52.3 32.5 -4.25
      vertex -52.7645 34.7272 -6.5
    endloop
  endfacet
  facet normal 0.36373 0.606891 -0.706671
    outer loop
      vertex -54.938 26.05 -6.5
      vertex -53.6889 27.9213 -4.25
      vertex -53.4785 27.7952 -4.25
    endloop
  endfacet
  facet normal 0.31747 0.63494 -0.704318
    outer loop
      vertex -53.6889 27.9213 -4.25
      vertex -54.938 26.05 -6.5
      vertex -54.939 26.0505 -6.5
    endloop
  endfacet
  facet normal -0.171888 0.686337 -0.70668
    outer loop
      vertex -50.9211 25.4545 -6.5
      vertex -51.3723 25.3415 -6.5
      vertex -51.5743 27.6076 -4.25
    endloop
  endfacet
  facet normal -0.657745 -0.263098 -0.705798
    outer loop
      vertex -49.9076 30.7257 -4.25
      vertex -47.7549 31.3799 -6.5
      vertex -47.7545 31.3789 -6.5
    endloop
  endfacet
  facet normal -0.666138 -0.238483 -0.706672
    outer loop
      vertex -47.7549 31.3799 -6.5
      vertex -49.9076 30.7257 -4.25
      vertex -49.9903 30.9567 -4.25
    endloop
  endfacet
  facet normal 0.666152 -0.238433 -0.706676
    outer loop
      vertex -56.6884 31.8177 -6.5
      vertex -54.6097 30.9567 -4.25
      vertex -56.8451 31.3799 -6.5
    endloop
  endfacet
  facet normal 0.639602 -0.302499 -0.706684
    outer loop
      vertex -54.6097 30.9567 -4.25
      vertex -56.688 31.8187 -6.5
      vertex -54.5048 31.1785 -4.25
    endloop
  endfacet
  facet normal 0.656563 -0.262625 -0.707074
    outer loop
      vertex -56.688 31.8187 -6.5
      vertex -54.6097 30.9567 -4.25
      vertex -56.6884 31.8177 -6.5
    endloop
  endfacet
  facet normal 0.103766 -0.69989 -0.706673
    outer loop
      vertex -52.7656 34.7271 -6.5
      vertex -52.545 32.488 -4.25
      vertex -53.2256 34.6589 -6.5
    endloop
  endfacet
  facet normal -0.31747 -0.63494 -0.704318
    outer loop
      vertex -50.9111 32.0787 -4.25
      vertex -49.662 33.95 -6.5
      vertex -49.661 33.9495 -6.5
    endloop
  endfacet
  facet normal -0.36373 -0.606891 -0.706671
    outer loop
      vertex -49.662 33.95 -6.5
      vertex -50.9111 32.0787 -4.25
      vertex -51.1215 32.2048 -4.25
    endloop
  endfacet
  facet normal -0.568269 -0.421517 -0.706678
    outer loop
      vertex -50.3675 31.586 -4.25
      vertex -48.6276 33.0125 -6.5
      vertex -50.2213 31.3889 -4.25
    endloop
  endfacet
  facet normal -0.589793 -0.393195 -0.705366
    outer loop
      vertex -48.6276 33.0125 -6.5
      vertex -50.3675 31.586 -4.25
      vertex -48.6282 33.0134 -6.5
    endloop
  endfacet
  facet normal 0.171926 -0.686335 -0.706672
    outer loop
      vertex -53.2267 34.6587 -6.5
      vertex -52.7877 32.452 -4.25
      vertex -53.6778 34.5457 -6.5
    endloop
  endfacet
  facet normal 0.704222 0.0640202 -0.707087
    outer loop
      vertex -57.0272 29.5355 -6.5
      vertex -54.788 29.755 -4.25
      vertex -57.0271 29.5344 -6.5
    endloop
  endfacet
  facet normal 0.706691 0.0346134 -0.706675
    outer loop
      vertex -54.788 29.755 -4.25
      vertex -57.0272 29.5355 -6.5
      vertex -54.8 30 -4.25
    endloop
  endfacet
  facet normal 0.36373 -0.606891 -0.706671
    outer loop
      vertex -53.6889 32.0787 -4.25
      vertex -54.938 33.95 -6.5
      vertex -53.4785 32.2048 -4.25
    endloop
  endfacet
  facet normal 0.31747 -0.63494 -0.704318
    outer loop
      vertex -54.938 33.95 -6.5
      vertex -53.6889 32.0787 -4.25
      vertex -54.939 33.9495 -6.5
    endloop
  endfacet
  facet normal 0.568225 -0.421567 -0.706683
    outer loop
      vertex -55.9724 33.0125 -6.5
      vertex -54.3787 31.3889 -4.25
      vertex -56.2495 32.639 -6.5
    endloop
  endfacet
  facet normal 0.421396 -0.568352 -0.706683
    outer loop
      vertex -54.9398 33.9488 -6.5
      vertex -53.886 31.9325 -4.25
      vertex -55.3134 33.6718 -6.5
    endloop
  endfacet
  facet normal -0.706681 0.0346875 -0.706681
    outer loop
      vertex -47.55 30 -6.5
      vertex -47.5728 29.5355 -6.5
      vertex -49.8 30 -4.25
    endloop
  endfacet
  facet normal -0.138677 0.693384 -0.707098
    outer loop
      vertex -51.8123 27.548 -4.25
      vertex -51.3723 25.3415 -6.5
      vertex -51.3733 25.3413 -6.5
    endloop
  endfacet
  facet normal -0.171873 0.686339 -0.706681
    outer loop
      vertex -51.3723 25.3415 -6.5
      vertex -51.8123 27.548 -4.25
      vertex -51.5743 27.6076 -4.25
    endloop
  endfacet
  facet normal -0.639567 0.302592 -0.706677
    outer loop
      vertex -47.912 28.1813 -6.5
      vertex -48.1109 27.7609 -6.5
      vertex -50.0952 28.8215 -4.25
    endloop
  endfacet
  facet normal 0.568269 -0.421517 -0.706678
    outer loop
      vertex -55.9724 33.0125 -6.5
      vertex -54.2325 31.586 -4.25
      vertex -54.3787 31.3889 -4.25
    endloop
  endfacet
  facet normal 0.589793 -0.393195 -0.705366
    outer loop
      vertex -54.2325 31.586 -4.25
      vertex -55.9724 33.0125 -6.5
      vertex -55.9718 33.0134 -6.5
    endloop
  endfacet
  facet normal -0.686337 -0.171888 -0.70668
    outer loop
      vertex -47.7545 31.3789 -6.5
      vertex -47.6415 30.9277 -6.5
      vertex -49.9076 30.7257 -4.25
    endloop
  endfacet
  facet normal -0.693384 0.138677 -0.707098
    outer loop
      vertex -47.6415 29.0723 -6.5
      vertex -49.848 29.5123 -4.25
      vertex -47.6413 29.0733 -6.5
    endloop
  endfacet
  facet normal -0.686339 0.171873 -0.706681
    outer loop
      vertex -49.848 29.5123 -4.25
      vertex -47.6415 29.0723 -6.5
      vertex -49.9076 29.2743 -4.25
    endloop
  endfacet
  facet normal -0.126501 -0.695757 -0.70705
    outer loop
      vertex -51.8123 32.452 -4.25
      vertex -51.3744 34.6589 -6.5
      vertex -51.3733 34.6587 -6.5
    endloop
  endfacet
  facet normal -0.103814 -0.699879 -0.706677
    outer loop
      vertex -51.3744 34.6589 -6.5
      vertex -51.8123 32.452 -4.25
      vertex -52.055 32.488 -4.25
    endloop
  endfacet
  facet normal 0.302499 -0.639602 -0.706684
    outer loop
      vertex -54.1187 34.388 -6.5
      vertex -53.2567 32.3097 -4.25
      vertex -53.4785 32.2048 -4.25
    endloop
  endfacet
  facet normal 0.262625 -0.656563 -0.707074
    outer loop
      vertex -53.2567 32.3097 -4.25
      vertex -54.1187 34.388 -6.5
      vertex -54.1177 34.3884 -6.5
    endloop
  endfacet
  facet normal 0.524345 -0.475025 -0.706692
    outer loop
      vertex -54.2325 31.586 -4.25
      vertex -55.9711 33.0142 -6.5
      vertex -54.0678 31.7678 -4.25
    endloop
  endfacet
  facet normal 0.532281 -0.465746 -0.706935
    outer loop
      vertex -55.9711 33.0142 -6.5
      vertex -54.2325 31.586 -4.25
      vertex -55.9718 33.0134 -6.5
    endloop
  endfacet
  facet normal -0.475126 -0.524267 -0.706682
    outer loop
      vertex -49.2858 33.6711 -6.5
      vertex -48.9412 33.3588 -6.5
      vertex -50.5322 31.7678 -4.25
    endloop
  endfacet
  facet normal 0.363758 0.606871 -0.706674
    outer loop
      vertex -53.4785 27.7952 -4.25
      vertex -54.5391 25.8109 -6.5
      vertex -54.938 26.05 -6.5
    endloop
  endfacet
  facet normal -0.686337 0.171888 -0.70668
    outer loop
      vertex -47.6415 29.0723 -6.5
      vertex -47.7545 28.6211 -6.5
      vertex -49.9076 29.2743 -4.25
    endloop
  endfacet
  facet normal -0.524267 0.475126 -0.706682
    outer loop
      vertex -48.6289 26.9858 -6.5
      vertex -48.9412 26.6412 -6.5
      vertex -50.5322 28.2322 -4.25
    endloop
  endfacet
  facet normal 0.706691 -0.0346134 -0.706675
    outer loop
      vertex -57.0272 30.4645 -6.5
      vertex -54.788 30.245 -4.25
      vertex -54.8 30 -4.25
    endloop
  endfacet
  facet normal 0.704222 -0.0640202 -0.707087
    outer loop
      vertex -54.788 30.245 -4.25
      vertex -57.0272 30.4645 -6.5
      vertex -57.0271 30.4656 -6.5
    endloop
  endfacet
  facet normal 0.606871 -0.363758 -0.706674
    outer loop
      vertex -56.25 32.638 -6.5
      vertex -54.5048 31.1785 -4.25
      vertex -56.4891 32.2391 -6.5
    endloop
  endfacet
  facet normal -0.363758 -0.606871 -0.706674
    outer loop
      vertex -50.0609 34.1891 -6.5
      vertex -49.662 33.95 -6.5
      vertex -51.1215 32.2048 -4.25
    endloop
  endfacet
  facet normal -0.103766 0.69989 -0.706673
    outer loop
      vertex -51.3744 25.3411 -6.5
      vertex -51.8344 25.2729 -6.5
      vertex -52.055 27.512 -4.25
    endloop
  endfacet
  facet normal -0.302592 0.639567 -0.706677
    outer loop
      vertex -50.0609 25.8109 -6.5
      vertex -50.4813 25.612 -6.5
      vertex -51.1215 27.7952 -4.25
    endloop
  endfacet
  facet normal -0.699879 -0.103814 -0.706677
    outer loop
      vertex -49.848 30.4877 -4.25
      vertex -47.6411 30.9256 -6.5
      vertex -49.812 30.245 -4.25
    endloop
  endfacet
  facet normal -0.695757 -0.126501 -0.70705
    outer loop
      vertex -47.6411 30.9256 -6.5
      vertex -49.848 30.4877 -4.25
      vertex -47.6413 30.9267 -6.5
    endloop
  endfacet
  facet normal 0.103766 0.69989 -0.706673
    outer loop
      vertex -52.545 27.512 -4.25
      vertex -52.7656 25.2729 -6.5
      vertex -53.2256 25.3411 -6.5
    endloop
  endfacet
  facet normal 0.103814 0.699879 -0.706677
    outer loop
      vertex -53.2256 25.3411 -6.5
      vertex -52.7877 27.548 -4.25
      vertex -52.545 27.512 -4.25
    endloop
  endfacet
  facet normal 0.126501 0.695757 -0.70705
    outer loop
      vertex -52.7877 27.548 -4.25
      vertex -53.2256 25.3411 -6.5
      vertex -53.2267 25.3413 -6.5
    endloop
  endfacet
  facet normal 0.606871 0.363758 -0.706674
    outer loop
      vertex -54.5048 28.8215 -4.25
      vertex -56.25 27.362 -6.5
      vertex -56.4891 27.7609 -6.5
    endloop
  endfacet
  facet normal -0.262625 0.656563 -0.707074
    outer loop
      vertex -50.4833 25.6112 -6.5
      vertex -51.3433 27.6903 -4.25
      vertex -50.4823 25.6116 -6.5
    endloop
  endfacet
  facet normal -0.238479 0.666128 -0.706684
    outer loop
      vertex -51.3433 27.6903 -4.25
      vertex -50.4833 25.6112 -6.5
      vertex -51.5743 27.6076 -4.25
    endloop
  endfacet
  facet normal 0.639567 -0.302592 -0.706677
    outer loop
      vertex -56.4891 32.2391 -6.5
      vertex -54.5048 31.1785 -4.25
      vertex -56.688 31.8187 -6.5
    endloop
  endfacet
  facet normal 0.568225 0.421567 -0.706683
    outer loop
      vertex -54.3787 28.6111 -4.25
      vertex -55.9724 26.9875 -6.5
      vertex -56.2495 27.361 -6.5
    endloop
  endfacet
  facet normal -0.666152 -0.238433 -0.706676
    outer loop
      vertex -47.9116 31.8177 -6.5
      vertex -47.7549 31.3799 -6.5
      vertex -49.9903 30.9567 -4.25
    endloop
  endfacet
  facet normal -0.656563 -0.262625 -0.707074
    outer loop
      vertex -49.9903 30.9567 -4.25
      vertex -47.912 31.8187 -6.5
      vertex -47.9116 31.8177 -6.5
    endloop
  endfacet
  facet normal -0.639602 -0.302499 -0.706684
    outer loop
      vertex -47.912 31.8187 -6.5
      vertex -49.9903 30.9567 -4.25
      vertex -50.0952 31.1785 -4.25
    endloop
  endfacet
  facet normal -0.363758 0.606871 -0.706674
    outer loop
      vertex -49.662 26.05 -6.5
      vertex -50.0609 25.8109 -6.5
      vertex -51.1215 27.7952 -4.25
    endloop
  endfacet
  facet normal 0.238433 0.666152 -0.706676
    outer loop
      vertex -53.2567 27.6903 -4.25
      vertex -53.6799 25.4549 -6.5
      vertex -54.1177 25.6116 -6.5
    endloop
  endfacet
  facet normal -0.568225 0.421567 -0.706683
    outer loop
      vertex -48.3505 27.361 -6.5
      vertex -48.6276 26.9875 -6.5
      vertex -50.2213 28.6111 -4.25
    endloop
  endfacet
  facet normal 0.686335 0.171926 -0.706672
    outer loop
      vertex -54.752 29.5123 -4.25
      vertex -56.8457 28.6222 -6.5
      vertex -56.9587 29.0733 -6.5
    endloop
  endfacet
  facet normal 0.706681 -0.0346875 -0.706681
    outer loop
      vertex -57.0272 30.4645 -6.5
      vertex -54.8 30 -4.25
      vertex -57.05 30 -6.5
    endloop
  endfacet
  facet normal -0.69989 0.103766 -0.706673
    outer loop
      vertex -47.5729 29.5344 -6.5
      vertex -47.6411 29.0744 -6.5
      vertex -49.812 29.755 -4.25
    endloop
  endfacet
  facet normal -0.704222 0.0640202 -0.707087
    outer loop
      vertex -49.812 29.755 -4.25
      vertex -47.5728 29.5355 -6.5
      vertex -47.5729 29.5344 -6.5
    endloop
  endfacet
  facet normal -0.706691 0.0346134 -0.706675
    outer loop
      vertex -47.5728 29.5355 -6.5
      vertex -49.812 29.755 -4.25
      vertex -49.8 30 -4.25
    endloop
  endfacet
  facet normal 0.103814 -0.699879 -0.706677
    outer loop
      vertex -52.7877 32.452 -4.25
      vertex -53.2256 34.6589 -6.5
      vertex -52.545 32.488 -4.25
    endloop
  endfacet
  facet normal 0.126501 -0.695757 -0.70705
    outer loop
      vertex -53.2256 34.6589 -6.5
      vertex -52.7877 32.452 -4.25
      vertex -53.2267 34.6587 -6.5
    endloop
  endfacet
  facet normal -0.465746 0.532281 -0.706935
    outer loop
      vertex -50.714 28.0675 -4.25
      vertex -49.2858 26.3289 -6.5
      vertex -49.2866 26.3282 -6.5
    endloop
  endfacet
  facet normal -0.475025 0.524345 -0.706692
    outer loop
      vertex -49.2858 26.3289 -6.5
      vertex -50.714 28.0675 -4.25
      vertex -50.5322 28.2322 -4.25
    endloop
  endfacet
  facet normal 0.475126 -0.524267 -0.706682
    outer loop
      vertex -55.3142 33.6711 -6.5
      vertex -54.0678 31.7678 -4.25
      vertex -55.6588 33.3588 -6.5
    endloop
  endfacet
  facet normal 0.363758 -0.606871 -0.706674
    outer loop
      vertex -54.5391 34.1891 -6.5
      vertex -53.4785 32.2048 -4.25
      vertex -54.938 33.95 -6.5
    endloop
  endfacet
  facet normal -0.034688 0.706693 -0.70667
    outer loop
      vertex -52.055 27.512 -4.25
      vertex -51.8344 25.2729 -6.5
      vertex -52.2989 25.2501 -6.5
    endloop
  endfacet
  facet normal -0.475126 0.524267 -0.706682
    outer loop
      vertex -48.9412 26.6412 -6.5
      vertex -49.2858 26.3289 -6.5
      vertex -50.5322 28.2322 -4.25
    endloop
  endfacet
  facet normal -0.421521 -0.568275 -0.706671
    outer loop
      vertex -50.9111 32.0787 -4.25
      vertex -49.6602 33.9488 -6.5
      vertex -50.714 31.9325 -4.25
    endloop
  endfacet
  facet normal -0.467591 -0.53439 -0.704121
    outer loop
      vertex -49.6602 33.9488 -6.5
      vertex -50.9111 32.0787 -4.25
      vertex -49.661 33.9495 -6.5
    endloop
  endfacet
  facet normal -0.639567 -0.302592 -0.706677
    outer loop
      vertex -48.1109 32.2391 -6.5
      vertex -47.912 31.8187 -6.5
      vertex -50.0952 31.1785 -4.25
    endloop
  endfacet
  facet normal -0.589793 0.393195 -0.705366
    outer loop
      vertex -50.3675 28.414 -4.25
      vertex -48.6276 26.9875 -6.5
      vertex -48.6282 26.9866 -6.5
    endloop
  endfacet
  facet normal -0.568269 0.421517 -0.706678
    outer loop
      vertex -48.6276 26.9875 -6.5
      vertex -50.3675 28.414 -4.25
      vertex -50.2213 28.6111 -4.25
    endloop
  endfacet
  facet normal -0.126501 0.695757 -0.70705
    outer loop
      vertex -51.3744 25.3411 -6.5
      vertex -51.8123 27.548 -4.25
      vertex -51.3733 25.3413 -6.5
    endloop
  endfacet
  facet normal -0.103814 0.699879 -0.706677
    outer loop
      vertex -51.8123 27.548 -4.25
      vertex -51.3744 25.3411 -6.5
      vertex -52.055 27.512 -4.25
    endloop
  endfacet
  facet normal -0.606871 0.363758 -0.706674
    outer loop
      vertex -48.1109 27.7609 -6.5
      vertex -48.35 27.362 -6.5
      vertex -50.0952 28.8215 -4.25
    endloop
  endfacet
  facet normal -0.262625 -0.656563 -0.707074
    outer loop
      vertex -51.3433 32.3097 -4.25
      vertex -50.4833 34.3888 -6.5
      vertex -50.4823 34.3884 -6.5
    endloop
  endfacet
  facet normal -0.238226 -0.666225 -0.706677
    outer loop
      vertex -50.4833 34.3888 -6.5
      vertex -51.3433 32.3097 -4.25
      vertex -51.5743 32.3923 -4.25
    endloop
  endfacet
  facet normal 0.467591 0.53439 -0.704121
    outer loop
      vertex -54.9398 26.0512 -6.5
      vertex -53.6889 27.9213 -4.25
      vertex -54.939 26.0505 -6.5
    endloop
  endfacet
  facet normal 0.421521 0.568275 -0.706671
    outer loop
      vertex -53.6889 27.9213 -4.25
      vertex -54.9398 26.0512 -6.5
      vertex -53.886 28.0675 -4.25
    endloop
  endfacet
  facet normal -0.524267 -0.475126 -0.706682
    outer loop
      vertex -48.9412 33.3588 -6.5
      vertex -48.6289 33.0142 -6.5
      vertex -50.5322 31.7678 -4.25
    endloop
  endfacet
  facet normal 0.465746 0.532281 -0.706935
    outer loop
      vertex -55.3142 26.3289 -6.5
      vertex -53.886 28.0675 -4.25
      vertex -55.3134 26.3282 -6.5
    endloop
  endfacet
  facet normal 0.475025 0.524345 -0.706692
    outer loop
      vertex -53.886 28.0675 -4.25
      vertex -55.3142 26.3289 -6.5
      vertex -54.0678 28.2322 -4.25
    endloop
  endfacet
  facet normal 0.686352 -0.171876 -0.706668
    outer loop
      vertex -56.8457 31.3778 -6.5
      vertex -54.6924 30.7257 -4.25
      vertex -54.752 30.4877 -4.25
    endloop
  endfacet
  facet normal 0.69799 -0.126907 -0.704773
    outer loop
      vertex -54.6924 30.7257 -4.25
      vertex -56.8457 31.3778 -6.5
      vertex -56.8455 31.3789 -6.5
    endloop
  endfacet
  facet normal 0.699867 -0.103915 -0.706674
    outer loop
      vertex -56.9587 30.9267 -6.5
      vertex -54.752 30.4877 -4.25
      vertex -57.027 30.4667 -6.5
    endloop
  endfacet
  facet normal -0.103766 -0.69989 -0.706673
    outer loop
      vertex -51.8344 34.7271 -6.5
      vertex -51.3744 34.6589 -6.5
      vertex -52.055 32.488 -4.25
    endloop
  endfacet
  facet normal -0.0346875 -0.706681 -0.706681
    outer loop
      vertex -52.3 34.75 -6.5
      vertex -51.8355 34.7272 -6.5
      vertex -52.3 32.5 -4.25
    endloop
  endfacet
  facet normal 0.639567 0.302592 -0.706677
    outer loop
      vertex -54.5048 28.8215 -4.25
      vertex -56.4891 27.7609 -6.5
      vertex -56.688 28.1813 -6.5
    endloop
  endfacet
  facet normal -0.31747 0.63494 -0.704318
    outer loop
      vertex -49.662 26.05 -6.5
      vertex -50.9111 27.9213 -4.25
      vertex -49.661 26.0505 -6.5
    endloop
  endfacet
  facet normal -0.36373 0.606891 -0.706671
    outer loop
      vertex -50.9111 27.9213 -4.25
      vertex -49.662 26.05 -6.5
      vertex -51.1215 27.7952 -4.25
    endloop
  endfacet
  facet normal -0.63494 0.31747 -0.704318
    outer loop
      vertex -50.2213 28.6111 -4.25
      vertex -48.35 27.362 -6.5
      vertex -48.3505 27.361 -6.5
    endloop
  endfacet
  facet normal -0.606891 0.36373 -0.706671
    outer loop
      vertex -48.35 27.362 -6.5
      vertex -50.2213 28.6111 -4.25
      vertex -50.0952 28.8215 -4.25
    endloop
  endfacet
  facet normal -0.532281 0.465746 -0.706935
    outer loop
      vertex -48.6289 26.9858 -6.5
      vertex -50.3675 28.414 -4.25
      vertex -48.6282 26.9866 -6.5
    endloop
  endfacet
  facet normal -0.524345 0.475025 -0.706692
    outer loop
      vertex -50.3675 28.414 -4.25
      vertex -48.6289 26.9858 -6.5
      vertex -50.5322 28.2322 -4.25
    endloop
  endfacet
  facet normal -0.657745 0.263098 -0.705798
    outer loop
      vertex -47.7549 28.6201 -6.5
      vertex -49.9076 29.2743 -4.25
      vertex -47.7545 28.6211 -6.5
    endloop
  endfacet
  facet normal -0.666138 0.238483 -0.706672
    outer loop
      vertex -49.9076 29.2743 -4.25
      vertex -47.7549 28.6201 -6.5
      vertex -49.9903 29.0433 -4.25
    endloop
  endfacet
  facet normal 0.666138 0.238483 -0.706672
    outer loop
      vertex -56.8451 28.6201 -6.5
      vertex -54.6924 29.2743 -4.25
      vertex -54.6097 29.0433 -4.25
    endloop
  endfacet
  facet normal 0.657745 0.263098 -0.705798
    outer loop
      vertex -54.6924 29.2743 -4.25
      vertex -56.8451 28.6201 -6.5
      vertex -56.8455 28.6211 -6.5
    endloop
  endfacet
  facet normal 0.302592 0.639567 -0.706677
    outer loop
      vertex -53.4785 27.7952 -4.25
      vertex -54.1187 25.612 -6.5
      vertex -54.5391 25.8109 -6.5
    endloop
  endfacet
  facet normal 0.475126 0.524267 -0.706682
    outer loop
      vertex -54.0678 28.2322 -4.25
      vertex -55.3142 26.3289 -6.5
      vertex -55.6588 26.6412 -6.5
    endloop
  endfacet
  facet normal 0.171926 0.686335 -0.706672
    outer loop
      vertex -52.7877 27.548 -4.25
      vertex -53.2267 25.3413 -6.5
      vertex -53.6778 25.4543 -6.5
    endloop
  endfacet
  facet normal 0.524267 0.475126 -0.706682
    outer loop
      vertex -54.0678 28.2322 -4.25
      vertex -55.6588 26.6412 -6.5
      vertex -55.9711 26.9858 -6.5
    endloop
  endfacet
  facet normal -0.706691 -0.0346134 -0.706675
    outer loop
      vertex -49.812 30.245 -4.25
      vertex -47.5728 30.4645 -6.5
      vertex -49.8 30 -4.25
    endloop
  endfacet
  facet normal -0.704222 -0.0640202 -0.707087
    outer loop
      vertex -47.5728 30.4645 -6.5
      vertex -49.812 30.245 -4.25
      vertex -47.5729 30.4656 -6.5
    endloop
  endfacet
  facet normal -0.695757 0.126501 -0.70705
    outer loop
      vertex -49.848 29.5123 -4.25
      vertex -47.6411 29.0744 -6.5
      vertex -47.6413 29.0733 -6.5
    endloop
  endfacet
  facet normal -0.699879 0.103814 -0.706677
    outer loop
      vertex -47.6411 29.0744 -6.5
      vertex -49.848 29.5123 -4.25
      vertex -49.812 29.755 -4.25
    endloop
  endfacet
  facet normal 0.524345 0.475025 -0.706692
    outer loop
      vertex -55.9711 26.9858 -6.5
      vertex -54.2325 28.414 -4.25
      vertex -54.0678 28.2322 -4.25
    endloop
  endfacet
  facet normal 0.532281 0.465746 -0.706935
    outer loop
      vertex -54.2325 28.414 -4.25
      vertex -55.9711 26.9858 -6.5
      vertex -55.9718 26.9866 -6.5
    endloop
  endfacet
  facet normal -0.172146 -0.686278 -0.706674
    outer loop
      vertex -51.8123 32.452 -4.25
      vertex -51.3723 34.6585 -6.5
      vertex -51.5743 32.3923 -4.25
    endloop
  endfacet
  facet normal -0.138677 -0.693384 -0.707098
    outer loop
      vertex -51.3723 34.6585 -6.5
      vertex -51.8123 32.452 -4.25
      vertex -51.3733 34.6587 -6.5
    endloop
  endfacet
  facet normal 0.475025 -0.524345 -0.706692
    outer loop
      vertex -55.3142 33.6711 -6.5
      vertex -53.886 31.9325 -4.25
      vertex -54.0678 31.7678 -4.25
    endloop
  endfacet
  facet normal 0.465746 -0.532281 -0.706935
    outer loop
      vertex -53.886 31.9325 -4.25
      vertex -55.3142 33.6711 -6.5
      vertex -55.3134 33.6718 -6.5
    endloop
  endfacet
  facet normal -0.238432 0.666149 -0.706679
    outer loop
      vertex -50.4833 25.6112 -6.5
      vertex -50.9211 25.4545 -6.5
      vertex -51.5743 27.6076 -4.25
    endloop
  endfacet
  facet normal 0.63494 0.31747 -0.704318
    outer loop
      vertex -56.25 27.362 -6.5
      vertex -54.3787 28.6111 -4.25
      vertex -56.2495 27.361 -6.5
    endloop
  endfacet
  facet normal 0.606891 0.36373 -0.706671
    outer loop
      vertex -54.3787 28.6111 -4.25
      vertex -56.25 27.362 -6.5
      vertex -54.5048 28.8215 -4.25
    endloop
  endfacet
  facet normal 0.666152 0.238433 -0.706676
    outer loop
      vertex -54.6097 29.0433 -4.25
      vertex -56.6884 28.1823 -6.5
      vertex -56.8451 28.6201 -6.5
    endloop
  endfacet
  facet normal 0.699867 0.103915 -0.706674
    outer loop
      vertex -54.752 29.5123 -4.25
      vertex -56.9587 29.0733 -6.5
      vertex -57.027 29.5333 -6.5
    endloop
  endfacet
  facet normal -0.421396 -0.568352 -0.706683
    outer loop
      vertex -49.6602 33.9488 -6.5
      vertex -49.2866 33.6718 -6.5
      vertex -50.714 31.9325 -4.25
    endloop
  endfacet
  facet normal -0.693384 -0.138677 -0.707098
    outer loop
      vertex -49.848 30.4877 -4.25
      vertex -47.6415 30.9277 -6.5
      vertex -47.6413 30.9267 -6.5
    endloop
  endfacet
  facet normal -0.686339 -0.171873 -0.706681
    outer loop
      vertex -47.6415 30.9277 -6.5
      vertex -49.848 30.4877 -4.25
      vertex -49.9076 30.7257 -4.25
    endloop
  endfacet
  facet normal 0.589793 0.393195 -0.705366
    outer loop
      vertex -55.9724 26.9875 -6.5
      vertex -54.2325 28.414 -4.25
      vertex -55.9718 26.9866 -6.5
    endloop
  endfacet
  facet normal 0.568269 0.421517 -0.706678
    outer loop
      vertex -54.2325 28.414 -4.25
      vertex -55.9724 26.9875 -6.5
      vertex -54.3787 28.6111 -4.25
    endloop
  endfacet
  facet normal -0.302499 -0.639602 -0.706684
    outer loop
      vertex -51.3433 32.3097 -4.25
      vertex -50.4813 34.388 -6.5
      vertex -51.1215 32.2048 -4.25
    endloop
  endfacet
  facet normal -0.262625 -0.656563 -0.707074
    outer loop
      vertex -50.4813 34.388 -6.5
      vertex -51.3433 32.3097 -4.25
      vertex -50.4823 34.3884 -6.5
    endloop
  endfacet
  facet normal 0.262625 0.656563 -0.707074
    outer loop
      vertex -54.1187 25.612 -6.5
      vertex -53.2567 27.6903 -4.25
      vertex -54.1177 25.6116 -6.5
    endloop
  endfacet
  facet normal 0.302499 0.639602 -0.706684
    outer loop
      vertex -53.2567 27.6903 -4.25
      vertex -54.1187 25.612 -6.5
      vertex -53.4785 27.7952 -4.25
    endloop
  endfacet
  facet normal -0.421396 0.568352 -0.706683
    outer loop
      vertex -49.2866 26.3282 -6.5
      vertex -49.6602 26.0512 -6.5
      vertex -50.714 28.0675 -4.25
    endloop
  endfacet
  facet normal 0.639602 0.302499 -0.706684
    outer loop
      vertex -56.688 28.1813 -6.5
      vertex -54.6097 29.0433 -4.25
      vertex -54.5048 28.8215 -4.25
    endloop
  endfacet
  facet normal 0.656563 0.262625 -0.707074
    outer loop
      vertex -54.6097 29.0433 -4.25
      vertex -56.688 28.1813 -6.5
      vertex -56.6884 28.1823 -6.5
    endloop
  endfacet
  facet normal 0.0346134 -0.706691 -0.706675
    outer loop
      vertex -52.545 32.488 -4.25
      vertex -52.7645 34.7272 -6.5
      vertex -52.3 32.5 -4.25
    endloop
  endfacet
  facet normal 0.0640202 -0.704222 -0.707087
    outer loop
      vertex -52.7645 34.7272 -6.5
      vertex -52.545 32.488 -4.25
      vertex -52.7656 34.7271 -6.5
    endloop
  endfacet
  facet normal 0.06415 0.70565 -0.70565
    outer loop
      vertex -52.3011 25.2501 -6.5
      vertex -52.3 27.5 -4.25
      vertex -52.3 25.25 -6.5
    endloop
  endfacet
  facet normal 0.0346134 0.70669 -0.706676
    outer loop
      vertex -52.3 27.5 -4.25
      vertex -52.3011 25.2501 -6.5
      vertex -52.545 27.512 -4.25
    endloop
  endfacet
  facet normal -0.262625 0.656563 -0.707074
    outer loop
      vertex -51.3433 27.6903 -4.25
      vertex -50.4813 25.612 -6.5
      vertex -50.4823 25.6116 -6.5
    endloop
  endfacet
  facet normal -0.302499 0.639602 -0.706684
    outer loop
      vertex -50.4813 25.612 -6.5
      vertex -51.3433 27.6903 -4.25
      vertex -51.1215 27.7952 -4.25
    endloop
  endfacet
  facet normal -0.606891 -0.36373 -0.706671
    outer loop
      vertex -50.2213 31.3889 -4.25
      vertex -48.35 32.638 -6.5
      vertex -50.0952 31.1785 -4.25
    endloop
  endfacet
  facet normal -0.63494 -0.31747 -0.704318
    outer loop
      vertex -48.35 32.638 -6.5
      vertex -50.2213 31.3889 -4.25
      vertex -48.3505 32.639 -6.5
    endloop
  endfacet
  facet normal 0.263098 0.657745 -0.705798
    outer loop
      vertex -53.6799 25.4549 -6.5
      vertex -53.0257 27.6076 -4.25
      vertex -53.6789 25.4545 -6.5
    endloop
  endfacet
  facet normal 0.238483 0.666138 -0.706672
    outer loop
      vertex -53.0257 27.6076 -4.25
      vertex -53.6799 25.4549 -6.5
      vertex -53.2567 27.6903 -4.25
    endloop
  endfacet
  facet normal 0.69799 0.126907 -0.704773
    outer loop
      vertex -56.8457 28.6222 -6.5
      vertex -54.6924 29.2743 -4.25
      vertex -56.8455 28.6211 -6.5
    endloop
  endfacet
  facet normal 0.686352 0.171876 -0.706668
    outer loop
      vertex -54.6924 29.2743 -4.25
      vertex -56.8457 28.6222 -6.5
      vertex -54.752 29.5123 -4.25
    endloop
  endfacet
  facet normal 0.334527 0.942386 -0
    outer loop
      vertex -53.0257 147.108 -4.25
      vertex -53.2567 147.19 0
      vertex -53.0257 147.108 0
    endloop
  endfacet
  facet normal 0.334527 0.942386 0
    outer loop
      vertex -53.2567 147.19 0
      vertex -53.0257 147.108 -4.25
      vertex -53.2567 147.19 -4.25
    endloop
  endfacet
  facet normal -0.989203 -0.146549 0
    outer loop
      vertex -49.812 149.745 -4.25
      vertex -49.848 149.988 0
      vertex -49.848 149.988 -4.25
    endloop
  endfacet
  facet normal -0.989203 -0.146549 0
    outer loop
      vertex -49.848 149.988 0
      vertex -49.812 149.745 -4.25
      vertex -49.812 149.745 0
    endloop
  endfacet
  facet normal -0.998803 -0.0489209 0
    outer loop
      vertex -49.8 149.5 -4.25
      vertex -49.812 149.745 0
      vertex -49.812 149.745 -4.25
    endloop
  endfacet
  facet normal -0.998803 -0.0489209 0
    outer loop
      vertex -49.812 149.745 0
      vertex -49.8 149.5 -4.25
      vertex -49.8 149.5 0
    endloop
  endfacet
  facet normal -0.970047 -0.242919 0
    outer loop
      vertex -49.848 149.988 -4.25
      vertex -49.9076 150.226 0
      vertex -49.9076 150.226 -4.25
    endloop
  endfacet
  facet normal -0.970047 -0.242919 0
    outer loop
      vertex -49.9076 150.226 0
      vertex -49.848 149.988 -4.25
      vertex -49.848 149.988 0
    endloop
  endfacet
  facet normal 0.989203 -0.146549 0
    outer loop
      vertex -54.788 149.745 0
      vertex -54.752 149.988 -4.25
      vertex -54.752 149.988 0
    endloop
  endfacet
  facet normal 0.989203 -0.146549 0
    outer loop
      vertex -54.752 149.988 -4.25
      vertex -54.788 149.745 0
      vertex -54.788 149.745 -4.25
    endloop
  endfacet
  facet normal 0.244452 0.969661 -0
    outer loop
      vertex -52.7877 147.048 -4.25
      vertex -53.0257 147.108 0
      vertex -52.7877 147.048 0
    endloop
  endfacet
  facet normal 0.244452 0.969661 0
    outer loop
      vertex -53.0257 147.108 0
      vertex -52.7877 147.048 -4.25
      vertex -53.0257 147.108 -4.25
    endloop
  endfacet
  facet normal -0.334527 -0.942386 0
    outer loop
      vertex -51.5743 151.892 -4.25
      vertex -51.3433 151.81 0
      vertex -51.5743 151.892 0
    endloop
  endfacet
  facet normal -0.334527 -0.942386 -0
    outer loop
      vertex -51.3433 151.81 0
      vertex -51.5743 151.892 -4.25
      vertex -51.3433 151.81 -4.25
    endloop
  endfacet
  facet normal 0.513776 -0.857924 0
    outer loop
      vertex -53.6889 151.579 -4.25
      vertex -53.4785 151.705 0
      vertex -53.6889 151.579 0
    endloop
  endfacet
  facet normal 0.513776 -0.857924 0
    outer loop
      vertex -53.4785 151.705 0
      vertex -53.6889 151.579 -4.25
      vertex -53.4785 151.705 -4.25
    endloop
  endfacet
  facet normal 0.903396 0.428807 0
    outer loop
      vertex -54.5048 148.322 0
      vertex -54.6097 148.543 -4.25
      vertex -54.6097 148.543 0
    endloop
  endfacet
  facet normal 0.903396 0.428807 0
    outer loop
      vertex -54.6097 148.543 -4.25
      vertex -54.5048 148.322 0
      vertex -54.5048 148.322 -4.25
    endloop
  endfacet
  facet normal 0.244452 -0.969661 0
    outer loop
      vertex -53.0257 151.892 -4.25
      vertex -52.7877 151.952 0
      vertex -53.0257 151.892 0
    endloop
  endfacet
  facet normal 0.244452 -0.969661 0
    outer loop
      vertex -52.7877 151.952 0
      vertex -53.0257 151.892 -4.25
      vertex -52.7877 151.952 -4.25
    endloop
  endfacet
  facet normal 0.858389 0.512999 0
    outer loop
      vertex -54.3787 148.111 0
      vertex -54.5048 148.322 -4.25
      vertex -54.5048 148.322 0
    endloop
  endfacet
  facet normal 0.858389 0.512999 0
    outer loop
      vertex -54.5048 148.322 -4.25
      vertex -54.3787 148.111 0
      vertex -54.3787 148.111 -4.25
    endloop
  endfacet
  facet normal -0.244452 0.969661 0
    outer loop
      vertex -51.5743 147.108 -4.25
      vertex -51.8123 147.048 0
      vertex -51.5743 147.108 0
    endloop
  endfacet
  facet normal -0.244452 0.969661 0
    outer loop
      vertex -51.8123 147.048 0
      vertex -51.5743 147.108 -4.25
      vertex -51.8123 147.048 -4.25
    endloop
  endfacet
  facet normal 0.595228 0.803557 -0
    outer loop
      vertex -53.6889 147.421 -4.25
      vertex -53.886 147.567 0
      vertex -53.6889 147.421 0
    endloop
  endfacet
  facet normal 0.595228 0.803557 0
    outer loop
      vertex -53.886 147.567 0
      vertex -53.6889 147.421 -4.25
      vertex -53.886 147.567 -4.25
    endloop
  endfacet
  facet normal -0.513776 0.857924 0
    outer loop
      vertex -50.9111 147.421 -4.25
      vertex -51.1215 147.295 0
      vertex -50.9111 147.421 0
    endloop
  endfacet
  facet normal -0.513776 0.857924 0
    outer loop
      vertex -51.1215 147.295 0
      vertex -50.9111 147.421 -4.25
      vertex -51.1215 147.295 -4.25
    endloop
  endfacet
  facet normal -0.803023 0.595949 0
    outer loop
      vertex -50.3675 147.914 -4.25
      vertex -50.2213 148.111 0
      vertex -50.2213 148.111 -4.25
    endloop
  endfacet
  facet normal -0.803023 0.595949 0
    outer loop
      vertex -50.2213 148.111 0
      vertex -50.3675 147.914 -4.25
      vertex -50.3675 147.914 0
    endloop
  endfacet
  facet normal -0.146726 -0.989177 0
    outer loop
      vertex -52.055 151.988 -4.25
      vertex -51.8123 151.952 0
      vertex -52.055 151.988 0
    endloop
  endfacet
  facet normal -0.146726 -0.989177 -0
    outer loop
      vertex -51.8123 151.952 0
      vertex -52.055 151.988 -4.25
      vertex -51.8123 151.952 -4.25
    endloop
  endfacet
  facet normal 0.595228 -0.803557 0
    outer loop
      vertex -53.886 151.433 -4.25
      vertex -53.6889 151.579 0
      vertex -53.886 151.433 0
    endloop
  endfacet
  facet normal 0.595228 -0.803557 0
    outer loop
      vertex -53.6889 151.579 0
      vertex -53.886 151.433 -4.25
      vertex -53.6889 151.579 -4.25
    endloop
  endfacet
  facet normal 0.803023 -0.595949 0
    outer loop
      vertex -54.3787 150.889 0
      vertex -54.2325 151.086 -4.25
      vertex -54.2325 151.086 0
    endloop
  endfacet
  facet normal 0.803023 -0.595949 0
    outer loop
      vertex -54.2325 151.086 -4.25
      vertex -54.3787 150.889 0
      vertex -54.3787 150.889 -4.25
    endloop
  endfacet
  facet normal -0.989203 0.146549 0
    outer loop
      vertex -49.848 149.012 -4.25
      vertex -49.812 149.255 0
      vertex -49.812 149.255 -4.25
    endloop
  endfacet
  facet normal -0.989203 0.146549 0
    outer loop
      vertex -49.812 149.255 0
      vertex -49.848 149.012 -4.25
      vertex -49.848 149.012 0
    endloop
  endfacet
  facet normal 0.941483 -0.337059 0
    outer loop
      vertex -54.6924 150.226 0
      vertex -54.6097 150.457 -4.25
      vertex -54.6097 150.457 0
    endloop
  endfacet
  facet normal 0.941483 -0.337059 0
    outer loop
      vertex -54.6097 150.457 -4.25
      vertex -54.6924 150.226 0
      vertex -54.6924 150.226 -4.25
    endloop
  endfacet
  facet normal -0.427876 -0.903837 0
    outer loop
      vertex -51.3433 151.81 -4.25
      vertex -51.1215 151.705 0
      vertex -51.3433 151.81 0
    endloop
  endfacet
  facet normal -0.427876 -0.903837 -0
    outer loop
      vertex -51.1215 151.705 0
      vertex -51.3433 151.81 -4.25
      vertex -51.1215 151.705 -4.25
    endloop
  endfacet
  facet normal 0.941483 0.337059 0
    outer loop
      vertex -54.6097 148.543 0
      vertex -54.6924 148.774 -4.25
      vertex -54.6924 148.774 0
    endloop
  endfacet
  facet normal 0.941483 0.337059 0
    outer loop
      vertex -54.6924 148.774 -4.25
      vertex -54.6097 148.543 0
      vertex -54.6097 148.543 -4.25
    endloop
  endfacet
  facet normal -0.970047 0.242919 0
    outer loop
      vertex -49.9076 148.774 -4.25
      vertex -49.848 149.012 0
      vertex -49.848 149.012 -4.25
    endloop
  endfacet
  facet normal -0.970047 0.242919 0
    outer loop
      vertex -49.848 149.012 0
      vertex -49.9076 148.774 -4.25
      vertex -49.9076 148.774 0
    endloop
  endfacet
  facet normal 0.0489209 -0.998803 0
    outer loop
      vertex -52.545 151.988 -4.25
      vertex -52.3 152 0
      vertex -52.545 151.988 0
    endloop
  endfacet
  facet normal 0.0489209 -0.998803 0
    outer loop
      vertex -52.3 152 0
      vertex -52.545 151.988 -4.25
      vertex -52.3 152 -4.25
    endloop
  endfacet
  facet normal -0.672064 -0.740493 0
    outer loop
      vertex -50.714 151.433 -4.25
      vertex -50.5322 151.268 0
      vertex -50.714 151.433 0
    endloop
  endfacet
  facet normal -0.672064 -0.740493 -0
    outer loop
      vertex -50.5322 151.268 0
      vertex -50.714 151.433 -4.25
      vertex -50.5322 151.268 -4.25
    endloop
  endfacet
  facet normal 0.427876 -0.903837 0
    outer loop
      vertex -53.4785 151.705 -4.25
      vertex -53.2567 151.81 0
      vertex -53.4785 151.705 0
    endloop
  endfacet
  facet normal 0.427876 -0.903837 0
    outer loop
      vertex -53.2567 151.81 0
      vertex -53.4785 151.705 -4.25
      vertex -53.2567 151.81 -4.25
    endloop
  endfacet
  facet normal 0.672064 -0.740493 0
    outer loop
      vertex -54.0678 151.268 -4.25
      vertex -53.886 151.433 0
      vertex -54.0678 151.268 0
    endloop
  endfacet
  facet normal 0.672064 -0.740493 0
    outer loop
      vertex -53.886 151.433 0
      vertex -54.0678 151.268 -4.25
      vertex -53.886 151.433 -4.25
    endloop
  endfacet
  facet normal -0.334527 0.942386 0
    outer loop
      vertex -51.3433 147.19 -4.25
      vertex -51.5743 147.108 0
      vertex -51.3433 147.19 0
    endloop
  endfacet
  facet normal -0.334527 0.942386 0
    outer loop
      vertex -51.5743 147.108 0
      vertex -51.3433 147.19 -4.25
      vertex -51.5743 147.108 -4.25
    endloop
  endfacet
  facet normal 0.334527 -0.942386 0
    outer loop
      vertex -53.2567 151.81 -4.25
      vertex -53.0257 151.892 0
      vertex -53.2567 151.81 0
    endloop
  endfacet
  facet normal 0.334527 -0.942386 0
    outer loop
      vertex -53.0257 151.892 0
      vertex -53.2567 151.81 -4.25
      vertex -53.0257 151.892 -4.25
    endloop
  endfacet
  facet normal -0.803023 -0.595949 0
    outer loop
      vertex -50.2213 150.889 -4.25
      vertex -50.3675 151.086 0
      vertex -50.3675 151.086 -4.25
    endloop
  endfacet
  facet normal -0.803023 -0.595949 0
    outer loop
      vertex -50.3675 151.086 0
      vertex -50.2213 150.889 -4.25
      vertex -50.2213 150.889 0
    endloop
  endfacet
  facet normal 0.858389 -0.512999 0
    outer loop
      vertex -54.5048 150.678 0
      vertex -54.3787 150.889 -4.25
      vertex -54.3787 150.889 0
    endloop
  endfacet
  facet normal 0.858389 -0.512999 0
    outer loop
      vertex -54.3787 150.889 -4.25
      vertex -54.5048 150.678 0
      vertex -54.5048 150.678 -4.25
    endloop
  endfacet
  facet normal -0.998803 0.0489209 0
    outer loop
      vertex -49.812 149.255 -4.25
      vertex -49.8 149.5 0
      vertex -49.8 149.5 -4.25
    endloop
  endfacet
  facet normal -0.998803 0.0489209 0
    outer loop
      vertex -49.8 149.5 0
      vertex -49.812 149.255 -4.25
      vertex -49.812 149.255 0
    endloop
  endfacet
  facet normal -0.903396 0.428807 0
    outer loop
      vertex -50.0952 148.322 -4.25
      vertex -49.9903 148.543 0
      vertex -49.9903 148.543 -4.25
    endloop
  endfacet
  facet normal -0.903396 0.428807 0
    outer loop
      vertex -49.9903 148.543 0
      vertex -50.0952 148.322 -4.25
      vertex -50.0952 148.322 0
    endloop
  endfacet
  facet normal -0.858389 -0.512999 0
    outer loop
      vertex -50.0952 150.678 -4.25
      vertex -50.2213 150.889 0
      vertex -50.2213 150.889 -4.25
    endloop
  endfacet
  facet normal -0.858389 -0.512999 0
    outer loop
      vertex -50.2213 150.889 0
      vertex -50.0952 150.678 -4.25
      vertex -50.0952 150.678 0
    endloop
  endfacet
  facet normal 0.672064 0.740493 -0
    outer loop
      vertex -53.886 147.567 -4.25
      vertex -54.0678 147.732 0
      vertex -53.886 147.567 0
    endloop
  endfacet
  facet normal 0.672064 0.740493 0
    outer loop
      vertex -54.0678 147.732 0
      vertex -53.886 147.567 -4.25
      vertex -54.0678 147.732 -4.25
    endloop
  endfacet
  facet normal -0.595228 -0.803557 0
    outer loop
      vertex -50.9111 151.579 -4.25
      vertex -50.714 151.433 0
      vertex -50.9111 151.579 0
    endloop
  endfacet
  facet normal -0.595228 -0.803557 -0
    outer loop
      vertex -50.714 151.433 0
      vertex -50.9111 151.579 -4.25
      vertex -50.714 151.433 -4.25
    endloop
  endfacet
  facet normal 0.513776 0.857924 -0
    outer loop
      vertex -53.4785 147.295 -4.25
      vertex -53.6889 147.421 0
      vertex -53.4785 147.295 0
    endloop
  endfacet
  facet normal 0.513776 0.857924 0
    outer loop
      vertex -53.6889 147.421 0
      vertex -53.4785 147.295 -4.25
      vertex -53.6889 147.421 -4.25
    endloop
  endfacet
  facet normal -0.513776 -0.857924 0
    outer loop
      vertex -51.1215 151.705 -4.25
      vertex -50.9111 151.579 0
      vertex -51.1215 151.705 0
    endloop
  endfacet
  facet normal -0.513776 -0.857924 -0
    outer loop
      vertex -50.9111 151.579 0
      vertex -51.1215 151.705 -4.25
      vertex -50.9111 151.579 -4.25
    endloop
  endfacet
  facet normal -0.146726 0.989177 0
    outer loop
      vertex -51.8123 147.048 -4.25
      vertex -52.055 147.012 0
      vertex -51.8123 147.048 0
    endloop
  endfacet
  facet normal -0.146726 0.989177 0
    outer loop
      vertex -52.055 147.012 0
      vertex -51.8123 147.048 -4.25
      vertex -52.055 147.012 -4.25
    endloop
  endfacet
  facet normal -0.941483 -0.337059 0
    outer loop
      vertex -49.9076 150.226 -4.25
      vertex -49.9903 150.457 0
      vertex -49.9903 150.457 -4.25
    endloop
  endfacet
  facet normal -0.941483 -0.337059 0
    outer loop
      vertex -49.9903 150.457 0
      vertex -49.9076 150.226 -4.25
      vertex -49.9076 150.226 0
    endloop
  endfacet
  facet normal -0.858389 0.512999 0
    outer loop
      vertex -50.2213 148.111 -4.25
      vertex -50.0952 148.322 0
      vertex -50.0952 148.322 -4.25
    endloop
  endfacet
  facet normal -0.858389 0.512999 0
    outer loop
      vertex -50.0952 148.322 0
      vertex -50.2213 148.111 -4.25
      vertex -50.2213 148.111 0
    endloop
  endfacet
  facet normal 0.998803 0.0489209 0
    outer loop
      vertex -54.788 149.255 0
      vertex -54.8 149.5 -4.25
      vertex -54.8 149.5 0
    endloop
  endfacet
  facet normal 0.998803 0.0489209 0
    outer loop
      vertex -54.8 149.5 -4.25
      vertex -54.788 149.255 0
      vertex -54.788 149.255 -4.25
    endloop
  endfacet
  facet normal -0.941483 0.337059 0
    outer loop
      vertex -49.9903 148.543 -4.25
      vertex -49.9076 148.774 0
      vertex -49.9076 148.774 -4.25
    endloop
  endfacet
  facet normal -0.941483 0.337059 0
    outer loop
      vertex -49.9076 148.774 0
      vertex -49.9903 148.543 -4.25
      vertex -49.9903 148.543 0
    endloop
  endfacet
  facet normal -0.741468 -0.670988 0
    outer loop
      vertex -50.3675 151.086 -4.25
      vertex -50.5322 151.268 0
      vertex -50.5322 151.268 -4.25
    endloop
  endfacet
  facet normal -0.741468 -0.670988 0
    outer loop
      vertex -50.5322 151.268 0
      vertex -50.3675 151.086 -4.25
      vertex -50.3675 151.086 0
    endloop
  endfacet
  facet normal -0.0489209 -0.998803 0
    outer loop
      vertex -52.3 152 -4.25
      vertex -52.055 151.988 0
      vertex -52.3 152 0
    endloop
  endfacet
  facet normal -0.0489209 -0.998803 -0
    outer loop
      vertex -52.055 151.988 0
      vertex -52.3 152 -4.25
      vertex -52.055 151.988 -4.25
    endloop
  endfacet
  facet normal -0.903396 -0.428807 0
    outer loop
      vertex -49.9903 150.457 -4.25
      vertex -50.0952 150.678 0
      vertex -50.0952 150.678 -4.25
    endloop
  endfacet
  facet normal -0.903396 -0.428807 0
    outer loop
      vertex -50.0952 150.678 0
      vertex -49.9903 150.457 -4.25
      vertex -49.9903 150.457 0
    endloop
  endfacet
  facet normal 0.146726 0.989177 -0
    outer loop
      vertex -52.545 147.012 -4.25
      vertex -52.7877 147.048 0
      vertex -52.545 147.012 0
    endloop
  endfacet
  facet normal 0.146726 0.989177 0
    outer loop
      vertex -52.7877 147.048 0
      vertex -52.545 147.012 -4.25
      vertex -52.7877 147.048 -4.25
    endloop
  endfacet
  facet normal -0.672064 0.740493 0
    outer loop
      vertex -50.5322 147.732 -4.25
      vertex -50.714 147.567 0
      vertex -50.5322 147.732 0
    endloop
  endfacet
  facet normal -0.672064 0.740493 0
    outer loop
      vertex -50.714 147.567 0
      vertex -50.5322 147.732 -4.25
      vertex -50.714 147.567 -4.25
    endloop
  endfacet
  facet normal 0.0489209 0.998803 -0
    outer loop
      vertex -52.3 147 -4.25
      vertex -52.545 147.012 0
      vertex -52.3 147 0
    endloop
  endfacet
  facet normal 0.0489209 0.998803 0
    outer loop
      vertex -52.545 147.012 0
      vertex -52.3 147 -4.25
      vertex -52.545 147.012 -4.25
    endloop
  endfacet
  facet normal 0.741468 -0.670988 0
    outer loop
      vertex -54.2325 151.086 0
      vertex -54.0678 151.268 -4.25
      vertex -54.0678 151.268 0
    endloop
  endfacet
  facet normal 0.741468 -0.670988 0
    outer loop
      vertex -54.0678 151.268 -4.25
      vertex -54.2325 151.086 0
      vertex -54.2325 151.086 -4.25
    endloop
  endfacet
  facet normal 0.146726 -0.989177 0
    outer loop
      vertex -52.7877 151.952 -4.25
      vertex -52.545 151.988 0
      vertex -52.7877 151.952 0
    endloop
  endfacet
  facet normal 0.146726 -0.989177 0
    outer loop
      vertex -52.545 151.988 0
      vertex -52.7877 151.952 -4.25
      vertex -52.545 151.988 -4.25
    endloop
  endfacet
  facet normal 0.903396 -0.428807 0
    outer loop
      vertex -54.6097 150.457 0
      vertex -54.5048 150.678 -4.25
      vertex -54.5048 150.678 0
    endloop
  endfacet
  facet normal 0.903396 -0.428807 0
    outer loop
      vertex -54.5048 150.678 -4.25
      vertex -54.6097 150.457 0
      vertex -54.6097 150.457 -4.25
    endloop
  endfacet
  facet normal 0.970047 -0.242919 0
    outer loop
      vertex -54.752 149.988 0
      vertex -54.6924 150.226 -4.25
      vertex -54.6924 150.226 0
    endloop
  endfacet
  facet normal 0.970047 -0.242919 0
    outer loop
      vertex -54.6924 150.226 -4.25
      vertex -54.752 149.988 0
      vertex -54.752 149.988 -4.25
    endloop
  endfacet
  facet normal -0.244452 -0.969661 0
    outer loop
      vertex -51.8123 151.952 -4.25
      vertex -51.5743 151.892 0
      vertex -51.8123 151.952 0
    endloop
  endfacet
  facet normal -0.244452 -0.969661 -0
    outer loop
      vertex -51.5743 151.892 0
      vertex -51.8123 151.952 -4.25
      vertex -51.5743 151.892 -4.25
    endloop
  endfacet
  facet normal 0.970047 0.242919 0
    outer loop
      vertex -54.6924 148.774 0
      vertex -54.752 149.012 -4.25
      vertex -54.752 149.012 0
    endloop
  endfacet
  facet normal 0.970047 0.242919 0
    outer loop
      vertex -54.752 149.012 -4.25
      vertex -54.6924 148.774 0
      vertex -54.6924 148.774 -4.25
    endloop
  endfacet
  facet normal 0.427876 0.903837 -0
    outer loop
      vertex -53.2567 147.19 -4.25
      vertex -53.4785 147.295 0
      vertex -53.2567 147.19 0
    endloop
  endfacet
  facet normal 0.427876 0.903837 0
    outer loop
      vertex -53.4785 147.295 0
      vertex -53.2567 147.19 -4.25
      vertex -53.4785 147.295 -4.25
    endloop
  endfacet
  facet normal 0.741468 0.670988 0
    outer loop
      vertex -54.0678 147.732 0
      vertex -54.2325 147.914 -4.25
      vertex -54.2325 147.914 0
    endloop
  endfacet
  facet normal 0.741468 0.670988 0
    outer loop
      vertex -54.2325 147.914 -4.25
      vertex -54.0678 147.732 0
      vertex -54.0678 147.732 -4.25
    endloop
  endfacet
  facet normal -0.427876 0.903837 0
    outer loop
      vertex -51.1215 147.295 -4.25
      vertex -51.3433 147.19 0
      vertex -51.1215 147.295 0
    endloop
  endfacet
  facet normal -0.427876 0.903837 0
    outer loop
      vertex -51.3433 147.19 0
      vertex -51.1215 147.295 -4.25
      vertex -51.3433 147.19 -4.25
    endloop
  endfacet
  facet normal -0.0489209 0.998803 0
    outer loop
      vertex -52.055 147.012 -4.25
      vertex -52.3 147 0
      vertex -52.055 147.012 0
    endloop
  endfacet
  facet normal -0.0489209 0.998803 0
    outer loop
      vertex -52.3 147 0
      vertex -52.055 147.012 -4.25
      vertex -52.3 147 -4.25
    endloop
  endfacet
  facet normal 0.989203 0.146549 0
    outer loop
      vertex -54.752 149.012 0
      vertex -54.788 149.255 -4.25
      vertex -54.788 149.255 0
    endloop
  endfacet
  facet normal 0.989203 0.146549 0
    outer loop
      vertex -54.788 149.255 -4.25
      vertex -54.752 149.012 0
      vertex -54.752 149.012 -4.25
    endloop
  endfacet
  facet normal -0.595228 0.803557 0
    outer loop
      vertex -50.714 147.567 -4.25
      vertex -50.9111 147.421 0
      vertex -50.714 147.567 0
    endloop
  endfacet
  facet normal -0.595228 0.803557 0
    outer loop
      vertex -50.9111 147.421 0
      vertex -50.714 147.567 -4.25
      vertex -50.9111 147.421 -4.25
    endloop
  endfacet
  facet normal 0.803023 0.595949 0
    outer loop
      vertex -54.2325 147.914 0
      vertex -54.3787 148.111 -4.25
      vertex -54.3787 148.111 0
    endloop
  endfacet
  facet normal 0.803023 0.595949 0
    outer loop
      vertex -54.3787 148.111 -4.25
      vertex -54.2325 147.914 0
      vertex -54.2325 147.914 -4.25
    endloop
  endfacet
  facet normal 0.998803 -0.0489209 0
    outer loop
      vertex -54.8 149.5 0
      vertex -54.788 149.745 -4.25
      vertex -54.788 149.745 0
    endloop
  endfacet
  facet normal 0.998803 -0.0489209 0
    outer loop
      vertex -54.788 149.745 -4.25
      vertex -54.8 149.5 0
      vertex -54.8 149.5 -4.25
    endloop
  endfacet
  facet normal -0.741468 0.670988 0
    outer loop
      vertex -50.5322 147.732 -4.25
      vertex -50.3675 147.914 0
      vertex -50.3675 147.914 -4.25
    endloop
  endfacet
  facet normal -0.741468 0.670988 0
    outer loop
      vertex -50.3675 147.914 0
      vertex -50.5322 147.732 -4.25
      vertex -50.5322 147.732 0
    endloop
  endfacet
  facet normal -0.70668 -0.0347248 -0.70668
    outer loop
      vertex -47.5728 149.964 -6.5
      vertex -47.55 149.5 -6.5
      vertex -49.8 149.5 -4.25
    endloop
  endfacet
  facet normal 0.686327 -0.171962 -0.706671
    outer loop
      vertex -56.8457 150.878 -6.5
      vertex -54.752 149.988 -4.25
      vertex -56.9587 150.427 -6.5
    endloop
  endfacet
  facet normal 0.172929 0.68595 -0.706801
    outer loop
      vertex -53.6778 144.954 -6.5
      vertex -53.0257 147.108 -4.25
      vertex -52.7877 147.048 -4.25
    endloop
  endfacet
  facet normal 0.499168 0.549084 -0.670327
    outer loop
      vertex -53.0257 147.108 -4.25
      vertex -53.6778 144.954 -6.5
      vertex -53.6789 144.955 -6.5
    endloop
  endfacet
  facet normal -0.0346126 0.706675 -0.706692
    outer loop
      vertex -52.2989 144.75 -6.5
      vertex -52.3 147 -4.25
      vertex -52.055 147.012 -4.25
    endloop
  endfacet
  facet normal 0 0.707107 -0.707107
    outer loop
      vertex -52.3 147 -4.25
      vertex -52.2989 144.75 -6.5
      vertex -52.3 144.75 -6.5
    endloop
  endfacet
  facet normal 0.034992 0.706686 -0.706662
    outer loop
      vertex -52.545 147.012 -4.25
      vertex -52.3011 144.75 -6.5
      vertex -52.7656 144.773 -6.5
    endloop
  endfacet
  facet normal 0.666148 -0.238487 -0.706661
    outer loop
      vertex -54.6924 150.226 -4.25
      vertex -56.8451 150.88 -6.5
      vertex -54.6097 150.457 -4.25
    endloop
  endfacet
  facet normal 0.657756 -0.263102 -0.705787
    outer loop
      vertex -56.8451 150.88 -6.5
      vertex -54.6924 150.226 -4.25
      vertex -56.8455 150.879 -6.5
    endloop
  endfacet
  facet normal 0.70668 0.0347248 -0.70668
    outer loop
      vertex -54.8 149.5 -4.25
      vertex -57.0272 149.036 -6.5
      vertex -57.05 149.5 -6.5
    endloop
  endfacet
  facet normal -0.606882 -0.363673 -0.706708
    outer loop
      vertex -48.35 152.138 -6.5
      vertex -48.1109 151.739 -6.5
      vertex -50.0952 150.678 -4.25
    endloop
  endfacet
  facet normal 0.524548 -0.47483 -0.706672
    outer loop
      vertex -55.6588 152.859 -6.5
      vertex -54.0678 151.268 -4.25
      vertex -55.9711 152.514 -6.5
    endloop
  endfacet
  facet normal 0 0.769061 -0.639175
    outer loop
      vertex -50.9111 147.421 -4.25
      vertex -49.6602 145.551 -6.5
      vertex -49.661 145.551 -6.5
    endloop
  endfacet
  facet normal -0.421149 0.568552 -0.70667
    outer loop
      vertex -49.6602 145.551 -6.5
      vertex -50.9111 147.421 -4.25
      vertex -50.714 147.567 -4.25
    endloop
  endfacet
  facet normal 0 -0.708837 -0.705372
    outer loop
      vertex -52.055 151.988 -4.25
      vertex -51.8355 154.227 -6.5
      vertex -51.8344 154.227 -6.5
    endloop
  endfacet
  facet normal -0.034615 -0.706722 -0.706644
    outer loop
      vertex -51.8355 154.227 -6.5
      vertex -52.055 151.988 -4.25
      vertex -52.3 152 -4.25
    endloop
  endfacet
  facet normal -0.302734 -0.639544 -0.706637
    outer loop
      vertex -50.4813 153.888 -6.5
      vertex -50.0609 153.689 -6.5
      vertex -51.1215 151.705 -4.25
    endloop
  endfacet
  facet normal -0.567972 -0.421944 -0.706663
    outer loop
      vertex -48.6276 152.512 -6.5
      vertex -48.3505 152.139 -6.5
      vertex -50.2213 150.889 -4.25
    endloop
  endfacet
  facet normal -0.580158 -0.40611 -0.706039
    outer loop
      vertex -50.3675 151.086 -4.25
      vertex -48.6289 152.514 -6.5
      vertex -48.6282 152.513 -6.5
    endloop
  endfacet
  facet normal -0.524613 -0.474746 -0.70668
    outer loop
      vertex -48.6289 152.514 -6.5
      vertex -50.3675 151.086 -4.25
      vertex -50.5322 151.268 -4.25
    endloop
  endfacet
  facet normal -0.237484 -0.666477 -0.706689
    outer loop
      vertex -50.9211 154.045 -6.5
      vertex -50.4833 153.889 -6.5
      vertex -51.5743 151.892 -4.25
    endloop
  endfacet
  facet normal 0.238869 -0.666095 -0.706583
    outer loop
      vertex -53.6799 154.045 -6.5
      vertex -53.2567 151.81 -4.25
      vertex -54.1177 153.888 -6.5
    endloop
  endfacet
  facet normal -0.475557 -0.523978 -0.706606
    outer loop
      vertex -50.714 151.433 -4.25
      vertex -49.2858 153.171 -6.5
      vertex -50.5322 151.268 -4.25
    endloop
  endfacet
  facet normal -0.558208 -0.446566 -0.699273
    outer loop
      vertex -49.2858 153.171 -6.5
      vertex -50.714 151.433 -4.25
      vertex -49.2866 153.172 -6.5
    endloop
  endfacet
  facet normal 0.607372 -0.362984 -0.706641
    outer loop
      vertex -56.25 152.138 -6.5
      vertex -54.3787 150.889 -4.25
      vertex -54.5048 150.678 -4.25
    endloop
  endfacet
  facet normal 0.634946 -0.317473 -0.704311
    outer loop
      vertex -54.3787 150.889 -4.25
      vertex -56.25 152.138 -6.5
      vertex -56.2495 152.139 -6.5
    endloop
  endfacet
  facet normal 0.172929 -0.68595 -0.706801
    outer loop
      vertex -53.0257 151.892 -4.25
      vertex -53.6778 154.046 -6.5
      vertex -52.7877 151.952 -4.25
    endloop
  endfacet
  facet normal 0.499168 -0.549084 -0.670327
    outer loop
      vertex -53.6778 154.046 -6.5
      vertex -53.0257 151.892 -4.25
      vertex -53.6789 154.045 -6.5
    endloop
  endfacet
  facet normal -0.171892 -0.686352 -0.706664
    outer loop
      vertex -51.3723 154.158 -6.5
      vertex -50.9211 154.045 -6.5
      vertex -51.5743 151.892 -4.25
    endloop
  endfacet
  facet normal -0.699881 -0.103765 -0.706682
    outer loop
      vertex -47.6411 150.426 -6.5
      vertex -47.5729 149.966 -6.5
      vertex -49.812 149.745 -4.25
    endloop
  endfacet
  facet normal 0.699883 0.103686 -0.706692
    outer loop
      vertex -57.027 149.033 -6.5
      vertex -54.788 149.255 -4.25
      vertex -54.752 149.012 -4.25
    endloop
  endfacet
  facet normal 0.703601 0.0703601 -0.707103
    outer loop
      vertex -54.788 149.255 -4.25
      vertex -57.027 149.033 -6.5
      vertex -57.0271 149.034 -6.5
    endloop
  endfacet
  facet normal -0.666189 0.238337 -0.706674
    outer loop
      vertex -47.7549 148.12 -6.5
      vertex -47.9116 147.682 -6.5
      vertex -49.9903 148.543 -4.25
    endloop
  endfacet
  facet normal 0.302734 -0.639544 -0.706637
    outer loop
      vertex -54.1187 153.888 -6.5
      vertex -53.4785 151.705 -4.25
      vertex -54.5391 153.689 -6.5
    endloop
  endfacet
  facet normal 0.236662 -0.666693 -0.706762
    outer loop
      vertex -53.6799 154.045 -6.5
      vertex -53.0257 151.892 -4.25
      vertex -53.2567 151.81 -4.25
    endloop
  endfacet
  facet normal 0 -0.722509 -0.691361
    outer loop
      vertex -53.0257 151.892 -4.25
      vertex -53.6799 154.045 -6.5
      vertex -53.6789 154.045 -6.5
    endloop
  endfacet
  facet normal -0.656563 0.262625 -0.707074
    outer loop
      vertex -47.912 147.681 -6.5
      vertex -49.9903 148.543 -4.25
      vertex -47.9116 147.682 -6.5
    endloop
  endfacet
  facet normal -0.639201 0.303404 -0.70666
    outer loop
      vertex -49.9903 148.543 -4.25
      vertex -47.912 147.681 -6.5
      vertex -50.0952 148.322 -4.25
    endloop
  endfacet
  facet normal 0.421419 0.568383 -0.706645
    outer loop
      vertex -53.886 147.567 -4.25
      vertex -54.9398 145.551 -6.5
      vertex -55.3134 145.828 -6.5
    endloop
  endfacet
  facet normal 0.421149 -0.568552 -0.70667
    outer loop
      vertex -54.9398 153.449 -6.5
      vertex -53.6889 151.579 -4.25
      vertex -53.886 151.433 -4.25
    endloop
  endfacet
  facet normal 0 -0.769061 -0.639175
    outer loop
      vertex -53.6889 151.579 -4.25
      vertex -54.9398 153.449 -6.5
      vertex -54.939 153.449 -6.5
    endloop
  endfacet
  facet normal 0.699883 -0.103686 -0.706692
    outer loop
      vertex -54.788 149.745 -4.25
      vertex -57.027 149.967 -6.5
      vertex -54.752 149.988 -4.25
    endloop
  endfacet
  facet normal 0.703601 -0.0703601 -0.707103
    outer loop
      vertex -57.027 149.967 -6.5
      vertex -54.788 149.745 -4.25
      vertex -57.0271 149.966 -6.5
    endloop
  endfacet
  facet normal 0.0349914 -0.706674 -0.706674
    outer loop
      vertex -52.3 154.25 -6.5
      vertex -52.3 152 -4.25
      vertex -52.7645 154.227 -6.5
    endloop
  endfacet
  facet normal 0.363542 0.607058 -0.706625
    outer loop
      vertex -54.938 145.55 -6.5
      vertex -53.6889 147.421 -4.25
      vertex -53.4785 147.295 -4.25
    endloop
  endfacet
  facet normal 0.504885 0.504885 -0.70013
    outer loop
      vertex -53.6889 147.421 -4.25
      vertex -54.938 145.55 -6.5
      vertex -54.939 145.551 -6.5
    endloop
  endfacet
  facet normal -0.171892 0.686352 -0.706664
    outer loop
      vertex -50.9211 144.955 -6.5
      vertex -51.3723 144.842 -6.5
      vertex -51.5743 147.108 -4.25
    endloop
  endfacet
  facet normal -0.657756 -0.263102 -0.705787
    outer loop
      vertex -49.9076 150.226 -4.25
      vertex -47.7549 150.88 -6.5
      vertex -47.7545 150.879 -6.5
    endloop
  endfacet
  facet normal -0.666148 -0.238487 -0.706661
    outer loop
      vertex -47.7549 150.88 -6.5
      vertex -49.9076 150.226 -4.25
      vertex -49.9903 150.457 -4.25
    endloop
  endfacet
  facet normal 0.666189 -0.238337 -0.706674
    outer loop
      vertex -56.6884 151.318 -6.5
      vertex -54.6097 150.457 -4.25
      vertex -56.8451 150.88 -6.5
    endloop
  endfacet
  facet normal 0.639201 -0.303404 -0.70666
    outer loop
      vertex -54.6097 150.457 -4.25
      vertex -56.688 151.319 -6.5
      vertex -54.5048 150.678 -4.25
    endloop
  endfacet
  facet normal 0.656563 -0.262625 -0.707074
    outer loop
      vertex -56.688 151.319 -6.5
      vertex -54.6097 150.457 -4.25
      vertex -56.6884 151.318 -6.5
    endloop
  endfacet
  facet normal 0.10347 -0.699942 -0.706665
    outer loop
      vertex -52.7656 154.227 -6.5
      vertex -52.545 151.988 -4.25
      vertex -53.2256 154.159 -6.5
    endloop
  endfacet
  facet normal -0.504885 -0.504885 -0.70013
    outer loop
      vertex -50.9111 151.579 -4.25
      vertex -49.662 153.45 -6.5
      vertex -49.661 153.449 -6.5
    endloop
  endfacet
  facet normal -0.363542 -0.607058 -0.706625
    outer loop
      vertex -49.662 153.45 -6.5
      vertex -50.9111 151.579 -4.25
      vertex -51.1215 151.705 -4.25
    endloop
  endfacet
  facet normal -0.568201 -0.42168 -0.706635
    outer loop
      vertex -50.3675 151.086 -4.25
      vertex -48.6276 152.512 -6.5
      vertex -50.2213 150.889 -4.25
    endloop
  endfacet
  facet normal -0.609633 -0.36578 -0.703245
    outer loop
      vertex -48.6276 152.512 -6.5
      vertex -50.3675 151.086 -4.25
      vertex -48.6282 152.513 -6.5
    endloop
  endfacet
  facet normal 0.171915 -0.686291 -0.706718
    outer loop
      vertex -53.2267 154.159 -6.5
      vertex -52.7877 151.952 -4.25
      vertex -53.6778 154.046 -6.5
    endloop
  endfacet
  facet normal 0.706642 0.0353321 -0.706689
    outer loop
      vertex -57.0272 149.036 -6.5
      vertex -54.788 149.255 -4.25
      vertex -57.0271 149.034 -6.5
    endloop
  endfacet
  facet normal 0.706695 0.0346136 -0.706672
    outer loop
      vertex -54.788 149.255 -4.25
      vertex -57.0272 149.036 -6.5
      vertex -54.8 149.5 -4.25
    endloop
  endfacet
  facet normal 0.363542 -0.607058 -0.706625
    outer loop
      vertex -53.6889 151.579 -4.25
      vertex -54.938 153.45 -6.5
      vertex -53.4785 151.705 -4.25
    endloop
  endfacet
  facet normal 0.504885 -0.504885 -0.70013
    outer loop
      vertex -54.938 153.45 -6.5
      vertex -53.6889 151.579 -4.25
      vertex -54.939 153.449 -6.5
    endloop
  endfacet
  facet normal 0.567972 -0.421944 -0.706663
    outer loop
      vertex -55.9724 152.512 -6.5
      vertex -54.3787 150.889 -4.25
      vertex -56.2495 152.139 -6.5
    endloop
  endfacet
  facet normal 0.421419 -0.568383 -0.706645
    outer loop
      vertex -54.9398 153.449 -6.5
      vertex -53.886 151.433 -4.25
      vertex -55.3134 153.172 -6.5
    endloop
  endfacet
  facet normal -0.70668 0.0347248 -0.70668
    outer loop
      vertex -47.55 149.5 -6.5
      vertex -47.5728 149.036 -6.5
      vertex -49.8 149.5 -4.25
    endloop
  endfacet
  facet normal -0.543689 0.543689 -0.639378
    outer loop
      vertex -51.8123 147.048 -4.25
      vertex -51.3723 144.842 -6.5
      vertex -51.3733 144.841 -6.5
    endloop
  endfacet
  facet normal -0.172983 0.686167 -0.706577
    outer loop
      vertex -51.3723 144.842 -6.5
      vertex -51.8123 147.048 -4.25
      vertex -51.5743 147.108 -4.25
    endloop
  endfacet
  facet normal -0.639426 0.302814 -0.70671
    outer loop
      vertex -47.912 147.681 -6.5
      vertex -48.1109 147.261 -6.5
      vertex -50.0952 148.322 -4.25
    endloop
  endfacet
  facet normal 0.568201 -0.42168 -0.706635
    outer loop
      vertex -55.9724 152.512 -6.5
      vertex -54.2325 151.086 -4.25
      vertex -54.3787 150.889 -4.25
    endloop
  endfacet
  facet normal 0.609633 -0.36578 -0.703245
    outer loop
      vertex -54.2325 151.086 -4.25
      vertex -55.9724 152.512 -6.5
      vertex -55.9718 152.513 -6.5
    endloop
  endfacet
  facet normal -0.686324 -0.171962 -0.706674
    outer loop
      vertex -47.7545 150.879 -6.5
      vertex -47.6415 150.428 -6.5
      vertex -49.9076 150.226 -4.25
    endloop
  endfacet
  facet normal -0.693384 0.138677 -0.707098
    outer loop
      vertex -47.6415 148.572 -6.5
      vertex -49.848 149.012 -4.25
      vertex -47.6413 148.573 -6.5
    endloop
  endfacet
  facet normal -0.686339 0.171873 -0.706681
    outer loop
      vertex -49.848 149.012 -4.25
      vertex -47.6415 148.572 -6.5
      vertex -49.9076 148.774 -4.25
    endloop
  endfacet
  facet normal 0 -0.713896 -0.700252
    outer loop
      vertex -51.8123 151.952 -4.25
      vertex -51.3744 154.159 -6.5
      vertex -51.3733 154.159 -6.5
    endloop
  endfacet
  facet normal -0.103812 -0.699864 -0.706692
    outer loop
      vertex -51.3744 154.159 -6.5
      vertex -51.8123 151.952 -4.25
      vertex -52.055 151.988 -4.25
    endloop
  endfacet
  facet normal 0.302756 -0.639535 -0.706635
    outer loop
      vertex -54.1187 153.888 -6.5
      vertex -53.2567 151.81 -4.25
      vertex -53.4785 151.705 -4.25
    endloop
  endfacet
  facet normal 0 -0.734628 -0.67847
    outer loop
      vertex -53.2567 151.81 -4.25
      vertex -54.1187 153.888 -6.5
      vertex -54.1177 153.888 -6.5
    endloop
  endfacet
  facet normal 0.524613 -0.474746 -0.70668
    outer loop
      vertex -54.2325 151.086 -4.25
      vertex -55.9711 152.514 -6.5
      vertex -54.0678 151.268 -4.25
    endloop
  endfacet
  facet normal 0.580158 -0.40611 -0.706039
    outer loop
      vertex -55.9711 152.514 -6.5
      vertex -54.2325 151.086 -4.25
      vertex -55.9718 152.513 -6.5
    endloop
  endfacet
  facet normal -0.474881 -0.5245 -0.706674
    outer loop
      vertex -49.2858 153.171 -6.5
      vertex -48.9412 152.859 -6.5
      vertex -50.5322 151.268 -4.25
    endloop
  endfacet
  facet normal 0.363665 0.60697 -0.706636
    outer loop
      vertex -53.4785 147.295 -4.25
      vertex -54.5391 145.311 -6.5
      vertex -54.938 145.55 -6.5
    endloop
  endfacet
  facet normal -0.686324 0.171962 -0.706674
    outer loop
      vertex -47.6415 148.572 -6.5
      vertex -47.7545 148.121 -6.5
      vertex -49.9076 148.774 -4.25
    endloop
  endfacet
  facet normal -0.524548 0.47483 -0.706672
    outer loop
      vertex -48.6289 146.486 -6.5
      vertex -48.9412 146.141 -6.5
      vertex -50.5322 147.732 -4.25
    endloop
  endfacet
  facet normal 0.706695 -0.0346136 -0.706672
    outer loop
      vertex -57.0272 149.964 -6.5
      vertex -54.788 149.745 -4.25
      vertex -54.8 149.5 -4.25
    endloop
  endfacet
  facet normal 0.706642 -0.0353321 -0.706689
    outer loop
      vertex -54.788 149.745 -4.25
      vertex -57.0272 149.964 -6.5
      vertex -57.0271 149.966 -6.5
    endloop
  endfacet
  facet normal 0.606882 -0.363673 -0.706708
    outer loop
      vertex -56.25 152.138 -6.5
      vertex -54.5048 150.678 -4.25
      vertex -56.4891 151.739 -6.5
    endloop
  endfacet
  facet normal -0.363665 -0.60697 -0.706636
    outer loop
      vertex -50.0609 153.689 -6.5
      vertex -49.662 153.45 -6.5
      vertex -51.1215 151.705 -4.25
    endloop
  endfacet
  facet normal -0.10347 0.699942 -0.706665
    outer loop
      vertex -51.3744 144.841 -6.5
      vertex -51.8344 144.773 -6.5
      vertex -52.055 147.012 -4.25
    endloop
  endfacet
  facet normal -0.302734 0.639544 -0.706637
    outer loop
      vertex -50.0609 145.311 -6.5
      vertex -50.4813 145.112 -6.5
      vertex -51.1215 147.295 -4.25
    endloop
  endfacet
  facet normal -0.699898 -0.103689 -0.706676
    outer loop
      vertex -49.848 149.988 -4.25
      vertex -47.6411 150.426 -6.5
      vertex -49.812 149.745 -4.25
    endloop
  endfacet
  facet normal -0.693384 -0.138677 -0.707098
    outer loop
      vertex -47.6411 150.426 -6.5
      vertex -49.848 149.988 -4.25
      vertex -47.6413 150.427 -6.5
    endloop
  endfacet
  facet normal 0.10347 0.699942 -0.706665
    outer loop
      vertex -52.545 147.012 -4.25
      vertex -52.7656 144.773 -6.5
      vertex -53.2256 144.841 -6.5
    endloop
  endfacet
  facet normal 0.103812 0.699864 -0.706692
    outer loop
      vertex -53.2256 144.841 -6.5
      vertex -52.7877 147.048 -4.25
      vertex -52.545 147.012 -4.25
    endloop
  endfacet
  facet normal 0 0.713896 -0.700252
    outer loop
      vertex -52.7877 147.048 -4.25
      vertex -53.2256 144.841 -6.5
      vertex -53.2267 144.841 -6.5
    endloop
  endfacet
  facet normal 0.606882 0.363673 -0.706708
    outer loop
      vertex -54.5048 148.322 -4.25
      vertex -56.25 146.862 -6.5
      vertex -56.4891 147.261 -6.5
    endloop
  endfacet
  facet normal -0.519439 0.519439 -0.678503
    outer loop
      vertex -50.4833 145.111 -6.5
      vertex -51.3433 147.19 -4.25
      vertex -50.4823 145.112 -6.5
    endloop
  endfacet
  facet normal -0.236708 0.666825 -0.706621
    outer loop
      vertex -51.3433 147.19 -4.25
      vertex -50.4833 145.111 -6.5
      vertex -51.5743 147.108 -4.25
    endloop
  endfacet
  facet normal 0.639426 -0.302814 -0.70671
    outer loop
      vertex -56.4891 151.739 -6.5
      vertex -54.5048 150.678 -4.25
      vertex -56.688 151.319 -6.5
    endloop
  endfacet
  facet normal 0.567972 0.421944 -0.706663
    outer loop
      vertex -54.3787 148.111 -4.25
      vertex -55.9724 146.488 -6.5
      vertex -56.2495 146.861 -6.5
    endloop
  endfacet
  facet normal -0.666189 -0.238337 -0.706674
    outer loop
      vertex -47.9116 151.318 -6.5
      vertex -47.7549 150.88 -6.5
      vertex -49.9903 150.457 -4.25
    endloop
  endfacet
  facet normal -0.656563 -0.262625 -0.707074
    outer loop
      vertex -49.9903 150.457 -4.25
      vertex -47.912 151.319 -6.5
      vertex -47.9116 151.318 -6.5
    endloop
  endfacet
  facet normal -0.639201 -0.303404 -0.70666
    outer loop
      vertex -47.912 151.319 -6.5
      vertex -49.9903 150.457 -4.25
      vertex -50.0952 150.678 -4.25
    endloop
  endfacet
  facet normal -0.363665 0.60697 -0.706636
    outer loop
      vertex -49.662 145.55 -6.5
      vertex -50.0609 145.311 -6.5
      vertex -51.1215 147.295 -4.25
    endloop
  endfacet
  facet normal 0.238869 0.666095 -0.706583
    outer loop
      vertex -53.2567 147.19 -4.25
      vertex -53.6799 144.955 -6.5
      vertex -54.1177 145.112 -6.5
    endloop
  endfacet
  facet normal -0.567972 0.421944 -0.706663
    outer loop
      vertex -48.3505 146.861 -6.5
      vertex -48.6276 146.488 -6.5
      vertex -50.2213 148.111 -4.25
    endloop
  endfacet
  facet normal 0.686327 0.171962 -0.706671
    outer loop
      vertex -54.752 149.012 -4.25
      vertex -56.8457 148.122 -6.5
      vertex -56.9587 148.573 -6.5
    endloop
  endfacet
  facet normal 0.70668 -0.0347248 -0.70668
    outer loop
      vertex -57.0272 149.964 -6.5
      vertex -54.8 149.5 -4.25
      vertex -57.05 149.5 -6.5
    endloop
  endfacet
  facet normal -0.699881 0.103765 -0.706682
    outer loop
      vertex -47.5729 149.034 -6.5
      vertex -47.6411 148.574 -6.5
      vertex -49.812 149.255 -4.25
    endloop
  endfacet
  facet normal -0.706642 0.0353321 -0.706689
    outer loop
      vertex -49.812 149.255 -4.25
      vertex -47.5728 149.036 -6.5
      vertex -47.5729 149.034 -6.5
    endloop
  endfacet
  facet normal -0.706695 0.0346136 -0.706672
    outer loop
      vertex -47.5728 149.036 -6.5
      vertex -49.812 149.255 -4.25
      vertex -49.8 149.5 -4.25
    endloop
  endfacet
  facet normal 0.103812 -0.699864 -0.706692
    outer loop
      vertex -52.7877 151.952 -4.25
      vertex -53.2256 154.159 -6.5
      vertex -52.545 151.988 -4.25
    endloop
  endfacet
  facet normal -0 -0.713896 -0.700252
    outer loop
      vertex -53.2256 154.159 -6.5
      vertex -52.7877 151.952 -4.25
      vertex -53.2267 154.159 -6.5
    endloop
  endfacet
  facet normal -0.558208 0.446566 -0.699273
    outer loop
      vertex -50.714 147.567 -4.25
      vertex -49.2858 145.829 -6.5
      vertex -49.2866 145.828 -6.5
    endloop
  endfacet
  facet normal -0.475557 0.523978 -0.706606
    outer loop
      vertex -49.2858 145.829 -6.5
      vertex -50.714 147.567 -4.25
      vertex -50.5322 147.732 -4.25
    endloop
  endfacet
  facet normal 0.474881 -0.5245 -0.706674
    outer loop
      vertex -55.3142 153.171 -6.5
      vertex -54.0678 151.268 -4.25
      vertex -55.6588 152.859 -6.5
    endloop
  endfacet
  facet normal 0.363665 -0.60697 -0.706636
    outer loop
      vertex -54.5391 153.689 -6.5
      vertex -53.4785 151.705 -4.25
      vertex -54.938 153.45 -6.5
    endloop
  endfacet
  facet normal -0.034992 0.706686 -0.706662
    outer loop
      vertex -52.055 147.012 -4.25
      vertex -51.8344 144.773 -6.5
      vertex -52.2989 144.75 -6.5
    endloop
  endfacet
  facet normal -0.474881 0.5245 -0.706674
    outer loop
      vertex -48.9412 146.141 -6.5
      vertex -49.2858 145.829 -6.5
      vertex -50.5322 147.732 -4.25
    endloop
  endfacet
  facet normal -0.421149 -0.568552 -0.70667
    outer loop
      vertex -50.9111 151.579 -4.25
      vertex -49.6602 153.449 -6.5
      vertex -50.714 151.433 -4.25
    endloop
  endfacet
  facet normal -0 -0.769061 -0.639175
    outer loop
      vertex -49.6602 153.449 -6.5
      vertex -50.9111 151.579 -4.25
      vertex -49.661 153.449 -6.5
    endloop
  endfacet
  facet normal -0.639426 -0.302814 -0.70671
    outer loop
      vertex -48.1109 151.739 -6.5
      vertex -47.912 151.319 -6.5
      vertex -50.0952 150.678 -4.25
    endloop
  endfacet
  facet normal -0.609633 0.36578 -0.703245
    outer loop
      vertex -50.3675 147.914 -4.25
      vertex -48.6276 146.488 -6.5
      vertex -48.6282 146.487 -6.5
    endloop
  endfacet
  facet normal -0.568201 0.42168 -0.706635
    outer loop
      vertex -48.6276 146.488 -6.5
      vertex -50.3675 147.914 -4.25
      vertex -50.2213 148.111 -4.25
    endloop
  endfacet
  facet normal 0 0.713896 -0.700252
    outer loop
      vertex -51.3744 144.841 -6.5
      vertex -51.8123 147.048 -4.25
      vertex -51.3733 144.841 -6.5
    endloop
  endfacet
  facet normal -0.103812 0.699864 -0.706692
    outer loop
      vertex -51.8123 147.048 -4.25
      vertex -51.3744 144.841 -6.5
      vertex -52.055 147.012 -4.25
    endloop
  endfacet
  facet normal -0.606882 0.363673 -0.706708
    outer loop
      vertex -48.1109 147.261 -6.5
      vertex -48.35 146.862 -6.5
      vertex -50.0952 148.322 -4.25
    endloop
  endfacet
  facet normal -0.519439 -0.519439 -0.678503
    outer loop
      vertex -51.3433 151.81 -4.25
      vertex -50.4833 153.889 -6.5
      vertex -50.4823 153.888 -6.5
    endloop
  endfacet
  facet normal -0.236708 -0.666825 -0.706621
    outer loop
      vertex -50.4833 153.889 -6.5
      vertex -51.3433 151.81 -4.25
      vertex -51.5743 151.892 -4.25
    endloop
  endfacet
  facet normal 0 0.769061 -0.639175
    outer loop
      vertex -54.9398 145.551 -6.5
      vertex -53.6889 147.421 -4.25
      vertex -54.939 145.551 -6.5
    endloop
  endfacet
  facet normal 0.421149 0.568552 -0.70667
    outer loop
      vertex -53.6889 147.421 -4.25
      vertex -54.9398 145.551 -6.5
      vertex -53.886 147.567 -4.25
    endloop
  endfacet
  facet normal -0.524548 -0.47483 -0.706672
    outer loop
      vertex -48.9412 152.859 -6.5
      vertex -48.6289 152.514 -6.5
      vertex -50.5322 151.268 -4.25
    endloop
  endfacet
  facet normal 0.558208 0.446566 -0.699273
    outer loop
      vertex -55.3142 145.829 -6.5
      vertex -53.886 147.567 -4.25
      vertex -55.3134 145.828 -6.5
    endloop
  endfacet
  facet normal 0.475557 0.523978 -0.706606
    outer loop
      vertex -53.886 147.567 -4.25
      vertex -55.3142 145.829 -6.5
      vertex -54.0678 147.732 -4.25
    endloop
  endfacet
  facet normal 0.686356 -0.171877 -0.706664
    outer loop
      vertex -56.8457 150.878 -6.5
      vertex -54.6924 150.226 -4.25
      vertex -54.752 149.988 -4.25
    endloop
  endfacet
  facet normal 0.695018 -0.139004 -0.705428
    outer loop
      vertex -54.6924 150.226 -4.25
      vertex -56.8457 150.878 -6.5
      vertex -56.8455 150.879 -6.5
    endloop
  endfacet
  facet normal 0.699867 -0.103915 -0.706674
    outer loop
      vertex -56.9587 150.427 -6.5
      vertex -54.752 149.988 -4.25
      vertex -57.027 149.967 -6.5
    endloop
  endfacet
  facet normal -0.10347 -0.699942 -0.706665
    outer loop
      vertex -51.8344 154.227 -6.5
      vertex -51.3744 154.159 -6.5
      vertex -52.055 151.988 -4.25
    endloop
  endfacet
  facet normal -0.0349914 -0.706674 -0.706674
    outer loop
      vertex -52.3 154.25 -6.5
      vertex -51.8355 154.227 -6.5
      vertex -52.3 152 -4.25
    endloop
  endfacet
  facet normal 0.639426 0.302814 -0.70671
    outer loop
      vertex -54.5048 148.322 -4.25
      vertex -56.4891 147.261 -6.5
      vertex -56.688 147.681 -6.5
    endloop
  endfacet
  facet normal -0.504885 0.504885 -0.70013
    outer loop
      vertex -49.662 145.55 -6.5
      vertex -50.9111 147.421 -4.25
      vertex -49.661 145.551 -6.5
    endloop
  endfacet
  facet normal -0.363542 0.607058 -0.706625
    outer loop
      vertex -50.9111 147.421 -4.25
      vertex -49.662 145.55 -6.5
      vertex -51.1215 147.295 -4.25
    endloop
  endfacet
  facet normal -0.634946 0.317473 -0.704311
    outer loop
      vertex -50.2213 148.111 -4.25
      vertex -48.35 146.862 -6.5
      vertex -48.3505 146.861 -6.5
    endloop
  endfacet
  facet normal -0.607372 0.362984 -0.706641
    outer loop
      vertex -48.35 146.862 -6.5
      vertex -50.2213 148.111 -4.25
      vertex -50.0952 148.322 -4.25
    endloop
  endfacet
  facet normal -0.580158 0.40611 -0.706039
    outer loop
      vertex -48.6289 146.486 -6.5
      vertex -50.3675 147.914 -4.25
      vertex -48.6282 146.487 -6.5
    endloop
  endfacet
  facet normal -0.524613 0.474746 -0.70668
    outer loop
      vertex -50.3675 147.914 -4.25
      vertex -48.6289 146.486 -6.5
      vertex -50.5322 147.732 -4.25
    endloop
  endfacet
  facet normal -0.657756 0.263102 -0.705787
    outer loop
      vertex -47.7549 148.12 -6.5
      vertex -49.9076 148.774 -4.25
      vertex -47.7545 148.121 -6.5
    endloop
  endfacet
  facet normal -0.666148 0.238487 -0.706661
    outer loop
      vertex -49.9076 148.774 -4.25
      vertex -47.7549 148.12 -6.5
      vertex -49.9903 148.543 -4.25
    endloop
  endfacet
  facet normal 0.666148 0.238487 -0.706661
    outer loop
      vertex -56.8451 148.12 -6.5
      vertex -54.6924 148.774 -4.25
      vertex -54.6097 148.543 -4.25
    endloop
  endfacet
  facet normal 0.657756 0.263102 -0.705787
    outer loop
      vertex -54.6924 148.774 -4.25
      vertex -56.8451 148.12 -6.5
      vertex -56.8455 148.121 -6.5
    endloop
  endfacet
  facet normal 0.302734 0.639544 -0.706637
    outer loop
      vertex -53.4785 147.295 -4.25
      vertex -54.1187 145.112 -6.5
      vertex -54.5391 145.311 -6.5
    endloop
  endfacet
  facet normal 0.474881 0.5245 -0.706674
    outer loop
      vertex -54.0678 147.732 -4.25
      vertex -55.3142 145.829 -6.5
      vertex -55.6588 146.141 -6.5
    endloop
  endfacet
  facet normal 0.171915 0.686291 -0.706718
    outer loop
      vertex -52.7877 147.048 -4.25
      vertex -53.2267 144.841 -6.5
      vertex -53.6778 144.954 -6.5
    endloop
  endfacet
  facet normal 0.524548 0.47483 -0.706672
    outer loop
      vertex -54.0678 147.732 -4.25
      vertex -55.6588 146.141 -6.5
      vertex -55.9711 146.486 -6.5
    endloop
  endfacet
  facet normal -0.706695 -0.0346136 -0.706672
    outer loop
      vertex -49.812 149.745 -4.25
      vertex -47.5728 149.964 -6.5
      vertex -49.8 149.5 -4.25
    endloop
  endfacet
  facet normal -0.706642 -0.0353321 -0.706689
    outer loop
      vertex -47.5728 149.964 -6.5
      vertex -49.812 149.745 -4.25
      vertex -47.5729 149.966 -6.5
    endloop
  endfacet
  facet normal -0.693384 0.138677 -0.707098
    outer loop
      vertex -49.848 149.012 -4.25
      vertex -47.6411 148.574 -6.5
      vertex -47.6413 148.573 -6.5
    endloop
  endfacet
  facet normal -0.699898 0.103689 -0.706676
    outer loop
      vertex -47.6411 148.574 -6.5
      vertex -49.848 149.012 -4.25
      vertex -49.812 149.255 -4.25
    endloop
  endfacet
  facet normal 0.524613 0.474746 -0.70668
    outer loop
      vertex -55.9711 146.486 -6.5
      vertex -54.2325 147.914 -4.25
      vertex -54.0678 147.732 -4.25
    endloop
  endfacet
  facet normal 0.580158 0.40611 -0.706039
    outer loop
      vertex -54.2325 147.914 -4.25
      vertex -55.9711 146.486 -6.5
      vertex -55.9718 146.487 -6.5
    endloop
  endfacet
  facet normal -0.172983 -0.686167 -0.706577
    outer loop
      vertex -51.8123 151.952 -4.25
      vertex -51.3723 154.158 -6.5
      vertex -51.5743 151.892 -4.25
    endloop
  endfacet
  facet normal -0.543689 -0.543689 -0.639378
    outer loop
      vertex -51.3723 154.158 -6.5
      vertex -51.8123 151.952 -4.25
      vertex -51.3733 154.159 -6.5
    endloop
  endfacet
  facet normal 0.475557 -0.523978 -0.706606
    outer loop
      vertex -55.3142 153.171 -6.5
      vertex -53.886 151.433 -4.25
      vertex -54.0678 151.268 -4.25
    endloop
  endfacet
  facet normal 0.558208 -0.446566 -0.699273
    outer loop
      vertex -53.886 151.433 -4.25
      vertex -55.3142 153.171 -6.5
      vertex -55.3134 153.172 -6.5
    endloop
  endfacet
  facet normal -0.237484 0.666477 -0.706689
    outer loop
      vertex -50.4833 145.111 -6.5
      vertex -50.9211 144.955 -6.5
      vertex -51.5743 147.108 -4.25
    endloop
  endfacet
  facet normal 0.634946 0.317473 -0.704311
    outer loop
      vertex -56.25 146.862 -6.5
      vertex -54.3787 148.111 -4.25
      vertex -56.2495 146.861 -6.5
    endloop
  endfacet
  facet normal 0.607372 0.362984 -0.706641
    outer loop
      vertex -54.3787 148.111 -4.25
      vertex -56.25 146.862 -6.5
      vertex -54.5048 148.322 -4.25
    endloop
  endfacet
  facet normal 0.666189 0.238337 -0.706674
    outer loop
      vertex -54.6097 148.543 -4.25
      vertex -56.6884 147.682 -6.5
      vertex -56.8451 148.12 -6.5
    endloop
  endfacet
  facet normal 0.699867 0.103915 -0.706674
    outer loop
      vertex -54.752 149.012 -4.25
      vertex -56.9587 148.573 -6.5
      vertex -57.027 149.033 -6.5
    endloop
  endfacet
  facet normal -0.421419 -0.568383 -0.706645
    outer loop
      vertex -49.6602 153.449 -6.5
      vertex -49.2866 153.172 -6.5
      vertex -50.714 151.433 -4.25
    endloop
  endfacet
  facet normal -0.693384 -0.138677 -0.707098
    outer loop
      vertex -49.848 149.988 -4.25
      vertex -47.6415 150.428 -6.5
      vertex -47.6413 150.427 -6.5
    endloop
  endfacet
  facet normal -0.686339 -0.171873 -0.706681
    outer loop
      vertex -47.6415 150.428 -6.5
      vertex -49.848 149.988 -4.25
      vertex -49.9076 150.226 -4.25
    endloop
  endfacet
  facet normal 0.609633 0.36578 -0.703245
    outer loop
      vertex -55.9724 146.488 -6.5
      vertex -54.2325 147.914 -4.25
      vertex -55.9718 146.487 -6.5
    endloop
  endfacet
  facet normal 0.568201 0.42168 -0.706635
    outer loop
      vertex -54.2325 147.914 -4.25
      vertex -55.9724 146.488 -6.5
      vertex -54.3787 148.111 -4.25
    endloop
  endfacet
  facet normal -0.302756 -0.639535 -0.706635
    outer loop
      vertex -51.3433 151.81 -4.25
      vertex -50.4813 153.888 -6.5
      vertex -51.1215 151.705 -4.25
    endloop
  endfacet
  facet normal -0 -0.734628 -0.67847
    outer loop
      vertex -50.4813 153.888 -6.5
      vertex -51.3433 151.81 -4.25
      vertex -50.4823 153.888 -6.5
    endloop
  endfacet
  facet normal 0 0.734628 -0.67847
    outer loop
      vertex -54.1187 145.112 -6.5
      vertex -53.2567 147.19 -4.25
      vertex -54.1177 145.112 -6.5
    endloop
  endfacet
  facet normal 0.302756 0.639535 -0.706635
    outer loop
      vertex -53.2567 147.19 -4.25
      vertex -54.1187 145.112 -6.5
      vertex -53.4785 147.295 -4.25
    endloop
  endfacet
  facet normal -0.421419 0.568383 -0.706645
    outer loop
      vertex -49.2866 145.828 -6.5
      vertex -49.6602 145.551 -6.5
      vertex -50.714 147.567 -4.25
    endloop
  endfacet
  facet normal 0.639201 0.303404 -0.70666
    outer loop
      vertex -56.688 147.681 -6.5
      vertex -54.6097 148.543 -4.25
      vertex -54.5048 148.322 -4.25
    endloop
  endfacet
  facet normal 0.656563 0.262625 -0.707074
    outer loop
      vertex -54.6097 148.543 -4.25
      vertex -56.688 147.681 -6.5
      vertex -56.6884 147.682 -6.5
    endloop
  endfacet
  facet normal 0.034615 -0.706722 -0.706644
    outer loop
      vertex -52.545 151.988 -4.25
      vertex -52.7645 154.227 -6.5
      vertex -52.3 152 -4.25
    endloop
  endfacet
  facet normal -0 -0.708837 -0.705372
    outer loop
      vertex -52.7645 154.227 -6.5
      vertex -52.545 151.988 -4.25
      vertex -52.7656 154.227 -6.5
    endloop
  endfacet
  facet normal 0 0.707107 -0.707107
    outer loop
      vertex -52.3011 144.75 -6.5
      vertex -52.3 147 -4.25
      vertex -52.3 144.75 -6.5
    endloop
  endfacet
  facet normal 0.0346126 0.706675 -0.706692
    outer loop
      vertex -52.3 147 -4.25
      vertex -52.3011 144.75 -6.5
      vertex -52.545 147.012 -4.25
    endloop
  endfacet
  facet normal 0 0.734628 -0.67847
    outer loop
      vertex -51.3433 147.19 -4.25
      vertex -50.4813 145.112 -6.5
      vertex -50.4823 145.112 -6.5
    endloop
  endfacet
  facet normal -0.302756 0.639535 -0.706635
    outer loop
      vertex -50.4813 145.112 -6.5
      vertex -51.3433 147.19 -4.25
      vertex -51.1215 147.295 -4.25
    endloop
  endfacet
  facet normal -0.607372 -0.362984 -0.706641
    outer loop
      vertex -50.2213 150.889 -4.25
      vertex -48.35 152.138 -6.5
      vertex -50.0952 150.678 -4.25
    endloop
  endfacet
  facet normal -0.634946 -0.317473 -0.704311
    outer loop
      vertex -48.35 152.138 -6.5
      vertex -50.2213 150.889 -4.25
      vertex -48.3505 152.139 -6.5
    endloop
  endfacet
  facet normal 0 0.722509 -0.691361
    outer loop
      vertex -53.6799 144.955 -6.5
      vertex -53.0257 147.108 -4.25
      vertex -53.6789 144.955 -6.5
    endloop
  endfacet
  facet normal 0.236662 0.666693 -0.706762
    outer loop
      vertex -53.0257 147.108 -4.25
      vertex -53.6799 144.955 -6.5
      vertex -53.2567 147.19 -4.25
    endloop
  endfacet
  facet normal 0.695018 0.139004 -0.705428
    outer loop
      vertex -56.8457 148.122 -6.5
      vertex -54.6924 148.774 -4.25
      vertex -56.8455 148.121 -6.5
    endloop
  endfacet
  facet normal 0.686356 0.171877 -0.706664
    outer loop
      vertex -54.6924 148.774 -4.25
      vertex -56.8457 148.122 -6.5
      vertex -54.752 149.012 -4.25
    endloop
  endfacet
  facet normal -0.989177 -0.146726 0
    outer loop
      vertex 54.788 30.245 -4.25
      vertex 54.752 30.4877 0
      vertex 54.752 30.4877 -4.25
    endloop
  endfacet
  facet normal -0.989177 -0.146726 0
    outer loop
      vertex 54.752 30.4877 0
      vertex 54.788 30.245 -4.25
      vertex 54.788 30.245 0
    endloop
  endfacet
  facet normal -0.998803 -0.0489209 0
    outer loop
      vertex 54.8 30 -4.25
      vertex 54.788 30.245 0
      vertex 54.788 30.245 -4.25
    endloop
  endfacet
  facet normal -0.998803 -0.0489209 0
    outer loop
      vertex 54.788 30.245 0
      vertex 54.8 30 -4.25
      vertex 54.8 30 0
    endloop
  endfacet
  facet normal -0.970047 -0.242919 0
    outer loop
      vertex 54.752 30.4877 -4.25
      vertex 54.6924 30.7257 0
      vertex 54.6924 30.7257 -4.25
    endloop
  endfacet
  facet normal -0.970047 -0.242919 0
    outer loop
      vertex 54.6924 30.7257 0
      vertex 54.752 30.4877 -4.25
      vertex 54.752 30.4877 0
    endloop
  endfacet
  facet normal 0.243303 -0.96995 0
    outer loop
      vertex 51.5743 32.3923 -4.25
      vertex 51.8123 32.452 0
      vertex 51.5743 32.3923 0
    endloop
  endfacet
  facet normal 0.243303 -0.96995 0
    outer loop
      vertex 51.8123 32.452 0
      vertex 51.5743 32.3923 -4.25
      vertex 51.8123 32.452 -4.25
    endloop
  endfacet
  facet normal 0.903995 0.427543 0
    outer loop
      vertex 50.0952 28.8215 0
      vertex 49.9903 29.0433 -4.25
      vertex 49.9903 29.0433 0
    endloop
  endfacet
  facet normal 0.903995 0.427543 0
    outer loop
      vertex 49.9903 29.0433 -4.25
      vertex 50.0952 28.8215 0
      vertex 50.0952 28.8215 -4.25
    endloop
  endfacet
  facet normal -0.427543 0.903995 0
    outer loop
      vertex 53.4785 27.7952 -4.25
      vertex 53.2567 27.6903 0
      vertex 53.4785 27.7952 0
    endloop
  endfacet
  facet normal -0.427543 0.903995 0
    outer loop
      vertex 53.2567 27.6903 0
      vertex 53.4785 27.7952 -4.25
      vertex 53.2567 27.6903 -4.25
    endloop
  endfacet
  facet normal -0.514076 -0.857745 0
    outer loop
      vertex 53.4785 32.2048 -4.25
      vertex 53.6889 32.0787 0
      vertex 53.4785 32.2048 0
    endloop
  endfacet
  facet normal -0.514076 -0.857745 -0
    outer loop
      vertex 53.6889 32.0787 0
      vertex 53.4785 32.2048 -4.25
      vertex 53.6889 32.0787 -4.25
    endloop
  endfacet
  facet normal -0.514076 0.857745 0
    outer loop
      vertex 53.6889 27.9213 -4.25
      vertex 53.4785 27.7952 0
      vertex 53.6889 27.9213 0
    endloop
  endfacet
  facet normal -0.514076 0.857745 0
    outer loop
      vertex 53.4785 27.7952 0
      vertex 53.6889 27.9213 -4.25
      vertex 53.4785 27.7952 -4.25
    endloop
  endfacet
  facet normal -0.337059 0.941483 0
    outer loop
      vertex 53.2567 27.6903 -4.25
      vertex 53.0257 27.6076 0
      vertex 53.2567 27.6903 0
    endloop
  endfacet
  facet normal -0.337059 0.941483 0
    outer loop
      vertex 53.0257 27.6076 0
      vertex 53.2567 27.6903 -4.25
      vertex 53.0257 27.6076 -4.25
    endloop
  endfacet
  facet normal 0.970047 -0.242919 0
    outer loop
      vertex 49.848 30.4877 0
      vertex 49.9076 30.7257 -4.25
      vertex 49.9076 30.7257 0
    endloop
  endfacet
  facet normal 0.970047 -0.242919 0
    outer loop
      vertex 49.9076 30.7257 -4.25
      vertex 49.848 30.4877 0
      vertex 49.848 30.4877 -4.25
    endloop
  endfacet
  facet normal 0.671394 -0.741101 0
    outer loop
      vertex 50.5322 31.7678 -4.25
      vertex 50.714 31.9325 0
      vertex 50.5322 31.7678 0
    endloop
  endfacet
  facet normal 0.671394 -0.741101 0
    outer loop
      vertex 50.714 31.9325 0
      vertex 50.5322 31.7678 -4.25
      vertex 50.714 31.9325 -4.25
    endloop
  endfacet
  facet normal 0.514076 -0.857745 0
    outer loop
      vertex 50.9111 32.0787 -4.25
      vertex 51.1215 32.2048 0
      vertex 50.9111 32.0787 0
    endloop
  endfacet
  facet normal 0.514076 -0.857745 0
    outer loop
      vertex 51.1215 32.2048 0
      vertex 50.9111 32.0787 -4.25
      vertex 51.1215 32.2048 -4.25
    endloop
  endfacet
  facet normal -0.146726 0.989177 0
    outer loop
      vertex 52.7877 27.548 -4.25
      vertex 52.545 27.512 0
      vertex 52.7877 27.548 0
    endloop
  endfacet
  facet normal -0.146726 0.989177 0
    outer loop
      vertex 52.545 27.512 0
      vertex 52.7877 27.548 -4.25
      vertex 52.545 27.512 -4.25
    endloop
  endfacet
  facet normal 0.803167 -0.595754 0
    outer loop
      vertex 50.2213 31.3889 0
      vertex 50.3675 31.586 -4.25
      vertex 50.3675 31.586 0
    endloop
  endfacet
  facet normal 0.803167 -0.595754 0
    outer loop
      vertex 50.3675 31.586 -4.25
      vertex 50.2213 31.3889 0
      vertex 50.2213 31.3889 -4.25
    endloop
  endfacet
  facet normal -0.903995 -0.427543 0
    outer loop
      vertex 54.6097 30.9567 -4.25
      vertex 54.5048 31.1785 0
      vertex 54.5048 31.1785 -4.25
    endloop
  endfacet
  facet normal -0.903995 -0.427543 0
    outer loop
      vertex 54.5048 31.1785 0
      vertex 54.6097 30.9567 -4.25
      vertex 54.6097 30.9567 0
    endloop
  endfacet
  facet normal 0.941483 -0.337059 0
    outer loop
      vertex 49.9076 30.7257 0
      vertex 49.9903 30.9567 -4.25
      vertex 49.9903 30.9567 0
    endloop
  endfacet
  facet normal 0.941483 -0.337059 0
    outer loop
      vertex 49.9903 30.9567 -4.25
      vertex 49.9076 30.7257 0
      vertex 49.9076 30.7257 -4.25
    endloop
  endfacet
  facet normal 0.337059 0.941483 -0
    outer loop
      vertex 51.5743 27.6076 -4.25
      vertex 51.3433 27.6903 0
      vertex 51.5743 27.6076 0
    endloop
  endfacet
  facet normal 0.337059 0.941483 0
    outer loop
      vertex 51.3433 27.6903 0
      vertex 51.5743 27.6076 -4.25
      vertex 51.3433 27.6903 -4.25
    endloop
  endfacet
  facet normal -0.595754 -0.803167 0
    outer loop
      vertex 53.6889 32.0787 -4.25
      vertex 53.886 31.9325 0
      vertex 53.6889 32.0787 0
    endloop
  endfacet
  facet normal -0.595754 -0.803167 -0
    outer loop
      vertex 53.886 31.9325 0
      vertex 53.6889 32.0787 -4.25
      vertex 53.886 31.9325 -4.25
    endloop
  endfacet
  facet normal 0.903995 -0.427543 0
    outer loop
      vertex 49.9903 30.9567 0
      vertex 50.0952 31.1785 -4.25
      vertex 50.0952 31.1785 0
    endloop
  endfacet
  facet normal 0.903995 -0.427543 0
    outer loop
      vertex 50.0952 31.1785 -4.25
      vertex 49.9903 30.9567 0
      vertex 49.9903 30.9567 -4.25
    endloop
  endfacet
  facet normal -0.803167 0.595754 0
    outer loop
      vertex 54.2325 28.414 -4.25
      vertex 54.3787 28.6111 0
      vertex 54.3787 28.6111 -4.25
    endloop
  endfacet
  facet normal -0.803167 0.595754 0
    outer loop
      vertex 54.3787 28.6111 0
      vertex 54.2325 28.414 -4.25
      vertex 54.2325 28.414 0
    endloop
  endfacet
  facet normal -0.146726 -0.989177 0
    outer loop
      vertex 52.545 32.488 -4.25
      vertex 52.7877 32.452 0
      vertex 52.545 32.488 0
    endloop
  endfacet
  facet normal -0.146726 -0.989177 -0
    outer loop
      vertex 52.7877 32.452 0
      vertex 52.545 32.488 -4.25
      vertex 52.7877 32.452 -4.25
    endloop
  endfacet
  facet normal 0.989177 -0.146726 0
    outer loop
      vertex 49.812 30.245 0
      vertex 49.848 30.4877 -4.25
      vertex 49.848 30.4877 0
    endloop
  endfacet
  facet normal 0.989177 -0.146726 0
    outer loop
      vertex 49.848 30.4877 -4.25
      vertex 49.812 30.245 0
      vertex 49.812 30.245 -4.25
    endloop
  endfacet
  facet normal -0.803167 -0.595754 0
    outer loop
      vertex 54.3787 31.3889 -4.25
      vertex 54.2325 31.586 0
      vertex 54.2325 31.586 -4.25
    endloop
  endfacet
  facet normal -0.803167 -0.595754 0
    outer loop
      vertex 54.2325 31.586 0
      vertex 54.3787 31.3889 -4.25
      vertex 54.3787 31.3889 0
    endloop
  endfacet
  facet normal -0.0489209 -0.998803 0
    outer loop
      vertex 52.3 32.5 -4.25
      vertex 52.545 32.488 0
      vertex 52.3 32.5 0
    endloop
  endfacet
  facet normal -0.0489209 -0.998803 -0
    outer loop
      vertex 52.545 32.488 0
      vertex 52.3 32.5 -4.25
      vertex 52.545 32.488 -4.25
    endloop
  endfacet
  facet normal 0.857745 0.514076 0
    outer loop
      vertex 50.2213 28.6111 0
      vertex 50.0952 28.8215 -4.25
      vertex 50.0952 28.8215 0
    endloop
  endfacet
  facet normal 0.857745 0.514076 0
    outer loop
      vertex 50.0952 28.8215 -4.25
      vertex 50.2213 28.6111 0
      vertex 50.2213 28.6111 -4.25
    endloop
  endfacet
  facet normal 0.941483 0.337059 0
    outer loop
      vertex 49.9903 29.0433 0
      vertex 49.9076 29.2743 -4.25
      vertex 49.9076 29.2743 0
    endloop
  endfacet
  facet normal 0.941483 0.337059 0
    outer loop
      vertex 49.9076 29.2743 -4.25
      vertex 49.9903 29.0433 0
      vertex 49.9903 29.0433 -4.25
    endloop
  endfacet
  facet normal 0.427543 -0.903995 0
    outer loop
      vertex 51.1215 32.2048 -4.25
      vertex 51.3433 32.3097 0
      vertex 51.1215 32.2048 0
    endloop
  endfacet
  facet normal 0.427543 -0.903995 0
    outer loop
      vertex 51.3433 32.3097 0
      vertex 51.1215 32.2048 -4.25
      vertex 51.3433 32.3097 -4.25
    endloop
  endfacet
  facet normal -0.903995 0.427543 0
    outer loop
      vertex 54.5048 28.8215 -4.25
      vertex 54.6097 29.0433 0
      vertex 54.6097 29.0433 -4.25
    endloop
  endfacet
  facet normal -0.903995 0.427543 0
    outer loop
      vertex 54.6097 29.0433 0
      vertex 54.5048 28.8215 -4.25
      vertex 54.5048 28.8215 0
    endloop
  endfacet
  facet normal 0.595754 0.803167 -0
    outer loop
      vertex 50.9111 27.9213 -4.25
      vertex 50.714 28.0675 0
      vertex 50.9111 27.9213 0
    endloop
  endfacet
  facet normal 0.595754 0.803167 0
    outer loop
      vertex 50.714 28.0675 0
      vertex 50.9111 27.9213 -4.25
      vertex 50.714 28.0675 -4.25
    endloop
  endfacet
  facet normal 0.857745 -0.514076 0
    outer loop
      vertex 50.0952 31.1785 0
      vertex 50.2213 31.3889 -4.25
      vertex 50.2213 31.3889 0
    endloop
  endfacet
  facet normal 0.857745 -0.514076 0
    outer loop
      vertex 50.2213 31.3889 -4.25
      vertex 50.0952 31.1785 0
      vertex 50.0952 31.1785 -4.25
    endloop
  endfacet
  facet normal -0.998803 0.0489209 0
    outer loop
      vertex 54.788 29.755 -4.25
      vertex 54.8 30 0
      vertex 54.8 30 -4.25
    endloop
  endfacet
  facet normal -0.998803 0.0489209 0
    outer loop
      vertex 54.8 30 0
      vertex 54.788 29.755 -4.25
      vertex 54.788 29.755 0
    endloop
  endfacet
  facet normal -0.941483 0.337059 0
    outer loop
      vertex 54.6097 29.0433 -4.25
      vertex 54.6924 29.2743 0
      vertex 54.6924 29.2743 -4.25
    endloop
  endfacet
  facet normal -0.941483 0.337059 0
    outer loop
      vertex 54.6924 29.2743 0
      vertex 54.6097 29.0433 -4.25
      vertex 54.6097 29.0433 0
    endloop
  endfacet
  facet normal -0.242919 0.970047 0
    outer loop
      vertex 53.0257 27.6076 -4.25
      vertex 52.7877 27.548 0
      vertex 53.0257 27.6076 0
    endloop
  endfacet
  facet normal -0.242919 0.970047 0
    outer loop
      vertex 52.7877 27.548 0
      vertex 53.0257 27.6076 -4.25
      vertex 52.7877 27.548 -4.25
    endloop
  endfacet
  facet normal -0.941483 -0.337059 0
    outer loop
      vertex 54.6924 30.7257 -4.25
      vertex 54.6097 30.9567 0
      vertex 54.6097 30.9567 -4.25
    endloop
  endfacet
  facet normal -0.941483 -0.337059 0
    outer loop
      vertex 54.6097 30.9567 0
      vertex 54.6924 30.7257 -4.25
      vertex 54.6924 30.7257 0
    endloop
  endfacet
  facet normal 0.998803 0.0489209 0
    outer loop
      vertex 49.812 29.755 0
      vertex 49.8 30 -4.25
      vertex 49.8 30 0
    endloop
  endfacet
  facet normal 0.998803 0.0489209 0
    outer loop
      vertex 49.8 30 -4.25
      vertex 49.812 29.755 0
      vertex 49.812 29.755 -4.25
    endloop
  endfacet
  facet normal -0.989177 0.146726 0
    outer loop
      vertex 54.752 29.5123 -4.25
      vertex 54.788 29.755 0
      vertex 54.788 29.755 -4.25
    endloop
  endfacet
  facet normal -0.989177 0.146726 0
    outer loop
      vertex 54.788 29.755 0
      vertex 54.752 29.5123 -4.25
      vertex 54.752 29.5123 0
    endloop
  endfacet
  facet normal 0.671394 0.741101 -0
    outer loop
      vertex 50.714 28.0675 -4.25
      vertex 50.5322 28.2322 0
      vertex 50.714 28.0675 0
    endloop
  endfacet
  facet normal 0.671394 0.741101 0
    outer loop
      vertex 50.5322 28.2322 0
      vertex 50.714 28.0675 -4.25
      vertex 50.5322 28.2322 -4.25
    endloop
  endfacet
  facet normal -0.970047 0.242919 0
    outer loop
      vertex 54.6924 29.2743 -4.25
      vertex 54.752 29.5123 0
      vertex 54.752 29.5123 -4.25
    endloop
  endfacet
  facet normal -0.970047 0.242919 0
    outer loop
      vertex 54.752 29.5123 0
      vertex 54.6924 29.2743 -4.25
      vertex 54.6924 29.2743 0
    endloop
  endfacet
  facet normal -0.671394 -0.741101 0
    outer loop
      vertex 53.886 31.9325 -4.25
      vertex 54.0678 31.7678 0
      vertex 53.886 31.9325 0
    endloop
  endfacet
  facet normal -0.671394 -0.741101 -0
    outer loop
      vertex 54.0678 31.7678 0
      vertex 53.886 31.9325 -4.25
      vertex 54.0678 31.7678 -4.25
    endloop
  endfacet
  facet normal -0.336698 -0.941613 0
    outer loop
      vertex 53.0257 32.3923 -4.25
      vertex 53.2567 32.3097 0
      vertex 53.0257 32.3923 0
    endloop
  endfacet
  facet normal -0.336698 -0.941613 -0
    outer loop
      vertex 53.2567 32.3097 0
      vertex 53.0257 32.3923 -4.25
      vertex 53.2567 32.3097 -4.25
    endloop
  endfacet
  facet normal 0.336698 -0.941613 0
    outer loop
      vertex 51.3433 32.3097 -4.25
      vertex 51.5743 32.3923 0
      vertex 51.3433 32.3097 0
    endloop
  endfacet
  facet normal 0.336698 -0.941613 0
    outer loop
      vertex 51.5743 32.3923 0
      vertex 51.3433 32.3097 -4.25
      vertex 51.5743 32.3923 -4.25
    endloop
  endfacet
  facet normal 0.514076 0.857745 -0
    outer loop
      vertex 51.1215 27.7952 -4.25
      vertex 50.9111 27.9213 0
      vertex 51.1215 27.7952 0
    endloop
  endfacet
  facet normal 0.514076 0.857745 0
    outer loop
      vertex 50.9111 27.9213 0
      vertex 51.1215 27.7952 -4.25
      vertex 50.9111 27.9213 -4.25
    endloop
  endfacet
  facet normal -0.857745 0.514076 0
    outer loop
      vertex 54.3787 28.6111 -4.25
      vertex 54.5048 28.8215 0
      vertex 54.5048 28.8215 -4.25
    endloop
  endfacet
  facet normal -0.857745 0.514076 0
    outer loop
      vertex 54.5048 28.8215 0
      vertex 54.3787 28.6111 -4.25
      vertex 54.3787 28.6111 0
    endloop
  endfacet
  facet normal -0.427543 -0.903995 0
    outer loop
      vertex 53.2567 32.3097 -4.25
      vertex 53.4785 32.2048 0
      vertex 53.2567 32.3097 0
    endloop
  endfacet
  facet normal -0.427543 -0.903995 -0
    outer loop
      vertex 53.4785 32.2048 0
      vertex 53.2567 32.3097 -4.25
      vertex 53.4785 32.2048 -4.25
    endloop
  endfacet
  facet normal 0.146726 0.989177 -0
    outer loop
      vertex 52.055 27.512 -4.25
      vertex 51.8123 27.548 0
      vertex 52.055 27.512 0
    endloop
  endfacet
  facet normal 0.146726 0.989177 0
    outer loop
      vertex 51.8123 27.548 0
      vertex 52.055 27.512 -4.25
      vertex 51.8123 27.548 -4.25
    endloop
  endfacet
  facet normal 0.595754 -0.803167 0
    outer loop
      vertex 50.714 31.9325 -4.25
      vertex 50.9111 32.0787 0
      vertex 50.714 31.9325 0
    endloop
  endfacet
  facet normal 0.595754 -0.803167 0
    outer loop
      vertex 50.9111 32.0787 0
      vertex 50.714 31.9325 -4.25
      vertex 50.9111 32.0787 -4.25
    endloop
  endfacet
  facet normal -0.857745 -0.514076 0
    outer loop
      vertex 54.5048 31.1785 -4.25
      vertex 54.3787 31.3889 0
      vertex 54.3787 31.3889 -4.25
    endloop
  endfacet
  facet normal -0.857745 -0.514076 0
    outer loop
      vertex 54.3787 31.3889 0
      vertex 54.5048 31.1785 -4.25
      vertex 54.5048 31.1785 0
    endloop
  endfacet
  facet normal 0.0489209 0.998803 -0
    outer loop
      vertex 52.3 27.5 -4.25
      vertex 52.055 27.512 0
      vertex 52.3 27.5 0
    endloop
  endfacet
  facet normal 0.0489209 0.998803 0
    outer loop
      vertex 52.055 27.512 0
      vertex 52.3 27.5 -4.25
      vertex 52.055 27.512 -4.25
    endloop
  endfacet
  facet normal 0.741101 -0.671394 0
    outer loop
      vertex 50.3675 31.586 0
      vertex 50.5322 31.7678 -4.25
      vertex 50.5322 31.7678 0
    endloop
  endfacet
  facet normal 0.741101 -0.671394 0
    outer loop
      vertex 50.5322 31.7678 -4.25
      vertex 50.3675 31.586 0
      vertex 50.3675 31.586 -4.25
    endloop
  endfacet
  facet normal -0.0489209 0.998803 0
    outer loop
      vertex 52.545 27.512 -4.25
      vertex 52.3 27.5 0
      vertex 52.545 27.512 0
    endloop
  endfacet
  facet normal -0.0489209 0.998803 0
    outer loop
      vertex 52.3 27.5 0
      vertex 52.545 27.512 -4.25
      vertex 52.3 27.5 -4.25
    endloop
  endfacet
  facet normal 0.146726 -0.989177 0
    outer loop
      vertex 51.8123 32.452 -4.25
      vertex 52.055 32.488 0
      vertex 51.8123 32.452 0
    endloop
  endfacet
  facet normal 0.146726 -0.989177 0
    outer loop
      vertex 52.055 32.488 0
      vertex 51.8123 32.452 -4.25
      vertex 52.055 32.488 -4.25
    endloop
  endfacet
  facet normal 0.242919 0.970047 -0
    outer loop
      vertex 51.8123 27.548 -4.25
      vertex 51.5743 27.6076 0
      vertex 51.8123 27.548 0
    endloop
  endfacet
  facet normal 0.242919 0.970047 0
    outer loop
      vertex 51.5743 27.6076 0
      vertex 51.8123 27.548 -4.25
      vertex 51.5743 27.6076 -4.25
    endloop
  endfacet
  facet normal -0.671394 0.741101 0
    outer loop
      vertex 54.0678 28.2322 -4.25
      vertex 53.886 28.0675 0
      vertex 54.0678 28.2322 0
    endloop
  endfacet
  facet normal -0.671394 0.741101 0
    outer loop
      vertex 53.886 28.0675 0
      vertex 54.0678 28.2322 -4.25
      vertex 53.886 28.0675 -4.25
    endloop
  endfacet
  facet normal -0.243303 -0.96995 0
    outer loop
      vertex 52.7877 32.452 -4.25
      vertex 53.0257 32.3923 0
      vertex 52.7877 32.452 0
    endloop
  endfacet
  facet normal -0.243303 -0.96995 -0
    outer loop
      vertex 53.0257 32.3923 0
      vertex 52.7877 32.452 -4.25
      vertex 53.0257 32.3923 -4.25
    endloop
  endfacet
  facet normal 0.970047 0.242919 0
    outer loop
      vertex 49.9076 29.2743 0
      vertex 49.848 29.5123 -4.25
      vertex 49.848 29.5123 0
    endloop
  endfacet
  facet normal 0.970047 0.242919 0
    outer loop
      vertex 49.848 29.5123 -4.25
      vertex 49.9076 29.2743 0
      vertex 49.9076 29.2743 -4.25
    endloop
  endfacet
  facet normal 0.427543 0.903995 -0
    outer loop
      vertex 51.3433 27.6903 -4.25
      vertex 51.1215 27.7952 0
      vertex 51.3433 27.6903 0
    endloop
  endfacet
  facet normal 0.427543 0.903995 0
    outer loop
      vertex 51.1215 27.7952 0
      vertex 51.3433 27.6903 -4.25
      vertex 51.1215 27.7952 -4.25
    endloop
  endfacet
  facet normal 0.741101 0.671394 0
    outer loop
      vertex 50.5322 28.2322 0
      vertex 50.3675 28.414 -4.25
      vertex 50.3675 28.414 0
    endloop
  endfacet
  facet normal 0.741101 0.671394 0
    outer loop
      vertex 50.3675 28.414 -4.25
      vertex 50.5322 28.2322 0
      vertex 50.5322 28.2322 -4.25
    endloop
  endfacet
  facet normal 0.0489209 -0.998803 0
    outer loop
      vertex 52.055 32.488 -4.25
      vertex 52.3 32.5 0
      vertex 52.055 32.488 0
    endloop
  endfacet
  facet normal 0.0489209 -0.998803 0
    outer loop
      vertex 52.3 32.5 0
      vertex 52.055 32.488 -4.25
      vertex 52.3 32.5 -4.25
    endloop
  endfacet
  facet normal 0.989177 0.146726 0
    outer loop
      vertex 49.848 29.5123 0
      vertex 49.812 29.755 -4.25
      vertex 49.812 29.755 0
    endloop
  endfacet
  facet normal 0.989177 0.146726 0
    outer loop
      vertex 49.812 29.755 -4.25
      vertex 49.848 29.5123 0
      vertex 49.848 29.5123 -4.25
    endloop
  endfacet
  facet normal -0.741101 -0.671394 0
    outer loop
      vertex 54.2325 31.586 -4.25
      vertex 54.0678 31.7678 0
      vertex 54.0678 31.7678 -4.25
    endloop
  endfacet
  facet normal -0.741101 -0.671394 0
    outer loop
      vertex 54.0678 31.7678 0
      vertex 54.2325 31.586 -4.25
      vertex 54.2325 31.586 0
    endloop
  endfacet
  facet normal -0.595754 0.803167 0
    outer loop
      vertex 53.886 28.0675 -4.25
      vertex 53.6889 27.9213 0
      vertex 53.886 28.0675 0
    endloop
  endfacet
  facet normal -0.595754 0.803167 0
    outer loop
      vertex 53.6889 27.9213 0
      vertex 53.886 28.0675 -4.25
      vertex 53.6889 27.9213 -4.25
    endloop
  endfacet
  facet normal 0.803167 0.595754 0
    outer loop
      vertex 50.3675 28.414 0
      vertex 50.2213 28.6111 -4.25
      vertex 50.2213 28.6111 0
    endloop
  endfacet
  facet normal 0.803167 0.595754 0
    outer loop
      vertex 50.2213 28.6111 -4.25
      vertex 50.3675 28.414 0
      vertex 50.3675 28.414 -4.25
    endloop
  endfacet
  facet normal 0.998803 -0.0489209 0
    outer loop
      vertex 49.8 30 0
      vertex 49.812 30.245 -4.25
      vertex 49.812 30.245 0
    endloop
  endfacet
  facet normal 0.998803 -0.0489209 0
    outer loop
      vertex 49.812 30.245 -4.25
      vertex 49.8 30 0
      vertex 49.8 30 -4.25
    endloop
  endfacet
  facet normal -0.741101 0.671394 0
    outer loop
      vertex 54.0678 28.2322 -4.25
      vertex 54.2325 28.414 0
      vertex 54.2325 28.414 -4.25
    endloop
  endfacet
  facet normal -0.741101 0.671394 0
    outer loop
      vertex 54.2325 28.414 0
      vertex 54.0678 28.2322 -4.25
      vertex 54.0678 28.2322 0
    endloop
  endfacet
  facet normal -0.706681 -0.0346875 -0.706681
    outer loop
      vertex 57.0272 30.4645 -6.5
      vertex 57.05 30 -6.5
      vertex 54.8 30 -4.25
    endloop
  endfacet
  facet normal -0.23822 -0.66621 -0.706693
    outer loop
      vertex 53.0257 32.3923 -4.25
      vertex 53.6799 34.5451 -6.5
      vertex 53.2567 32.3097 -4.25
    endloop
  endfacet
  facet normal -0.263093 -0.657731 -0.705813
    outer loop
      vertex 53.6799 34.5451 -6.5
      vertex 53.0257 32.3923 -4.25
      vertex 53.6789 34.5455 -6.5
    endloop
  endfacet
  facet normal 0.467591 0.53439 -0.704121
    outer loop
      vertex 49.6602 26.0512 -6.5
      vertex 50.9111 27.9213 -4.25
      vertex 49.661 26.0505 -6.5
    endloop
  endfacet
  facet normal 0.421521 0.568275 -0.706671
    outer loop
      vertex 50.9111 27.9213 -4.25
      vertex 49.6602 26.0512 -6.5
      vertex 50.714 28.0675 -4.25
    endloop
  endfacet
  facet normal 0.568225 -0.421567 -0.706683
    outer loop
      vertex 48.6276 33.0125 -6.5
      vertex 50.2213 31.3889 -4.25
      vertex 48.3505 32.639 -6.5
    endloop
  endfacet
  facet normal -0.606871 -0.363758 -0.706674
    outer loop
      vertex 56.25 32.638 -6.5
      vertex 56.4891 32.2391 -6.5
      vertex 54.5048 31.1785 -4.25
    endloop
  endfacet
  facet normal -0.568269 -0.421517 -0.706678
    outer loop
      vertex 54.2325 31.586 -4.25
      vertex 55.9724 33.0125 -6.5
      vertex 54.3787 31.3889 -4.25
    endloop
  endfacet
  facet normal -0.589793 -0.393195 -0.705366
    outer loop
      vertex 55.9724 33.0125 -6.5
      vertex 54.2325 31.586 -4.25
      vertex 55.9718 33.0134 -6.5
    endloop
  endfacet
  facet normal 0.06415 0.70565 -0.70565
    outer loop
      vertex 52.2989 25.2501 -6.5
      vertex 52.3 27.5 -4.25
      vertex 52.3 25.25 -6.5
    endloop
  endfacet
  facet normal 0.0346134 0.70669 -0.706676
    outer loop
      vertex 52.3 27.5 -4.25
      vertex 52.2989 25.2501 -6.5
      vertex 52.055 27.512 -4.25
    endloop
  endfacet
  facet normal -0.302499 -0.639602 -0.706684
    outer loop
      vertex 53.2567 32.3097 -4.25
      vertex 54.1187 34.388 -6.5
      vertex 53.4785 32.2048 -4.25
    endloop
  endfacet
  facet normal -0.262625 -0.656563 -0.707074
    outer loop
      vertex 54.1187 34.388 -6.5
      vertex 53.2567 32.3097 -4.25
      vertex 54.1177 34.3884 -6.5
    endloop
  endfacet
  facet normal -0.568225 -0.421567 -0.706683
    outer loop
      vertex 55.9724 33.0125 -6.5
      vertex 56.2495 32.639 -6.5
      vertex 54.3787 31.3889 -4.25
    endloop
  endfacet
  facet normal -0.63494 0.31747 -0.704318
    outer loop
      vertex 54.3787 28.6111 -4.25
      vertex 56.25 27.362 -6.5
      vertex 56.2495 27.361 -6.5
    endloop
  endfacet
  facet normal -0.606891 0.36373 -0.706671
    outer loop
      vertex 56.25 27.362 -6.5
      vertex 54.3787 28.6111 -4.25
      vertex 54.5048 28.8215 -4.25
    endloop
  endfacet
  facet normal 0.589793 0.393195 -0.705366
    outer loop
      vertex 48.6276 26.9875 -6.5
      vertex 50.3675 28.414 -4.25
      vertex 48.6282 26.9866 -6.5
    endloop
  endfacet
  facet normal 0.568269 0.421517 -0.706678
    outer loop
      vertex 50.3675 28.414 -4.25
      vertex 48.6276 26.9875 -6.5
      vertex 50.2213 28.6111 -4.25
    endloop
  endfacet
  facet normal 0.465746 0.532281 -0.706935
    outer loop
      vertex 49.2858 26.3289 -6.5
      vertex 50.714 28.0675 -4.25
      vertex 49.2866 26.3282 -6.5
    endloop
  endfacet
  facet normal 0.475025 0.524345 -0.706692
    outer loop
      vertex 50.714 28.0675 -4.25
      vertex 49.2858 26.3289 -6.5
      vertex 50.5322 28.2322 -4.25
    endloop
  endfacet
  facet normal 0.524267 0.475126 -0.706682
    outer loop
      vertex 50.5322 28.2322 -4.25
      vertex 48.9412 26.6412 -6.5
      vertex 48.6289 26.9858 -6.5
    endloop
  endfacet
  facet normal 0.69989 -0.103766 -0.706673
    outer loop
      vertex 47.6411 30.9256 -6.5
      vertex 49.812 30.245 -4.25
      vertex 47.5729 30.4656 -6.5
    endloop
  endfacet
  facet normal 0.172146 -0.686278 -0.706674
    outer loop
      vertex 51.3723 34.6585 -6.5
      vertex 51.8123 32.452 -4.25
      vertex 51.5743 32.3923 -4.25
    endloop
  endfacet
  facet normal 0.138677 -0.693384 -0.707098
    outer loop
      vertex 51.8123 32.452 -4.25
      vertex 51.3723 34.6585 -6.5
      vertex 51.3733 34.6587 -6.5
    endloop
  endfacet
  facet normal 0.639567 -0.302592 -0.706677
    outer loop
      vertex 48.1109 32.2391 -6.5
      vertex 50.0952 31.1785 -4.25
      vertex 47.912 31.8187 -6.5
    endloop
  endfacet
  facet normal -0.686335 0.171926 -0.706672
    outer loop
      vertex 56.9587 29.0733 -6.5
      vertex 56.8457 28.6222 -6.5
      vertex 54.752 29.5123 -4.25
    endloop
  endfacet
  facet normal -0.606891 -0.36373 -0.706671
    outer loop
      vertex 54.3787 31.3889 -4.25
      vertex 56.25 32.638 -6.5
      vertex 54.5048 31.1785 -4.25
    endloop
  endfacet
  facet normal -0.63494 -0.31747 -0.704318
    outer loop
      vertex 56.25 32.638 -6.5
      vertex 54.3787 31.3889 -4.25
      vertex 56.2495 32.639 -6.5
    endloop
  endfacet
  facet normal 0.103766 -0.69989 -0.706673
    outer loop
      vertex 51.8344 34.7271 -6.5
      vertex 52.055 32.488 -4.25
      vertex 51.3744 34.6589 -6.5
    endloop
  endfacet
  facet normal -0.363758 0.606871 -0.706674
    outer loop
      vertex 54.938 26.05 -6.5
      vertex 54.5391 25.8109 -6.5
      vertex 53.4785 27.7952 -4.25
    endloop
  endfacet
  facet normal -0.657745 -0.263098 -0.705798
    outer loop
      vertex 54.6924 30.7257 -4.25
      vertex 56.8451 31.3799 -6.5
      vertex 56.8455 31.3789 -6.5
    endloop
  endfacet
  facet normal -0.666138 -0.238483 -0.706672
    outer loop
      vertex 56.8451 31.3799 -6.5
      vertex 54.6924 30.7257 -4.25
      vertex 54.6097 30.9567 -4.25
    endloop
  endfacet
  facet normal -0.706681 0.0346875 -0.706681
    outer loop
      vertex 57.05 30 -6.5
      vertex 57.0272 29.5355 -6.5
      vertex 54.8 30 -4.25
    endloop
  endfacet
  facet normal -0.465746 0.532281 -0.706935
    outer loop
      vertex 53.886 28.0675 -4.25
      vertex 55.3142 26.3289 -6.5
      vertex 55.3134 26.3282 -6.5
    endloop
  endfacet
  facet normal -0.475025 0.524345 -0.706692
    outer loop
      vertex 55.3142 26.3289 -6.5
      vertex 53.886 28.0675 -4.25
      vertex 54.0678 28.2322 -4.25
    endloop
  endfacet
  facet normal -0.103766 0.69989 -0.706673
    outer loop
      vertex 53.2256 25.3411 -6.5
      vertex 52.7656 25.2729 -6.5
      vertex 52.545 27.512 -4.25
    endloop
  endfacet
  facet normal 0.475025 -0.524345 -0.706692
    outer loop
      vertex 49.2858 33.6711 -6.5
      vertex 50.714 31.9325 -4.25
      vertex 50.5322 31.7678 -4.25
    endloop
  endfacet
  facet normal 0.465746 -0.532281 -0.706935
    outer loop
      vertex 50.714 31.9325 -4.25
      vertex 49.2858 33.6711 -6.5
      vertex 49.2866 33.6718 -6.5
    endloop
  endfacet
  facet normal -0.699867 -0.103915 -0.706674
    outer loop
      vertex 56.9587 30.9267 -6.5
      vertex 57.027 30.4667 -6.5
      vertex 54.752 30.4877 -4.25
    endloop
  endfacet
  facet normal 0.524267 -0.475126 -0.706682
    outer loop
      vertex 48.9412 33.3588 -6.5
      vertex 50.5322 31.7678 -4.25
      vertex 48.6289 33.0142 -6.5
    endloop
  endfacet
  facet normal 0.606891 -0.36373 -0.706671
    outer loop
      vertex 48.35 32.638 -6.5
      vertex 50.2213 31.3889 -4.25
      vertex 50.0952 31.1785 -4.25
    endloop
  endfacet
  facet normal 0.63494 -0.31747 -0.704318
    outer loop
      vertex 50.2213 31.3889 -4.25
      vertex 48.35 32.638 -6.5
      vertex 48.3505 32.639 -6.5
    endloop
  endfacet
  facet normal -0.639567 0.302592 -0.706677
    outer loop
      vertex 56.688 28.1813 -6.5
      vertex 56.4891 27.7609 -6.5
      vertex 54.5048 28.8215 -4.25
    endloop
  endfacet
  facet normal 0.0346134 -0.706691 -0.706675
    outer loop
      vertex 52.055 32.488 -4.25
      vertex 51.8355 34.7272 -6.5
      vertex 52.3 32.5 -4.25
    endloop
  endfacet
  facet normal 0.0640202 -0.704222 -0.707087
    outer loop
      vertex 51.8355 34.7272 -6.5
      vertex 52.055 32.488 -4.25
      vertex 51.8344 34.7271 -6.5
    endloop
  endfacet
  facet normal -0.656563 0.262625 -0.707074
    outer loop
      vertex 56.688 28.1813 -6.5
      vertex 54.6097 29.0433 -4.25
      vertex 56.6884 28.1823 -6.5
    endloop
  endfacet
  facet normal -0.639602 0.302499 -0.706684
    outer loop
      vertex 54.6097 29.0433 -4.25
      vertex 56.688 28.1813 -6.5
      vertex 54.5048 28.8215 -4.25
    endloop
  endfacet
  facet normal -0.475126 -0.524267 -0.706682
    outer loop
      vertex 55.3142 33.6711 -6.5
      vertex 55.6588 33.3588 -6.5
      vertex 54.0678 31.7678 -4.25
    endloop
  endfacet
  facet normal -0.0640202 -0.704222 -0.707087
    outer loop
      vertex 52.545 32.488 -4.25
      vertex 52.7645 34.7272 -6.5
      vertex 52.7656 34.7271 -6.5
    endloop
  endfacet
  facet normal -0.0346134 -0.706691 -0.706675
    outer loop
      vertex 52.7645 34.7272 -6.5
      vertex 52.545 32.488 -4.25
      vertex 52.3 32.5 -4.25
    endloop
  endfacet
  facet normal -0.524267 -0.475126 -0.706682
    outer loop
      vertex 55.6588 33.3588 -6.5
      vertex 55.9711 33.0142 -6.5
      vertex 54.0678 31.7678 -4.25
    endloop
  endfacet
  facet normal -0.666152 0.238433 -0.706676
    outer loop
      vertex 56.8451 28.6201 -6.5
      vertex 56.6884 28.1823 -6.5
      vertex 54.6097 29.0433 -4.25
    endloop
  endfacet
  facet normal 0.568269 -0.421517 -0.706678
    outer loop
      vertex 48.6276 33.0125 -6.5
      vertex 50.3675 31.586 -4.25
      vertex 50.2213 31.3889 -4.25
    endloop
  endfacet
  facet normal 0.589793 -0.393195 -0.705366
    outer loop
      vertex 50.3675 31.586 -4.25
      vertex 48.6276 33.0125 -6.5
      vertex 48.6282 33.0134 -6.5
    endloop
  endfacet
  facet normal -0.0346875 -0.706681 -0.706681
    outer loop
      vertex 52.3 34.75 -6.5
      vertex 52.7645 34.7272 -6.5
      vertex 52.3 32.5 -4.25
    endloop
  endfacet
  facet normal 0.421521 -0.568275 -0.706671
    outer loop
      vertex 49.6602 33.9488 -6.5
      vertex 50.9111 32.0787 -4.25
      vertex 50.714 31.9325 -4.25
    endloop
  endfacet
  facet normal 0.467591 -0.53439 -0.704121
    outer loop
      vertex 50.9111 32.0787 -4.25
      vertex 49.6602 33.9488 -6.5
      vertex 49.661 33.9495 -6.5
    endloop
  endfacet
  facet normal 0.639567 0.302592 -0.706677
    outer loop
      vertex 50.0952 28.8215 -4.25
      vertex 48.1109 27.7609 -6.5
      vertex 47.912 28.1813 -6.5
    endloop
  endfacet
  facet normal -0.034688 0.706693 -0.70667
    outer loop
      vertex 52.545 27.512 -4.25
      vertex 52.7656 25.2729 -6.5
      vertex 52.3011 25.2501 -6.5
    endloop
  endfacet
  facet normal 0.0346875 -0.706681 -0.706681
    outer loop
      vertex 52.3 34.75 -6.5
      vertex 52.3 32.5 -4.25
      vertex 51.8355 34.7272 -6.5
    endloop
  endfacet
  facet normal -0.171926 0.686335 -0.706672
    outer loop
      vertex 53.6778 25.4543 -6.5
      vertex 53.2267 25.3413 -6.5
      vertex 52.7877 27.548 -4.25
    endloop
  endfacet
  facet normal -0.686335 -0.171926 -0.706672
    outer loop
      vertex 56.8457 31.3778 -6.5
      vertex 56.9587 30.9267 -6.5
      vertex 54.752 30.4877 -4.25
    endloop
  endfacet
  facet normal -0.171926 -0.686335 -0.706672
    outer loop
      vertex 53.2267 34.6587 -6.5
      vertex 53.6778 34.5457 -6.5
      vertex 52.7877 32.452 -4.25
    endloop
  endfacet
  facet normal 0.171885 -0.686322 -0.706695
    outer loop
      vertex 51.3723 34.6585 -6.5
      vertex 51.5743 32.3923 -4.25
      vertex 50.9211 34.5455 -6.5
    endloop
  endfacet
  facet normal 0.706681 -0.0346875 -0.706681
    outer loop
      vertex 47.5728 30.4645 -6.5
      vertex 49.8 30 -4.25
      vertex 47.55 30 -6.5
    endloop
  endfacet
  facet normal 0.686337 -0.171888 -0.70668
    outer loop
      vertex 47.7545 31.3789 -6.5
      vertex 49.9076 30.7257 -4.25
      vertex 47.6415 30.9277 -6.5
    endloop
  endfacet
  facet normal -0.126501 -0.695757 -0.70705
    outer loop
      vertex 52.7877 32.452 -4.25
      vertex 53.2256 34.6589 -6.5
      vertex 53.2267 34.6587 -6.5
    endloop
  endfacet
  facet normal -0.103814 -0.699879 -0.706677
    outer loop
      vertex 53.2256 34.6589 -6.5
      vertex 52.7877 32.452 -4.25
      vertex 52.545 32.488 -4.25
    endloop
  endfacet
  facet normal 0.36373 0.606891 -0.706671
    outer loop
      vertex 49.662 26.05 -6.5
      vertex 50.9111 27.9213 -4.25
      vertex 51.1215 27.7952 -4.25
    endloop
  endfacet
  facet normal 0.31747 0.63494 -0.704318
    outer loop
      vertex 50.9111 27.9213 -4.25
      vertex 49.662 26.05 -6.5
      vertex 49.661 26.0505 -6.5
    endloop
  endfacet
  facet normal 0.421396 0.568352 -0.706683
    outer loop
      vertex 50.714 28.0675 -4.25
      vertex 49.6602 26.0512 -6.5
      vertex 49.2866 26.3282 -6.5
    endloop
  endfacet
  facet normal 0.606871 -0.363758 -0.706674
    outer loop
      vertex 48.35 32.638 -6.5
      vertex 50.0952 31.1785 -4.25
      vertex 48.1109 32.2391 -6.5
    endloop
  endfacet
  facet normal -0.589793 0.393195 -0.705366
    outer loop
      vertex 54.2325 28.414 -4.25
      vertex 55.9724 26.9875 -6.5
      vertex 55.9718 26.9866 -6.5
    endloop
  endfacet
  facet normal -0.568269 0.421517 -0.706678
    outer loop
      vertex 55.9724 26.9875 -6.5
      vertex 54.2325 28.414 -4.25
      vertex 54.3787 28.6111 -4.25
    endloop
  endfacet
  facet normal -0.238433 0.666152 -0.706676
    outer loop
      vertex 54.1177 25.6116 -6.5
      vertex 53.6799 25.4549 -6.5
      vertex 53.2567 27.6903 -4.25
    endloop
  endfacet
  facet normal -0.656563 -0.262625 -0.707074
    outer loop
      vertex 54.6097 30.9567 -4.25
      vertex 56.688 31.8187 -6.5
      vertex 56.6884 31.8177 -6.5
    endloop
  endfacet
  facet normal -0.639602 -0.302499 -0.706684
    outer loop
      vertex 56.688 31.8187 -6.5
      vertex 54.6097 30.9567 -4.25
      vertex 54.5048 31.1785 -4.25
    endloop
  endfacet
  facet normal -0.532281 0.465746 -0.706935
    outer loop
      vertex 55.9711 26.9858 -6.5
      vertex 54.2325 28.414 -4.25
      vertex 55.9718 26.9866 -6.5
    endloop
  endfacet
  facet normal -0.524345 0.475025 -0.706692
    outer loop
      vertex 54.2325 28.414 -4.25
      vertex 55.9711 26.9858 -6.5
      vertex 54.0678 28.2322 -4.25
    endloop
  endfacet
  facet normal 0.695757 0.126501 -0.70705
    outer loop
      vertex 47.6411 29.0744 -6.5
      vertex 49.848 29.5123 -4.25
      vertex 47.6413 29.0733 -6.5
    endloop
  endfacet
  facet normal 0.699879 0.103814 -0.706677
    outer loop
      vertex 49.848 29.5123 -4.25
      vertex 47.6411 29.0744 -6.5
      vertex 49.812 29.755 -4.25
    endloop
  endfacet
  facet normal -0.302592 -0.639567 -0.706677
    outer loop
      vertex 54.1187 34.388 -6.5
      vertex 54.5391 34.1891 -6.5
      vertex 53.4785 32.2048 -4.25
    endloop
  endfacet
  facet normal 0.666152 0.238433 -0.706676
    outer loop
      vertex 49.9903 29.0433 -4.25
      vertex 47.9116 28.1823 -6.5
      vertex 47.7549 28.6201 -6.5
    endloop
  endfacet
  facet normal 0.686339 0.171873 -0.706681
    outer loop
      vertex 47.6415 29.0723 -6.5
      vertex 49.848 29.5123 -4.25
      vertex 49.9076 29.2743 -4.25
    endloop
  endfacet
  facet normal 0.693384 0.138677 -0.707098
    outer loop
      vertex 49.848 29.5123 -4.25
      vertex 47.6415 29.0723 -6.5
      vertex 47.6413 29.0733 -6.5
    endloop
  endfacet
  facet normal 0.606871 0.363758 -0.706674
    outer loop
      vertex 50.0952 28.8215 -4.25
      vertex 48.35 27.362 -6.5
      vertex 48.1109 27.7609 -6.5
    endloop
  endfacet
  facet normal 0.706691 -0.0346134 -0.706675
    outer loop
      vertex 47.5728 30.4645 -6.5
      vertex 49.812 30.245 -4.25
      vertex 49.8 30 -4.25
    endloop
  endfacet
  facet normal 0.704222 -0.0640202 -0.707087
    outer loop
      vertex 49.812 30.245 -4.25
      vertex 47.5728 30.4645 -6.5
      vertex 47.5729 30.4656 -6.5
    endloop
  endfacet
  facet normal 0.36373 -0.606891 -0.706671
    outer loop
      vertex 50.9111 32.0787 -4.25
      vertex 49.662 33.95 -6.5
      vertex 51.1215 32.2048 -4.25
    endloop
  endfacet
  facet normal 0.31747 -0.63494 -0.704318
    outer loop
      vertex 49.662 33.95 -6.5
      vertex 50.9111 32.0787 -4.25
      vertex 49.661 33.9495 -6.5
    endloop
  endfacet
  facet normal -0.262625 0.656563 -0.707074
    outer loop
      vertex 53.2567 27.6903 -4.25
      vertex 54.1187 25.612 -6.5
      vertex 54.1177 25.6116 -6.5
    endloop
  endfacet
  facet normal -0.302499 0.639602 -0.706684
    outer loop
      vertex 54.1187 25.612 -6.5
      vertex 53.2567 27.6903 -4.25
      vertex 53.4785 27.7952 -4.25
    endloop
  endfacet
  facet normal -0.532281 -0.465746 -0.706935
    outer loop
      vertex 54.2325 31.586 -4.25
      vertex 55.9711 33.0142 -6.5
      vertex 55.9718 33.0134 -6.5
    endloop
  endfacet
  facet normal -0.524345 -0.475025 -0.706692
    outer loop
      vertex 55.9711 33.0142 -6.5
      vertex 54.2325 31.586 -4.25
      vertex 54.0678 31.7678 -4.25
    endloop
  endfacet
  facet normal -0.363758 -0.606871 -0.706674
    outer loop
      vertex 54.5391 34.1891 -6.5
      vertex 54.938 33.95 -6.5
      vertex 53.4785 32.2048 -4.25
    endloop
  endfacet
  facet normal -0.31747 -0.63494 -0.704318
    outer loop
      vertex 53.6889 32.0787 -4.25
      vertex 54.938 33.95 -6.5
      vertex 54.939 33.9495 -6.5
    endloop
  endfacet
  facet normal -0.36373 -0.606891 -0.706671
    outer loop
      vertex 54.938 33.95 -6.5
      vertex 53.6889 32.0787 -4.25
      vertex 53.4785 32.2048 -4.25
    endloop
  endfacet
  facet normal -0.639567 -0.302592 -0.706677
    outer loop
      vertex 56.4891 32.2391 -6.5
      vertex 56.688 31.8187 -6.5
      vertex 54.5048 31.1785 -4.25
    endloop
  endfacet
  facet normal -0.666152 -0.238433 -0.706676
    outer loop
      vertex 56.6884 31.8177 -6.5
      vertex 56.8451 31.3799 -6.5
      vertex 54.6097 30.9567 -4.25
    endloop
  endfacet
  facet normal -0.699867 0.103915 -0.706674
    outer loop
      vertex 57.027 29.5333 -6.5
      vertex 56.9587 29.0733 -6.5
      vertex 54.752 29.5123 -4.25
    endloop
  endfacet
  facet normal 0.666138 -0.238483 -0.706672
    outer loop
      vertex 49.9076 30.7257 -4.25
      vertex 47.7549 31.3799 -6.5
      vertex 49.9903 30.9567 -4.25
    endloop
  endfacet
  facet normal 0.657745 -0.263098 -0.705798
    outer loop
      vertex 47.7549 31.3799 -6.5
      vertex 49.9076 30.7257 -4.25
      vertex 47.7545 31.3789 -6.5
    endloop
  endfacet
  facet normal 0.639602 0.302499 -0.706684
    outer loop
      vertex 47.912 28.1813 -6.5
      vertex 49.9903 29.0433 -4.25
      vertex 50.0952 28.8215 -4.25
    endloop
  endfacet
  facet normal 0.656563 0.262625 -0.707074
    outer loop
      vertex 49.9903 29.0433 -4.25
      vertex 47.912 28.1813 -6.5
      vertex 47.9116 28.1823 -6.5
    endloop
  endfacet
  facet normal 0.568225 0.421567 -0.706683
    outer loop
      vertex 50.2213 28.6111 -4.25
      vertex 48.6276 26.9875 -6.5
      vertex 48.3505 27.361 -6.5
    endloop
  endfacet
  facet normal -0.302592 0.639567 -0.706677
    outer loop
      vertex 54.5391 25.8109 -6.5
      vertex 54.1187 25.612 -6.5
      vertex 53.4785 27.7952 -4.25
    endloop
  endfacet
  facet normal -0.568225 0.421567 -0.706683
    outer loop
      vertex 56.2495 27.361 -6.5
      vertex 55.9724 26.9875 -6.5
      vertex 54.3787 28.6111 -4.25
    endloop
  endfacet
  facet normal 0.238432 0.666149 -0.706679
    outer loop
      vertex 51.5743 27.6076 -4.25
      vertex 50.9211 25.4545 -6.5
      vertex 50.4833 25.6112 -6.5
    endloop
  endfacet
  facet normal 0.666152 -0.238433 -0.706676
    outer loop
      vertex 47.9116 31.8177 -6.5
      vertex 49.9903 30.9567 -4.25
      vertex 47.7549 31.3799 -6.5
    endloop
  endfacet
  facet normal -0.126907 0.69799 -0.704773
    outer loop
      vertex 53.6778 25.4543 -6.5
      vertex 53.0257 27.6076 -4.25
      vertex 53.6789 25.4545 -6.5
    endloop
  endfacet
  facet normal -0.171876 0.686352 -0.706668
    outer loop
      vertex 53.0257 27.6076 -4.25
      vertex 53.6778 25.4543 -6.5
      vertex 52.7877 27.548 -4.25
    endloop
  endfacet
  facet normal -0.704222 -0.0640202 -0.707087
    outer loop
      vertex 54.788 30.245 -4.25
      vertex 57.027 30.4667 -6.5
      vertex 57.0271 30.4656 -6.5
    endloop
  endfacet
  facet normal -0.699874 -0.103813 -0.706682
    outer loop
      vertex 57.027 30.4667 -6.5
      vertex 54.788 30.245 -4.25
      vertex 54.752 30.4877 -4.25
    endloop
  endfacet
  facet normal -0.69799 0.126907 -0.704773
    outer loop
      vertex 54.6924 29.2743 -4.25
      vertex 56.8457 28.6222 -6.5
      vertex 56.8455 28.6211 -6.5
    endloop
  endfacet
  facet normal -0.686352 0.171876 -0.706668
    outer loop
      vertex 56.8457 28.6222 -6.5
      vertex 54.6924 29.2743 -4.25
      vertex 54.752 29.5123 -4.25
    endloop
  endfacet
  facet normal 0.363758 -0.606871 -0.706674
    outer loop
      vertex 50.0609 34.1891 -6.5
      vertex 51.1215 32.2048 -4.25
      vertex 49.662 33.95 -6.5
    endloop
  endfacet
  facet normal 0.475126 0.524267 -0.706682
    outer loop
      vertex 50.5322 28.2322 -4.25
      vertex 49.2858 26.3289 -6.5
      vertex 48.9412 26.6412 -6.5
    endloop
  endfacet
  facet normal -0.704222 0.0640202 -0.707087
    outer loop
      vertex 57.027 29.5333 -6.5
      vertex 54.788 29.755 -4.25
      vertex 57.0271 29.5344 -6.5
    endloop
  endfacet
  facet normal -0.699874 0.103813 -0.706682
    outer loop
      vertex 54.788 29.755 -4.25
      vertex 57.027 29.5333 -6.5
      vertex 54.752 29.5123 -4.25
    endloop
  endfacet
  facet normal -0.704222 0.0640202 -0.707087
    outer loop
      vertex 54.788 29.755 -4.25
      vertex 57.0272 29.5355 -6.5
      vertex 57.0271 29.5344 -6.5
    endloop
  endfacet
  facet normal -0.706691 0.0346134 -0.706675
    outer loop
      vertex 57.0272 29.5355 -6.5
      vertex 54.788 29.755 -4.25
      vertex 54.8 30 -4.25
    endloop
  endfacet
  facet normal 0.421396 -0.568352 -0.706683
    outer loop
      vertex 49.6602 33.9488 -6.5
      vertex 50.714 31.9325 -4.25
      vertex 49.2866 33.6718 -6.5
    endloop
  endfacet
  facet normal 0.475126 -0.524267 -0.706682
    outer loop
      vertex 49.2858 33.6711 -6.5
      vertex 50.5322 31.7678 -4.25
      vertex 48.9412 33.3588 -6.5
    endloop
  endfacet
  facet normal 0.524345 -0.475025 -0.706692
    outer loop
      vertex 50.3675 31.586 -4.25
      vertex 48.6289 33.0142 -6.5
      vertex 50.5322 31.7678 -4.25
    endloop
  endfacet
  facet normal 0.532281 -0.465746 -0.706935
    outer loop
      vertex 48.6289 33.0142 -6.5
      vertex 50.3675 31.586 -4.25
      vertex 48.6282 33.0134 -6.5
    endloop
  endfacet
  facet normal 0.686339 -0.171873 -0.706681
    outer loop
      vertex 49.848 30.4877 -4.25
      vertex 47.6415 30.9277 -6.5
      vertex 49.9076 30.7257 -4.25
    endloop
  endfacet
  facet normal 0.693384 -0.138677 -0.707098
    outer loop
      vertex 47.6415 30.9277 -6.5
      vertex 49.848 30.4877 -4.25
      vertex 47.6413 30.9267 -6.5
    endloop
  endfacet
  facet normal 0.69989 0.103766 -0.706673
    outer loop
      vertex 49.812 29.755 -4.25
      vertex 47.6411 29.0744 -6.5
      vertex 47.5729 29.5344 -6.5
    endloop
  endfacet
  facet normal -0.238433 -0.666152 -0.706676
    outer loop
      vertex 53.6799 34.5451 -6.5
      vertex 54.1177 34.3884 -6.5
      vertex 53.2567 32.3097 -4.25
    endloop
  endfacet
  facet normal 0.238427 -0.666135 -0.706694
    outer loop
      vertex 50.9211 34.5455 -6.5
      vertex 51.5743 32.3923 -4.25
      vertex 50.4833 34.3888 -6.5
    endloop
  endfacet
  facet normal 0.302592 -0.639567 -0.706677
    outer loop
      vertex 50.4813 34.388 -6.5
      vertex 51.1215 32.2048 -4.25
      vertex 50.0609 34.1891 -6.5
    endloop
  endfacet
  facet normal 0.103814 0.699879 -0.706677
    outer loop
      vertex 51.3744 25.3411 -6.5
      vertex 51.8123 27.548 -4.25
      vertex 52.055 27.512 -4.25
    endloop
  endfacet
  facet normal 0.126501 0.695757 -0.70705
    outer loop
      vertex 51.8123 27.548 -4.25
      vertex 51.3744 25.3411 -6.5
      vertex 51.3733 25.3413 -6.5
    endloop
  endfacet
  facet normal -0.657745 0.263098 -0.705798
    outer loop
      vertex 56.8451 28.6201 -6.5
      vertex 54.6924 29.2743 -4.25
      vertex 56.8455 28.6211 -6.5
    endloop
  endfacet
  facet normal -0.666138 0.238483 -0.706672
    outer loop
      vertex 54.6924 29.2743 -4.25
      vertex 56.8451 28.6201 -6.5
      vertex 54.6097 29.0433 -4.25
    endloop
  endfacet
  facet normal -0.421396 0.568352 -0.706683
    outer loop
      vertex 55.3134 26.3282 -6.5
      vertex 54.9398 26.0512 -6.5
      vertex 53.886 28.0675 -4.25
    endloop
  endfacet
  facet normal 0.302592 0.639567 -0.706677
    outer loop
      vertex 51.1215 27.7952 -4.25
      vertex 50.4813 25.612 -6.5
      vertex 50.0609 25.8109 -6.5
    endloop
  endfacet
  facet normal 0.034688 0.706693 -0.70667
    outer loop
      vertex 52.055 27.512 -4.25
      vertex 52.2989 25.2501 -6.5
      vertex 51.8344 25.2729 -6.5
    endloop
  endfacet
  facet normal -0.606871 0.363758 -0.706674
    outer loop
      vertex 56.4891 27.7609 -6.5
      vertex 56.25 27.362 -6.5
      vertex 54.5048 28.8215 -4.25
    endloop
  endfacet
  facet normal 0.706681 0.0346875 -0.706681
    outer loop
      vertex 49.8 30 -4.25
      vertex 47.5728 29.5355 -6.5
      vertex 47.55 30 -6.5
    endloop
  endfacet
  facet normal 0.704222 0.0640202 -0.707087
    outer loop
      vertex 47.5728 29.5355 -6.5
      vertex 49.812 29.755 -4.25
      vertex 47.5729 29.5344 -6.5
    endloop
  endfacet
  facet normal 0.706691 0.0346134 -0.706675
    outer loop
      vertex 49.812 29.755 -4.25
      vertex 47.5728 29.5355 -6.5
      vertex 49.8 30 -4.25
    endloop
  endfacet
  facet normal -0.126501 0.695757 -0.70705
    outer loop
      vertex 53.2256 25.3411 -6.5
      vertex 52.7877 27.548 -4.25
      vertex 53.2267 25.3413 -6.5
    endloop
  endfacet
  facet normal -0.103814 0.699879 -0.706677
    outer loop
      vertex 52.7877 27.548 -4.25
      vertex 53.2256 25.3411 -6.5
      vertex 52.545 27.512 -4.25
    endloop
  endfacet
  facet normal -0.421396 -0.568352 -0.706683
    outer loop
      vertex 54.9398 33.9488 -6.5
      vertex 55.3134 33.6718 -6.5
      vertex 53.886 31.9325 -4.25
    endloop
  endfacet
  facet normal -0.103766 -0.69989 -0.706673
    outer loop
      vertex 52.7656 34.7271 -6.5
      vertex 53.2256 34.6589 -6.5
      vertex 52.545 32.488 -4.25
    endloop
  endfacet
  facet normal 0.686337 0.171888 -0.70668
    outer loop
      vertex 49.9076 29.2743 -4.25
      vertex 47.7545 28.6211 -6.5
      vertex 47.6415 29.0723 -6.5
    endloop
  endfacet
  facet normal -0.686352 -0.171876 -0.706668
    outer loop
      vertex 54.6924 30.7257 -4.25
      vertex 56.8457 31.3778 -6.5
      vertex 54.752 30.4877 -4.25
    endloop
  endfacet
  facet normal -0.69799 -0.126907 -0.704773
    outer loop
      vertex 56.8457 31.3778 -6.5
      vertex 54.6924 30.7257 -4.25
      vertex 56.8455 31.3789 -6.5
    endloop
  endfacet
  facet normal -0.0346134 0.70669 -0.706676
    outer loop
      vertex 52.3011 25.2501 -6.5
      vertex 52.3 27.5 -4.25
      vertex 52.545 27.512 -4.25
    endloop
  endfacet
  facet normal -0.06415 0.70565 -0.70565
    outer loop
      vertex 52.3 27.5 -4.25
      vertex 52.3011 25.2501 -6.5
      vertex 52.3 25.25 -6.5
    endloop
  endfacet
  facet normal -0.524267 0.475126 -0.706682
    outer loop
      vertex 55.9711 26.9858 -6.5
      vertex 55.6588 26.6412 -6.5
      vertex 54.0678 28.2322 -4.25
    endloop
  endfacet
  facet normal 0.262625 0.656563 -0.707074
    outer loop
      vertex 50.4813 25.612 -6.5
      vertex 51.3433 27.6903 -4.25
      vertex 50.4823 25.6116 -6.5
    endloop
  endfacet
  facet normal 0.302499 0.639602 -0.706684
    outer loop
      vertex 51.3433 27.6903 -4.25
      vertex 50.4813 25.612 -6.5
      vertex 51.1215 27.7952 -4.25
    endloop
  endfacet
  facet normal -0.421521 -0.568275 -0.706671
    outer loop
      vertex 53.6889 32.0787 -4.25
      vertex 54.9398 33.9488 -6.5
      vertex 53.886 31.9325 -4.25
    endloop
  endfacet
  facet normal -0.467591 -0.53439 -0.704121
    outer loop
      vertex 54.9398 33.9488 -6.5
      vertex 53.6889 32.0787 -4.25
      vertex 54.939 33.9495 -6.5
    endloop
  endfacet
  facet normal -0.475025 -0.524345 -0.706692
    outer loop
      vertex 53.886 31.9325 -4.25
      vertex 55.3142 33.6711 -6.5
      vertex 54.0678 31.7678 -4.25
    endloop
  endfacet
  facet normal -0.465746 -0.532281 -0.706935
    outer loop
      vertex 55.3142 33.6711 -6.5
      vertex 53.886 31.9325 -4.25
      vertex 55.3134 33.6718 -6.5
    endloop
  endfacet
  facet normal 0.699879 -0.103814 -0.706677
    outer loop
      vertex 47.6411 30.9256 -6.5
      vertex 49.848 30.4877 -4.25
      vertex 49.812 30.245 -4.25
    endloop
  endfacet
  facet normal 0.695757 -0.126501 -0.70705
    outer loop
      vertex 49.848 30.4877 -4.25
      vertex 47.6411 30.9256 -6.5
      vertex 47.6413 30.9267 -6.5
    endloop
  endfacet
  facet normal 0.238479 0.666128 -0.706684
    outer loop
      vertex 50.4833 25.6112 -6.5
      vertex 51.3433 27.6903 -4.25
      vertex 51.5743 27.6076 -4.25
    endloop
  endfacet
  facet normal 0.262625 0.656563 -0.707074
    outer loop
      vertex 51.3433 27.6903 -4.25
      vertex 50.4833 25.6112 -6.5
      vertex 50.4823 25.6116 -6.5
    endloop
  endfacet
  facet normal -0.706691 -0.0346134 -0.706675
    outer loop
      vertex 54.788 30.245 -4.25
      vertex 57.0272 30.4645 -6.5
      vertex 54.8 30 -4.25
    endloop
  endfacet
  facet normal -0.704222 -0.0640202 -0.707087
    outer loop
      vertex 57.0272 30.4645 -6.5
      vertex 54.788 30.245 -4.25
      vertex 57.0271 30.4656 -6.5
    endloop
  endfacet
  facet normal 0.63494 0.31747 -0.704318
    outer loop
      vertex 48.35 27.362 -6.5
      vertex 50.2213 28.6111 -4.25
      vertex 48.3505 27.361 -6.5
    endloop
  endfacet
  facet normal 0.606891 0.36373 -0.706671
    outer loop
      vertex 50.2213 28.6111 -4.25
      vertex 48.35 27.362 -6.5
      vertex 50.0952 28.8215 -4.25
    endloop
  endfacet
  facet normal 0.639602 -0.302499 -0.706684
    outer loop
      vertex 49.9903 30.9567 -4.25
      vertex 47.912 31.8187 -6.5
      vertex 50.0952 31.1785 -4.25
    endloop
  endfacet
  facet normal 0.656563 -0.262625 -0.707074
    outer loop
      vertex 47.912 31.8187 -6.5
      vertex 49.9903 30.9567 -4.25
      vertex 47.9116 31.8177 -6.5
    endloop
  endfacet
  facet normal -0.475126 0.524267 -0.706682
    outer loop
      vertex 55.6588 26.6412 -6.5
      vertex 55.3142 26.3289 -6.5
      vertex 54.0678 28.2322 -4.25
    endloop
  endfacet
  facet normal 0.363758 0.606871 -0.706674
    outer loop
      vertex 51.1215 27.7952 -4.25
      vertex 50.0609 25.8109 -6.5
      vertex 49.662 26.05 -6.5
    endloop
  endfacet
  facet normal 0.103766 0.69989 -0.706673
    outer loop
      vertex 52.055 27.512 -4.25
      vertex 51.8344 25.2729 -6.5
      vertex 51.3744 25.3411 -6.5
    endloop
  endfacet
  facet normal 0.171888 0.686337 -0.70668
    outer loop
      vertex 51.5743 27.6076 -4.25
      vertex 51.3723 25.3415 -6.5
      vertex 50.9211 25.4545 -6.5
    endloop
  endfacet
  facet normal -0.31747 0.63494 -0.704318
    outer loop
      vertex 54.938 26.05 -6.5
      vertex 53.6889 27.9213 -4.25
      vertex 54.939 26.0505 -6.5
    endloop
  endfacet
  facet normal -0.36373 0.606891 -0.706671
    outer loop
      vertex 53.6889 27.9213 -4.25
      vertex 54.938 26.05 -6.5
      vertex 53.4785 27.7952 -4.25
    endloop
  endfacet
  facet normal 0.138677 0.693384 -0.707098
    outer loop
      vertex 51.3723 25.3415 -6.5
      vertex 51.8123 27.548 -4.25
      vertex 51.3733 25.3413 -6.5
    endloop
  endfacet
  facet normal 0.171873 0.686339 -0.706681
    outer loop
      vertex 51.8123 27.548 -4.25
      vertex 51.3723 25.3415 -6.5
      vertex 51.5743 27.6076 -4.25
    endloop
  endfacet
  facet normal 0.666138 0.238483 -0.706672
    outer loop
      vertex 47.7549 28.6201 -6.5
      vertex 49.9076 29.2743 -4.25
      vertex 49.9903 29.0433 -4.25
    endloop
  endfacet
  facet normal 0.657745 0.263098 -0.705798
    outer loop
      vertex 49.9076 29.2743 -4.25
      vertex 47.7549 28.6201 -6.5
      vertex 47.7545 28.6211 -6.5
    endloop
  endfacet
  facet normal 0.524345 0.475025 -0.706692
    outer loop
      vertex 48.6289 26.9858 -6.5
      vertex 50.3675 28.414 -4.25
      vertex 50.5322 28.2322 -4.25
    endloop
  endfacet
  facet normal 0.532281 0.465746 -0.706935
    outer loop
      vertex 50.3675 28.414 -4.25
      vertex 48.6289 26.9858 -6.5
      vertex 48.6282 26.9866 -6.5
    endloop
  endfacet
  facet normal -0.126905 -0.697975 -0.704788
    outer loop
      vertex 53.0257 32.3923 -4.25
      vertex 53.6778 34.5457 -6.5
      vertex 53.6789 34.5455 -6.5
    endloop
  endfacet
  facet normal -0.172142 -0.686263 -0.70669
    outer loop
      vertex 53.6778 34.5457 -6.5
      vertex 53.0257 32.3923 -4.25
      vertex 52.7877 32.452 -4.25
    endloop
  endfacet
  facet normal 0.302499 -0.639602 -0.706684
    outer loop
      vertex 50.4813 34.388 -6.5
      vertex 51.3433 32.3097 -4.25
      vertex 51.1215 32.2048 -4.25
    endloop
  endfacet
  facet normal 0.262625 -0.656563 -0.707074
    outer loop
      vertex 51.3433 32.3097 -4.25
      vertex 50.4813 34.388 -6.5
      vertex 50.4823 34.3884 -6.5
    endloop
  endfacet
  facet normal -0.467591 0.53439 -0.704121
    outer loop
      vertex 53.6889 27.9213 -4.25
      vertex 54.9398 26.0512 -6.5
      vertex 54.939 26.0505 -6.5
    endloop
  endfacet
  facet normal -0.421521 0.568275 -0.706671
    outer loop
      vertex 54.9398 26.0512 -6.5
      vertex 53.6889 27.9213 -4.25
      vertex 53.886 28.0675 -4.25
    endloop
  endfacet
  facet normal 0.103814 -0.699879 -0.706677
    outer loop
      vertex 51.8123 32.452 -4.25
      vertex 51.3744 34.6589 -6.5
      vertex 52.055 32.488 -4.25
    endloop
  endfacet
  facet normal 0.126501 -0.695757 -0.70705
    outer loop
      vertex 51.3744 34.6589 -6.5
      vertex 51.8123 32.452 -4.25
      vertex 51.3733 34.6587 -6.5
    endloop
  endfacet
  facet normal -0.263098 0.657745 -0.705798
    outer loop
      vertex 53.0257 27.6076 -4.25
      vertex 53.6799 25.4549 -6.5
      vertex 53.6789 25.4545 -6.5
    endloop
  endfacet
  facet normal -0.238483 0.666138 -0.706672
    outer loop
      vertex 53.6799 25.4549 -6.5
      vertex 53.0257 27.6076 -4.25
      vertex 53.2567 27.6903 -4.25
    endloop
  endfacet
  facet normal 0.238226 -0.666225 -0.706677
    outer loop
      vertex 51.3433 32.3097 -4.25
      vertex 50.4833 34.3888 -6.5
      vertex 51.5743 32.3923 -4.25
    endloop
  endfacet
  facet normal 0.262625 -0.656563 -0.707074
    outer loop
      vertex 50.4833 34.3888 -6.5
      vertex 51.3433 32.3097 -4.25
      vertex 50.4823 34.3884 -6.5
    endloop
  endfacet
  facet normal -0.989203 -0.146549 0
    outer loop
      vertex 54.788 149.745 -4.25
      vertex 54.752 149.988 0
      vertex 54.752 149.988 -4.25
    endloop
  endfacet
  facet normal -0.989203 -0.146549 0
    outer loop
      vertex 54.752 149.988 0
      vertex 54.788 149.745 -4.25
      vertex 54.788 149.745 0
    endloop
  endfacet
  facet normal -0.998803 -0.0489209 0
    outer loop
      vertex 54.8 149.5 -4.25
      vertex 54.788 149.745 0
      vertex 54.788 149.745 -4.25
    endloop
  endfacet
  facet normal -0.998803 -0.0489209 0
    outer loop
      vertex 54.788 149.745 0
      vertex 54.8 149.5 -4.25
      vertex 54.8 149.5 0
    endloop
  endfacet
  facet normal -0.970047 -0.242919 0
    outer loop
      vertex 54.752 149.988 -4.25
      vertex 54.6924 150.226 0
      vertex 54.6924 150.226 -4.25
    endloop
  endfacet
  facet normal -0.970047 -0.242919 0
    outer loop
      vertex 54.6924 150.226 0
      vertex 54.752 149.988 -4.25
      vertex 54.752 149.988 0
    endloop
  endfacet
  facet normal 0.244452 -0.969661 0
    outer loop
      vertex 51.5743 151.892 -4.25
      vertex 51.8123 151.952 0
      vertex 51.5743 151.892 0
    endloop
  endfacet
  facet normal 0.244452 -0.969661 0
    outer loop
      vertex 51.8123 151.952 0
      vertex 51.5743 151.892 -4.25
      vertex 51.8123 151.952 -4.25
    endloop
  endfacet
  facet normal 0.903396 0.428807 0
    outer loop
      vertex 50.0952 148.322 0
      vertex 49.9903 148.543 -4.25
      vertex 49.9903 148.543 0
    endloop
  endfacet
  facet normal 0.903396 0.428807 0
    outer loop
      vertex 49.9903 148.543 -4.25
      vertex 50.0952 148.322 0
      vertex 50.0952 148.322 -4.25
    endloop
  endfacet
  facet normal -0.427876 0.903837 0
    outer loop
      vertex 53.4785 147.295 -4.25
      vertex 53.2567 147.19 0
      vertex 53.4785 147.295 0
    endloop
  endfacet
  facet normal -0.427876 0.903837 0
    outer loop
      vertex 53.2567 147.19 0
      vertex 53.4785 147.295 -4.25
      vertex 53.2567 147.19 -4.25
    endloop
  endfacet
  facet normal -0.513776 -0.857924 0
    outer loop
      vertex 53.4785 151.705 -4.25
      vertex 53.6889 151.579 0
      vertex 53.4785 151.705 0
    endloop
  endfacet
  facet normal -0.513776 -0.857924 -0
    outer loop
      vertex 53.6889 151.579 0
      vertex 53.4785 151.705 -4.25
      vertex 53.6889 151.579 -4.25
    endloop
  endfacet
  facet normal -0.513776 0.857924 0
    outer loop
      vertex 53.6889 147.421 -4.25
      vertex 53.4785 147.295 0
      vertex 53.6889 147.421 0
    endloop
  endfacet
  facet normal -0.513776 0.857924 0
    outer loop
      vertex 53.4785 147.295 0
      vertex 53.6889 147.421 -4.25
      vertex 53.4785 147.295 -4.25
    endloop
  endfacet
  facet normal -0.334527 0.942386 0
    outer loop
      vertex 53.2567 147.19 -4.25
      vertex 53.0257 147.108 0
      vertex 53.2567 147.19 0
    endloop
  endfacet
  facet normal -0.334527 0.942386 0
    outer loop
      vertex 53.0257 147.108 0
      vertex 53.2567 147.19 -4.25
      vertex 53.0257 147.108 -4.25
    endloop
  endfacet
  facet normal 0.970047 -0.242919 0
    outer loop
      vertex 49.848 149.988 0
      vertex 49.9076 150.226 -4.25
      vertex 49.9076 150.226 0
    endloop
  endfacet
  facet normal 0.970047 -0.242919 0
    outer loop
      vertex 49.9076 150.226 -4.25
      vertex 49.848 149.988 0
      vertex 49.848 149.988 -4.25
    endloop
  endfacet
  facet normal 0.672064 -0.740493 0
    outer loop
      vertex 50.5322 151.268 -4.25
      vertex 50.714 151.433 0
      vertex 50.5322 151.268 0
    endloop
  endfacet
  facet normal 0.672064 -0.740493 0
    outer loop
      vertex 50.714 151.433 0
      vertex 50.5322 151.268 -4.25
      vertex 50.714 151.433 -4.25
    endloop
  endfacet
  facet normal 0.513776 -0.857924 0
    outer loop
      vertex 50.9111 151.579 -4.25
      vertex 51.1215 151.705 0
      vertex 50.9111 151.579 0
    endloop
  endfacet
  facet normal 0.513776 -0.857924 0
    outer loop
      vertex 51.1215 151.705 0
      vertex 50.9111 151.579 -4.25
      vertex 51.1215 151.705 -4.25
    endloop
  endfacet
  facet normal -0.146726 0.989177 0
    outer loop
      vertex 52.7877 147.048 -4.25
      vertex 52.545 147.012 0
      vertex 52.7877 147.048 0
    endloop
  endfacet
  facet normal -0.146726 0.989177 0
    outer loop
      vertex 52.545 147.012 0
      vertex 52.7877 147.048 -4.25
      vertex 52.545 147.012 -4.25
    endloop
  endfacet
  facet normal 0.803023 -0.595949 0
    outer loop
      vertex 50.2213 150.889 0
      vertex 50.3675 151.086 -4.25
      vertex 50.3675 151.086 0
    endloop
  endfacet
  facet normal 0.803023 -0.595949 0
    outer loop
      vertex 50.3675 151.086 -4.25
      vertex 50.2213 150.889 0
      vertex 50.2213 150.889 -4.25
    endloop
  endfacet
  facet normal -0.903396 -0.428807 0
    outer loop
      vertex 54.6097 150.457 -4.25
      vertex 54.5048 150.678 0
      vertex 54.5048 150.678 -4.25
    endloop
  endfacet
  facet normal -0.903396 -0.428807 0
    outer loop
      vertex 54.5048 150.678 0
      vertex 54.6097 150.457 -4.25
      vertex 54.6097 150.457 0
    endloop
  endfacet
  facet normal 0.941483 -0.337059 0
    outer loop
      vertex 49.9076 150.226 0
      vertex 49.9903 150.457 -4.25
      vertex 49.9903 150.457 0
    endloop
  endfacet
  facet normal 0.941483 -0.337059 0
    outer loop
      vertex 49.9903 150.457 -4.25
      vertex 49.9076 150.226 0
      vertex 49.9076 150.226 -4.25
    endloop
  endfacet
  facet normal 0.334527 0.942386 -0
    outer loop
      vertex 51.5743 147.108 -4.25
      vertex 51.3433 147.19 0
      vertex 51.5743 147.108 0
    endloop
  endfacet
  facet normal 0.334527 0.942386 0
    outer loop
      vertex 51.3433 147.19 0
      vertex 51.5743 147.108 -4.25
      vertex 51.3433 147.19 -4.25
    endloop
  endfacet
  facet normal -0.595228 -0.803557 0
    outer loop
      vertex 53.6889 151.579 -4.25
      vertex 53.886 151.433 0
      vertex 53.6889 151.579 0
    endloop
  endfacet
  facet normal -0.595228 -0.803557 -0
    outer loop
      vertex 53.886 151.433 0
      vertex 53.6889 151.579 -4.25
      vertex 53.886 151.433 -4.25
    endloop
  endfacet
  facet normal 0.903396 -0.428807 0
    outer loop
      vertex 49.9903 150.457 0
      vertex 50.0952 150.678 -4.25
      vertex 50.0952 150.678 0
    endloop
  endfacet
  facet normal 0.903396 -0.428807 0
    outer loop
      vertex 50.0952 150.678 -4.25
      vertex 49.9903 150.457 0
      vertex 49.9903 150.457 -4.25
    endloop
  endfacet
  facet normal -0.803023 0.595949 0
    outer loop
      vertex 54.2325 147.914 -4.25
      vertex 54.3787 148.111 0
      vertex 54.3787 148.111 -4.25
    endloop
  endfacet
  facet normal -0.803023 0.595949 0
    outer loop
      vertex 54.3787 148.111 0
      vertex 54.2325 147.914 -4.25
      vertex 54.2325 147.914 0
    endloop
  endfacet
  facet normal -0.146726 -0.989177 0
    outer loop
      vertex 52.545 151.988 -4.25
      vertex 52.7877 151.952 0
      vertex 52.545 151.988 0
    endloop
  endfacet
  facet normal -0.146726 -0.989177 -0
    outer loop
      vertex 52.7877 151.952 0
      vertex 52.545 151.988 -4.25
      vertex 52.7877 151.952 -4.25
    endloop
  endfacet
  facet normal 0.989203 -0.146549 0
    outer loop
      vertex 49.812 149.745 0
      vertex 49.848 149.988 -4.25
      vertex 49.848 149.988 0
    endloop
  endfacet
  facet normal 0.989203 -0.146549 0
    outer loop
      vertex 49.848 149.988 -4.25
      vertex 49.812 149.745 0
      vertex 49.812 149.745 -4.25
    endloop
  endfacet
  facet normal -0.803023 -0.595949 0
    outer loop
      vertex 54.3787 150.889 -4.25
      vertex 54.2325 151.086 0
      vertex 54.2325 151.086 -4.25
    endloop
  endfacet
  facet normal -0.803023 -0.595949 0
    outer loop
      vertex 54.2325 151.086 0
      vertex 54.3787 150.889 -4.25
      vertex 54.3787 150.889 0
    endloop
  endfacet
  facet normal -0.0489209 -0.998803 0
    outer loop
      vertex 52.3 152 -4.25
      vertex 52.545 151.988 0
      vertex 52.3 152 0
    endloop
  endfacet
  facet normal -0.0489209 -0.998803 -0
    outer loop
      vertex 52.545 151.988 0
      vertex 52.3 152 -4.25
      vertex 52.545 151.988 -4.25
    endloop
  endfacet
  facet normal 0.146726 -0.989177 0
    outer loop
      vertex 51.8123 151.952 -4.25
      vertex 52.055 151.988 0
      vertex 51.8123 151.952 0
    endloop
  endfacet
  facet normal 0.146726 -0.989177 0
    outer loop
      vertex 52.055 151.988 0
      vertex 51.8123 151.952 -4.25
      vertex 52.055 151.988 -4.25
    endloop
  endfacet
  facet normal 0.858389 0.512999 0
    outer loop
      vertex 50.2213 148.111 0
      vertex 50.0952 148.322 -4.25
      vertex 50.0952 148.322 0
    endloop
  endfacet
  facet normal 0.858389 0.512999 0
    outer loop
      vertex 50.0952 148.322 -4.25
      vertex 50.2213 148.111 0
      vertex 50.2213 148.111 -4.25
    endloop
  endfacet
  facet normal 0.941483 0.337059 0
    outer loop
      vertex 49.9903 148.543 0
      vertex 49.9076 148.774 -4.25
      vertex 49.9076 148.774 0
    endloop
  endfacet
  facet normal 0.941483 0.337059 0
    outer loop
      vertex 49.9076 148.774 -4.25
      vertex 49.9903 148.543 0
      vertex 49.9903 148.543 -4.25
    endloop
  endfacet
  facet normal 0.427876 -0.903837 0
    outer loop
      vertex 51.1215 151.705 -4.25
      vertex 51.3433 151.81 0
      vertex 51.1215 151.705 0
    endloop
  endfacet
  facet normal 0.427876 -0.903837 0
    outer loop
      vertex 51.3433 151.81 0
      vertex 51.1215 151.705 -4.25
      vertex 51.3433 151.81 -4.25
    endloop
  endfacet
  facet normal -0.903396 0.428807 0
    outer loop
      vertex 54.5048 148.322 -4.25
      vertex 54.6097 148.543 0
      vertex 54.6097 148.543 -4.25
    endloop
  endfacet
  facet normal -0.903396 0.428807 0
    outer loop
      vertex 54.6097 148.543 0
      vertex 54.5048 148.322 -4.25
      vertex 54.5048 148.322 0
    endloop
  endfacet
  facet normal 0.595228 0.803557 -0
    outer loop
      vertex 50.9111 147.421 -4.25
      vertex 50.714 147.567 0
      vertex 50.9111 147.421 0
    endloop
  endfacet
  facet normal 0.595228 0.803557 0
    outer loop
      vertex 50.714 147.567 0
      vertex 50.9111 147.421 -4.25
      vertex 50.714 147.567 -4.25
    endloop
  endfacet
  facet normal 0.858389 -0.512999 0
    outer loop
      vertex 50.0952 150.678 0
      vertex 50.2213 150.889 -4.25
      vertex 50.2213 150.889 0
    endloop
  endfacet
  facet normal 0.858389 -0.512999 0
    outer loop
      vertex 50.2213 150.889 -4.25
      vertex 50.0952 150.678 0
      vertex 50.0952 150.678 -4.25
    endloop
  endfacet
  facet normal -0.998803 0.0489209 0
    outer loop
      vertex 54.788 149.255 -4.25
      vertex 54.8 149.5 0
      vertex 54.8 149.5 -4.25
    endloop
  endfacet
  facet normal -0.998803 0.0489209 0
    outer loop
      vertex 54.8 149.5 0
      vertex 54.788 149.255 -4.25
      vertex 54.788 149.255 0
    endloop
  endfacet
  facet normal -0.941483 0.337059 0
    outer loop
      vertex 54.6097 148.543 -4.25
      vertex 54.6924 148.774 0
      vertex 54.6924 148.774 -4.25
    endloop
  endfacet
  facet normal -0.941483 0.337059 0
    outer loop
      vertex 54.6924 148.774 0
      vertex 54.6097 148.543 -4.25
      vertex 54.6097 148.543 0
    endloop
  endfacet
  facet normal -0.244452 0.969661 0
    outer loop
      vertex 53.0257 147.108 -4.25
      vertex 52.7877 147.048 0
      vertex 53.0257 147.108 0
    endloop
  endfacet
  facet normal -0.244452 0.969661 0
    outer loop
      vertex 52.7877 147.048 0
      vertex 53.0257 147.108 -4.25
      vertex 52.7877 147.048 -4.25
    endloop
  endfacet
  facet normal -0.858389 -0.512999 0
    outer loop
      vertex 54.5048 150.678 -4.25
      vertex 54.3787 150.889 0
      vertex 54.3787 150.889 -4.25
    endloop
  endfacet
  facet normal -0.858389 -0.512999 0
    outer loop
      vertex 54.3787 150.889 0
      vertex 54.5048 150.678 -4.25
      vertex 54.5048 150.678 0
    endloop
  endfacet
  facet normal -0.941483 -0.337059 0
    outer loop
      vertex 54.6924 150.226 -4.25
      vertex 54.6097 150.457 0
      vertex 54.6097 150.457 -4.25
    endloop
  endfacet
  facet normal -0.941483 -0.337059 0
    outer loop
      vertex 54.6097 150.457 0
      vertex 54.6924 150.226 -4.25
      vertex 54.6924 150.226 0
    endloop
  endfacet
  facet normal 0.998803 0.0489209 0
    outer loop
      vertex 49.812 149.255 0
      vertex 49.8 149.5 -4.25
      vertex 49.8 149.5 0
    endloop
  endfacet
  facet normal 0.998803 0.0489209 0
    outer loop
      vertex 49.8 149.5 -4.25
      vertex 49.812 149.255 0
      vertex 49.812 149.255 -4.25
    endloop
  endfacet
  facet normal -0.989203 0.146549 0
    outer loop
      vertex 54.752 149.012 -4.25
      vertex 54.788 149.255 0
      vertex 54.788 149.255 -4.25
    endloop
  endfacet
  facet normal -0.989203 0.146549 0
    outer loop
      vertex 54.788 149.255 0
      vertex 54.752 149.012 -4.25
      vertex 54.752 149.012 0
    endloop
  endfacet
  facet normal 0.672064 0.740493 -0
    outer loop
      vertex 50.714 147.567 -4.25
      vertex 50.5322 147.732 0
      vertex 50.714 147.567 0
    endloop
  endfacet
  facet normal 0.672064 0.740493 0
    outer loop
      vertex 50.5322 147.732 0
      vertex 50.714 147.567 -4.25
      vertex 50.5322 147.732 -4.25
    endloop
  endfacet
  facet normal -0.970047 0.242919 0
    outer loop
      vertex 54.6924 148.774 -4.25
      vertex 54.752 149.012 0
      vertex 54.752 149.012 -4.25
    endloop
  endfacet
  facet normal -0.970047 0.242919 0
    outer loop
      vertex 54.752 149.012 0
      vertex 54.6924 148.774 -4.25
      vertex 54.6924 148.774 0
    endloop
  endfacet
  facet normal -0.672064 -0.740493 0
    outer loop
      vertex 53.886 151.433 -4.25
      vertex 54.0678 151.268 0
      vertex 53.886 151.433 0
    endloop
  endfacet
  facet normal -0.672064 -0.740493 -0
    outer loop
      vertex 54.0678 151.268 0
      vertex 53.886 151.433 -4.25
      vertex 54.0678 151.268 -4.25
    endloop
  endfacet
  facet normal -0.334527 -0.942386 0
    outer loop
      vertex 53.0257 151.892 -4.25
      vertex 53.2567 151.81 0
      vertex 53.0257 151.892 0
    endloop
  endfacet
  facet normal -0.334527 -0.942386 -0
    outer loop
      vertex 53.2567 151.81 0
      vertex 53.0257 151.892 -4.25
      vertex 53.2567 151.81 -4.25
    endloop
  endfacet
  facet normal 0.334527 -0.942386 0
    outer loop
      vertex 51.3433 151.81 -4.25
      vertex 51.5743 151.892 0
      vertex 51.3433 151.81 0
    endloop
  endfacet
  facet normal 0.334527 -0.942386 0
    outer loop
      vertex 51.5743 151.892 0
      vertex 51.3433 151.81 -4.25
      vertex 51.5743 151.892 -4.25
    endloop
  endfacet
  facet normal 0.513776 0.857924 -0
    outer loop
      vertex 51.1215 147.295 -4.25
      vertex 50.9111 147.421 0
      vertex 51.1215 147.295 0
    endloop
  endfacet
  facet normal 0.513776 0.857924 0
    outer loop
      vertex 50.9111 147.421 0
      vertex 51.1215 147.295 -4.25
      vertex 50.9111 147.421 -4.25
    endloop
  endfacet
  facet normal -0.858389 0.512999 0
    outer loop
      vertex 54.3787 148.111 -4.25
      vertex 54.5048 148.322 0
      vertex 54.5048 148.322 -4.25
    endloop
  endfacet
  facet normal -0.858389 0.512999 0
    outer loop
      vertex 54.5048 148.322 0
      vertex 54.3787 148.111 -4.25
      vertex 54.3787 148.111 0
    endloop
  endfacet
  facet normal -0.427876 -0.903837 0
    outer loop
      vertex 53.2567 151.81 -4.25
      vertex 53.4785 151.705 0
      vertex 53.2567 151.81 0
    endloop
  endfacet
  facet normal -0.427876 -0.903837 -0
    outer loop
      vertex 53.4785 151.705 0
      vertex 53.2567 151.81 -4.25
      vertex 53.4785 151.705 -4.25
    endloop
  endfacet
  facet normal 0.146726 0.989177 -0
    outer loop
      vertex 52.055 147.012 -4.25
      vertex 51.8123 147.048 0
      vertex 52.055 147.012 0
    endloop
  endfacet
  facet normal 0.146726 0.989177 0
    outer loop
      vertex 51.8123 147.048 0
      vertex 52.055 147.012 -4.25
      vertex 51.8123 147.048 -4.25
    endloop
  endfacet
  facet normal 0.595228 -0.803557 0
    outer loop
      vertex 50.714 151.433 -4.25
      vertex 50.9111 151.579 0
      vertex 50.714 151.433 0
    endloop
  endfacet
  facet normal 0.595228 -0.803557 0
    outer loop
      vertex 50.9111 151.579 0
      vertex 50.714 151.433 -4.25
      vertex 50.9111 151.579 -4.25
    endloop
  endfacet
  facet normal 0.0489209 0.998803 -0
    outer loop
      vertex 52.3 147 -4.25
      vertex 52.055 147.012 0
      vertex 52.3 147 0
    endloop
  endfacet
  facet normal 0.0489209 0.998803 0
    outer loop
      vertex 52.055 147.012 0
      vertex 52.3 147 -4.25
      vertex 52.055 147.012 -4.25
    endloop
  endfacet
  facet normal 0.741468 -0.670988 0
    outer loop
      vertex 50.3675 151.086 0
      vertex 50.5322 151.268 -4.25
      vertex 50.5322 151.268 0
    endloop
  endfacet
  facet normal 0.741468 -0.670988 0
    outer loop
      vertex 50.5322 151.268 -4.25
      vertex 50.3675 151.086 0
      vertex 50.3675 151.086 -4.25
    endloop
  endfacet
  facet normal -0.0489209 0.998803 0
    outer loop
      vertex 52.545 147.012 -4.25
      vertex 52.3 147 0
      vertex 52.545 147.012 0
    endloop
  endfacet
  facet normal -0.0489209 0.998803 0
    outer loop
      vertex 52.3 147 0
      vertex 52.545 147.012 -4.25
      vertex 52.3 147 -4.25
    endloop
  endfacet
  facet normal 0.244452 0.969661 -0
    outer loop
      vertex 51.8123 147.048 -4.25
      vertex 51.5743 147.108 0
      vertex 51.8123 147.048 0
    endloop
  endfacet
  facet normal 0.244452 0.969661 0
    outer loop
      vertex 51.5743 147.108 0
      vertex 51.8123 147.048 -4.25
      vertex 51.5743 147.108 -4.25
    endloop
  endfacet
  facet normal -0.672064 0.740493 0
    outer loop
      vertex 54.0678 147.732 -4.25
      vertex 53.886 147.567 0
      vertex 54.0678 147.732 0
    endloop
  endfacet
  facet normal -0.672064 0.740493 0
    outer loop
      vertex 53.886 147.567 0
      vertex 54.0678 147.732 -4.25
      vertex 53.886 147.567 -4.25
    endloop
  endfacet
  facet normal -0.244452 -0.969661 0
    outer loop
      vertex 52.7877 151.952 -4.25
      vertex 53.0257 151.892 0
      vertex 52.7877 151.952 0
    endloop
  endfacet
  facet normal -0.244452 -0.969661 -0
    outer loop
      vertex 53.0257 151.892 0
      vertex 52.7877 151.952 -4.25
      vertex 53.0257 151.892 -4.25
    endloop
  endfacet
  facet normal 0.970047 0.242919 0
    outer loop
      vertex 49.9076 148.774 0
      vertex 49.848 149.012 -4.25
      vertex 49.848 149.012 0
    endloop
  endfacet
  facet normal 0.970047 0.242919 0
    outer loop
      vertex 49.848 149.012 -4.25
      vertex 49.9076 148.774 0
      vertex 49.9076 148.774 -4.25
    endloop
  endfacet
  facet normal 0.427876 0.903837 -0
    outer loop
      vertex 51.3433 147.19 -4.25
      vertex 51.1215 147.295 0
      vertex 51.3433 147.19 0
    endloop
  endfacet
  facet normal 0.427876 0.903837 0
    outer loop
      vertex 51.1215 147.295 0
      vertex 51.3433 147.19 -4.25
      vertex 51.1215 147.295 -4.25
    endloop
  endfacet
  facet normal 0.741468 0.670988 0
    outer loop
      vertex 50.5322 147.732 0
      vertex 50.3675 147.914 -4.25
      vertex 50.3675 147.914 0
    endloop
  endfacet
  facet normal 0.741468 0.670988 0
    outer loop
      vertex 50.3675 147.914 -4.25
      vertex 50.5322 147.732 0
      vertex 50.5322 147.732 -4.25
    endloop
  endfacet
  facet normal 0.0489209 -0.998803 0
    outer loop
      vertex 52.055 151.988 -4.25
      vertex 52.3 152 0
      vertex 52.055 151.988 0
    endloop
  endfacet
  facet normal 0.0489209 -0.998803 0
    outer loop
      vertex 52.3 152 0
      vertex 52.055 151.988 -4.25
      vertex 52.3 152 -4.25
    endloop
  endfacet
  facet normal 0.989203 0.146549 0
    outer loop
      vertex 49.848 149.012 0
      vertex 49.812 149.255 -4.25
      vertex 49.812 149.255 0
    endloop
  endfacet
  facet normal 0.989203 0.146549 0
    outer loop
      vertex 49.812 149.255 -4.25
      vertex 49.848 149.012 0
      vertex 49.848 149.012 -4.25
    endloop
  endfacet
  facet normal -0.741468 -0.670988 0
    outer loop
      vertex 54.2325 151.086 -4.25
      vertex 54.0678 151.268 0
      vertex 54.0678 151.268 -4.25
    endloop
  endfacet
  facet normal -0.741468 -0.670988 0
    outer loop
      vertex 54.0678 151.268 0
      vertex 54.2325 151.086 -4.25
      vertex 54.2325 151.086 0
    endloop
  endfacet
  facet normal -0.595228 0.803557 0
    outer loop
      vertex 53.886 147.567 -4.25
      vertex 53.6889 147.421 0
      vertex 53.886 147.567 0
    endloop
  endfacet
  facet normal -0.595228 0.803557 0
    outer loop
      vertex 53.6889 147.421 0
      vertex 53.886 147.567 -4.25
      vertex 53.6889 147.421 -4.25
    endloop
  endfacet
  facet normal 0.803023 0.595949 0
    outer loop
      vertex 50.3675 147.914 0
      vertex 50.2213 148.111 -4.25
      vertex 50.2213 148.111 0
    endloop
  endfacet
  facet normal 0.803023 0.595949 0
    outer loop
      vertex 50.2213 148.111 -4.25
      vertex 50.3675 147.914 0
      vertex 50.3675 147.914 -4.25
    endloop
  endfacet
  facet normal 0.998803 -0.0489209 0
    outer loop
      vertex 49.8 149.5 0
      vertex 49.812 149.745 -4.25
      vertex 49.812 149.745 0
    endloop
  endfacet
  facet normal 0.998803 -0.0489209 0
    outer loop
      vertex 49.812 149.745 -4.25
      vertex 49.8 149.5 0
      vertex 49.8 149.5 -4.25
    endloop
  endfacet
  facet normal -0.741468 0.670988 0
    outer loop
      vertex 54.0678 147.732 -4.25
      vertex 54.2325 147.914 0
      vertex 54.2325 147.914 -4.25
    endloop
  endfacet
  facet normal -0.741468 0.670988 0
    outer loop
      vertex 54.2325 147.914 0
      vertex 54.0678 147.732 -4.25
      vertex 54.0678 147.732 0
    endloop
  endfacet
  facet normal -0.70668 -0.0347248 -0.70668
    outer loop
      vertex 57.0272 149.964 -6.5
      vertex 57.05 149.5 -6.5
      vertex 54.8 149.5 -4.25
    endloop
  endfacet
  facet normal -0.236662 -0.666693 -0.706762
    outer loop
      vertex 53.0257 151.892 -4.25
      vertex 53.6799 154.045 -6.5
      vertex 53.2567 151.81 -4.25
    endloop
  endfacet
  facet normal -0 -0.722509 -0.691361
    outer loop
      vertex 53.6799 154.045 -6.5
      vertex 53.0257 151.892 -4.25
      vertex 53.6789 154.045 -6.5
    endloop
  endfacet
  facet normal 0 0.769061 -0.639175
    outer loop
      vertex 49.6602 145.551 -6.5
      vertex 50.9111 147.421 -4.25
      vertex 49.661 145.551 -6.5
    endloop
  endfacet
  facet normal 0.421149 0.568552 -0.70667
    outer loop
      vertex 50.9111 147.421 -4.25
      vertex 49.6602 145.551 -6.5
      vertex 50.714 147.567 -4.25
    endloop
  endfacet
  facet normal 0.567972 -0.421944 -0.706663
    outer loop
      vertex 48.6276 152.512 -6.5
      vertex 50.2213 150.889 -4.25
      vertex 48.3505 152.139 -6.5
    endloop
  endfacet
  facet normal -0.606882 -0.363673 -0.706708
    outer loop
      vertex 56.25 152.138 -6.5
      vertex 56.4891 151.739 -6.5
      vertex 54.5048 150.678 -4.25
    endloop
  endfacet
  facet normal -0.568201 -0.42168 -0.706635
    outer loop
      vertex 54.2325 151.086 -4.25
      vertex 55.9724 152.512 -6.5
      vertex 54.3787 150.889 -4.25
    endloop
  endfacet
  facet normal -0.609633 -0.36578 -0.703245
    outer loop
      vertex 55.9724 152.512 -6.5
      vertex 54.2325 151.086 -4.25
      vertex 55.9718 152.513 -6.5
    endloop
  endfacet
  facet normal 0 0.707107 -0.707107
    outer loop
      vertex 52.2989 144.75 -6.5
      vertex 52.3 147 -4.25
      vertex 52.3 144.75 -6.5
    endloop
  endfacet
  facet normal 0.0346126 0.706675 -0.706692
    outer loop
      vertex 52.3 147 -4.25
      vertex 52.2989 144.75 -6.5
      vertex 52.055 147.012 -4.25
    endloop
  endfacet
  facet normal -0.302756 -0.639535 -0.706635
    outer loop
      vertex 53.2567 151.81 -4.25
      vertex 54.1187 153.888 -6.5
      vertex 53.4785 151.705 -4.25
    endloop
  endfacet
  facet normal -0 -0.734628 -0.67847
    outer loop
      vertex 54.1187 153.888 -6.5
      vertex 53.2567 151.81 -4.25
      vertex 54.1177 153.888 -6.5
    endloop
  endfacet
  facet normal -0.567972 -0.421944 -0.706663
    outer loop
      vertex 55.9724 152.512 -6.5
      vertex 56.2495 152.139 -6.5
      vertex 54.3787 150.889 -4.25
    endloop
  endfacet
  facet normal -0.634946 0.317473 -0.704311
    outer loop
      vertex 54.3787 148.111 -4.25
      vertex 56.25 146.862 -6.5
      vertex 56.2495 146.861 -6.5
    endloop
  endfacet
  facet normal -0.607372 0.362984 -0.706641
    outer loop
      vertex 56.25 146.862 -6.5
      vertex 54.3787 148.111 -4.25
      vertex 54.5048 148.322 -4.25
    endloop
  endfacet
  facet normal 0.609633 0.36578 -0.703245
    outer loop
      vertex 48.6276 146.488 -6.5
      vertex 50.3675 147.914 -4.25
      vertex 48.6282 146.487 -6.5
    endloop
  endfacet
  facet normal 0.568201 0.42168 -0.706635
    outer loop
      vertex 50.3675 147.914 -4.25
      vertex 48.6276 146.488 -6.5
      vertex 50.2213 148.111 -4.25
    endloop
  endfacet
  facet normal 0.558208 0.446566 -0.699273
    outer loop
      vertex 49.2858 145.829 -6.5
      vertex 50.714 147.567 -4.25
      vertex 49.2866 145.828 -6.5
    endloop
  endfacet
  facet normal 0.475557 0.523978 -0.706606
    outer loop
      vertex 50.714 147.567 -4.25
      vertex 49.2858 145.829 -6.5
      vertex 50.5322 147.732 -4.25
    endloop
  endfacet
  facet normal 0.524548 0.47483 -0.706672
    outer loop
      vertex 50.5322 147.732 -4.25
      vertex 48.9412 146.141 -6.5
      vertex 48.6289 146.486 -6.5
    endloop
  endfacet
  facet normal 0.699881 -0.103765 -0.706682
    outer loop
      vertex 47.6411 150.426 -6.5
      vertex 49.812 149.745 -4.25
      vertex 47.5729 149.966 -6.5
    endloop
  endfacet
  facet normal 0.172983 -0.686167 -0.706577
    outer loop
      vertex 51.3723 154.158 -6.5
      vertex 51.8123 151.952 -4.25
      vertex 51.5743 151.892 -4.25
    endloop
  endfacet
  facet normal 0.543689 -0.543689 -0.639378
    outer loop
      vertex 51.8123 151.952 -4.25
      vertex 51.3723 154.158 -6.5
      vertex 51.3733 154.159 -6.5
    endloop
  endfacet
  facet normal 0.639426 -0.302814 -0.70671
    outer loop
      vertex 48.1109 151.739 -6.5
      vertex 50.0952 150.678 -4.25
      vertex 47.912 151.319 -6.5
    endloop
  endfacet
  facet normal -0.686327 0.171962 -0.706671
    outer loop
      vertex 56.9587 148.573 -6.5
      vertex 56.8457 148.122 -6.5
      vertex 54.752 149.012 -4.25
    endloop
  endfacet
  facet normal -0.607372 -0.362984 -0.706641
    outer loop
      vertex 54.3787 150.889 -4.25
      vertex 56.25 152.138 -6.5
      vertex 54.5048 150.678 -4.25
    endloop
  endfacet
  facet normal -0.634946 -0.317473 -0.704311
    outer loop
      vertex 56.25 152.138 -6.5
      vertex 54.3787 150.889 -4.25
      vertex 56.2495 152.139 -6.5
    endloop
  endfacet
  facet normal 0.10347 -0.699942 -0.706665
    outer loop
      vertex 51.8344 154.227 -6.5
      vertex 52.055 151.988 -4.25
      vertex 51.3744 154.159 -6.5
    endloop
  endfacet
  facet normal -0.363665 0.60697 -0.706636
    outer loop
      vertex 54.938 145.55 -6.5
      vertex 54.5391 145.311 -6.5
      vertex 53.4785 147.295 -4.25
    endloop
  endfacet
  facet normal -0.657756 -0.263102 -0.705787
    outer loop
      vertex 54.6924 150.226 -4.25
      vertex 56.8451 150.88 -6.5
      vertex 56.8455 150.879 -6.5
    endloop
  endfacet
  facet normal -0.666148 -0.238487 -0.706661
    outer loop
      vertex 56.8451 150.88 -6.5
      vertex 54.6924 150.226 -4.25
      vertex 54.6097 150.457 -4.25
    endloop
  endfacet
  facet normal -0.70668 0.0347248 -0.70668
    outer loop
      vertex 57.05 149.5 -6.5
      vertex 57.0272 149.036 -6.5
      vertex 54.8 149.5 -4.25
    endloop
  endfacet
  facet normal -0.558208 0.446566 -0.699273
    outer loop
      vertex 53.886 147.567 -4.25
      vertex 55.3142 145.829 -6.5
      vertex 55.3134 145.828 -6.5
    endloop
  endfacet
  facet normal -0.475557 0.523978 -0.706606
    outer loop
      vertex 55.3142 145.829 -6.5
      vertex 53.886 147.567 -4.25
      vertex 54.0678 147.732 -4.25
    endloop
  endfacet
  facet normal -0.10347 0.699942 -0.706665
    outer loop
      vertex 53.2256 144.841 -6.5
      vertex 52.7656 144.773 -6.5
      vertex 52.545 147.012 -4.25
    endloop
  endfacet
  facet normal 0.475557 -0.523978 -0.706606
    outer loop
      vertex 49.2858 153.171 -6.5
      vertex 50.714 151.433 -4.25
      vertex 50.5322 151.268 -4.25
    endloop
  endfacet
  facet normal 0.558208 -0.446566 -0.699273
    outer loop
      vertex 50.714 151.433 -4.25
      vertex 49.2858 153.171 -6.5
      vertex 49.2866 153.172 -6.5
    endloop
  endfacet
  facet normal -0.699867 -0.103915 -0.706674
    outer loop
      vertex 56.9587 150.427 -6.5
      vertex 57.027 149.967 -6.5
      vertex 54.752 149.988 -4.25
    endloop
  endfacet
  facet normal 0.524548 -0.47483 -0.706672
    outer loop
      vertex 48.9412 152.859 -6.5
      vertex 50.5322 151.268 -4.25
      vertex 48.6289 152.514 -6.5
    endloop
  endfacet
  facet normal 0.607372 -0.362984 -0.706641
    outer loop
      vertex 48.35 152.138 -6.5
      vertex 50.2213 150.889 -4.25
      vertex 50.0952 150.678 -4.25
    endloop
  endfacet
  facet normal 0.634946 -0.317473 -0.704311
    outer loop
      vertex 50.2213 150.889 -4.25
      vertex 48.35 152.138 -6.5
      vertex 48.3505 152.139 -6.5
    endloop
  endfacet
  facet normal -0.639426 0.302814 -0.70671
    outer loop
      vertex 56.688 147.681 -6.5
      vertex 56.4891 147.261 -6.5
      vertex 54.5048 148.322 -4.25
    endloop
  endfacet
  facet normal 0.034615 -0.706722 -0.706644
    outer loop
      vertex 52.055 151.988 -4.25
      vertex 51.8355 154.227 -6.5
      vertex 52.3 152 -4.25
    endloop
  endfacet
  facet normal -0 -0.708837 -0.705372
    outer loop
      vertex 51.8355 154.227 -6.5
      vertex 52.055 151.988 -4.25
      vertex 51.8344 154.227 -6.5
    endloop
  endfacet
  facet normal -0.656563 0.262625 -0.707074
    outer loop
      vertex 56.688 147.681 -6.5
      vertex 54.6097 148.543 -4.25
      vertex 56.6884 147.682 -6.5
    endloop
  endfacet
  facet normal -0.639201 0.303404 -0.70666
    outer loop
      vertex 54.6097 148.543 -4.25
      vertex 56.688 147.681 -6.5
      vertex 54.5048 148.322 -4.25
    endloop
  endfacet
  facet normal -0.474881 -0.5245 -0.706674
    outer loop
      vertex 55.3142 153.171 -6.5
      vertex 55.6588 152.859 -6.5
      vertex 54.0678 151.268 -4.25
    endloop
  endfacet
  facet normal 0 -0.708837 -0.705372
    outer loop
      vertex 52.545 151.988 -4.25
      vertex 52.7645 154.227 -6.5
      vertex 52.7656 154.227 -6.5
    endloop
  endfacet
  facet normal -0.034615 -0.706722 -0.706644
    outer loop
      vertex 52.7645 154.227 -6.5
      vertex 52.545 151.988 -4.25
      vertex 52.3 152 -4.25
    endloop
  endfacet
  facet normal -0.524548 -0.47483 -0.706672
    outer loop
      vertex 55.6588 152.859 -6.5
      vertex 55.9711 152.514 -6.5
      vertex 54.0678 151.268 -4.25
    endloop
  endfacet
  facet normal -0.666189 0.238337 -0.706674
    outer loop
      vertex 56.8451 148.12 -6.5
      vertex 56.6884 147.682 -6.5
      vertex 54.6097 148.543 -4.25
    endloop
  endfacet
  facet normal 0.568201 -0.42168 -0.706635
    outer loop
      vertex 48.6276 152.512 -6.5
      vertex 50.3675 151.086 -4.25
      vertex 50.2213 150.889 -4.25
    endloop
  endfacet
  facet normal 0.609633 -0.36578 -0.703245
    outer loop
      vertex 50.3675 151.086 -4.25
      vertex 48.6276 152.512 -6.5
      vertex 48.6282 152.513 -6.5
    endloop
  endfacet
  facet normal -0.0349914 -0.706674 -0.706674
    outer loop
      vertex 52.3 154.25 -6.5
      vertex 52.7645 154.227 -6.5
      vertex 52.3 152 -4.25
    endloop
  endfacet
  facet normal 0.421149 -0.568552 -0.70667
    outer loop
      vertex 49.6602 153.449 -6.5
      vertex 50.9111 151.579 -4.25
      vertex 50.714 151.433 -4.25
    endloop
  endfacet
  facet normal 0 -0.769061 -0.639175
    outer loop
      vertex 50.9111 151.579 -4.25
      vertex 49.6602 153.449 -6.5
      vertex 49.661 153.449 -6.5
    endloop
  endfacet
  facet normal 0.639426 0.302814 -0.70671
    outer loop
      vertex 50.0952 148.322 -4.25
      vertex 48.1109 147.261 -6.5
      vertex 47.912 147.681 -6.5
    endloop
  endfacet
  facet normal -0.034992 0.706686 -0.706662
    outer loop
      vertex 52.545 147.012 -4.25
      vertex 52.7656 144.773 -6.5
      vertex 52.3011 144.75 -6.5
    endloop
  endfacet
  facet normal 0.0349914 -0.706674 -0.706674
    outer loop
      vertex 52.3 154.25 -6.5
      vertex 52.3 152 -4.25
      vertex 51.8355 154.227 -6.5
    endloop
  endfacet
  facet normal -0.171915 0.686291 -0.706718
    outer loop
      vertex 53.6778 144.954 -6.5
      vertex 53.2267 144.841 -6.5
      vertex 52.7877 147.048 -4.25
    endloop
  endfacet
  facet normal -0.686327 -0.171962 -0.706671
    outer loop
      vertex 56.8457 150.878 -6.5
      vertex 56.9587 150.427 -6.5
      vertex 54.752 149.988 -4.25
    endloop
  endfacet
  facet normal -0.171915 -0.686291 -0.706718
    outer loop
      vertex 53.2267 154.159 -6.5
      vertex 53.6778 154.046 -6.5
      vertex 52.7877 151.952 -4.25
    endloop
  endfacet
  facet normal 0.171892 -0.686352 -0.706664
    outer loop
      vertex 51.3723 154.158 -6.5
      vertex 51.5743 151.892 -4.25
      vertex 50.9211 154.045 -6.5
    endloop
  endfacet
  facet normal 0.70668 -0.0347248 -0.70668
    outer loop
      vertex 47.5728 149.964 -6.5
      vertex 49.8 149.5 -4.25
      vertex 47.55 149.5 -6.5
    endloop
  endfacet
  facet normal 0.686324 -0.171962 -0.706674
    outer loop
      vertex 47.7545 150.879 -6.5
      vertex 49.9076 150.226 -4.25
      vertex 47.6415 150.428 -6.5
    endloop
  endfacet
  facet normal 0 -0.713896 -0.700252
    outer loop
      vertex 52.7877 151.952 -4.25
      vertex 53.2256 154.159 -6.5
      vertex 53.2267 154.159 -6.5
    endloop
  endfacet
  facet normal -0.103812 -0.699864 -0.706692
    outer loop
      vertex 53.2256 154.159 -6.5
      vertex 52.7877 151.952 -4.25
      vertex 52.545 151.988 -4.25
    endloop
  endfacet
  facet normal 0.363542 0.607058 -0.706625
    outer loop
      vertex 49.662 145.55 -6.5
      vertex 50.9111 147.421 -4.25
      vertex 51.1215 147.295 -4.25
    endloop
  endfacet
  facet normal 0.504885 0.504885 -0.70013
    outer loop
      vertex 50.9111 147.421 -4.25
      vertex 49.662 145.55 -6.5
      vertex 49.661 145.551 -6.5
    endloop
  endfacet
  facet normal 0.421419 0.568383 -0.706645
    outer loop
      vertex 50.714 147.567 -4.25
      vertex 49.6602 145.551 -6.5
      vertex 49.2866 145.828 -6.5
    endloop
  endfacet
  facet normal 0.606882 -0.363673 -0.706708
    outer loop
      vertex 48.35 152.138 -6.5
      vertex 50.0952 150.678 -4.25
      vertex 48.1109 151.739 -6.5
    endloop
  endfacet
  facet normal -0.609633 0.36578 -0.703245
    outer loop
      vertex 54.2325 147.914 -4.25
      vertex 55.9724 146.488 -6.5
      vertex 55.9718 146.487 -6.5
    endloop
  endfacet
  facet normal -0.568201 0.42168 -0.706635
    outer loop
      vertex 55.9724 146.488 -6.5
      vertex 54.2325 147.914 -4.25
      vertex 54.3787 148.111 -4.25
    endloop
  endfacet
  facet normal -0.238869 0.666095 -0.706583
    outer loop
      vertex 54.1177 145.112 -6.5
      vertex 53.6799 144.955 -6.5
      vertex 53.2567 147.19 -4.25
    endloop
  endfacet
  facet normal -0.656563 -0.262625 -0.707074
    outer loop
      vertex 54.6097 150.457 -4.25
      vertex 56.688 151.319 -6.5
      vertex 56.6884 151.318 -6.5
    endloop
  endfacet
  facet normal -0.639201 -0.303404 -0.70666
    outer loop
      vertex 56.688 151.319 -6.5
      vertex 54.6097 150.457 -4.25
      vertex 54.5048 150.678 -4.25
    endloop
  endfacet
  facet normal -0.580158 0.40611 -0.706039
    outer loop
      vertex 55.9711 146.486 -6.5
      vertex 54.2325 147.914 -4.25
      vertex 55.9718 146.487 -6.5
    endloop
  endfacet
  facet normal -0.524613 0.474746 -0.70668
    outer loop
      vertex 54.2325 147.914 -4.25
      vertex 55.9711 146.486 -6.5
      vertex 54.0678 147.732 -4.25
    endloop
  endfacet
  facet normal 0.693384 0.138677 -0.707098
    outer loop
      vertex 47.6411 148.574 -6.5
      vertex 49.848 149.012 -4.25
      vertex 47.6413 148.573 -6.5
    endloop
  endfacet
  facet normal 0.699898 0.103689 -0.706676
    outer loop
      vertex 49.848 149.012 -4.25
      vertex 47.6411 148.574 -6.5
      vertex 49.812 149.255 -4.25
    endloop
  endfacet
  facet normal -0.302734 -0.639544 -0.706637
    outer loop
      vertex 54.1187 153.888 -6.5
      vertex 54.5391 153.689 -6.5
      vertex 53.4785 151.705 -4.25
    endloop
  endfacet
  facet normal 0.666189 0.238337 -0.706674
    outer loop
      vertex 49.9903 148.543 -4.25
      vertex 47.9116 147.682 -6.5
      vertex 47.7549 148.12 -6.5
    endloop
  endfacet
  facet normal 0.686339 0.171873 -0.706681
    outer loop
      vertex 47.6415 148.572 -6.5
      vertex 49.848 149.012 -4.25
      vertex 49.9076 148.774 -4.25
    endloop
  endfacet
  facet normal 0.693384 0.138677 -0.707098
    outer loop
      vertex 49.848 149.012 -4.25
      vertex 47.6415 148.572 -6.5
      vertex 47.6413 148.573 -6.5
    endloop
  endfacet
  facet normal 0.606882 0.363673 -0.706708
    outer loop
      vertex 50.0952 148.322 -4.25
      vertex 48.35 146.862 -6.5
      vertex 48.1109 147.261 -6.5
    endloop
  endfacet
  facet normal 0.706695 -0.0346136 -0.706672
    outer loop
      vertex 47.5728 149.964 -6.5
      vertex 49.812 149.745 -4.25
      vertex 49.8 149.5 -4.25
    endloop
  endfacet
  facet normal 0.706642 -0.0353321 -0.706689
    outer loop
      vertex 49.812 149.745 -4.25
      vertex 47.5728 149.964 -6.5
      vertex 47.5729 149.966 -6.5
    endloop
  endfacet
  facet normal 0.363542 -0.607058 -0.706625
    outer loop
      vertex 50.9111 151.579 -4.25
      vertex 49.662 153.45 -6.5
      vertex 51.1215 151.705 -4.25
    endloop
  endfacet
  facet normal 0.504885 -0.504885 -0.70013
    outer loop
      vertex 49.662 153.45 -6.5
      vertex 50.9111 151.579 -4.25
      vertex 49.661 153.449 -6.5
    endloop
  endfacet
  facet normal 0 0.734628 -0.67847
    outer loop
      vertex 53.2567 147.19 -4.25
      vertex 54.1187 145.112 -6.5
      vertex 54.1177 145.112 -6.5
    endloop
  endfacet
  facet normal -0.302756 0.639535 -0.706635
    outer loop
      vertex 54.1187 145.112 -6.5
      vertex 53.2567 147.19 -4.25
      vertex 53.4785 147.295 -4.25
    endloop
  endfacet
  facet normal -0.580158 -0.40611 -0.706039
    outer loop
      vertex 54.2325 151.086 -4.25
      vertex 55.9711 152.514 -6.5
      vertex 55.9718 152.513 -6.5
    endloop
  endfacet
  facet normal -0.524613 -0.474746 -0.70668
    outer loop
      vertex 55.9711 152.514 -6.5
      vertex 54.2325 151.086 -4.25
      vertex 54.0678 151.268 -4.25
    endloop
  endfacet
  facet normal -0.363665 -0.60697 -0.706636
    outer loop
      vertex 54.5391 153.689 -6.5
      vertex 54.938 153.45 -6.5
      vertex 53.4785 151.705 -4.25
    endloop
  endfacet
  facet normal -0.504885 -0.504885 -0.70013
    outer loop
      vertex 53.6889 151.579 -4.25
      vertex 54.938 153.45 -6.5
      vertex 54.939 153.449 -6.5
    endloop
  endfacet
  facet normal -0.363542 -0.607058 -0.706625
    outer loop
      vertex 54.938 153.45 -6.5
      vertex 53.6889 151.579 -4.25
      vertex 53.4785 151.705 -4.25
    endloop
  endfacet
  facet normal -0.639426 -0.302814 -0.70671
    outer loop
      vertex 56.4891 151.739 -6.5
      vertex 56.688 151.319 -6.5
      vertex 54.5048 150.678 -4.25
    endloop
  endfacet
  facet normal -0.666189 -0.238337 -0.706674
    outer loop
      vertex 56.6884 151.318 -6.5
      vertex 56.8451 150.88 -6.5
      vertex 54.6097 150.457 -4.25
    endloop
  endfacet
  facet normal -0.699867 0.103915 -0.706674
    outer loop
      vertex 57.027 149.033 -6.5
      vertex 56.9587 148.573 -6.5
      vertex 54.752 149.012 -4.25
    endloop
  endfacet
  facet normal 0.666148 -0.238487 -0.706661
    outer loop
      vertex 49.9076 150.226 -4.25
      vertex 47.7549 150.88 -6.5
      vertex 49.9903 150.457 -4.25
    endloop
  endfacet
  facet normal 0.657756 -0.263102 -0.705787
    outer loop
      vertex 47.7549 150.88 -6.5
      vertex 49.9076 150.226 -4.25
      vertex 47.7545 150.879 -6.5
    endloop
  endfacet
  facet normal 0.639201 0.303404 -0.70666
    outer loop
      vertex 47.912 147.681 -6.5
      vertex 49.9903 148.543 -4.25
      vertex 50.0952 148.322 -4.25
    endloop
  endfacet
  facet normal 0.656563 0.262625 -0.707074
    outer loop
      vertex 49.9903 148.543 -4.25
      vertex 47.912 147.681 -6.5
      vertex 47.9116 147.682 -6.5
    endloop
  endfacet
  facet normal 0.567972 0.421944 -0.706663
    outer loop
      vertex 50.2213 148.111 -4.25
      vertex 48.6276 146.488 -6.5
      vertex 48.3505 146.861 -6.5
    endloop
  endfacet
  facet normal -0.302734 0.639544 -0.706637
    outer loop
      vertex 54.5391 145.311 -6.5
      vertex 54.1187 145.112 -6.5
      vertex 53.4785 147.295 -4.25
    endloop
  endfacet
  facet normal -0.567972 0.421944 -0.706663
    outer loop
      vertex 56.2495 146.861 -6.5
      vertex 55.9724 146.488 -6.5
      vertex 54.3787 148.111 -4.25
    endloop
  endfacet
  facet normal 0.237484 0.666477 -0.706689
    outer loop
      vertex 51.5743 147.108 -4.25
      vertex 50.9211 144.955 -6.5
      vertex 50.4833 145.111 -6.5
    endloop
  endfacet
  facet normal 0.666189 -0.238337 -0.706674
    outer loop
      vertex 47.9116 151.318 -6.5
      vertex 49.9903 150.457 -4.25
      vertex 47.7549 150.88 -6.5
    endloop
  endfacet
  facet normal -0.499168 0.549084 -0.670327
    outer loop
      vertex 53.6778 144.954 -6.5
      vertex 53.0257 147.108 -4.25
      vertex 53.6789 144.955 -6.5
    endloop
  endfacet
  facet normal -0.172929 0.68595 -0.706801
    outer loop
      vertex 53.0257 147.108 -4.25
      vertex 53.6778 144.954 -6.5
      vertex 52.7877 147.048 -4.25
    endloop
  endfacet
  facet normal -0.703601 -0.0703601 -0.707103
    outer loop
      vertex 54.788 149.745 -4.25
      vertex 57.027 149.967 -6.5
      vertex 57.0271 149.966 -6.5
    endloop
  endfacet
  facet normal -0.699883 -0.103686 -0.706692
    outer loop
      vertex 57.027 149.967 -6.5
      vertex 54.788 149.745 -4.25
      vertex 54.752 149.988 -4.25
    endloop
  endfacet
  facet normal -0.695018 0.139004 -0.705428
    outer loop
      vertex 54.6924 148.774 -4.25
      vertex 56.8457 148.122 -6.5
      vertex 56.8455 148.121 -6.5
    endloop
  endfacet
  facet normal -0.686356 0.171877 -0.706664
    outer loop
      vertex 56.8457 148.122 -6.5
      vertex 54.6924 148.774 -4.25
      vertex 54.752 149.012 -4.25
    endloop
  endfacet
  facet normal 0.363665 -0.60697 -0.706636
    outer loop
      vertex 50.0609 153.689 -6.5
      vertex 51.1215 151.705 -4.25
      vertex 49.662 153.45 -6.5
    endloop
  endfacet
  facet normal 0.474881 0.5245 -0.706674
    outer loop
      vertex 50.5322 147.732 -4.25
      vertex 49.2858 145.829 -6.5
      vertex 48.9412 146.141 -6.5
    endloop
  endfacet
  facet normal -0.703601 0.0703601 -0.707103
    outer loop
      vertex 57.027 149.033 -6.5
      vertex 54.788 149.255 -4.25
      vertex 57.0271 149.034 -6.5
    endloop
  endfacet
  facet normal -0.699883 0.103686 -0.706692
    outer loop
      vertex 54.788 149.255 -4.25
      vertex 57.027 149.033 -6.5
      vertex 54.752 149.012 -4.25
    endloop
  endfacet
  facet normal -0.706642 0.0353321 -0.706689
    outer loop
      vertex 54.788 149.255 -4.25
      vertex 57.0272 149.036 -6.5
      vertex 57.0271 149.034 -6.5
    endloop
  endfacet
  facet normal -0.706695 0.0346136 -0.706672
    outer loop
      vertex 57.0272 149.036 -6.5
      vertex 54.788 149.255 -4.25
      vertex 54.8 149.5 -4.25
    endloop
  endfacet
  facet normal 0.421419 -0.568383 -0.706645
    outer loop
      vertex 49.6602 153.449 -6.5
      vertex 50.714 151.433 -4.25
      vertex 49.2866 153.172 -6.5
    endloop
  endfacet
  facet normal 0.474881 -0.5245 -0.706674
    outer loop
      vertex 49.2858 153.171 -6.5
      vertex 50.5322 151.268 -4.25
      vertex 48.9412 152.859 -6.5
    endloop
  endfacet
  facet normal 0.524613 -0.474746 -0.70668
    outer loop
      vertex 50.3675 151.086 -4.25
      vertex 48.6289 152.514 -6.5
      vertex 50.5322 151.268 -4.25
    endloop
  endfacet
  facet normal 0.580158 -0.40611 -0.706039
    outer loop
      vertex 48.6289 152.514 -6.5
      vertex 50.3675 151.086 -4.25
      vertex 48.6282 152.513 -6.5
    endloop
  endfacet
  facet normal 0.686339 -0.171873 -0.706681
    outer loop
      vertex 49.848 149.988 -4.25
      vertex 47.6415 150.428 -6.5
      vertex 49.9076 150.226 -4.25
    endloop
  endfacet
  facet normal 0.693384 -0.138677 -0.707098
    outer loop
      vertex 47.6415 150.428 -6.5
      vertex 49.848 149.988 -4.25
      vertex 47.6413 150.427 -6.5
    endloop
  endfacet
  facet normal 0.699881 0.103765 -0.706682
    outer loop
      vertex 49.812 149.255 -4.25
      vertex 47.6411 148.574 -6.5
      vertex 47.5729 149.034 -6.5
    endloop
  endfacet
  facet normal -0.238869 -0.666095 -0.706583
    outer loop
      vertex 53.6799 154.045 -6.5
      vertex 54.1177 153.888 -6.5
      vertex 53.2567 151.81 -4.25
    endloop
  endfacet
  facet normal 0.237484 -0.666477 -0.706689
    outer loop
      vertex 50.9211 154.045 -6.5
      vertex 51.5743 151.892 -4.25
      vertex 50.4833 153.889 -6.5
    endloop
  endfacet
  facet normal 0.302734 -0.639544 -0.706637
    outer loop
      vertex 50.4813 153.888 -6.5
      vertex 51.1215 151.705 -4.25
      vertex 50.0609 153.689 -6.5
    endloop
  endfacet
  facet normal 0.103812 0.699864 -0.706692
    outer loop
      vertex 51.3744 144.841 -6.5
      vertex 51.8123 147.048 -4.25
      vertex 52.055 147.012 -4.25
    endloop
  endfacet
  facet normal 0 0.713896 -0.700252
    outer loop
      vertex 51.8123 147.048 -4.25
      vertex 51.3744 144.841 -6.5
      vertex 51.3733 144.841 -6.5
    endloop
  endfacet
  facet normal -0.657756 0.263102 -0.705787
    outer loop
      vertex 56.8451 148.12 -6.5
      vertex 54.6924 148.774 -4.25
      vertex 56.8455 148.121 -6.5
    endloop
  endfacet
  facet normal -0.666148 0.238487 -0.706661
    outer loop
      vertex 54.6924 148.774 -4.25
      vertex 56.8451 148.12 -6.5
      vertex 54.6097 148.543 -4.25
    endloop
  endfacet
  facet normal -0.421419 0.568383 -0.706645
    outer loop
      vertex 55.3134 145.828 -6.5
      vertex 54.9398 145.551 -6.5
      vertex 53.886 147.567 -4.25
    endloop
  endfacet
  facet normal 0.302734 0.639544 -0.706637
    outer loop
      vertex 51.1215 147.295 -4.25
      vertex 50.4813 145.112 -6.5
      vertex 50.0609 145.311 -6.5
    endloop
  endfacet
  facet normal 0.034992 0.706686 -0.706662
    outer loop
      vertex 52.055 147.012 -4.25
      vertex 52.2989 144.75 -6.5
      vertex 51.8344 144.773 -6.5
    endloop
  endfacet
  facet normal -0.606882 0.363673 -0.706708
    outer loop
      vertex 56.4891 147.261 -6.5
      vertex 56.25 146.862 -6.5
      vertex 54.5048 148.322 -4.25
    endloop
  endfacet
  facet normal 0.70668 0.0347248 -0.70668
    outer loop
      vertex 49.8 149.5 -4.25
      vertex 47.5728 149.036 -6.5
      vertex 47.55 149.5 -6.5
    endloop
  endfacet
  facet normal 0.706642 0.0353321 -0.706689
    outer loop
      vertex 47.5728 149.036 -6.5
      vertex 49.812 149.255 -4.25
      vertex 47.5729 149.034 -6.5
    endloop
  endfacet
  facet normal 0.706695 0.0346136 -0.706672
    outer loop
      vertex 49.812 149.255 -4.25
      vertex 47.5728 149.036 -6.5
      vertex 49.8 149.5 -4.25
    endloop
  endfacet
  facet normal 0 0.713896 -0.700252
    outer loop
      vertex 53.2256 144.841 -6.5
      vertex 52.7877 147.048 -4.25
      vertex 53.2267 144.841 -6.5
    endloop
  endfacet
  facet normal -0.103812 0.699864 -0.706692
    outer loop
      vertex 52.7877 147.048 -4.25
      vertex 53.2256 144.841 -6.5
      vertex 52.545 147.012 -4.25
    endloop
  endfacet
  facet normal -0.421419 -0.568383 -0.706645
    outer loop
      vertex 54.9398 153.449 -6.5
      vertex 55.3134 153.172 -6.5
      vertex 53.886 151.433 -4.25
    endloop
  endfacet
  facet normal -0.10347 -0.699942 -0.706665
    outer loop
      vertex 52.7656 154.227 -6.5
      vertex 53.2256 154.159 -6.5
      vertex 52.545 151.988 -4.25
    endloop
  endfacet
  facet normal 0.686324 0.171962 -0.706674
    outer loop
      vertex 49.9076 148.774 -4.25
      vertex 47.7545 148.121 -6.5
      vertex 47.6415 148.572 -6.5
    endloop
  endfacet
  facet normal -0.686356 -0.171877 -0.706664
    outer loop
      vertex 54.6924 150.226 -4.25
      vertex 56.8457 150.878 -6.5
      vertex 54.752 149.988 -4.25
    endloop
  endfacet
  facet normal -0.695018 -0.139004 -0.705428
    outer loop
      vertex 56.8457 150.878 -6.5
      vertex 54.6924 150.226 -4.25
      vertex 56.8455 150.879 -6.5
    endloop
  endfacet
  facet normal -0.0346126 0.706675 -0.706692
    outer loop
      vertex 52.3011 144.75 -6.5
      vertex 52.3 147 -4.25
      vertex 52.545 147.012 -4.25
    endloop
  endfacet
  facet normal 0 0.707107 -0.707107
    outer loop
      vertex 52.3 147 -4.25
      vertex 52.3011 144.75 -6.5
      vertex 52.3 144.75 -6.5
    endloop
  endfacet
  facet normal -0.524548 0.47483 -0.706672
    outer loop
      vertex 55.9711 146.486 -6.5
      vertex 55.6588 146.141 -6.5
      vertex 54.0678 147.732 -4.25
    endloop
  endfacet
  facet normal 0 0.734628 -0.67847
    outer loop
      vertex 50.4813 145.112 -6.5
      vertex 51.3433 147.19 -4.25
      vertex 50.4823 145.112 -6.5
    endloop
  endfacet
  facet normal 0.302756 0.639535 -0.706635
    outer loop
      vertex 51.3433 147.19 -4.25
      vertex 50.4813 145.112 -6.5
      vertex 51.1215 147.295 -4.25
    endloop
  endfacet
  facet normal -0.421149 -0.568552 -0.70667
    outer loop
      vertex 53.6889 151.579 -4.25
      vertex 54.9398 153.449 -6.5
      vertex 53.886 151.433 -4.25
    endloop
  endfacet
  facet normal -0 -0.769061 -0.639175
    outer loop
      vertex 54.9398 153.449 -6.5
      vertex 53.6889 151.579 -4.25
      vertex 54.939 153.449 -6.5
    endloop
  endfacet
  facet normal -0.475557 -0.523978 -0.706606
    outer loop
      vertex 53.886 151.433 -4.25
      vertex 55.3142 153.171 -6.5
      vertex 54.0678 151.268 -4.25
    endloop
  endfacet
  facet normal -0.558208 -0.446566 -0.699273
    outer loop
      vertex 55.3142 153.171 -6.5
      vertex 53.886 151.433 -4.25
      vertex 55.3134 153.172 -6.5
    endloop
  endfacet
  facet normal 0.699898 -0.103689 -0.706676
    outer loop
      vertex 47.6411 150.426 -6.5
      vertex 49.848 149.988 -4.25
      vertex 49.812 149.745 -4.25
    endloop
  endfacet
  facet normal 0.693384 -0.138677 -0.707098
    outer loop
      vertex 49.848 149.988 -4.25
      vertex 47.6411 150.426 -6.5
      vertex 47.6413 150.427 -6.5
    endloop
  endfacet
  facet normal 0.236708 0.666825 -0.706621
    outer loop
      vertex 50.4833 145.111 -6.5
      vertex 51.3433 147.19 -4.25
      vertex 51.5743 147.108 -4.25
    endloop
  endfacet
  facet normal 0.519439 0.519439 -0.678503
    outer loop
      vertex 51.3433 147.19 -4.25
      vertex 50.4833 145.111 -6.5
      vertex 50.4823 145.112 -6.5
    endloop
  endfacet
  facet normal -0.706695 -0.0346136 -0.706672
    outer loop
      vertex 54.788 149.745 -4.25
      vertex 57.0272 149.964 -6.5
      vertex 54.8 149.5 -4.25
    endloop
  endfacet
  facet normal -0.706642 -0.0353321 -0.706689
    outer loop
      vertex 57.0272 149.964 -6.5
      vertex 54.788 149.745 -4.25
      vertex 57.0271 149.966 -6.5
    endloop
  endfacet
  facet normal 0.634946 0.317473 -0.704311
    outer loop
      vertex 48.35 146.862 -6.5
      vertex 50.2213 148.111 -4.25
      vertex 48.3505 146.861 -6.5
    endloop
  endfacet
  facet normal 0.607372 0.362984 -0.706641
    outer loop
      vertex 50.2213 148.111 -4.25
      vertex 48.35 146.862 -6.5
      vertex 50.0952 148.322 -4.25
    endloop
  endfacet
  facet normal 0.639201 -0.303404 -0.70666
    outer loop
      vertex 49.9903 150.457 -4.25
      vertex 47.912 151.319 -6.5
      vertex 50.0952 150.678 -4.25
    endloop
  endfacet
  facet normal 0.656563 -0.262625 -0.707074
    outer loop
      vertex 47.912 151.319 -6.5
      vertex 49.9903 150.457 -4.25
      vertex 47.9116 151.318 -6.5
    endloop
  endfacet
  facet normal -0.474881 0.5245 -0.706674
    outer loop
      vertex 55.6588 146.141 -6.5
      vertex 55.3142 145.829 -6.5
      vertex 54.0678 147.732 -4.25
    endloop
  endfacet
  facet normal 0.363665 0.60697 -0.706636
    outer loop
      vertex 51.1215 147.295 -4.25
      vertex 50.0609 145.311 -6.5
      vertex 49.662 145.55 -6.5
    endloop
  endfacet
  facet normal 0.10347 0.699942 -0.706665
    outer loop
      vertex 52.055 147.012 -4.25
      vertex 51.8344 144.773 -6.5
      vertex 51.3744 144.841 -6.5
    endloop
  endfacet
  facet normal 0.171892 0.686352 -0.706664
    outer loop
      vertex 51.5743 147.108 -4.25
      vertex 51.3723 144.842 -6.5
      vertex 50.9211 144.955 -6.5
    endloop
  endfacet
  facet normal -0.504885 0.504885 -0.70013
    outer loop
      vertex 54.938 145.55 -6.5
      vertex 53.6889 147.421 -4.25
      vertex 54.939 145.551 -6.5
    endloop
  endfacet
  facet normal -0.363542 0.607058 -0.706625
    outer loop
      vertex 53.6889 147.421 -4.25
      vertex 54.938 145.55 -6.5
      vertex 53.4785 147.295 -4.25
    endloop
  endfacet
  facet normal 0.543689 0.543689 -0.639378
    outer loop
      vertex 51.3723 144.842 -6.5
      vertex 51.8123 147.048 -4.25
      vertex 51.3733 144.841 -6.5
    endloop
  endfacet
  facet normal 0.172983 0.686167 -0.706577
    outer loop
      vertex 51.8123 147.048 -4.25
      vertex 51.3723 144.842 -6.5
      vertex 51.5743 147.108 -4.25
    endloop
  endfacet
  facet normal 0.666148 0.238487 -0.706661
    outer loop
      vertex 47.7549 148.12 -6.5
      vertex 49.9076 148.774 -4.25
      vertex 49.9903 148.543 -4.25
    endloop
  endfacet
  facet normal 0.657756 0.263102 -0.705787
    outer loop
      vertex 49.9076 148.774 -4.25
      vertex 47.7549 148.12 -6.5
      vertex 47.7545 148.121 -6.5
    endloop
  endfacet
  facet normal 0.524613 0.474746 -0.70668
    outer loop
      vertex 48.6289 146.486 -6.5
      vertex 50.3675 147.914 -4.25
      vertex 50.5322 147.732 -4.25
    endloop
  endfacet
  facet normal 0.580158 0.40611 -0.706039
    outer loop
      vertex 50.3675 147.914 -4.25
      vertex 48.6289 146.486 -6.5
      vertex 48.6282 146.487 -6.5
    endloop
  endfacet
  facet normal -0.499168 -0.549084 -0.670327
    outer loop
      vertex 53.0257 151.892 -4.25
      vertex 53.6778 154.046 -6.5
      vertex 53.6789 154.045 -6.5
    endloop
  endfacet
  facet normal -0.172929 -0.68595 -0.706801
    outer loop
      vertex 53.6778 154.046 -6.5
      vertex 53.0257 151.892 -4.25
      vertex 52.7877 151.952 -4.25
    endloop
  endfacet
  facet normal 0.302756 -0.639535 -0.706635
    outer loop
      vertex 50.4813 153.888 -6.5
      vertex 51.3433 151.81 -4.25
      vertex 51.1215 151.705 -4.25
    endloop
  endfacet
  facet normal 0 -0.734628 -0.67847
    outer loop
      vertex 51.3433 151.81 -4.25
      vertex 50.4813 153.888 -6.5
      vertex 50.4823 153.888 -6.5
    endloop
  endfacet
  facet normal 0 0.769061 -0.639175
    outer loop
      vertex 53.6889 147.421 -4.25
      vertex 54.9398 145.551 -6.5
      vertex 54.939 145.551 -6.5
    endloop
  endfacet
  facet normal -0.421149 0.568552 -0.70667
    outer loop
      vertex 54.9398 145.551 -6.5
      vertex 53.6889 147.421 -4.25
      vertex 53.886 147.567 -4.25
    endloop
  endfacet
  facet normal 0.103812 -0.699864 -0.706692
    outer loop
      vertex 51.8123 151.952 -4.25
      vertex 51.3744 154.159 -6.5
      vertex 52.055 151.988 -4.25
    endloop
  endfacet
  facet normal -0 -0.713896 -0.700252
    outer loop
      vertex 51.3744 154.159 -6.5
      vertex 51.8123 151.952 -4.25
      vertex 51.3733 154.159 -6.5
    endloop
  endfacet
  facet normal 0 0.722509 -0.691361
    outer loop
      vertex 53.0257 147.108 -4.25
      vertex 53.6799 144.955 -6.5
      vertex 53.6789 144.955 -6.5
    endloop
  endfacet
  facet normal -0.236662 0.666693 -0.706762
    outer loop
      vertex 53.6799 144.955 -6.5
      vertex 53.0257 147.108 -4.25
      vertex 53.2567 147.19 -4.25
    endloop
  endfacet
  facet normal 0.236708 -0.666825 -0.706621
    outer loop
      vertex 51.3433 151.81 -4.25
      vertex 50.4833 153.889 -6.5
      vertex 51.5743 151.892 -4.25
    endloop
  endfacet
  facet normal 0.519439 -0.519439 -0.678503
    outer loop
      vertex 50.4833 153.889 -6.5
      vertex 51.3433 151.81 -4.25
      vertex 50.4823 153.888 -6.5
    endloop
  endfacet
  facet normal -0 0 1
    outer loop
      vertex 42.3 154.52 -46.95
      vertex 45.3 149.841 -46.95
      vertex 45.3 154.52 -46.95
    endloop
  endfacet
  facet normal 0 0 1
    outer loop
      vertex 45.3 149.841 -46.95
      vertex 42.3 154.52 -46.95
      vertex 42.3 149.841 -46.95
    endloop
  endfacet
  facet normal 0 -0.499968 0.866044
    outer loop
      vertex 42.3 163.181 -41.95
      vertex 45.3 154.52 -46.95
      vertex 45.3 163.181 -41.95
    endloop
  endfacet
  facet normal 0 -0.499968 0.866044
    outer loop
      vertex 45.3 154.52 -46.95
      vertex 42.3 163.181 -41.95
      vertex 42.3 154.52 -46.95
    endloop
  endfacet
  facet normal 0 -0.499968 -0.866044
    outer loop
      vertex 42.3 154.52 -36.95
      vertex 45.3 163.181 -41.95
      vertex 45.3 154.52 -36.95
    endloop
  endfacet
  facet normal -0 -0.499968 -0.866044
    outer loop
      vertex 45.3 163.181 -41.95
      vertex 42.3 154.52 -36.95
      vertex 42.3 163.181 -41.95
    endloop
  endfacet
  facet normal 0 0 -1
    outer loop
      vertex 42.3 149.841 -36.95
      vertex 45.3 154.52 -36.95
      vertex 45.3 149.841 -36.95
    endloop
  endfacet
  facet normal -0 0 -1
    outer loop
      vertex 45.3 154.52 -36.95
      vertex 42.3 149.841 -36.95
      vertex 42.3 154.52 -36.95
    endloop
  endfacet
  facet normal 0 0.500011 -0.866019
    outer loop
      vertex 42.3 141.181 -41.95
      vertex 45.3 149.841 -36.95
      vertex 45.3 141.181 -41.95
    endloop
  endfacet
  facet normal 0 0.500011 -0.866019
    outer loop
      vertex 45.3 149.841 -36.95
      vertex 42.3 141.181 -41.95
      vertex 42.3 149.841 -36.95
    endloop
  endfacet
  facet normal -0 0.500011 0.866019
    outer loop
      vertex 42.3 149.841 -46.95
      vertex 45.3 141.181 -41.95
      vertex 45.3 149.841 -46.95
    endloop
  endfacet
  facet normal 0 0.500011 0.866019
    outer loop
      vertex 45.3 141.181 -41.95
      vertex 42.3 149.841 -46.95
      vertex 42.3 141.181 -41.95
    endloop
  endfacet
  facet normal -0 0 1
    outer loop
      vertex 42.3 154.52 -34.95
      vertex 45.3 149.841 -34.95
      vertex 45.3 154.52 -34.95
    endloop
  endfacet
  facet normal 0 0 1
    outer loop
      vertex 45.3 149.841 -34.95
      vertex 42.3 154.52 -34.95
      vertex 42.3 149.841 -34.95
    endloop
  endfacet
  facet normal 0 -0.499968 0.866044
    outer loop
      vertex 42.3 163.181 -29.95
      vertex 45.3 154.52 -34.95
      vertex 45.3 163.181 -29.95
    endloop
  endfacet
  facet normal 0 -0.499968 0.866044
    outer loop
      vertex 45.3 154.52 -34.95
      vertex 42.3 163.181 -29.95
      vertex 42.3 154.52 -34.95
    endloop
  endfacet
  facet normal 0 -0.499968 -0.866044
    outer loop
      vertex 42.3 154.52 -24.95
      vertex 45.3 163.181 -29.95
      vertex 45.3 154.52 -24.95
    endloop
  endfacet
  facet normal -0 -0.499968 -0.866044
    outer loop
      vertex 45.3 163.181 -29.95
      vertex 42.3 154.52 -24.95
      vertex 42.3 163.181 -29.95
    endloop
  endfacet
  facet normal 0 0 -1
    outer loop
      vertex 42.3 149.841 -24.95
      vertex 45.3 154.52 -24.95
      vertex 45.3 149.841 -24.95
    endloop
  endfacet
  facet normal -0 0 -1
    outer loop
      vertex 45.3 154.52 -24.95
      vertex 42.3 149.841 -24.95
      vertex 42.3 154.52 -24.95
    endloop
  endfacet
  facet normal 0 0.500011 -0.866019
    outer loop
      vertex 42.3 141.181 -29.95
      vertex 45.3 149.841 -24.95
      vertex 45.3 141.181 -29.95
    endloop
  endfacet
  facet normal 0 0.500011 -0.866019
    outer loop
      vertex 45.3 149.841 -24.95
      vertex 42.3 141.181 -29.95
      vertex 42.3 149.841 -24.95
    endloop
  endfacet
  facet normal -0 0.500011 0.866019
    outer loop
      vertex 42.3 149.841 -34.95
      vertex 45.3 141.181 -29.95
      vertex 45.3 149.841 -34.95
    endloop
  endfacet
  facet normal 0 0.500011 0.866019
    outer loop
      vertex 45.3 141.181 -29.95
      vertex 42.3 149.841 -34.95
      vertex 42.3 141.181 -29.95
    endloop
  endfacet
  facet normal -0 0 1
    outer loop
      vertex 42.3 154.52 -22.95
      vertex 45.3 149.841 -22.95
      vertex 45.3 154.52 -22.95
    endloop
  endfacet
  facet normal 0 0 1
    outer loop
      vertex 45.3 149.841 -22.95
      vertex 42.3 154.52 -22.95
      vertex 42.3 149.841 -22.95
    endloop
  endfacet
  facet normal 0 -0.499968 0.866044
    outer loop
      vertex 42.3 163.181 -17.95
      vertex 45.3 154.52 -22.95
      vertex 45.3 163.181 -17.95
    endloop
  endfacet
  facet normal 0 -0.499968 0.866044
    outer loop
      vertex 45.3 154.52 -22.95
      vertex 42.3 163.181 -17.95
      vertex 42.3 154.52 -22.95
    endloop
  endfacet
  facet normal 0 -0.499968 -0.866044
    outer loop
      vertex 42.3 154.52 -12.95
      vertex 45.3 163.181 -17.95
      vertex 45.3 154.52 -12.95
    endloop
  endfacet
  facet normal -0 -0.499968 -0.866044
    outer loop
      vertex 45.3 163.181 -17.95
      vertex 42.3 154.52 -12.95
      vertex 42.3 163.181 -17.95
    endloop
  endfacet
  facet normal 0 0 -1
    outer loop
      vertex 42.3 149.841 -12.95
      vertex 45.3 154.52 -12.95
      vertex 45.3 149.841 -12.95
    endloop
  endfacet
  facet normal -0 0 -1
    outer loop
      vertex 45.3 154.52 -12.95
      vertex 42.3 149.841 -12.95
      vertex 42.3 154.52 -12.95
    endloop
  endfacet
  facet normal 0 0.500011 -0.866019
    outer loop
      vertex 42.3 141.181 -17.95
      vertex 45.3 149.841 -12.95
      vertex 45.3 141.181 -17.95
    endloop
  endfacet
  facet normal 0 0.500011 -0.866019
    outer loop
      vertex 45.3 149.841 -12.95
      vertex 42.3 141.181 -17.95
      vertex 42.3 149.841 -12.95
    endloop
  endfacet
  facet normal -0 0.500011 0.866019
    outer loop
      vertex 42.3 149.841 -22.95
      vertex 45.3 141.181 -17.95
      vertex 45.3 149.841 -22.95
    endloop
  endfacet
  facet normal 0 0.500011 0.866019
    outer loop
      vertex 45.3 141.181 -17.95
      vertex 42.3 149.841 -22.95
      vertex 42.3 141.181 -17.95
    endloop
  endfacet
  facet normal -0 0 1
    outer loop
      vertex 42.3 138.913 -40.95
      vertex 45.3 134.233 -40.95
      vertex 45.3 138.913 -40.95
    endloop
  endfacet
  facet normal 0 0 1
    outer loop
      vertex 45.3 134.233 -40.95
      vertex 42.3 138.913 -40.95
      vertex 42.3 134.233 -40.95
    endloop
  endfacet
  facet normal 0 -0.500011 0.866019
    outer loop
      vertex 42.3 147.573 -35.95
      vertex 45.3 138.913 -40.95
      vertex 45.3 147.573 -35.95
    endloop
  endfacet
  facet normal 0 -0.500011 0.866019
    outer loop
      vertex 45.3 138.913 -40.95
      vertex 42.3 147.573 -35.95
      vertex 42.3 138.913 -40.95
    endloop
  endfacet
  facet normal 0 -0.500011 -0.866019
    outer loop
      vertex 42.3 138.913 -30.95
      vertex 45.3 147.573 -35.95
      vertex 45.3 138.913 -30.95
    endloop
  endfacet
  facet normal -0 -0.500011 -0.866019
    outer loop
      vertex 45.3 147.573 -35.95
      vertex 42.3 138.913 -30.95
      vertex 42.3 147.573 -35.95
    endloop
  endfacet
  facet normal 0 0 -1
    outer loop
      vertex 42.3 134.233 -30.95
      vertex 45.3 138.913 -30.95
      vertex 45.3 134.233 -30.95
    endloop
  endfacet
  facet normal -0 0 -1
    outer loop
      vertex 45.3 138.913 -30.95
      vertex 42.3 134.233 -30.95
      vertex 42.3 138.913 -30.95
    endloop
  endfacet
  facet normal 0 0.500011 -0.866019
    outer loop
      vertex 42.3 125.573 -35.95
      vertex 45.3 134.233 -30.95
      vertex 45.3 125.573 -35.95
    endloop
  endfacet
  facet normal 0 0.500011 -0.866019
    outer loop
      vertex 45.3 134.233 -30.95
      vertex 42.3 125.573 -35.95
      vertex 42.3 134.233 -30.95
    endloop
  endfacet
  facet normal -0 0.500011 0.866019
    outer loop
      vertex 42.3 134.233 -40.95
      vertex 45.3 125.573 -35.95
      vertex 45.3 134.233 -40.95
    endloop
  endfacet
  facet normal 0 0.500011 0.866019
    outer loop
      vertex 45.3 125.573 -35.95
      vertex 42.3 134.233 -40.95
      vertex 42.3 125.573 -35.95
    endloop
  endfacet
  facet normal -0 0 1
    outer loop
      vertex 42.3 138.913 -28.95
      vertex 45.3 134.233 -28.95
      vertex 45.3 138.913 -28.95
    endloop
  endfacet
  facet normal 0 0 1
    outer loop
      vertex 45.3 134.233 -28.95
      vertex 42.3 138.913 -28.95
      vertex 42.3 134.233 -28.95
    endloop
  endfacet
  facet normal 0 -0.500011 0.866019
    outer loop
      vertex 42.3 147.573 -23.95
      vertex 45.3 138.913 -28.95
      vertex 45.3 147.573 -23.95
    endloop
  endfacet
  facet normal 0 -0.500011 0.866019
    outer loop
      vertex 45.3 138.913 -28.95
      vertex 42.3 147.573 -23.95
      vertex 42.3 138.913 -28.95
    endloop
  endfacet
  facet normal 0 -0.500011 -0.866019
    outer loop
      vertex 42.3 138.913 -18.95
      vertex 45.3 147.573 -23.95
      vertex 45.3 138.913 -18.95
    endloop
  endfacet
  facet normal -0 -0.500011 -0.866019
    outer loop
      vertex 45.3 147.573 -23.95
      vertex 42.3 138.913 -18.95
      vertex 42.3 147.573 -23.95
    endloop
  endfacet
  facet normal 0 0 -1
    outer loop
      vertex 42.3 134.233 -18.95
      vertex 45.3 138.913 -18.95
      vertex 45.3 134.233 -18.95
    endloop
  endfacet
  facet normal -0 0 -1
    outer loop
      vertex 45.3 138.913 -18.95
      vertex 42.3 134.233 -18.95
      vertex 42.3 138.913 -18.95
    endloop
  endfacet
  facet normal 0 0.500011 -0.866019
    outer loop
      vertex 42.3 125.573 -23.95
      vertex 45.3 134.233 -18.95
      vertex 45.3 125.573 -23.95
    endloop
  endfacet
  facet normal 0 0.500011 -0.866019
    outer loop
      vertex 45.3 134.233 -18.95
      vertex 42.3 125.573 -23.95
      vertex 42.3 134.233 -18.95
    endloop
  endfacet
  facet normal -0 0.500011 0.866019
    outer loop
      vertex 42.3 134.233 -28.95
      vertex 45.3 125.573 -23.95
      vertex 45.3 134.233 -28.95
    endloop
  endfacet
  facet normal 0 0.500011 0.866019
    outer loop
      vertex 45.3 125.573 -23.95
      vertex 42.3 134.233 -28.95
      vertex 42.3 125.573 -23.95
    endloop
  endfacet
  facet normal -0 0 1
    outer loop
      vertex 42.3 123.305 -46.95
      vertex 45.3 118.626 -46.95
      vertex 45.3 123.305 -46.95
    endloop
  endfacet
  facet normal 0 0 1
    outer loop
      vertex 45.3 118.626 -46.95
      vertex 42.3 123.305 -46.95
      vertex 42.3 118.626 -46.95
    endloop
  endfacet
  facet normal 0 -0.500011 0.866019
    outer loop
      vertex 42.3 131.965 -41.95
      vertex 45.3 123.305 -46.95
      vertex 45.3 131.965 -41.95
    endloop
  endfacet
  facet normal 0 -0.500011 0.866019
    outer loop
      vertex 45.3 123.305 -46.95
      vertex 42.3 131.965 -41.95
      vertex 42.3 123.305 -46.95
    endloop
  endfacet
  facet normal 0 -0.500011 -0.866019
    outer loop
      vertex 42.3 123.305 -36.95
      vertex 45.3 131.965 -41.95
      vertex 45.3 123.305 -36.95
    endloop
  endfacet
  facet normal -0 -0.500011 -0.866019
    outer loop
      vertex 45.3 131.965 -41.95
      vertex 42.3 123.305 -36.95
      vertex 42.3 131.965 -41.95
    endloop
  endfacet
  facet normal 0 0 -1
    outer loop
      vertex 42.3 118.626 -36.95
      vertex 45.3 123.305 -36.95
      vertex 45.3 118.626 -36.95
    endloop
  endfacet
  facet normal -0 0 -1
    outer loop
      vertex 45.3 123.305 -36.95
      vertex 42.3 118.626 -36.95
      vertex 42.3 123.305 -36.95
    endloop
  endfacet
  facet normal 0 0.499968 -0.866044
    outer loop
      vertex 42.3 109.965 -41.95
      vertex 45.3 118.626 -36.95
      vertex 45.3 109.965 -41.95
    endloop
  endfacet
  facet normal 0 0.499968 -0.866044
    outer loop
      vertex 45.3 118.626 -36.95
      vertex 42.3 109.965 -41.95
      vertex 42.3 118.626 -36.95
    endloop
  endfacet
  facet normal -0 0.499968 0.866044
    outer loop
      vertex 42.3 118.626 -46.95
      vertex 45.3 109.965 -41.95
      vertex 45.3 118.626 -46.95
    endloop
  endfacet
  facet normal 0 0.499968 0.866044
    outer loop
      vertex 45.3 109.965 -41.95
      vertex 42.3 118.626 -46.95
      vertex 42.3 109.965 -41.95
    endloop
  endfacet
  facet normal -0 0 1
    outer loop
      vertex 42.3 123.305 -34.95
      vertex 45.3 118.626 -34.95
      vertex 45.3 123.305 -34.95
    endloop
  endfacet
  facet normal 0 0 1
    outer loop
      vertex 45.3 118.626 -34.95
      vertex 42.3 123.305 -34.95
      vertex 42.3 118.626 -34.95
    endloop
  endfacet
  facet normal 0 -0.500011 0.866019
    outer loop
      vertex 42.3 131.965 -29.95
      vertex 45.3 123.305 -34.95
      vertex 45.3 131.965 -29.95
    endloop
  endfacet
  facet normal 0 -0.500011 0.866019
    outer loop
      vertex 45.3 123.305 -34.95
      vertex 42.3 131.965 -29.95
      vertex 42.3 123.305 -34.95
    endloop
  endfacet
  facet normal 0 -0.500011 -0.866019
    outer loop
      vertex 42.3 123.305 -24.95
      vertex 45.3 131.965 -29.95
      vertex 45.3 123.305 -24.95
    endloop
  endfacet
  facet normal -0 -0.500011 -0.866019
    outer loop
      vertex 45.3 131.965 -29.95
      vertex 42.3 123.305 -24.95
      vertex 42.3 131.965 -29.95
    endloop
  endfacet
  facet normal 0 0 -1
    outer loop
      vertex 42.3 118.626 -24.95
      vertex 45.3 123.305 -24.95
      vertex 45.3 118.626 -24.95
    endloop
  endfacet
  facet normal -0 0 -1
    outer loop
      vertex 45.3 123.305 -24.95
      vertex 42.3 118.626 -24.95
      vertex 42.3 123.305 -24.95
    endloop
  endfacet
  facet normal 0 0.499968 -0.866044
    outer loop
      vertex 42.3 109.965 -29.95
      vertex 45.3 118.626 -24.95
      vertex 45.3 109.965 -29.95
    endloop
  endfacet
  facet normal 0 0.499968 -0.866044
    outer loop
      vertex 45.3 118.626 -24.95
      vertex 42.3 109.965 -29.95
      vertex 42.3 118.626 -24.95
    endloop
  endfacet
  facet normal -0 0.499968 0.866044
    outer loop
      vertex 42.3 118.626 -34.95
      vertex 45.3 109.965 -29.95
      vertex 45.3 118.626 -34.95
    endloop
  endfacet
  facet normal 0 0.499968 0.866044
    outer loop
      vertex 45.3 109.965 -29.95
      vertex 42.3 118.626 -34.95
      vertex 42.3 109.965 -29.95
    endloop
  endfacet
  facet normal -0 0 1
    outer loop
      vertex 42.3 123.305 -22.95
      vertex 45.3 118.626 -22.95
      vertex 45.3 123.305 -22.95
    endloop
  endfacet
  facet normal 0 0 1
    outer loop
      vertex 45.3 118.626 -22.95
      vertex 42.3 123.305 -22.95
      vertex 42.3 118.626 -22.95
    endloop
  endfacet
  facet normal 0 -0.500011 0.866019
    outer loop
      vertex 42.3 131.965 -17.95
      vertex 45.3 123.305 -22.95
      vertex 45.3 131.965 -17.95
    endloop
  endfacet
  facet normal 0 -0.500011 0.866019
    outer loop
      vertex 45.3 123.305 -22.95
      vertex 42.3 131.965 -17.95
      vertex 42.3 123.305 -22.95
    endloop
  endfacet
  facet normal 0 -0.500011 -0.866019
    outer loop
      vertex 42.3 123.305 -12.95
      vertex 45.3 131.965 -17.95
      vertex 45.3 123.305 -12.95
    endloop
  endfacet
  facet normal -0 -0.500011 -0.866019
    outer loop
      vertex 45.3 131.965 -17.95
      vertex 42.3 123.305 -12.95
      vertex 42.3 131.965 -17.95
    endloop
  endfacet
  facet normal 0 0 -1
    outer loop
      vertex 42.3 118.626 -12.95
      vertex 45.3 123.305 -12.95
      vertex 45.3 118.626 -12.95
    endloop
  endfacet
  facet normal -0 0 -1
    outer loop
      vertex 45.3 123.305 -12.95
      vertex 42.3 118.626 -12.95
      vertex 42.3 123.305 -12.95
    endloop
  endfacet
  facet normal 0 0.499968 -0.866044
    outer loop
      vertex 42.3 109.965 -17.95
      vertex 45.3 118.626 -12.95
      vertex 45.3 109.965 -17.95
    endloop
  endfacet
  facet normal 0 0.499968 -0.866044
    outer loop
      vertex 45.3 118.626 -12.95
      vertex 42.3 109.965 -17.95
      vertex 42.3 118.626 -12.95
    endloop
  endfacet
  facet normal -0 0.499968 0.866044
    outer loop
      vertex 42.3 118.626 -22.95
      vertex 45.3 109.965 -17.95
      vertex 45.3 118.626 -22.95
    endloop
  endfacet
  facet normal 0 0.499968 0.866044
    outer loop
      vertex 45.3 109.965 -17.95
      vertex 42.3 118.626 -22.95
      vertex 42.3 109.965 -17.95
    endloop
  endfacet
  facet normal -0 0 1
    outer loop
      vertex 42.3 107.697 -40.95
      vertex 45.3 103.018 -40.95
      vertex 45.3 107.697 -40.95
    endloop
  endfacet
  facet normal 0 0 1
    outer loop
      vertex 45.3 103.018 -40.95
      vertex 42.3 107.697 -40.95
      vertex 42.3 103.018 -40.95
    endloop
  endfacet
  facet normal 0 -0.499968 0.866044
    outer loop
      vertex 42.3 116.358 -35.95
      vertex 45.3 107.697 -40.95
      vertex 45.3 116.358 -35.95
    endloop
  endfacet
  facet normal 0 -0.499968 0.866044
    outer loop
      vertex 45.3 107.697 -40.95
      vertex 42.3 116.358 -35.95
      vertex 42.3 107.697 -40.95
    endloop
  endfacet
  facet normal 0 -0.499968 -0.866044
    outer loop
      vertex 42.3 107.697 -30.95
      vertex 45.3 116.358 -35.95
      vertex 45.3 107.697 -30.95
    endloop
  endfacet
  facet normal -0 -0.499968 -0.866044
    outer loop
      vertex 45.3 116.358 -35.95
      vertex 42.3 107.697 -30.95
      vertex 42.3 116.358 -35.95
    endloop
  endfacet
  facet normal 0 0 -1
    outer loop
      vertex 42.3 103.018 -30.95
      vertex 45.3 107.697 -30.95
      vertex 45.3 103.018 -30.95
    endloop
  endfacet
  facet normal -0 0 -1
    outer loop
      vertex 45.3 107.697 -30.95
      vertex 42.3 103.018 -30.95
      vertex 42.3 107.697 -30.95
    endloop
  endfacet
  facet normal 0 0.499998 -0.866027
    outer loop
      vertex 42.3 94.3577 -35.95
      vertex 45.3 103.018 -30.95
      vertex 45.3 94.3577 -35.95
    endloop
  endfacet
  facet normal 0 0.499998 -0.866027
    outer loop
      vertex 45.3 103.018 -30.95
      vertex 42.3 94.3577 -35.95
      vertex 42.3 103.018 -30.95
    endloop
  endfacet
  facet normal -0 0.499998 0.866027
    outer loop
      vertex 42.3 103.018 -40.95
      vertex 45.3 94.3577 -35.95
      vertex 45.3 103.018 -40.95
    endloop
  endfacet
  facet normal 0 0.499998 0.866027
    outer loop
      vertex 45.3 94.3577 -35.95
      vertex 42.3 103.018 -40.95
      vertex 42.3 94.3577 -35.95
    endloop
  endfacet
  facet normal -0 0 1
    outer loop
      vertex 42.3 107.697 -28.95
      vertex 45.3 103.018 -28.95
      vertex 45.3 107.697 -28.95
    endloop
  endfacet
  facet normal 0 0 1
    outer loop
      vertex 45.3 103.018 -28.95
      vertex 42.3 107.697 -28.95
      vertex 42.3 103.018 -28.95
    endloop
  endfacet
  facet normal 0 -0.499968 0.866044
    outer loop
      vertex 42.3 116.358 -23.95
      vertex 45.3 107.697 -28.95
      vertex 45.3 116.358 -23.95
    endloop
  endfacet
  facet normal 0 -0.499968 0.866044
    outer loop
      vertex 45.3 107.697 -28.95
      vertex 42.3 116.358 -23.95
      vertex 42.3 107.697 -28.95
    endloop
  endfacet
  facet normal 0 -0.499968 -0.866044
    outer loop
      vertex 42.3 107.697 -18.95
      vertex 45.3 116.358 -23.95
      vertex 45.3 107.697 -18.95
    endloop
  endfacet
  facet normal -0 -0.499968 -0.866044
    outer loop
      vertex 45.3 116.358 -23.95
      vertex 42.3 107.697 -18.95
      vertex 42.3 116.358 -23.95
    endloop
  endfacet
  facet normal 0 0 -1
    outer loop
      vertex 42.3 103.018 -18.95
      vertex 45.3 107.697 -18.95
      vertex 45.3 103.018 -18.95
    endloop
  endfacet
  facet normal -0 0 -1
    outer loop
      vertex 45.3 107.697 -18.95
      vertex 42.3 103.018 -18.95
      vertex 42.3 107.697 -18.95
    endloop
  endfacet
  facet normal 0 0.499998 -0.866027
    outer loop
      vertex 42.3 94.3577 -23.95
      vertex 45.3 103.018 -18.95
      vertex 45.3 94.3577 -23.95
    endloop
  endfacet
  facet normal 0 0.499998 -0.866027
    outer loop
      vertex 45.3 103.018 -18.95
      vertex 42.3 94.3577 -23.95
      vertex 42.3 103.018 -18.95
    endloop
  endfacet
  facet normal -0 0.499998 0.866027
    outer loop
      vertex 42.3 103.018 -28.95
      vertex 45.3 94.3577 -23.95
      vertex 45.3 103.018 -28.95
    endloop
  endfacet
  facet normal 0 0.499998 0.866027
    outer loop
      vertex 45.3 94.3577 -23.95
      vertex 42.3 103.018 -28.95
      vertex 42.3 94.3577 -23.95
    endloop
  endfacet
  facet normal -0 0 1
    outer loop
      vertex 42.3 92.0897 -34.95
      vertex 45.3 87.4103 -34.95
      vertex 45.3 92.0897 -34.95
    endloop
  endfacet
  facet normal 0 0 1
    outer loop
      vertex 45.3 87.4103 -34.95
      vertex 42.3 92.0897 -34.95
      vertex 42.3 87.4103 -34.95
    endloop
  endfacet
  facet normal 0 -0.499998 0.866027
    outer loop
      vertex 42.3 100.75 -29.95
      vertex 45.3 92.0897 -34.95
      vertex 45.3 100.75 -29.95
    endloop
  endfacet
  facet normal 0 -0.499998 0.866027
    outer loop
      vertex 45.3 92.0897 -34.95
      vertex 42.3 100.75 -29.95
      vertex 42.3 92.0897 -34.95
    endloop
  endfacet
  facet normal 0 -0.499998 -0.866027
    outer loop
      vertex 42.3 92.0897 -24.95
      vertex 45.3 100.75 -29.95
      vertex 45.3 92.0897 -24.95
    endloop
  endfacet
  facet normal -0 -0.499998 -0.866027
    outer loop
      vertex 45.3 100.75 -29.95
      vertex 42.3 92.0897 -24.95
      vertex 42.3 100.75 -29.95
    endloop
  endfacet
  facet normal 0 0 -1
    outer loop
      vertex 42.3 87.4103 -24.95
      vertex 45.3 92.0897 -24.95
      vertex 45.3 87.4103 -24.95
    endloop
  endfacet
  facet normal -0 0 -1
    outer loop
      vertex 45.3 92.0897 -24.95
      vertex 42.3 87.4103 -24.95
      vertex 42.3 92.0897 -24.95
    endloop
  endfacet
  facet normal 0 0.499998 -0.866027
    outer loop
      vertex 42.3 78.75 -29.95
      vertex 45.3 87.4103 -24.95
      vertex 45.3 78.75 -29.95
    endloop
  endfacet
  facet normal 0 0.499998 -0.866027
    outer loop
      vertex 45.3 87.4103 -24.95
      vertex 42.3 78.75 -29.95
      vertex 42.3 87.4103 -24.95
    endloop
  endfacet
  facet normal -0 0.499998 0.866027
    outer loop
      vertex 42.3 87.4103 -34.95
      vertex 45.3 78.75 -29.95
      vertex 45.3 87.4103 -34.95
    endloop
  endfacet
  facet normal 0 0.499998 0.866027
    outer loop
      vertex 45.3 78.75 -29.95
      vertex 42.3 87.4103 -34.95
      vertex 42.3 78.75 -29.95
    endloop
  endfacet
  facet normal -0 0 1
    outer loop
      vertex 42.3 92.0897 -46.95
      vertex 45.3 87.4103 -46.95
      vertex 45.3 92.0897 -46.95
    endloop
  endfacet
  facet normal 0 0 1
    outer loop
      vertex 45.3 87.4103 -46.95
      vertex 42.3 92.0897 -46.95
      vertex 42.3 87.4103 -46.95
    endloop
  endfacet
  facet normal 0 -0.499998 0.866027
    outer loop
      vertex 42.3 100.75 -41.95
      vertex 45.3 92.0897 -46.95
      vertex 45.3 100.75 -41.95
    endloop
  endfacet
  facet normal 0 -0.499998 0.866027
    outer loop
      vertex 45.3 92.0897 -46.95
      vertex 42.3 100.75 -41.95
      vertex 42.3 92.0897 -46.95
    endloop
  endfacet
  facet normal 0 -0.499998 -0.866027
    outer loop
      vertex 42.3 92.0897 -36.95
      vertex 45.3 100.75 -41.95
      vertex 45.3 92.0897 -36.95
    endloop
  endfacet
  facet normal -0 -0.499998 -0.866027
    outer loop
      vertex 45.3 100.75 -41.95
      vertex 42.3 92.0897 -36.95
      vertex 42.3 100.75 -41.95
    endloop
  endfacet
  facet normal 0 0 -1
    outer loop
      vertex 42.3 87.4103 -36.95
      vertex 45.3 92.0897 -36.95
      vertex 45.3 87.4103 -36.95
    endloop
  endfacet
  facet normal -0 0 -1
    outer loop
      vertex 45.3 92.0897 -36.95
      vertex 42.3 87.4103 -36.95
      vertex 42.3 92.0897 -36.95
    endloop
  endfacet
  facet normal 0 0.499998 -0.866027
    outer loop
      vertex 42.3 78.75 -41.95
      vertex 45.3 87.4103 -36.95
      vertex 45.3 78.75 -41.95
    endloop
  endfacet
  facet normal 0 0.499998 -0.866027
    outer loop
      vertex 45.3 87.4103 -36.95
      vertex 42.3 78.75 -41.95
      vertex 42.3 87.4103 -36.95
    endloop
  endfacet
  facet normal -0 0.499998 0.866027
    outer loop
      vertex 42.3 87.4103 -46.95
      vertex 45.3 78.75 -41.95
      vertex 45.3 87.4103 -46.95
    endloop
  endfacet
  facet normal 0 0.499998 0.866027
    outer loop
      vertex 45.3 78.75 -41.95
      vertex 42.3 87.4103 -46.95
      vertex 42.3 78.75 -41.95
    endloop
  endfacet
  facet normal -0 0 1
    outer loop
      vertex 42.3 92.0897 -22.95
      vertex 45.3 87.4103 -22.95
      vertex 45.3 92.0897 -22.95
    endloop
  endfacet
  facet normal 0 0 1
    outer loop
      vertex 45.3 87.4103 -22.95
      vertex 42.3 92.0897 -22.95
      vertex 42.3 87.4103 -22.95
    endloop
  endfacet
  facet normal 0 -0.499998 0.866027
    outer loop
      vertex 42.3 100.75 -17.95
      vertex 45.3 92.0897 -22.95
      vertex 45.3 100.75 -17.95
    endloop
  endfacet
  facet normal 0 -0.499998 0.866027
    outer loop
      vertex 45.3 92.0897 -22.95
      vertex 42.3 100.75 -17.95
      vertex 42.3 92.0897 -22.95
    endloop
  endfacet
  facet normal 0 -0.499998 -0.866027
    outer loop
      vertex 42.3 92.0897 -12.95
      vertex 45.3 100.75 -17.95
      vertex 45.3 92.0897 -12.95
    endloop
  endfacet
  facet normal -0 -0.499998 -0.866027
    outer loop
      vertex 45.3 100.75 -17.95
      vertex 42.3 92.0897 -12.95
      vertex 42.3 100.75 -17.95
    endloop
  endfacet
  facet normal 0 0 -1
    outer loop
      vertex 42.3 87.4103 -12.95
      vertex 45.3 92.0897 -12.95
      vertex 45.3 87.4103 -12.95
    endloop
  endfacet
  facet normal -0 0 -1
    outer loop
      vertex 45.3 92.0897 -12.95
      vertex 42.3 87.4103 -12.95
      vertex 42.3 92.0897 -12.95
    endloop
  endfacet
  facet normal 0 0.499998 -0.866027
    outer loop
      vertex 42.3 78.75 -17.95
      vertex 45.3 87.4103 -12.95
      vertex 45.3 78.75 -17.95
    endloop
  endfacet
  facet normal 0 0.499998 -0.866027
    outer loop
      vertex 45.3 87.4103 -12.95
      vertex 42.3 78.75 -17.95
      vertex 42.3 87.4103 -12.95
    endloop
  endfacet
  facet normal -0 0.499998 0.866027
    outer loop
      vertex 42.3 87.4103 -22.95
      vertex 45.3 78.75 -17.95
      vertex 45.3 87.4103 -22.95
    endloop
  endfacet
  facet normal 0 0.499998 0.866027
    outer loop
      vertex 45.3 78.75 -17.95
      vertex 42.3 87.4103 -22.95
      vertex 42.3 78.75 -17.95
    endloop
  endfacet
  facet normal -0 0 1
    outer loop
      vertex 42.3 76.482 -40.95
      vertex 45.3 71.8026 -40.95
      vertex 45.3 76.482 -40.95
    endloop
  endfacet
  facet normal 0 0 1
    outer loop
      vertex 45.3 71.8026 -40.95
      vertex 42.3 76.482 -40.95
      vertex 42.3 71.8026 -40.95
    endloop
  endfacet
  facet normal 0 -0.499998 0.866027
    outer loop
      vertex 42.3 85.1423 -35.95
      vertex 45.3 76.482 -40.95
      vertex 45.3 85.1423 -35.95
    endloop
  endfacet
  facet normal 0 -0.499998 0.866027
    outer loop
      vertex 45.3 76.482 -40.95
      vertex 42.3 85.1423 -35.95
      vertex 42.3 76.482 -40.95
    endloop
  endfacet
  facet normal 0 -0.499998 -0.866027
    outer loop
      vertex 42.3 76.482 -30.95
      vertex 45.3 85.1423 -35.95
      vertex 45.3 76.482 -30.95
    endloop
  endfacet
  facet normal -0 -0.499998 -0.866027
    outer loop
      vertex 45.3 85.1423 -35.95
      vertex 42.3 76.482 -30.95
      vertex 42.3 85.1423 -35.95
    endloop
  endfacet
  facet normal 0 0 -1
    outer loop
      vertex 42.3 71.8026 -30.95
      vertex 45.3 76.482 -30.95
      vertex 45.3 71.8026 -30.95
    endloop
  endfacet
  facet normal -0 0 -1
    outer loop
      vertex 45.3 76.482 -30.95
      vertex 42.3 71.8026 -30.95
      vertex 42.3 76.482 -30.95
    endloop
  endfacet
  facet normal 0 0.499998 -0.866027
    outer loop
      vertex 42.3 63.1423 -35.95
      vertex 45.3 71.8026 -30.95
      vertex 45.3 63.1423 -35.95
    endloop
  endfacet
  facet normal 0 0.499998 -0.866027
    outer loop
      vertex 45.3 71.8026 -30.95
      vertex 42.3 63.1423 -35.95
      vertex 42.3 71.8026 -30.95
    endloop
  endfacet
  facet normal -0 0.499998 0.866027
    outer loop
      vertex 42.3 71.8026 -40.95
      vertex 45.3 63.1423 -35.95
      vertex 45.3 71.8026 -40.95
    endloop
  endfacet
  facet normal 0 0.499998 0.866027
    outer loop
      vertex 45.3 63.1423 -35.95
      vertex 42.3 71.8026 -40.95
      vertex 42.3 63.1423 -35.95
    endloop
  endfacet
  facet normal -0 0 1
    outer loop
      vertex 42.3 76.482 -28.95
      vertex 45.3 71.8026 -28.95
      vertex 45.3 76.482 -28.95
    endloop
  endfacet
  facet normal 0 0 1
    outer loop
      vertex 45.3 71.8026 -28.95
      vertex 42.3 76.482 -28.95
      vertex 42.3 71.8026 -28.95
    endloop
  endfacet
  facet normal 0 -0.499998 0.866027
    outer loop
      vertex 42.3 85.1423 -23.95
      vertex 45.3 76.482 -28.95
      vertex 45.3 85.1423 -23.95
    endloop
  endfacet
  facet normal 0 -0.499998 0.866027
    outer loop
      vertex 45.3 76.482 -28.95
      vertex 42.3 85.1423 -23.95
      vertex 42.3 76.482 -28.95
    endloop
  endfacet
  facet normal 0 -0.499998 -0.866027
    outer loop
      vertex 42.3 76.482 -18.95
      vertex 45.3 85.1423 -23.95
      vertex 45.3 76.482 -18.95
    endloop
  endfacet
  facet normal -0 -0.499998 -0.866027
    outer loop
      vertex 45.3 85.1423 -23.95
      vertex 42.3 76.482 -18.95
      vertex 42.3 85.1423 -23.95
    endloop
  endfacet
  facet normal 0 0 -1
    outer loop
      vertex 42.3 71.8026 -18.95
      vertex 45.3 76.482 -18.95
      vertex 45.3 71.8026 -18.95
    endloop
  endfacet
  facet normal -0 0 -1
    outer loop
      vertex 45.3 76.482 -18.95
      vertex 42.3 71.8026 -18.95
      vertex 42.3 76.482 -18.95
    endloop
  endfacet
  facet normal 0 0.499998 -0.866027
    outer loop
      vertex 42.3 63.1423 -23.95
      vertex 45.3 71.8026 -18.95
      vertex 45.3 63.1423 -23.95
    endloop
  endfacet
  facet normal 0 0.499998 -0.866027
    outer loop
      vertex 45.3 71.8026 -18.95
      vertex 42.3 63.1423 -23.95
      vertex 42.3 71.8026 -18.95
    endloop
  endfacet
  facet normal -0 0.499998 0.866027
    outer loop
      vertex 42.3 71.8026 -28.95
      vertex 45.3 63.1423 -23.95
      vertex 45.3 71.8026 -28.95
    endloop
  endfacet
  facet normal 0 0.499998 0.866027
    outer loop
      vertex 45.3 63.1423 -23.95
      vertex 42.3 71.8026 -28.95
      vertex 42.3 63.1423 -23.95
    endloop
  endfacet
  facet normal -0 0 1
    outer loop
      vertex 42.3 60.8743 -46.95
      vertex 45.3 56.1949 -46.95
      vertex 45.3 60.8743 -46.95
    endloop
  endfacet
  facet normal 0 0 1
    outer loop
      vertex 45.3 56.1949 -46.95
      vertex 42.3 60.8743 -46.95
      vertex 42.3 56.1949 -46.95
    endloop
  endfacet
  facet normal 0 -0.499998 0.866027
    outer loop
      vertex 42.3 69.5346 -41.95
      vertex 45.3 60.8743 -46.95
      vertex 45.3 69.5346 -41.95
    endloop
  endfacet
  facet normal 0 -0.499998 0.866027
    outer loop
      vertex 45.3 60.8743 -46.95
      vertex 42.3 69.5346 -41.95
      vertex 42.3 60.8743 -46.95
    endloop
  endfacet
  facet normal 0 -0.499998 -0.866027
    outer loop
      vertex 42.3 60.8743 -36.95
      vertex 45.3 69.5346 -41.95
      vertex 45.3 60.8743 -36.95
    endloop
  endfacet
  facet normal -0 -0.499998 -0.866027
    outer loop
      vertex 45.3 69.5346 -41.95
      vertex 42.3 60.8743 -36.95
      vertex 42.3 69.5346 -41.95
    endloop
  endfacet
  facet normal 0 0 -1
    outer loop
      vertex 42.3 56.1949 -36.95
      vertex 45.3 60.8743 -36.95
      vertex 45.3 56.1949 -36.95
    endloop
  endfacet
  facet normal -0 0 -1
    outer loop
      vertex 45.3 60.8743 -36.95
      vertex 42.3 56.1949 -36.95
      vertex 42.3 60.8743 -36.95
    endloop
  endfacet
  facet normal 0 0.499998 -0.866027
    outer loop
      vertex 42.3 47.5346 -41.95
      vertex 45.3 56.1949 -36.95
      vertex 45.3 47.5346 -41.95
    endloop
  endfacet
  facet normal 0 0.499998 -0.866027
    outer loop
      vertex 45.3 56.1949 -36.95
      vertex 42.3 47.5346 -41.95
      vertex 42.3 56.1949 -36.95
    endloop
  endfacet
  facet normal -0 0.499998 0.866027
    outer loop
      vertex 42.3 56.1949 -46.95
      vertex 45.3 47.5346 -41.95
      vertex 45.3 56.1949 -46.95
    endloop
  endfacet
  facet normal 0 0.499998 0.866027
    outer loop
      vertex 45.3 47.5346 -41.95
      vertex 42.3 56.1949 -46.95
      vertex 42.3 47.5346 -41.95
    endloop
  endfacet
  facet normal -0 0 1
    outer loop
      vertex 42.3 60.8743 -34.95
      vertex 45.3 56.1949 -34.95
      vertex 45.3 60.8743 -34.95
    endloop
  endfacet
  facet normal 0 0 1
    outer loop
      vertex 45.3 56.1949 -34.95
      vertex 42.3 60.8743 -34.95
      vertex 42.3 56.1949 -34.95
    endloop
  endfacet
  facet normal 0 -0.499998 0.866027
    outer loop
      vertex 42.3 69.5346 -29.95
      vertex 45.3 60.8743 -34.95
      vertex 45.3 69.5346 -29.95
    endloop
  endfacet
  facet normal 0 -0.499998 0.866027
    outer loop
      vertex 45.3 60.8743 -34.95
      vertex 42.3 69.5346 -29.95
      vertex 42.3 60.8743 -34.95
    endloop
  endfacet
  facet normal 0 -0.499998 -0.866027
    outer loop
      vertex 42.3 60.8743 -24.95
      vertex 45.3 69.5346 -29.95
      vertex 45.3 60.8743 -24.95
    endloop
  endfacet
  facet normal -0 -0.499998 -0.866027
    outer loop
      vertex 45.3 69.5346 -29.95
      vertex 42.3 60.8743 -24.95
      vertex 42.3 69.5346 -29.95
    endloop
  endfacet
  facet normal 0 0 -1
    outer loop
      vertex 42.3 56.1949 -24.95
      vertex 45.3 60.8743 -24.95
      vertex 45.3 56.1949 -24.95
    endloop
  endfacet
  facet normal -0 0 -1
    outer loop
      vertex 45.3 60.8743 -24.95
      vertex 42.3 56.1949 -24.95
      vertex 42.3 60.8743 -24.95
    endloop
  endfacet
  facet normal 0 0.499998 -0.866027
    outer loop
      vertex 42.3 47.5346 -29.95
      vertex 45.3 56.1949 -24.95
      vertex 45.3 47.5346 -29.95
    endloop
  endfacet
  facet normal 0 0.499998 -0.866027
    outer loop
      vertex 45.3 56.1949 -24.95
      vertex 42.3 47.5346 -29.95
      vertex 42.3 56.1949 -24.95
    endloop
  endfacet
  facet normal -0 0.499998 0.866027
    outer loop
      vertex 42.3 56.1949 -34.95
      vertex 45.3 47.5346 -29.95
      vertex 45.3 56.1949 -34.95
    endloop
  endfacet
  facet normal 0 0.499998 0.866027
    outer loop
      vertex 45.3 47.5346 -29.95
      vertex 42.3 56.1949 -34.95
      vertex 42.3 47.5346 -29.95
    endloop
  endfacet
  facet normal -0 0 1
    outer loop
      vertex 42.3 60.8743 -22.95
      vertex 45.3 56.1949 -22.95
      vertex 45.3 60.8743 -22.95
    endloop
  endfacet
  facet normal 0 0 1
    outer loop
      vertex 45.3 56.1949 -22.95
      vertex 42.3 60.8743 -22.95
      vertex 42.3 56.1949 -22.95
    endloop
  endfacet
  facet normal 0 -0.499998 0.866027
    outer loop
      vertex 42.3 69.5346 -17.95
      vertex 45.3 60.8743 -22.95
      vertex 45.3 69.5346 -17.95
    endloop
  endfacet
  facet normal 0 -0.499998 0.866027
    outer loop
      vertex 45.3 60.8743 -22.95
      vertex 42.3 69.5346 -17.95
      vertex 42.3 60.8743 -22.95
    endloop
  endfacet
  facet normal 0 -0.499998 -0.866027
    outer loop
      vertex 42.3 60.8743 -12.95
      vertex 45.3 69.5346 -17.95
      vertex 45.3 60.8743 -12.95
    endloop
  endfacet
  facet normal -0 -0.499998 -0.866027
    outer loop
      vertex 45.3 69.5346 -17.95
      vertex 42.3 60.8743 -12.95
      vertex 42.3 69.5346 -17.95
    endloop
  endfacet
  facet normal 0 0 -1
    outer loop
      vertex 42.3 56.1949 -12.95
      vertex 45.3 60.8743 -12.95
      vertex 45.3 56.1949 -12.95
    endloop
  endfacet
  facet normal -0 0 -1
    outer loop
      vertex 45.3 60.8743 -12.95
      vertex 42.3 56.1949 -12.95
      vertex 42.3 60.8743 -12.95
    endloop
  endfacet
  facet normal 0 0.499998 -0.866027
    outer loop
      vertex 42.3 47.5346 -17.95
      vertex 45.3 56.1949 -12.95
      vertex 45.3 47.5346 -17.95
    endloop
  endfacet
  facet normal 0 0.499998 -0.866027
    outer loop
      vertex 45.3 56.1949 -12.95
      vertex 42.3 47.5346 -17.95
      vertex 42.3 56.1949 -12.95
    endloop
  endfacet
  facet normal -0 0.499998 0.866027
    outer loop
      vertex 42.3 56.1949 -22.95
      vertex 45.3 47.5346 -17.95
      vertex 45.3 56.1949 -22.95
    endloop
  endfacet
  facet normal 0 0.499998 0.866027
    outer loop
      vertex 45.3 47.5346 -17.95
      vertex 42.3 56.1949 -22.95
      vertex 42.3 47.5346 -17.95
    endloop
  endfacet
  facet normal -0 0 1
    outer loop
      vertex 42.3 45.2666 -40.95
      vertex 45.3 40.5872 -40.95
      vertex 45.3 45.2666 -40.95
    endloop
  endfacet
  facet normal 0 0 1
    outer loop
      vertex 45.3 40.5872 -40.95
      vertex 42.3 45.2666 -40.95
      vertex 42.3 40.5872 -40.95
    endloop
  endfacet
  facet normal 0 -0.499998 0.866027
    outer loop
      vertex 42.3 53.9269 -35.95
      vertex 45.3 45.2666 -40.95
      vertex 45.3 53.9269 -35.95
    endloop
  endfacet
  facet normal 0 -0.499998 0.866027
    outer loop
      vertex 45.3 45.2666 -40.95
      vertex 42.3 53.9269 -35.95
      vertex 42.3 45.2666 -40.95
    endloop
  endfacet
  facet normal 0 -0.499998 -0.866027
    outer loop
      vertex 42.3 45.2666 -30.95
      vertex 45.3 53.9269 -35.95
      vertex 45.3 45.2666 -30.95
    endloop
  endfacet
  facet normal -0 -0.499998 -0.866027
    outer loop
      vertex 45.3 53.9269 -35.95
      vertex 42.3 45.2666 -30.95
      vertex 42.3 53.9269 -35.95
    endloop
  endfacet
  facet normal 0 0 -1
    outer loop
      vertex 42.3 40.5872 -30.95
      vertex 45.3 45.2666 -30.95
      vertex 45.3 40.5872 -30.95
    endloop
  endfacet
  facet normal -0 0 -1
    outer loop
      vertex 45.3 45.2666 -30.95
      vertex 42.3 40.5872 -30.95
      vertex 42.3 45.2666 -30.95
    endloop
  endfacet
  facet normal 0 0.499998 -0.866027
    outer loop
      vertex 42.3 31.9269 -35.95
      vertex 45.3 40.5872 -30.95
      vertex 45.3 31.9269 -35.95
    endloop
  endfacet
  facet normal 0 0.499998 -0.866027
    outer loop
      vertex 45.3 40.5872 -30.95
      vertex 42.3 31.9269 -35.95
      vertex 42.3 40.5872 -30.95
    endloop
  endfacet
  facet normal -0 0.499998 0.866027
    outer loop
      vertex 42.3 40.5872 -40.95
      vertex 45.3 31.9269 -35.95
      vertex 45.3 40.5872 -40.95
    endloop
  endfacet
  facet normal 0 0.499998 0.866027
    outer loop
      vertex 45.3 31.9269 -35.95
      vertex 42.3 40.5872 -40.95
      vertex 42.3 31.9269 -35.95
    endloop
  endfacet
  facet normal -0 0 1
    outer loop
      vertex 42.3 45.2666 -28.95
      vertex 45.3 40.5872 -28.95
      vertex 45.3 45.2666 -28.95
    endloop
  endfacet
  facet normal 0 0 1
    outer loop
      vertex 45.3 40.5872 -28.95
      vertex 42.3 45.2666 -28.95
      vertex 42.3 40.5872 -28.95
    endloop
  endfacet
  facet normal 0 -0.499998 0.866027
    outer loop
      vertex 42.3 53.9269 -23.95
      vertex 45.3 45.2666 -28.95
      vertex 45.3 53.9269 -23.95
    endloop
  endfacet
  facet normal 0 -0.499998 0.866027
    outer loop
      vertex 45.3 45.2666 -28.95
      vertex 42.3 53.9269 -23.95
      vertex 42.3 45.2666 -28.95
    endloop
  endfacet
  facet normal 0 -0.499998 -0.866027
    outer loop
      vertex 42.3 45.2666 -18.95
      vertex 45.3 53.9269 -23.95
      vertex 45.3 45.2666 -18.95
    endloop
  endfacet
  facet normal -0 -0.499998 -0.866027
    outer loop
      vertex 45.3 53.9269 -23.95
      vertex 42.3 45.2666 -18.95
      vertex 42.3 53.9269 -23.95
    endloop
  endfacet
  facet normal 0 0 -1
    outer loop
      vertex 42.3 40.5872 -18.95
      vertex 45.3 45.2666 -18.95
      vertex 45.3 40.5872 -18.95
    endloop
  endfacet
  facet normal -0 0 -1
    outer loop
      vertex 45.3 45.2666 -18.95
      vertex 42.3 40.5872 -18.95
      vertex 42.3 45.2666 -18.95
    endloop
  endfacet
  facet normal 0 0.499998 -0.866027
    outer loop
      vertex 42.3 31.9269 -23.95
      vertex 45.3 40.5872 -18.95
      vertex 45.3 31.9269 -23.95
    endloop
  endfacet
  facet normal 0 0.499998 -0.866027
    outer loop
      vertex 45.3 40.5872 -18.95
      vertex 42.3 31.9269 -23.95
      vertex 42.3 40.5872 -18.95
    endloop
  endfacet
  facet normal -0 0.499998 0.866027
    outer loop
      vertex 42.3 40.5872 -28.95
      vertex 45.3 31.9269 -23.95
      vertex 45.3 40.5872 -28.95
    endloop
  endfacet
  facet normal 0 0.499998 0.866027
    outer loop
      vertex 45.3 31.9269 -23.95
      vertex 42.3 40.5872 -28.95
      vertex 42.3 31.9269 -23.95
    endloop
  endfacet
  facet normal -0 0 1
    outer loop
      vertex 42.3 29.659 -22.95
      vertex 45.3 24.9795 -22.95
      vertex 45.3 29.659 -22.95
    endloop
  endfacet
  facet normal 0 0 1
    outer loop
      vertex 45.3 24.9795 -22.95
      vertex 42.3 29.659 -22.95
      vertex 42.3 24.9795 -22.95
    endloop
  endfacet
  facet normal 0 -0.500002 0.866024
    outer loop
      vertex 42.3 38.3192 -17.95
      vertex 45.3 29.659 -22.95
      vertex 45.3 38.3192 -17.95
    endloop
  endfacet
  facet normal 0 -0.500002 0.866024
    outer loop
      vertex 45.3 29.659 -22.95
      vertex 42.3 38.3192 -17.95
      vertex 42.3 29.659 -22.95
    endloop
  endfacet
  facet normal 0 -0.500002 -0.866024
    outer loop
      vertex 42.3 29.659 -12.95
      vertex 45.3 38.3192 -17.95
      vertex 45.3 29.659 -12.95
    endloop
  endfacet
  facet normal -0 -0.500002 -0.866024
    outer loop
      vertex 45.3 38.3192 -17.95
      vertex 42.3 29.659 -12.95
      vertex 42.3 38.3192 -17.95
    endloop
  endfacet
  facet normal 0 0 -1
    outer loop
      vertex 42.3 24.9795 -12.95
      vertex 45.3 29.659 -12.95
      vertex 45.3 24.9795 -12.95
    endloop
  endfacet
  facet normal -0 0 -1
    outer loop
      vertex 45.3 29.659 -12.95
      vertex 42.3 24.9795 -12.95
      vertex 42.3 29.659 -12.95
    endloop
  endfacet
  facet normal 0 0.499998 -0.866027
    outer loop
      vertex 42.3 16.3192 -17.95
      vertex 45.3 24.9795 -12.95
      vertex 45.3 16.3192 -17.95
    endloop
  endfacet
  facet normal 0 0.499998 -0.866027
    outer loop
      vertex 45.3 24.9795 -12.95
      vertex 42.3 16.3192 -17.95
      vertex 42.3 24.9795 -12.95
    endloop
  endfacet
  facet normal -0 0.499998 0.866027
    outer loop
      vertex 42.3 24.9795 -22.95
      vertex 45.3 16.3192 -17.95
      vertex 45.3 24.9795 -22.95
    endloop
  endfacet
  facet normal 0 0.499998 0.866027
    outer loop
      vertex 45.3 16.3192 -17.95
      vertex 42.3 24.9795 -22.95
      vertex 42.3 16.3192 -17.95
    endloop
  endfacet
  facet normal -0 0 1
    outer loop
      vertex 42.3 29.659 -46.95
      vertex 45.3 24.9795 -46.95
      vertex 45.3 29.659 -46.95
    endloop
  endfacet
  facet normal 0 0 1
    outer loop
      vertex 45.3 24.9795 -46.95
      vertex 42.3 29.659 -46.95
      vertex 42.3 24.9795 -46.95
    endloop
  endfacet
  facet normal 0 -0.500002 0.866024
    outer loop
      vertex 42.3 38.3192 -41.95
      vertex 45.3 29.659 -46.95
      vertex 45.3 38.3192 -41.95
    endloop
  endfacet
  facet normal 0 -0.500002 0.866024
    outer loop
      vertex 45.3 29.659 -46.95
      vertex 42.3 38.3192 -41.95
      vertex 42.3 29.659 -46.95
    endloop
  endfacet
  facet normal 0 -0.500002 -0.866024
    outer loop
      vertex 42.3 29.659 -36.95
      vertex 45.3 38.3192 -41.95
      vertex 45.3 29.659 -36.95
    endloop
  endfacet
  facet normal -0 -0.500002 -0.866024
    outer loop
      vertex 45.3 38.3192 -41.95
      vertex 42.3 29.659 -36.95
      vertex 42.3 38.3192 -41.95
    endloop
  endfacet
  facet normal 0 0 -1
    outer loop
      vertex 42.3 24.9795 -36.95
      vertex 45.3 29.659 -36.95
      vertex 45.3 24.9795 -36.95
    endloop
  endfacet
  facet normal -0 0 -1
    outer loop
      vertex 45.3 29.659 -36.95
      vertex 42.3 24.9795 -36.95
      vertex 42.3 29.659 -36.95
    endloop
  endfacet
  facet normal 0 0.499998 -0.866027
    outer loop
      vertex 42.3 16.3192 -41.95
      vertex 45.3 24.9795 -36.95
      vertex 45.3 16.3192 -41.95
    endloop
  endfacet
  facet normal 0 0.499998 -0.866027
    outer loop
      vertex 45.3 24.9795 -36.95
      vertex 42.3 16.3192 -41.95
      vertex 42.3 24.9795 -36.95
    endloop
  endfacet
  facet normal -0 0.499998 0.866027
    outer loop
      vertex 42.3 24.9795 -46.95
      vertex 45.3 16.3192 -41.95
      vertex 45.3 24.9795 -46.95
    endloop
  endfacet
  facet normal 0 0.499998 0.866027
    outer loop
      vertex 45.3 16.3192 -41.95
      vertex 42.3 24.9795 -46.95
      vertex 42.3 16.3192 -41.95
    endloop
  endfacet
  facet normal -0 0 1
    outer loop
      vertex 42.3 29.659 -34.95
      vertex 45.3 24.9795 -34.95
      vertex 45.3 29.659 -34.95
    endloop
  endfacet
  facet normal 0 0 1
    outer loop
      vertex 45.3 24.9795 -34.95
      vertex 42.3 29.659 -34.95
      vertex 42.3 24.9795 -34.95
    endloop
  endfacet
  facet normal 0 -0.500002 0.866024
    outer loop
      vertex 42.3 38.3192 -29.95
      vertex 45.3 29.659 -34.95
      vertex 45.3 38.3192 -29.95
    endloop
  endfacet
  facet normal 0 -0.500002 0.866024
    outer loop
      vertex 45.3 29.659 -34.95
      vertex 42.3 38.3192 -29.95
      vertex 42.3 29.659 -34.95
    endloop
  endfacet
  facet normal 0 -0.500002 -0.866024
    outer loop
      vertex 42.3 29.659 -24.95
      vertex 45.3 38.3192 -29.95
      vertex 45.3 29.659 -24.95
    endloop
  endfacet
  facet normal -0 -0.500002 -0.866024
    outer loop
      vertex 45.3 38.3192 -29.95
      vertex 42.3 29.659 -24.95
      vertex 42.3 38.3192 -29.95
    endloop
  endfacet
  facet normal 0 0 -1
    outer loop
      vertex 42.3 24.9795 -24.95
      vertex 45.3 29.659 -24.95
      vertex 45.3 24.9795 -24.95
    endloop
  endfacet
  facet normal -0 0 -1
    outer loop
      vertex 45.3 29.659 -24.95
      vertex 42.3 24.9795 -24.95
      vertex 42.3 29.659 -24.95
    endloop
  endfacet
  facet normal 0 0.499998 -0.866027
    outer loop
      vertex 42.3 16.3192 -29.95
      vertex 45.3 24.9795 -24.95
      vertex 45.3 16.3192 -29.95
    endloop
  endfacet
  facet normal 0 0.499998 -0.866027
    outer loop
      vertex 45.3 24.9795 -24.95
      vertex 42.3 16.3192 -29.95
      vertex 42.3 24.9795 -24.95
    endloop
  endfacet
  facet normal -0 0.499998 0.866027
    outer loop
      vertex 42.3 24.9795 -34.95
      vertex 45.3 16.3192 -29.95
      vertex 45.3 24.9795 -34.95
    endloop
  endfacet
  facet normal 0 0.499998 0.866027
    outer loop
      vertex 45.3 16.3192 -29.95
      vertex 42.3 24.9795 -34.95
      vertex 42.3 16.3192 -29.95
    endloop
  endfacet
  facet normal -0 0 1
    outer loop
      vertex -45.3 154.52 -46.95
      vertex -42.3 149.841 -46.95
      vertex -42.3 154.52 -46.95
    endloop
  endfacet
  facet normal 0 0 1
    outer loop
      vertex -42.3 149.841 -46.95
      vertex -45.3 154.52 -46.95
      vertex -45.3 149.841 -46.95
    endloop
  endfacet
  facet normal 0 -0.499968 0.866044
    outer loop
      vertex -45.3 163.181 -41.95
      vertex -42.3 154.52 -46.95
      vertex -42.3 163.181 -41.95
    endloop
  endfacet
  facet normal 0 -0.499968 0.866044
    outer loop
      vertex -42.3 154.52 -46.95
      vertex -45.3 163.181 -41.95
      vertex -45.3 154.52 -46.95
    endloop
  endfacet
  facet normal 0 -0.499968 -0.866044
    outer loop
      vertex -45.3 154.52 -36.95
      vertex -42.3 163.181 -41.95
      vertex -42.3 154.52 -36.95
    endloop
  endfacet
  facet normal -0 -0.499968 -0.866044
    outer loop
      vertex -42.3 163.181 -41.95
      vertex -45.3 154.52 -36.95
      vertex -45.3 163.181 -41.95
    endloop
  endfacet
  facet normal 0 0 -1
    outer loop
      vertex -45.3 149.841 -36.95
      vertex -42.3 154.52 -36.95
      vertex -42.3 149.841 -36.95
    endloop
  endfacet
  facet normal -0 0 -1
    outer loop
      vertex -42.3 154.52 -36.95
      vertex -45.3 149.841 -36.95
      vertex -45.3 154.52 -36.95
    endloop
  endfacet
  facet normal 0 0.500011 -0.866019
    outer loop
      vertex -45.3 141.181 -41.95
      vertex -42.3 149.841 -36.95
      vertex -42.3 141.181 -41.95
    endloop
  endfacet
  facet normal 0 0.500011 -0.866019
    outer loop
      vertex -42.3 149.841 -36.95
      vertex -45.3 141.181 -41.95
      vertex -45.3 149.841 -36.95
    endloop
  endfacet
  facet normal -0 0.500011 0.866019
    outer loop
      vertex -45.3 149.841 -46.95
      vertex -42.3 141.181 -41.95
      vertex -42.3 149.841 -46.95
    endloop
  endfacet
  facet normal 0 0.500011 0.866019
    outer loop
      vertex -42.3 141.181 -41.95
      vertex -45.3 149.841 -46.95
      vertex -45.3 141.181 -41.95
    endloop
  endfacet
  facet normal -0 0 1
    outer loop
      vertex -45.3 154.52 -34.95
      vertex -42.3 149.841 -34.95
      vertex -42.3 154.52 -34.95
    endloop
  endfacet
  facet normal 0 0 1
    outer loop
      vertex -42.3 149.841 -34.95
      vertex -45.3 154.52 -34.95
      vertex -45.3 149.841 -34.95
    endloop
  endfacet
  facet normal 0 -0.499968 0.866044
    outer loop
      vertex -45.3 163.181 -29.95
      vertex -42.3 154.52 -34.95
      vertex -42.3 163.181 -29.95
    endloop
  endfacet
  facet normal 0 -0.499968 0.866044
    outer loop
      vertex -42.3 154.52 -34.95
      vertex -45.3 163.181 -29.95
      vertex -45.3 154.52 -34.95
    endloop
  endfacet
  facet normal 0 -0.499968 -0.866044
    outer loop
      vertex -45.3 154.52 -24.95
      vertex -42.3 163.181 -29.95
      vertex -42.3 154.52 -24.95
    endloop
  endfacet
  facet normal -0 -0.499968 -0.866044
    outer loop
      vertex -42.3 163.181 -29.95
      vertex -45.3 154.52 -24.95
      vertex -45.3 163.181 -29.95
    endloop
  endfacet
  facet normal 0 0 -1
    outer loop
      vertex -45.3 149.841 -24.95
      vertex -42.3 154.52 -24.95
      vertex -42.3 149.841 -24.95
    endloop
  endfacet
  facet normal -0 0 -1
    outer loop
      vertex -42.3 154.52 -24.95
      vertex -45.3 149.841 -24.95
      vertex -45.3 154.52 -24.95
    endloop
  endfacet
  facet normal 0 0.500011 -0.866019
    outer loop
      vertex -45.3 141.181 -29.95
      vertex -42.3 149.841 -24.95
      vertex -42.3 141.181 -29.95
    endloop
  endfacet
  facet normal 0 0.500011 -0.866019
    outer loop
      vertex -42.3 149.841 -24.95
      vertex -45.3 141.181 -29.95
      vertex -45.3 149.841 -24.95
    endloop
  endfacet
  facet normal -0 0.500011 0.866019
    outer loop
      vertex -45.3 149.841 -34.95
      vertex -42.3 141.181 -29.95
      vertex -42.3 149.841 -34.95
    endloop
  endfacet
  facet normal 0 0.500011 0.866019
    outer loop
      vertex -42.3 141.181 -29.95
      vertex -45.3 149.841 -34.95
      vertex -45.3 141.181 -29.95
    endloop
  endfacet
  facet normal -0 0 1
    outer loop
      vertex -45.3 154.52 -22.95
      vertex -42.3 149.841 -22.95
      vertex -42.3 154.52 -22.95
    endloop
  endfacet
  facet normal 0 0 1
    outer loop
      vertex -42.3 149.841 -22.95
      vertex -45.3 154.52 -22.95
      vertex -45.3 149.841 -22.95
    endloop
  endfacet
  facet normal 0 -0.499968 0.866044
    outer loop
      vertex -45.3 163.181 -17.95
      vertex -42.3 154.52 -22.95
      vertex -42.3 163.181 -17.95
    endloop
  endfacet
  facet normal 0 -0.499968 0.866044
    outer loop
      vertex -42.3 154.52 -22.95
      vertex -45.3 163.181 -17.95
      vertex -45.3 154.52 -22.95
    endloop
  endfacet
  facet normal 0 -0.499968 -0.866044
    outer loop
      vertex -45.3 154.52 -12.95
      vertex -42.3 163.181 -17.95
      vertex -42.3 154.52 -12.95
    endloop
  endfacet
  facet normal -0 -0.499968 -0.866044
    outer loop
      vertex -42.3 163.181 -17.95
      vertex -45.3 154.52 -12.95
      vertex -45.3 163.181 -17.95
    endloop
  endfacet
  facet normal 0 0 -1
    outer loop
      vertex -45.3 149.841 -12.95
      vertex -42.3 154.52 -12.95
      vertex -42.3 149.841 -12.95
    endloop
  endfacet
  facet normal -0 0 -1
    outer loop
      vertex -42.3 154.52 -12.95
      vertex -45.3 149.841 -12.95
      vertex -45.3 154.52 -12.95
    endloop
  endfacet
  facet normal 0 0.500011 -0.866019
    outer loop
      vertex -45.3 141.181 -17.95
      vertex -42.3 149.841 -12.95
      vertex -42.3 141.181 -17.95
    endloop
  endfacet
  facet normal 0 0.500011 -0.866019
    outer loop
      vertex -42.3 149.841 -12.95
      vertex -45.3 141.181 -17.95
      vertex -45.3 149.841 -12.95
    endloop
  endfacet
  facet normal -0 0.500011 0.866019
    outer loop
      vertex -45.3 149.841 -22.95
      vertex -42.3 141.181 -17.95
      vertex -42.3 149.841 -22.95
    endloop
  endfacet
  facet normal 0 0.500011 0.866019
    outer loop
      vertex -42.3 141.181 -17.95
      vertex -45.3 149.841 -22.95
      vertex -45.3 141.181 -17.95
    endloop
  endfacet
  facet normal -0 0 1
    outer loop
      vertex -45.3 138.913 -40.95
      vertex -42.3 134.233 -40.95
      vertex -42.3 138.913 -40.95
    endloop
  endfacet
  facet normal 0 0 1
    outer loop
      vertex -42.3 134.233 -40.95
      vertex -45.3 138.913 -40.95
      vertex -45.3 134.233 -40.95
    endloop
  endfacet
  facet normal 0 -0.500011 0.866019
    outer loop
      vertex -45.3 147.573 -35.95
      vertex -42.3 138.913 -40.95
      vertex -42.3 147.573 -35.95
    endloop
  endfacet
  facet normal 0 -0.500011 0.866019
    outer loop
      vertex -42.3 138.913 -40.95
      vertex -45.3 147.573 -35.95
      vertex -45.3 138.913 -40.95
    endloop
  endfacet
  facet normal 0 -0.500011 -0.866019
    outer loop
      vertex -45.3 138.913 -30.95
      vertex -42.3 147.573 -35.95
      vertex -42.3 138.913 -30.95
    endloop
  endfacet
  facet normal -0 -0.500011 -0.866019
    outer loop
      vertex -42.3 147.573 -35.95
      vertex -45.3 138.913 -30.95
      vertex -45.3 147.573 -35.95
    endloop
  endfacet
  facet normal 0 0 -1
    outer loop
      vertex -45.3 134.233 -30.95
      vertex -42.3 138.913 -30.95
      vertex -42.3 134.233 -30.95
    endloop
  endfacet
  facet normal -0 0 -1
    outer loop
      vertex -42.3 138.913 -30.95
      vertex -45.3 134.233 -30.95
      vertex -45.3 138.913 -30.95
    endloop
  endfacet
  facet normal 0 0.500011 -0.866019
    outer loop
      vertex -45.3 125.573 -35.95
      vertex -42.3 134.233 -30.95
      vertex -42.3 125.573 -35.95
    endloop
  endfacet
  facet normal 0 0.500011 -0.866019
    outer loop
      vertex -42.3 134.233 -30.95
      vertex -45.3 125.573 -35.95
      vertex -45.3 134.233 -30.95
    endloop
  endfacet
  facet normal -0 0.500011 0.866019
    outer loop
      vertex -45.3 134.233 -40.95
      vertex -42.3 125.573 -35.95
      vertex -42.3 134.233 -40.95
    endloop
  endfacet
  facet normal 0 0.500011 0.866019
    outer loop
      vertex -42.3 125.573 -35.95
      vertex -45.3 134.233 -40.95
      vertex -45.3 125.573 -35.95
    endloop
  endfacet
  facet normal -0 0 1
    outer loop
      vertex -45.3 138.913 -28.95
      vertex -42.3 134.233 -28.95
      vertex -42.3 138.913 -28.95
    endloop
  endfacet
  facet normal 0 0 1
    outer loop
      vertex -42.3 134.233 -28.95
      vertex -45.3 138.913 -28.95
      vertex -45.3 134.233 -28.95
    endloop
  endfacet
  facet normal 0 -0.500011 0.866019
    outer loop
      vertex -45.3 147.573 -23.95
      vertex -42.3 138.913 -28.95
      vertex -42.3 147.573 -23.95
    endloop
  endfacet
  facet normal 0 -0.500011 0.866019
    outer loop
      vertex -42.3 138.913 -28.95
      vertex -45.3 147.573 -23.95
      vertex -45.3 138.913 -28.95
    endloop
  endfacet
  facet normal 0 -0.500011 -0.866019
    outer loop
      vertex -45.3 138.913 -18.95
      vertex -42.3 147.573 -23.95
      vertex -42.3 138.913 -18.95
    endloop
  endfacet
  facet normal -0 -0.500011 -0.866019
    outer loop
      vertex -42.3 147.573 -23.95
      vertex -45.3 138.913 -18.95
      vertex -45.3 147.573 -23.95
    endloop
  endfacet
  facet normal 0 0 -1
    outer loop
      vertex -45.3 134.233 -18.95
      vertex -42.3 138.913 -18.95
      vertex -42.3 134.233 -18.95
    endloop
  endfacet
  facet normal -0 0 -1
    outer loop
      vertex -42.3 138.913 -18.95
      vertex -45.3 134.233 -18.95
      vertex -45.3 138.913 -18.95
    endloop
  endfacet
  facet normal 0 0.500011 -0.866019
    outer loop
      vertex -45.3 125.573 -23.95
      vertex -42.3 134.233 -18.95
      vertex -42.3 125.573 -23.95
    endloop
  endfacet
  facet normal 0 0.500011 -0.866019
    outer loop
      vertex -42.3 134.233 -18.95
      vertex -45.3 125.573 -23.95
      vertex -45.3 134.233 -18.95
    endloop
  endfacet
  facet normal -0 0.500011 0.866019
    outer loop
      vertex -45.3 134.233 -28.95
      vertex -42.3 125.573 -23.95
      vertex -42.3 134.233 -28.95
    endloop
  endfacet
  facet normal 0 0.500011 0.866019
    outer loop
      vertex -42.3 125.573 -23.95
      vertex -45.3 134.233 -28.95
      vertex -45.3 125.573 -23.95
    endloop
  endfacet
  facet normal -0 0 1
    outer loop
      vertex -45.3 123.305 -46.95
      vertex -42.3 118.626 -46.95
      vertex -42.3 123.305 -46.95
    endloop
  endfacet
  facet normal 0 0 1
    outer loop
      vertex -42.3 118.626 -46.95
      vertex -45.3 123.305 -46.95
      vertex -45.3 118.626 -46.95
    endloop
  endfacet
  facet normal 0 -0.500011 0.866019
    outer loop
      vertex -45.3 131.965 -41.95
      vertex -42.3 123.305 -46.95
      vertex -42.3 131.965 -41.95
    endloop
  endfacet
  facet normal 0 -0.500011 0.866019
    outer loop
      vertex -42.3 123.305 -46.95
      vertex -45.3 131.965 -41.95
      vertex -45.3 123.305 -46.95
    endloop
  endfacet
  facet normal 0 -0.500011 -0.866019
    outer loop
      vertex -45.3 123.305 -36.95
      vertex -42.3 131.965 -41.95
      vertex -42.3 123.305 -36.95
    endloop
  endfacet
  facet normal -0 -0.500011 -0.866019
    outer loop
      vertex -42.3 131.965 -41.95
      vertex -45.3 123.305 -36.95
      vertex -45.3 131.965 -41.95
    endloop
  endfacet
  facet normal 0 0 -1
    outer loop
      vertex -45.3 118.626 -36.95
      vertex -42.3 123.305 -36.95
      vertex -42.3 118.626 -36.95
    endloop
  endfacet
  facet normal -0 0 -1
    outer loop
      vertex -42.3 123.305 -36.95
      vertex -45.3 118.626 -36.95
      vertex -45.3 123.305 -36.95
    endloop
  endfacet
  facet normal 0 0.499968 -0.866044
    outer loop
      vertex -45.3 109.965 -41.95
      vertex -42.3 118.626 -36.95
      vertex -42.3 109.965 -41.95
    endloop
  endfacet
  facet normal 0 0.499968 -0.866044
    outer loop
      vertex -42.3 118.626 -36.95
      vertex -45.3 109.965 -41.95
      vertex -45.3 118.626 -36.95
    endloop
  endfacet
  facet normal -0 0.499968 0.866044
    outer loop
      vertex -45.3 118.626 -46.95
      vertex -42.3 109.965 -41.95
      vertex -42.3 118.626 -46.95
    endloop
  endfacet
  facet normal 0 0.499968 0.866044
    outer loop
      vertex -42.3 109.965 -41.95
      vertex -45.3 118.626 -46.95
      vertex -45.3 109.965 -41.95
    endloop
  endfacet
  facet normal -0 0 1
    outer loop
      vertex -45.3 123.305 -34.95
      vertex -42.3 118.626 -34.95
      vertex -42.3 123.305 -34.95
    endloop
  endfacet
  facet normal 0 0 1
    outer loop
      vertex -42.3 118.626 -34.95
      vertex -45.3 123.305 -34.95
      vertex -45.3 118.626 -34.95
    endloop
  endfacet
  facet normal 0 -0.500011 0.866019
    outer loop
      vertex -45.3 131.965 -29.95
      vertex -42.3 123.305 -34.95
      vertex -42.3 131.965 -29.95
    endloop
  endfacet
  facet normal 0 -0.500011 0.866019
    outer loop
      vertex -42.3 123.305 -34.95
      vertex -45.3 131.965 -29.95
      vertex -45.3 123.305 -34.95
    endloop
  endfacet
  facet normal 0 -0.500011 -0.866019
    outer loop
      vertex -45.3 123.305 -24.95
      vertex -42.3 131.965 -29.95
      vertex -42.3 123.305 -24.95
    endloop
  endfacet
  facet normal -0 -0.500011 -0.866019
    outer loop
      vertex -42.3 131.965 -29.95
      vertex -45.3 123.305 -24.95
      vertex -45.3 131.965 -29.95
    endloop
  endfacet
  facet normal 0 0 -1
    outer loop
      vertex -45.3 118.626 -24.95
      vertex -42.3 123.305 -24.95
      vertex -42.3 118.626 -24.95
    endloop
  endfacet
  facet normal -0 0 -1
    outer loop
      vertex -42.3 123.305 -24.95
      vertex -45.3 118.626 -24.95
      vertex -45.3 123.305 -24.95
    endloop
  endfacet
  facet normal 0 0.499968 -0.866044
    outer loop
      vertex -45.3 109.965 -29.95
      vertex -42.3 118.626 -24.95
      vertex -42.3 109.965 -29.95
    endloop
  endfacet
  facet normal 0 0.499968 -0.866044
    outer loop
      vertex -42.3 118.626 -24.95
      vertex -45.3 109.965 -29.95
      vertex -45.3 118.626 -24.95
    endloop
  endfacet
  facet normal -0 0.499968 0.866044
    outer loop
      vertex -45.3 118.626 -34.95
      vertex -42.3 109.965 -29.95
      vertex -42.3 118.626 -34.95
    endloop
  endfacet
  facet normal 0 0.499968 0.866044
    outer loop
      vertex -42.3 109.965 -29.95
      vertex -45.3 118.626 -34.95
      vertex -45.3 109.965 -29.95
    endloop
  endfacet
  facet normal -0 0 1
    outer loop
      vertex -45.3 123.305 -22.95
      vertex -42.3 118.626 -22.95
      vertex -42.3 123.305 -22.95
    endloop
  endfacet
  facet normal 0 0 1
    outer loop
      vertex -42.3 118.626 -22.95
      vertex -45.3 123.305 -22.95
      vertex -45.3 118.626 -22.95
    endloop
  endfacet
  facet normal 0 -0.500011 0.866019
    outer loop
      vertex -45.3 131.965 -17.95
      vertex -42.3 123.305 -22.95
      vertex -42.3 131.965 -17.95
    endloop
  endfacet
  facet normal 0 -0.500011 0.866019
    outer loop
      vertex -42.3 123.305 -22.95
      vertex -45.3 131.965 -17.95
      vertex -45.3 123.305 -22.95
    endloop
  endfacet
  facet normal 0 -0.500011 -0.866019
    outer loop
      vertex -45.3 123.305 -12.95
      vertex -42.3 131.965 -17.95
      vertex -42.3 123.305 -12.95
    endloop
  endfacet
  facet normal -0 -0.500011 -0.866019
    outer loop
      vertex -42.3 131.965 -17.95
      vertex -45.3 123.305 -12.95
      vertex -45.3 131.965 -17.95
    endloop
  endfacet
  facet normal 0 0 -1
    outer loop
      vertex -45.3 118.626 -12.95
      vertex -42.3 123.305 -12.95
      vertex -42.3 118.626 -12.95
    endloop
  endfacet
  facet normal -0 0 -1
    outer loop
      vertex -42.3 123.305 -12.95
      vertex -45.3 118.626 -12.95
      vertex -45.3 123.305 -12.95
    endloop
  endfacet
  facet normal 0 0.499968 -0.866044
    outer loop
      vertex -45.3 109.965 -17.95
      vertex -42.3 118.626 -12.95
      vertex -42.3 109.965 -17.95
    endloop
  endfacet
  facet normal 0 0.499968 -0.866044
    outer loop
      vertex -42.3 118.626 -12.95
      vertex -45.3 109.965 -17.95
      vertex -45.3 118.626 -12.95
    endloop
  endfacet
  facet normal -0 0.499968 0.866044
    outer loop
      vertex -45.3 118.626 -22.95
      vertex -42.3 109.965 -17.95
      vertex -42.3 118.626 -22.95
    endloop
  endfacet
  facet normal 0 0.499968 0.866044
    outer loop
      vertex -42.3 109.965 -17.95
      vertex -45.3 118.626 -22.95
      vertex -45.3 109.965 -17.95
    endloop
  endfacet
  facet normal -0 0 1
    outer loop
      vertex -45.3 107.697 -40.95
      vertex -42.3 103.018 -40.95
      vertex -42.3 107.697 -40.95
    endloop
  endfacet
  facet normal 0 0 1
    outer loop
      vertex -42.3 103.018 -40.95
      vertex -45.3 107.697 -40.95
      vertex -45.3 103.018 -40.95
    endloop
  endfacet
  facet normal 0 -0.499968 0.866044
    outer loop
      vertex -45.3 116.358 -35.95
      vertex -42.3 107.697 -40.95
      vertex -42.3 116.358 -35.95
    endloop
  endfacet
  facet normal 0 -0.499968 0.866044
    outer loop
      vertex -42.3 107.697 -40.95
      vertex -45.3 116.358 -35.95
      vertex -45.3 107.697 -40.95
    endloop
  endfacet
  facet normal 0 -0.499968 -0.866044
    outer loop
      vertex -45.3 107.697 -30.95
      vertex -42.3 116.358 -35.95
      vertex -42.3 107.697 -30.95
    endloop
  endfacet
  facet normal -0 -0.499968 -0.866044
    outer loop
      vertex -42.3 116.358 -35.95
      vertex -45.3 107.697 -30.95
      vertex -45.3 116.358 -35.95
    endloop
  endfacet
  facet normal 0 0 -1
    outer loop
      vertex -45.3 103.018 -30.95
      vertex -42.3 107.697 -30.95
      vertex -42.3 103.018 -30.95
    endloop
  endfacet
  facet normal -0 0 -1
    outer loop
      vertex -42.3 107.697 -30.95
      vertex -45.3 103.018 -30.95
      vertex -45.3 107.697 -30.95
    endloop
  endfacet
  facet normal 0 0.499998 -0.866027
    outer loop
      vertex -45.3 94.3577 -35.95
      vertex -42.3 103.018 -30.95
      vertex -42.3 94.3577 -35.95
    endloop
  endfacet
  facet normal 0 0.499998 -0.866027
    outer loop
      vertex -42.3 103.018 -30.95
      vertex -45.3 94.3577 -35.95
      vertex -45.3 103.018 -30.95
    endloop
  endfacet
  facet normal -0 0.499998 0.866027
    outer loop
      vertex -45.3 103.018 -40.95
      vertex -42.3 94.3577 -35.95
      vertex -42.3 103.018 -40.95
    endloop
  endfacet
  facet normal 0 0.499998 0.866027
    outer loop
      vertex -42.3 94.3577 -35.95
      vertex -45.3 103.018 -40.95
      vertex -45.3 94.3577 -35.95
    endloop
  endfacet
  facet normal -0 0 1
    outer loop
      vertex -45.3 107.697 -28.95
      vertex -42.3 103.018 -28.95
      vertex -42.3 107.697 -28.95
    endloop
  endfacet
  facet normal 0 0 1
    outer loop
      vertex -42.3 103.018 -28.95
      vertex -45.3 107.697 -28.95
      vertex -45.3 103.018 -28.95
    endloop
  endfacet
  facet normal 0 -0.499968 0.866044
    outer loop
      vertex -45.3 116.358 -23.95
      vertex -42.3 107.697 -28.95
      vertex -42.3 116.358 -23.95
    endloop
  endfacet
  facet normal 0 -0.499968 0.866044
    outer loop
      vertex -42.3 107.697 -28.95
      vertex -45.3 116.358 -23.95
      vertex -45.3 107.697 -28.95
    endloop
  endfacet
  facet normal 0 -0.499968 -0.866044
    outer loop
      vertex -45.3 107.697 -18.95
      vertex -42.3 116.358 -23.95
      vertex -42.3 107.697 -18.95
    endloop
  endfacet
  facet normal -0 -0.499968 -0.866044
    outer loop
      vertex -42.3 116.358 -23.95
      vertex -45.3 107.697 -18.95
      vertex -45.3 116.358 -23.95
    endloop
  endfacet
  facet normal 0 0 -1
    outer loop
      vertex -45.3 103.018 -18.95
      vertex -42.3 107.697 -18.95
      vertex -42.3 103.018 -18.95
    endloop
  endfacet
  facet normal -0 0 -1
    outer loop
      vertex -42.3 107.697 -18.95
      vertex -45.3 103.018 -18.95
      vertex -45.3 107.697 -18.95
    endloop
  endfacet
  facet normal 0 0.499998 -0.866027
    outer loop
      vertex -45.3 94.3577 -23.95
      vertex -42.3 103.018 -18.95
      vertex -42.3 94.3577 -23.95
    endloop
  endfacet
  facet normal 0 0.499998 -0.866027
    outer loop
      vertex -42.3 103.018 -18.95
      vertex -45.3 94.3577 -23.95
      vertex -45.3 103.018 -18.95
    endloop
  endfacet
  facet normal -0 0.499998 0.866027
    outer loop
      vertex -45.3 103.018 -28.95
      vertex -42.3 94.3577 -23.95
      vertex -42.3 103.018 -28.95
    endloop
  endfacet
  facet normal 0 0.499998 0.866027
    outer loop
      vertex -42.3 94.3577 -23.95
      vertex -45.3 103.018 -28.95
      vertex -45.3 94.3577 -23.95
    endloop
  endfacet
  facet normal -0 0 1
    outer loop
      vertex -45.3 92.0897 -34.95
      vertex -42.3 87.4103 -34.95
      vertex -42.3 92.0897 -34.95
    endloop
  endfacet
  facet normal 0 0 1
    outer loop
      vertex -42.3 87.4103 -34.95
      vertex -45.3 92.0897 -34.95
      vertex -45.3 87.4103 -34.95
    endloop
  endfacet
  facet normal 0 -0.499998 0.866027
    outer loop
      vertex -45.3 100.75 -29.95
      vertex -42.3 92.0897 -34.95
      vertex -42.3 100.75 -29.95
    endloop
  endfacet
  facet normal 0 -0.499998 0.866027
    outer loop
      vertex -42.3 92.0897 -34.95
      vertex -45.3 100.75 -29.95
      vertex -45.3 92.0897 -34.95
    endloop
  endfacet
  facet normal 0 -0.499998 -0.866027
    outer loop
      vertex -45.3 92.0897 -24.95
      vertex -42.3 100.75 -29.95
      vertex -42.3 92.0897 -24.95
    endloop
  endfacet
  facet normal -0 -0.499998 -0.866027
    outer loop
      vertex -42.3 100.75 -29.95
      vertex -45.3 92.0897 -24.95
      vertex -45.3 100.75 -29.95
    endloop
  endfacet
  facet normal 0 0 -1
    outer loop
      vertex -45.3 87.4103 -24.95
      vertex -42.3 92.0897 -24.95
      vertex -42.3 87.4103 -24.95
    endloop
  endfacet
  facet normal -0 0 -1
    outer loop
      vertex -42.3 92.0897 -24.95
      vertex -45.3 87.4103 -24.95
      vertex -45.3 92.0897 -24.95
    endloop
  endfacet
  facet normal 0 0.499998 -0.866027
    outer loop
      vertex -45.3 78.75 -29.95
      vertex -42.3 87.4103 -24.95
      vertex -42.3 78.75 -29.95
    endloop
  endfacet
  facet normal 0 0.499998 -0.866027
    outer loop
      vertex -42.3 87.4103 -24.95
      vertex -45.3 78.75 -29.95
      vertex -45.3 87.4103 -24.95
    endloop
  endfacet
  facet normal -0 0.499998 0.866027
    outer loop
      vertex -45.3 87.4103 -34.95
      vertex -42.3 78.75 -29.95
      vertex -42.3 87.4103 -34.95
    endloop
  endfacet
  facet normal 0 0.499998 0.866027
    outer loop
      vertex -42.3 78.75 -29.95
      vertex -45.3 87.4103 -34.95
      vertex -45.3 78.75 -29.95
    endloop
  endfacet
  facet normal -0 0 1
    outer loop
      vertex -45.3 92.0897 -46.95
      vertex -42.3 87.4103 -46.95
      vertex -42.3 92.0897 -46.95
    endloop
  endfacet
  facet normal 0 0 1
    outer loop
      vertex -42.3 87.4103 -46.95
      vertex -45.3 92.0897 -46.95
      vertex -45.3 87.4103 -46.95
    endloop
  endfacet
  facet normal 0 -0.499998 0.866027
    outer loop
      vertex -45.3 100.75 -41.95
      vertex -42.3 92.0897 -46.95
      vertex -42.3 100.75 -41.95
    endloop
  endfacet
  facet normal 0 -0.499998 0.866027
    outer loop
      vertex -42.3 92.0897 -46.95
      vertex -45.3 100.75 -41.95
      vertex -45.3 92.0897 -46.95
    endloop
  endfacet
  facet normal 0 -0.499998 -0.866027
    outer loop
      vertex -45.3 92.0897 -36.95
      vertex -42.3 100.75 -41.95
      vertex -42.3 92.0897 -36.95
    endloop
  endfacet
  facet normal -0 -0.499998 -0.866027
    outer loop
      vertex -42.3 100.75 -41.95
      vertex -45.3 92.0897 -36.95
      vertex -45.3 100.75 -41.95
    endloop
  endfacet
  facet normal 0 0 -1
    outer loop
      vertex -45.3 87.4103 -36.95
      vertex -42.3 92.0897 -36.95
      vertex -42.3 87.4103 -36.95
    endloop
  endfacet
  facet normal -0 0 -1
    outer loop
      vertex -42.3 92.0897 -36.95
      vertex -45.3 87.4103 -36.95
      vertex -45.3 92.0897 -36.95
    endloop
  endfacet
  facet normal 0 0.499998 -0.866027
    outer loop
      vertex -45.3 78.75 -41.95
      vertex -42.3 87.4103 -36.95
      vertex -42.3 78.75 -41.95
    endloop
  endfacet
  facet normal 0 0.499998 -0.866027
    outer loop
      vertex -42.3 87.4103 -36.95
      vertex -45.3 78.75 -41.95
      vertex -45.3 87.4103 -36.95
    endloop
  endfacet
  facet normal -0 0.499998 0.866027
    outer loop
      vertex -45.3 87.4103 -46.95
      vertex -42.3 78.75 -41.95
      vertex -42.3 87.4103 -46.95
    endloop
  endfacet
  facet normal 0 0.499998 0.866027
    outer loop
      vertex -42.3 78.75 -41.95
      vertex -45.3 87.4103 -46.95
      vertex -45.3 78.75 -41.95
    endloop
  endfacet
  facet normal -0 0 1
    outer loop
      vertex -45.3 92.0897 -22.95
      vertex -42.3 87.4103 -22.95
      vertex -42.3 92.0897 -22.95
    endloop
  endfacet
  facet normal 0 0 1
    outer loop
      vertex -42.3 87.4103 -22.95
      vertex -45.3 92.0897 -22.95
      vertex -45.3 87.4103 -22.95
    endloop
  endfacet
  facet normal 0 -0.499998 0.866027
    outer loop
      vertex -45.3 100.75 -17.95
      vertex -42.3 92.0897 -22.95
      vertex -42.3 100.75 -17.95
    endloop
  endfacet
  facet normal 0 -0.499998 0.866027
    outer loop
      vertex -42.3 92.0897 -22.95
      vertex -45.3 100.75 -17.95
      vertex -45.3 92.0897 -22.95
    endloop
  endfacet
  facet normal 0 -0.499998 -0.866027
    outer loop
      vertex -45.3 92.0897 -12.95
      vertex -42.3 100.75 -17.95
      vertex -42.3 92.0897 -12.95
    endloop
  endfacet
  facet normal -0 -0.499998 -0.866027
    outer loop
      vertex -42.3 100.75 -17.95
      vertex -45.3 92.0897 -12.95
      vertex -45.3 100.75 -17.95
    endloop
  endfacet
  facet normal 0 0 -1
    outer loop
      vertex -45.3 87.4103 -12.95
      vertex -42.3 92.0897 -12.95
      vertex -42.3 87.4103 -12.95
    endloop
  endfacet
  facet normal -0 0 -1
    outer loop
      vertex -42.3 92.0897 -12.95
      vertex -45.3 87.4103 -12.95
      vertex -45.3 92.0897 -12.95
    endloop
  endfacet
  facet normal 0 0.499998 -0.866027
    outer loop
      vertex -45.3 78.75 -17.95
      vertex -42.3 87.4103 -12.95
      vertex -42.3 78.75 -17.95
    endloop
  endfacet
  facet normal 0 0.499998 -0.866027
    outer loop
      vertex -42.3 87.4103 -12.95
      vertex -45.3 78.75 -17.95
      vertex -45.3 87.4103 -12.95
    endloop
  endfacet
  facet normal -0 0.499998 0.866027
    outer loop
      vertex -45.3 87.4103 -22.95
      vertex -42.3 78.75 -17.95
      vertex -42.3 87.4103 -22.95
    endloop
  endfacet
  facet normal 0 0.499998 0.866027
    outer loop
      vertex -42.3 78.75 -17.95
      vertex -45.3 87.4103 -22.95
      vertex -45.3 78.75 -17.95
    endloop
  endfacet
  facet normal -0 0 1
    outer loop
      vertex -45.3 76.482 -40.95
      vertex -42.3 71.8026 -40.95
      vertex -42.3 76.482 -40.95
    endloop
  endfacet
  facet normal 0 0 1
    outer loop
      vertex -42.3 71.8026 -40.95
      vertex -45.3 76.482 -40.95
      vertex -45.3 71.8026 -40.95
    endloop
  endfacet
  facet normal 0 -0.499998 0.866027
    outer loop
      vertex -45.3 85.1423 -35.95
      vertex -42.3 76.482 -40.95
      vertex -42.3 85.1423 -35.95
    endloop
  endfacet
  facet normal 0 -0.499998 0.866027
    outer loop
      vertex -42.3 76.482 -40.95
      vertex -45.3 85.1423 -35.95
      vertex -45.3 76.482 -40.95
    endloop
  endfacet
  facet normal 0 -0.499998 -0.866027
    outer loop
      vertex -45.3 76.482 -30.95
      vertex -42.3 85.1423 -35.95
      vertex -42.3 76.482 -30.95
    endloop
  endfacet
  facet normal -0 -0.499998 -0.866027
    outer loop
      vertex -42.3 85.1423 -35.95
      vertex -45.3 76.482 -30.95
      vertex -45.3 85.1423 -35.95
    endloop
  endfacet
  facet normal 0 0 -1
    outer loop
      vertex -45.3 71.8026 -30.95
      vertex -42.3 76.482 -30.95
      vertex -42.3 71.8026 -30.95
    endloop
  endfacet
  facet normal -0 0 -1
    outer loop
      vertex -42.3 76.482 -30.95
      vertex -45.3 71.8026 -30.95
      vertex -45.3 76.482 -30.95
    endloop
  endfacet
  facet normal 0 0.499998 -0.866027
    outer loop
      vertex -45.3 63.1423 -35.95
      vertex -42.3 71.8026 -30.95
      vertex -42.3 63.1423 -35.95
    endloop
  endfacet
  facet normal 0 0.499998 -0.866027
    outer loop
      vertex -42.3 71.8026 -30.95
      vertex -45.3 63.1423 -35.95
      vertex -45.3 71.8026 -30.95
    endloop
  endfacet
  facet normal -0 0.499998 0.866027
    outer loop
      vertex -45.3 71.8026 -40.95
      vertex -42.3 63.1423 -35.95
      vertex -42.3 71.8026 -40.95
    endloop
  endfacet
  facet normal 0 0.499998 0.866027
    outer loop
      vertex -42.3 63.1423 -35.95
      vertex -45.3 71.8026 -40.95
      vertex -45.3 63.1423 -35.95
    endloop
  endfacet
  facet normal -0 0 1
    outer loop
      vertex -45.3 76.482 -28.95
      vertex -42.3 71.8026 -28.95
      vertex -42.3 76.482 -28.95
    endloop
  endfacet
  facet normal 0 0 1
    outer loop
      vertex -42.3 71.8026 -28.95
      vertex -45.3 76.482 -28.95
      vertex -45.3 71.8026 -28.95
    endloop
  endfacet
  facet normal 0 -0.499998 0.866027
    outer loop
      vertex -45.3 85.1423 -23.95
      vertex -42.3 76.482 -28.95
      vertex -42.3 85.1423 -23.95
    endloop
  endfacet
  facet normal 0 -0.499998 0.866027
    outer loop
      vertex -42.3 76.482 -28.95
      vertex -45.3 85.1423 -23.95
      vertex -45.3 76.482 -28.95
    endloop
  endfacet
  facet normal 0 -0.499998 -0.866027
    outer loop
      vertex -45.3 76.482 -18.95
      vertex -42.3 85.1423 -23.95
      vertex -42.3 76.482 -18.95
    endloop
  endfacet
  facet normal -0 -0.499998 -0.866027
    outer loop
      vertex -42.3 85.1423 -23.95
      vertex -45.3 76.482 -18.95
      vertex -45.3 85.1423 -23.95
    endloop
  endfacet
  facet normal 0 0 -1
    outer loop
      vertex -45.3 71.8026 -18.95
      vertex -42.3 76.482 -18.95
      vertex -42.3 71.8026 -18.95
    endloop
  endfacet
  facet normal -0 0 -1
    outer loop
      vertex -42.3 76.482 -18.95
      vertex -45.3 71.8026 -18.95
      vertex -45.3 76.482 -18.95
    endloop
  endfacet
  facet normal 0 0.499998 -0.866027
    outer loop
      vertex -45.3 63.1423 -23.95
      vertex -42.3 71.8026 -18.95
      vertex -42.3 63.1423 -23.95
    endloop
  endfacet
  facet normal 0 0.499998 -0.866027
    outer loop
      vertex -42.3 71.8026 -18.95
      vertex -45.3 63.1423 -23.95
      vertex -45.3 71.8026 -18.95
    endloop
  endfacet
  facet normal -0 0.499998 0.866027
    outer loop
      vertex -45.3 71.8026 -28.95
      vertex -42.3 63.1423 -23.95
      vertex -42.3 71.8026 -28.95
    endloop
  endfacet
  facet normal 0 0.499998 0.866027
    outer loop
      vertex -42.3 63.1423 -23.95
      vertex -45.3 71.8026 -28.95
      vertex -45.3 63.1423 -23.95
    endloop
  endfacet
  facet normal -0 0 1
    outer loop
      vertex -45.3 60.8743 -46.95
      vertex -42.3 56.1949 -46.95
      vertex -42.3 60.8743 -46.95
    endloop
  endfacet
  facet normal 0 0 1
    outer loop
      vertex -42.3 56.1949 -46.95
      vertex -45.3 60.8743 -46.95
      vertex -45.3 56.1949 -46.95
    endloop
  endfacet
  facet normal 0 -0.499998 0.866027
    outer loop
      vertex -45.3 69.5346 -41.95
      vertex -42.3 60.8743 -46.95
      vertex -42.3 69.5346 -41.95
    endloop
  endfacet
  facet normal 0 -0.499998 0.866027
    outer loop
      vertex -42.3 60.8743 -46.95
      vertex -45.3 69.5346 -41.95
      vertex -45.3 60.8743 -46.95
    endloop
  endfacet
  facet normal 0 -0.499998 -0.866027
    outer loop
      vertex -45.3 60.8743 -36.95
      vertex -42.3 69.5346 -41.95
      vertex -42.3 60.8743 -36.95
    endloop
  endfacet
  facet normal -0 -0.499998 -0.866027
    outer loop
      vertex -42.3 69.5346 -41.95
      vertex -45.3 60.8743 -36.95
      vertex -45.3 69.5346 -41.95
    endloop
  endfacet
  facet normal 0 0 -1
    outer loop
      vertex -45.3 56.1949 -36.95
      vertex -42.3 60.8743 -36.95
      vertex -42.3 56.1949 -36.95
    endloop
  endfacet
  facet normal -0 0 -1
    outer loop
      vertex -42.3 60.8743 -36.95
      vertex -45.3 56.1949 -36.95
      vertex -45.3 60.8743 -36.95
    endloop
  endfacet
  facet normal 0 0.499998 -0.866027
    outer loop
      vertex -45.3 47.5346 -41.95
      vertex -42.3 56.1949 -36.95
      vertex -42.3 47.5346 -41.95
    endloop
  endfacet
  facet normal 0 0.499998 -0.866027
    outer loop
      vertex -42.3 56.1949 -36.95
      vertex -45.3 47.5346 -41.95
      vertex -45.3 56.1949 -36.95
    endloop
  endfacet
  facet normal -0 0.499998 0.866027
    outer loop
      vertex -45.3 56.1949 -46.95
      vertex -42.3 47.5346 -41.95
      vertex -42.3 56.1949 -46.95
    endloop
  endfacet
  facet normal 0 0.499998 0.866027
    outer loop
      vertex -42.3 47.5346 -41.95
      vertex -45.3 56.1949 -46.95
      vertex -45.3 47.5346 -41.95
    endloop
  endfacet
  facet normal -0 0 1
    outer loop
      vertex -45.3 60.8743 -34.95
      vertex -42.3 56.1949 -34.95
      vertex -42.3 60.8743 -34.95
    endloop
  endfacet
  facet normal 0 0 1
    outer loop
      vertex -42.3 56.1949 -34.95
      vertex -45.3 60.8743 -34.95
      vertex -45.3 56.1949 -34.95
    endloop
  endfacet
  facet normal 0 -0.499998 0.866027
    outer loop
      vertex -45.3 69.5346 -29.95
      vertex -42.3 60.8743 -34.95
      vertex -42.3 69.5346 -29.95
    endloop
  endfacet
  facet normal 0 -0.499998 0.866027
    outer loop
      vertex -42.3 60.8743 -34.95
      vertex -45.3 69.5346 -29.95
      vertex -45.3 60.8743 -34.95
    endloop
  endfacet
  facet normal 0 -0.499998 -0.866027
    outer loop
      vertex -45.3 60.8743 -24.95
      vertex -42.3 69.5346 -29.95
      vertex -42.3 60.8743 -24.95
    endloop
  endfacet
  facet normal -0 -0.499998 -0.866027
    outer loop
      vertex -42.3 69.5346 -29.95
      vertex -45.3 60.8743 -24.95
      vertex -45.3 69.5346 -29.95
    endloop
  endfacet
  facet normal 0 0 -1
    outer loop
      vertex -45.3 56.1949 -24.95
      vertex -42.3 60.8743 -24.95
      vertex -42.3 56.1949 -24.95
    endloop
  endfacet
  facet normal -0 0 -1
    outer loop
      vertex -42.3 60.8743 -24.95
      vertex -45.3 56.1949 -24.95
      vertex -45.3 60.8743 -24.95
    endloop
  endfacet
  facet normal 0 0.499998 -0.866027
    outer loop
      vertex -45.3 47.5346 -29.95
      vertex -42.3 56.1949 -24.95
      vertex -42.3 47.5346 -29.95
    endloop
  endfacet
  facet normal 0 0.499998 -0.866027
    outer loop
      vertex -42.3 56.1949 -24.95
      vertex -45.3 47.5346 -29.95
      vertex -45.3 56.1949 -24.95
    endloop
  endfacet
  facet normal -0 0.499998 0.866027
    outer loop
      vertex -45.3 56.1949 -34.95
      vertex -42.3 47.5346 -29.95
      vertex -42.3 56.1949 -34.95
    endloop
  endfacet
  facet normal 0 0.499998 0.866027
    outer loop
      vertex -42.3 47.5346 -29.95
      vertex -45.3 56.1949 -34.95
      vertex -45.3 47.5346 -29.95
    endloop
  endfacet
  facet normal -0 0 1
    outer loop
      vertex -45.3 60.8743 -22.95
      vertex -42.3 56.1949 -22.95
      vertex -42.3 60.8743 -22.95
    endloop
  endfacet
  facet normal 0 0 1
    outer loop
      vertex -42.3 56.1949 -22.95
      vertex -45.3 60.8743 -22.95
      vertex -45.3 56.1949 -22.95
    endloop
  endfacet
  facet normal 0 -0.499998 0.866027
    outer loop
      vertex -45.3 69.5346 -17.95
      vertex -42.3 60.8743 -22.95
      vertex -42.3 69.5346 -17.95
    endloop
  endfacet
  facet normal 0 -0.499998 0.866027
    outer loop
      vertex -42.3 60.8743 -22.95
      vertex -45.3 69.5346 -17.95
      vertex -45.3 60.8743 -22.95
    endloop
  endfacet
  facet normal 0 -0.499998 -0.866027
    outer loop
      vertex -45.3 60.8743 -12.95
      vertex -42.3 69.5346 -17.95
      vertex -42.3 60.8743 -12.95
    endloop
  endfacet
  facet normal -0 -0.499998 -0.866027
    outer loop
      vertex -42.3 69.5346 -17.95
      vertex -45.3 60.8743 -12.95
      vertex -45.3 69.5346 -17.95
    endloop
  endfacet
  facet normal 0 0 -1
    outer loop
      vertex -45.3 56.1949 -12.95
      vertex -42.3 60.8743 -12.95
      vertex -42.3 56.1949 -12.95
    endloop
  endfacet
  facet normal -0 0 -1
    outer loop
      vertex -42.3 60.8743 -12.95
      vertex -45.3 56.1949 -12.95
      vertex -45.3 60.8743 -12.95
    endloop
  endfacet
  facet normal 0 0.499998 -0.866027
    outer loop
      vertex -45.3 47.5346 -17.95
      vertex -42.3 56.1949 -12.95
      vertex -42.3 47.5346 -17.95
    endloop
  endfacet
  facet normal 0 0.499998 -0.866027
    outer loop
      vertex -42.3 56.1949 -12.95
      vertex -45.3 47.5346 -17.95
      vertex -45.3 56.1949 -12.95
    endloop
  endfacet
  facet normal -0 0.499998 0.866027
    outer loop
      vertex -45.3 56.1949 -22.95
      vertex -42.3 47.5346 -17.95
      vertex -42.3 56.1949 -22.95
    endloop
  endfacet
  facet normal 0 0.499998 0.866027
    outer loop
      vertex -42.3 47.5346 -17.95
      vertex -45.3 56.1949 -22.95
      vertex -45.3 47.5346 -17.95
    endloop
  endfacet
  facet normal -0 0 1
    outer loop
      vertex -45.3 45.2666 -40.95
      vertex -42.3 40.5872 -40.95
      vertex -42.3 45.2666 -40.95
    endloop
  endfacet
  facet normal 0 0 1
    outer loop
      vertex -42.3 40.5872 -40.95
      vertex -45.3 45.2666 -40.95
      vertex -45.3 40.5872 -40.95
    endloop
  endfacet
  facet normal 0 -0.499998 0.866027
    outer loop
      vertex -45.3 53.9269 -35.95
      vertex -42.3 45.2666 -40.95
      vertex -42.3 53.9269 -35.95
    endloop
  endfacet
  facet normal 0 -0.499998 0.866027
    outer loop
      vertex -42.3 45.2666 -40.95
      vertex -45.3 53.9269 -35.95
      vertex -45.3 45.2666 -40.95
    endloop
  endfacet
  facet normal 0 -0.499998 -0.866027
    outer loop
      vertex -45.3 45.2666 -30.95
      vertex -42.3 53.9269 -35.95
      vertex -42.3 45.2666 -30.95
    endloop
  endfacet
  facet normal -0 -0.499998 -0.866027
    outer loop
      vertex -42.3 53.9269 -35.95
      vertex -45.3 45.2666 -30.95
      vertex -45.3 53.9269 -35.95
    endloop
  endfacet
  facet normal 0 0 -1
    outer loop
      vertex -45.3 40.5872 -30.95
      vertex -42.3 45.2666 -30.95
      vertex -42.3 40.5872 -30.95
    endloop
  endfacet
  facet normal -0 0 -1
    outer loop
      vertex -42.3 45.2666 -30.95
      vertex -45.3 40.5872 -30.95
      vertex -45.3 45.2666 -30.95
    endloop
  endfacet
  facet normal 0 0.499998 -0.866027
    outer loop
      vertex -45.3 31.9269 -35.95
      vertex -42.3 40.5872 -30.95
      vertex -42.3 31.9269 -35.95
    endloop
  endfacet
  facet normal 0 0.499998 -0.866027
    outer loop
      vertex -42.3 40.5872 -30.95
      vertex -45.3 31.9269 -35.95
      vertex -45.3 40.5872 -30.95
    endloop
  endfacet
  facet normal -0 0.499998 0.866027
    outer loop
      vertex -45.3 40.5872 -40.95
      vertex -42.3 31.9269 -35.95
      vertex -42.3 40.5872 -40.95
    endloop
  endfacet
  facet normal 0 0.499998 0.866027
    outer loop
      vertex -42.3 31.9269 -35.95
      vertex -45.3 40.5872 -40.95
      vertex -45.3 31.9269 -35.95
    endloop
  endfacet
  facet normal -0 0 1
    outer loop
      vertex -45.3 45.2666 -28.95
      vertex -42.3 40.5872 -28.95
      vertex -42.3 45.2666 -28.95
    endloop
  endfacet
  facet normal 0 0 1
    outer loop
      vertex -42.3 40.5872 -28.95
      vertex -45.3 45.2666 -28.95
      vertex -45.3 40.5872 -28.95
    endloop
  endfacet
  facet normal 0 -0.499998 0.866027
    outer loop
      vertex -45.3 53.9269 -23.95
      vertex -42.3 45.2666 -28.95
      vertex -42.3 53.9269 -23.95
    endloop
  endfacet
  facet normal 0 -0.499998 0.866027
    outer loop
      vertex -42.3 45.2666 -28.95
      vertex -45.3 53.9269 -23.95
      vertex -45.3 45.2666 -28.95
    endloop
  endfacet
  facet normal 0 -0.499998 -0.866027
    outer loop
      vertex -45.3 45.2666 -18.95
      vertex -42.3 53.9269 -23.95
      vertex -42.3 45.2666 -18.95
    endloop
  endfacet
  facet normal -0 -0.499998 -0.866027
    outer loop
      vertex -42.3 53.9269 -23.95
      vertex -45.3 45.2666 -18.95
      vertex -45.3 53.9269 -23.95
    endloop
  endfacet
  facet normal 0 0 -1
    outer loop
      vertex -45.3 40.5872 -18.95
      vertex -42.3 45.2666 -18.95
      vertex -42.3 40.5872 -18.95
    endloop
  endfacet
  facet normal -0 0 -1
    outer loop
      vertex -42.3 45.2666 -18.95
      vertex -45.3 40.5872 -18.95
      vertex -45.3 45.2666 -18.95
    endloop
  endfacet
  facet normal 0 0.499998 -0.866027
    outer loop
      vertex -45.3 31.9269 -23.95
      vertex -42.3 40.5872 -18.95
      vertex -42.3 31.9269 -23.95
    endloop
  endfacet
  facet normal 0 0.499998 -0.866027
    outer loop
      vertex -42.3 40.5872 -18.95
      vertex -45.3 31.9269 -23.95
      vertex -45.3 40.5872 -18.95
    endloop
  endfacet
  facet normal -0 0.499998 0.866027
    outer loop
      vertex -45.3 40.5872 -28.95
      vertex -42.3 31.9269 -23.95
      vertex -42.3 40.5872 -28.95
    endloop
  endfacet
  facet normal 0 0.499998 0.866027
    outer loop
      vertex -42.3 31.9269 -23.95
      vertex -45.3 40.5872 -28.95
      vertex -45.3 31.9269 -23.95
    endloop
  endfacet
  facet normal -0 0 1
    outer loop
      vertex -45.3 29.659 -22.95
      vertex -42.3 24.9795 -22.95
      vertex -42.3 29.659 -22.95
    endloop
  endfacet
  facet normal 0 0 1
    outer loop
      vertex -42.3 24.9795 -22.95
      vertex -45.3 29.659 -22.95
      vertex -45.3 24.9795 -22.95
    endloop
  endfacet
  facet normal 0 -0.500002 0.866024
    outer loop
      vertex -45.3 38.3192 -17.95
      vertex -42.3 29.659 -22.95
      vertex -42.3 38.3192 -17.95
    endloop
  endfacet
  facet normal 0 -0.500002 0.866024
    outer loop
      vertex -42.3 29.659 -22.95
      vertex -45.3 38.3192 -17.95
      vertex -45.3 29.659 -22.95
    endloop
  endfacet
  facet normal 0 -0.500002 -0.866024
    outer loop
      vertex -45.3 29.659 -12.95
      vertex -42.3 38.3192 -17.95
      vertex -42.3 29.659 -12.95
    endloop
  endfacet
  facet normal -0 -0.500002 -0.866024
    outer loop
      vertex -42.3 38.3192 -17.95
      vertex -45.3 29.659 -12.95
      vertex -45.3 38.3192 -17.95
    endloop
  endfacet
  facet normal 0 0 -1
    outer loop
      vertex -45.3 24.9795 -12.95
      vertex -42.3 29.659 -12.95
      vertex -42.3 24.9795 -12.95
    endloop
  endfacet
  facet normal -0 0 -1
    outer loop
      vertex -42.3 29.659 -12.95
      vertex -45.3 24.9795 -12.95
      vertex -45.3 29.659 -12.95
    endloop
  endfacet
  facet normal 0 0.499998 -0.866027
    outer loop
      vertex -45.3 16.3192 -17.95
      vertex -42.3 24.9795 -12.95
      vertex -42.3 16.3192 -17.95
    endloop
  endfacet
  facet normal 0 0.499998 -0.866027
    outer loop
      vertex -42.3 24.9795 -12.95
      vertex -45.3 16.3192 -17.95
      vertex -45.3 24.9795 -12.95
    endloop
  endfacet
  facet normal -0 0.499998 0.866027
    outer loop
      vertex -45.3 24.9795 -22.95
      vertex -42.3 16.3192 -17.95
      vertex -42.3 24.9795 -22.95
    endloop
  endfacet
  facet normal 0 0.499998 0.866027
    outer loop
      vertex -42.3 16.3192 -17.95
      vertex -45.3 24.9795 -22.95
      vertex -45.3 16.3192 -17.95
    endloop
  endfacet
  facet normal -0 0 1
    outer loop
      vertex -45.3 29.659 -46.95
      vertex -42.3 24.9795 -46.95
      vertex -42.3 29.659 -46.95
    endloop
  endfacet
  facet normal 0 0 1
    outer loop
      vertex -42.3 24.9795 -46.95
      vertex -45.3 29.659 -46.95
      vertex -45.3 24.9795 -46.95
    endloop
  endfacet
  facet normal 0 -0.500002 0.866024
    outer loop
      vertex -45.3 38.3192 -41.95
      vertex -42.3 29.659 -46.95
      vertex -42.3 38.3192 -41.95
    endloop
  endfacet
  facet normal 0 -0.500002 0.866024
    outer loop
      vertex -42.3 29.659 -46.95
      vertex -45.3 38.3192 -41.95
      vertex -45.3 29.659 -46.95
    endloop
  endfacet
  facet normal 0 -0.500002 -0.866024
    outer loop
      vertex -45.3 29.659 -36.95
      vertex -42.3 38.3192 -41.95
      vertex -42.3 29.659 -36.95
    endloop
  endfacet
  facet normal -0 -0.500002 -0.866024
    outer loop
      vertex -42.3 38.3192 -41.95
      vertex -45.3 29.659 -36.95
      vertex -45.3 38.3192 -41.95
    endloop
  endfacet
  facet normal 0 0 -1
    outer loop
      vertex -45.3 24.9795 -36.95
      vertex -42.3 29.659 -36.95
      vertex -42.3 24.9795 -36.95
    endloop
  endfacet
  facet normal -0 0 -1
    outer loop
      vertex -42.3 29.659 -36.95
      vertex -45.3 24.9795 -36.95
      vertex -45.3 29.659 -36.95
    endloop
  endfacet
  facet normal 0 0.499998 -0.866027
    outer loop
      vertex -45.3 16.3192 -41.95
      vertex -42.3 24.9795 -36.95
      vertex -42.3 16.3192 -41.95
    endloop
  endfacet
  facet normal 0 0.499998 -0.866027
    outer loop
      vertex -42.3 24.9795 -36.95
      vertex -45.3 16.3192 -41.95
      vertex -45.3 24.9795 -36.95
    endloop
  endfacet
  facet normal -0 0.499998 0.866027
    outer loop
      vertex -45.3 24.9795 -46.95
      vertex -42.3 16.3192 -41.95
      vertex -42.3 24.9795 -46.95
    endloop
  endfacet
  facet normal 0 0.499998 0.866027
    outer loop
      vertex -42.3 16.3192 -41.95
      vertex -45.3 24.9795 -46.95
      vertex -45.3 16.3192 -41.95
    endloop
  endfacet
  facet normal -0 0 1
    outer loop
      vertex -45.3 29.659 -34.95
      vertex -42.3 24.9795 -34.95
      vertex -42.3 29.659 -34.95
    endloop
  endfacet
  facet normal 0 0 1
    outer loop
      vertex -42.3 24.9795 -34.95
      vertex -45.3 29.659 -34.95
      vertex -45.3 24.9795 -34.95
    endloop
  endfacet
  facet normal 0 -0.500002 0.866024
    outer loop
      vertex -45.3 38.3192 -29.95
      vertex -42.3 29.659 -34.95
      vertex -42.3 38.3192 -29.95
    endloop
  endfacet
  facet normal 0 -0.500002 0.866024
    outer loop
      vertex -42.3 29.659 -34.95
      vertex -45.3 38.3192 -29.95
      vertex -45.3 29.659 -34.95
    endloop
  endfacet
  facet normal 0 -0.500002 -0.866024
    outer loop
      vertex -45.3 29.659 -24.95
      vertex -42.3 38.3192 -29.95
      vertex -42.3 29.659 -24.95
    endloop
  endfacet
  facet normal -0 -0.500002 -0.866024
    outer loop
      vertex -42.3 38.3192 -29.95
      vertex -45.3 29.659 -24.95
      vertex -45.3 38.3192 -29.95
    endloop
  endfacet
  facet normal 0 0 -1
    outer loop
      vertex -45.3 24.9795 -24.95
      vertex -42.3 29.659 -24.95
      vertex -42.3 24.9795 -24.95
    endloop
  endfacet
  facet normal -0 0 -1
    outer loop
      vertex -42.3 29.659 -24.95
      vertex -45.3 24.9795 -24.95
      vertex -45.3 29.659 -24.95
    endloop
  endfacet
  facet normal 0 0.499998 -0.866027
    outer loop
      vertex -45.3 16.3192 -29.95
      vertex -42.3 24.9795 -24.95
      vertex -42.3 16.3192 -29.95
    endloop
  endfacet
  facet normal 0 0.499998 -0.866027
    outer loop
      vertex -42.3 24.9795 -24.95
      vertex -45.3 16.3192 -29.95
      vertex -45.3 24.9795 -24.95
    endloop
  endfacet
  facet normal -0 0.499998 0.866027
    outer loop
      vertex -45.3 24.9795 -34.95
      vertex -42.3 16.3192 -29.95
      vertex -42.3 24.9795 -34.95
    endloop
  endfacet
  facet normal 0 0.499998 0.866027
    outer loop
      vertex -42.3 16.3192 -29.95
      vertex -45.3 24.9795 -34.95
      vertex -45.3 16.3192 -29.95
    endloop
  endfacet
  facet normal 0.0490821 0 0.998795
    outer loop
      vertex -24.5881 3.5 -46.9211
      vertex -24 0 -46.95
      vertex -24 3.5 -46.95
    endloop
  endfacet
  facet normal 0.0490821 0 0.998795
    outer loop
      vertex -24 0 -46.95
      vertex -24.5881 3.5 -46.9211
      vertex -24.5881 0 -46.9211
    endloop
  endfacet
  facet normal -0.595589 0 0.803289
    outer loop
      vertex 27.3334 3.5 -45.9388
      vertex 27.8064 0 -45.5881
      vertex 27.8064 3.5 -45.5881
    endloop
  endfacet
  facet normal -0.595589 0 0.803289
    outer loop
      vertex 27.8064 0 -45.5881
      vertex 27.3334 3.5 -45.9388
      vertex 27.3334 0 -45.9388
    endloop
  endfacet
  facet normal -0.243015 0 -0.970023
    outer loop
      vertex 25.1705 0 -13.0653
      vertex 25.7417 3.5 -13.2084
      vertex 25.7417 0 -13.2084
    endloop
  endfacet
  facet normal -0.243015 0 -0.970023
    outer loop
      vertex 25.7417 3.5 -13.2084
      vertex 25.1705 0 -13.0653
      vertex 25.1705 3.5 -13.0653
    endloop
  endfacet
  facet normal -0.803289 0 -0.595589
    outer loop
      vertex 28.9888 0 -15.6166
      vertex 28.6381 3.5 -15.1436
      vertex 28.9888 3.5 -15.6166
    endloop
  endfacet
  facet normal -0.803289 -0 -0.595589
    outer loop
      vertex 28.6381 3.5 -15.1436
      vertex 28.9888 0 -15.6166
      vertex 28.6381 0 -15.1436
    endloop
  endfacet
  facet normal -0 0 1
    outer loop
      vertex -24 3.5 -46.95
      vertex 24 0 -46.95
      vertex 24 3.5 -46.95
    endloop
  endfacet
  facet normal 0 0 1
    outer loop
      vertex 24 0 -46.95
      vertex -24 3.5 -46.95
      vertex -24 0 -46.95
    endloop
  endfacet
  facet normal -0.998795 0 0.0490821
    outer loop
      vertex 29.9711 0 -41.5381
      vertex 30 3.5 -40.95
      vertex 29.9711 3.5 -41.5381
    endloop
  endfacet
  facet normal -0.998795 0 0.0490821
    outer loop
      vertex 30 3.5 -40.95
      vertex 29.9711 0 -41.5381
      vertex 30 0 -40.95
    endloop
  endfacet
  facet normal -0.336788 0 -0.94158
    outer loop
      vertex 25.7417 0 -13.2084
      vertex 26.2961 3.5 -13.4067
      vertex 26.2961 0 -13.4067
    endloop
  endfacet
  facet normal -0.336788 0 -0.94158
    outer loop
      vertex 26.2961 3.5 -13.4067
      vertex 25.7417 0 -13.2084
      vertex 25.7417 3.5 -13.2084
    endloop
  endfacet
  facet normal 0.803289 0 -0.595589
    outer loop
      vertex -28.6381 0 -15.1436
      vertex -28.9888 3.5 -15.6166
      vertex -28.6381 3.5 -15.1436
    endloop
  endfacet
  facet normal 0.803289 0 -0.595589
    outer loop
      vertex -28.9888 3.5 -15.6166
      vertex -28.6381 0 -15.1436
      vertex -28.9888 0 -15.6166
    endloop
  endfacet
  facet normal 0.514121 0 0.857718
    outer loop
      vertex -27.3334 3.5 -45.9388
      vertex -26.8284 0 -46.2415
      vertex -26.8284 3.5 -46.2415
    endloop
  endfacet
  facet normal 0.514121 0 0.857718
    outer loop
      vertex -26.8284 0 -46.2415
      vertex -27.3334 3.5 -45.9388
      vertex -27.3334 0 -45.9388
    endloop
  endfacet
  facet normal -0.514121 0 0.857718
    outer loop
      vertex 26.8284 3.5 -46.2415
      vertex 27.3334 0 -45.9388
      vertex 27.3334 3.5 -45.9388
    endloop
  endfacet
  facet normal -0.514121 0 0.857718
    outer loop
      vertex 27.3334 0 -45.9388
      vertex 26.8284 3.5 -46.2415
      vertex 26.8284 0 -46.2415
    endloop
  endfacet
  facet normal -0.740823 0 -0.6717
    outer loop
      vertex 28.6381 0 -15.1436
      vertex 28.2426 3.5 -14.7074
      vertex 28.6381 3.5 -15.1436
    endloop
  endfacet
  facet normal -0.740823 -0 -0.6717
    outer loop
      vertex 28.2426 3.5 -14.7074
      vertex 28.6381 0 -15.1436
      vertex 28.2426 0 -14.7074
    endloop
  endfacet
  facet normal -0.514121 0 -0.857718
    outer loop
      vertex 26.8284 0 -13.6585
      vertex 27.3334 3.5 -13.9612
      vertex 27.3334 0 -13.9612
    endloop
  endfacet
  facet normal -0.514121 0 -0.857718
    outer loop
      vertex 27.3334 3.5 -13.9612
      vertex 26.8284 0 -13.6585
      vertex 26.8284 3.5 -13.6585
    endloop
  endfacet
  facet normal 0.998795 0 -0.0490821
    outer loop
      vertex -29.9711 0 -18.3619
      vertex -30 3.5 -18.95
      vertex -29.9711 3.5 -18.3619
    endloop
  endfacet
  facet normal 0.998795 0 -0.0490821
    outer loop
      vertex -30 3.5 -18.95
      vertex -29.9711 0 -18.3619
      vertex -30 0 -18.95
    endloop
  endfacet
  facet normal 0.0490821 0 -0.998795
    outer loop
      vertex -24.5881 0 -12.9789
      vertex -24 3.5 -12.95
      vertex -24 0 -12.95
    endloop
  endfacet
  facet normal 0.0490821 0 -0.998795
    outer loop
      vertex -24 3.5 -12.95
      vertex -24.5881 0 -12.9789
      vertex -24.5881 3.5 -12.9789
    endloop
  endfacet
  facet normal 0.903962 -0 0.427612
    outer loop
      vertex -29.5433 0 -43.2461
      vertex -29.2915 3.5 -43.7784
      vertex -29.5433 3.5 -43.2461
    endloop
  endfacet
  facet normal 0.903962 0 0.427612
    outer loop
      vertex -29.2915 3.5 -43.7784
      vertex -29.5433 0 -43.2461
      vertex -29.2915 0 -43.7784
    endloop
  endfacet
  facet normal -0.243015 0 0.970023
    outer loop
      vertex 25.1705 3.5 -46.8347
      vertex 25.7417 0 -46.6916
      vertex 25.7417 3.5 -46.6916
    endloop
  endfacet
  facet normal -0.243015 0 0.970023
    outer loop
      vertex 25.7417 0 -46.6916
      vertex 25.1705 3.5 -46.8347
      vertex 25.1705 0 -46.8347
    endloop
  endfacet
  facet normal -0.998795 0 -0.0490821
    outer loop
      vertex 30 0 -18.95
      vertex 29.9711 3.5 -18.3619
      vertex 30 3.5 -18.95
    endloop
  endfacet
  facet normal -0.998795 -0 -0.0490821
    outer loop
      vertex 29.9711 3.5 -18.3619
      vertex 30 0 -18.95
      vertex 29.9711 0 -18.3619
    endloop
  endfacet
  facet normal -0.146746 0 0.989174
    outer loop
      vertex 24.5881 3.5 -46.9211
      vertex 25.1705 0 -46.8347
      vertex 25.1705 3.5 -46.8347
    endloop
  endfacet
  facet normal -0.146746 0 0.989174
    outer loop
      vertex 25.1705 0 -46.8347
      vertex 24.5881 3.5 -46.9211
      vertex 24.5881 0 -46.9211
    endloop
  endfacet
  facet normal 0.336788 0 -0.94158
    outer loop
      vertex -26.2961 0 -13.4067
      vertex -25.7417 3.5 -13.2084
      vertex -25.7417 0 -13.2084
    endloop
  endfacet
  facet normal 0.336788 0 -0.94158
    outer loop
      vertex -25.7417 3.5 -13.2084
      vertex -26.2961 0 -13.4067
      vertex -26.2961 3.5 -13.4067
    endloop
  endfacet
  facet normal -0.6717 0 -0.740823
    outer loop
      vertex 27.8064 0 -14.3119
      vertex 28.2426 3.5 -14.7074
      vertex 28.2426 0 -14.7074
    endloop
  endfacet
  facet normal -0.6717 0 -0.740823
    outer loop
      vertex 28.2426 3.5 -14.7074
      vertex 27.8064 0 -14.3119
      vertex 27.8064 3.5 -14.3119
    endloop
  endfacet
  facet normal -0.970023 0 0.243015
    outer loop
      vertex 29.7416 0 -42.6917
      vertex 29.8847 3.5 -42.1205
      vertex 29.7416 3.5 -42.6917
    endloop
  endfacet
  facet normal -0.970023 0 0.243015
    outer loop
      vertex 29.8847 3.5 -42.1205
      vertex 29.7416 0 -42.6917
      vertex 29.8847 0 -42.1205
    endloop
  endfacet
  facet normal -0.336788 0 0.94158
    outer loop
      vertex 25.7417 3.5 -46.6916
      vertex 26.2961 0 -46.4933
      vertex 26.2961 3.5 -46.4933
    endloop
  endfacet
  facet normal -0.336788 0 0.94158
    outer loop
      vertex 26.2961 0 -46.4933
      vertex 25.7417 3.5 -46.6916
      vertex 25.7417 0 -46.6916
    endloop
  endfacet
  facet normal 0.146746 0 -0.989174
    outer loop
      vertex -25.1705 0 -13.0653
      vertex -24.5881 3.5 -12.9789
      vertex -24.5881 0 -12.9789
    endloop
  endfacet
  facet normal 0.146746 0 -0.989174
    outer loop
      vertex -24.5881 3.5 -12.9789
      vertex -25.1705 0 -13.0653
      vertex -25.1705 3.5 -13.0653
    endloop
  endfacet
  facet normal 1 -0 0
    outer loop
      vertex -30 0 -18.95
      vertex -30 3.5 -40.95
      vertex -30 3.5 -18.95
    endloop
  endfacet
  facet normal 1 0 0
    outer loop
      vertex -30 3.5 -40.95
      vertex -30 0 -18.95
      vertex -30 0 -40.95
    endloop
  endfacet
  facet normal 0.514121 0 -0.857718
    outer loop
      vertex -27.3334 0 -13.9612
      vertex -26.8284 3.5 -13.6585
      vertex -26.8284 0 -13.6585
    endloop
  endfacet
  facet normal 0.514121 0 -0.857718
    outer loop
      vertex -26.8284 3.5 -13.6585
      vertex -27.3334 0 -13.9612
      vertex -27.3334 3.5 -13.9612
    endloop
  endfacet
  facet normal 0.998795 -0 0.0490821
    outer loop
      vertex -30 0 -40.95
      vertex -29.9711 3.5 -41.5381
      vertex -30 3.5 -40.95
    endloop
  endfacet
  facet normal 0.998795 0 0.0490821
    outer loop
      vertex -29.9711 3.5 -41.5381
      vertex -30 0 -40.95
      vertex -29.9711 0 -41.5381
    endloop
  endfacet
  facet normal -0.94158 0 -0.336788
    outer loop
      vertex 29.7416 0 -17.2083
      vertex 29.5433 3.5 -16.6539
      vertex 29.7416 3.5 -17.2083
    endloop
  endfacet
  facet normal -0.94158 -0 -0.336788
    outer loop
      vertex 29.5433 3.5 -16.6539
      vertex 29.7416 0 -17.2083
      vertex 29.5433 0 -16.6539
    endloop
  endfacet
  facet normal 0.336788 0 0.94158
    outer loop
      vertex -26.2961 3.5 -46.4933
      vertex -25.7417 0 -46.6916
      vertex -25.7417 3.5 -46.6916
    endloop
  endfacet
  facet normal 0.336788 0 0.94158
    outer loop
      vertex -25.7417 0 -46.6916
      vertex -26.2961 3.5 -46.4933
      vertex -26.2961 0 -46.4933
    endloop
  endfacet
  facet normal -0.6717 0 0.740823
    outer loop
      vertex 27.8064 3.5 -45.5881
      vertex 28.2426 0 -45.1926
      vertex 28.2426 3.5 -45.1926
    endloop
  endfacet
  facet normal -0.6717 0 0.740823
    outer loop
      vertex 28.2426 0 -45.1926
      vertex 27.8064 3.5 -45.5881
      vertex 27.8064 0 -45.5881
    endloop
  endfacet
  facet normal 0 0 -1
    outer loop
      vertex -24 0 -12.95
      vertex 24 3.5 -12.95
      vertex 24 0 -12.95
    endloop
  endfacet
  facet normal -0 0 -1
    outer loop
      vertex 24 3.5 -12.95
      vertex -24 0 -12.95
      vertex -24 3.5 -12.95
    endloop
  endfacet
  facet normal 0.595589 0 -0.803289
    outer loop
      vertex -27.8064 0 -14.3119
      vertex -27.3334 3.5 -13.9612
      vertex -27.3334 0 -13.9612
    endloop
  endfacet
  facet normal 0.595589 0 -0.803289
    outer loop
      vertex -27.3334 3.5 -13.9612
      vertex -27.8064 0 -14.3119
      vertex -27.8064 3.5 -14.3119
    endloop
  endfacet
  facet normal 0.94158 0 -0.336788
    outer loop
      vertex -29.5433 0 -16.6539
      vertex -29.7416 3.5 -17.2083
      vertex -29.5433 3.5 -16.6539
    endloop
  endfacet
  facet normal 0.94158 0 -0.336788
    outer loop
      vertex -29.7416 3.5 -17.2083
      vertex -29.5433 0 -16.6539
      vertex -29.7416 0 -17.2083
    endloop
  endfacet
  facet normal 0.740823 -0 0.6717
    outer loop
      vertex -28.6381 0 -44.7564
      vertex -28.2426 3.5 -45.1926
      vertex -28.6381 3.5 -44.7564
    endloop
  endfacet
  facet normal 0.740823 0 0.6717
    outer loop
      vertex -28.2426 3.5 -45.1926
      vertex -28.6381 0 -44.7564
      vertex -28.2426 0 -45.1926
    endloop
  endfacet
  facet normal -0.427612 0 0.903962
    outer loop
      vertex 26.2961 3.5 -46.4933
      vertex 26.8284 0 -46.2415
      vertex 26.8284 3.5 -46.2415
    endloop
  endfacet
  facet normal -0.427612 0 0.903962
    outer loop
      vertex 26.8284 0 -46.2415
      vertex 26.2961 3.5 -46.4933
      vertex 26.2961 0 -46.4933
    endloop
  endfacet
  facet normal 0.243015 0 0.970023
    outer loop
      vertex -25.7417 3.5 -46.6916
      vertex -25.1705 0 -46.8347
      vertex -25.1705 3.5 -46.8347
    endloop
  endfacet
  facet normal 0.243015 0 0.970023
    outer loop
      vertex -25.1705 0 -46.8347
      vertex -25.7417 3.5 -46.6916
      vertex -25.7417 0 -46.6916
    endloop
  endfacet
  facet normal 0.427612 0 0.903962
    outer loop
      vertex -26.8284 3.5 -46.2415
      vertex -26.2961 0 -46.4933
      vertex -26.2961 3.5 -46.4933
    endloop
  endfacet
  facet normal 0.427612 0 0.903962
    outer loop
      vertex -26.2961 0 -46.4933
      vertex -26.8284 3.5 -46.2415
      vertex -26.8284 0 -46.2415
    endloop
  endfacet
  facet normal 0.740823 0 -0.6717
    outer loop
      vertex -28.2426 0 -14.7074
      vertex -28.6381 3.5 -15.1436
      vertex -28.2426 3.5 -14.7074
    endloop
  endfacet
  facet normal 0.740823 0 -0.6717
    outer loop
      vertex -28.6381 3.5 -15.1436
      vertex -28.2426 0 -14.7074
      vertex -28.6381 0 -15.1436
    endloop
  endfacet
  facet normal 0.146746 0 0.989174
    outer loop
      vertex -25.1705 3.5 -46.8347
      vertex -24.5881 0 -46.9211
      vertex -24.5881 3.5 -46.9211
    endloop
  endfacet
  facet normal 0.146746 0 0.989174
    outer loop
      vertex -24.5881 0 -46.9211
      vertex -25.1705 3.5 -46.8347
      vertex -25.1705 0 -46.8347
    endloop
  endfacet
  facet normal -1 0 0
    outer loop
      vertex 30 0 -40.95
      vertex 30 3.5 -18.95
      vertex 30 3.5 -40.95
    endloop
  endfacet
  facet normal -1 -0 0
    outer loop
      vertex 30 3.5 -18.95
      vertex 30 0 -40.95
      vertex 30 0 -18.95
    endloop
  endfacet
  facet normal -0.857718 0 0.514121
    outer loop
      vertex 28.9888 0 -44.2834
      vertex 29.2915 3.5 -43.7784
      vertex 28.9888 3.5 -44.2834
    endloop
  endfacet
  facet normal -0.857718 0 0.514121
    outer loop
      vertex 29.2915 3.5 -43.7784
      vertex 28.9888 0 -44.2834
      vertex 29.2915 0 -43.7784
    endloop
  endfacet
  facet normal 0.6717 0 -0.740823
    outer loop
      vertex -28.2426 0 -14.7074
      vertex -27.8064 3.5 -14.3119
      vertex -27.8064 0 -14.3119
    endloop
  endfacet
  facet normal 0.6717 0 -0.740823
    outer loop
      vertex -27.8064 3.5 -14.3119
      vertex -28.2426 0 -14.7074
      vertex -28.2426 3.5 -14.7074
    endloop
  endfacet
  facet normal -0.427612 0 -0.903962
    outer loop
      vertex 26.2961 0 -13.4067
      vertex 26.8284 3.5 -13.6585
      vertex 26.8284 0 -13.6585
    endloop
  endfacet
  facet normal -0.427612 0 -0.903962
    outer loop
      vertex 26.8284 3.5 -13.6585
      vertex 26.2961 0 -13.4067
      vertex 26.2961 3.5 -13.4067
    endloop
  endfacet
  facet normal -0.0490821 0 -0.998795
    outer loop
      vertex 24 0 -12.95
      vertex 24.5881 3.5 -12.9789
      vertex 24.5881 0 -12.9789
    endloop
  endfacet
  facet normal -0.0490821 0 -0.998795
    outer loop
      vertex 24.5881 3.5 -12.9789
      vertex 24 0 -12.95
      vertex 24 3.5 -12.95
    endloop
  endfacet
  facet normal 0.427612 0 -0.903962
    outer loop
      vertex -26.8284 0 -13.6585
      vertex -26.2961 3.5 -13.4067
      vertex -26.2961 0 -13.4067
    endloop
  endfacet
  facet normal 0.427612 0 -0.903962
    outer loop
      vertex -26.2961 3.5 -13.4067
      vertex -26.8284 0 -13.6585
      vertex -26.8284 3.5 -13.6585
    endloop
  endfacet
  facet normal 0.243015 0 -0.970023
    outer loop
      vertex -25.7417 0 -13.2084
      vertex -25.1705 3.5 -13.0653
      vertex -25.1705 0 -13.0653
    endloop
  endfacet
  facet normal 0.243015 0 -0.970023
    outer loop
      vertex -25.1705 3.5 -13.0653
      vertex -25.7417 0 -13.2084
      vertex -25.7417 3.5 -13.2084
    endloop
  endfacet
  facet normal -0.857718 0 -0.514121
    outer loop
      vertex 29.2915 0 -16.1216
      vertex 28.9888 3.5 -15.6166
      vertex 29.2915 3.5 -16.1216
    endloop
  endfacet
  facet normal -0.857718 -0 -0.514121
    outer loop
      vertex 28.9888 3.5 -15.6166
      vertex 29.2915 0 -16.1216
      vertex 28.9888 0 -15.6166
    endloop
  endfacet
  facet normal -0.146746 0 -0.989174
    outer loop
      vertex 24.5881 0 -12.9789
      vertex 25.1705 3.5 -13.0653
      vertex 25.1705 0 -13.0653
    endloop
  endfacet
  facet normal -0.146746 0 -0.989174
    outer loop
      vertex 25.1705 3.5 -13.0653
      vertex 24.5881 0 -12.9789
      vertex 24.5881 3.5 -12.9789
    endloop
  endfacet
  facet normal -0.0490821 0 0.998795
    outer loop
      vertex 24 3.5 -46.95
      vertex 24.5881 0 -46.9211
      vertex 24.5881 3.5 -46.9211
    endloop
  endfacet
  facet normal -0.0490821 0 0.998795
    outer loop
      vertex 24.5881 0 -46.9211
      vertex 24 3.5 -46.95
      vertex 24 0 -46.95
    endloop
  endfacet
  facet normal 0.989174 0 -0.146746
    outer loop
      vertex -29.8847 0 -17.7795
      vertex -29.9711 3.5 -18.3619
      vertex -29.8847 3.5 -17.7795
    endloop
  endfacet
  facet normal 0.989174 0 -0.146746
    outer loop
      vertex -29.9711 3.5 -18.3619
      vertex -29.8847 0 -17.7795
      vertex -29.9711 0 -18.3619
    endloop
  endfacet
  facet normal 0.857718 0 -0.514121
    outer loop
      vertex -28.9888 0 -15.6166
      vertex -29.2915 3.5 -16.1216
      vertex -28.9888 3.5 -15.6166
    endloop
  endfacet
  facet normal 0.857718 0 -0.514121
    outer loop
      vertex -29.2915 3.5 -16.1216
      vertex -28.9888 0 -15.6166
      vertex -29.2915 0 -16.1216
    endloop
  endfacet
  facet normal 0.903962 0 -0.427612
    outer loop
      vertex -29.2915 0 -16.1216
      vertex -29.5433 3.5 -16.6539
      vertex -29.2915 3.5 -16.1216
    endloop
  endfacet
  facet normal 0.903962 0 -0.427612
    outer loop
      vertex -29.5433 3.5 -16.6539
      vertex -29.2915 0 -16.1216
      vertex -29.5433 0 -16.6539
    endloop
  endfacet
  facet normal -0.989174 0 0.146746
    outer loop
      vertex 29.8847 0 -42.1205
      vertex 29.9711 3.5 -41.5381
      vertex 29.8847 3.5 -42.1205
    endloop
  endfacet
  facet normal -0.989174 0 0.146746
    outer loop
      vertex 29.9711 3.5 -41.5381
      vertex 29.8847 0 -42.1205
      vertex 29.9711 0 -41.5381
    endloop
  endfacet
  facet normal 0.970023 0 -0.243015
    outer loop
      vertex -29.7416 0 -17.2083
      vertex -29.8847 3.5 -17.7795
      vertex -29.7416 3.5 -17.2083
    endloop
  endfacet
  facet normal 0.970023 0 -0.243015
    outer loop
      vertex -29.8847 3.5 -17.7795
      vertex -29.7416 0 -17.2083
      vertex -29.8847 0 -17.7795
    endloop
  endfacet
  facet normal -0.595589 0 -0.803289
    outer loop
      vertex 27.3334 0 -13.9612
      vertex 27.8064 3.5 -14.3119
      vertex 27.8064 0 -14.3119
    endloop
  endfacet
  facet normal -0.595589 0 -0.803289
    outer loop
      vertex 27.8064 3.5 -14.3119
      vertex 27.3334 0 -13.9612
      vertex 27.3334 3.5 -13.9612
    endloop
  endfacet
  facet normal 0.989174 -0 0.146746
    outer loop
      vertex -29.9711 0 -41.5381
      vertex -29.8847 3.5 -42.1205
      vertex -29.9711 3.5 -41.5381
    endloop
  endfacet
  facet normal 0.989174 0 0.146746
    outer loop
      vertex -29.8847 3.5 -42.1205
      vertex -29.9711 0 -41.5381
      vertex -29.8847 0 -42.1205
    endloop
  endfacet
  facet normal -0.740823 0 0.6717
    outer loop
      vertex 28.2426 0 -45.1926
      vertex 28.6381 3.5 -44.7564
      vertex 28.2426 3.5 -45.1926
    endloop
  endfacet
  facet normal -0.740823 0 0.6717
    outer loop
      vertex 28.6381 3.5 -44.7564
      vertex 28.2426 0 -45.1926
      vertex 28.6381 0 -44.7564
    endloop
  endfacet
  facet normal 0.803289 -0 0.595589
    outer loop
      vertex -28.9888 0 -44.2834
      vertex -28.6381 3.5 -44.7564
      vertex -28.9888 3.5 -44.2834
    endloop
  endfacet
  facet normal 0.803289 0 0.595589
    outer loop
      vertex -28.6381 3.5 -44.7564
      vertex -28.9888 0 -44.2834
      vertex -28.6381 0 -44.7564
    endloop
  endfacet
  facet normal 0.94158 -0 0.336788
    outer loop
      vertex -29.7416 0 -42.6917
      vertex -29.5433 3.5 -43.2461
      vertex -29.7416 3.5 -42.6917
    endloop
  endfacet
  facet normal 0.94158 0 0.336788
    outer loop
      vertex -29.5433 3.5 -43.2461
      vertex -29.7416 0 -42.6917
      vertex -29.5433 0 -43.2461
    endloop
  endfacet
  facet normal -0.903962 0 0.427612
    outer loop
      vertex 29.2915 0 -43.7784
      vertex 29.5433 3.5 -43.2461
      vertex 29.2915 3.5 -43.7784
    endloop
  endfacet
  facet normal -0.903962 0 0.427612
    outer loop
      vertex 29.5433 3.5 -43.2461
      vertex 29.2915 0 -43.7784
      vertex 29.5433 0 -43.2461
    endloop
  endfacet
  facet normal -0.803289 0 0.595589
    outer loop
      vertex 28.6381 0 -44.7564
      vertex 28.9888 3.5 -44.2834
      vertex 28.6381 3.5 -44.7564
    endloop
  endfacet
  facet normal -0.803289 0 0.595589
    outer loop
      vertex 28.9888 3.5 -44.2834
      vertex 28.6381 0 -44.7564
      vertex 28.9888 0 -44.2834
    endloop
  endfacet
  facet normal -0.94158 0 0.336788
    outer loop
      vertex 29.5433 0 -43.2461
      vertex 29.7416 3.5 -42.6917
      vertex 29.5433 3.5 -43.2461
    endloop
  endfacet
  facet normal -0.94158 0 0.336788
    outer loop
      vertex 29.7416 3.5 -42.6917
      vertex 29.5433 0 -43.2461
      vertex 29.7416 0 -42.6917
    endloop
  endfacet
  facet normal -0.903962 0 -0.427612
    outer loop
      vertex 29.5433 0 -16.6539
      vertex 29.2915 3.5 -16.1216
      vertex 29.5433 3.5 -16.6539
    endloop
  endfacet
  facet normal -0.903962 -0 -0.427612
    outer loop
      vertex 29.2915 3.5 -16.1216
      vertex 29.5433 0 -16.6539
      vertex 29.2915 0 -16.1216
    endloop
  endfacet
  facet normal -0.970023 0 -0.243015
    outer loop
      vertex 29.8847 0 -17.7795
      vertex 29.7416 3.5 -17.2083
      vertex 29.8847 3.5 -17.7795
    endloop
  endfacet
  facet normal -0.970023 -0 -0.243015
    outer loop
      vertex 29.7416 3.5 -17.2083
      vertex 29.8847 0 -17.7795
      vertex 29.7416 0 -17.2083
    endloop
  endfacet
  facet normal 0.6717 0 0.740823
    outer loop
      vertex -28.2426 3.5 -45.1926
      vertex -27.8064 0 -45.5881
      vertex -27.8064 3.5 -45.5881
    endloop
  endfacet
  facet normal 0.6717 0 0.740823
    outer loop
      vertex -27.8064 0 -45.5881
      vertex -28.2426 3.5 -45.1926
      vertex -28.2426 0 -45.1926
    endloop
  endfacet
  facet normal 0.595589 0 0.803289
    outer loop
      vertex -27.8064 3.5 -45.5881
      vertex -27.3334 0 -45.9388
      vertex -27.3334 3.5 -45.9388
    endloop
  endfacet
  facet normal 0.595589 0 0.803289
    outer loop
      vertex -27.3334 0 -45.9388
      vertex -27.8064 3.5 -45.5881
      vertex -27.8064 0 -45.5881
    endloop
  endfacet
  facet normal 0.857718 -0 0.514121
    outer loop
      vertex -29.2915 0 -43.7784
      vertex -28.9888 3.5 -44.2834
      vertex -29.2915 3.5 -43.7784
    endloop
  endfacet
  facet normal 0.857718 0 0.514121
    outer loop
      vertex -28.9888 3.5 -44.2834
      vertex -29.2915 0 -43.7784
      vertex -28.9888 0 -44.2834
    endloop
  endfacet
  facet normal 0.970023 -0 0.243015
    outer loop
      vertex -29.8847 0 -42.1205
      vertex -29.7416 3.5 -42.6917
      vertex -29.8847 3.5 -42.1205
    endloop
  endfacet
  facet normal 0.970023 0 0.243015
    outer loop
      vertex -29.7416 3.5 -42.6917
      vertex -29.8847 0 -42.1205
      vertex -29.7416 0 -42.6917
    endloop
  endfacet
  facet normal -0.989174 0 -0.146746
    outer loop
      vertex 29.9711 0 -18.3619
      vertex 29.8847 3.5 -17.7795
      vertex 29.9711 3.5 -18.3619
    endloop
  endfacet
  facet normal -0.989174 -0 -0.146746
    outer loop
      vertex 29.8847 3.5 -17.7795
      vertex 29.9711 0 -18.3619
      vertex 29.8847 0 -17.7795
    endloop
  endfacet
  facet normal -1 0 0
    outer loop
      vertex 29 149.841 -3
      vertex 29 154.52 0
      vertex 29 154.52 -3
    endloop
  endfacet
  facet normal -1 -0 0
    outer loop
      vertex 29 154.52 0
      vertex 29 149.841 -3
      vertex 29 149.841 0
    endloop
  endfacet
  facet normal -0.866044 -0.499968 0
    outer loop
      vertex 29 154.52 -3
      vertex 24 163.181 0
      vertex 24 163.181 -3
    endloop
  endfacet
  facet normal -0.866044 -0.499968 0
    outer loop
      vertex 24 163.181 0
      vertex 29 154.52 -3
      vertex 29 154.52 0
    endloop
  endfacet
  facet normal 0.866044 -0.499968 0
    outer loop
      vertex 19 154.52 0
      vertex 24 163.181 -3
      vertex 24 163.181 0
    endloop
  endfacet
  facet normal 0.866044 -0.499968 0
    outer loop
      vertex 24 163.181 -3
      vertex 19 154.52 0
      vertex 19 154.52 -3
    endloop
  endfacet
  facet normal 1 -0 0
    outer loop
      vertex 19 149.841 0
      vertex 19 154.52 -3
      vertex 19 154.52 0
    endloop
  endfacet
  facet normal 1 0 0
    outer loop
      vertex 19 154.52 -3
      vertex 19 149.841 0
      vertex 19 149.841 -3
    endloop
  endfacet
  facet normal 0.866019 0.500011 0
    outer loop
      vertex 24 141.181 0
      vertex 19 149.841 -3
      vertex 19 149.841 0
    endloop
  endfacet
  facet normal 0.866019 0.500011 0
    outer loop
      vertex 19 149.841 -3
      vertex 24 141.181 0
      vertex 24 141.181 -3
    endloop
  endfacet
  facet normal -0.866019 0.500011 0
    outer loop
      vertex 24 141.181 -3
      vertex 29 149.841 0
      vertex 29 149.841 -3
    endloop
  endfacet
  facet normal -0.866019 0.500011 0
    outer loop
      vertex 29 149.841 0
      vertex 24 141.181 -3
      vertex 24 141.181 0
    endloop
  endfacet
  facet normal -1 0 0
    outer loop
      vertex 17 149.841 -3
      vertex 17 154.52 0
      vertex 17 154.52 -3
    endloop
  endfacet
  facet normal -1 -0 0
    outer loop
      vertex 17 154.52 0
      vertex 17 149.841 -3
      vertex 17 149.841 0
    endloop
  endfacet
  facet normal -0.866044 -0.499968 0
    outer loop
      vertex 17 154.52 -3
      vertex 12 163.181 0
      vertex 12 163.181 -3
    endloop
  endfacet
  facet normal -0.866044 -0.499968 0
    outer loop
      vertex 12 163.181 0
      vertex 17 154.52 -3
      vertex 17 154.52 0
    endloop
  endfacet
  facet normal 0.866044 -0.499968 0
    outer loop
      vertex 7 154.52 0
      vertex 12 163.181 -3
      vertex 12 163.181 0
    endloop
  endfacet
  facet normal 0.866044 -0.499968 0
    outer loop
      vertex 12 163.181 -3
      vertex 7 154.52 0
      vertex 7 154.52 -3
    endloop
  endfacet
  facet normal 1 -0 0
    outer loop
      vertex 7 149.841 0
      vertex 7 154.52 -3
      vertex 7 154.52 0
    endloop
  endfacet
  facet normal 1 0 0
    outer loop
      vertex 7 154.52 -3
      vertex 7 149.841 0
      vertex 7 149.841 -3
    endloop
  endfacet
  facet normal 0.866019 0.500011 0
    outer loop
      vertex 12 141.181 0
      vertex 7 149.841 -3
      vertex 7 149.841 0
    endloop
  endfacet
  facet normal 0.866019 0.500011 0
    outer loop
      vertex 7 149.841 -3
      vertex 12 141.181 0
      vertex 12 141.181 -3
    endloop
  endfacet
  facet normal -0.866019 0.500011 0
    outer loop
      vertex 12 141.181 -3
      vertex 17 149.841 0
      vertex 17 149.841 -3
    endloop
  endfacet
  facet normal -0.866019 0.500011 0
    outer loop
      vertex 17 149.841 0
      vertex 12 141.181 -3
      vertex 12 141.181 0
    endloop
  endfacet
  facet normal -1 0 0
    outer loop
      vertex 5 149.841 -3
      vertex 5 154.52 0
      vertex 5 154.52 -3
    endloop
  endfacet
  facet normal -1 -0 0
    outer loop
      vertex 5 154.52 0
      vertex 5 149.841 -3
      vertex 5 149.841 0
    endloop
  endfacet
  facet normal -0.866044 -0.499968 0
    outer loop
      vertex 5 154.52 -3
      vertex 0 163.181 0
      vertex 0 163.181 -3
    endloop
  endfacet
  facet normal -0.866044 -0.499968 0
    outer loop
      vertex 0 163.181 0
      vertex 5 154.52 -3
      vertex 5 154.52 0
    endloop
  endfacet
  facet normal 0.866044 -0.499968 0
    outer loop
      vertex -5 154.52 0
      vertex 0 163.181 -3
      vertex 0 163.181 0
    endloop
  endfacet
  facet normal 0.866044 -0.499968 0
    outer loop
      vertex 0 163.181 -3
      vertex -5 154.52 0
      vertex -5 154.52 -3
    endloop
  endfacet
  facet normal 1 -0 0
    outer loop
      vertex -5 149.841 0
      vertex -5 154.52 -3
      vertex -5 154.52 0
    endloop
  endfacet
  facet normal 1 0 0
    outer loop
      vertex -5 154.52 -3
      vertex -5 149.841 0
      vertex -5 149.841 -3
    endloop
  endfacet
  facet normal 0.866019 0.500011 0
    outer loop
      vertex 0 141.181 0
      vertex -5 149.841 -3
      vertex -5 149.841 0
    endloop
  endfacet
  facet normal 0.866019 0.500011 0
    outer loop
      vertex -5 149.841 -3
      vertex 0 141.181 0
      vertex 0 141.181 -3
    endloop
  endfacet
  facet normal -0.866019 0.500011 0
    outer loop
      vertex 0 141.181 -3
      vertex 5 149.841 0
      vertex 5 149.841 -3
    endloop
  endfacet
  facet normal -0.866019 0.500011 0
    outer loop
      vertex 5 149.841 0
      vertex 0 141.181 -3
      vertex 0 141.181 0
    endloop
  endfacet
  facet normal -1 0 0
    outer loop
      vertex -7 149.841 -3
      vertex -7 154.52 0
      vertex -7 154.52 -3
    endloop
  endfacet
  facet normal -1 -0 0
    outer loop
      vertex -7 154.52 0
      vertex -7 149.841 -3
      vertex -7 149.841 0
    endloop
  endfacet
  facet normal -0.866044 -0.499968 0
    outer loop
      vertex -7 154.52 -3
      vertex -12 163.181 0
      vertex -12 163.181 -3
    endloop
  endfacet
  facet normal -0.866044 -0.499968 0
    outer loop
      vertex -12 163.181 0
      vertex -7 154.52 -3
      vertex -7 154.52 0
    endloop
  endfacet
  facet normal 0.866044 -0.499968 0
    outer loop
      vertex -17 154.52 0
      vertex -12 163.181 -3
      vertex -12 163.181 0
    endloop
  endfacet
  facet normal 0.866044 -0.499968 0
    outer loop
      vertex -12 163.181 -3
      vertex -17 154.52 0
      vertex -17 154.52 -3
    endloop
  endfacet
  facet normal 1 -0 0
    outer loop
      vertex -17 149.841 0
      vertex -17 154.52 -3
      vertex -17 154.52 0
    endloop
  endfacet
  facet normal 1 0 0
    outer loop
      vertex -17 154.52 -3
      vertex -17 149.841 0
      vertex -17 149.841 -3
    endloop
  endfacet
  facet normal 0.866019 0.500011 0
    outer loop
      vertex -12 141.181 0
      vertex -17 149.841 -3
      vertex -17 149.841 0
    endloop
  endfacet
  facet normal 0.866019 0.500011 0
    outer loop
      vertex -17 149.841 -3
      vertex -12 141.181 0
      vertex -12 141.181 -3
    endloop
  endfacet
  facet normal -0.866019 0.500011 0
    outer loop
      vertex -12 141.181 -3
      vertex -7 149.841 0
      vertex -7 149.841 -3
    endloop
  endfacet
  facet normal -0.866019 0.500011 0
    outer loop
      vertex -7 149.841 0
      vertex -12 141.181 -3
      vertex -12 141.181 0
    endloop
  endfacet
  facet normal -1 0 0
    outer loop
      vertex -19 149.841 -3
      vertex -19 154.52 0
      vertex -19 154.52 -3
    endloop
  endfacet
  facet normal -1 -0 0
    outer loop
      vertex -19 154.52 0
      vertex -19 149.841 -3
      vertex -19 149.841 0
    endloop
  endfacet
  facet normal -0.866044 -0.499968 0
    outer loop
      vertex -19 154.52 -3
      vertex -24 163.181 0
      vertex -24 163.181 -3
    endloop
  endfacet
  facet normal -0.866044 -0.499968 0
    outer loop
      vertex -24 163.181 0
      vertex -19 154.52 -3
      vertex -19 154.52 0
    endloop
  endfacet
  facet normal 0.866044 -0.499968 0
    outer loop
      vertex -29 154.52 0
      vertex -24 163.181 -3
      vertex -24 163.181 0
    endloop
  endfacet
  facet normal 0.866044 -0.499968 0
    outer loop
      vertex -24 163.181 -3
      vertex -29 154.52 0
      vertex -29 154.52 -3
    endloop
  endfacet
  facet normal 1 -0 0
    outer loop
      vertex -29 149.841 0
      vertex -29 154.52 -3
      vertex -29 154.52 0
    endloop
  endfacet
  facet normal 1 0 0
    outer loop
      vertex -29 154.52 -3
      vertex -29 149.841 0
      vertex -29 149.841 -3
    endloop
  endfacet
  facet normal 0.866019 0.500011 0
    outer loop
      vertex -24 141.181 0
      vertex -29 149.841 -3
      vertex -29 149.841 0
    endloop
  endfacet
  facet normal 0.866019 0.500011 0
    outer loop
      vertex -29 149.841 -3
      vertex -24 141.181 0
      vertex -24 141.181 -3
    endloop
  endfacet
  facet normal -0.866019 0.500011 0
    outer loop
      vertex -24 141.181 -3
      vertex -19 149.841 0
      vertex -19 149.841 -3
    endloop
  endfacet
  facet normal -0.866019 0.500011 0
    outer loop
      vertex -19 149.841 0
      vertex -24 141.181 -3
      vertex -24 141.181 0
    endloop
  endfacet
  facet normal -1 0 0
    outer loop
      vertex 35 134.233 -3
      vertex 35 138.913 0
      vertex 35 138.913 -3
    endloop
  endfacet
  facet normal -1 -0 0
    outer loop
      vertex 35 138.913 0
      vertex 35 134.233 -3
      vertex 35 134.233 0
    endloop
  endfacet
  facet normal -0.866019 -0.500011 0
    outer loop
      vertex 35 138.913 -3
      vertex 30 147.573 0
      vertex 30 147.573 -3
    endloop
  endfacet
  facet normal -0.866019 -0.500011 0
    outer loop
      vertex 30 147.573 0
      vertex 35 138.913 -3
      vertex 35 138.913 0
    endloop
  endfacet
  facet normal 0.866019 -0.500011 0
    outer loop
      vertex 25 138.913 0
      vertex 30 147.573 -3
      vertex 30 147.573 0
    endloop
  endfacet
  facet normal 0.866019 -0.500011 0
    outer loop
      vertex 30 147.573 -3
      vertex 25 138.913 0
      vertex 25 138.913 -3
    endloop
  endfacet
  facet normal 1 -0 0
    outer loop
      vertex 25 134.233 0
      vertex 25 138.913 -3
      vertex 25 138.913 0
    endloop
  endfacet
  facet normal 1 0 0
    outer loop
      vertex 25 138.913 -3
      vertex 25 134.233 0
      vertex 25 134.233 -3
    endloop
  endfacet
  facet normal 0.866019 0.500011 0
    outer loop
      vertex 30 125.573 0
      vertex 25 134.233 -3
      vertex 25 134.233 0
    endloop
  endfacet
  facet normal 0.866019 0.500011 0
    outer loop
      vertex 25 134.233 -3
      vertex 30 125.573 0
      vertex 30 125.573 -3
    endloop
  endfacet
  facet normal -0.866019 0.500011 0
    outer loop
      vertex 30 125.573 -3
      vertex 35 134.233 0
      vertex 35 134.233 -3
    endloop
  endfacet
  facet normal -0.866019 0.500011 0
    outer loop
      vertex 35 134.233 0
      vertex 30 125.573 -3
      vertex 30 125.573 0
    endloop
  endfacet
  facet normal -1 0 0
    outer loop
      vertex 23 134.233 -3
      vertex 23 138.913 0
      vertex 23 138.913 -3
    endloop
  endfacet
  facet normal -1 -0 0
    outer loop
      vertex 23 138.913 0
      vertex 23 134.233 -3
      vertex 23 134.233 0
    endloop
  endfacet
  facet normal -0.866019 -0.500011 0
    outer loop
      vertex 23 138.913 -3
      vertex 18 147.573 0
      vertex 18 147.573 -3
    endloop
  endfacet
  facet normal -0.866019 -0.500011 0
    outer loop
      vertex 18 147.573 0
      vertex 23 138.913 -3
      vertex 23 138.913 0
    endloop
  endfacet
  facet normal 0.866019 -0.500011 0
    outer loop
      vertex 13 138.913 0
      vertex 18 147.573 -3
      vertex 18 147.573 0
    endloop
  endfacet
  facet normal 0.866019 -0.500011 0
    outer loop
      vertex 18 147.573 -3
      vertex 13 138.913 0
      vertex 13 138.913 -3
    endloop
  endfacet
  facet normal 1 -0 0
    outer loop
      vertex 13 134.233 0
      vertex 13 138.913 -3
      vertex 13 138.913 0
    endloop
  endfacet
  facet normal 1 0 0
    outer loop
      vertex 13 138.913 -3
      vertex 13 134.233 0
      vertex 13 134.233 -3
    endloop
  endfacet
  facet normal 0.866019 0.500011 0
    outer loop
      vertex 18 125.573 0
      vertex 13 134.233 -3
      vertex 13 134.233 0
    endloop
  endfacet
  facet normal 0.866019 0.500011 0
    outer loop
      vertex 13 134.233 -3
      vertex 18 125.573 0
      vertex 18 125.573 -3
    endloop
  endfacet
  facet normal -0.866019 0.500011 0
    outer loop
      vertex 18 125.573 -3
      vertex 23 134.233 0
      vertex 23 134.233 -3
    endloop
  endfacet
  facet normal -0.866019 0.500011 0
    outer loop
      vertex 23 134.233 0
      vertex 18 125.573 -3
      vertex 18 125.573 0
    endloop
  endfacet
  facet normal -1 0 0
    outer loop
      vertex 11 134.233 -3
      vertex 11 138.913 0
      vertex 11 138.913 -3
    endloop
  endfacet
  facet normal -1 -0 0
    outer loop
      vertex 11 138.913 0
      vertex 11 134.233 -3
      vertex 11 134.233 0
    endloop
  endfacet
  facet normal -0.866019 -0.500011 0
    outer loop
      vertex 11 138.913 -3
      vertex 6 147.573 0
      vertex 6 147.573 -3
    endloop
  endfacet
  facet normal -0.866019 -0.500011 0
    outer loop
      vertex 6 147.573 0
      vertex 11 138.913 -3
      vertex 11 138.913 0
    endloop
  endfacet
  facet normal 0.866019 -0.500011 0
    outer loop
      vertex 1 138.913 0
      vertex 6 147.573 -3
      vertex 6 147.573 0
    endloop
  endfacet
  facet normal 0.866019 -0.500011 0
    outer loop
      vertex 6 147.573 -3
      vertex 1 138.913 0
      vertex 1 138.913 -3
    endloop
  endfacet
  facet normal 1 -0 0
    outer loop
      vertex 1 134.233 0
      vertex 1 138.913 -3
      vertex 1 138.913 0
    endloop
  endfacet
  facet normal 1 0 0
    outer loop
      vertex 1 138.913 -3
      vertex 1 134.233 0
      vertex 1 134.233 -3
    endloop
  endfacet
  facet normal 0.866019 0.500011 0
    outer loop
      vertex 6 125.573 0
      vertex 1 134.233 -3
      vertex 1 134.233 0
    endloop
  endfacet
  facet normal 0.866019 0.500011 0
    outer loop
      vertex 1 134.233 -3
      vertex 6 125.573 0
      vertex 6 125.573 -3
    endloop
  endfacet
  facet normal -0.866019 0.500011 0
    outer loop
      vertex 6 125.573 -3
      vertex 11 134.233 0
      vertex 11 134.233 -3
    endloop
  endfacet
  facet normal -0.866019 0.500011 0
    outer loop
      vertex 11 134.233 0
      vertex 6 125.573 -3
      vertex 6 125.573 0
    endloop
  endfacet
  facet normal -1 0 0
    outer loop
      vertex -1 134.233 -3
      vertex -1 138.913 0
      vertex -1 138.913 -3
    endloop
  endfacet
  facet normal -1 -0 0
    outer loop
      vertex -1 138.913 0
      vertex -1 134.233 -3
      vertex -1 134.233 0
    endloop
  endfacet
  facet normal -0.866019 -0.500011 0
    outer loop
      vertex -1 138.913 -3
      vertex -6 147.573 0
      vertex -6 147.573 -3
    endloop
  endfacet
  facet normal -0.866019 -0.500011 0
    outer loop
      vertex -6 147.573 0
      vertex -1 138.913 -3
      vertex -1 138.913 0
    endloop
  endfacet
  facet normal 0.866019 -0.500011 0
    outer loop
      vertex -11 138.913 0
      vertex -6 147.573 -3
      vertex -6 147.573 0
    endloop
  endfacet
  facet normal 0.866019 -0.500011 0
    outer loop
      vertex -6 147.573 -3
      vertex -11 138.913 0
      vertex -11 138.913 -3
    endloop
  endfacet
  facet normal 1 -0 0
    outer loop
      vertex -11 134.233 0
      vertex -11 138.913 -3
      vertex -11 138.913 0
    endloop
  endfacet
  facet normal 1 0 0
    outer loop
      vertex -11 138.913 -3
      vertex -11 134.233 0
      vertex -11 134.233 -3
    endloop
  endfacet
  facet normal 0.866019 0.500011 0
    outer loop
      vertex -6 125.573 0
      vertex -11 134.233 -3
      vertex -11 134.233 0
    endloop
  endfacet
  facet normal 0.866019 0.500011 0
    outer loop
      vertex -11 134.233 -3
      vertex -6 125.573 0
      vertex -6 125.573 -3
    endloop
  endfacet
  facet normal -0.866019 0.500011 0
    outer loop
      vertex -6 125.573 -3
      vertex -1 134.233 0
      vertex -1 134.233 -3
    endloop
  endfacet
  facet normal -0.866019 0.500011 0
    outer loop
      vertex -1 134.233 0
      vertex -6 125.573 -3
      vertex -6 125.573 0
    endloop
  endfacet
  facet normal -1 0 0
    outer loop
      vertex -13 134.233 -3
      vertex -13 138.913 0
      vertex -13 138.913 -3
    endloop
  endfacet
  facet normal -1 -0 0
    outer loop
      vertex -13 138.913 0
      vertex -13 134.233 -3
      vertex -13 134.233 0
    endloop
  endfacet
  facet normal -0.866019 -0.500011 0
    outer loop
      vertex -13 138.913 -3
      vertex -18 147.573 0
      vertex -18 147.573 -3
    endloop
  endfacet
  facet normal -0.866019 -0.500011 0
    outer loop
      vertex -18 147.573 0
      vertex -13 138.913 -3
      vertex -13 138.913 0
    endloop
  endfacet
  facet normal 0.866019 -0.500011 0
    outer loop
      vertex -23 138.913 0
      vertex -18 147.573 -3
      vertex -18 147.573 0
    endloop
  endfacet
  facet normal 0.866019 -0.500011 0
    outer loop
      vertex -18 147.573 -3
      vertex -23 138.913 0
      vertex -23 138.913 -3
    endloop
  endfacet
  facet normal 1 -0 0
    outer loop
      vertex -23 134.233 0
      vertex -23 138.913 -3
      vertex -23 138.913 0
    endloop
  endfacet
  facet normal 1 0 0
    outer loop
      vertex -23 138.913 -3
      vertex -23 134.233 0
      vertex -23 134.233 -3
    endloop
  endfacet
  facet normal 0.866019 0.500011 0
    outer loop
      vertex -18 125.573 0
      vertex -23 134.233 -3
      vertex -23 134.233 0
    endloop
  endfacet
  facet normal 0.866019 0.500011 0
    outer loop
      vertex -23 134.233 -3
      vertex -18 125.573 0
      vertex -18 125.573 -3
    endloop
  endfacet
  facet normal -0.866019 0.500011 0
    outer loop
      vertex -18 125.573 -3
      vertex -13 134.233 0
      vertex -13 134.233 -3
    endloop
  endfacet
  facet normal -0.866019 0.500011 0
    outer loop
      vertex -13 134.233 0
      vertex -18 125.573 -3
      vertex -18 125.573 0
    endloop
  endfacet
  facet normal -1 0 0
    outer loop
      vertex -25 134.233 -3
      vertex -25 138.913 0
      vertex -25 138.913 -3
    endloop
  endfacet
  facet normal -1 -0 0
    outer loop
      vertex -25 138.913 0
      vertex -25 134.233 -3
      vertex -25 134.233 0
    endloop
  endfacet
  facet normal -0.866019 -0.500011 0
    outer loop
      vertex -25 138.913 -3
      vertex -30 147.573 0
      vertex -30 147.573 -3
    endloop
  endfacet
  facet normal -0.866019 -0.500011 0
    outer loop
      vertex -30 147.573 0
      vertex -25 138.913 -3
      vertex -25 138.913 0
    endloop
  endfacet
  facet normal 0.866019 -0.500011 0
    outer loop
      vertex -35 138.913 0
      vertex -30 147.573 -3
      vertex -30 147.573 0
    endloop
  endfacet
  facet normal 0.866019 -0.500011 0
    outer loop
      vertex -30 147.573 -3
      vertex -35 138.913 0
      vertex -35 138.913 -3
    endloop
  endfacet
  facet normal 1 -0 0
    outer loop
      vertex -35 134.233 0
      vertex -35 138.913 -3
      vertex -35 138.913 0
    endloop
  endfacet
  facet normal 1 0 0
    outer loop
      vertex -35 138.913 -3
      vertex -35 134.233 0
      vertex -35 134.233 -3
    endloop
  endfacet
  facet normal 0.866019 0.500011 0
    outer loop
      vertex -30 125.573 0
      vertex -35 134.233 -3
      vertex -35 134.233 0
    endloop
  endfacet
  facet normal 0.866019 0.500011 0
    outer loop
      vertex -35 134.233 -3
      vertex -30 125.573 0
      vertex -30 125.573 -3
    endloop
  endfacet
  facet normal -0.866019 0.500011 0
    outer loop
      vertex -30 125.573 -3
      vertex -25 134.233 0
      vertex -25 134.233 -3
    endloop
  endfacet
  facet normal -0.866019 0.500011 0
    outer loop
      vertex -25 134.233 0
      vertex -30 125.573 -3
      vertex -30 125.573 0
    endloop
  endfacet
  facet normal -1 0 0
    outer loop
      vertex 29 118.626 -3
      vertex 29 123.305 0
      vertex 29 123.305 -3
    endloop
  endfacet
  facet normal -1 -0 0
    outer loop
      vertex 29 123.305 0
      vertex 29 118.626 -3
      vertex 29 118.626 0
    endloop
  endfacet
  facet normal -0.866019 -0.500011 0
    outer loop
      vertex 29 123.305 -3
      vertex 24 131.965 0
      vertex 24 131.965 -3
    endloop
  endfacet
  facet normal -0.866019 -0.500011 0
    outer loop
      vertex 24 131.965 0
      vertex 29 123.305 -3
      vertex 29 123.305 0
    endloop
  endfacet
  facet normal 0.866019 -0.500011 0
    outer loop
      vertex 19 123.305 0
      vertex 24 131.965 -3
      vertex 24 131.965 0
    endloop
  endfacet
  facet normal 0.866019 -0.500011 0
    outer loop
      vertex 24 131.965 -3
      vertex 19 123.305 0
      vertex 19 123.305 -3
    endloop
  endfacet
  facet normal 1 -0 0
    outer loop
      vertex 19 118.626 0
      vertex 19 123.305 -3
      vertex 19 123.305 0
    endloop
  endfacet
  facet normal 1 0 0
    outer loop
      vertex 19 123.305 -3
      vertex 19 118.626 0
      vertex 19 118.626 -3
    endloop
  endfacet
  facet normal 0.866044 0.499968 0
    outer loop
      vertex 24 109.965 0
      vertex 19 118.626 -3
      vertex 19 118.626 0
    endloop
  endfacet
  facet normal 0.866044 0.499968 0
    outer loop
      vertex 19 118.626 -3
      vertex 24 109.965 0
      vertex 24 109.965 -3
    endloop
  endfacet
  facet normal -0.866044 0.499968 0
    outer loop
      vertex 24 109.965 -3
      vertex 29 118.626 0
      vertex 29 118.626 -3
    endloop
  endfacet
  facet normal -0.866044 0.499968 0
    outer loop
      vertex 29 118.626 0
      vertex 24 109.965 -3
      vertex 24 109.965 0
    endloop
  endfacet
  facet normal -1 0 0
    outer loop
      vertex -19 118.626 -3
      vertex -19 123.305 0
      vertex -19 123.305 -3
    endloop
  endfacet
  facet normal -1 -0 0
    outer loop
      vertex -19 123.305 0
      vertex -19 118.626 -3
      vertex -19 118.626 0
    endloop
  endfacet
  facet normal -0.866019 -0.500011 0
    outer loop
      vertex -19 123.305 -3
      vertex -24 131.965 0
      vertex -24 131.965 -3
    endloop
  endfacet
  facet normal -0.866019 -0.500011 0
    outer loop
      vertex -24 131.965 0
      vertex -19 123.305 -3
      vertex -19 123.305 0
    endloop
  endfacet
  facet normal 0.866019 -0.500011 0
    outer loop
      vertex -29 123.305 0
      vertex -24 131.965 -3
      vertex -24 131.965 0
    endloop
  endfacet
  facet normal 0.866019 -0.500011 0
    outer loop
      vertex -24 131.965 -3
      vertex -29 123.305 0
      vertex -29 123.305 -3
    endloop
  endfacet
  facet normal 1 -0 0
    outer loop
      vertex -29 118.626 0
      vertex -29 123.305 -3
      vertex -29 123.305 0
    endloop
  endfacet
  facet normal 1 0 0
    outer loop
      vertex -29 123.305 -3
      vertex -29 118.626 0
      vertex -29 118.626 -3
    endloop
  endfacet
  facet normal 0.866044 0.499968 0
    outer loop
      vertex -24 109.965 0
      vertex -29 118.626 -3
      vertex -29 118.626 0
    endloop
  endfacet
  facet normal 0.866044 0.499968 0
    outer loop
      vertex -29 118.626 -3
      vertex -24 109.965 0
      vertex -24 109.965 -3
    endloop
  endfacet
  facet normal -0.866044 0.499968 0
    outer loop
      vertex -24 109.965 -3
      vertex -19 118.626 0
      vertex -19 118.626 -3
    endloop
  endfacet
  facet normal -0.866044 0.499968 0
    outer loop
      vertex -19 118.626 0
      vertex -24 109.965 -3
      vertex -24 109.965 0
    endloop
  endfacet
  facet normal -1 0 0
    outer loop
      vertex -7 118.626 -3
      vertex -7 123.305 0
      vertex -7 123.305 -3
    endloop
  endfacet
  facet normal -1 -0 0
    outer loop
      vertex -7 123.305 0
      vertex -7 118.626 -3
      vertex -7 118.626 0
    endloop
  endfacet
  facet normal -0.866019 -0.500011 0
    outer loop
      vertex -7 123.305 -3
      vertex -12 131.965 0
      vertex -12 131.965 -3
    endloop
  endfacet
  facet normal -0.866019 -0.500011 0
    outer loop
      vertex -12 131.965 0
      vertex -7 123.305 -3
      vertex -7 123.305 0
    endloop
  endfacet
  facet normal 0.866019 -0.500011 0
    outer loop
      vertex -17 123.305 0
      vertex -12 131.965 -3
      vertex -12 131.965 0
    endloop
  endfacet
  facet normal 0.866019 -0.500011 0
    outer loop
      vertex -12 131.965 -3
      vertex -17 123.305 0
      vertex -17 123.305 -3
    endloop
  endfacet
  facet normal 1 -0 0
    outer loop
      vertex -17 118.626 0
      vertex -17 123.305 -3
      vertex -17 123.305 0
    endloop
  endfacet
  facet normal 1 0 0
    outer loop
      vertex -17 123.305 -3
      vertex -17 118.626 0
      vertex -17 118.626 -3
    endloop
  endfacet
  facet normal 0.866044 0.499968 0
    outer loop
      vertex -12 109.965 0
      vertex -17 118.626 -3
      vertex -17 118.626 0
    endloop
  endfacet
  facet normal 0.866044 0.499968 0
    outer loop
      vertex -17 118.626 -3
      vertex -12 109.965 0
      vertex -12 109.965 -3
    endloop
  endfacet
  facet normal -0.866044 0.499968 0
    outer loop
      vertex -12 109.965 -3
      vertex -7 118.626 0
      vertex -7 118.626 -3
    endloop
  endfacet
  facet normal -0.866044 0.499968 0
    outer loop
      vertex -7 118.626 0
      vertex -12 109.965 -3
      vertex -12 109.965 0
    endloop
  endfacet
  facet normal -1 0 0
    outer loop
      vertex 5 118.626 -3
      vertex 5 123.305 0
      vertex 5 123.305 -3
    endloop
  endfacet
  facet normal -1 -0 0
    outer loop
      vertex 5 123.305 0
      vertex 5 118.626 -3
      vertex 5 118.626 0
    endloop
  endfacet
  facet normal -0.866019 -0.500011 0
    outer loop
      vertex 5 123.305 -3
      vertex 0 131.965 0
      vertex 0 131.965 -3
    endloop
  endfacet
  facet normal -0.866019 -0.500011 0
    outer loop
      vertex 0 131.965 0
      vertex 5 123.305 -3
      vertex 5 123.305 0
    endloop
  endfacet
  facet normal 0.866019 -0.500011 0
    outer loop
      vertex -5 123.305 0
      vertex 0 131.965 -3
      vertex 0 131.965 0
    endloop
  endfacet
  facet normal 0.866019 -0.500011 0
    outer loop
      vertex 0 131.965 -3
      vertex -5 123.305 0
      vertex -5 123.305 -3
    endloop
  endfacet
  facet normal 1 -0 0
    outer loop
      vertex -5 118.626 0
      vertex -5 123.305 -3
      vertex -5 123.305 0
    endloop
  endfacet
  facet normal 1 0 0
    outer loop
      vertex -5 123.305 -3
      vertex -5 118.626 0
      vertex -5 118.626 -3
    endloop
  endfacet
  facet normal 0.866044 0.499968 0
    outer loop
      vertex 0 109.965 0
      vertex -5 118.626 -3
      vertex -5 118.626 0
    endloop
  endfacet
  facet normal 0.866044 0.499968 0
    outer loop
      vertex -5 118.626 -3
      vertex 0 109.965 0
      vertex 0 109.965 -3
    endloop
  endfacet
  facet normal -0.866044 0.499968 0
    outer loop
      vertex 0 109.965 -3
      vertex 5 118.626 0
      vertex 5 118.626 -3
    endloop
  endfacet
  facet normal -0.866044 0.499968 0
    outer loop
      vertex 5 118.626 0
      vertex 0 109.965 -3
      vertex 0 109.965 0
    endloop
  endfacet
  facet normal -1 0 0
    outer loop
      vertex 17 118.626 -3
      vertex 17 123.305 0
      vertex 17 123.305 -3
    endloop
  endfacet
  facet normal -1 -0 0
    outer loop
      vertex 17 123.305 0
      vertex 17 118.626 -3
      vertex 17 118.626 0
    endloop
  endfacet
  facet normal -0.866019 -0.500011 0
    outer loop
      vertex 17 123.305 -3
      vertex 12 131.965 0
      vertex 12 131.965 -3
    endloop
  endfacet
  facet normal -0.866019 -0.500011 0
    outer loop
      vertex 12 131.965 0
      vertex 17 123.305 -3
      vertex 17 123.305 0
    endloop
  endfacet
  facet normal 0.866019 -0.500011 0
    outer loop
      vertex 7 123.305 0
      vertex 12 131.965 -3
      vertex 12 131.965 0
    endloop
  endfacet
  facet normal 0.866019 -0.500011 0
    outer loop
      vertex 12 131.965 -3
      vertex 7 123.305 0
      vertex 7 123.305 -3
    endloop
  endfacet
  facet normal 1 -0 0
    outer loop
      vertex 7 118.626 0
      vertex 7 123.305 -3
      vertex 7 123.305 0
    endloop
  endfacet
  facet normal 1 0 0
    outer loop
      vertex 7 123.305 -3
      vertex 7 118.626 0
      vertex 7 118.626 -3
    endloop
  endfacet
  facet normal 0.866044 0.499968 0
    outer loop
      vertex 12 109.965 0
      vertex 7 118.626 -3
      vertex 7 118.626 0
    endloop
  endfacet
  facet normal 0.866044 0.499968 0
    outer loop
      vertex 7 118.626 -3
      vertex 12 109.965 0
      vertex 12 109.965 -3
    endloop
  endfacet
  facet normal -0.866044 0.499968 0
    outer loop
      vertex 12 109.965 -3
      vertex 17 118.626 0
      vertex 17 118.626 -3
    endloop
  endfacet
  facet normal -0.866044 0.499968 0
    outer loop
      vertex 17 118.626 0
      vertex 12 109.965 -3
      vertex 12 109.965 0
    endloop
  endfacet
  facet normal -1 0 0
    outer loop
      vertex 35 103.018 -3
      vertex 35 107.697 0
      vertex 35 107.697 -3
    endloop
  endfacet
  facet normal -1 -0 0
    outer loop
      vertex 35 107.697 0
      vertex 35 103.018 -3
      vertex 35 103.018 0
    endloop
  endfacet
  facet normal -0.866044 -0.499968 0
    outer loop
      vertex 35 107.697 -3
      vertex 30 116.358 0
      vertex 30 116.358 -3
    endloop
  endfacet
  facet normal -0.866044 -0.499968 0
    outer loop
      vertex 30 116.358 0
      vertex 35 107.697 -3
      vertex 35 107.697 0
    endloop
  endfacet
  facet normal 0.866044 -0.499968 0
    outer loop
      vertex 25 107.697 0
      vertex 30 116.358 -3
      vertex 30 116.358 0
    endloop
  endfacet
  facet normal 0.866044 -0.499968 0
    outer loop
      vertex 30 116.358 -3
      vertex 25 107.697 0
      vertex 25 107.697 -3
    endloop
  endfacet
  facet normal 1 -0 0
    outer loop
      vertex 25 103.018 0
      vertex 25 107.697 -3
      vertex 25 107.697 0
    endloop
  endfacet
  facet normal 1 0 0
    outer loop
      vertex 25 107.697 -3
      vertex 25 103.018 0
      vertex 25 103.018 -3
    endloop
  endfacet
  facet normal 0.866027 0.499998 0
    outer loop
      vertex 30 94.3577 0
      vertex 25 103.018 -3
      vertex 25 103.018 0
    endloop
  endfacet
  facet normal 0.866027 0.499998 0
    outer loop
      vertex 25 103.018 -3
      vertex 30 94.3577 0
      vertex 30 94.3577 -3
    endloop
  endfacet
  facet normal -0.866027 0.499998 0
    outer loop
      vertex 30 94.3577 -3
      vertex 35 103.018 0
      vertex 35 103.018 -3
    endloop
  endfacet
  facet normal -0.866027 0.499998 0
    outer loop
      vertex 35 103.018 0
      vertex 30 94.3577 -3
      vertex 30 94.3577 0
    endloop
  endfacet
  facet normal -1 0 0
    outer loop
      vertex 23 103.018 -3
      vertex 23 107.697 0
      vertex 23 107.697 -3
    endloop
  endfacet
  facet normal -1 -0 0
    outer loop
      vertex 23 107.697 0
      vertex 23 103.018 -3
      vertex 23 103.018 0
    endloop
  endfacet
  facet normal -0.866044 -0.499968 0
    outer loop
      vertex 23 107.697 -3
      vertex 18 116.358 0
      vertex 18 116.358 -3
    endloop
  endfacet
  facet normal -0.866044 -0.499968 0
    outer loop
      vertex 18 116.358 0
      vertex 23 107.697 -3
      vertex 23 107.697 0
    endloop
  endfacet
  facet normal 0.866044 -0.499968 0
    outer loop
      vertex 13 107.697 0
      vertex 18 116.358 -3
      vertex 18 116.358 0
    endloop
  endfacet
  facet normal 0.866044 -0.499968 0
    outer loop
      vertex 18 116.358 -3
      vertex 13 107.697 0
      vertex 13 107.697 -3
    endloop
  endfacet
  facet normal 1 -0 0
    outer loop
      vertex 13 103.018 0
      vertex 13 107.697 -3
      vertex 13 107.697 0
    endloop
  endfacet
  facet normal 1 0 0
    outer loop
      vertex 13 107.697 -3
      vertex 13 103.018 0
      vertex 13 103.018 -3
    endloop
  endfacet
  facet normal 0.866027 0.499998 0
    outer loop
      vertex 18 94.3577 0
      vertex 13 103.018 -3
      vertex 13 103.018 0
    endloop
  endfacet
  facet normal 0.866027 0.499998 0
    outer loop
      vertex 13 103.018 -3
      vertex 18 94.3577 0
      vertex 18 94.3577 -3
    endloop
  endfacet
  facet normal -0.866027 0.499998 0
    outer loop
      vertex 18 94.3577 -3
      vertex 23 103.018 0
      vertex 23 103.018 -3
    endloop
  endfacet
  facet normal -0.866027 0.499998 0
    outer loop
      vertex 23 103.018 0
      vertex 18 94.3577 -3
      vertex 18 94.3577 0
    endloop
  endfacet
  facet normal -1 0 0
    outer loop
      vertex 11 103.018 -3
      vertex 11 107.697 0
      vertex 11 107.697 -3
    endloop
  endfacet
  facet normal -1 -0 0
    outer loop
      vertex 11 107.697 0
      vertex 11 103.018 -3
      vertex 11 103.018 0
    endloop
  endfacet
  facet normal -0.866044 -0.499968 0
    outer loop
      vertex 11 107.697 -3
      vertex 6 116.358 0
      vertex 6 116.358 -3
    endloop
  endfacet
  facet normal -0.866044 -0.499968 0
    outer loop
      vertex 6 116.358 0
      vertex 11 107.697 -3
      vertex 11 107.697 0
    endloop
  endfacet
  facet normal 0.866044 -0.499968 0
    outer loop
      vertex 1 107.697 0
      vertex 6 116.358 -3
      vertex 6 116.358 0
    endloop
  endfacet
  facet normal 0.866044 -0.499968 0
    outer loop
      vertex 6 116.358 -3
      vertex 1 107.697 0
      vertex 1 107.697 -3
    endloop
  endfacet
  facet normal 1 -0 0
    outer loop
      vertex 1 103.018 0
      vertex 1 107.697 -3
      vertex 1 107.697 0
    endloop
  endfacet
  facet normal 1 0 0
    outer loop
      vertex 1 107.697 -3
      vertex 1 103.018 0
      vertex 1 103.018 -3
    endloop
  endfacet
  facet normal 0.866027 0.499998 0
    outer loop
      vertex 6 94.3577 0
      vertex 1 103.018 -3
      vertex 1 103.018 0
    endloop
  endfacet
  facet normal 0.866027 0.499998 0
    outer loop
      vertex 1 103.018 -3
      vertex 6 94.3577 0
      vertex 6 94.3577 -3
    endloop
  endfacet
  facet normal -0.866027 0.499998 0
    outer loop
      vertex 6 94.3577 -3
      vertex 11 103.018 0
      vertex 11 103.018 -3
    endloop
  endfacet
  facet normal -0.866027 0.499998 0
    outer loop
      vertex 11 103.018 0
      vertex 6 94.3577 -3
      vertex 6 94.3577 0
    endloop
  endfacet
  facet normal -1 0 0
    outer loop
      vertex -1 103.018 -3
      vertex -1 107.697 0
      vertex -1 107.697 -3
    endloop
  endfacet
  facet normal -1 -0 0
    outer loop
      vertex -1 107.697 0
      vertex -1 103.018 -3
      vertex -1 103.018 0
    endloop
  endfacet
  facet normal -0.866044 -0.499968 0
    outer loop
      vertex -1 107.697 -3
      vertex -6 116.358 0
      vertex -6 116.358 -3
    endloop
  endfacet
  facet normal -0.866044 -0.499968 0
    outer loop
      vertex -6 116.358 0
      vertex -1 107.697 -3
      vertex -1 107.697 0
    endloop
  endfacet
  facet normal 0.866044 -0.499968 0
    outer loop
      vertex -11 107.697 0
      vertex -6 116.358 -3
      vertex -6 116.358 0
    endloop
  endfacet
  facet normal 0.866044 -0.499968 0
    outer loop
      vertex -6 116.358 -3
      vertex -11 107.697 0
      vertex -11 107.697 -3
    endloop
  endfacet
  facet normal 1 -0 0
    outer loop
      vertex -11 103.018 0
      vertex -11 107.697 -3
      vertex -11 107.697 0
    endloop
  endfacet
  facet normal 1 0 0
    outer loop
      vertex -11 107.697 -3
      vertex -11 103.018 0
      vertex -11 103.018 -3
    endloop
  endfacet
  facet normal 0.866027 0.499998 0
    outer loop
      vertex -6 94.3577 0
      vertex -11 103.018 -3
      vertex -11 103.018 0
    endloop
  endfacet
  facet normal 0.866027 0.499998 0
    outer loop
      vertex -11 103.018 -3
      vertex -6 94.3577 0
      vertex -6 94.3577 -3
    endloop
  endfacet
  facet normal -0.866027 0.499998 0
    outer loop
      vertex -6 94.3577 -3
      vertex -1 103.018 0
      vertex -1 103.018 -3
    endloop
  endfacet
  facet normal -0.866027 0.499998 0
    outer loop
      vertex -1 103.018 0
      vertex -6 94.3577 -3
      vertex -6 94.3577 0
    endloop
  endfacet
  facet normal -1 0 0
    outer loop
      vertex -13 103.018 -3
      vertex -13 107.697 0
      vertex -13 107.697 -3
    endloop
  endfacet
  facet normal -1 -0 0
    outer loop
      vertex -13 107.697 0
      vertex -13 103.018 -3
      vertex -13 103.018 0
    endloop
  endfacet
  facet normal -0.866044 -0.499968 0
    outer loop
      vertex -13 107.697 -3
      vertex -18 116.358 0
      vertex -18 116.358 -3
    endloop
  endfacet
  facet normal -0.866044 -0.499968 0
    outer loop
      vertex -18 116.358 0
      vertex -13 107.697 -3
      vertex -13 107.697 0
    endloop
  endfacet
  facet normal 0.866044 -0.499968 0
    outer loop
      vertex -23 107.697 0
      vertex -18 116.358 -3
      vertex -18 116.358 0
    endloop
  endfacet
  facet normal 0.866044 -0.499968 0
    outer loop
      vertex -18 116.358 -3
      vertex -23 107.697 0
      vertex -23 107.697 -3
    endloop
  endfacet
  facet normal 1 -0 0
    outer loop
      vertex -23 103.018 0
      vertex -23 107.697 -3
      vertex -23 107.697 0
    endloop
  endfacet
  facet normal 1 0 0
    outer loop
      vertex -23 107.697 -3
      vertex -23 103.018 0
      vertex -23 103.018 -3
    endloop
  endfacet
  facet normal 0.866027 0.499998 0
    outer loop
      vertex -18 94.3577 0
      vertex -23 103.018 -3
      vertex -23 103.018 0
    endloop
  endfacet
  facet normal 0.866027 0.499998 0
    outer loop
      vertex -23 103.018 -3
      vertex -18 94.3577 0
      vertex -18 94.3577 -3
    endloop
  endfacet
  facet normal -0.866027 0.499998 0
    outer loop
      vertex -18 94.3577 -3
      vertex -13 103.018 0
      vertex -13 103.018 -3
    endloop
  endfacet
  facet normal -0.866027 0.499998 0
    outer loop
      vertex -13 103.018 0
      vertex -18 94.3577 -3
      vertex -18 94.3577 0
    endloop
  endfacet
  facet normal -1 0 0
    outer loop
      vertex -25 103.018 -3
      vertex -25 107.697 0
      vertex -25 107.697 -3
    endloop
  endfacet
  facet normal -1 -0 0
    outer loop
      vertex -25 107.697 0
      vertex -25 103.018 -3
      vertex -25 103.018 0
    endloop
  endfacet
  facet normal -0.866044 -0.499968 0
    outer loop
      vertex -25 107.697 -3
      vertex -30 116.358 0
      vertex -30 116.358 -3
    endloop
  endfacet
  facet normal -0.866044 -0.499968 0
    outer loop
      vertex -30 116.358 0
      vertex -25 107.697 -3
      vertex -25 107.697 0
    endloop
  endfacet
  facet normal 0.866044 -0.499968 0
    outer loop
      vertex -35 107.697 0
      vertex -30 116.358 -3
      vertex -30 116.358 0
    endloop
  endfacet
  facet normal 0.866044 -0.499968 0
    outer loop
      vertex -30 116.358 -3
      vertex -35 107.697 0
      vertex -35 107.697 -3
    endloop
  endfacet
  facet normal 1 -0 0
    outer loop
      vertex -35 103.018 0
      vertex -35 107.697 -3
      vertex -35 107.697 0
    endloop
  endfacet
  facet normal 1 0 0
    outer loop
      vertex -35 107.697 -3
      vertex -35 103.018 0
      vertex -35 103.018 -3
    endloop
  endfacet
  facet normal 0.866027 0.499998 0
    outer loop
      vertex -30 94.3577 0
      vertex -35 103.018 -3
      vertex -35 103.018 0
    endloop
  endfacet
  facet normal 0.866027 0.499998 0
    outer loop
      vertex -35 103.018 -3
      vertex -30 94.3577 0
      vertex -30 94.3577 -3
    endloop
  endfacet
  facet normal -0.866027 0.499998 0
    outer loop
      vertex -30 94.3577 -3
      vertex -25 103.018 0
      vertex -25 103.018 -3
    endloop
  endfacet
  facet normal -0.866027 0.499998 0
    outer loop
      vertex -25 103.018 0
      vertex -30 94.3577 -3
      vertex -30 94.3577 0
    endloop
  endfacet
  facet normal -1 0 0
    outer loop
      vertex 5 87.4103 -3
      vertex 5 92.0897 0
      vertex 5 92.0897 -3
    endloop
  endfacet
  facet normal -1 -0 0
    outer loop
      vertex 5 92.0897 0
      vertex 5 87.4103 -3
      vertex 5 87.4103 0
    endloop
  endfacet
  facet normal -0.866027 -0.499998 0
    outer loop
      vertex 5 92.0897 -3
      vertex 0 100.75 0
      vertex 0 100.75 -3
    endloop
  endfacet
  facet normal -0.866027 -0.499998 0
    outer loop
      vertex 0 100.75 0
      vertex 5 92.0897 -3
      vertex 5 92.0897 0
    endloop
  endfacet
  facet normal 0.866027 -0.499998 0
    outer loop
      vertex -5 92.0897 0
      vertex 0 100.75 -3
      vertex 0 100.75 0
    endloop
  endfacet
  facet normal 0.866027 -0.499998 0
    outer loop
      vertex 0 100.75 -3
      vertex -5 92.0897 0
      vertex -5 92.0897 -3
    endloop
  endfacet
  facet normal 1 -0 0
    outer loop
      vertex -5 87.4103 0
      vertex -5 92.0897 -3
      vertex -5 92.0897 0
    endloop
  endfacet
  facet normal 1 0 0
    outer loop
      vertex -5 92.0897 -3
      vertex -5 87.4103 0
      vertex -5 87.4103 -3
    endloop
  endfacet
  facet normal 0.866027 0.499998 0
    outer loop
      vertex 0 78.75 0
      vertex -5 87.4103 -3
      vertex -5 87.4103 0
    endloop
  endfacet
  facet normal 0.866027 0.499998 0
    outer loop
      vertex -5 87.4103 -3
      vertex 0 78.75 0
      vertex 0 78.75 -3
    endloop
  endfacet
  facet normal -0.866027 0.499998 0
    outer loop
      vertex 0 78.75 -3
      vertex 5 87.4103 0
      vertex 5 87.4103 -3
    endloop
  endfacet
  facet normal -0.866027 0.499998 0
    outer loop
      vertex 5 87.4103 0
      vertex 0 78.75 -3
      vertex 0 78.75 0
    endloop
  endfacet
  facet normal -1 0 0
    outer loop
      vertex 29 87.4103 -3
      vertex 29 92.0897 0
      vertex 29 92.0897 -3
    endloop
  endfacet
  facet normal -1 -0 0
    outer loop
      vertex 29 92.0897 0
      vertex 29 87.4103 -3
      vertex 29 87.4103 0
    endloop
  endfacet
  facet normal -0.866027 -0.499998 0
    outer loop
      vertex 29 92.0897 -3
      vertex 24 100.75 0
      vertex 24 100.75 -3
    endloop
  endfacet
  facet normal -0.866027 -0.499998 0
    outer loop
      vertex 24 100.75 0
      vertex 29 92.0897 -3
      vertex 29 92.0897 0
    endloop
  endfacet
  facet normal 0.866027 -0.499998 0
    outer loop
      vertex 19 92.0897 0
      vertex 24 100.75 -3
      vertex 24 100.75 0
    endloop
  endfacet
  facet normal 0.866027 -0.499998 0
    outer loop
      vertex 24 100.75 -3
      vertex 19 92.0897 0
      vertex 19 92.0897 -3
    endloop
  endfacet
  facet normal 1 -0 0
    outer loop
      vertex 19 87.4103 0
      vertex 19 92.0897 -3
      vertex 19 92.0897 0
    endloop
  endfacet
  facet normal 1 0 0
    outer loop
      vertex 19 92.0897 -3
      vertex 19 87.4103 0
      vertex 19 87.4103 -3
    endloop
  endfacet
  facet normal 0.866027 0.499998 0
    outer loop
      vertex 24 78.75 0
      vertex 19 87.4103 -3
      vertex 19 87.4103 0
    endloop
  endfacet
  facet normal 0.866027 0.499998 0
    outer loop
      vertex 19 87.4103 -3
      vertex 24 78.75 0
      vertex 24 78.75 -3
    endloop
  endfacet
  facet normal -0.866027 0.499998 0
    outer loop
      vertex 24 78.75 -3
      vertex 29 87.4103 0
      vertex 29 87.4103 -3
    endloop
  endfacet
  facet normal -0.866027 0.499998 0
    outer loop
      vertex 29 87.4103 0
      vertex 24 78.75 -3
      vertex 24 78.75 0
    endloop
  endfacet
  facet normal -1 0 0
    outer loop
      vertex 17 87.4103 -3
      vertex 17 92.0897 0
      vertex 17 92.0897 -3
    endloop
  endfacet
  facet normal -1 -0 0
    outer loop
      vertex 17 92.0897 0
      vertex 17 87.4103 -3
      vertex 17 87.4103 0
    endloop
  endfacet
  facet normal -0.866027 -0.499998 0
    outer loop
      vertex 17 92.0897 -3
      vertex 12 100.75 0
      vertex 12 100.75 -3
    endloop
  endfacet
  facet normal -0.866027 -0.499998 0
    outer loop
      vertex 12 100.75 0
      vertex 17 92.0897 -3
      vertex 17 92.0897 0
    endloop
  endfacet
  facet normal 0.866027 -0.499998 0
    outer loop
      vertex 7 92.0897 0
      vertex 12 100.75 -3
      vertex 12 100.75 0
    endloop
  endfacet
  facet normal 0.866027 -0.499998 0
    outer loop
      vertex 12 100.75 -3
      vertex 7 92.0897 0
      vertex 7 92.0897 -3
    endloop
  endfacet
  facet normal 1 -0 0
    outer loop
      vertex 7 87.4103 0
      vertex 7 92.0897 -3
      vertex 7 92.0897 0
    endloop
  endfacet
  facet normal 1 0 0
    outer loop
      vertex 7 92.0897 -3
      vertex 7 87.4103 0
      vertex 7 87.4103 -3
    endloop
  endfacet
  facet normal 0.866027 0.499998 0
    outer loop
      vertex 12 78.75 0
      vertex 7 87.4103 -3
      vertex 7 87.4103 0
    endloop
  endfacet
  facet normal 0.866027 0.499998 0
    outer loop
      vertex 7 87.4103 -3
      vertex 12 78.75 0
      vertex 12 78.75 -3
    endloop
  endfacet
  facet normal -0.866027 0.499998 0
    outer loop
      vertex 12 78.75 -3
      vertex 17 87.4103 0
      vertex 17 87.4103 -3
    endloop
  endfacet
  facet normal -0.866027 0.499998 0
    outer loop
      vertex 17 87.4103 0
      vertex 12 78.75 -3
      vertex 12 78.75 0
    endloop
  endfacet
  facet normal -1 0 0
    outer loop
      vertex -7 87.4103 -3
      vertex -7 92.0897 0
      vertex -7 92.0897 -3
    endloop
  endfacet
  facet normal -1 -0 0
    outer loop
      vertex -7 92.0897 0
      vertex -7 87.4103 -3
      vertex -7 87.4103 0
    endloop
  endfacet
  facet normal -0.866027 -0.499998 0
    outer loop
      vertex -7 92.0897 -3
      vertex -12 100.75 0
      vertex -12 100.75 -3
    endloop
  endfacet
  facet normal -0.866027 -0.499998 0
    outer loop
      vertex -12 100.75 0
      vertex -7 92.0897 -3
      vertex -7 92.0897 0
    endloop
  endfacet
  facet normal 0.866027 -0.499998 0
    outer loop
      vertex -17 92.0897 0
      vertex -12 100.75 -3
      vertex -12 100.75 0
    endloop
  endfacet
  facet normal 0.866027 -0.499998 0
    outer loop
      vertex -12 100.75 -3
      vertex -17 92.0897 0
      vertex -17 92.0897 -3
    endloop
  endfacet
  facet normal 1 -0 0
    outer loop
      vertex -17 87.4103 0
      vertex -17 92.0897 -3
      vertex -17 92.0897 0
    endloop
  endfacet
  facet normal 1 0 0
    outer loop
      vertex -17 92.0897 -3
      vertex -17 87.4103 0
      vertex -17 87.4103 -3
    endloop
  endfacet
  facet normal 0.866027 0.499998 0
    outer loop
      vertex -12 78.75 0
      vertex -17 87.4103 -3
      vertex -17 87.4103 0
    endloop
  endfacet
  facet normal 0.866027 0.499998 0
    outer loop
      vertex -17 87.4103 -3
      vertex -12 78.75 0
      vertex -12 78.75 -3
    endloop
  endfacet
  facet normal -0.866027 0.499998 0
    outer loop
      vertex -12 78.75 -3
      vertex -7 87.4103 0
      vertex -7 87.4103 -3
    endloop
  endfacet
  facet normal -0.866027 0.499998 0
    outer loop
      vertex -7 87.4103 0
      vertex -12 78.75 -3
      vertex -12 78.75 0
    endloop
  endfacet
  facet normal -1 0 0
    outer loop
      vertex -19 87.4103 -3
      vertex -19 92.0897 0
      vertex -19 92.0897 -3
    endloop
  endfacet
  facet normal -1 -0 0
    outer loop
      vertex -19 92.0897 0
      vertex -19 87.4103 -3
      vertex -19 87.4103 0
    endloop
  endfacet
  facet normal -0.866027 -0.499998 0
    outer loop
      vertex -19 92.0897 -3
      vertex -24 100.75 0
      vertex -24 100.75 -3
    endloop
  endfacet
  facet normal -0.866027 -0.499998 0
    outer loop
      vertex -24 100.75 0
      vertex -19 92.0897 -3
      vertex -19 92.0897 0
    endloop
  endfacet
  facet normal 0.866027 -0.499998 0
    outer loop
      vertex -29 92.0897 0
      vertex -24 100.75 -3
      vertex -24 100.75 0
    endloop
  endfacet
  facet normal 0.866027 -0.499998 0
    outer loop
      vertex -24 100.75 -3
      vertex -29 92.0897 0
      vertex -29 92.0897 -3
    endloop
  endfacet
  facet normal 1 -0 0
    outer loop
      vertex -29 87.4103 0
      vertex -29 92.0897 -3
      vertex -29 92.0897 0
    endloop
  endfacet
  facet normal 1 0 0
    outer loop
      vertex -29 92.0897 -3
      vertex -29 87.4103 0
      vertex -29 87.4103 -3
    endloop
  endfacet
  facet normal 0.866027 0.499998 0
    outer loop
      vertex -24 78.75 0
      vertex -29 87.4103 -3
      vertex -29 87.4103 0
    endloop
  endfacet
  facet normal 0.866027 0.499998 0
    outer loop
      vertex -29 87.4103 -3
      vertex -24 78.75 0
      vertex -24 78.75 -3
    endloop
  endfacet
  facet normal -0.866027 0.499998 0
    outer loop
      vertex -24 78.75 -3
      vertex -19 87.4103 0
      vertex -19 87.4103 -3
    endloop
  endfacet
  facet normal -0.866027 0.499998 0
    outer loop
      vertex -19 87.4103 0
      vertex -24 78.75 -3
      vertex -24 78.75 0
    endloop
  endfacet
  facet normal -1 0 0
    outer loop
      vertex 35 71.8026 -3
      vertex 35 76.482 0
      vertex 35 76.482 -3
    endloop
  endfacet
  facet normal -1 -0 0
    outer loop
      vertex 35 76.482 0
      vertex 35 71.8026 -3
      vertex 35 71.8026 0
    endloop
  endfacet
  facet normal -0.866027 -0.499998 0
    outer loop
      vertex 35 76.482 -3
      vertex 30 85.1423 0
      vertex 30 85.1423 -3
    endloop
  endfacet
  facet normal -0.866027 -0.499998 0
    outer loop
      vertex 30 85.1423 0
      vertex 35 76.482 -3
      vertex 35 76.482 0
    endloop
  endfacet
  facet normal 0.866027 -0.499998 0
    outer loop
      vertex 25 76.482 0
      vertex 30 85.1423 -3
      vertex 30 85.1423 0
    endloop
  endfacet
  facet normal 0.866027 -0.499998 0
    outer loop
      vertex 30 85.1423 -3
      vertex 25 76.482 0
      vertex 25 76.482 -3
    endloop
  endfacet
  facet normal 1 -0 0
    outer loop
      vertex 25 71.8026 0
      vertex 25 76.482 -3
      vertex 25 76.482 0
    endloop
  endfacet
  facet normal 1 0 0
    outer loop
      vertex 25 76.482 -3
      vertex 25 71.8026 0
      vertex 25 71.8026 -3
    endloop
  endfacet
  facet normal 0.866027 0.499998 0
    outer loop
      vertex 30 63.1423 0
      vertex 25 71.8026 -3
      vertex 25 71.8026 0
    endloop
  endfacet
  facet normal 0.866027 0.499998 0
    outer loop
      vertex 25 71.8026 -3
      vertex 30 63.1423 0
      vertex 30 63.1423 -3
    endloop
  endfacet
  facet normal -0.866027 0.499998 0
    outer loop
      vertex 30 63.1423 -3
      vertex 35 71.8026 0
      vertex 35 71.8026 -3
    endloop
  endfacet
  facet normal -0.866027 0.499998 0
    outer loop
      vertex 35 71.8026 0
      vertex 30 63.1423 -3
      vertex 30 63.1423 0
    endloop
  endfacet
  facet normal -1 0 0
    outer loop
      vertex 23 71.8026 -3
      vertex 23 76.482 0
      vertex 23 76.482 -3
    endloop
  endfacet
  facet normal -1 -0 0
    outer loop
      vertex 23 76.482 0
      vertex 23 71.8026 -3
      vertex 23 71.8026 0
    endloop
  endfacet
  facet normal -0.866027 -0.499998 0
    outer loop
      vertex 23 76.482 -3
      vertex 18 85.1423 0
      vertex 18 85.1423 -3
    endloop
  endfacet
  facet normal -0.866027 -0.499998 0
    outer loop
      vertex 18 85.1423 0
      vertex 23 76.482 -3
      vertex 23 76.482 0
    endloop
  endfacet
  facet normal 0.866027 -0.499998 0
    outer loop
      vertex 13 76.482 0
      vertex 18 85.1423 -3
      vertex 18 85.1423 0
    endloop
  endfacet
  facet normal 0.866027 -0.499998 0
    outer loop
      vertex 18 85.1423 -3
      vertex 13 76.482 0
      vertex 13 76.482 -3
    endloop
  endfacet
  facet normal 1 -0 0
    outer loop
      vertex 13 71.8026 0
      vertex 13 76.482 -3
      vertex 13 76.482 0
    endloop
  endfacet
  facet normal 1 0 0
    outer loop
      vertex 13 76.482 -3
      vertex 13 71.8026 0
      vertex 13 71.8026 -3
    endloop
  endfacet
  facet normal 0.866027 0.499998 0
    outer loop
      vertex 18 63.1423 0
      vertex 13 71.8026 -3
      vertex 13 71.8026 0
    endloop
  endfacet
  facet normal 0.866027 0.499998 0
    outer loop
      vertex 13 71.8026 -3
      vertex 18 63.1423 0
      vertex 18 63.1423 -3
    endloop
  endfacet
  facet normal -0.866027 0.499998 0
    outer loop
      vertex 18 63.1423 -3
      vertex 23 71.8026 0
      vertex 23 71.8026 -3
    endloop
  endfacet
  facet normal -0.866027 0.499998 0
    outer loop
      vertex 23 71.8026 0
      vertex 18 63.1423 -3
      vertex 18 63.1423 0
    endloop
  endfacet
  facet normal -1 0 0
    outer loop
      vertex 11 71.8026 -3
      vertex 11 76.482 0
      vertex 11 76.482 -3
    endloop
  endfacet
  facet normal -1 -0 0
    outer loop
      vertex 11 76.482 0
      vertex 11 71.8026 -3
      vertex 11 71.8026 0
    endloop
  endfacet
  facet normal -0.866027 -0.499998 0
    outer loop
      vertex 11 76.482 -3
      vertex 6 85.1423 0
      vertex 6 85.1423 -3
    endloop
  endfacet
  facet normal -0.866027 -0.499998 0
    outer loop
      vertex 6 85.1423 0
      vertex 11 76.482 -3
      vertex 11 76.482 0
    endloop
  endfacet
  facet normal 0.866027 -0.499998 0
    outer loop
      vertex 1 76.482 0
      vertex 6 85.1423 -3
      vertex 6 85.1423 0
    endloop
  endfacet
  facet normal 0.866027 -0.499998 0
    outer loop
      vertex 6 85.1423 -3
      vertex 1 76.482 0
      vertex 1 76.482 -3
    endloop
  endfacet
  facet normal 1 -0 0
    outer loop
      vertex 1 71.8026 0
      vertex 1 76.482 -3
      vertex 1 76.482 0
    endloop
  endfacet
  facet normal 1 0 0
    outer loop
      vertex 1 76.482 -3
      vertex 1 71.8026 0
      vertex 1 71.8026 -3
    endloop
  endfacet
  facet normal 0.866027 0.499998 0
    outer loop
      vertex 6 63.1423 0
      vertex 1 71.8026 -3
      vertex 1 71.8026 0
    endloop
  endfacet
  facet normal 0.866027 0.499998 0
    outer loop
      vertex 1 71.8026 -3
      vertex 6 63.1423 0
      vertex 6 63.1423 -3
    endloop
  endfacet
  facet normal -0.866027 0.499998 0
    outer loop
      vertex 6 63.1423 -3
      vertex 11 71.8026 0
      vertex 11 71.8026 -3
    endloop
  endfacet
  facet normal -0.866027 0.499998 0
    outer loop
      vertex 11 71.8026 0
      vertex 6 63.1423 -3
      vertex 6 63.1423 0
    endloop
  endfacet
  facet normal -1 0 0
    outer loop
      vertex -1 71.8026 -3
      vertex -1 76.482 0
      vertex -1 76.482 -3
    endloop
  endfacet
  facet normal -1 -0 0
    outer loop
      vertex -1 76.482 0
      vertex -1 71.8026 -3
      vertex -1 71.8026 0
    endloop
  endfacet
  facet normal -0.866027 -0.499998 0
    outer loop
      vertex -1 76.482 -3
      vertex -6 85.1423 0
      vertex -6 85.1423 -3
    endloop
  endfacet
  facet normal -0.866027 -0.499998 0
    outer loop
      vertex -6 85.1423 0
      vertex -1 76.482 -3
      vertex -1 76.482 0
    endloop
  endfacet
  facet normal 0.866027 -0.499998 0
    outer loop
      vertex -11 76.482 0
      vertex -6 85.1423 -3
      vertex -6 85.1423 0
    endloop
  endfacet
  facet normal 0.866027 -0.499998 0
    outer loop
      vertex -6 85.1423 -3
      vertex -11 76.482 0
      vertex -11 76.482 -3
    endloop
  endfacet
  facet normal 1 -0 0
    outer loop
      vertex -11 71.8026 0
      vertex -11 76.482 -3
      vertex -11 76.482 0
    endloop
  endfacet
  facet normal 1 0 0
    outer loop
      vertex -11 76.482 -3
      vertex -11 71.8026 0
      vertex -11 71.8026 -3
    endloop
  endfacet
  facet normal 0.866027 0.499998 0
    outer loop
      vertex -6 63.1423 0
      vertex -11 71.8026 -3
      vertex -11 71.8026 0
    endloop
  endfacet
  facet normal 0.866027 0.499998 0
    outer loop
      vertex -11 71.8026 -3
      vertex -6 63.1423 0
      vertex -6 63.1423 -3
    endloop
  endfacet
  facet normal -0.866027 0.499998 0
    outer loop
      vertex -6 63.1423 -3
      vertex -1 71.8026 0
      vertex -1 71.8026 -3
    endloop
  endfacet
  facet normal -0.866027 0.499998 0
    outer loop
      vertex -1 71.8026 0
      vertex -6 63.1423 -3
      vertex -6 63.1423 0
    endloop
  endfacet
  facet normal -1 0 0
    outer loop
      vertex -13 71.8026 -3
      vertex -13 76.482 0
      vertex -13 76.482 -3
    endloop
  endfacet
  facet normal -1 -0 0
    outer loop
      vertex -13 76.482 0
      vertex -13 71.8026 -3
      vertex -13 71.8026 0
    endloop
  endfacet
  facet normal -0.866027 -0.499998 0
    outer loop
      vertex -13 76.482 -3
      vertex -18 85.1423 0
      vertex -18 85.1423 -3
    endloop
  endfacet
  facet normal -0.866027 -0.499998 0
    outer loop
      vertex -18 85.1423 0
      vertex -13 76.482 -3
      vertex -13 76.482 0
    endloop
  endfacet
  facet normal 0.866027 -0.499998 0
    outer loop
      vertex -23 76.482 0
      vertex -18 85.1423 -3
      vertex -18 85.1423 0
    endloop
  endfacet
  facet normal 0.866027 -0.499998 0
    outer loop
      vertex -18 85.1423 -3
      vertex -23 76.482 0
      vertex -23 76.482 -3
    endloop
  endfacet
  facet normal 1 -0 0
    outer loop
      vertex -23 71.8026 0
      vertex -23 76.482 -3
      vertex -23 76.482 0
    endloop
  endfacet
  facet normal 1 0 0
    outer loop
      vertex -23 76.482 -3
      vertex -23 71.8026 0
      vertex -23 71.8026 -3
    endloop
  endfacet
  facet normal 0.866027 0.499998 0
    outer loop
      vertex -18 63.1423 0
      vertex -23 71.8026 -3
      vertex -23 71.8026 0
    endloop
  endfacet
  facet normal 0.866027 0.499998 0
    outer loop
      vertex -23 71.8026 -3
      vertex -18 63.1423 0
      vertex -18 63.1423 -3
    endloop
  endfacet
  facet normal -0.866027 0.499998 0
    outer loop
      vertex -18 63.1423 -3
      vertex -13 71.8026 0
      vertex -13 71.8026 -3
    endloop
  endfacet
  facet normal -0.866027 0.499998 0
    outer loop
      vertex -13 71.8026 0
      vertex -18 63.1423 -3
      vertex -18 63.1423 0
    endloop
  endfacet
  facet normal -1 0 0
    outer loop
      vertex -25 71.8026 -3
      vertex -25 76.482 0
      vertex -25 76.482 -3
    endloop
  endfacet
  facet normal -1 -0 0
    outer loop
      vertex -25 76.482 0
      vertex -25 71.8026 -3
      vertex -25 71.8026 0
    endloop
  endfacet
  facet normal -0.866027 -0.499998 0
    outer loop
      vertex -25 76.482 -3
      vertex -30 85.1423 0
      vertex -30 85.1423 -3
    endloop
  endfacet
  facet normal -0.866027 -0.499998 0
    outer loop
      vertex -30 85.1423 0
      vertex -25 76.482 -3
      vertex -25 76.482 0
    endloop
  endfacet
  facet normal 0.866027 -0.499998 0
    outer loop
      vertex -35 76.482 0
      vertex -30 85.1423 -3
      vertex -30 85.1423 0
    endloop
  endfacet
  facet normal 0.866027 -0.499998 0
    outer loop
      vertex -30 85.1423 -3
      vertex -35 76.482 0
      vertex -35 76.482 -3
    endloop
  endfacet
  facet normal 1 -0 0
    outer loop
      vertex -35 71.8026 0
      vertex -35 76.482 -3
      vertex -35 76.482 0
    endloop
  endfacet
  facet normal 1 0 0
    outer loop
      vertex -35 76.482 -3
      vertex -35 71.8026 0
      vertex -35 71.8026 -3
    endloop
  endfacet
  facet normal 0.866027 0.499998 0
    outer loop
      vertex -30 63.1423 0
      vertex -35 71.8026 -3
      vertex -35 71.8026 0
    endloop
  endfacet
  facet normal 0.866027 0.499998 0
    outer loop
      vertex -35 71.8026 -3
      vertex -30 63.1423 0
      vertex -30 63.1423 -3
    endloop
  endfacet
  facet normal -0.866027 0.499998 0
    outer loop
      vertex -30 63.1423 -3
      vertex -25 71.8026 0
      vertex -25 71.8026 -3
    endloop
  endfacet
  facet normal -0.866027 0.499998 0
    outer loop
      vertex -25 71.8026 0
      vertex -30 63.1423 -3
      vertex -30 63.1423 0
    endloop
  endfacet
  facet normal -1 0 0
    outer loop
      vertex -7 56.1949 -3
      vertex -7 60.8743 0
      vertex -7 60.8743 -3
    endloop
  endfacet
  facet normal -1 -0 0
    outer loop
      vertex -7 60.8743 0
      vertex -7 56.1949 -3
      vertex -7 56.1949 0
    endloop
  endfacet
  facet normal -0.866027 -0.499998 0
    outer loop
      vertex -7 60.8743 -3
      vertex -12 69.5346 0
      vertex -12 69.5346 -3
    endloop
  endfacet
  facet normal -0.866027 -0.499998 0
    outer loop
      vertex -12 69.5346 0
      vertex -7 60.8743 -3
      vertex -7 60.8743 0
    endloop
  endfacet
  facet normal 0.866027 -0.499998 0
    outer loop
      vertex -17 60.8743 0
      vertex -12 69.5346 -3
      vertex -12 69.5346 0
    endloop
  endfacet
  facet normal 0.866027 -0.499998 0
    outer loop
      vertex -12 69.5346 -3
      vertex -17 60.8743 0
      vertex -17 60.8743 -3
    endloop
  endfacet
  facet normal 1 -0 0
    outer loop
      vertex -17 56.1949 0
      vertex -17 60.8743 -3
      vertex -17 60.8743 0
    endloop
  endfacet
  facet normal 1 0 0
    outer loop
      vertex -17 60.8743 -3
      vertex -17 56.1949 0
      vertex -17 56.1949 -3
    endloop
  endfacet
  facet normal 0.866027 0.499998 0
    outer loop
      vertex -12 47.5346 0
      vertex -17 56.1949 -3
      vertex -17 56.1949 0
    endloop
  endfacet
  facet normal 0.866027 0.499998 0
    outer loop
      vertex -17 56.1949 -3
      vertex -12 47.5346 0
      vertex -12 47.5346 -3
    endloop
  endfacet
  facet normal -0.866027 0.499998 0
    outer loop
      vertex -12 47.5346 -3
      vertex -7 56.1949 0
      vertex -7 56.1949 -3
    endloop
  endfacet
  facet normal -0.866027 0.499998 0
    outer loop
      vertex -7 56.1949 0
      vertex -12 47.5346 -3
      vertex -12 47.5346 0
    endloop
  endfacet
  facet normal -1 0 0
    outer loop
      vertex -19 56.1949 -3
      vertex -19 60.8743 0
      vertex -19 60.8743 -3
    endloop
  endfacet
  facet normal -1 -0 0
    outer loop
      vertex -19 60.8743 0
      vertex -19 56.1949 -3
      vertex -19 56.1949 0
    endloop
  endfacet
  facet normal -0.866027 -0.499998 0
    outer loop
      vertex -19 60.8743 -3
      vertex -24 69.5346 0
      vertex -24 69.5346 -3
    endloop
  endfacet
  facet normal -0.866027 -0.499998 0
    outer loop
      vertex -24 69.5346 0
      vertex -19 60.8743 -3
      vertex -19 60.8743 0
    endloop
  endfacet
  facet normal 0.866027 -0.499998 0
    outer loop
      vertex -29 60.8743 0
      vertex -24 69.5346 -3
      vertex -24 69.5346 0
    endloop
  endfacet
  facet normal 0.866027 -0.499998 0
    outer loop
      vertex -24 69.5346 -3
      vertex -29 60.8743 0
      vertex -29 60.8743 -3
    endloop
  endfacet
  facet normal 1 -0 0
    outer loop
      vertex -29 56.1949 0
      vertex -29 60.8743 -3
      vertex -29 60.8743 0
    endloop
  endfacet
  facet normal 1 0 0
    outer loop
      vertex -29 60.8743 -3
      vertex -29 56.1949 0
      vertex -29 56.1949 -3
    endloop
  endfacet
  facet normal 0.866027 0.499998 0
    outer loop
      vertex -24 47.5346 0
      vertex -29 56.1949 -3
      vertex -29 56.1949 0
    endloop
  endfacet
  facet normal 0.866027 0.499998 0
    outer loop
      vertex -29 56.1949 -3
      vertex -24 47.5346 0
      vertex -24 47.5346 -3
    endloop
  endfacet
  facet normal -0.866027 0.499998 0
    outer loop
      vertex -24 47.5346 -3
      vertex -19 56.1949 0
      vertex -19 56.1949 -3
    endloop
  endfacet
  facet normal -0.866027 0.499998 0
    outer loop
      vertex -19 56.1949 0
      vertex -24 47.5346 -3
      vertex -24 47.5346 0
    endloop
  endfacet
  facet normal -1 0 0
    outer loop
      vertex 5 56.1949 -3
      vertex 5 60.8743 0
      vertex 5 60.8743 -3
    endloop
  endfacet
  facet normal -1 -0 0
    outer loop
      vertex 5 60.8743 0
      vertex 5 56.1949 -3
      vertex 5 56.1949 0
    endloop
  endfacet
  facet normal -0.866027 -0.499998 0
    outer loop
      vertex 5 60.8743 -3
      vertex 0 69.5346 0
      vertex 0 69.5346 -3
    endloop
  endfacet
  facet normal -0.866027 -0.499998 0
    outer loop
      vertex 0 69.5346 0
      vertex 5 60.8743 -3
      vertex 5 60.8743 0
    endloop
  endfacet
  facet normal 0.866027 -0.499998 0
    outer loop
      vertex -5 60.8743 0
      vertex 0 69.5346 -3
      vertex 0 69.5346 0
    endloop
  endfacet
  facet normal 0.866027 -0.499998 0
    outer loop
      vertex 0 69.5346 -3
      vertex -5 60.8743 0
      vertex -5 60.8743 -3
    endloop
  endfacet
  facet normal 1 -0 0
    outer loop
      vertex -5 56.1949 0
      vertex -5 60.8743 -3
      vertex -5 60.8743 0
    endloop
  endfacet
  facet normal 1 0 0
    outer loop
      vertex -5 60.8743 -3
      vertex -5 56.1949 0
      vertex -5 56.1949 -3
    endloop
  endfacet
  facet normal 0.866027 0.499998 0
    outer loop
      vertex 0 47.5346 0
      vertex -5 56.1949 -3
      vertex -5 56.1949 0
    endloop
  endfacet
  facet normal 0.866027 0.499998 0
    outer loop
      vertex -5 56.1949 -3
      vertex 0 47.5346 0
      vertex 0 47.5346 -3
    endloop
  endfacet
  facet normal -0.866027 0.499998 0
    outer loop
      vertex 0 47.5346 -3
      vertex 5 56.1949 0
      vertex 5 56.1949 -3
    endloop
  endfacet
  facet normal -0.866027 0.499998 0
    outer loop
      vertex 5 56.1949 0
      vertex 0 47.5346 -3
      vertex 0 47.5346 0
    endloop
  endfacet
  facet normal -1 0 0
    outer loop
      vertex 17 56.1949 -3
      vertex 17 60.8743 0
      vertex 17 60.8743 -3
    endloop
  endfacet
  facet normal -1 -0 0
    outer loop
      vertex 17 60.8743 0
      vertex 17 56.1949 -3
      vertex 17 56.1949 0
    endloop
  endfacet
  facet normal -0.866027 -0.499998 0
    outer loop
      vertex 17 60.8743 -3
      vertex 12 69.5346 0
      vertex 12 69.5346 -3
    endloop
  endfacet
  facet normal -0.866027 -0.499998 0
    outer loop
      vertex 12 69.5346 0
      vertex 17 60.8743 -3
      vertex 17 60.8743 0
    endloop
  endfacet
  facet normal 0.866027 -0.499998 0
    outer loop
      vertex 7 60.8743 0
      vertex 12 69.5346 -3
      vertex 12 69.5346 0
    endloop
  endfacet
  facet normal 0.866027 -0.499998 0
    outer loop
      vertex 12 69.5346 -3
      vertex 7 60.8743 0
      vertex 7 60.8743 -3
    endloop
  endfacet
  facet normal 1 -0 0
    outer loop
      vertex 7 56.1949 0
      vertex 7 60.8743 -3
      vertex 7 60.8743 0
    endloop
  endfacet
  facet normal 1 0 0
    outer loop
      vertex 7 60.8743 -3
      vertex 7 56.1949 0
      vertex 7 56.1949 -3
    endloop
  endfacet
  facet normal 0.866027 0.499998 0
    outer loop
      vertex 12 47.5346 0
      vertex 7 56.1949 -3
      vertex 7 56.1949 0
    endloop
  endfacet
  facet normal 0.866027 0.499998 0
    outer loop
      vertex 7 56.1949 -3
      vertex 12 47.5346 0
      vertex 12 47.5346 -3
    endloop
  endfacet
  facet normal -0.866027 0.499998 0
    outer loop
      vertex 12 47.5346 -3
      vertex 17 56.1949 0
      vertex 17 56.1949 -3
    endloop
  endfacet
  facet normal -0.866027 0.499998 0
    outer loop
      vertex 17 56.1949 0
      vertex 12 47.5346 -3
      vertex 12 47.5346 0
    endloop
  endfacet
  facet normal -1 0 0
    outer loop
      vertex 29 56.1949 -3
      vertex 29 60.8743 0
      vertex 29 60.8743 -3
    endloop
  endfacet
  facet normal -1 -0 0
    outer loop
      vertex 29 60.8743 0
      vertex 29 56.1949 -3
      vertex 29 56.1949 0
    endloop
  endfacet
  facet normal -0.866027 -0.499998 0
    outer loop
      vertex 29 60.8743 -3
      vertex 24 69.5346 0
      vertex 24 69.5346 -3
    endloop
  endfacet
  facet normal -0.866027 -0.499998 0
    outer loop
      vertex 24 69.5346 0
      vertex 29 60.8743 -3
      vertex 29 60.8743 0
    endloop
  endfacet
  facet normal 0.866027 -0.499998 0
    outer loop
      vertex 19 60.8743 0
      vertex 24 69.5346 -3
      vertex 24 69.5346 0
    endloop
  endfacet
  facet normal 0.866027 -0.499998 0
    outer loop
      vertex 24 69.5346 -3
      vertex 19 60.8743 0
      vertex 19 60.8743 -3
    endloop
  endfacet
  facet normal 1 -0 0
    outer loop
      vertex 19 56.1949 0
      vertex 19 60.8743 -3
      vertex 19 60.8743 0
    endloop
  endfacet
  facet normal 1 0 0
    outer loop
      vertex 19 60.8743 -3
      vertex 19 56.1949 0
      vertex 19 56.1949 -3
    endloop
  endfacet
  facet normal 0.866027 0.499998 0
    outer loop
      vertex 24 47.5346 0
      vertex 19 56.1949 -3
      vertex 19 56.1949 0
    endloop
  endfacet
  facet normal 0.866027 0.499998 0
    outer loop
      vertex 19 56.1949 -3
      vertex 24 47.5346 0
      vertex 24 47.5346 -3
    endloop
  endfacet
  facet normal -0.866027 0.499998 0
    outer loop
      vertex 24 47.5346 -3
      vertex 29 56.1949 0
      vertex 29 56.1949 -3
    endloop
  endfacet
  facet normal -0.866027 0.499998 0
    outer loop
      vertex 29 56.1949 0
      vertex 24 47.5346 -3
      vertex 24 47.5346 0
    endloop
  endfacet
  facet normal -1 0 0
    outer loop
      vertex 35 40.5872 -3
      vertex 35 45.2666 0
      vertex 35 45.2666 -3
    endloop
  endfacet
  facet normal -1 -0 0
    outer loop
      vertex 35 45.2666 0
      vertex 35 40.5872 -3
      vertex 35 40.5872 0
    endloop
  endfacet
  facet normal -0.866027 -0.499998 0
    outer loop
      vertex 35 45.2666 -3
      vertex 30 53.9269 0
      vertex 30 53.9269 -3
    endloop
  endfacet
  facet normal -0.866027 -0.499998 0
    outer loop
      vertex 30 53.9269 0
      vertex 35 45.2666 -3
      vertex 35 45.2666 0
    endloop
  endfacet
  facet normal 0.866027 -0.499998 0
    outer loop
      vertex 25 45.2666 0
      vertex 30 53.9269 -3
      vertex 30 53.9269 0
    endloop
  endfacet
  facet normal 0.866027 -0.499998 0
    outer loop
      vertex 30 53.9269 -3
      vertex 25 45.2666 0
      vertex 25 45.2666 -3
    endloop
  endfacet
  facet normal 1 -0 0
    outer loop
      vertex 25 40.5872 0
      vertex 25 45.2666 -3
      vertex 25 45.2666 0
    endloop
  endfacet
  facet normal 1 0 0
    outer loop
      vertex 25 45.2666 -3
      vertex 25 40.5872 0
      vertex 25 40.5872 -3
    endloop
  endfacet
  facet normal 0.866027 0.499998 0
    outer loop
      vertex 30 31.9269 0
      vertex 25 40.5872 -3
      vertex 25 40.5872 0
    endloop
  endfacet
  facet normal 0.866027 0.499998 0
    outer loop
      vertex 25 40.5872 -3
      vertex 30 31.9269 0
      vertex 30 31.9269 -3
    endloop
  endfacet
  facet normal -0.866027 0.499998 0
    outer loop
      vertex 30 31.9269 -3
      vertex 35 40.5872 0
      vertex 35 40.5872 -3
    endloop
  endfacet
  facet normal -0.866027 0.499998 0
    outer loop
      vertex 35 40.5872 0
      vertex 30 31.9269 -3
      vertex 30 31.9269 0
    endloop
  endfacet
  facet normal -1 0 0
    outer loop
      vertex 23 40.5872 -3
      vertex 23 45.2666 0
      vertex 23 45.2666 -3
    endloop
  endfacet
  facet normal -1 -0 0
    outer loop
      vertex 23 45.2666 0
      vertex 23 40.5872 -3
      vertex 23 40.5872 0
    endloop
  endfacet
  facet normal -0.866027 -0.499998 0
    outer loop
      vertex 23 45.2666 -3
      vertex 18 53.9269 0
      vertex 18 53.9269 -3
    endloop
  endfacet
  facet normal -0.866027 -0.499998 0
    outer loop
      vertex 18 53.9269 0
      vertex 23 45.2666 -3
      vertex 23 45.2666 0
    endloop
  endfacet
  facet normal 0.866027 -0.499998 0
    outer loop
      vertex 13 45.2666 0
      vertex 18 53.9269 -3
      vertex 18 53.9269 0
    endloop
  endfacet
  facet normal 0.866027 -0.499998 0
    outer loop
      vertex 18 53.9269 -3
      vertex 13 45.2666 0
      vertex 13 45.2666 -3
    endloop
  endfacet
  facet normal 1 -0 0
    outer loop
      vertex 13 40.5872 0
      vertex 13 45.2666 -3
      vertex 13 45.2666 0
    endloop
  endfacet
  facet normal 1 0 0
    outer loop
      vertex 13 45.2666 -3
      vertex 13 40.5872 0
      vertex 13 40.5872 -3
    endloop
  endfacet
  facet normal 0.866027 0.499998 0
    outer loop
      vertex 18 31.9269 0
      vertex 13 40.5872 -3
      vertex 13 40.5872 0
    endloop
  endfacet
  facet normal 0.866027 0.499998 0
    outer loop
      vertex 13 40.5872 -3
      vertex 18 31.9269 0
      vertex 18 31.9269 -3
    endloop
  endfacet
  facet normal -0.866027 0.499998 0
    outer loop
      vertex 18 31.9269 -3
      vertex 23 40.5872 0
      vertex 23 40.5872 -3
    endloop
  endfacet
  facet normal -0.866027 0.499998 0
    outer loop
      vertex 23 40.5872 0
      vertex 18 31.9269 -3
      vertex 18 31.9269 0
    endloop
  endfacet
  facet normal -1 0 0
    outer loop
      vertex 11 40.5872 -3
      vertex 11 45.2666 0
      vertex 11 45.2666 -3
    endloop
  endfacet
  facet normal -1 -0 0
    outer loop
      vertex 11 45.2666 0
      vertex 11 40.5872 -3
      vertex 11 40.5872 0
    endloop
  endfacet
  facet normal -0.866027 -0.499998 0
    outer loop
      vertex 11 45.2666 -3
      vertex 6 53.9269 0
      vertex 6 53.9269 -3
    endloop
  endfacet
  facet normal -0.866027 -0.499998 0
    outer loop
      vertex 6 53.9269 0
      vertex 11 45.2666 -3
      vertex 11 45.2666 0
    endloop
  endfacet
  facet normal 0.866027 -0.499998 0
    outer loop
      vertex 1 45.2666 0
      vertex 6 53.9269 -3
      vertex 6 53.9269 0
    endloop
  endfacet
  facet normal 0.866027 -0.499998 0
    outer loop
      vertex 6 53.9269 -3
      vertex 1 45.2666 0
      vertex 1 45.2666 -3
    endloop
  endfacet
  facet normal 1 -0 0
    outer loop
      vertex 1 40.5872 0
      vertex 1 45.2666 -3
      vertex 1 45.2666 0
    endloop
  endfacet
  facet normal 1 0 0
    outer loop
      vertex 1 45.2666 -3
      vertex 1 40.5872 0
      vertex 1 40.5872 -3
    endloop
  endfacet
  facet normal 0.866027 0.499998 0
    outer loop
      vertex 6 31.9269 0
      vertex 1 40.5872 -3
      vertex 1 40.5872 0
    endloop
  endfacet
  facet normal 0.866027 0.499998 0
    outer loop
      vertex 1 40.5872 -3
      vertex 6 31.9269 0
      vertex 6 31.9269 -3
    endloop
  endfacet
  facet normal -0.866027 0.499998 0
    outer loop
      vertex 6 31.9269 -3
      vertex 11 40.5872 0
      vertex 11 40.5872 -3
    endloop
  endfacet
  facet normal -0.866027 0.499998 0
    outer loop
      vertex 11 40.5872 0
      vertex 6 31.9269 -3
      vertex 6 31.9269 0
    endloop
  endfacet
  facet normal -1 0 0
    outer loop
      vertex -1 40.5872 -3
      vertex -1 45.2666 0
      vertex -1 45.2666 -3
    endloop
  endfacet
  facet normal -1 -0 0
    outer loop
      vertex -1 45.2666 0
      vertex -1 40.5872 -3
      vertex -1 40.5872 0
    endloop
  endfacet
  facet normal -0.866027 -0.499998 0
    outer loop
      vertex -1 45.2666 -3
      vertex -6 53.9269 0
      vertex -6 53.9269 -3
    endloop
  endfacet
  facet normal -0.866027 -0.499998 0
    outer loop
      vertex -6 53.9269 0
      vertex -1 45.2666 -3
      vertex -1 45.2666 0
    endloop
  endfacet
  facet normal 0.866027 -0.499998 0
    outer loop
      vertex -11 45.2666 0
      vertex -6 53.9269 -3
      vertex -6 53.9269 0
    endloop
  endfacet
  facet normal 0.866027 -0.499998 0
    outer loop
      vertex -6 53.9269 -3
      vertex -11 45.2666 0
      vertex -11 45.2666 -3
    endloop
  endfacet
  facet normal 1 -0 0
    outer loop
      vertex -11 40.5872 0
      vertex -11 45.2666 -3
      vertex -11 45.2666 0
    endloop
  endfacet
  facet normal 1 0 0
    outer loop
      vertex -11 45.2666 -3
      vertex -11 40.5872 0
      vertex -11 40.5872 -3
    endloop
  endfacet
  facet normal 0.866027 0.499998 0
    outer loop
      vertex -6 31.9269 0
      vertex -11 40.5872 -3
      vertex -11 40.5872 0
    endloop
  endfacet
  facet normal 0.866027 0.499998 0
    outer loop
      vertex -11 40.5872 -3
      vertex -6 31.9269 0
      vertex -6 31.9269 -3
    endloop
  endfacet
  facet normal -0.866027 0.499998 0
    outer loop
      vertex -6 31.9269 -3
      vertex -1 40.5872 0
      vertex -1 40.5872 -3
    endloop
  endfacet
  facet normal -0.866027 0.499998 0
    outer loop
      vertex -1 40.5872 0
      vertex -6 31.9269 -3
      vertex -6 31.9269 0
    endloop
  endfacet
  facet normal -1 0 0
    outer loop
      vertex -13 40.5872 -3
      vertex -13 45.2666 0
      vertex -13 45.2666 -3
    endloop
  endfacet
  facet normal -1 -0 0
    outer loop
      vertex -13 45.2666 0
      vertex -13 40.5872 -3
      vertex -13 40.5872 0
    endloop
  endfacet
  facet normal -0.866027 -0.499998 0
    outer loop
      vertex -13 45.2666 -3
      vertex -18 53.9269 0
      vertex -18 53.9269 -3
    endloop
  endfacet
  facet normal -0.866027 -0.499998 0
    outer loop
      vertex -18 53.9269 0
      vertex -13 45.2666 -3
      vertex -13 45.2666 0
    endloop
  endfacet
  facet normal 0.866027 -0.499998 0
    outer loop
      vertex -23 45.2666 0
      vertex -18 53.9269 -3
      vertex -18 53.9269 0
    endloop
  endfacet
  facet normal 0.866027 -0.499998 0
    outer loop
      vertex -18 53.9269 -3
      vertex -23 45.2666 0
      vertex -23 45.2666 -3
    endloop
  endfacet
  facet normal 1 -0 0
    outer loop
      vertex -23 40.5872 0
      vertex -23 45.2666 -3
      vertex -23 45.2666 0
    endloop
  endfacet
  facet normal 1 0 0
    outer loop
      vertex -23 45.2666 -3
      vertex -23 40.5872 0
      vertex -23 40.5872 -3
    endloop
  endfacet
  facet normal 0.866027 0.499998 0
    outer loop
      vertex -18 31.9269 0
      vertex -23 40.5872 -3
      vertex -23 40.5872 0
    endloop
  endfacet
  facet normal 0.866027 0.499998 0
    outer loop
      vertex -23 40.5872 -3
      vertex -18 31.9269 0
      vertex -18 31.9269 -3
    endloop
  endfacet
  facet normal -0.866027 0.499998 0
    outer loop
      vertex -18 31.9269 -3
      vertex -13 40.5872 0
      vertex -13 40.5872 -3
    endloop
  endfacet
  facet normal -0.866027 0.499998 0
    outer loop
      vertex -13 40.5872 0
      vertex -18 31.9269 -3
      vertex -18 31.9269 0
    endloop
  endfacet
  facet normal -1 0 0
    outer loop
      vertex -25 40.5872 -3
      vertex -25 45.2666 0
      vertex -25 45.2666 -3
    endloop
  endfacet
  facet normal -1 -0 0
    outer loop
      vertex -25 45.2666 0
      vertex -25 40.5872 -3
      vertex -25 40.5872 0
    endloop
  endfacet
  facet normal -0.866027 -0.499998 0
    outer loop
      vertex -25 45.2666 -3
      vertex -30 53.9269 0
      vertex -30 53.9269 -3
    endloop
  endfacet
  facet normal -0.866027 -0.499998 0
    outer loop
      vertex -30 53.9269 0
      vertex -25 45.2666 -3
      vertex -25 45.2666 0
    endloop
  endfacet
  facet normal 0.866027 -0.499998 0
    outer loop
      vertex -35 45.2666 0
      vertex -30 53.9269 -3
      vertex -30 53.9269 0
    endloop
  endfacet
  facet normal 0.866027 -0.499998 0
    outer loop
      vertex -30 53.9269 -3
      vertex -35 45.2666 0
      vertex -35 45.2666 -3
    endloop
  endfacet
  facet normal 1 -0 0
    outer loop
      vertex -35 40.5872 0
      vertex -35 45.2666 -3
      vertex -35 45.2666 0
    endloop
  endfacet
  facet normal 1 0 0
    outer loop
      vertex -35 45.2666 -3
      vertex -35 40.5872 0
      vertex -35 40.5872 -3
    endloop
  endfacet
  facet normal 0.866027 0.499998 0
    outer loop
      vertex -30 31.9269 0
      vertex -35 40.5872 -3
      vertex -35 40.5872 0
    endloop
  endfacet
  facet normal 0.866027 0.499998 0
    outer loop
      vertex -35 40.5872 -3
      vertex -30 31.9269 0
      vertex -30 31.9269 -3
    endloop
  endfacet
  facet normal -0.866027 0.499998 0
    outer loop
      vertex -30 31.9269 -3
      vertex -25 40.5872 0
      vertex -25 40.5872 -3
    endloop
  endfacet
  facet normal -0.866027 0.499998 0
    outer loop
      vertex -25 40.5872 0
      vertex -30 31.9269 -3
      vertex -30 31.9269 0
    endloop
  endfacet
  facet normal -1 0 0
    outer loop
      vertex -19 24.9795 -3
      vertex -19 29.659 0
      vertex -19 29.659 -3
    endloop
  endfacet
  facet normal -1 -0 0
    outer loop
      vertex -19 29.659 0
      vertex -19 24.9795 -3
      vertex -19 24.9795 0
    endloop
  endfacet
  facet normal -0.866024 -0.500002 0
    outer loop
      vertex -19 29.659 -3
      vertex -24 38.3192 0
      vertex -24 38.3192 -3
    endloop
  endfacet
  facet normal -0.866024 -0.500002 0
    outer loop
      vertex -24 38.3192 0
      vertex -19 29.659 -3
      vertex -19 29.659 0
    endloop
  endfacet
  facet normal 0.866024 -0.500002 0
    outer loop
      vertex -29 29.659 0
      vertex -24 38.3192 -3
      vertex -24 38.3192 0
    endloop
  endfacet
  facet normal 0.866024 -0.500002 0
    outer loop
      vertex -24 38.3192 -3
      vertex -29 29.659 0
      vertex -29 29.659 -3
    endloop
  endfacet
  facet normal 1 -0 0
    outer loop
      vertex -29 24.9795 0
      vertex -29 29.659 -3
      vertex -29 29.659 0
    endloop
  endfacet
  facet normal 1 0 0
    outer loop
      vertex -29 29.659 -3
      vertex -29 24.9795 0
      vertex -29 24.9795 -3
    endloop
  endfacet
  facet normal 0.866027 0.499998 0
    outer loop
      vertex -24 16.3192 0
      vertex -29 24.9795 -3
      vertex -29 24.9795 0
    endloop
  endfacet
  facet normal 0.866027 0.499998 0
    outer loop
      vertex -29 24.9795 -3
      vertex -24 16.3192 0
      vertex -24 16.3192 -3
    endloop
  endfacet
  facet normal -0.866027 0.499998 0
    outer loop
      vertex -24 16.3192 -3
      vertex -19 24.9795 0
      vertex -19 24.9795 -3
    endloop
  endfacet
  facet normal -0.866027 0.499998 0
    outer loop
      vertex -19 24.9795 0
      vertex -24 16.3192 -3
      vertex -24 16.3192 0
    endloop
  endfacet
  facet normal -1 0 0
    outer loop
      vertex 29 24.9795 -3
      vertex 29 29.659 0
      vertex 29 29.659 -3
    endloop
  endfacet
  facet normal -1 -0 0
    outer loop
      vertex 29 29.659 0
      vertex 29 24.9795 -3
      vertex 29 24.9795 0
    endloop
  endfacet
  facet normal -0.866024 -0.500002 0
    outer loop
      vertex 29 29.659 -3
      vertex 24 38.3192 0
      vertex 24 38.3192 -3
    endloop
  endfacet
  facet normal -0.866024 -0.500002 0
    outer loop
      vertex 24 38.3192 0
      vertex 29 29.659 -3
      vertex 29 29.659 0
    endloop
  endfacet
  facet normal 0.866024 -0.500002 0
    outer loop
      vertex 19 29.659 0
      vertex 24 38.3192 -3
      vertex 24 38.3192 0
    endloop
  endfacet
  facet normal 0.866024 -0.500002 0
    outer loop
      vertex 24 38.3192 -3
      vertex 19 29.659 0
      vertex 19 29.659 -3
    endloop
  endfacet
  facet normal 1 -0 0
    outer loop
      vertex 19 24.9795 0
      vertex 19 29.659 -3
      vertex 19 29.659 0
    endloop
  endfacet
  facet normal 1 0 0
    outer loop
      vertex 19 29.659 -3
      vertex 19 24.9795 0
      vertex 19 24.9795 -3
    endloop
  endfacet
  facet normal 0.866027 0.499998 0
    outer loop
      vertex 24 16.3192 0
      vertex 19 24.9795 -3
      vertex 19 24.9795 0
    endloop
  endfacet
  facet normal 0.866027 0.499998 0
    outer loop
      vertex 19 24.9795 -3
      vertex 24 16.3192 0
      vertex 24 16.3192 -3
    endloop
  endfacet
  facet normal -0.866027 0.499998 0
    outer loop
      vertex 24 16.3192 -3
      vertex 29 24.9795 0
      vertex 29 24.9795 -3
    endloop
  endfacet
  facet normal -0.866027 0.499998 0
    outer loop
      vertex 29 24.9795 0
      vertex 24 16.3192 -3
      vertex 24 16.3192 0
    endloop
  endfacet
  facet normal -1 0 0
    outer loop
      vertex 17 24.9795 -3
      vertex 17 29.659 0
      vertex 17 29.659 -3
    endloop
  endfacet
  facet normal -1 -0 0
    outer loop
      vertex 17 29.659 0
      vertex 17 24.9795 -3
      vertex 17 24.9795 0
    endloop
  endfacet
  facet normal -0.866024 -0.500002 0
    outer loop
      vertex 17 29.659 -3
      vertex 12 38.3192 0
      vertex 12 38.3192 -3
    endloop
  endfacet
  facet normal -0.866024 -0.500002 0
    outer loop
      vertex 12 38.3192 0
      vertex 17 29.659 -3
      vertex 17 29.659 0
    endloop
  endfacet
  facet normal 0.866024 -0.500002 0
    outer loop
      vertex 7 29.659 0
      vertex 12 38.3192 -3
      vertex 12 38.3192 0
    endloop
  endfacet
  facet normal 0.866024 -0.500002 0
    outer loop
      vertex 12 38.3192 -3
      vertex 7 29.659 0
      vertex 7 29.659 -3
    endloop
  endfacet
  facet normal 1 -0 0
    outer loop
      vertex 7 24.9795 0
      vertex 7 29.659 -3
      vertex 7 29.659 0
    endloop
  endfacet
  facet normal 1 0 0
    outer loop
      vertex 7 29.659 -3
      vertex 7 24.9795 0
      vertex 7 24.9795 -3
    endloop
  endfacet
  facet normal 0.866027 0.499998 0
    outer loop
      vertex 12 16.3192 0
      vertex 7 24.9795 -3
      vertex 7 24.9795 0
    endloop
  endfacet
  facet normal 0.866027 0.499998 0
    outer loop
      vertex 7 24.9795 -3
      vertex 12 16.3192 0
      vertex 12 16.3192 -3
    endloop
  endfacet
  facet normal -0.866027 0.499998 0
    outer loop
      vertex 12 16.3192 -3
      vertex 17 24.9795 0
      vertex 17 24.9795 -3
    endloop
  endfacet
  facet normal -0.866027 0.499998 0
    outer loop
      vertex 17 24.9795 0
      vertex 12 16.3192 -3
      vertex 12 16.3192 0
    endloop
  endfacet
  facet normal -1 0 0
    outer loop
      vertex 5 24.9795 -3
      vertex 5 29.659 0
      vertex 5 29.659 -3
    endloop
  endfacet
  facet normal -1 -0 0
    outer loop
      vertex 5 29.659 0
      vertex 5 24.9795 -3
      vertex 5 24.9795 0
    endloop
  endfacet
  facet normal -0.866024 -0.500002 0
    outer loop
      vertex 5 29.659 -3
      vertex 0 38.3192 0
      vertex 0 38.3192 -3
    endloop
  endfacet
  facet normal -0.866024 -0.500002 0
    outer loop
      vertex 0 38.3192 0
      vertex 5 29.659 -3
      vertex 5 29.659 0
    endloop
  endfacet
  facet normal 0.866024 -0.500002 0
    outer loop
      vertex -5 29.659 0
      vertex 0 38.3192 -3
      vertex 0 38.3192 0
    endloop
  endfacet
  facet normal 0.866024 -0.500002 0
    outer loop
      vertex 0 38.3192 -3
      vertex -5 29.659 0
      vertex -5 29.659 -3
    endloop
  endfacet
  facet normal 1 -0 0
    outer loop
      vertex -5 24.9795 0
      vertex -5 29.659 -3
      vertex -5 29.659 0
    endloop
  endfacet
  facet normal 1 0 0
    outer loop
      vertex -5 29.659 -3
      vertex -5 24.9795 0
      vertex -5 24.9795 -3
    endloop
  endfacet
  facet normal 0.866027 0.499998 0
    outer loop
      vertex 0 16.3192 0
      vertex -5 24.9795 -3
      vertex -5 24.9795 0
    endloop
  endfacet
  facet normal 0.866027 0.499998 0
    outer loop
      vertex -5 24.9795 -3
      vertex 0 16.3192 0
      vertex 0 16.3192 -3
    endloop
  endfacet
  facet normal -0.866027 0.499998 0
    outer loop
      vertex 0 16.3192 -3
      vertex 5 24.9795 0
      vertex 5 24.9795 -3
    endloop
  endfacet
  facet normal -0.866027 0.499998 0
    outer loop
      vertex 5 24.9795 0
      vertex 0 16.3192 -3
      vertex 0 16.3192 0
    endloop
  endfacet
  facet normal -1 0 0
    outer loop
      vertex -7 24.9795 -3
      vertex -7 29.659 0
      vertex -7 29.659 -3
    endloop
  endfacet
  facet normal -1 -0 0
    outer loop
      vertex -7 29.659 0
      vertex -7 24.9795 -3
      vertex -7 24.9795 0
    endloop
  endfacet
  facet normal -0.866024 -0.500002 0
    outer loop
      vertex -7 29.659 -3
      vertex -12 38.3192 0
      vertex -12 38.3192 -3
    endloop
  endfacet
  facet normal -0.866024 -0.500002 0
    outer loop
      vertex -12 38.3192 0
      vertex -7 29.659 -3
      vertex -7 29.659 0
    endloop
  endfacet
  facet normal 0.866024 -0.500002 0
    outer loop
      vertex -17 29.659 0
      vertex -12 38.3192 -3
      vertex -12 38.3192 0
    endloop
  endfacet
  facet normal 0.866024 -0.500002 0
    outer loop
      vertex -12 38.3192 -3
      vertex -17 29.659 0
      vertex -17 29.659 -3
    endloop
  endfacet
  facet normal 1 -0 0
    outer loop
      vertex -17 24.9795 0
      vertex -17 29.659 -3
      vertex -17 29.659 0
    endloop
  endfacet
  facet normal 1 0 0
    outer loop
      vertex -17 29.659 -3
      vertex -17 24.9795 0
      vertex -17 24.9795 -3
    endloop
  endfacet
  facet normal 0.866027 0.499998 0
    outer loop
      vertex -12 16.3192 0
      vertex -17 24.9795 -3
      vertex -17 24.9795 0
    endloop
  endfacet
  facet normal 0.866027 0.499998 0
    outer loop
      vertex -17 24.9795 -3
      vertex -12 16.3192 0
      vertex -12 16.3192 -3
    endloop
  endfacet
  facet normal -0.866027 0.499998 0
    outer loop
      vertex -12 16.3192 -3
      vertex -7 24.9795 0
      vertex -7 24.9795 -3
    endloop
  endfacet
  facet normal -0.866027 0.499998 0
    outer loop
      vertex -7 24.9795 0
      vertex -12 16.3192 -3
      vertex -12 16.3192 0
    endloop
  endfacet
  facet normal 0.705694 0.708517 0
    outer loop
      vertex -43.806 179.5 -56.9
      vertex -42.3 178 -3
      vertex -42.3 178 -56.9
    endloop
  endfacet
  facet normal 0.705694 0.708517 0
    outer loop
      vertex -42.3 178 -3
      vertex -43.806 179.5 -56.9
      vertex -43.806 179.5 -1.49398
    endloop
  endfacet
  facet normal -0.705694 0.708517 0
    outer loop
      vertex 43.806 179.5 -56.9
      vertex 42.3 178 -3
      vertex 43.806 179.5 -1.49398
    endloop
  endfacet
  facet normal -0.705694 0.708517 0
    outer loop
      vertex 42.3 178 -3
      vertex 43.806 179.5 -56.9
      vertex 42.3 178 -56.9
    endloop
  endfacet
  facet normal 0 0.708521 -0.705689
    outer loop
      vertex 42.3 178 -3
      vertex -43.806 179.5 -1.49398
      vertex 43.806 179.5 -1.49398
    endloop
  endfacet
  facet normal 0 0.708521 -0.705689
    outer loop
      vertex -43.806 179.5 -1.49398
      vertex 42.3 178 -3
      vertex -42.3 178 -3
    endloop
  endfacet
endsolid OpenSCAD_Model
