solid OpenSCAD_Model
  facet normal 0 -1 0
    outer loop
      vertex -35 0 138.913
      vertex -50.5322 0 147.732
      vertex -50.714 0 147.567
    endloop
  endfacet
  facet normal 0 -1 0
    outer loop
      vertex -35 0 138.913
      vertex -50.714 0 147.567
      vertex -50.9111 0 147.421
    endloop
  endfacet
  facet normal 0 -1 0
    outer loop
      vertex -35 0 138.913
      vertex -50.9111 0 147.421
      vertex -51.1215 0 147.295
    endloop
  endfacet
  facet normal 0 -1 0
    outer loop
      vertex -35 0 138.913
      vertex -51.1215 0 147.295
      vertex -51.3433 0 147.19
    endloop
  endfacet
  facet normal 0 -1 0
    outer loop
      vertex -45.3 0 125.5
      vertex -51.3433 0 147.19
      vertex -51.5743 0 147.108
    endloop
  endfacet
  facet normal 0 -1 0
    outer loop
      vertex -45.3 0 125.5
      vertex -51.5743 0 147.108
      vertex -51.8123 0 147.048
    endloop
  endfacet
  facet normal 0 -1 0
    outer loop
      vertex -45.3 0 125.5
      vertex -51.8123 0 147.048
      vertex -52.055 0 147.012
    endloop
  endfacet
  facet normal 0 -1 0
    outer loop
      vertex -45.3 0 125.5
      vertex -52.055 0 147.012
      vertex -52.3 0 147
    endloop
  endfacet
  facet normal 0 -1 0
    outer loop
      vertex -52.545 0 147.012
      vertex -45.3 0 125.5
      vertex -52.3 0 147
    endloop
  endfacet
  facet normal 0 -1 0
    outer loop
      vertex -50.5322 0 147.732
      vertex -35 0 138.913
      vertex -30 0 147.573
    endloop
  endfacet
  facet normal 0 -1 0
    outer loop
      vertex -51.3433 0 147.19
      vertex -45.3 0 125.5
      vertex -35 0 138.913
    endloop
  endfacet
  facet normal 0 -1 -0
    outer loop
      vertex -35 0 138.913
      vertex -45.3 0 125.5
      vertex -35 0 134.233
    endloop
  endfacet
  facet normal 0 -1 -0
    outer loop
      vertex -35 0 134.233
      vertex -45.3 0 125.5
      vertex -30 0 125.573
    endloop
  endfacet
  facet normal 0 -1 0
    outer loop
      vertex -45.3 0 173.5
      vertex -52.545 0 151.988
      vertex -52.3 0 152
    endloop
  endfacet
  facet normal 0 -1 0
    outer loop
      vertex -45.3 0 173.5
      vertex -52.7877 0 151.952
      vertex -52.545 0 151.988
    endloop
  endfacet
  facet normal 0 -1 0
    outer loop
      vertex -59.3 0 152.5
      vertex -53.0257 0 151.892
      vertex -52.7877 0 151.952
    endloop
  endfacet
  facet normal 0 -1 0
    outer loop
      vertex -59.3 0 152.5
      vertex -53.2567 0 151.81
      vertex -53.0257 0 151.892
    endloop
  endfacet
  facet normal 0 -1 0
    outer loop
      vertex -59.3 0 152.5
      vertex -53.4785 0 151.705
      vertex -53.2567 0 151.81
    endloop
  endfacet
  facet normal 0 -1 0
    outer loop
      vertex -59.3 0 152.5
      vertex -53.6889 0 151.579
      vertex -53.4785 0 151.705
    endloop
  endfacet
  facet normal 0 -1 0
    outer loop
      vertex -59.3 0 152.5
      vertex -53.886 0 151.433
      vertex -53.6889 0 151.579
    endloop
  endfacet
  facet normal 0 -1 0
    outer loop
      vertex -59.3 0 152.5
      vertex -54.0678 0 151.268
      vertex -53.886 0 151.433
    endloop
  endfacet
  facet normal 0 -1 0
    outer loop
      vertex -59.3 0 152.5
      vertex -54.2325 0 151.086
      vertex -54.0678 0 151.268
    endloop
  endfacet
  facet normal 0 -1 0
    outer loop
      vertex -59.3 0 152.5
      vertex -54.3787 0 150.889
      vertex -54.2325 0 151.086
    endloop
  endfacet
  facet normal 0 -1 0
    outer loop
      vertex -59.3 0 152.5
      vertex -54.5048 0 150.678
      vertex -54.3787 0 150.889
    endloop
  endfacet
  facet normal 0 -1 0
    outer loop
      vertex -59.3 0 152.5
      vertex -54.6097 0 150.457
      vertex -54.5048 0 150.678
    endloop
  endfacet
  facet normal 0 -1 0
    outer loop
      vertex -59.3 0 152.5
      vertex -54.6924 0 150.226
      vertex -54.6097 0 150.457
    endloop
  endfacet
  facet normal 0 -1 0
    outer loop
      vertex -59.3 0 152.5
      vertex -54.752 0 149.988
      vertex -54.6924 0 150.226
    endloop
  endfacet
  facet normal 0 -1 0
    outer loop
      vertex -59.3 0 152.5
      vertex -54.788 0 149.745
      vertex -54.752 0 149.988
    endloop
  endfacet
  facet normal 0 -1 0
    outer loop
      vertex -59.3 0 152.5
      vertex -54.8 0 149.5
      vertex -54.788 0 149.745
    endloop
  endfacet
  facet normal 0 -1 0
    outer loop
      vertex -59.3 0 146.5
      vertex -54.8 0 149.5
      vertex -59.3 0 152.5
    endloop
  endfacet
  facet normal 0 -1 -0
    outer loop
      vertex -54.8 0 149.5
      vertex -59.3 0 146.5
      vertex -54.788 0 149.255
    endloop
  endfacet
  facet normal 0 -1 -0
    outer loop
      vertex -54.788 0 149.255
      vertex -59.3 0 146.5
      vertex -54.752 0 149.012
    endloop
  endfacet
  facet normal 0 -1 -0
    outer loop
      vertex -54.752 0 149.012
      vertex -59.3 0 146.5
      vertex -54.6924 0 148.774
    endloop
  endfacet
  facet normal 0 -1 -0
    outer loop
      vertex -54.6924 0 148.774
      vertex -59.3 0 146.5
      vertex -54.6097 0 148.543
    endloop
  endfacet
  facet normal 0 -1 -0
    outer loop
      vertex -54.6097 0 148.543
      vertex -59.3 0 146.5
      vertex -54.5048 0 148.322
    endloop
  endfacet
  facet normal 0 -1 -0
    outer loop
      vertex -54.5048 0 148.322
      vertex -59.3 0 146.5
      vertex -54.3787 0 148.111
    endloop
  endfacet
  facet normal 0 -1 -0
    outer loop
      vertex -54.3787 0 148.111
      vertex -59.3 0 146.5
      vertex -54.2325 0 147.914
    endloop
  endfacet
  facet normal 0 -1 0
    outer loop
      vertex -52.7877 0 147.048
      vertex -45.3 0 125.5
      vertex -52.545 0 147.012
    endloop
  endfacet
  facet normal 0 -1 0
    outer loop
      vertex -45.3 0 125.5
      vertex -52.7877 0 147.048
      vertex -59.3 0 146.5
    endloop
  endfacet
  facet normal 0 -1 -0
    outer loop
      vertex -53.0257 0 147.108
      vertex -59.3 0 146.5
      vertex -52.7877 0 147.048
    endloop
  endfacet
  facet normal 0 -1 -0
    outer loop
      vertex -53.2567 0 147.19
      vertex -59.3 0 146.5
      vertex -53.0257 0 147.108
    endloop
  endfacet
  facet normal 0 -1 -0
    outer loop
      vertex -53.4785 0 147.295
      vertex -59.3 0 146.5
      vertex -53.2567 0 147.19
    endloop
  endfacet
  facet normal 0 -1 -0
    outer loop
      vertex -53.6889 0 147.421
      vertex -59.3 0 146.5
      vertex -53.4785 0 147.295
    endloop
  endfacet
  facet normal 0 -1 -0
    outer loop
      vertex -53.886 0 147.567
      vertex -59.3 0 146.5
      vertex -53.6889 0 147.421
    endloop
  endfacet
  facet normal 0 -1 -0
    outer loop
      vertex -54.0678 0 147.732
      vertex -59.3 0 146.5
      vertex -53.886 0 147.567
    endloop
  endfacet
  facet normal 0 -1 -0
    outer loop
      vertex -54.2325 0 147.914
      vertex -59.3 0 146.5
      vertex -54.0678 0 147.732
    endloop
  endfacet
  facet normal 0 -1 0
    outer loop
      vertex 17 0 154.52
      vertex 24 0 163.181
      vertex 12 0 163.181
    endloop
  endfacet
  facet normal 0 -1 0
    outer loop
      vertex 17 0 154.52
      vertex 19 0 154.52
      vertex 24 0 163.181
    endloop
  endfacet
  facet normal 0 -1 0
    outer loop
      vertex 17 0 149.841
      vertex 19 0 154.52
      vertex 17 0 154.52
    endloop
  endfacet
  facet normal 0 -1 0
    outer loop
      vertex 17 0 149.841
      vertex 19 0 149.841
      vertex 19 0 154.52
    endloop
  endfacet
  facet normal 0 -1 0
    outer loop
      vertex 17 0 149.841
      vertex 18 0 147.573
      vertex 19 0 149.841
    endloop
  endfacet
  facet normal 0 -1 0
    outer loop
      vertex 12 0 141.181
      vertex 18 0 147.573
      vertex 17 0 149.841
    endloop
  endfacet
  facet normal 0 -1 0
    outer loop
      vertex 13 0 138.913
      vertex 12 0 141.181
      vertex 11 0 138.913
    endloop
  endfacet
  facet normal 0 -1 0
    outer loop
      vertex 12 0 141.181
      vertex 13 0 138.913
      vertex 18 0 147.573
    endloop
  endfacet
  facet normal 0 -1 0
    outer loop
      vertex 11 0 134.233
      vertex 13 0 138.913
      vertex 11 0 138.913
    endloop
  endfacet
  facet normal 0 -1 0
    outer loop
      vertex 11 0 134.233
      vertex 13 0 134.233
      vertex 13 0 138.913
    endloop
  endfacet
  facet normal 0 -1 0
    outer loop
      vertex 11 0 134.233
      vertex 12 0 131.965
      vertex 13 0 134.233
    endloop
  endfacet
  facet normal 0 -1 0
    outer loop
      vertex 6 0 125.573
      vertex 12 0 131.965
      vertex 11 0 134.233
    endloop
  endfacet
  facet normal 0 -1 0
    outer loop
      vertex 7 0 123.305
      vertex 6 0 125.573
      vertex 5 0 123.305
    endloop
  endfacet
  facet normal 0 -1 0
    outer loop
      vertex 6 0 125.573
      vertex 7 0 123.305
      vertex 12 0 131.965
    endloop
  endfacet
  facet normal 0 -1 0
    outer loop
      vertex 5 0 118.626
      vertex 7 0 123.305
      vertex 5 0 123.305
    endloop
  endfacet
  facet normal 0 -1 0
    outer loop
      vertex 5 0 118.626
      vertex 7 0 118.626
      vertex 7 0 123.305
    endloop
  endfacet
  facet normal 0 -1 0
    outer loop
      vertex 5 0 118.626
      vertex 6 0 116.358
      vertex 7 0 118.626
    endloop
  endfacet
  facet normal 0 -1 0
    outer loop
      vertex 0 0 109.965
      vertex 6 0 116.358
      vertex 5 0 118.626
    endloop
  endfacet
  facet normal 0 -1 0
    outer loop
      vertex 1 0 107.697
      vertex 0 0 109.965
      vertex -1 0 107.697
    endloop
  endfacet
  facet normal 0 -1 0
    outer loop
      vertex 0 0 109.965
      vertex 1 0 107.697
      vertex 6 0 116.358
    endloop
  endfacet
  facet normal 0 -1 0
    outer loop
      vertex -1 0 103.018
      vertex 1 0 107.697
      vertex -1 0 107.697
    endloop
  endfacet
  facet normal 0 -1 0
    outer loop
      vertex -1 0 103.018
      vertex 1 0 103.018
      vertex 1 0 107.697
    endloop
  endfacet
  facet normal 0 -1 0
    outer loop
      vertex -1 0 103.018
      vertex 0 0 100.75
      vertex 1 0 103.018
    endloop
  endfacet
  facet normal 0 -1 0
    outer loop
      vertex -6 0 94.3577
      vertex 0 0 100.75
      vertex -1 0 103.018
    endloop
  endfacet
  facet normal 0 -1 0
    outer loop
      vertex -5 0 92.0897
      vertex -6 0 94.3577
      vertex -7 0 92.0897
    endloop
  endfacet
  facet normal 0 -1 0
    outer loop
      vertex -6 0 94.3577
      vertex -5 0 92.0897
      vertex 0 0 100.75
    endloop
  endfacet
  facet normal 0 -1 0
    outer loop
      vertex -7 0 87.4103
      vertex -5 0 92.0897
      vertex -7 0 92.0897
    endloop
  endfacet
  facet normal 0 -1 0
    outer loop
      vertex -7 0 87.4103
      vertex -5 0 87.4103
      vertex -5 0 92.0897
    endloop
  endfacet
  facet normal 0 -1 0
    outer loop
      vertex -7 0 87.4103
      vertex -6 0 85.1423
      vertex -5 0 87.4103
    endloop
  endfacet
  facet normal 0 -1 0
    outer loop
      vertex -12 0 78.75
      vertex -6 0 85.1423
      vertex -7 0 87.4103
    endloop
  endfacet
  facet normal 0 -1 0
    outer loop
      vertex -11 0 76.482
      vertex -12 0 78.75
      vertex -13 0 76.482
    endloop
  endfacet
  facet normal 0 -1 0
    outer loop
      vertex -12 0 78.75
      vertex -11 0 76.482
      vertex -6 0 85.1423
    endloop
  endfacet
  facet normal 0 -1 0
    outer loop
      vertex -13 0 71.8026
      vertex -11 0 76.482
      vertex -13 0 76.482
    endloop
  endfacet
  facet normal 0 -1 0
    outer loop
      vertex -13 0 71.8026
      vertex -11 0 71.8026
      vertex -11 0 76.482
    endloop
  endfacet
  facet normal 0 -1 0
    outer loop
      vertex -13 0 71.8026
      vertex -12 0 69.5346
      vertex -11 0 71.8026
    endloop
  endfacet
  facet normal 0 -1 0
    outer loop
      vertex -18 0 63.1423
      vertex -12 0 69.5346
      vertex -13 0 71.8026
    endloop
  endfacet
  facet normal 0 -1 0
    outer loop
      vertex -17 0 60.8743
      vertex -18 0 63.1423
      vertex -19 0 60.8743
    endloop
  endfacet
  facet normal 0 -1 0
    outer loop
      vertex -18 0 63.1423
      vertex -17 0 60.8743
      vertex -12 0 69.5346
    endloop
  endfacet
  facet normal 0 -1 0
    outer loop
      vertex -19 0 56.1949
      vertex -17 0 60.8743
      vertex -19 0 60.8743
    endloop
  endfacet
  facet normal 0 -1 0
    outer loop
      vertex -19 0 56.1949
      vertex -17 0 56.1949
      vertex -17 0 60.8743
    endloop
  endfacet
  facet normal 0 -1 0
    outer loop
      vertex -19 0 56.1949
      vertex -18 0 53.9269
      vertex -17 0 56.1949
    endloop
  endfacet
  facet normal 0 -1 0
    outer loop
      vertex -24 0 47.5346
      vertex -18 0 53.9269
      vertex -19 0 56.1949
    endloop
  endfacet
  facet normal 0 -1 0
    outer loop
      vertex -23 0 45.2666
      vertex -24 0 47.5346
      vertex -25 0 45.2666
    endloop
  endfacet
  facet normal 0 -1 0
    outer loop
      vertex -24 0 47.5346
      vertex -23 0 45.2666
      vertex -18 0 53.9269
    endloop
  endfacet
  facet normal 0 -1 0
    outer loop
      vertex -25 0 40.5872
      vertex -23 0 45.2666
      vertex -25 0 45.2666
    endloop
  endfacet
  facet normal 0 -1 0
    outer loop
      vertex -25 0 40.5872
      vertex -23 0 40.5872
      vertex -23 0 45.2666
    endloop
  endfacet
  facet normal 0 -1 0
    outer loop
      vertex -25 0 40.5872
      vertex -24 0 38.3192
      vertex -23 0 40.5872
    endloop
  endfacet
  facet normal 0 -1 0
    outer loop
      vertex -30 0 31.9269
      vertex -24 0 38.3192
      vertex -25 0 40.5872
    endloop
  endfacet
  facet normal 0 -1 0
    outer loop
      vertex -50.2213 0 31.3889
      vertex -35 0 40.5872
      vertex -50.3675 0 31.586
    endloop
  endfacet
  facet normal 0 -1 0
    outer loop
      vertex -50.0952 0 31.1785
      vertex -35 0 40.5872
      vertex -50.2213 0 31.3889
    endloop
  endfacet
  facet normal 0 -1 0
    outer loop
      vertex -49.9903 0 30.9567
      vertex -35 0 40.5872
      vertex -50.0952 0 31.1785
    endloop
  endfacet
  facet normal 0 -1 0
    outer loop
      vertex -49.9076 0 30.7257
      vertex -35 0 40.5872
      vertex -49.9903 0 30.9567
    endloop
  endfacet
  facet normal 0 -1 0
    outer loop
      vertex -49.848 0 30.4877
      vertex -35 0 40.5872
      vertex -49.9076 0 30.7257
    endloop
  endfacet
  facet normal 0 -1 -0
    outer loop
      vertex -35 0 40.5872
      vertex -49.848 0 30.4877
      vertex -30 0 31.9269
    endloop
  endfacet
  facet normal 0 -1 0
    outer loop
      vertex -49.812 0 30.245
      vertex -30 0 31.9269
      vertex -49.848 0 30.4877
    endloop
  endfacet
  facet normal 0 -1 0
    outer loop
      vertex -49.8 0 30
      vertex -30 0 31.9269
      vertex -49.812 0 30.245
    endloop
  endfacet
  facet normal 0 -1 0
    outer loop
      vertex -49.812 0 29.755
      vertex -30 0 31.9269
      vertex -49.8 0 30
    endloop
  endfacet
  facet normal 0 -1 0
    outer loop
      vertex -30 0 31.9269
      vertex -29 0 29.659
      vertex -24 0 38.3192
    endloop
  endfacet
  facet normal 0 -1 0
    outer loop
      vertex -49.848 0 29.5123
      vertex -30 0 31.9269
      vertex -49.812 0 29.755
    endloop
  endfacet
  facet normal 0 -1 0
    outer loop
      vertex -29 0 24.9795
      vertex -30 0 31.9269
      vertex -49.848 0 29.5123
    endloop
  endfacet
  facet normal 0 -1 0
    outer loop
      vertex -29 0 24.9795
      vertex -49.848 0 29.5123
      vertex -49.9076 0 29.2743
    endloop
  endfacet
  facet normal 0 -1 0
    outer loop
      vertex -29 0 24.9795
      vertex -49.9076 0 29.2743
      vertex -49.9903 0 29.0433
    endloop
  endfacet
  facet normal 0 -1 0
    outer loop
      vertex -29 0 24.9795
      vertex -49.9903 0 29.0433
      vertex -50.0952 0 28.8215
    endloop
  endfacet
  facet normal 0 -1 0
    outer loop
      vertex -29 0 24.9795
      vertex -50.0952 0 28.8215
      vertex -50.2213 0 28.6111
    endloop
  endfacet
  facet normal 0 -1 0
    outer loop
      vertex -29 0 24.9795
      vertex -50.2213 0 28.6111
      vertex -50.3675 0 28.414
    endloop
  endfacet
  facet normal 0 -1 0
    outer loop
      vertex -29 0 24.9795
      vertex -50.3675 0 28.414
      vertex -50.5322 0 28.2322
    endloop
  endfacet
  facet normal 0 -1 0
    outer loop
      vertex -45.3 0 6.00002
      vertex -50.5322 0 28.2322
      vertex -50.714 0 28.0675
    endloop
  endfacet
  facet normal 0 -1 0
    outer loop
      vertex -45.3 0 6.00002
      vertex -50.714 0 28.0675
      vertex -50.9111 0 27.9213
    endloop
  endfacet
  facet normal 0 -1 0
    outer loop
      vertex -45.3 0 6.00002
      vertex -50.9111 0 27.9213
      vertex -51.1215 0 27.7952
    endloop
  endfacet
  facet normal 0 -1 0
    outer loop
      vertex -45.3 0 6.00002
      vertex -51.1215 0 27.7952
      vertex -51.3433 0 27.6903
    endloop
  endfacet
  facet normal 0 -1 0
    outer loop
      vertex -45.3 0 6.00002
      vertex -51.3433 0 27.6903
      vertex -51.5743 0 27.6076
    endloop
  endfacet
  facet normal 0 -1 0
    outer loop
      vertex -45.3 0 6.00002
      vertex -51.5743 0 27.6076
      vertex -51.8123 0 27.548
    endloop
  endfacet
  facet normal 0 -1 0
    outer loop
      vertex -45.3 0 6.00002
      vertex -51.8123 0 27.548
      vertex -52.055 0 27.512
    endloop
  endfacet
  facet normal 0 -1 0
    outer loop
      vertex -52.545 0 27.512
      vertex -45.3 0 6.00002
      vertex -52.3 0 27.5
    endloop
  endfacet
  facet normal 0 -1 0
    outer loop
      vertex -30 0 31.9269
      vertex -29 0 24.9795
      vertex -29 0 29.659
    endloop
  endfacet
  facet normal 0 -1 0
    outer loop
      vertex -52.3 0 27.5
      vertex -45.3 0 6.00002
      vertex -52.055 0 27.512
    endloop
  endfacet
  facet normal 0 -1 0
    outer loop
      vertex -50.5322 0 28.2322
      vertex -45.3 0 6.00002
      vertex -29 0 24.9795
    endloop
  endfacet
  facet normal 0 -1 0
    outer loop
      vertex -45.3 0 0
      vertex -12 0 16.3192
      vertex -24 0 16.3192
    endloop
  endfacet
  facet normal 0 -1 -0
    outer loop
      vertex -12 0 16.3192
      vertex -45.3 0 0
      vertex 0 0 16.3192
    endloop
  endfacet
  facet normal 0 -1 0
    outer loop
      vertex 45.3 0 0
      vertex 0 0 16.3192
      vertex -45.3 0 0
    endloop
  endfacet
  facet normal 0 -1 0
    outer loop
      vertex -45.3 0 0
      vertex -24 0 16.3192
      vertex -45.3 0 6.00002
    endloop
  endfacet
  facet normal 0 -1 -0
    outer loop
      vertex -29 0 24.9795
      vertex -45.3 0 6.00002
      vertex -24 0 16.3192
    endloop
  endfacet
  facet normal 0 -1 0
    outer loop
      vertex 5 0 154.52
      vertex 12 0 163.181
      vertex 0 0 163.181
    endloop
  endfacet
  facet normal 0 -1 0
    outer loop
      vertex 5 0 154.52
      vertex 7 0 154.52
      vertex 12 0 163.181
    endloop
  endfacet
  facet normal 0 -1 0
    outer loop
      vertex 5 0 149.841
      vertex 7 0 154.52
      vertex 5 0 154.52
    endloop
  endfacet
  facet normal 0 -1 0
    outer loop
      vertex 5 0 149.841
      vertex 7 0 149.841
      vertex 7 0 154.52
    endloop
  endfacet
  facet normal 0 -1 0
    outer loop
      vertex 5 0 149.841
      vertex 6 0 147.573
      vertex 7 0 149.841
    endloop
  endfacet
  facet normal 0 -1 0
    outer loop
      vertex 0 0 141.181
      vertex 6 0 147.573
      vertex 5 0 149.841
    endloop
  endfacet
  facet normal 0 -1 0
    outer loop
      vertex 1 0 138.913
      vertex 0 0 141.181
      vertex -1 0 138.913
    endloop
  endfacet
  facet normal 0 -1 0
    outer loop
      vertex 0 0 141.181
      vertex 1 0 138.913
      vertex 6 0 147.573
    endloop
  endfacet
  facet normal 0 -1 0
    outer loop
      vertex -1 0 134.233
      vertex 1 0 138.913
      vertex -1 0 138.913
    endloop
  endfacet
  facet normal 0 -1 0
    outer loop
      vertex -1 0 134.233
      vertex 1 0 134.233
      vertex 1 0 138.913
    endloop
  endfacet
  facet normal 0 -1 0
    outer loop
      vertex -1 0 134.233
      vertex 0 0 131.965
      vertex 1 0 134.233
    endloop
  endfacet
  facet normal 0 -1 0
    outer loop
      vertex -6 0 125.573
      vertex 0 0 131.965
      vertex -1 0 134.233
    endloop
  endfacet
  facet normal 0 -1 0
    outer loop
      vertex -5 0 123.305
      vertex -6 0 125.573
      vertex -7 0 123.305
    endloop
  endfacet
  facet normal 0 -1 0
    outer loop
      vertex -6 0 125.573
      vertex -5 0 123.305
      vertex 0 0 131.965
    endloop
  endfacet
  facet normal 0 -1 0
    outer loop
      vertex -7 0 118.626
      vertex -5 0 123.305
      vertex -7 0 123.305
    endloop
  endfacet
  facet normal 0 -1 0
    outer loop
      vertex -7 0 118.626
      vertex -5 0 118.626
      vertex -5 0 123.305
    endloop
  endfacet
  facet normal 0 -1 0
    outer loop
      vertex -7 0 118.626
      vertex -6 0 116.358
      vertex -5 0 118.626
    endloop
  endfacet
  facet normal 0 -1 0
    outer loop
      vertex -12 0 109.965
      vertex -6 0 116.358
      vertex -7 0 118.626
    endloop
  endfacet
  facet normal 0 -1 0
    outer loop
      vertex -11 0 107.697
      vertex -12 0 109.965
      vertex -13 0 107.697
    endloop
  endfacet
  facet normal 0 -1 0
    outer loop
      vertex -12 0 109.965
      vertex -11 0 107.697
      vertex -6 0 116.358
    endloop
  endfacet
  facet normal 0 -1 0
    outer loop
      vertex -13 0 103.018
      vertex -11 0 107.697
      vertex -13 0 107.697
    endloop
  endfacet
  facet normal 0 -1 0
    outer loop
      vertex -13 0 103.018
      vertex -11 0 103.018
      vertex -11 0 107.697
    endloop
  endfacet
  facet normal 0 -1 0
    outer loop
      vertex -13 0 103.018
      vertex -12 0 100.75
      vertex -11 0 103.018
    endloop
  endfacet
  facet normal 0 -1 0
    outer loop
      vertex -18 0 94.3577
      vertex -12 0 100.75
      vertex -13 0 103.018
    endloop
  endfacet
  facet normal 0 -1 0
    outer loop
      vertex -17 0 92.0897
      vertex -18 0 94.3577
      vertex -19 0 92.0897
    endloop
  endfacet
  facet normal 0 -1 0
    outer loop
      vertex -18 0 94.3577
      vertex -17 0 92.0897
      vertex -12 0 100.75
    endloop
  endfacet
  facet normal 0 -1 0
    outer loop
      vertex -19 0 87.4103
      vertex -17 0 92.0897
      vertex -19 0 92.0897
    endloop
  endfacet
  facet normal 0 -1 0
    outer loop
      vertex -19 0 87.4103
      vertex -17 0 87.4103
      vertex -17 0 92.0897
    endloop
  endfacet
  facet normal 0 -1 0
    outer loop
      vertex -19 0 87.4103
      vertex -18 0 85.1423
      vertex -17 0 87.4103
    endloop
  endfacet
  facet normal 0 -1 0
    outer loop
      vertex -24 0 78.75
      vertex -18 0 85.1423
      vertex -19 0 87.4103
    endloop
  endfacet
  facet normal 0 -1 0
    outer loop
      vertex -23 0 76.482
      vertex -24 0 78.75
      vertex -25 0 76.482
    endloop
  endfacet
  facet normal 0 -1 0
    outer loop
      vertex -24 0 78.75
      vertex -23 0 76.482
      vertex -18 0 85.1423
    endloop
  endfacet
  facet normal 0 -1 0
    outer loop
      vertex -25 0 71.8026
      vertex -23 0 76.482
      vertex -25 0 76.482
    endloop
  endfacet
  facet normal 0 -1 0
    outer loop
      vertex -25 0 71.8026
      vertex -23 0 71.8026
      vertex -23 0 76.482
    endloop
  endfacet
  facet normal 0 -1 0
    outer loop
      vertex -25 0 71.8026
      vertex -24 0 69.5346
      vertex -23 0 71.8026
    endloop
  endfacet
  facet normal 0 -1 0
    outer loop
      vertex -30 0 63.1423
      vertex -24 0 69.5346
      vertex -25 0 71.8026
    endloop
  endfacet
  facet normal 0 -1 0
    outer loop
      vertex -24 0 69.5346
      vertex -30 0 63.1423
      vertex -29 0 60.8743
    endloop
  endfacet
  facet normal 0 -1 0
    outer loop
      vertex -7 0 154.52
      vertex 0 0 163.181
      vertex -12 0 163.181
    endloop
  endfacet
  facet normal 0 -1 0
    outer loop
      vertex -7 0 154.52
      vertex -5 0 154.52
      vertex 0 0 163.181
    endloop
  endfacet
  facet normal 0 -1 0
    outer loop
      vertex -7 0 149.841
      vertex -5 0 154.52
      vertex -7 0 154.52
    endloop
  endfacet
  facet normal 0 -1 0
    outer loop
      vertex -7 0 149.841
      vertex -5 0 149.841
      vertex -5 0 154.52
    endloop
  endfacet
  facet normal 0 -1 0
    outer loop
      vertex -7 0 149.841
      vertex -6 0 147.573
      vertex -5 0 149.841
    endloop
  endfacet
  facet normal 0 -1 0
    outer loop
      vertex -12 0 141.181
      vertex -6 0 147.573
      vertex -7 0 149.841
    endloop
  endfacet
  facet normal 0 -1 0
    outer loop
      vertex -11 0 138.913
      vertex -12 0 141.181
      vertex -13 0 138.913
    endloop
  endfacet
  facet normal 0 -1 0
    outer loop
      vertex -12 0 141.181
      vertex -11 0 138.913
      vertex -6 0 147.573
    endloop
  endfacet
  facet normal 0 -1 0
    outer loop
      vertex -13 0 134.233
      vertex -11 0 138.913
      vertex -13 0 138.913
    endloop
  endfacet
  facet normal 0 -1 0
    outer loop
      vertex -13 0 134.233
      vertex -11 0 134.233
      vertex -11 0 138.913
    endloop
  endfacet
  facet normal 0 -1 0
    outer loop
      vertex -13 0 134.233
      vertex -12 0 131.965
      vertex -11 0 134.233
    endloop
  endfacet
  facet normal 0 -1 0
    outer loop
      vertex -18 0 125.573
      vertex -12 0 131.965
      vertex -13 0 134.233
    endloop
  endfacet
  facet normal 0 -1 0
    outer loop
      vertex -17 0 123.305
      vertex -18 0 125.573
      vertex -19 0 123.305
    endloop
  endfacet
  facet normal 0 -1 0
    outer loop
      vertex -18 0 125.573
      vertex -17 0 123.305
      vertex -12 0 131.965
    endloop
  endfacet
  facet normal 0 -1 0
    outer loop
      vertex -19 0 118.626
      vertex -17 0 123.305
      vertex -19 0 123.305
    endloop
  endfacet
  facet normal 0 -1 0
    outer loop
      vertex -19 0 118.626
      vertex -17 0 118.626
      vertex -17 0 123.305
    endloop
  endfacet
  facet normal 0 -1 0
    outer loop
      vertex -19 0 118.626
      vertex -18 0 116.358
      vertex -17 0 118.626
    endloop
  endfacet
  facet normal 0 -1 0
    outer loop
      vertex -24 0 109.965
      vertex -18 0 116.358
      vertex -19 0 118.626
    endloop
  endfacet
  facet normal 0 -1 0
    outer loop
      vertex -23 0 107.697
      vertex -24 0 109.965
      vertex -25 0 107.697
    endloop
  endfacet
  facet normal 0 -1 0
    outer loop
      vertex -24 0 109.965
      vertex -23 0 107.697
      vertex -18 0 116.358
    endloop
  endfacet
  facet normal 0 -1 0
    outer loop
      vertex -25 0 103.018
      vertex -23 0 107.697
      vertex -25 0 107.697
    endloop
  endfacet
  facet normal 0 -1 0
    outer loop
      vertex -25 0 103.018
      vertex -23 0 103.018
      vertex -23 0 107.697
    endloop
  endfacet
  facet normal 0 -1 0
    outer loop
      vertex -25 0 103.018
      vertex -24 0 100.75
      vertex -23 0 103.018
    endloop
  endfacet
  facet normal 0 -1 0
    outer loop
      vertex -30 0 94.3577
      vertex -24 0 100.75
      vertex -25 0 103.018
    endloop
  endfacet
  facet normal 0 -1 0
    outer loop
      vertex -24 0 100.75
      vertex -30 0 94.3577
      vertex -29 0 92.0897
    endloop
  endfacet
  facet normal 0 -1 0
    outer loop
      vertex -19 0 154.52
      vertex -12 0 163.181
      vertex -24 0 163.181
    endloop
  endfacet
  facet normal 0 -1 0
    outer loop
      vertex -19 0 154.52
      vertex -17 0 154.52
      vertex -12 0 163.181
    endloop
  endfacet
  facet normal 0 -1 0
    outer loop
      vertex -19 0 149.841
      vertex -17 0 154.52
      vertex -19 0 154.52
    endloop
  endfacet
  facet normal 0 -1 0
    outer loop
      vertex -19 0 149.841
      vertex -17 0 149.841
      vertex -17 0 154.52
    endloop
  endfacet
  facet normal 0 -1 0
    outer loop
      vertex -19 0 149.841
      vertex -18 0 147.573
      vertex -17 0 149.841
    endloop
  endfacet
  facet normal 0 -1 0
    outer loop
      vertex -24 0 141.181
      vertex -18 0 147.573
      vertex -19 0 149.841
    endloop
  endfacet
  facet normal 0 -1 0
    outer loop
      vertex -23 0 138.913
      vertex -24 0 141.181
      vertex -25 0 138.913
    endloop
  endfacet
  facet normal 0 -1 0
    outer loop
      vertex -24 0 141.181
      vertex -23 0 138.913
      vertex -18 0 147.573
    endloop
  endfacet
  facet normal 0 -1 0
    outer loop
      vertex -25 0 134.233
      vertex -23 0 138.913
      vertex -25 0 138.913
    endloop
  endfacet
  facet normal 0 -1 0
    outer loop
      vertex -25 0 134.233
      vertex -23 0 134.233
      vertex -23 0 138.913
    endloop
  endfacet
  facet normal 0 -1 0
    outer loop
      vertex -25 0 134.233
      vertex -24 0 131.965
      vertex -23 0 134.233
    endloop
  endfacet
  facet normal 0 -1 0
    outer loop
      vertex -30 0 125.573
      vertex -24 0 131.965
      vertex -25 0 134.233
    endloop
  endfacet
  facet normal 0 -1 0
    outer loop
      vertex -30 0 125.573
      vertex -29 0 123.305
      vertex -24 0 131.965
    endloop
  endfacet
  facet normal 0 -1 0
    outer loop
      vertex -30 0 116.358
      vertex -30 0 125.573
      vertex -45.3 0 125.5
    endloop
  endfacet
  facet normal 0 -1 0
    outer loop
      vertex -30 0 125.573
      vertex -30 0 116.358
      vertex -29 0 123.305
    endloop
  endfacet
  facet normal 0 -1 -0
    outer loop
      vertex -29 0 123.305
      vertex -30 0 116.358
      vertex -29 0 118.626
    endloop
  endfacet
  facet normal 0 -1 0
    outer loop
      vertex -45.3 0 125.5
      vertex -35 0 107.697
      vertex -30 0 116.358
    endloop
  endfacet
  facet normal 0 -1 0
    outer loop
      vertex -45.3 0 125.5
      vertex -35 0 103.018
      vertex -35 0 107.697
    endloop
  endfacet
  facet normal 0 -1 0
    outer loop
      vertex -30 0 85.1423
      vertex -30 0 94.3577
      vertex -35 0 103.018
    endloop
  endfacet
  facet normal 0 -1 0
    outer loop
      vertex -30 0 94.3577
      vertex -30 0 85.1423
      vertex -29 0 92.0897
    endloop
  endfacet
  facet normal 0 -1 0
    outer loop
      vertex -35 0 76.482
      vertex -35 0 103.018
      vertex -45.3 0 125.5
    endloop
  endfacet
  facet normal 0 -1 -0
    outer loop
      vertex -29 0 92.0897
      vertex -30 0 85.1423
      vertex -29 0 87.4103
    endloop
  endfacet
  facet normal 0 -1 0
    outer loop
      vertex -35 0 103.018
      vertex -35 0 76.482
      vertex -30 0 85.1423
    endloop
  endfacet
  facet normal 0 -1 0
    outer loop
      vertex -45.3 0 54
      vertex -35 0 76.482
      vertex -45.3 0 125.5
    endloop
  endfacet
  facet normal 0 -1 0
    outer loop
      vertex -45.3 0 54
      vertex -30 0 63.1423
      vertex -35 0 71.8026
    endloop
  endfacet
  facet normal 0 -1 0
    outer loop
      vertex -30 0 53.9269
      vertex -30 0 63.1423
      vertex -45.3 0 54
    endloop
  endfacet
  facet normal 0 -1 -0
    outer loop
      vertex -35 0 76.482
      vertex -45.3 0 54
      vertex -35 0 71.8026
    endloop
  endfacet
  facet normal 0 -1 0
    outer loop
      vertex -30 0 63.1423
      vertex -30 0 53.9269
      vertex -29 0 60.8743
    endloop
  endfacet
  facet normal 0 -1 -0
    outer loop
      vertex -29 0 60.8743
      vertex -30 0 53.9269
      vertex -29 0 56.1949
    endloop
  endfacet
  facet normal 0 -1 0
    outer loop
      vertex -30 0 53.9269
      vertex -24 0 47.5346
      vertex -29 0 56.1949
    endloop
  endfacet
  facet normal -0 -1 0
    outer loop
      vertex -24 0 47.5346
      vertex -30 0 53.9269
      vertex -25 0 45.2666
    endloop
  endfacet
  facet normal 0 -1 0
    outer loop
      vertex -24 0 163.181
      vertex -45.3 0 179.5
      vertex -45.3 0 173.5
    endloop
  endfacet
  facet normal 0 -1 0
    outer loop
      vertex -45.3 0 179.5
      vertex 0 0 163.181
      vertex 45.3 0 179.5
    endloop
  endfacet
  facet normal 0 -1 0
    outer loop
      vertex -45.3 0 179.5
      vertex -24 0 163.181
      vertex -12 0 163.181
    endloop
  endfacet
  facet normal 0 -1 0
    outer loop
      vertex -45.3 0 173.5
      vertex -29 0 154.52
      vertex -24 0 163.181
    endloop
  endfacet
  facet normal 0 -1 0
    outer loop
      vertex -52.7877 0 151.952
      vertex -45.3 0 173.5
      vertex -59.3 0 152.5
    endloop
  endfacet
  facet normal 0 -1 0
    outer loop
      vertex -52.055 0 151.988
      vertex -45.3 0 173.5
      vertex -52.3 0 152
    endloop
  endfacet
  facet normal 0 -1 0
    outer loop
      vertex -51.8123 0 151.952
      vertex -45.3 0 173.5
      vertex -52.055 0 151.988
    endloop
  endfacet
  facet normal 0 -1 0
    outer loop
      vertex -51.5743 0 151.892
      vertex -45.3 0 173.5
      vertex -51.8123 0 151.952
    endloop
  endfacet
  facet normal 0 -1 0
    outer loop
      vertex -51.3433 0 151.81
      vertex -45.3 0 173.5
      vertex -51.5743 0 151.892
    endloop
  endfacet
  facet normal 0 -1 0
    outer loop
      vertex -51.1215 0 151.705
      vertex -45.3 0 173.5
      vertex -51.3433 0 151.81
    endloop
  endfacet
  facet normal 0 -1 0
    outer loop
      vertex -50.9111 0 151.579
      vertex -45.3 0 173.5
      vertex -51.1215 0 151.705
    endloop
  endfacet
  facet normal 0 -1 0
    outer loop
      vertex -50.714 0 151.433
      vertex -45.3 0 173.5
      vertex -50.9111 0 151.579
    endloop
  endfacet
  facet normal 0 -1 0
    outer loop
      vertex -50.5322 0 151.268
      vertex -45.3 0 173.5
      vertex -50.714 0 151.433
    endloop
  endfacet
  facet normal 0 -1 -0
    outer loop
      vertex -45.3 0 173.5
      vertex -50.5322 0 151.268
      vertex -29 0 154.52
    endloop
  endfacet
  facet normal 0 -1 0
    outer loop
      vertex -50.3675 0 151.086
      vertex -29 0 154.52
      vertex -50.5322 0 151.268
    endloop
  endfacet
  facet normal 0 -1 0
    outer loop
      vertex -50.2213 0 150.889
      vertex -29 0 154.52
      vertex -50.3675 0 151.086
    endloop
  endfacet
  facet normal 0 -1 0
    outer loop
      vertex -50.0952 0 150.678
      vertex -29 0 154.52
      vertex -50.2213 0 150.889
    endloop
  endfacet
  facet normal 0 -1 0
    outer loop
      vertex -49.9903 0 150.457
      vertex -29 0 154.52
      vertex -50.0952 0 150.678
    endloop
  endfacet
  facet normal 0 -1 0
    outer loop
      vertex -49.9076 0 150.226
      vertex -29 0 154.52
      vertex -49.9903 0 150.457
    endloop
  endfacet
  facet normal 0 -1 0
    outer loop
      vertex -49.848 0 149.988
      vertex -29 0 154.52
      vertex -49.9076 0 150.226
    endloop
  endfacet
  facet normal 0 -1 0
    outer loop
      vertex -30 0 147.573
      vertex -29 0 154.52
      vertex -49.848 0 149.988
    endloop
  endfacet
  facet normal 0 -1 0
    outer loop
      vertex -30 0 147.573
      vertex -49.848 0 149.988
      vertex -49.812 0 149.745
    endloop
  endfacet
  facet normal 0 -1 0
    outer loop
      vertex -30 0 147.573
      vertex -49.812 0 149.745
      vertex -49.8 0 149.5
    endloop
  endfacet
  facet normal 0 -1 0
    outer loop
      vertex -30 0 147.573
      vertex -49.8 0 149.5
      vertex -49.812 0 149.255
    endloop
  endfacet
  facet normal 0 -1 0
    outer loop
      vertex -30 0 147.573
      vertex -49.812 0 149.255
      vertex -49.848 0 149.012
    endloop
  endfacet
  facet normal 0 -1 0
    outer loop
      vertex -30 0 147.573
      vertex -49.848 0 149.012
      vertex -49.9076 0 148.774
    endloop
  endfacet
  facet normal 0 -1 0
    outer loop
      vertex -30 0 147.573
      vertex -49.9076 0 148.774
      vertex -49.9903 0 148.543
    endloop
  endfacet
  facet normal 0 -1 0
    outer loop
      vertex -30 0 147.573
      vertex -49.9903 0 148.543
      vertex -50.0952 0 148.322
    endloop
  endfacet
  facet normal 0 -1 0
    outer loop
      vertex -30 0 147.573
      vertex -50.0952 0 148.322
      vertex -50.2213 0 148.111
    endloop
  endfacet
  facet normal 0 -1 0
    outer loop
      vertex -30 0 147.573
      vertex -50.2213 0 148.111
      vertex -50.3675 0 147.914
    endloop
  endfacet
  facet normal 0 -1 0
    outer loop
      vertex -30 0 147.573
      vertex -50.3675 0 147.914
      vertex -50.5322 0 147.732
    endloop
  endfacet
  facet normal 0 -1 -0
    outer loop
      vertex -29 0 154.52
      vertex -30 0 147.573
      vertex -29 0 149.841
    endloop
  endfacet
  facet normal 0 -1 0
    outer loop
      vertex -30 0 147.573
      vertex -24 0 141.181
      vertex -29 0 149.841
    endloop
  endfacet
  facet normal -0 -1 0
    outer loop
      vertex -24 0 141.181
      vertex -30 0 147.573
      vertex -25 0 138.913
    endloop
  endfacet
  facet normal 0 -1 0
    outer loop
      vertex -45.3 0 179.5
      vertex -12 0 163.181
      vertex 0 0 163.181
    endloop
  endfacet
  facet normal 0 -1 0
    outer loop
      vertex 12 0 163.181
      vertex 45.3 0 179.5
      vertex 0 0 163.181
    endloop
  endfacet
  facet normal 0 -1 0
    outer loop
      vertex 24 0 163.181
      vertex 45.3 0 179.5
      vertex 12 0 163.181
    endloop
  endfacet
  facet normal 0 -1 -0
    outer loop
      vertex 45.3 0 179.5
      vertex 24 0 163.181
      vertex 45.3 0 173.5
    endloop
  endfacet
  facet normal 0 -1 0
    outer loop
      vertex 29 0 154.52
      vertex 45.3 0 173.5
      vertex 24 0 163.181
    endloop
  endfacet
  facet normal 0 -1 0
    outer loop
      vertex 50.5322 0 151.268
      vertex 45.3 0 173.5
      vertex 29 0 154.52
    endloop
  endfacet
  facet normal 0 -1 0
    outer loop
      vertex 52.545 0 151.988
      vertex 45.3 0 173.5
      vertex 52.3 0 152
    endloop
  endfacet
  facet normal 0 -1 0
    outer loop
      vertex 45.3 0 173.5
      vertex 52.055 0 151.988
      vertex 52.3 0 152
    endloop
  endfacet
  facet normal 0 -1 0
    outer loop
      vertex 45.3 0 173.5
      vertex 51.8123 0 151.952
      vertex 52.055 0 151.988
    endloop
  endfacet
  facet normal 0 -1 0
    outer loop
      vertex 45.3 0 173.5
      vertex 51.5743 0 151.892
      vertex 51.8123 0 151.952
    endloop
  endfacet
  facet normal 0 -1 0
    outer loop
      vertex 45.3 0 173.5
      vertex 51.3433 0 151.81
      vertex 51.5743 0 151.892
    endloop
  endfacet
  facet normal 0 -1 0
    outer loop
      vertex 45.3 0 173.5
      vertex 51.1215 0 151.705
      vertex 51.3433 0 151.81
    endloop
  endfacet
  facet normal 0 -1 0
    outer loop
      vertex 45.3 0 173.5
      vertex 50.9111 0 151.579
      vertex 51.1215 0 151.705
    endloop
  endfacet
  facet normal 0 -1 0
    outer loop
      vertex 45.3 0 173.5
      vertex 50.714 0 151.433
      vertex 50.9111 0 151.579
    endloop
  endfacet
  facet normal 0 -1 0
    outer loop
      vertex 45.3 0 173.5
      vertex 50.5322 0 151.268
      vertex 50.714 0 151.433
    endloop
  endfacet
  facet normal 0 -1 0
    outer loop
      vertex 29 0 154.52
      vertex 50.3675 0 151.086
      vertex 50.5322 0 151.268
    endloop
  endfacet
  facet normal 0 -1 0
    outer loop
      vertex 29 0 154.52
      vertex 50.2213 0 150.889
      vertex 50.3675 0 151.086
    endloop
  endfacet
  facet normal 0 -1 0
    outer loop
      vertex 29 0 154.52
      vertex 50.0952 0 150.678
      vertex 50.2213 0 150.889
    endloop
  endfacet
  facet normal 0 -1 0
    outer loop
      vertex 29 0 154.52
      vertex 49.9903 0 150.457
      vertex 50.0952 0 150.678
    endloop
  endfacet
  facet normal 0 -1 0
    outer loop
      vertex 29 0 154.52
      vertex 49.9076 0 150.226
      vertex 49.9903 0 150.457
    endloop
  endfacet
  facet normal 0 -1 0
    outer loop
      vertex 29 0 154.52
      vertex 49.848 0 149.988
      vertex 49.9076 0 150.226
    endloop
  endfacet
  facet normal 0 -1 0
    outer loop
      vertex 30 0 147.573
      vertex 29 0 154.52
      vertex 29 0 149.841
    endloop
  endfacet
  facet normal 0 -1 0
    outer loop
      vertex 29 0 154.52
      vertex 30 0 147.573
      vertex 49.848 0 149.988
    endloop
  endfacet
  facet normal 0 -1 0
    outer loop
      vertex 49.848 0 149.988
      vertex 30 0 147.573
      vertex 49.812 0 149.745
    endloop
  endfacet
  facet normal 0 -1 0
    outer loop
      vertex 49.812 0 149.745
      vertex 30 0 147.573
      vertex 49.8 0 149.5
    endloop
  endfacet
  facet normal 0 -1 -0
    outer loop
      vertex 49.8 0 149.5
      vertex 30 0 147.573
      vertex 49.812 0 149.255
    endloop
  endfacet
  facet normal 0 -1 -0
    outer loop
      vertex 49.812 0 149.255
      vertex 30 0 147.573
      vertex 49.848 0 149.012
    endloop
  endfacet
  facet normal 0 -1 0
    outer loop
      vertex 35 0 138.913
      vertex 49.848 0 149.012
      vertex 30 0 147.573
    endloop
  endfacet
  facet normal 0 -1 -0
    outer loop
      vertex 49.848 0 149.012
      vertex 35 0 138.913
      vertex 49.9076 0 148.774
    endloop
  endfacet
  facet normal 0 -1 -0
    outer loop
      vertex 49.9076 0 148.774
      vertex 35 0 138.913
      vertex 49.9903 0 148.543
    endloop
  endfacet
  facet normal 0 -1 -0
    outer loop
      vertex 49.9903 0 148.543
      vertex 35 0 138.913
      vertex 50.0952 0 148.322
    endloop
  endfacet
  facet normal 0 -1 -0
    outer loop
      vertex 50.0952 0 148.322
      vertex 35 0 138.913
      vertex 50.2213 0 148.111
    endloop
  endfacet
  facet normal 0 -1 -0
    outer loop
      vertex 50.2213 0 148.111
      vertex 35 0 138.913
      vertex 50.3675 0 147.914
    endloop
  endfacet
  facet normal 0 -1 0
    outer loop
      vertex 24 0 141.181
      vertex 30 0 147.573
      vertex 29 0 149.841
    endloop
  endfacet
  facet normal 0 -1 0
    outer loop
      vertex 25 0 138.913
      vertex 24 0 141.181
      vertex 23 0 138.913
    endloop
  endfacet
  facet normal 0 -1 0
    outer loop
      vertex 24 0 141.181
      vertex 25 0 138.913
      vertex 30 0 147.573
    endloop
  endfacet
  facet normal 0 -1 0
    outer loop
      vertex 23 0 134.233
      vertex 25 0 138.913
      vertex 23 0 138.913
    endloop
  endfacet
  facet normal 0 -1 0
    outer loop
      vertex 23 0 134.233
      vertex 25 0 134.233
      vertex 25 0 138.913
    endloop
  endfacet
  facet normal 0 -1 0
    outer loop
      vertex 23 0 134.233
      vertex 24 0 131.965
      vertex 25 0 134.233
    endloop
  endfacet
  facet normal 0 -1 0
    outer loop
      vertex 18 0 125.573
      vertex 24 0 131.965
      vertex 23 0 134.233
    endloop
  endfacet
  facet normal 0 -1 0
    outer loop
      vertex 19 0 123.305
      vertex 18 0 125.573
      vertex 17 0 123.305
    endloop
  endfacet
  facet normal 0 -1 0
    outer loop
      vertex 18 0 125.573
      vertex 19 0 123.305
      vertex 24 0 131.965
    endloop
  endfacet
  facet normal 0 -1 0
    outer loop
      vertex 17 0 118.626
      vertex 19 0 123.305
      vertex 17 0 123.305
    endloop
  endfacet
  facet normal 0 -1 0
    outer loop
      vertex 17 0 118.626
      vertex 19 0 118.626
      vertex 19 0 123.305
    endloop
  endfacet
  facet normal 0 -1 0
    outer loop
      vertex 17 0 118.626
      vertex 18 0 116.358
      vertex 19 0 118.626
    endloop
  endfacet
  facet normal 0 -1 0
    outer loop
      vertex 12 0 109.965
      vertex 18 0 116.358
      vertex 17 0 118.626
    endloop
  endfacet
  facet normal 0 -1 0
    outer loop
      vertex 13 0 107.697
      vertex 12 0 109.965
      vertex 11 0 107.697
    endloop
  endfacet
  facet normal 0 -1 0
    outer loop
      vertex 12 0 109.965
      vertex 13 0 107.697
      vertex 18 0 116.358
    endloop
  endfacet
  facet normal 0 -1 0
    outer loop
      vertex 11 0 103.018
      vertex 13 0 107.697
      vertex 11 0 107.697
    endloop
  endfacet
  facet normal 0 -1 0
    outer loop
      vertex 11 0 103.018
      vertex 13 0 103.018
      vertex 13 0 107.697
    endloop
  endfacet
  facet normal 0 -1 0
    outer loop
      vertex 11 0 103.018
      vertex 12 0 100.75
      vertex 13 0 103.018
    endloop
  endfacet
  facet normal 0 -1 0
    outer loop
      vertex 6 0 94.3577
      vertex 12 0 100.75
      vertex 11 0 103.018
    endloop
  endfacet
  facet normal 0 -1 0
    outer loop
      vertex 7 0 92.0897
      vertex 6 0 94.3577
      vertex 5 0 92.0897
    endloop
  endfacet
  facet normal 0 -1 0
    outer loop
      vertex 6 0 94.3577
      vertex 7 0 92.0897
      vertex 12 0 100.75
    endloop
  endfacet
  facet normal 0 -1 0
    outer loop
      vertex 5 0 87.4103
      vertex 7 0 92.0897
      vertex 5 0 92.0897
    endloop
  endfacet
  facet normal 0 -1 0
    outer loop
      vertex 5 0 87.4103
      vertex 7 0 87.4103
      vertex 7 0 92.0897
    endloop
  endfacet
  facet normal 0 -1 0
    outer loop
      vertex 5 0 87.4103
      vertex 6 0 85.1423
      vertex 7 0 87.4103
    endloop
  endfacet
  facet normal 0 -1 0
    outer loop
      vertex 0 0 78.75
      vertex 6 0 85.1423
      vertex 5 0 87.4103
    endloop
  endfacet
  facet normal 0 -1 0
    outer loop
      vertex 1 0 76.482
      vertex 0 0 78.75
      vertex -1 0 76.482
    endloop
  endfacet
  facet normal 0 -1 0
    outer loop
      vertex 0 0 78.75
      vertex 1 0 76.482
      vertex 6 0 85.1423
    endloop
  endfacet
  facet normal 0 -1 0
    outer loop
      vertex -1 0 71.8026
      vertex 1 0 76.482
      vertex -1 0 76.482
    endloop
  endfacet
  facet normal 0 -1 0
    outer loop
      vertex -1 0 71.8026
      vertex 1 0 71.8026
      vertex 1 0 76.482
    endloop
  endfacet
  facet normal 0 -1 0
    outer loop
      vertex -1 0 71.8026
      vertex 0 0 69.5346
      vertex 1 0 71.8026
    endloop
  endfacet
  facet normal 0 -1 0
    outer loop
      vertex -6 0 63.1423
      vertex 0 0 69.5346
      vertex -1 0 71.8026
    endloop
  endfacet
  facet normal 0 -1 0
    outer loop
      vertex -5 0 60.8743
      vertex -6 0 63.1423
      vertex -7 0 60.8743
    endloop
  endfacet
  facet normal 0 -1 0
    outer loop
      vertex -6 0 63.1423
      vertex -5 0 60.8743
      vertex 0 0 69.5346
    endloop
  endfacet
  facet normal 0 -1 0
    outer loop
      vertex -7 0 56.1949
      vertex -5 0 60.8743
      vertex -7 0 60.8743
    endloop
  endfacet
  facet normal 0 -1 0
    outer loop
      vertex -7 0 56.1949
      vertex -5 0 56.1949
      vertex -5 0 60.8743
    endloop
  endfacet
  facet normal 0 -1 0
    outer loop
      vertex -7 0 56.1949
      vertex -6 0 53.9269
      vertex -5 0 56.1949
    endloop
  endfacet
  facet normal 0 -1 0
    outer loop
      vertex -12 0 47.5346
      vertex -6 0 53.9269
      vertex -7 0 56.1949
    endloop
  endfacet
  facet normal 0 -1 0
    outer loop
      vertex -11 0 45.2666
      vertex -12 0 47.5346
      vertex -13 0 45.2666
    endloop
  endfacet
  facet normal 0 -1 0
    outer loop
      vertex -12 0 47.5346
      vertex -11 0 45.2666
      vertex -6 0 53.9269
    endloop
  endfacet
  facet normal 0 -1 0
    outer loop
      vertex -13 0 40.5872
      vertex -11 0 45.2666
      vertex -13 0 45.2666
    endloop
  endfacet
  facet normal 0 -1 0
    outer loop
      vertex -13 0 40.5872
      vertex -11 0 40.5872
      vertex -11 0 45.2666
    endloop
  endfacet
  facet normal 0 -1 0
    outer loop
      vertex -13 0 40.5872
      vertex -12 0 38.3192
      vertex -11 0 40.5872
    endloop
  endfacet
  facet normal 0 -1 0
    outer loop
      vertex -18 0 31.9269
      vertex -12 0 38.3192
      vertex -13 0 40.5872
    endloop
  endfacet
  facet normal 0 -1 0
    outer loop
      vertex -17 0 29.659
      vertex -18 0 31.9269
      vertex -19 0 29.659
    endloop
  endfacet
  facet normal 0 -1 0
    outer loop
      vertex -18 0 31.9269
      vertex -17 0 29.659
      vertex -12 0 38.3192
    endloop
  endfacet
  facet normal 0 -1 0
    outer loop
      vertex -19 0 24.9795
      vertex -17 0 29.659
      vertex -19 0 29.659
    endloop
  endfacet
  facet normal 0 -1 0
    outer loop
      vertex -19 0 24.9795
      vertex -17 0 24.9795
      vertex -17 0 29.659
    endloop
  endfacet
  facet normal 0 -1 0
    outer loop
      vertex -24 0 16.3192
      vertex -17 0 24.9795
      vertex -19 0 24.9795
    endloop
  endfacet
  facet normal 0 -1 -0
    outer loop
      vertex -17 0 24.9795
      vertex -24 0 16.3192
      vertex -12 0 16.3192
    endloop
  endfacet
  facet normal 0 -1 0
    outer loop
      vertex 52.7877 0 151.952
      vertex 45.3 0 173.5
      vertex 52.545 0 151.988
    endloop
  endfacet
  facet normal 0 -1 0
    outer loop
      vertex 45.3 0 173.5
      vertex 52.7877 0 151.952
      vertex 59.3 0 152.5
    endloop
  endfacet
  facet normal 0 -1 0
    outer loop
      vertex 53.0257 0 151.892
      vertex 59.3 0 152.5
      vertex 52.7877 0 151.952
    endloop
  endfacet
  facet normal 0 -1 0
    outer loop
      vertex 53.2567 0 151.81
      vertex 59.3 0 152.5
      vertex 53.0257 0 151.892
    endloop
  endfacet
  facet normal 0 -1 0
    outer loop
      vertex 53.4785 0 151.705
      vertex 59.3 0 152.5
      vertex 53.2567 0 151.81
    endloop
  endfacet
  facet normal 0 -1 0
    outer loop
      vertex 53.6889 0 151.579
      vertex 59.3 0 152.5
      vertex 53.4785 0 151.705
    endloop
  endfacet
  facet normal 0 -1 0
    outer loop
      vertex 53.886 0 151.433
      vertex 59.3 0 152.5
      vertex 53.6889 0 151.579
    endloop
  endfacet
  facet normal 0 -1 0
    outer loop
      vertex 54.0678 0 151.268
      vertex 59.3 0 152.5
      vertex 53.886 0 151.433
    endloop
  endfacet
  facet normal 0 -1 0
    outer loop
      vertex 54.2325 0 151.086
      vertex 59.3 0 152.5
      vertex 54.0678 0 151.268
    endloop
  endfacet
  facet normal 0 -1 0
    outer loop
      vertex 54.3787 0 150.889
      vertex 59.3 0 152.5
      vertex 54.2325 0 151.086
    endloop
  endfacet
  facet normal 0 -1 0
    outer loop
      vertex 54.5048 0 150.678
      vertex 59.3 0 152.5
      vertex 54.3787 0 150.889
    endloop
  endfacet
  facet normal 0 -1 0
    outer loop
      vertex 54.6097 0 150.457
      vertex 59.3 0 152.5
      vertex 54.5048 0 150.678
    endloop
  endfacet
  facet normal 0 -1 0
    outer loop
      vertex 54.6924 0 150.226
      vertex 59.3 0 152.5
      vertex 54.6097 0 150.457
    endloop
  endfacet
  facet normal 0 -1 0
    outer loop
      vertex 54.752 0 149.988
      vertex 59.3 0 152.5
      vertex 54.6924 0 150.226
    endloop
  endfacet
  facet normal 0 -1 0
    outer loop
      vertex 54.788 0 149.745
      vertex 59.3 0 152.5
      vertex 54.752 0 149.988
    endloop
  endfacet
  facet normal 0 -1 0
    outer loop
      vertex 54.8 0 149.5
      vertex 59.3 0 152.5
      vertex 54.788 0 149.745
    endloop
  endfacet
  facet normal 0 -1 0
    outer loop
      vertex 59.3 0 146.5
      vertex 54.8 0 149.5
      vertex 54.788 0 149.255
    endloop
  endfacet
  facet normal 0 -1 0
    outer loop
      vertex 59.3 0 146.5
      vertex 54.788 0 149.255
      vertex 54.752 0 149.012
    endloop
  endfacet
  facet normal 0 -1 0
    outer loop
      vertex 59.3 0 146.5
      vertex 54.752 0 149.012
      vertex 54.6924 0 148.774
    endloop
  endfacet
  facet normal 0 -1 0
    outer loop
      vertex 59.3 0 146.5
      vertex 54.6924 0 148.774
      vertex 54.6097 0 148.543
    endloop
  endfacet
  facet normal 0 -1 0
    outer loop
      vertex 59.3 0 146.5
      vertex 54.6097 0 148.543
      vertex 54.5048 0 148.322
    endloop
  endfacet
  facet normal 0 -1 0
    outer loop
      vertex 59.3 0 146.5
      vertex 54.5048 0 148.322
      vertex 54.3787 0 148.111
    endloop
  endfacet
  facet normal 0 -1 0
    outer loop
      vertex 59.3 0 146.5
      vertex 54.3787 0 148.111
      vertex 54.2325 0 147.914
    endloop
  endfacet
  facet normal 0 -1 0
    outer loop
      vertex 59.3 0 146.5
      vertex 54.2325 0 147.914
      vertex 54.0678 0 147.732
    endloop
  endfacet
  facet normal 0 -1 0
    outer loop
      vertex 54.8 0 149.5
      vertex 59.3 0 146.5
      vertex 59.3 0 152.5
    endloop
  endfacet
  facet normal 0 -1 0
    outer loop
      vertex 53.886 0 147.567
      vertex 59.3 0 146.5
      vertex 54.0678 0 147.732
    endloop
  endfacet
  facet normal 0 -1 0
    outer loop
      vertex 53.6889 0 147.421
      vertex 59.3 0 146.5
      vertex 53.886 0 147.567
    endloop
  endfacet
  facet normal 0 -1 0
    outer loop
      vertex 53.4785 0 147.295
      vertex 59.3 0 146.5
      vertex 53.6889 0 147.421
    endloop
  endfacet
  facet normal 0 -1 0
    outer loop
      vertex 53.2567 0 147.19
      vertex 59.3 0 146.5
      vertex 53.4785 0 147.295
    endloop
  endfacet
  facet normal 0 -1 0
    outer loop
      vertex 53.0257 0 147.108
      vertex 59.3 0 146.5
      vertex 53.2567 0 147.19
    endloop
  endfacet
  facet normal 0 -1 0
    outer loop
      vertex 52.7877 0 147.048
      vertex 59.3 0 146.5
      vertex 53.0257 0 147.108
    endloop
  endfacet
  facet normal 0 -1 0
    outer loop
      vertex 45.3 0 125.5
      vertex 52.7877 0 147.048
      vertex 52.545 0 147.012
    endloop
  endfacet
  facet normal 0 -1 0
    outer loop
      vertex 45.3 0 125.5
      vertex 52.545 0 147.012
      vertex 52.3 0 147
    endloop
  endfacet
  facet normal 0 -1 0
    outer loop
      vertex -18 0 147.573
      vertex -12 0 141.181
      vertex -17 0 149.841
    endloop
  endfacet
  facet normal -0 -1 0
    outer loop
      vertex -12 0 141.181
      vertex -18 0 147.573
      vertex -13 0 138.913
    endloop
  endfacet
  facet normal 0 -1 0
    outer loop
      vertex -6 0 147.573
      vertex 0 0 141.181
      vertex -5 0 149.841
    endloop
  endfacet
  facet normal -0 -1 0
    outer loop
      vertex 0 0 141.181
      vertex -6 0 147.573
      vertex -1 0 138.913
    endloop
  endfacet
  facet normal 0 -1 0
    outer loop
      vertex 6 0 147.573
      vertex 12 0 141.181
      vertex 7 0 149.841
    endloop
  endfacet
  facet normal -0 -1 0
    outer loop
      vertex 12 0 141.181
      vertex 6 0 147.573
      vertex 11 0 138.913
    endloop
  endfacet
  facet normal 0 -1 0
    outer loop
      vertex 18 0 147.573
      vertex 24 0 141.181
      vertex 19 0 149.841
    endloop
  endfacet
  facet normal -0 -1 0
    outer loop
      vertex 24 0 141.181
      vertex 18 0 147.573
      vertex 23 0 138.913
    endloop
  endfacet
  facet normal 0 -1 -0
    outer loop
      vertex 50.3675 0 147.914
      vertex 35 0 138.913
      vertex 50.5322 0 147.732
    endloop
  endfacet
  facet normal 0 -1 -0
    outer loop
      vertex 50.5322 0 147.732
      vertex 35 0 138.913
      vertex 50.714 0 147.567
    endloop
  endfacet
  facet normal 0 -1 -0
    outer loop
      vertex 50.714 0 147.567
      vertex 35 0 138.913
      vertex 50.9111 0 147.421
    endloop
  endfacet
  facet normal 0 -1 -0
    outer loop
      vertex 50.9111 0 147.421
      vertex 35 0 138.913
      vertex 51.1215 0 147.295
    endloop
  endfacet
  facet normal 0 -1 -0
    outer loop
      vertex 51.1215 0 147.295
      vertex 35 0 138.913
      vertex 51.3433 0 147.19
    endloop
  endfacet
  facet normal 0 -1 0
    outer loop
      vertex 45.3 0 125.5
      vertex 51.3433 0 147.19
      vertex 35 0 138.913
    endloop
  endfacet
  facet normal 0 -1 -0
    outer loop
      vertex 51.3433 0 147.19
      vertex 45.3 0 125.5
      vertex 51.5743 0 147.108
    endloop
  endfacet
  facet normal 0 -1 -0
    outer loop
      vertex 51.5743 0 147.108
      vertex 45.3 0 125.5
      vertex 51.8123 0 147.048
    endloop
  endfacet
  facet normal 0 -1 -0
    outer loop
      vertex 51.8123 0 147.048
      vertex 45.3 0 125.5
      vertex 52.055 0 147.012
    endloop
  endfacet
  facet normal 0 -1 -0
    outer loop
      vertex 52.055 0 147.012
      vertex 45.3 0 125.5
      vertex 52.3 0 147
    endloop
  endfacet
  facet normal 0 -1 0
    outer loop
      vertex 45.3 0 125.5
      vertex 35 0 138.913
      vertex 35 0 134.233
    endloop
  endfacet
  facet normal 0 -1 0
    outer loop
      vertex 45.3 0 125.5
      vertex 35 0 134.233
      vertex 30 0 125.573
    endloop
  endfacet
  facet normal 0 -1 -0
    outer loop
      vertex 52.7877 0 147.048
      vertex 45.3 0 125.5
      vertex 59.3 0 146.5
    endloop
  endfacet
  facet normal 0 -1 0
    outer loop
      vertex -45.3 0 54
      vertex -52.545 0 32.488
      vertex -52.3 0 32.5
    endloop
  endfacet
  facet normal 0 -1 0
    outer loop
      vertex -45.3 0 54
      vertex -52.7877 0 32.452
      vertex -52.545 0 32.488
    endloop
  endfacet
  facet normal 0 -1 0
    outer loop
      vertex -59.3 0 33
      vertex -53.0257 0 32.3923
      vertex -52.7877 0 32.452
    endloop
  endfacet
  facet normal 0 -1 0
    outer loop
      vertex -59.3 0 33
      vertex -53.2567 0 32.3097
      vertex -53.0257 0 32.3923
    endloop
  endfacet
  facet normal 0 -1 0
    outer loop
      vertex -59.3 0 33
      vertex -53.4785 0 32.2048
      vertex -53.2567 0 32.3097
    endloop
  endfacet
  facet normal 0 -1 0
    outer loop
      vertex -59.3 0 33
      vertex -53.6889 0 32.0787
      vertex -53.4785 0 32.2048
    endloop
  endfacet
  facet normal 0 -1 0
    outer loop
      vertex -59.3 0 33
      vertex -53.886 0 31.9325
      vertex -53.6889 0 32.0787
    endloop
  endfacet
  facet normal 0 -1 0
    outer loop
      vertex -59.3 0 33
      vertex -54.0678 0 31.7678
      vertex -53.886 0 31.9325
    endloop
  endfacet
  facet normal 0 -1 0
    outer loop
      vertex -59.3 0 33
      vertex -54.2325 0 31.586
      vertex -54.0678 0 31.7678
    endloop
  endfacet
  facet normal 0 -1 0
    outer loop
      vertex -59.3 0 33
      vertex -54.3787 0 31.3889
      vertex -54.2325 0 31.586
    endloop
  endfacet
  facet normal 0 -1 0
    outer loop
      vertex -59.3 0 33
      vertex -54.5048 0 31.1785
      vertex -54.3787 0 31.3889
    endloop
  endfacet
  facet normal 0 -1 0
    outer loop
      vertex -59.3 0 33
      vertex -54.6097 0 30.9567
      vertex -54.5048 0 31.1785
    endloop
  endfacet
  facet normal 0 -1 0
    outer loop
      vertex -59.3 0 33
      vertex -54.6924 0 30.7257
      vertex -54.6097 0 30.9567
    endloop
  endfacet
  facet normal 0 -1 0
    outer loop
      vertex -59.3 0 33
      vertex -54.752 0 30.4877
      vertex -54.6924 0 30.7257
    endloop
  endfacet
  facet normal 0 -1 0
    outer loop
      vertex -59.3 0 33
      vertex -54.788 0 30.245
      vertex -54.752 0 30.4877
    endloop
  endfacet
  facet normal 0 -1 0
    outer loop
      vertex -59.3 0 33
      vertex -54.8 0 30
      vertex -54.788 0 30.245
    endloop
  endfacet
  facet normal 0 -1 0
    outer loop
      vertex -59.3 0 27
      vertex -54.8 0 30
      vertex -59.3 0 33
    endloop
  endfacet
  facet normal 0 -1 -0
    outer loop
      vertex -54.8 0 30
      vertex -59.3 0 27
      vertex -54.788 0 29.755
    endloop
  endfacet
  facet normal 0 -1 -0
    outer loop
      vertex -54.788 0 29.755
      vertex -59.3 0 27
      vertex -54.752 0 29.5123
    endloop
  endfacet
  facet normal 0 -1 -0
    outer loop
      vertex -54.752 0 29.5123
      vertex -59.3 0 27
      vertex -54.6924 0 29.2743
    endloop
  endfacet
  facet normal 0 -1 -0
    outer loop
      vertex -54.6924 0 29.2743
      vertex -59.3 0 27
      vertex -54.6097 0 29.0433
    endloop
  endfacet
  facet normal 0 -1 -0
    outer loop
      vertex -54.6097 0 29.0433
      vertex -59.3 0 27
      vertex -54.5048 0 28.8215
    endloop
  endfacet
  facet normal 0 -1 -0
    outer loop
      vertex -54.5048 0 28.8215
      vertex -59.3 0 27
      vertex -54.3787 0 28.6111
    endloop
  endfacet
  facet normal 0 -1 -0
    outer loop
      vertex -54.3787 0 28.6111
      vertex -59.3 0 27
      vertex -54.2325 0 28.414
    endloop
  endfacet
  facet normal 0 -1 0
    outer loop
      vertex -52.7877 0 27.548
      vertex -45.3 0 6.00002
      vertex -52.545 0 27.512
    endloop
  endfacet
  facet normal 0 -1 0
    outer loop
      vertex -45.3 0 6.00002
      vertex -52.7877 0 27.548
      vertex -59.3 0 27
    endloop
  endfacet
  facet normal 0 -1 -0
    outer loop
      vertex -53.0257 0 27.6076
      vertex -59.3 0 27
      vertex -52.7877 0 27.548
    endloop
  endfacet
  facet normal 0 -1 -0
    outer loop
      vertex -53.2567 0 27.6903
      vertex -59.3 0 27
      vertex -53.0257 0 27.6076
    endloop
  endfacet
  facet normal 0 -1 -0
    outer loop
      vertex -53.4785 0 27.7952
      vertex -59.3 0 27
      vertex -53.2567 0 27.6903
    endloop
  endfacet
  facet normal 0 -1 -0
    outer loop
      vertex -53.6889 0 27.9213
      vertex -59.3 0 27
      vertex -53.4785 0 27.7952
    endloop
  endfacet
  facet normal 0 -1 -0
    outer loop
      vertex -53.886 0 28.0675
      vertex -59.3 0 27
      vertex -53.6889 0 27.9213
    endloop
  endfacet
  facet normal 0 -1 -0
    outer loop
      vertex -54.0678 0 28.2322
      vertex -59.3 0 27
      vertex -53.886 0 28.0675
    endloop
  endfacet
  facet normal 0 -1 -0
    outer loop
      vertex -54.2325 0 28.414
      vertex -59.3 0 27
      vertex -54.0678 0 28.2322
    endloop
  endfacet
  facet normal 0 -1 0
    outer loop
      vertex -24 0 38.3192
      vertex -18 0 31.9269
      vertex -23 0 40.5872
    endloop
  endfacet
  facet normal -0 -1 0
    outer loop
      vertex -18 0 31.9269
      vertex -24 0 38.3192
      vertex -19 0 29.659
    endloop
  endfacet
  facet normal 0 -1 0
    outer loop
      vertex -12 0 38.3192
      vertex -6 0 31.9269
      vertex -11 0 40.5872
    endloop
  endfacet
  facet normal -0 -1 0
    outer loop
      vertex -6 0 31.9269
      vertex -12 0 38.3192
      vertex -7 0 29.659
    endloop
  endfacet
  facet normal 0 -1 0
    outer loop
      vertex 0 0 38.3192
      vertex 6 0 31.9269
      vertex 1 0 40.5872
    endloop
  endfacet
  facet normal -0 -1 0
    outer loop
      vertex 6 0 31.9269
      vertex 0 0 38.3192
      vertex 5 0 29.659
    endloop
  endfacet
  facet normal 0 -1 0
    outer loop
      vertex 12 0 38.3192
      vertex 18 0 31.9269
      vertex 13 0 40.5872
    endloop
  endfacet
  facet normal -0 -1 0
    outer loop
      vertex 18 0 31.9269
      vertex 12 0 38.3192
      vertex 17 0 29.659
    endloop
  endfacet
  facet normal 0 -1 0
    outer loop
      vertex 24 0 38.3192
      vertex 30 0 31.9269
      vertex 25 0 40.5872
    endloop
  endfacet
  facet normal 0 -1 0
    outer loop
      vertex 35 0 40.5872
      vertex 50.3675 0 31.586
      vertex 50.5322 0 31.7678
    endloop
  endfacet
  facet normal 0 -1 0
    outer loop
      vertex 35 0 40.5872
      vertex 50.2213 0 31.3889
      vertex 50.3675 0 31.586
    endloop
  endfacet
  facet normal 0 -1 0
    outer loop
      vertex 35 0 40.5872
      vertex 50.0952 0 31.1785
      vertex 50.2213 0 31.3889
    endloop
  endfacet
  facet normal 0 -1 0
    outer loop
      vertex 35 0 40.5872
      vertex 49.9903 0 30.9567
      vertex 50.0952 0 31.1785
    endloop
  endfacet
  facet normal 0 -1 0
    outer loop
      vertex 35 0 40.5872
      vertex 49.9076 0 30.7257
      vertex 49.9903 0 30.9567
    endloop
  endfacet
  facet normal 0 -1 0
    outer loop
      vertex 35 0 40.5872
      vertex 49.848 0 30.4877
      vertex 49.9076 0 30.7257
    endloop
  endfacet
  facet normal 0 -1 0
    outer loop
      vertex 30 0 31.9269
      vertex 49.812 0 30.245
      vertex 49.848 0 30.4877
    endloop
  endfacet
  facet normal 0 -1 0
    outer loop
      vertex 30 0 31.9269
      vertex 49.8 0 30
      vertex 49.812 0 30.245
    endloop
  endfacet
  facet normal 0 -1 0
    outer loop
      vertex 30 0 31.9269
      vertex 49.812 0 29.755
      vertex 49.8 0 30
    endloop
  endfacet
  facet normal 0 -1 0
    outer loop
      vertex 29 0 29.659
      vertex 30 0 31.9269
      vertex 24 0 38.3192
    endloop
  endfacet
  facet normal 0 -1 0
    outer loop
      vertex 29 0 24.9795
      vertex 30 0 31.9269
      vertex 29 0 29.659
    endloop
  endfacet
  facet normal 0 -1 0
    outer loop
      vertex 30 0 31.9269
      vertex 49.848 0 29.5123
      vertex 49.812 0 29.755
    endloop
  endfacet
  facet normal 0 -1 -0
    outer loop
      vertex 30 0 31.9269
      vertex 29 0 24.9795
      vertex 49.848 0 29.5123
    endloop
  endfacet
  facet normal 0 -1 -0
    outer loop
      vertex 49.848 0 29.5123
      vertex 29 0 24.9795
      vertex 49.9076 0 29.2743
    endloop
  endfacet
  facet normal 0 -1 -0
    outer loop
      vertex 49.9076 0 29.2743
      vertex 29 0 24.9795
      vertex 49.9903 0 29.0433
    endloop
  endfacet
  facet normal 0 -1 -0
    outer loop
      vertex 49.9903 0 29.0433
      vertex 29 0 24.9795
      vertex 50.0952 0 28.8215
    endloop
  endfacet
  facet normal 0 -1 -0
    outer loop
      vertex 50.0952 0 28.8215
      vertex 29 0 24.9795
      vertex 50.2213 0 28.6111
    endloop
  endfacet
  facet normal 0 -1 -0
    outer loop
      vertex 50.2213 0 28.6111
      vertex 29 0 24.9795
      vertex 50.3675 0 28.414
    endloop
  endfacet
  facet normal 0 -1 -0
    outer loop
      vertex 50.3675 0 28.414
      vertex 29 0 24.9795
      vertex 50.5322 0 28.2322
    endloop
  endfacet
  facet normal 0 -1 0
    outer loop
      vertex 45.3 0 6.00002
      vertex 50.5322 0 28.2322
      vertex 29 0 24.9795
    endloop
  endfacet
  facet normal 0 -1 -0
    outer loop
      vertex 50.5322 0 28.2322
      vertex 45.3 0 6.00002
      vertex 50.714 0 28.0675
    endloop
  endfacet
  facet normal 0 -1 -0
    outer loop
      vertex 50.714 0 28.0675
      vertex 45.3 0 6.00002
      vertex 50.9111 0 27.9213
    endloop
  endfacet
  facet normal 0 -1 -0
    outer loop
      vertex 50.9111 0 27.9213
      vertex 45.3 0 6.00002
      vertex 51.1215 0 27.7952
    endloop
  endfacet
  facet normal 0 -1 -0
    outer loop
      vertex 51.1215 0 27.7952
      vertex 45.3 0 6.00002
      vertex 51.3433 0 27.6903
    endloop
  endfacet
  facet normal 0 -1 -0
    outer loop
      vertex 51.3433 0 27.6903
      vertex 45.3 0 6.00002
      vertex 51.5743 0 27.6076
    endloop
  endfacet
  facet normal 0 -1 0
    outer loop
      vertex 45.3 0 6.00002
      vertex 52.3 0 27.5
      vertex 52.055 0 27.512
    endloop
  endfacet
  facet normal 0 -1 -0
    outer loop
      vertex 51.5743 0 27.6076
      vertex 45.3 0 6.00002
      vertex 51.8123 0 27.548
    endloop
  endfacet
  facet normal 0 -1 -0
    outer loop
      vertex 51.8123 0 27.548
      vertex 45.3 0 6.00002
      vertex 52.055 0 27.512
    endloop
  endfacet
  facet normal 0 -1 0
    outer loop
      vertex 45.3 0 6.00002
      vertex 29 0 24.9795
      vertex 24 0 16.3192
    endloop
  endfacet
  facet normal 0 -1 -0
    outer loop
      vertex 52.3 0 27.5
      vertex 45.3 0 6.00002
      vertex 59.3 0 27
    endloop
  endfacet
  facet normal 0 -1 0
    outer loop
      vertex 0 0 16.3192
      vertex 45.3 0 0
      vertex 12 0 16.3192
    endloop
  endfacet
  facet normal 0 -1 0
    outer loop
      vertex 12 0 16.3192
      vertex 45.3 0 0
      vertex 24 0 16.3192
    endloop
  endfacet
  facet normal 0 -1 0
    outer loop
      vertex 24 0 16.3192
      vertex 45.3 0 0
      vertex 45.3 0 6.00002
    endloop
  endfacet
  facet normal 0 -1 0
    outer loop
      vertex 52.7877 0 32.452
      vertex 45.3 0 54
      vertex 52.545 0 32.488
    endloop
  endfacet
  facet normal 0 -1 0
    outer loop
      vertex 45.3 0 54
      vertex 52.7877 0 32.452
      vertex 59.3 0 33
    endloop
  endfacet
  facet normal 0 -1 0
    outer loop
      vertex 53.0257 0 32.3923
      vertex 59.3 0 33
      vertex 52.7877 0 32.452
    endloop
  endfacet
  facet normal 0 -1 0
    outer loop
      vertex 53.2567 0 32.3097
      vertex 59.3 0 33
      vertex 53.0257 0 32.3923
    endloop
  endfacet
  facet normal 0 -1 0
    outer loop
      vertex 53.4785 0 32.2048
      vertex 59.3 0 33
      vertex 53.2567 0 32.3097
    endloop
  endfacet
  facet normal 0 -1 0
    outer loop
      vertex 53.6889 0 32.0787
      vertex 59.3 0 33
      vertex 53.4785 0 32.2048
    endloop
  endfacet
  facet normal 0 -1 0
    outer loop
      vertex 53.886 0 31.9325
      vertex 59.3 0 33
      vertex 53.6889 0 32.0787
    endloop
  endfacet
  facet normal 0 -1 0
    outer loop
      vertex 54.0678 0 31.7678
      vertex 59.3 0 33
      vertex 53.886 0 31.9325
    endloop
  endfacet
  facet normal 0 -1 0
    outer loop
      vertex 54.2325 0 31.586
      vertex 59.3 0 33
      vertex 54.0678 0 31.7678
    endloop
  endfacet
  facet normal 0 -1 0
    outer loop
      vertex 54.3787 0 31.3889
      vertex 59.3 0 33
      vertex 54.2325 0 31.586
    endloop
  endfacet
  facet normal 0 -1 0
    outer loop
      vertex 54.5048 0 31.1785
      vertex 59.3 0 33
      vertex 54.3787 0 31.3889
    endloop
  endfacet
  facet normal 0 -1 0
    outer loop
      vertex 54.6097 0 30.9567
      vertex 59.3 0 33
      vertex 54.5048 0 31.1785
    endloop
  endfacet
  facet normal 0 -1 0
    outer loop
      vertex 54.6924 0 30.7257
      vertex 59.3 0 33
      vertex 54.6097 0 30.9567
    endloop
  endfacet
  facet normal 0 -1 0
    outer loop
      vertex 54.752 0 30.4877
      vertex 59.3 0 33
      vertex 54.6924 0 30.7257
    endloop
  endfacet
  facet normal 0 -1 0
    outer loop
      vertex 54.788 0 30.245
      vertex 59.3 0 33
      vertex 54.752 0 30.4877
    endloop
  endfacet
  facet normal 0 -1 0
    outer loop
      vertex 54.8 0 30
      vertex 59.3 0 33
      vertex 54.788 0 30.245
    endloop
  endfacet
  facet normal 0 -1 0
    outer loop
      vertex 59.3 0 27
      vertex 54.8 0 30
      vertex 54.788 0 29.755
    endloop
  endfacet
  facet normal 0 -1 0
    outer loop
      vertex 59.3 0 27
      vertex 54.788 0 29.755
      vertex 54.752 0 29.5123
    endloop
  endfacet
  facet normal 0 -1 0
    outer loop
      vertex 59.3 0 27
      vertex 54.752 0 29.5123
      vertex 54.6924 0 29.2743
    endloop
  endfacet
  facet normal 0 -1 0
    outer loop
      vertex 59.3 0 27
      vertex 54.6924 0 29.2743
      vertex 54.6097 0 29.0433
    endloop
  endfacet
  facet normal 0 -1 0
    outer loop
      vertex 59.3 0 27
      vertex 54.6097 0 29.0433
      vertex 54.5048 0 28.8215
    endloop
  endfacet
  facet normal 0 -1 0
    outer loop
      vertex 59.3 0 27
      vertex 54.5048 0 28.8215
      vertex 54.3787 0 28.6111
    endloop
  endfacet
  facet normal 0 -1 0
    outer loop
      vertex 59.3 0 27
      vertex 54.3787 0 28.6111
      vertex 54.2325 0 28.414
    endloop
  endfacet
  facet normal 0 -1 0
    outer loop
      vertex 59.3 0 27
      vertex 54.2325 0 28.414
      vertex 54.0678 0 28.2322
    endloop
  endfacet
  facet normal 0 -1 0
    outer loop
      vertex 54.8 0 30
      vertex 59.3 0 27
      vertex 59.3 0 33
    endloop
  endfacet
  facet normal 0 -1 0
    outer loop
      vertex 53.886 0 28.0675
      vertex 59.3 0 27
      vertex 54.0678 0 28.2322
    endloop
  endfacet
  facet normal 0 -1 0
    outer loop
      vertex 53.6889 0 27.9213
      vertex 59.3 0 27
      vertex 53.886 0 28.0675
    endloop
  endfacet
  facet normal 0 -1 0
    outer loop
      vertex 53.4785 0 27.7952
      vertex 59.3 0 27
      vertex 53.6889 0 27.9213
    endloop
  endfacet
  facet normal 0 -1 0
    outer loop
      vertex 53.2567 0 27.6903
      vertex 59.3 0 27
      vertex 53.4785 0 27.7952
    endloop
  endfacet
  facet normal 0 -1 0
    outer loop
      vertex 53.0257 0 27.6076
      vertex 59.3 0 27
      vertex 53.2567 0 27.6903
    endloop
  endfacet
  facet normal 0 -1 0
    outer loop
      vertex 52.7877 0 27.548
      vertex 59.3 0 27
      vertex 53.0257 0 27.6076
    endloop
  endfacet
  facet normal 0 -1 0
    outer loop
      vertex 52.545 0 27.512
      vertex 59.3 0 27
      vertex 52.7877 0 27.548
    endloop
  endfacet
  facet normal 0 -1 0
    outer loop
      vertex 59.3 0 27
      vertex 52.545 0 27.512
      vertex 52.3 0 27.5
    endloop
  endfacet
  facet normal 0 -1 0
    outer loop
      vertex -24 0 131.965
      vertex -18 0 125.573
      vertex -23 0 134.233
    endloop
  endfacet
  facet normal -0 -1 0
    outer loop
      vertex -18 0 125.573
      vertex -24 0 131.965
      vertex -19 0 123.305
    endloop
  endfacet
  facet normal 0 -1 0
    outer loop
      vertex -12 0 131.965
      vertex -6 0 125.573
      vertex -11 0 134.233
    endloop
  endfacet
  facet normal -0 -1 0
    outer loop
      vertex -6 0 125.573
      vertex -12 0 131.965
      vertex -7 0 123.305
    endloop
  endfacet
  facet normal 0 -1 0
    outer loop
      vertex 0 0 131.965
      vertex 6 0 125.573
      vertex 1 0 134.233
    endloop
  endfacet
  facet normal -0 -1 0
    outer loop
      vertex 6 0 125.573
      vertex 0 0 131.965
      vertex 5 0 123.305
    endloop
  endfacet
  facet normal 0 -1 0
    outer loop
      vertex 12 0 131.965
      vertex 18 0 125.573
      vertex 13 0 134.233
    endloop
  endfacet
  facet normal -0 -1 0
    outer loop
      vertex 18 0 125.573
      vertex 12 0 131.965
      vertex 17 0 123.305
    endloop
  endfacet
  facet normal 0 -1 0
    outer loop
      vertex 24 0 131.965
      vertex 30 0 125.573
      vertex 25 0 134.233
    endloop
  endfacet
  facet normal 0 -1 0
    outer loop
      vertex 29 0 123.305
      vertex 30 0 125.573
      vertex 24 0 131.965
    endloop
  endfacet
  facet normal 0 -1 0
    outer loop
      vertex 30 0 116.358
      vertex 30 0 125.573
      vertex 29 0 123.305
    endloop
  endfacet
  facet normal 0 -1 0
    outer loop
      vertex 30 0 116.358
      vertex 29 0 123.305
      vertex 29 0 118.626
    endloop
  endfacet
  facet normal 0 -1 0
    outer loop
      vertex 30 0 125.573
      vertex 30 0 116.358
      vertex 45.3 0 125.5
    endloop
  endfacet
  facet normal 0 -1 0
    outer loop
      vertex 35 0 107.697
      vertex 45.3 0 125.5
      vertex 30 0 116.358
    endloop
  endfacet
  facet normal 0 -1 0
    outer loop
      vertex 35 0 103.018
      vertex 45.3 0 125.5
      vertex 35 0 107.697
    endloop
  endfacet
  facet normal 0 -1 0
    outer loop
      vertex 30 0 85.1423
      vertex 30 0 94.3577
      vertex 29 0 92.0897
    endloop
  endfacet
  facet normal 0 -1 0
    outer loop
      vertex 30 0 85.1423
      vertex 29 0 92.0897
      vertex 29 0 87.4103
    endloop
  endfacet
  facet normal 0 -1 0
    outer loop
      vertex 30 0 94.3577
      vertex 30 0 85.1423
      vertex 35 0 103.018
    endloop
  endfacet
  facet normal 0 -1 0
    outer loop
      vertex 35 0 76.482
      vertex 35 0 103.018
      vertex 30 0 85.1423
    endloop
  endfacet
  facet normal 0 -1 0
    outer loop
      vertex 35 0 103.018
      vertex 35 0 76.482
      vertex 45.3 0 125.5
    endloop
  endfacet
  facet normal 0 -1 0
    outer loop
      vertex 45.3 0 54
      vertex 35 0 76.482
      vertex 35 0 71.8026
    endloop
  endfacet
  facet normal 0 -1 0
    outer loop
      vertex 30 0 53.9269
      vertex 30 0 63.1423
      vertex 29 0 60.8743
    endloop
  endfacet
  facet normal 0 -1 0
    outer loop
      vertex 30 0 53.9269
      vertex 29 0 60.8743
      vertex 29 0 56.1949
    endloop
  endfacet
  facet normal 0 -1 0
    outer loop
      vertex 35 0 76.482
      vertex 45.3 0 54
      vertex 45.3 0 125.5
    endloop
  endfacet
  facet normal 0 -1 0
    outer loop
      vertex 30 0 63.1423
      vertex 45.3 0 54
      vertex 35 0 71.8026
    endloop
  endfacet
  facet normal 0 -1 0
    outer loop
      vertex 30 0 63.1423
      vertex 30 0 53.9269
      vertex 45.3 0 54
    endloop
  endfacet
  facet normal 0 -1 0
    outer loop
      vertex 24 0 47.5346
      vertex 30 0 53.9269
      vertex 29 0 56.1949
    endloop
  endfacet
  facet normal 0 -1 0
    outer loop
      vertex 25 0 45.2666
      vertex 24 0 47.5346
      vertex 23 0 45.2666
    endloop
  endfacet
  facet normal 0 -1 0
    outer loop
      vertex 24 0 47.5346
      vertex 25 0 45.2666
      vertex 30 0 53.9269
    endloop
  endfacet
  facet normal 0 -1 0
    outer loop
      vertex 23 0 40.5872
      vertex 25 0 45.2666
      vertex 23 0 45.2666
    endloop
  endfacet
  facet normal 0 -1 0
    outer loop
      vertex 23 0 40.5872
      vertex 25 0 40.5872
      vertex 25 0 45.2666
    endloop
  endfacet
  facet normal 0 -1 0
    outer loop
      vertex 23 0 40.5872
      vertex 24 0 38.3192
      vertex 25 0 40.5872
    endloop
  endfacet
  facet normal 0 -1 0
    outer loop
      vertex 18 0 31.9269
      vertex 24 0 38.3192
      vertex 23 0 40.5872
    endloop
  endfacet
  facet normal 0 -1 0
    outer loop
      vertex 19 0 29.659
      vertex 18 0 31.9269
      vertex 17 0 29.659
    endloop
  endfacet
  facet normal 0 -1 0
    outer loop
      vertex 18 0 31.9269
      vertex 19 0 29.659
      vertex 24 0 38.3192
    endloop
  endfacet
  facet normal 0 -1 0
    outer loop
      vertex 17 0 24.9795
      vertex 19 0 29.659
      vertex 17 0 29.659
    endloop
  endfacet
  facet normal 0 -1 0
    outer loop
      vertex 17 0 24.9795
      vertex 19 0 24.9795
      vertex 19 0 29.659
    endloop
  endfacet
  facet normal 0 -1 0
    outer loop
      vertex 12 0 16.3192
      vertex 19 0 24.9795
      vertex 17 0 24.9795
    endloop
  endfacet
  facet normal 0 -1 -0
    outer loop
      vertex 19 0 24.9795
      vertex 12 0 16.3192
      vertex 24 0 16.3192
    endloop
  endfacet
  facet normal 0 -1 0
    outer loop
      vertex -45.3 0 54
      vertex -35 0 45.2666
      vertex -30 0 53.9269
    endloop
  endfacet
  facet normal 0 -1 0
    outer loop
      vertex -45.3 0 54
      vertex -35 0 40.5872
      vertex -35 0 45.2666
    endloop
  endfacet
  facet normal 0 -1 0
    outer loop
      vertex -52.7877 0 32.452
      vertex -45.3 0 54
      vertex -59.3 0 33
    endloop
  endfacet
  facet normal 0 -1 0
    outer loop
      vertex -52.055 0 32.488
      vertex -45.3 0 54
      vertex -52.3 0 32.5
    endloop
  endfacet
  facet normal 0 -1 0
    outer loop
      vertex -51.8123 0 32.452
      vertex -45.3 0 54
      vertex -52.055 0 32.488
    endloop
  endfacet
  facet normal 0 -1 0
    outer loop
      vertex -51.5743 0 32.3923
      vertex -45.3 0 54
      vertex -51.8123 0 32.452
    endloop
  endfacet
  facet normal 0 -1 0
    outer loop
      vertex -51.3433 0 32.3097
      vertex -45.3 0 54
      vertex -51.5743 0 32.3923
    endloop
  endfacet
  facet normal 0 -1 -0
    outer loop
      vertex -45.3 0 54
      vertex -51.3433 0 32.3097
      vertex -35 0 40.5872
    endloop
  endfacet
  facet normal 0 -1 0
    outer loop
      vertex -51.1215 0 32.2048
      vertex -35 0 40.5872
      vertex -51.3433 0 32.3097
    endloop
  endfacet
  facet normal 0 -1 0
    outer loop
      vertex -50.9111 0 32.0787
      vertex -35 0 40.5872
      vertex -51.1215 0 32.2048
    endloop
  endfacet
  facet normal 0 -1 0
    outer loop
      vertex -50.714 0 31.9325
      vertex -35 0 40.5872
      vertex -50.9111 0 32.0787
    endloop
  endfacet
  facet normal 0 -1 0
    outer loop
      vertex -50.5322 0 31.7678
      vertex -35 0 40.5872
      vertex -50.714 0 31.9325
    endloop
  endfacet
  facet normal 0 -1 0
    outer loop
      vertex -50.3675 0 31.586
      vertex -35 0 40.5872
      vertex -50.5322 0 31.7678
    endloop
  endfacet
  facet normal 0 -1 0
    outer loop
      vertex -18 0 53.9269
      vertex -12 0 47.5346
      vertex -17 0 56.1949
    endloop
  endfacet
  facet normal -0 -1 0
    outer loop
      vertex -12 0 47.5346
      vertex -18 0 53.9269
      vertex -13 0 45.2666
    endloop
  endfacet
  facet normal 0 -1 0
    outer loop
      vertex -6 0 53.9269
      vertex 0 0 47.5346
      vertex -5 0 56.1949
    endloop
  endfacet
  facet normal -0 -1 0
    outer loop
      vertex 0 0 47.5346
      vertex -6 0 53.9269
      vertex -1 0 45.2666
    endloop
  endfacet
  facet normal 0 -1 0
    outer loop
      vertex 6 0 53.9269
      vertex 12 0 47.5346
      vertex 7 0 56.1949
    endloop
  endfacet
  facet normal -0 -1 0
    outer loop
      vertex 12 0 47.5346
      vertex 6 0 53.9269
      vertex 11 0 45.2666
    endloop
  endfacet
  facet normal 0 -1 0
    outer loop
      vertex 18 0 53.9269
      vertex 24 0 47.5346
      vertex 19 0 56.1949
    endloop
  endfacet
  facet normal -0 -1 0
    outer loop
      vertex 24 0 47.5346
      vertex 18 0 53.9269
      vertex 23 0 45.2666
    endloop
  endfacet
  facet normal 0 -1 0
    outer loop
      vertex 35 0 45.2666
      vertex 45.3 0 54
      vertex 30 0 53.9269
    endloop
  endfacet
  facet normal 0 -1 0
    outer loop
      vertex 35 0 40.5872
      vertex 45.3 0 54
      vertex 35 0 45.2666
    endloop
  endfacet
  facet normal 0 -1 0
    outer loop
      vertex 51.3433 0 32.3097
      vertex 45.3 0 54
      vertex 35 0 40.5872
    endloop
  endfacet
  facet normal 0 -1 0
    outer loop
      vertex 52.545 0 32.488
      vertex 45.3 0 54
      vertex 52.3 0 32.5
    endloop
  endfacet
  facet normal 0 -1 0
    outer loop
      vertex 45.3 0 54
      vertex 52.055 0 32.488
      vertex 52.3 0 32.5
    endloop
  endfacet
  facet normal 0 -1 0
    outer loop
      vertex 45.3 0 54
      vertex 51.8123 0 32.452
      vertex 52.055 0 32.488
    endloop
  endfacet
  facet normal 0 -1 0
    outer loop
      vertex 45.3 0 54
      vertex 51.5743 0 32.3923
      vertex 51.8123 0 32.452
    endloop
  endfacet
  facet normal 0 -1 0
    outer loop
      vertex 45.3 0 54
      vertex 51.3433 0 32.3097
      vertex 51.5743 0 32.3923
    endloop
  endfacet
  facet normal 0 -1 0
    outer loop
      vertex 35 0 40.5872
      vertex 51.1215 0 32.2048
      vertex 51.3433 0 32.3097
    endloop
  endfacet
  facet normal 0 -1 0
    outer loop
      vertex 35 0 40.5872
      vertex 50.9111 0 32.0787
      vertex 51.1215 0 32.2048
    endloop
  endfacet
  facet normal 0 -1 0
    outer loop
      vertex 35 0 40.5872
      vertex 50.714 0 31.9325
      vertex 50.9111 0 32.0787
    endloop
  endfacet
  facet normal 0 -1 0
    outer loop
      vertex 49.848 0 30.4877
      vertex 35 0 40.5872
      vertex 30 0 31.9269
    endloop
  endfacet
  facet normal 0 -1 0
    outer loop
      vertex 35 0 40.5872
      vertex 50.5322 0 31.7678
      vertex 50.714 0 31.9325
    endloop
  endfacet
  facet normal 0 -1 0
    outer loop
      vertex 24 0 78.75
      vertex 30 0 85.1423
      vertex 29 0 87.4103
    endloop
  endfacet
  facet normal 0 -1 0
    outer loop
      vertex 25 0 76.482
      vertex 24 0 78.75
      vertex 23 0 76.482
    endloop
  endfacet
  facet normal 0 -1 0
    outer loop
      vertex 24 0 78.75
      vertex 25 0 76.482
      vertex 30 0 85.1423
    endloop
  endfacet
  facet normal 0 -1 0
    outer loop
      vertex 23 0 71.8026
      vertex 25 0 76.482
      vertex 23 0 76.482
    endloop
  endfacet
  facet normal 0 -1 0
    outer loop
      vertex 23 0 71.8026
      vertex 25 0 71.8026
      vertex 25 0 76.482
    endloop
  endfacet
  facet normal 0 -1 0
    outer loop
      vertex 23 0 71.8026
      vertex 24 0 69.5346
      vertex 25 0 71.8026
    endloop
  endfacet
  facet normal 0 -1 0
    outer loop
      vertex 18 0 63.1423
      vertex 24 0 69.5346
      vertex 23 0 71.8026
    endloop
  endfacet
  facet normal 0 -1 0
    outer loop
      vertex 19 0 60.8743
      vertex 18 0 63.1423
      vertex 17 0 60.8743
    endloop
  endfacet
  facet normal 0 -1 0
    outer loop
      vertex 18 0 63.1423
      vertex 19 0 60.8743
      vertex 24 0 69.5346
    endloop
  endfacet
  facet normal 0 -1 0
    outer loop
      vertex 17 0 56.1949
      vertex 19 0 60.8743
      vertex 17 0 60.8743
    endloop
  endfacet
  facet normal 0 -1 0
    outer loop
      vertex 17 0 56.1949
      vertex 19 0 56.1949
      vertex 19 0 60.8743
    endloop
  endfacet
  facet normal 0 -1 0
    outer loop
      vertex 17 0 56.1949
      vertex 18 0 53.9269
      vertex 19 0 56.1949
    endloop
  endfacet
  facet normal 0 -1 0
    outer loop
      vertex 12 0 47.5346
      vertex 18 0 53.9269
      vertex 17 0 56.1949
    endloop
  endfacet
  facet normal 0 -1 0
    outer loop
      vertex 13 0 45.2666
      vertex 12 0 47.5346
      vertex 11 0 45.2666
    endloop
  endfacet
  facet normal 0 -1 0
    outer loop
      vertex 12 0 47.5346
      vertex 13 0 45.2666
      vertex 18 0 53.9269
    endloop
  endfacet
  facet normal 0 -1 0
    outer loop
      vertex 11 0 40.5872
      vertex 13 0 45.2666
      vertex 11 0 45.2666
    endloop
  endfacet
  facet normal 0 -1 0
    outer loop
      vertex 11 0 40.5872
      vertex 13 0 40.5872
      vertex 13 0 45.2666
    endloop
  endfacet
  facet normal 0 -1 0
    outer loop
      vertex 11 0 40.5872
      vertex 12 0 38.3192
      vertex 13 0 40.5872
    endloop
  endfacet
  facet normal 0 -1 0
    outer loop
      vertex 6 0 31.9269
      vertex 12 0 38.3192
      vertex 11 0 40.5872
    endloop
  endfacet
  facet normal 0 -1 0
    outer loop
      vertex 7 0 29.659
      vertex 6 0 31.9269
      vertex 5 0 29.659
    endloop
  endfacet
  facet normal 0 -1 0
    outer loop
      vertex 6 0 31.9269
      vertex 7 0 29.659
      vertex 12 0 38.3192
    endloop
  endfacet
  facet normal 0 -1 0
    outer loop
      vertex 5 0 24.9795
      vertex 7 0 29.659
      vertex 5 0 29.659
    endloop
  endfacet
  facet normal 0 -1 0
    outer loop
      vertex 5 0 24.9795
      vertex 7 0 24.9795
      vertex 7 0 29.659
    endloop
  endfacet
  facet normal 0 -1 0
    outer loop
      vertex 0 0 16.3192
      vertex 7 0 24.9795
      vertex 5 0 24.9795
    endloop
  endfacet
  facet normal 0 -1 -0
    outer loop
      vertex 7 0 24.9795
      vertex 0 0 16.3192
      vertex 12 0 16.3192
    endloop
  endfacet
  facet normal 0 -1 0
    outer loop
      vertex -30 0 85.1423
      vertex -24 0 78.75
      vertex -29 0 87.4103
    endloop
  endfacet
  facet normal -0 -1 0
    outer loop
      vertex -24 0 78.75
      vertex -30 0 85.1423
      vertex -25 0 76.482
    endloop
  endfacet
  facet normal 0 -1 0
    outer loop
      vertex -18 0 85.1423
      vertex -12 0 78.75
      vertex -17 0 87.4103
    endloop
  endfacet
  facet normal -0 -1 0
    outer loop
      vertex -12 0 78.75
      vertex -18 0 85.1423
      vertex -13 0 76.482
    endloop
  endfacet
  facet normal 0 -1 0
    outer loop
      vertex -6 0 85.1423
      vertex 0 0 78.75
      vertex -5 0 87.4103
    endloop
  endfacet
  facet normal -0 -1 0
    outer loop
      vertex 0 0 78.75
      vertex -6 0 85.1423
      vertex -1 0 76.482
    endloop
  endfacet
  facet normal 0 -1 0
    outer loop
      vertex 6 0 85.1423
      vertex 12 0 78.75
      vertex 7 0 87.4103
    endloop
  endfacet
  facet normal -0 -1 0
    outer loop
      vertex 12 0 78.75
      vertex 6 0 85.1423
      vertex 11 0 76.482
    endloop
  endfacet
  facet normal 0 -1 0
    outer loop
      vertex 18 0 85.1423
      vertex 24 0 78.75
      vertex 19 0 87.4103
    endloop
  endfacet
  facet normal -0 -1 0
    outer loop
      vertex 24 0 78.75
      vertex 18 0 85.1423
      vertex 23 0 76.482
    endloop
  endfacet
  facet normal 0 -1 0
    outer loop
      vertex 24 0 109.965
      vertex 30 0 116.358
      vertex 29 0 118.626
    endloop
  endfacet
  facet normal 0 -1 0
    outer loop
      vertex 25 0 107.697
      vertex 24 0 109.965
      vertex 23 0 107.697
    endloop
  endfacet
  facet normal 0 -1 0
    outer loop
      vertex 24 0 109.965
      vertex 25 0 107.697
      vertex 30 0 116.358
    endloop
  endfacet
  facet normal 0 -1 0
    outer loop
      vertex 23 0 103.018
      vertex 25 0 107.697
      vertex 23 0 107.697
    endloop
  endfacet
  facet normal 0 -1 0
    outer loop
      vertex 23 0 103.018
      vertex 25 0 103.018
      vertex 25 0 107.697
    endloop
  endfacet
  facet normal 0 -1 0
    outer loop
      vertex 23 0 103.018
      vertex 24 0 100.75
      vertex 25 0 103.018
    endloop
  endfacet
  facet normal 0 -1 0
    outer loop
      vertex 18 0 94.3577
      vertex 24 0 100.75
      vertex 23 0 103.018
    endloop
  endfacet
  facet normal 0 -1 0
    outer loop
      vertex 19 0 92.0897
      vertex 18 0 94.3577
      vertex 17 0 92.0897
    endloop
  endfacet
  facet normal 0 -1 0
    outer loop
      vertex 18 0 94.3577
      vertex 19 0 92.0897
      vertex 24 0 100.75
    endloop
  endfacet
  facet normal 0 -1 0
    outer loop
      vertex 17 0 87.4103
      vertex 19 0 92.0897
      vertex 17 0 92.0897
    endloop
  endfacet
  facet normal 0 -1 0
    outer loop
      vertex 17 0 87.4103
      vertex 19 0 87.4103
      vertex 19 0 92.0897
    endloop
  endfacet
  facet normal 0 -1 0
    outer loop
      vertex 17 0 87.4103
      vertex 18 0 85.1423
      vertex 19 0 87.4103
    endloop
  endfacet
  facet normal 0 -1 0
    outer loop
      vertex 12 0 78.75
      vertex 18 0 85.1423
      vertex 17 0 87.4103
    endloop
  endfacet
  facet normal 0 -1 0
    outer loop
      vertex 13 0 76.482
      vertex 12 0 78.75
      vertex 11 0 76.482
    endloop
  endfacet
  facet normal 0 -1 0
    outer loop
      vertex 12 0 78.75
      vertex 13 0 76.482
      vertex 18 0 85.1423
    endloop
  endfacet
  facet normal 0 -1 0
    outer loop
      vertex 11 0 71.8026
      vertex 13 0 76.482
      vertex 11 0 76.482
    endloop
  endfacet
  facet normal 0 -1 0
    outer loop
      vertex 11 0 71.8026
      vertex 13 0 71.8026
      vertex 13 0 76.482
    endloop
  endfacet
  facet normal 0 -1 0
    outer loop
      vertex 11 0 71.8026
      vertex 12 0 69.5346
      vertex 13 0 71.8026
    endloop
  endfacet
  facet normal 0 -1 0
    outer loop
      vertex 6 0 63.1423
      vertex 12 0 69.5346
      vertex 11 0 71.8026
    endloop
  endfacet
  facet normal 0 -1 0
    outer loop
      vertex 7 0 60.8743
      vertex 6 0 63.1423
      vertex 5 0 60.8743
    endloop
  endfacet
  facet normal 0 -1 0
    outer loop
      vertex 6 0 63.1423
      vertex 7 0 60.8743
      vertex 12 0 69.5346
    endloop
  endfacet
  facet normal 0 -1 0
    outer loop
      vertex 5 0 56.1949
      vertex 7 0 60.8743
      vertex 5 0 60.8743
    endloop
  endfacet
  facet normal 0 -1 0
    outer loop
      vertex 5 0 56.1949
      vertex 7 0 56.1949
      vertex 7 0 60.8743
    endloop
  endfacet
  facet normal 0 -1 0
    outer loop
      vertex 5 0 56.1949
      vertex 6 0 53.9269
      vertex 7 0 56.1949
    endloop
  endfacet
  facet normal 0 -1 0
    outer loop
      vertex 0 0 47.5346
      vertex 6 0 53.9269
      vertex 5 0 56.1949
    endloop
  endfacet
  facet normal 0 -1 0
    outer loop
      vertex 1 0 45.2666
      vertex 0 0 47.5346
      vertex -1 0 45.2666
    endloop
  endfacet
  facet normal 0 -1 0
    outer loop
      vertex 0 0 47.5346
      vertex 1 0 45.2666
      vertex 6 0 53.9269
    endloop
  endfacet
  facet normal 0 -1 0
    outer loop
      vertex -1 0 40.5872
      vertex 1 0 45.2666
      vertex -1 0 45.2666
    endloop
  endfacet
  facet normal 0 -1 0
    outer loop
      vertex -1 0 40.5872
      vertex 1 0 40.5872
      vertex 1 0 45.2666
    endloop
  endfacet
  facet normal 0 -1 0
    outer loop
      vertex -1 0 40.5872
      vertex 0 0 38.3192
      vertex 1 0 40.5872
    endloop
  endfacet
  facet normal 0 -1 0
    outer loop
      vertex -6 0 31.9269
      vertex 0 0 38.3192
      vertex -1 0 40.5872
    endloop
  endfacet
  facet normal 0 -1 0
    outer loop
      vertex -5 0 29.659
      vertex -6 0 31.9269
      vertex -7 0 29.659
    endloop
  endfacet
  facet normal 0 -1 0
    outer loop
      vertex -6 0 31.9269
      vertex -5 0 29.659
      vertex 0 0 38.3192
    endloop
  endfacet
  facet normal 0 -1 0
    outer loop
      vertex -7 0 24.9795
      vertex -5 0 29.659
      vertex -7 0 29.659
    endloop
  endfacet
  facet normal 0 -1 0
    outer loop
      vertex -7 0 24.9795
      vertex -5 0 24.9795
      vertex -5 0 29.659
    endloop
  endfacet
  facet normal 0 -1 0
    outer loop
      vertex -12 0 16.3192
      vertex -5 0 24.9795
      vertex -7 0 24.9795
    endloop
  endfacet
  facet normal 0 -1 -0
    outer loop
      vertex -5 0 24.9795
      vertex -12 0 16.3192
      vertex 0 0 16.3192
    endloop
  endfacet
  facet normal 0 -1 0
    outer loop
      vertex -30 0 116.358
      vertex -24 0 109.965
      vertex -29 0 118.626
    endloop
  endfacet
  facet normal -0 -1 0
    outer loop
      vertex -24 0 109.965
      vertex -30 0 116.358
      vertex -25 0 107.697
    endloop
  endfacet
  facet normal 0 -1 0
    outer loop
      vertex -18 0 116.358
      vertex -12 0 109.965
      vertex -17 0 118.626
    endloop
  endfacet
  facet normal -0 -1 0
    outer loop
      vertex -12 0 109.965
      vertex -18 0 116.358
      vertex -13 0 107.697
    endloop
  endfacet
  facet normal 0 -1 0
    outer loop
      vertex -6 0 116.358
      vertex 0 0 109.965
      vertex -5 0 118.626
    endloop
  endfacet
  facet normal -0 -1 0
    outer loop
      vertex 0 0 109.965
      vertex -6 0 116.358
      vertex -1 0 107.697
    endloop
  endfacet
  facet normal 0 -1 0
    outer loop
      vertex 6 0 116.358
      vertex 12 0 109.965
      vertex 7 0 118.626
    endloop
  endfacet
  facet normal -0 -1 0
    outer loop
      vertex 12 0 109.965
      vertex 6 0 116.358
      vertex 11 0 107.697
    endloop
  endfacet
  facet normal 0 -1 0
    outer loop
      vertex 18 0 116.358
      vertex 24 0 109.965
      vertex 19 0 118.626
    endloop
  endfacet
  facet normal -0 -1 0
    outer loop
      vertex 24 0 109.965
      vertex 18 0 116.358
      vertex 23 0 107.697
    endloop
  endfacet
  facet normal 0 -1 0
    outer loop
      vertex -24 0 69.5346
      vertex -18 0 63.1423
      vertex -23 0 71.8026
    endloop
  endfacet
  facet normal -0 -1 0
    outer loop
      vertex -18 0 63.1423
      vertex -24 0 69.5346
      vertex -19 0 60.8743
    endloop
  endfacet
  facet normal 0 -1 0
    outer loop
      vertex -12 0 69.5346
      vertex -6 0 63.1423
      vertex -11 0 71.8026
    endloop
  endfacet
  facet normal -0 -1 0
    outer loop
      vertex -6 0 63.1423
      vertex -12 0 69.5346
      vertex -7 0 60.8743
    endloop
  endfacet
  facet normal 0 -1 0
    outer loop
      vertex 0 0 69.5346
      vertex 6 0 63.1423
      vertex 1 0 71.8026
    endloop
  endfacet
  facet normal -0 -1 0
    outer loop
      vertex 6 0 63.1423
      vertex 0 0 69.5346
      vertex 5 0 60.8743
    endloop
  endfacet
  facet normal 0 -1 0
    outer loop
      vertex 12 0 69.5346
      vertex 18 0 63.1423
      vertex 13 0 71.8026
    endloop
  endfacet
  facet normal -0 -1 0
    outer loop
      vertex 18 0 63.1423
      vertex 12 0 69.5346
      vertex 17 0 60.8743
    endloop
  endfacet
  facet normal 0 -1 0
    outer loop
      vertex 24 0 69.5346
      vertex 30 0 63.1423
      vertex 25 0 71.8026
    endloop
  endfacet
  facet normal -0 -1 0
    outer loop
      vertex 30 0 63.1423
      vertex 24 0 69.5346
      vertex 29 0 60.8743
    endloop
  endfacet
  facet normal 0 -1 0
    outer loop
      vertex -24 0 100.75
      vertex -18 0 94.3577
      vertex -23 0 103.018
    endloop
  endfacet
  facet normal -0 -1 0
    outer loop
      vertex -18 0 94.3577
      vertex -24 0 100.75
      vertex -19 0 92.0897
    endloop
  endfacet
  facet normal 0 -1 0
    outer loop
      vertex -12 0 100.75
      vertex -6 0 94.3577
      vertex -11 0 103.018
    endloop
  endfacet
  facet normal -0 -1 0
    outer loop
      vertex -6 0 94.3577
      vertex -12 0 100.75
      vertex -7 0 92.0897
    endloop
  endfacet
  facet normal 0 -1 0
    outer loop
      vertex 0 0 100.75
      vertex 6 0 94.3577
      vertex 1 0 103.018
    endloop
  endfacet
  facet normal -0 -1 0
    outer loop
      vertex 6 0 94.3577
      vertex 0 0 100.75
      vertex 5 0 92.0897
    endloop
  endfacet
  facet normal 0 -1 0
    outer loop
      vertex 12 0 100.75
      vertex 18 0 94.3577
      vertex 13 0 103.018
    endloop
  endfacet
  facet normal -0 -1 0
    outer loop
      vertex 18 0 94.3577
      vertex 12 0 100.75
      vertex 17 0 92.0897
    endloop
  endfacet
  facet normal 0 -1 0
    outer loop
      vertex 24 0 100.75
      vertex 30 0 94.3577
      vertex 25 0 103.018
    endloop
  endfacet
  facet normal -0 -1 0
    outer loop
      vertex 30 0 94.3577
      vertex 24 0 100.75
      vertex 29 0 92.0897
    endloop
  endfacet
  facet normal 0 1 0
    outer loop
      vertex 45.3 6.5 54
      vertex 52.7645 6.5 34.7272
      vertex 52.3 6.5 34.75
    endloop
  endfacet
  facet normal 0 1 0
    outer loop
      vertex 45.3 6.5 54
      vertex 52.7656 6.5 34.7271
      vertex 52.7645 6.5 34.7272
    endloop
  endfacet
  facet normal 0 1 0
    outer loop
      vertex 45.3 6.5 54
      vertex 53.2256 6.5 34.6589
      vertex 52.7656 6.5 34.7271
    endloop
  endfacet
  facet normal 0 1 0
    outer loop
      vertex 45.3 6.5 54
      vertex 53.2267 6.5 34.6587
      vertex 53.2256 6.5 34.6589
    endloop
  endfacet
  facet normal 0 1 0
    outer loop
      vertex 45.3 6.5 54
      vertex 53.6778 6.5 34.5457
      vertex 53.2267 6.5 34.6587
    endloop
  endfacet
  facet normal 0 1 0
    outer loop
      vertex 45.3 6.5 54
      vertex 53.6789 6.5 34.5455
      vertex 53.6778 6.5 34.5457
    endloop
  endfacet
  facet normal 0 1 0
    outer loop
      vertex 45.3 6.5 54
      vertex 53.6799 6.5 34.5451
      vertex 53.6789 6.5 34.5455
    endloop
  endfacet
  facet normal 0 1 0
    outer loop
      vertex 45.3 6.5 54
      vertex 54.1177 6.5 34.3884
      vertex 53.6799 6.5 34.5451
    endloop
  endfacet
  facet normal 0 1 0
    outer loop
      vertex 59.3 6.5 33
      vertex 54.1177 6.5 34.3884
      vertex 45.3 6.5 54
    endloop
  endfacet
  facet normal 0 1 0
    outer loop
      vertex 54.1177 6.5 34.3884
      vertex 59.3 6.5 33
      vertex 54.1187 6.5 34.388
    endloop
  endfacet
  facet normal 0 1 0
    outer loop
      vertex 54.1187 6.5 34.388
      vertex 59.3 6.5 33
      vertex 54.5391 6.5 34.1891
    endloop
  endfacet
  facet normal 0 1 0
    outer loop
      vertex 54.5391 6.5 34.1891
      vertex 59.3 6.5 33
      vertex 54.938 6.5 33.95
    endloop
  endfacet
  facet normal 0 1 0
    outer loop
      vertex 54.938 6.5 33.95
      vertex 59.3 6.5 33
      vertex 54.939 6.5 33.9495
    endloop
  endfacet
  facet normal 0 1 0
    outer loop
      vertex 54.939 6.5 33.9495
      vertex 59.3 6.5 33
      vertex 54.9398 6.5 33.9488
    endloop
  endfacet
  facet normal 0 1 0
    outer loop
      vertex 54.9398 6.5 33.9488
      vertex 59.3 6.5 33
      vertex 55.3134 6.5 33.6718
    endloop
  endfacet
  facet normal 0 1 0
    outer loop
      vertex 55.3134 6.5 33.6718
      vertex 59.3 6.5 33
      vertex 55.3142 6.5 33.6711
    endloop
  endfacet
  facet normal 0 1 0
    outer loop
      vertex 55.3142 6.5 33.6711
      vertex 59.3 6.5 33
      vertex 55.6588 6.5 33.3588
    endloop
  endfacet
  facet normal 0 1 0
    outer loop
      vertex 55.6588 6.5 33.3588
      vertex 59.3 6.5 33
      vertex 55.9711 6.5 33.0142
    endloop
  endfacet
  facet normal 0 1 0
    outer loop
      vertex 55.9711 6.5 33.0142
      vertex 59.3 6.5 33
      vertex 55.9718 6.5 33.0134
    endloop
  endfacet
  facet normal 0 1 0
    outer loop
      vertex 55.9718 6.5 33.0134
      vertex 59.3 6.5 33
      vertex 55.9724 6.5 33.0125
    endloop
  endfacet
  facet normal 0 1 0
    outer loop
      vertex 59.3 6.5 33
      vertex 56.2495 6.5 32.639
      vertex 55.9724 6.5 33.0125
    endloop
  endfacet
  facet normal 0 1 0
    outer loop
      vertex 59.3 6.5 33
      vertex 56.25 6.5 32.638
      vertex 56.2495 6.5 32.639
    endloop
  endfacet
  facet normal 0 1 0
    outer loop
      vertex 59.3 6.5 33
      vertex 56.4891 6.5 32.2391
      vertex 56.25 6.5 32.638
    endloop
  endfacet
  facet normal 0 1 0
    outer loop
      vertex 59.3 6.5 33
      vertex 56.688 6.5 31.8187
      vertex 56.4891 6.5 32.2391
    endloop
  endfacet
  facet normal 0 1 0
    outer loop
      vertex 59.3 6.5 33
      vertex 56.6884 6.5 31.8177
      vertex 56.688 6.5 31.8187
    endloop
  endfacet
  facet normal 0 1 0
    outer loop
      vertex 59.3 6.5 33
      vertex 56.8451 6.5 31.3799
      vertex 56.6884 6.5 31.8177
    endloop
  endfacet
  facet normal 0 1 0
    outer loop
      vertex 59.3 6.5 33
      vertex 56.8455 6.5 31.3789
      vertex 56.8451 6.5 31.3799
    endloop
  endfacet
  facet normal 0 1 0
    outer loop
      vertex 59.3 6.5 33
      vertex 56.8457 6.5 31.3778
      vertex 56.8455 6.5 31.3789
    endloop
  endfacet
  facet normal 0 1 0
    outer loop
      vertex 59.3 6.5 33
      vertex 56.9587 6.5 30.9267
      vertex 56.8457 6.5 31.3778
    endloop
  endfacet
  facet normal 0 1 0
    outer loop
      vertex 59.3 6.5 33
      vertex 57.027 6.5 30.4667
      vertex 56.9587 6.5 30.9267
    endloop
  endfacet
  facet normal 0 1 0
    outer loop
      vertex 59.3 6.5 33
      vertex 57.0271 6.5 30.4656
      vertex 57.027 6.5 30.4667
    endloop
  endfacet
  facet normal 0 1 0
    outer loop
      vertex 59.3 6.5 33
      vertex 57.0272 6.5 30.4645
      vertex 57.0271 6.5 30.4656
    endloop
  endfacet
  facet normal 0 1 0
    outer loop
      vertex 59.3 6.5 33
      vertex 57.05 6.5 30
      vertex 57.0272 6.5 30.4645
    endloop
  endfacet
  facet normal 0 1 -0
    outer loop
      vertex 59.3 6.5 27
      vertex 57.05 6.5 30
      vertex 59.3 6.5 33
    endloop
  endfacet
  facet normal 0 1 0
    outer loop
      vertex 57.05 6.5 30
      vertex 59.3 6.5 27
      vertex 57.0272 6.5 29.5355
    endloop
  endfacet
  facet normal 0 1 0
    outer loop
      vertex 57.0272 6.5 29.5355
      vertex 59.3 6.5 27
      vertex 57.0271 6.5 29.5344
    endloop
  endfacet
  facet normal 0 1 0
    outer loop
      vertex 57.0271 6.5 29.5344
      vertex 59.3 6.5 27
      vertex 57.027 6.5 29.5333
    endloop
  endfacet
  facet normal 0 1 0
    outer loop
      vertex 57.027 6.5 29.5333
      vertex 59.3 6.5 27
      vertex 56.9587 6.5 29.0733
    endloop
  endfacet
  facet normal 0 1 0
    outer loop
      vertex 56.9587 6.5 29.0733
      vertex 59.3 6.5 27
      vertex 56.8457 6.5 28.6222
    endloop
  endfacet
  facet normal 0 1 0
    outer loop
      vertex 56.8457 6.5 28.6222
      vertex 59.3 6.5 27
      vertex 56.8455 6.5 28.6211
    endloop
  endfacet
  facet normal 0 1 0
    outer loop
      vertex 56.8455 6.5 28.6211
      vertex 59.3 6.5 27
      vertex 56.8451 6.5 28.6201
    endloop
  endfacet
  facet normal 0 1 0
    outer loop
      vertex 56.8451 6.5 28.6201
      vertex 59.3 6.5 27
      vertex 56.6884 6.5 28.1823
    endloop
  endfacet
  facet normal 0 1 0
    outer loop
      vertex 56.6884 6.5 28.1823
      vertex 59.3 6.5 27
      vertex 56.688 6.5 28.1813
    endloop
  endfacet
  facet normal 0 1 0
    outer loop
      vertex 59.3 6.5 27
      vertex 56.25 6.5 27.362
      vertex 56.4891 6.5 27.7609
    endloop
  endfacet
  facet normal 0 1 0
    outer loop
      vertex 56.688 6.5 28.1813
      vertex 59.3 6.5 27
      vertex 56.4891 6.5 27.7609
    endloop
  endfacet
  facet normal 0 1 0
    outer loop
      vertex 56.25 6.5 27.362
      vertex 59.3 6.5 27
      vertex 56.2495 6.5 27.361
    endloop
  endfacet
  facet normal 0 1 0
    outer loop
      vertex 59.3 6.5 27
      vertex 55.9724 6.5 26.9875
      vertex 56.2495 6.5 27.361
    endloop
  endfacet
  facet normal 0 1 0
    outer loop
      vertex 59.3 6.5 27
      vertex 55.9718 6.5 26.9866
      vertex 55.9724 6.5 26.9875
    endloop
  endfacet
  facet normal 0 1 0
    outer loop
      vertex 59.3 6.5 27
      vertex 55.9711 6.5 26.9858
      vertex 55.9718 6.5 26.9866
    endloop
  endfacet
  facet normal 0 1 0
    outer loop
      vertex 59.3 6.5 27
      vertex 55.6588 6.5 26.6412
      vertex 55.9711 6.5 26.9858
    endloop
  endfacet
  facet normal 0 1 0
    outer loop
      vertex 59.3 6.5 27
      vertex 55.3142 6.5 26.3289
      vertex 55.6588 6.5 26.6412
    endloop
  endfacet
  facet normal 0 1 0
    outer loop
      vertex 59.3 6.5 27
      vertex 55.3134 6.5 26.3282
      vertex 55.3142 6.5 26.3289
    endloop
  endfacet
  facet normal 0 1 0
    outer loop
      vertex 59.3 6.5 27
      vertex 54.9398 6.5 26.0512
      vertex 55.3134 6.5 26.3282
    endloop
  endfacet
  facet normal 0 1 0
    outer loop
      vertex 59.3 6.5 27
      vertex 54.939 6.5 26.0505
      vertex 54.9398 6.5 26.0512
    endloop
  endfacet
  facet normal 0 1 0
    outer loop
      vertex 59.3 6.5 27
      vertex 54.938 6.5 26.05
      vertex 54.939 6.5 26.0505
    endloop
  endfacet
  facet normal 0 1 0
    outer loop
      vertex 59.3 6.5 27
      vertex 54.5391 6.5 25.8109
      vertex 54.938 6.5 26.05
    endloop
  endfacet
  facet normal 0 1 0
    outer loop
      vertex 59.3 6.5 27
      vertex 54.1187 6.5 25.612
      vertex 54.5391 6.5 25.8109
    endloop
  endfacet
  facet normal 0 1 0
    outer loop
      vertex 59.3 6.5 27
      vertex 54.1177 6.5 25.6116
      vertex 54.1187 6.5 25.612
    endloop
  endfacet
  facet normal 0 1 0
    outer loop
      vertex 45.3 6.5 6.00002
      vertex 54.1177 6.5 25.6116
      vertex 59.3 6.5 27
    endloop
  endfacet
  facet normal 0 1 0
    outer loop
      vertex 54.1177 6.5 25.6116
      vertex 45.3 6.5 6.00002
      vertex 53.6799 6.5 25.4549
    endloop
  endfacet
  facet normal 0 1 0
    outer loop
      vertex 45.3 6.5 6.00002
      vertex 53.2256 6.5 25.3411
      vertex 53.2267 6.5 25.3413
    endloop
  endfacet
  facet normal 0 1 0
    outer loop
      vertex 52.3011 6.5 25.2501
      vertex 45.3 6.5 6.00002
      vertex 52.3 6.5 25.25
    endloop
  endfacet
  facet normal 0 1 0
    outer loop
      vertex 52.7656 6.5 25.2729
      vertex 45.3 6.5 6.00002
      vertex 52.3011 6.5 25.2501
    endloop
  endfacet
  facet normal 0 1 0
    outer loop
      vertex 53.2256 6.5 25.3411
      vertex 45.3 6.5 6.00002
      vertex 52.7656 6.5 25.2729
    endloop
  endfacet
  facet normal 0 1 0
    outer loop
      vertex 53.6778 6.5 25.4543
      vertex 45.3 6.5 6.00002
      vertex 53.2267 6.5 25.3413
    endloop
  endfacet
  facet normal 0 1 0
    outer loop
      vertex 53.6789 6.5 25.4545
      vertex 45.3 6.5 6.00002
      vertex 53.6778 6.5 25.4543
    endloop
  endfacet
  facet normal 0 1 0
    outer loop
      vertex 53.6799 6.5 25.4549
      vertex 45.3 6.5 6.00002
      vertex 53.6789 6.5 25.4545
    endloop
  endfacet
  facet normal 0 1 -0
    outer loop
      vertex 51.8355 6.5 34.7272
      vertex 45.3 6.5 54
      vertex 52.3 6.5 34.75
    endloop
  endfacet
  facet normal 0 1 -0
    outer loop
      vertex 51.8344 6.5 34.7271
      vertex 45.3 6.5 54
      vertex 51.8355 6.5 34.7272
    endloop
  endfacet
  facet normal 0 1 -0
    outer loop
      vertex 51.3744 6.5 34.6589
      vertex 45.3 6.5 54
      vertex 51.8344 6.5 34.7271
    endloop
  endfacet
  facet normal 0 1 -0
    outer loop
      vertex 51.3733 6.5 34.6587
      vertex 45.3 6.5 54
      vertex 51.3744 6.5 34.6589
    endloop
  endfacet
  facet normal 0 1 -0
    outer loop
      vertex 51.3723 6.5 34.6585
      vertex 45.3 6.5 54
      vertex 51.3733 6.5 34.6587
    endloop
  endfacet
  facet normal 0 1 -0
    outer loop
      vertex 50.9211 6.5 34.5455
      vertex 45.3 6.5 54
      vertex 51.3723 6.5 34.6585
    endloop
  endfacet
  facet normal 0 1 -0
    outer loop
      vertex 50.4833 6.5 34.3888
      vertex 45.3 6.5 54
      vertex 50.9211 6.5 34.5455
    endloop
  endfacet
  facet normal 0 1 -0
    outer loop
      vertex 50.4823 6.5 34.3884
      vertex 45.3 6.5 54
      vertex 50.4833 6.5 34.3888
    endloop
  endfacet
  facet normal 0 1 -0
    outer loop
      vertex 50.4813 6.5 34.388
      vertex 45.3 6.5 54
      vertex 50.4823 6.5 34.3884
    endloop
  endfacet
  facet normal 0 1 -0
    outer loop
      vertex 50.0609 6.5 34.1891
      vertex 45.3 6.5 54
      vertex 50.4813 6.5 34.388
    endloop
  endfacet
  facet normal 0 1 -0
    outer loop
      vertex 49.662 6.5 33.95
      vertex 45.3 6.5 54
      vertex 50.0609 6.5 34.1891
    endloop
  endfacet
  facet normal 0 1 -0
    outer loop
      vertex 49.661 6.5 33.9495
      vertex 45.3 6.5 54
      vertex 49.662 6.5 33.95
    endloop
  endfacet
  facet normal 0 1 -0
    outer loop
      vertex 49.6602 6.5 33.9488
      vertex 45.3 6.5 54
      vertex 49.661 6.5 33.9495
    endloop
  endfacet
  facet normal 0 1 -0
    outer loop
      vertex 49.2866 6.5 33.6718
      vertex 45.3 6.5 54
      vertex 49.6602 6.5 33.9488
    endloop
  endfacet
  facet normal 0 1 -0
    outer loop
      vertex 49.2858 6.5 33.6711
      vertex 45.3 6.5 54
      vertex 49.2866 6.5 33.6718
    endloop
  endfacet
  facet normal 0 1 -0
    outer loop
      vertex 48.9412 6.5 33.3588
      vertex 45.3 6.5 54
      vertex 49.2858 6.5 33.6711
    endloop
  endfacet
  facet normal 0 1 -0
    outer loop
      vertex 48.6289 6.5 33.0142
      vertex 45.3 6.5 54
      vertex 48.9412 6.5 33.3588
    endloop
  endfacet
  facet normal 0 1 -0
    outer loop
      vertex 48.6282 6.5 33.0134
      vertex 45.3 6.5 54
      vertex 48.6289 6.5 33.0142
    endloop
  endfacet
  facet normal 0 1 -0
    outer loop
      vertex 48.6276 6.5 33.0125
      vertex 45.3 6.5 54
      vertex 48.6282 6.5 33.0134
    endloop
  endfacet
  facet normal 0 1 -0
    outer loop
      vertex 48.3505 6.5 32.639
      vertex 45.3 6.5 54
      vertex 48.6276 6.5 33.0125
    endloop
  endfacet
  facet normal 0 1 -0
    outer loop
      vertex 48.35 6.5 32.638
      vertex 45.3 6.5 54
      vertex 48.3505 6.5 32.639
    endloop
  endfacet
  facet normal 0 1 -0
    outer loop
      vertex 48.1109 6.5 32.2391
      vertex 45.3 6.5 54
      vertex 48.35 6.5 32.638
    endloop
  endfacet
  facet normal 0 1 -0
    outer loop
      vertex 47.912 6.5 31.8187
      vertex 45.3 6.5 54
      vertex 48.1109 6.5 32.2391
    endloop
  endfacet
  facet normal 0 1 -0
    outer loop
      vertex 47.9116 6.5 31.8177
      vertex 45.3 6.5 54
      vertex 47.912 6.5 31.8187
    endloop
  endfacet
  facet normal 0 1 -0
    outer loop
      vertex 47.7549 6.5 31.3799
      vertex 45.3 6.5 54
      vertex 47.9116 6.5 31.8177
    endloop
  endfacet
  facet normal 0 1 -0
    outer loop
      vertex 47.7545 6.5 31.3789
      vertex 45.3 6.5 54
      vertex 47.7549 6.5 31.3799
    endloop
  endfacet
  facet normal 0 1 -0
    outer loop
      vertex 47.6415 6.5 30.9277
      vertex 45.3 6.5 54
      vertex 47.7545 6.5 31.3789
    endloop
  endfacet
  facet normal 0 1 -0
    outer loop
      vertex 47.6413 6.5 30.9267
      vertex 45.3 6.5 54
      vertex 47.6415 6.5 30.9277
    endloop
  endfacet
  facet normal 0 1 -0
    outer loop
      vertex 47.6411 6.5 30.9256
      vertex 45.3 6.5 54
      vertex 47.6413 6.5 30.9267
    endloop
  endfacet
  facet normal 0 1 -0
    outer loop
      vertex 47.5729 6.5 30.4656
      vertex 45.3 6.5 54
      vertex 47.6411 6.5 30.9256
    endloop
  endfacet
  facet normal 0 1 -0
    outer loop
      vertex 47.5728 6.5 30.4645
      vertex 45.3 6.5 54
      vertex 47.5729 6.5 30.4656
    endloop
  endfacet
  facet normal 0 1 -0
    outer loop
      vertex 47.55 6.5 30
      vertex 45.3 6.5 54
      vertex 47.5728 6.5 30.4645
    endloop
  endfacet
  facet normal 0 1 0
    outer loop
      vertex 45.3 6.5 6.00002
      vertex 47.55 6.5 30
      vertex 47.5728 6.5 29.5355
    endloop
  endfacet
  facet normal 0 1 0
    outer loop
      vertex 45.3 6.5 6.00002
      vertex 47.5728 6.5 29.5355
      vertex 47.5729 6.5 29.5344
    endloop
  endfacet
  facet normal 0 1 0
    outer loop
      vertex 47.9116 6.5 28.1823
      vertex 47.7545 6.5 28.6211
      vertex 47.7549 6.5 28.6201
    endloop
  endfacet
  facet normal 0 -1 0
    outer loop
      vertex 48.1109 6.5 27.7609
      vertex 47.9116 6.5 28.1823
      vertex 47.912 6.5 28.1813
    endloop
  endfacet
  facet normal 0 1 0
    outer loop
      vertex 45.3 6.5 6.00002
      vertex 48.35 6.5 27.362
      vertex 48.3505 6.5 27.361
    endloop
  endfacet
  facet normal 0 1 0
    outer loop
      vertex 45.3 6.5 6.00002
      vertex 50.4833 6.5 25.6112
      vertex 50.9211 6.5 25.4545
    endloop
  endfacet
  facet normal 0 1 0
    outer loop
      vertex 45.3 6.5 6.00002
      vertex 51.3723 6.5 25.3415
      vertex 51.3733 6.5 25.3413
    endloop
  endfacet
  facet normal 0 1 0
    outer loop
      vertex 45.3 6.5 6.00002
      vertex 51.3744 6.5 25.3411
      vertex 51.8344 6.5 25.2729
    endloop
  endfacet
  facet normal 0 1 0
    outer loop
      vertex 47.55 6.5 30
      vertex 45.3 6.5 6.00002
      vertex 45.3 6.5 54
    endloop
  endfacet
  facet normal 0 1 0
    outer loop
      vertex 47.6411 6.5 29.0744
      vertex 45.3 6.5 6.00002
      vertex 47.5729 6.5 29.5344
    endloop
  endfacet
  facet normal 0 1 0
    outer loop
      vertex 47.6413 6.5 29.0733
      vertex 45.3 6.5 6.00002
      vertex 47.6411 6.5 29.0744
    endloop
  endfacet
  facet normal 0 1 0
    outer loop
      vertex 47.6415 6.5 29.0723
      vertex 45.3 6.5 6.00002
      vertex 47.6413 6.5 29.0733
    endloop
  endfacet
  facet normal 0 1 0
    outer loop
      vertex 47.7545 6.5 28.6211
      vertex 45.3 6.5 6.00002
      vertex 47.6415 6.5 29.0723
    endloop
  endfacet
  facet normal 0 1 0
    outer loop
      vertex 47.9116 6.5 28.1823
      vertex 45.3 6.5 6.00002
      vertex 47.7545 6.5 28.6211
    endloop
  endfacet
  facet normal 0 1 0
    outer loop
      vertex 48.1109 6.5 27.7609
      vertex 45.3 6.5 6.00002
      vertex 47.9116 6.5 28.1823
    endloop
  endfacet
  facet normal 0 1 0
    outer loop
      vertex 48.35 6.5 27.362
      vertex 45.3 6.5 6.00002
      vertex 48.1109 6.5 27.7609
    endloop
  endfacet
  facet normal 0 1 0
    outer loop
      vertex 48.6276 6.5 26.9875
      vertex 45.3 6.5 6.00002
      vertex 48.3505 6.5 27.361
    endloop
  endfacet
  facet normal 0 1 0
    outer loop
      vertex 48.6282 6.5 26.9866
      vertex 45.3 6.5 6.00002
      vertex 48.6276 6.5 26.9875
    endloop
  endfacet
  facet normal 0 1 0
    outer loop
      vertex 48.6289 6.5 26.9858
      vertex 45.3 6.5 6.00002
      vertex 48.6282 6.5 26.9866
    endloop
  endfacet
  facet normal 0 1 0
    outer loop
      vertex 48.9412 6.5 26.6412
      vertex 45.3 6.5 6.00002
      vertex 48.6289 6.5 26.9858
    endloop
  endfacet
  facet normal 0 1 0
    outer loop
      vertex 49.2858 6.5 26.3289
      vertex 45.3 6.5 6.00002
      vertex 48.9412 6.5 26.6412
    endloop
  endfacet
  facet normal 0 1 0
    outer loop
      vertex 49.2866 6.5 26.3282
      vertex 45.3 6.5 6.00002
      vertex 49.2858 6.5 26.3289
    endloop
  endfacet
  facet normal 0 1 0
    outer loop
      vertex 49.6602 6.5 26.0512
      vertex 45.3 6.5 6.00002
      vertex 49.2866 6.5 26.3282
    endloop
  endfacet
  facet normal 0 1 0
    outer loop
      vertex 49.661 6.5 26.0505
      vertex 45.3 6.5 6.00002
      vertex 49.6602 6.5 26.0512
    endloop
  endfacet
  facet normal 0 1 0
    outer loop
      vertex 49.662 6.5 26.05
      vertex 45.3 6.5 6.00002
      vertex 49.661 6.5 26.0505
    endloop
  endfacet
  facet normal 0 1 0
    outer loop
      vertex 50.0609 6.5 25.8109
      vertex 45.3 6.5 6.00002
      vertex 49.662 6.5 26.05
    endloop
  endfacet
  facet normal 0 1 0
    outer loop
      vertex 50.4813 6.5 25.612
      vertex 45.3 6.5 6.00002
      vertex 50.0609 6.5 25.8109
    endloop
  endfacet
  facet normal 0 1 0
    outer loop
      vertex 50.4823 6.5 25.6116
      vertex 45.3 6.5 6.00002
      vertex 50.4813 6.5 25.612
    endloop
  endfacet
  facet normal 0 1 0
    outer loop
      vertex 50.4833 6.5 25.6112
      vertex 45.3 6.5 6.00002
      vertex 50.4823 6.5 25.6116
    endloop
  endfacet
  facet normal 0 1 0
    outer loop
      vertex 51.3723 6.5 25.3415
      vertex 45.3 6.5 6.00002
      vertex 50.9211 6.5 25.4545
    endloop
  endfacet
  facet normal 0 1 0
    outer loop
      vertex 51.3744 6.5 25.3411
      vertex 45.3 6.5 6.00002
      vertex 51.3733 6.5 25.3413
    endloop
  endfacet
  facet normal 0 1 0
    outer loop
      vertex 52.2989 6.5 25.2501
      vertex 45.3 6.5 6.00002
      vertex 51.8344 6.5 25.2729
    endloop
  endfacet
  facet normal 0 1 0
    outer loop
      vertex 45.3 6.5 6.00002
      vertex 52.2989 6.5 25.2501
      vertex 52.3 6.5 25.25
    endloop
  endfacet
  facet normal 1 0 0
    outer loop
      vertex 45.3 0 54
      vertex 45.3 12.95 87.4103
      vertex 45.3 0 125.5
    endloop
  endfacet
  facet normal 1 0 0
    outer loop
      vertex 45.3 12.95 87.4103
      vertex 45.3 0 54
      vertex 45.3 6.5 54
    endloop
  endfacet
  facet normal 1 -0 0
    outer loop
      vertex 45.3 41.95 47.5346
      vertex 45.3 46.95 29.659
      vertex 45.3 46.95 56.1949
    endloop
  endfacet
  facet normal 1 0 0
    outer loop
      vertex 45.3 41.95 47.5346
      vertex 45.3 41.95 38.3192
      vertex 45.3 46.95 29.659
    endloop
  endfacet
  facet normal 1 0 0
    outer loop
      vertex 45.3 41.95 47.5346
      vertex 45.3 40.95 45.2666
      vertex 45.3 41.95 38.3192
    endloop
  endfacet
  facet normal 1 -0 0
    outer loop
      vertex 45.3 35.95 53.9269
      vertex 45.3 41.95 47.5346
      vertex 45.3 36.95 56.1949
    endloop
  endfacet
  facet normal 1 0 0
    outer loop
      vertex 45.3 41.95 47.5346
      vertex 45.3 35.95 53.9269
      vertex 45.3 40.95 45.2666
    endloop
  endfacet
  facet normal 1 0 0
    outer loop
      vertex 45.3 36.95 60.8743
      vertex 45.3 34.95 60.8743
      vertex 45.3 36.95 56.1949
    endloop
  endfacet
  facet normal 1 0 0
    outer loop
      vertex 45.3 34.95 56.1949
      vertex 45.3 36.95 56.1949
      vertex 45.3 34.95 60.8743
    endloop
  endfacet
  facet normal 1 -0 0
    outer loop
      vertex 45.3 29.95 69.5346
      vertex 45.3 35.95 63.1423
      vertex 45.3 30.95 71.8026
    endloop
  endfacet
  facet normal 1 0 0
    outer loop
      vertex 45.3 35.95 63.1423
      vertex 45.3 29.95 69.5346
      vertex 45.3 34.95 60.8743
    endloop
  endfacet
  facet normal 1 0 0
    outer loop
      vertex 45.3 30.95 76.482
      vertex 45.3 28.95 76.482
      vertex 45.3 30.95 71.8026
    endloop
  endfacet
  facet normal 1 0 0
    outer loop
      vertex 45.3 28.95 71.8026
      vertex 45.3 30.95 71.8026
      vertex 45.3 28.95 76.482
    endloop
  endfacet
  facet normal 1 -0 0
    outer loop
      vertex 45.3 23.95 85.1423
      vertex 45.3 29.95 78.75
      vertex 45.3 24.95 87.4103
    endloop
  endfacet
  facet normal 1 0 0
    outer loop
      vertex 45.3 29.95 78.75
      vertex 45.3 23.95 85.1423
      vertex 45.3 28.95 76.482
    endloop
  endfacet
  facet normal 1 0 0
    outer loop
      vertex 45.3 24.95 92.0897
      vertex 45.3 22.95 92.0897
      vertex 45.3 24.95 87.4103
    endloop
  endfacet
  facet normal 1 0 0
    outer loop
      vertex 45.3 22.95 87.4103
      vertex 45.3 24.95 87.4103
      vertex 45.3 22.95 92.0897
    endloop
  endfacet
  facet normal 1 -0 0
    outer loop
      vertex 45.3 17.95 100.75
      vertex 45.3 23.95 94.3577
      vertex 45.3 18.95 103.018
    endloop
  endfacet
  facet normal 1 0 0
    outer loop
      vertex 45.3 23.95 94.3577
      vertex 45.3 17.95 100.75
      vertex 45.3 22.95 92.0897
    endloop
  endfacet
  facet normal 1 0 0
    outer loop
      vertex 45.3 17.95 109.965
      vertex 45.3 17.95 100.75
      vertex 45.3 18.95 103.018
    endloop
  endfacet
  facet normal 1 0 0
    outer loop
      vertex 45.3 12.95 118.626
      vertex 45.3 17.95 100.75
      vertex 45.3 17.95 109.965
    endloop
  endfacet
  facet normal 1 0 0
    outer loop
      vertex 45.3 17.95 100.75
      vertex 45.3 12.95 118.626
      vertex 45.3 12.95 92.0897
    endloop
  endfacet
  facet normal 1 -0 0
    outer loop
      vertex 45.3 41.95 78.75
      vertex 45.3 46.95 60.8743
      vertex 45.3 46.95 87.4103
    endloop
  endfacet
  facet normal 1 0 0
    outer loop
      vertex 45.3 41.95 78.75
      vertex 45.3 41.95 69.5346
      vertex 45.3 46.95 60.8743
    endloop
  endfacet
  facet normal 1 0 0
    outer loop
      vertex 45.3 41.95 78.75
      vertex 45.3 40.95 76.482
      vertex 45.3 41.95 69.5346
    endloop
  endfacet
  facet normal 1 -0 0
    outer loop
      vertex 45.3 35.95 85.1423
      vertex 45.3 41.95 78.75
      vertex 45.3 36.95 87.4103
    endloop
  endfacet
  facet normal 1 0 0
    outer loop
      vertex 45.3 41.95 78.75
      vertex 45.3 35.95 85.1423
      vertex 45.3 40.95 76.482
    endloop
  endfacet
  facet normal 1 0 0
    outer loop
      vertex 45.3 36.95 92.0897
      vertex 45.3 34.95 92.0897
      vertex 45.3 36.95 87.4103
    endloop
  endfacet
  facet normal 1 0 0
    outer loop
      vertex 45.3 34.95 87.4103
      vertex 45.3 36.95 87.4103
      vertex 45.3 34.95 92.0897
    endloop
  endfacet
  facet normal 1 -0 0
    outer loop
      vertex 45.3 29.95 100.75
      vertex 45.3 35.95 94.3577
      vertex 45.3 30.95 103.018
    endloop
  endfacet
  facet normal 1 0 0
    outer loop
      vertex 45.3 35.95 94.3577
      vertex 45.3 29.95 100.75
      vertex 45.3 34.95 92.0897
    endloop
  endfacet
  facet normal 1 0 0
    outer loop
      vertex 45.3 30.95 107.697
      vertex 45.3 28.95 107.697
      vertex 45.3 30.95 103.018
    endloop
  endfacet
  facet normal 1 0 0
    outer loop
      vertex 45.3 28.95 103.018
      vertex 45.3 30.95 103.018
      vertex 45.3 28.95 107.697
    endloop
  endfacet
  facet normal 1 -0 0
    outer loop
      vertex 45.3 23.95 116.358
      vertex 45.3 29.95 109.965
      vertex 45.3 24.95 118.626
    endloop
  endfacet
  facet normal 1 0 0
    outer loop
      vertex 45.3 29.95 109.965
      vertex 45.3 23.95 116.358
      vertex 45.3 28.95 107.697
    endloop
  endfacet
  facet normal 1 0 0
    outer loop
      vertex 45.3 24.95 123.305
      vertex 45.3 22.95 123.305
      vertex 45.3 24.95 118.626
    endloop
  endfacet
  facet normal 1 0 0
    outer loop
      vertex 45.3 22.95 118.626
      vertex 45.3 24.95 118.626
      vertex 45.3 22.95 123.305
    endloop
  endfacet
  facet normal 1 -0 0
    outer loop
      vertex 45.3 17.95 131.965
      vertex 45.3 23.95 125.573
      vertex 45.3 18.95 134.233
    endloop
  endfacet
  facet normal 1 0 0
    outer loop
      vertex 45.3 23.95 125.573
      vertex 45.3 17.95 131.965
      vertex 45.3 22.95 123.305
    endloop
  endfacet
  facet normal 1 0 0
    outer loop
      vertex 45.3 17.95 141.181
      vertex 45.3 17.95 131.965
      vertex 45.3 18.95 134.233
    endloop
  endfacet
  facet normal 1 0 0
    outer loop
      vertex 45.3 6.5 125.5
      vertex 45.3 17.95 141.181
      vertex 45.3 12.95 149.841
    endloop
  endfacet
  facet normal 1 0 0
    outer loop
      vertex 45.3 17.95 141.181
      vertex 45.3 6.5 125.5
      vertex 45.3 17.95 131.965
    endloop
  endfacet
  facet normal 1 0 0
    outer loop
      vertex 45.3 41.95 100.75
      vertex 45.3 56.9 111.287
      vertex 45.3 41.95 109.965
    endloop
  endfacet
  facet normal 1 0 0
    outer loop
      vertex 45.3 56.9 111.287
      vertex 45.3 41.95 100.75
      vertex 45.3 46.95 92.0897
    endloop
  endfacet
  facet normal 1 0 0
    outer loop
      vertex 45.3 41.95 109.965
      vertex 45.3 40.95 107.697
      vertex 45.3 41.95 100.75
    endloop
  endfacet
  facet normal 1 -0 0
    outer loop
      vertex 45.3 35.95 116.358
      vertex 45.3 41.95 109.965
      vertex 45.3 36.95 118.626
    endloop
  endfacet
  facet normal 1 0 0
    outer loop
      vertex 45.3 41.95 109.965
      vertex 45.3 35.95 116.358
      vertex 45.3 40.95 107.697
    endloop
  endfacet
  facet normal 1 0 0
    outer loop
      vertex 45.3 36.95 123.305
      vertex 45.3 34.95 123.305
      vertex 45.3 36.95 118.626
    endloop
  endfacet
  facet normal 1 0 0
    outer loop
      vertex 45.3 34.95 118.626
      vertex 45.3 36.95 118.626
      vertex 45.3 34.95 123.305
    endloop
  endfacet
  facet normal 1 -0 0
    outer loop
      vertex 45.3 29.95 131.965
      vertex 45.3 35.95 125.573
      vertex 45.3 30.95 134.233
    endloop
  endfacet
  facet normal 1 0 0
    outer loop
      vertex 45.3 35.95 125.573
      vertex 45.3 29.95 131.965
      vertex 45.3 34.95 123.305
    endloop
  endfacet
  facet normal 1 0 0
    outer loop
      vertex 45.3 30.95 138.913
      vertex 45.3 28.95 138.913
      vertex 45.3 30.95 134.233
    endloop
  endfacet
  facet normal 1 0 0
    outer loop
      vertex 45.3 28.95 134.233
      vertex 45.3 30.95 134.233
      vertex 45.3 28.95 138.913
    endloop
  endfacet
  facet normal 1 -0 0
    outer loop
      vertex 45.3 23.95 147.573
      vertex 45.3 29.95 141.181
      vertex 45.3 24.95 149.841
    endloop
  endfacet
  facet normal 1 0 0
    outer loop
      vertex 45.3 29.95 141.181
      vertex 45.3 23.95 147.573
      vertex 45.3 28.95 138.913
    endloop
  endfacet
  facet normal 1 -0 0
    outer loop
      vertex 45.3 41.95 131.965
      vertex 45.3 56.9 123.287
      vertex 45.3 41.95 141.181
    endloop
  endfacet
  facet normal 1 0 0
    outer loop
      vertex 45.3 56.9 123.287
      vertex 45.3 41.95 131.965
      vertex 45.3 46.95 123.305
    endloop
  endfacet
  facet normal 1 0 0
    outer loop
      vertex 45.3 41.95 141.181
      vertex 45.3 40.95 138.913
      vertex 45.3 41.95 131.965
    endloop
  endfacet
  facet normal 1 -0 0
    outer loop
      vertex 45.3 35.95 147.573
      vertex 45.3 41.95 141.181
      vertex 45.3 36.95 149.841
    endloop
  endfacet
  facet normal 1 0 0
    outer loop
      vertex 45.3 41.95 141.181
      vertex 45.3 35.95 147.573
      vertex 45.3 40.95 138.913
    endloop
  endfacet
  facet normal 1 0 0
    outer loop
      vertex 45.3 60.9 179.5
      vertex 45.3 59.9 123.287
      vertex 45.3 60.9 0
    endloop
  endfacet
  facet normal 1 -0 0
    outer loop
      vertex 45.3 46.95 149.841
      vertex 45.3 59.9 123.287
      vertex 45.3 60.9 179.5
    endloop
  endfacet
  facet normal 1 0 0
    outer loop
      vertex 45.3 59.9 123.287
      vertex 45.3 46.95 149.841
      vertex 45.3 56.9 123.287
    endloop
  endfacet
  facet normal 1 0 0
    outer loop
      vertex 45.3 46.95 149.841
      vertex 45.3 60.9 179.5
      vertex 45.3 46.95 154.52
    endloop
  endfacet
  facet normal 1 0 0
    outer loop
      vertex 45.3 60.9 179.5
      vertex 45.3 41.95 163.181
      vertex 45.3 46.95 154.52
    endloop
  endfacet
  facet normal 1 0 0
    outer loop
      vertex 45.3 34.95 149.841
      vertex 45.3 36.95 149.841
      vertex 45.3 36.95 154.52
    endloop
  endfacet
  facet normal 1 0 0
    outer loop
      vertex 45.3 34.95 149.841
      vertex 45.3 36.95 154.52
      vertex 45.3 34.95 154.52
    endloop
  endfacet
  facet normal 1 0 0
    outer loop
      vertex 45.3 41.95 163.181
      vertex 45.3 34.95 154.52
      vertex 45.3 36.95 154.52
    endloop
  endfacet
  facet normal 1 0 0
    outer loop
      vertex 45.3 41.95 163.181
      vertex 45.3 29.95 163.181
      vertex 45.3 34.95 154.52
    endloop
  endfacet
  facet normal 1 0 0
    outer loop
      vertex 45.3 60.9 179.5
      vertex 45.3 29.95 163.181
      vertex 45.3 41.95 163.181
    endloop
  endfacet
  facet normal 1 0 0
    outer loop
      vertex 45.3 22.95 149.841
      vertex 45.3 24.95 149.841
      vertex 45.3 24.95 154.52
    endloop
  endfacet
  facet normal 1 0 0
    outer loop
      vertex 45.3 22.95 149.841
      vertex 45.3 24.95 154.52
      vertex 45.3 22.95 154.52
    endloop
  endfacet
  facet normal 1 0 0
    outer loop
      vertex 45.3 29.95 163.181
      vertex 45.3 22.95 154.52
      vertex 45.3 24.95 154.52
    endloop
  endfacet
  facet normal 1 0 0
    outer loop
      vertex 45.3 29.95 163.181
      vertex 45.3 17.95 163.181
      vertex 45.3 22.95 154.52
    endloop
  endfacet
  facet normal 1 -0 0
    outer loop
      vertex 45.3 6.5 173.5
      vertex 45.3 29.95 163.181
      vertex 45.3 60.9 179.5
    endloop
  endfacet
  facet normal 1 0 0
    outer loop
      vertex 45.3 6.5 173.5
      vertex 45.3 12.95 149.841
      vertex 45.3 12.95 154.52
    endloop
  endfacet
  facet normal 1 0 0
    outer loop
      vertex 45.3 17.95 131.965
      vertex 45.3 6.5 125.5
      vertex 45.3 12.95 123.305
    endloop
  endfacet
  facet normal 1 0 0
    outer loop
      vertex 45.3 12.95 123.305
      vertex 45.3 6.5 125.5
      vertex 45.3 12.95 118.626
    endloop
  endfacet
  facet normal 1 -0 0
    outer loop
      vertex 45.3 0 125.5
      vertex 45.3 12.95 118.626
      vertex 45.3 6.5 125.5
    endloop
  endfacet
  facet normal 1 0 0
    outer loop
      vertex 45.3 12.95 118.626
      vertex 45.3 0 125.5
      vertex 45.3 12.95 92.0897
    endloop
  endfacet
  facet normal 1 0 0
    outer loop
      vertex 45.3 12.95 92.0897
      vertex 45.3 0 125.5
      vertex 45.3 12.95 87.4103
    endloop
  endfacet
  facet normal 1 0 0
    outer loop
      vertex 45.3 12.95 87.4103
      vertex 45.3 6.5 54
      vertex 45.3 12.95 60.8743
    endloop
  endfacet
  facet normal 1 0 0
    outer loop
      vertex 45.3 12.95 60.8743
      vertex 45.3 6.5 54
      vertex 45.3 12.95 56.1949
    endloop
  endfacet
  facet normal 1 0 0
    outer loop
      vertex 45.3 12.95 149.841
      vertex 45.3 6.5 173.5
      vertex 45.3 6.5 125.5
    endloop
  endfacet
  facet normal 1 0 0
    outer loop
      vertex 45.3 17.95 163.181
      vertex 45.3 6.5 173.5
      vertex 45.3 12.95 154.52
    endloop
  endfacet
  facet normal 1 0 0
    outer loop
      vertex 45.3 29.95 163.181
      vertex 45.3 6.5 173.5
      vertex 45.3 17.95 163.181
    endloop
  endfacet
  facet normal 1 -0 0
    outer loop
      vertex 45.3 0 179.5
      vertex 45.3 6.5 173.5
      vertex 45.3 60.9 179.5
    endloop
  endfacet
  facet normal 1 0 0
    outer loop
      vertex 45.3 6.5 173.5
      vertex 45.3 0 179.5
      vertex 45.3 0 173.5
    endloop
  endfacet
  facet normal 1 -0 0
    outer loop
      vertex 45.3 59.9 111.287
      vertex 45.3 60.9 0
      vertex 45.3 59.9 123.287
    endloop
  endfacet
  facet normal 1 0 0
    outer loop
      vertex 45.3 46.95 92.0897
      vertex 45.3 59.9 111.287
      vertex 45.3 56.9 111.287
    endloop
  endfacet
  facet normal 1 -0 0
    outer loop
      vertex 45.3 41.95 141.181
      vertex 45.3 56.9 123.287
      vertex 45.3 46.95 149.841
    endloop
  endfacet
  facet normal 1 0 0
    outer loop
      vertex 45.3 46.95 118.626
      vertex 45.3 56.9 123.287
      vertex 45.3 46.95 123.305
    endloop
  endfacet
  facet normal 1 0 0
    outer loop
      vertex 45.3 56.9 123.287
      vertex 45.3 46.95 118.626
      vertex 45.3 56.9 111.287
    endloop
  endfacet
  facet normal 1 0 0
    outer loop
      vertex 45.3 41.95 109.965
      vertex 45.3 56.9 111.287
      vertex 45.3 46.95 118.626
    endloop
  endfacet
  facet normal 1 0 0
    outer loop
      vertex 45.3 59.9 111.287
      vertex 45.3 46.95 92.0897
      vertex 45.3 46.95 87.4103
    endloop
  endfacet
  facet normal 1 0 0
    outer loop
      vertex 45.3 59.9 111.287
      vertex 45.3 46.95 87.4103
      vertex 45.3 46.95 60.8743
    endloop
  endfacet
  facet normal 1 0 0
    outer loop
      vertex 45.3 46.95 56.1949
      vertex 45.3 59.9 111.287
      vertex 45.3 46.95 60.8743
    endloop
  endfacet
  facet normal 1 0 0
    outer loop
      vertex 45.3 59.9 111.287
      vertex 45.3 46.95 56.1949
      vertex 45.3 60.9 0
    endloop
  endfacet
  facet normal 1 -0 0
    outer loop
      vertex 45.3 46.95 29.659
      vertex 45.3 60.9 0
      vertex 45.3 46.95 56.1949
    endloop
  endfacet
  facet normal 1 -0 0
    outer loop
      vertex 45.3 46.95 24.9795
      vertex 45.3 60.9 0
      vertex 45.3 46.95 29.659
    endloop
  endfacet
  facet normal 1 -0 0
    outer loop
      vertex 45.3 41.95 16.3192
      vertex 45.3 60.9 0
      vertex 45.3 46.95 24.9795
    endloop
  endfacet
  facet normal 1 0 0
    outer loop
      vertex 45.3 36.95 29.659
      vertex 45.3 34.95 29.659
      vertex 45.3 36.95 24.9795
    endloop
  endfacet
  facet normal 1 0 0
    outer loop
      vertex 45.3 34.95 24.9795
      vertex 45.3 36.95 24.9795
      vertex 45.3 34.95 29.659
    endloop
  endfacet
  facet normal 1 -0 0
    outer loop
      vertex 45.3 34.95 24.9795
      vertex 45.3 41.95 16.3192
      vertex 45.3 36.95 24.9795
    endloop
  endfacet
  facet normal 1 0 0
    outer loop
      vertex 45.3 29.95 16.3192
      vertex 45.3 41.95 16.3192
      vertex 45.3 34.95 24.9795
    endloop
  endfacet
  facet normal 1 -0 0
    outer loop
      vertex 45.3 29.95 16.3192
      vertex 45.3 60.9 0
      vertex 45.3 41.95 16.3192
    endloop
  endfacet
  facet normal 1 0 0
    outer loop
      vertex 45.3 24.95 29.659
      vertex 45.3 22.95 29.659
      vertex 45.3 24.95 24.9795
    endloop
  endfacet
  facet normal 1 0 0
    outer loop
      vertex 45.3 22.95 24.9795
      vertex 45.3 24.95 24.9795
      vertex 45.3 22.95 29.659
    endloop
  endfacet
  facet normal 1 -0 0
    outer loop
      vertex 45.3 22.95 24.9795
      vertex 45.3 29.95 16.3192
      vertex 45.3 24.95 24.9795
    endloop
  endfacet
  facet normal 1 0 0
    outer loop
      vertex 45.3 17.95 16.3192
      vertex 45.3 29.95 16.3192
      vertex 45.3 22.95 24.9795
    endloop
  endfacet
  facet normal 1 0 0
    outer loop
      vertex 45.3 6.5 6.00002
      vertex 45.3 29.95 16.3192
      vertex 45.3 17.95 16.3192
    endloop
  endfacet
  facet normal 1 0 0
    outer loop
      vertex 45.3 12.95 56.1949
      vertex 45.3 6.5 54
      vertex 45.3 12.95 29.659
    endloop
  endfacet
  facet normal 1 0 0
    outer loop
      vertex 45.3 6.5 6.00002
      vertex 45.3 12.95 29.659
      vertex 45.3 6.5 54
    endloop
  endfacet
  facet normal 1 0 0
    outer loop
      vertex 45.3 12.95 29.659
      vertex 45.3 6.5 6.00002
      vertex 45.3 12.95 24.9795
    endloop
  endfacet
  facet normal 1 0 0
    outer loop
      vertex 45.3 6.5 6.00002
      vertex 45.3 17.95 16.3192
      vertex 45.3 12.95 24.9795
    endloop
  endfacet
  facet normal 1 0 0
    outer loop
      vertex 45.3 29.95 16.3192
      vertex 45.3 6.5 6.00002
      vertex 45.3 60.9 0
    endloop
  endfacet
  facet normal 1 0 0
    outer loop
      vertex 45.3 0 0
      vertex 45.3 6.5 6.00002
      vertex 45.3 0 6.00002
    endloop
  endfacet
  facet normal 1 0 0
    outer loop
      vertex 45.3 6.5 6.00002
      vertex 45.3 0 0
      vertex 45.3 60.9 0
    endloop
  endfacet
  facet normal 1 -0 0
    outer loop
      vertex 45.3 40.95 134.233
      vertex 45.3 41.95 131.965
      vertex 45.3 40.95 138.913
    endloop
  endfacet
  facet normal 1 0 0
    outer loop
      vertex 45.3 35.95 125.573
      vertex 45.3 41.95 131.965
      vertex 45.3 40.95 134.233
    endloop
  endfacet
  facet normal 1 0 0
    outer loop
      vertex 45.3 34.95 123.305
      vertex 45.3 36.95 123.305
      vertex 45.3 35.95 125.573
    endloop
  endfacet
  facet normal 1 0 0
    outer loop
      vertex 45.3 41.95 131.965
      vertex 45.3 35.95 125.573
      vertex 45.3 36.95 123.305
    endloop
  endfacet
  facet normal 1 -0 0
    outer loop
      vertex 45.3 40.95 103.018
      vertex 45.3 41.95 100.75
      vertex 45.3 40.95 107.697
    endloop
  endfacet
  facet normal 1 0 0
    outer loop
      vertex 45.3 35.95 94.3577
      vertex 45.3 41.95 100.75
      vertex 45.3 40.95 103.018
    endloop
  endfacet
  facet normal 1 0 0
    outer loop
      vertex 45.3 34.95 92.0897
      vertex 45.3 36.95 92.0897
      vertex 45.3 35.95 94.3577
    endloop
  endfacet
  facet normal 1 0 0
    outer loop
      vertex 45.3 41.95 100.75
      vertex 45.3 35.95 94.3577
      vertex 45.3 36.95 92.0897
    endloop
  endfacet
  facet normal 1 -0 0
    outer loop
      vertex 45.3 40.95 71.8026
      vertex 45.3 41.95 69.5346
      vertex 45.3 40.95 76.482
    endloop
  endfacet
  facet normal 1 0 0
    outer loop
      vertex 45.3 35.95 63.1423
      vertex 45.3 41.95 69.5346
      vertex 45.3 40.95 71.8026
    endloop
  endfacet
  facet normal 1 0 0
    outer loop
      vertex 45.3 34.95 60.8743
      vertex 45.3 36.95 60.8743
      vertex 45.3 35.95 63.1423
    endloop
  endfacet
  facet normal 1 0 0
    outer loop
      vertex 45.3 41.95 69.5346
      vertex 45.3 35.95 63.1423
      vertex 45.3 36.95 60.8743
    endloop
  endfacet
  facet normal 1 -0 0
    outer loop
      vertex 45.3 40.95 40.5872
      vertex 45.3 41.95 38.3192
      vertex 45.3 40.95 45.2666
    endloop
  endfacet
  facet normal 1 0 0
    outer loop
      vertex 45.3 35.95 31.9269
      vertex 45.3 41.95 38.3192
      vertex 45.3 40.95 40.5872
    endloop
  endfacet
  facet normal 1 0 0
    outer loop
      vertex 45.3 34.95 29.659
      vertex 45.3 36.95 29.659
      vertex 45.3 35.95 31.9269
    endloop
  endfacet
  facet normal 1 0 0
    outer loop
      vertex 45.3 41.95 38.3192
      vertex 45.3 35.95 31.9269
      vertex 45.3 36.95 29.659
    endloop
  endfacet
  facet normal 1 0 0
    outer loop
      vertex 45.3 30.95 134.233
      vertex 45.3 28.95 134.233
      vertex 45.3 29.95 131.965
    endloop
  endfacet
  facet normal 1 0 0
    outer loop
      vertex 45.3 23.95 125.573
      vertex 45.3 29.95 131.965
      vertex 45.3 28.95 134.233
    endloop
  endfacet
  facet normal 1 0 0
    outer loop
      vertex 45.3 22.95 123.305
      vertex 45.3 24.95 123.305
      vertex 45.3 23.95 125.573
    endloop
  endfacet
  facet normal 1 0 0
    outer loop
      vertex 45.3 29.95 131.965
      vertex 45.3 23.95 125.573
      vertex 45.3 24.95 123.305
    endloop
  endfacet
  facet normal 1 0 0
    outer loop
      vertex 45.3 30.95 103.018
      vertex 45.3 28.95 103.018
      vertex 45.3 29.95 100.75
    endloop
  endfacet
  facet normal 1 0 0
    outer loop
      vertex 45.3 23.95 94.3577
      vertex 45.3 29.95 100.75
      vertex 45.3 28.95 103.018
    endloop
  endfacet
  facet normal 1 0 0
    outer loop
      vertex 45.3 22.95 92.0897
      vertex 45.3 24.95 92.0897
      vertex 45.3 23.95 94.3577
    endloop
  endfacet
  facet normal 1 0 0
    outer loop
      vertex 45.3 29.95 100.75
      vertex 45.3 23.95 94.3577
      vertex 45.3 24.95 92.0897
    endloop
  endfacet
  facet normal 1 0 0
    outer loop
      vertex 45.3 30.95 71.8026
      vertex 45.3 28.95 71.8026
      vertex 45.3 29.95 69.5346
    endloop
  endfacet
  facet normal 1 0 0
    outer loop
      vertex 45.3 23.95 63.1423
      vertex 45.3 29.95 69.5346
      vertex 45.3 28.95 71.8026
    endloop
  endfacet
  facet normal 1 0 0
    outer loop
      vertex 45.3 22.95 60.8743
      vertex 45.3 24.95 60.8743
      vertex 45.3 23.95 63.1423
    endloop
  endfacet
  facet normal 1 0 0
    outer loop
      vertex 45.3 29.95 69.5346
      vertex 45.3 23.95 63.1423
      vertex 45.3 24.95 60.8743
    endloop
  endfacet
  facet normal 1 0 0
    outer loop
      vertex 45.3 30.95 40.5872
      vertex 45.3 28.95 40.5872
      vertex 45.3 29.95 38.3192
    endloop
  endfacet
  facet normal 1 0 0
    outer loop
      vertex 45.3 23.95 31.9269
      vertex 45.3 29.95 38.3192
      vertex 45.3 28.95 40.5872
    endloop
  endfacet
  facet normal 1 0 0
    outer loop
      vertex 45.3 22.95 29.659
      vertex 45.3 24.95 29.659
      vertex 45.3 23.95 31.9269
    endloop
  endfacet
  facet normal 1 0 0
    outer loop
      vertex 45.3 29.95 38.3192
      vertex 45.3 23.95 31.9269
      vertex 45.3 24.95 29.659
    endloop
  endfacet
  facet normal 1 -0 0
    outer loop
      vertex 45.3 29.95 38.3192
      vertex 45.3 35.95 31.9269
      vertex 45.3 30.95 40.5872
    endloop
  endfacet
  facet normal 1 0 0
    outer loop
      vertex 45.3 35.95 31.9269
      vertex 45.3 29.95 38.3192
      vertex 45.3 34.95 29.659
    endloop
  endfacet
  facet normal 1 0 0
    outer loop
      vertex 45.3 30.95 45.2666
      vertex 45.3 28.95 45.2666
      vertex 45.3 30.95 40.5872
    endloop
  endfacet
  facet normal 1 0 0
    outer loop
      vertex 45.3 28.95 40.5872
      vertex 45.3 30.95 40.5872
      vertex 45.3 28.95 45.2666
    endloop
  endfacet
  facet normal 1 -0 0
    outer loop
      vertex 45.3 23.95 53.9269
      vertex 45.3 29.95 47.5346
      vertex 45.3 24.95 56.1949
    endloop
  endfacet
  facet normal 1 0 0
    outer loop
      vertex 45.3 29.95 47.5346
      vertex 45.3 23.95 53.9269
      vertex 45.3 28.95 45.2666
    endloop
  endfacet
  facet normal 1 0 0
    outer loop
      vertex 45.3 24.95 60.8743
      vertex 45.3 22.95 60.8743
      vertex 45.3 24.95 56.1949
    endloop
  endfacet
  facet normal 1 0 0
    outer loop
      vertex 45.3 22.95 56.1949
      vertex 45.3 24.95 56.1949
      vertex 45.3 22.95 60.8743
    endloop
  endfacet
  facet normal 1 -0 0
    outer loop
      vertex 45.3 17.95 69.5346
      vertex 45.3 23.95 63.1423
      vertex 45.3 18.95 71.8026
    endloop
  endfacet
  facet normal 1 0 0
    outer loop
      vertex 45.3 23.95 63.1423
      vertex 45.3 17.95 69.5346
      vertex 45.3 22.95 60.8743
    endloop
  endfacet
  facet normal 1 0 0
    outer loop
      vertex 45.3 17.95 78.75
      vertex 45.3 17.95 69.5346
      vertex 45.3 18.95 71.8026
    endloop
  endfacet
  facet normal 1 0 0
    outer loop
      vertex 45.3 12.95 87.4103
      vertex 45.3 17.95 69.5346
      vertex 45.3 17.95 78.75
    endloop
  endfacet
  facet normal 1 0 0
    outer loop
      vertex 45.3 17.95 69.5346
      vertex 45.3 12.95 87.4103
      vertex 45.3 12.95 60.8743
    endloop
  endfacet
  facet normal 1 0 0
    outer loop
      vertex 45.3 36.95 149.841
      vertex 45.3 34.95 149.841
      vertex 45.3 35.95 147.573
    endloop
  endfacet
  facet normal 1 0 0
    outer loop
      vertex 45.3 29.95 141.181
      vertex 45.3 35.95 147.573
      vertex 45.3 34.95 149.841
    endloop
  endfacet
  facet normal 1 0 0
    outer loop
      vertex 45.3 28.95 138.913
      vertex 45.3 30.95 138.913
      vertex 45.3 29.95 141.181
    endloop
  endfacet
  facet normal 1 0 0
    outer loop
      vertex 45.3 35.95 147.573
      vertex 45.3 29.95 141.181
      vertex 45.3 30.95 138.913
    endloop
  endfacet
  facet normal 1 0 0
    outer loop
      vertex 45.3 36.95 118.626
      vertex 45.3 34.95 118.626
      vertex 45.3 35.95 116.358
    endloop
  endfacet
  facet normal 1 0 0
    outer loop
      vertex 45.3 29.95 109.965
      vertex 45.3 35.95 116.358
      vertex 45.3 34.95 118.626
    endloop
  endfacet
  facet normal 1 0 0
    outer loop
      vertex 45.3 28.95 107.697
      vertex 45.3 30.95 107.697
      vertex 45.3 29.95 109.965
    endloop
  endfacet
  facet normal 1 0 0
    outer loop
      vertex 45.3 35.95 116.358
      vertex 45.3 29.95 109.965
      vertex 45.3 30.95 107.697
    endloop
  endfacet
  facet normal 1 0 0
    outer loop
      vertex 45.3 36.95 87.4103
      vertex 45.3 34.95 87.4103
      vertex 45.3 35.95 85.1423
    endloop
  endfacet
  facet normal 1 0 0
    outer loop
      vertex 45.3 29.95 78.75
      vertex 45.3 35.95 85.1423
      vertex 45.3 34.95 87.4103
    endloop
  endfacet
  facet normal 1 0 0
    outer loop
      vertex 45.3 28.95 76.482
      vertex 45.3 30.95 76.482
      vertex 45.3 29.95 78.75
    endloop
  endfacet
  facet normal 1 0 0
    outer loop
      vertex 45.3 35.95 85.1423
      vertex 45.3 29.95 78.75
      vertex 45.3 30.95 76.482
    endloop
  endfacet
  facet normal 1 0 0
    outer loop
      vertex 45.3 36.95 56.1949
      vertex 45.3 34.95 56.1949
      vertex 45.3 35.95 53.9269
    endloop
  endfacet
  facet normal 1 0 0
    outer loop
      vertex 45.3 29.95 47.5346
      vertex 45.3 35.95 53.9269
      vertex 45.3 34.95 56.1949
    endloop
  endfacet
  facet normal 1 0 0
    outer loop
      vertex 45.3 28.95 45.2666
      vertex 45.3 30.95 45.2666
      vertex 45.3 29.95 47.5346
    endloop
  endfacet
  facet normal 1 0 0
    outer loop
      vertex 45.3 35.95 53.9269
      vertex 45.3 29.95 47.5346
      vertex 45.3 30.95 45.2666
    endloop
  endfacet
  facet normal 1 -0 0
    outer loop
      vertex 45.3 17.95 38.3192
      vertex 45.3 23.95 31.9269
      vertex 45.3 18.95 40.5872
    endloop
  endfacet
  facet normal 1 0 0
    outer loop
      vertex 45.3 23.95 31.9269
      vertex 45.3 17.95 38.3192
      vertex 45.3 22.95 29.659
    endloop
  endfacet
  facet normal 1 0 0
    outer loop
      vertex 45.3 17.95 47.5346
      vertex 45.3 17.95 38.3192
      vertex 45.3 18.95 40.5872
    endloop
  endfacet
  facet normal 1 0 0
    outer loop
      vertex 45.3 12.95 56.1949
      vertex 45.3 17.95 38.3192
      vertex 45.3 17.95 47.5346
    endloop
  endfacet
  facet normal 1 0 0
    outer loop
      vertex 45.3 17.95 38.3192
      vertex 45.3 12.95 56.1949
      vertex 45.3 12.95 29.659
    endloop
  endfacet
  facet normal 1 0 0
    outer loop
      vertex 45.3 24.95 149.841
      vertex 45.3 22.95 149.841
      vertex 45.3 23.95 147.573
    endloop
  endfacet
  facet normal 1 0 0
    outer loop
      vertex 45.3 17.95 141.181
      vertex 45.3 23.95 147.573
      vertex 45.3 22.95 149.841
    endloop
  endfacet
  facet normal 1 0 0
    outer loop
      vertex 45.3 18.95 138.913
      vertex 45.3 17.95 141.181
      vertex 45.3 18.95 134.233
    endloop
  endfacet
  facet normal 1 0 0
    outer loop
      vertex 45.3 23.95 147.573
      vertex 45.3 17.95 141.181
      vertex 45.3 18.95 138.913
    endloop
  endfacet
  facet normal 1 0 0
    outer loop
      vertex 45.3 24.95 118.626
      vertex 45.3 22.95 118.626
      vertex 45.3 23.95 116.358
    endloop
  endfacet
  facet normal 1 0 0
    outer loop
      vertex 45.3 17.95 109.965
      vertex 45.3 23.95 116.358
      vertex 45.3 22.95 118.626
    endloop
  endfacet
  facet normal 1 0 0
    outer loop
      vertex 45.3 18.95 107.697
      vertex 45.3 17.95 109.965
      vertex 45.3 18.95 103.018
    endloop
  endfacet
  facet normal 1 0 0
    outer loop
      vertex 45.3 23.95 116.358
      vertex 45.3 17.95 109.965
      vertex 45.3 18.95 107.697
    endloop
  endfacet
  facet normal 1 0 0
    outer loop
      vertex 45.3 24.95 87.4103
      vertex 45.3 22.95 87.4103
      vertex 45.3 23.95 85.1423
    endloop
  endfacet
  facet normal 1 0 0
    outer loop
      vertex 45.3 17.95 78.75
      vertex 45.3 23.95 85.1423
      vertex 45.3 22.95 87.4103
    endloop
  endfacet
  facet normal 1 0 0
    outer loop
      vertex 45.3 18.95 76.482
      vertex 45.3 17.95 78.75
      vertex 45.3 18.95 71.8026
    endloop
  endfacet
  facet normal 1 0 0
    outer loop
      vertex 45.3 23.95 85.1423
      vertex 45.3 17.95 78.75
      vertex 45.3 18.95 76.482
    endloop
  endfacet
  facet normal 1 0 0
    outer loop
      vertex 45.3 24.95 56.1949
      vertex 45.3 22.95 56.1949
      vertex 45.3 23.95 53.9269
    endloop
  endfacet
  facet normal 1 0 0
    outer loop
      vertex 45.3 17.95 47.5346
      vertex 45.3 23.95 53.9269
      vertex 45.3 22.95 56.1949
    endloop
  endfacet
  facet normal 1 0 0
    outer loop
      vertex 45.3 18.95 45.2666
      vertex 45.3 17.95 47.5346
      vertex 45.3 18.95 40.5872
    endloop
  endfacet
  facet normal 1 0 0
    outer loop
      vertex 45.3 23.95 53.9269
      vertex 45.3 17.95 47.5346
      vertex 45.3 18.95 45.2666
    endloop
  endfacet
  facet normal 0.83205 -0 0.5547
    outer loop
      vertex 45.3 0 54
      vertex 59.3 6.5 33
      vertex 45.3 6.5 54
    endloop
  endfacet
  facet normal 0.83205 0 0.5547
    outer loop
      vertex 59.3 6.5 33
      vertex 45.3 0 54
      vertex 59.3 0 33
    endloop
  endfacet
  facet normal 1 -0 0
    outer loop
      vertex 59.3 0 33
      vertex 59.3 6.5 27
      vertex 59.3 6.5 33
    endloop
  endfacet
  facet normal 1 0 0
    outer loop
      vertex 59.3 6.5 27
      vertex 59.3 0 33
      vertex 59.3 0 27
    endloop
  endfacet
  facet normal 0.83205 0 -0.554701
    outer loop
      vertex 59.3 0 27
      vertex 45.3 6.5 6.00002
      vertex 59.3 6.5 27
    endloop
  endfacet
  facet normal 0.83205 0 -0.554701
    outer loop
      vertex 45.3 6.5 6.00002
      vertex 59.3 0 27
      vertex 45.3 0 6.00002
    endloop
  endfacet
  facet normal 0 1 0
    outer loop
      vertex 45.3 6.5 173.5
      vertex 52.7645 6.5 154.227
      vertex 52.3 6.5 154.25
    endloop
  endfacet
  facet normal 0 1 0
    outer loop
      vertex 45.3 6.5 173.5
      vertex 52.7656 6.5 154.227
      vertex 52.7645 6.5 154.227
    endloop
  endfacet
  facet normal 0 1 0
    outer loop
      vertex 45.3 6.5 173.5
      vertex 53.2256 6.5 154.159
      vertex 52.7656 6.5 154.227
    endloop
  endfacet
  facet normal 0 1 0
    outer loop
      vertex 45.3 6.5 173.5
      vertex 53.2267 6.5 154.159
      vertex 53.2256 6.5 154.159
    endloop
  endfacet
  facet normal 0 1 0
    outer loop
      vertex 45.3 6.5 173.5
      vertex 53.6778 6.5 154.046
      vertex 53.2267 6.5 154.159
    endloop
  endfacet
  facet normal 0 1 0
    outer loop
      vertex 45.3 6.5 173.5
      vertex 53.6789 6.5 154.045
      vertex 53.6778 6.5 154.046
    endloop
  endfacet
  facet normal 0 1 0
    outer loop
      vertex 45.3 6.5 173.5
      vertex 53.6799 6.5 154.045
      vertex 53.6789 6.5 154.045
    endloop
  endfacet
  facet normal 0 1 0
    outer loop
      vertex 45.3 6.5 173.5
      vertex 54.1177 6.5 153.888
      vertex 53.6799 6.5 154.045
    endloop
  endfacet
  facet normal 0 1 0
    outer loop
      vertex 45.3 6.5 173.5
      vertex 54.1187 6.5 153.888
      vertex 54.1177 6.5 153.888
    endloop
  endfacet
  facet normal 0 1 0
    outer loop
      vertex 59.3 6.5 152.5
      vertex 54.1187 6.5 153.888
      vertex 45.3 6.5 173.5
    endloop
  endfacet
  facet normal 0 1 0
    outer loop
      vertex 54.1187 6.5 153.888
      vertex 59.3 6.5 152.5
      vertex 54.5391 6.5 153.689
    endloop
  endfacet
  facet normal 0 1 0
    outer loop
      vertex 54.5391 6.5 153.689
      vertex 59.3 6.5 152.5
      vertex 54.938 6.5 153.45
    endloop
  endfacet
  facet normal 0 1 0
    outer loop
      vertex 54.938 6.5 153.45
      vertex 59.3 6.5 152.5
      vertex 54.939 6.5 153.449
    endloop
  endfacet
  facet normal 0 -1 0
    outer loop
      vertex 54.939 6.5 153.449
      vertex 59.3 6.5 152.5
      vertex 54.9398 6.5 153.449
    endloop
  endfacet
  facet normal 0 1 0
    outer loop
      vertex 54.9398 6.5 153.449
      vertex 59.3 6.5 152.5
      vertex 55.3134 6.5 153.172
    endloop
  endfacet
  facet normal 0 1 0
    outer loop
      vertex 55.3134 6.5 153.172
      vertex 59.3 6.5 152.5
      vertex 55.3142 6.5 153.171
    endloop
  endfacet
  facet normal 0 1 0
    outer loop
      vertex 55.3142 6.5 153.171
      vertex 59.3 6.5 152.5
      vertex 55.6588 6.5 152.859
    endloop
  endfacet
  facet normal 0 1 0
    outer loop
      vertex 55.6588 6.5 152.859
      vertex 59.3 6.5 152.5
      vertex 55.9711 6.5 152.514
    endloop
  endfacet
  facet normal 0 1 0
    outer loop
      vertex 55.9711 6.5 152.514
      vertex 59.3 6.5 152.5
      vertex 55.9718 6.5 152.513
    endloop
  endfacet
  facet normal 0 1 0
    outer loop
      vertex 55.9718 6.5 152.513
      vertex 59.3 6.5 152.5
      vertex 55.9724 6.5 152.512
    endloop
  endfacet
  facet normal 0 1 0
    outer loop
      vertex 59.3 6.5 152.5
      vertex 56.2495 6.5 152.139
      vertex 55.9724 6.5 152.512
    endloop
  endfacet
  facet normal 0 1 0
    outer loop
      vertex 59.3 6.5 152.5
      vertex 56.25 6.5 152.138
      vertex 56.2495 6.5 152.139
    endloop
  endfacet
  facet normal 0 1 0
    outer loop
      vertex 59.3 6.5 152.5
      vertex 56.4891 6.5 151.739
      vertex 56.25 6.5 152.138
    endloop
  endfacet
  facet normal 0 1 0
    outer loop
      vertex 59.3 6.5 152.5
      vertex 56.688 6.5 151.319
      vertex 56.4891 6.5 151.739
    endloop
  endfacet
  facet normal 0 1 0
    outer loop
      vertex 59.3 6.5 152.5
      vertex 56.6884 6.5 151.318
      vertex 56.688 6.5 151.319
    endloop
  endfacet
  facet normal 0 1 0
    outer loop
      vertex 59.3 6.5 152.5
      vertex 56.8451 6.5 150.88
      vertex 56.6884 6.5 151.318
    endloop
  endfacet
  facet normal 0 1 0
    outer loop
      vertex 59.3 6.5 152.5
      vertex 56.8455 6.5 150.879
      vertex 56.8451 6.5 150.88
    endloop
  endfacet
  facet normal 0 1 0
    outer loop
      vertex 59.3 6.5 152.5
      vertex 56.8457 6.5 150.878
      vertex 56.8455 6.5 150.879
    endloop
  endfacet
  facet normal 0 1 0
    outer loop
      vertex 59.3 6.5 152.5
      vertex 56.9587 6.5 150.427
      vertex 56.8457 6.5 150.878
    endloop
  endfacet
  facet normal 0 1 0
    outer loop
      vertex 59.3 6.5 152.5
      vertex 57.027 6.5 149.967
      vertex 56.9587 6.5 150.427
    endloop
  endfacet
  facet normal 0 1 0
    outer loop
      vertex 59.3 6.5 152.5
      vertex 57.0271 6.5 149.966
      vertex 57.027 6.5 149.967
    endloop
  endfacet
  facet normal 0 1 0
    outer loop
      vertex 59.3 6.5 152.5
      vertex 57.0272 6.5 149.964
      vertex 57.0271 6.5 149.966
    endloop
  endfacet
  facet normal 0 1 0
    outer loop
      vertex 59.3 6.5 152.5
      vertex 57.05 6.5 149.5
      vertex 57.0272 6.5 149.964
    endloop
  endfacet
  facet normal 0 1 -0
    outer loop
      vertex 59.3 6.5 146.5
      vertex 57.05 6.5 149.5
      vertex 59.3 6.5 152.5
    endloop
  endfacet
  facet normal 0 1 0
    outer loop
      vertex 57.05 6.5 149.5
      vertex 59.3 6.5 146.5
      vertex 57.0272 6.5 149.036
    endloop
  endfacet
  facet normal 0 1 0
    outer loop
      vertex 57.0272 6.5 149.036
      vertex 59.3 6.5 146.5
      vertex 57.0271 6.5 149.034
    endloop
  endfacet
  facet normal 0 1 0
    outer loop
      vertex 57.0271 6.5 149.034
      vertex 59.3 6.5 146.5
      vertex 57.027 6.5 149.033
    endloop
  endfacet
  facet normal 0 1 0
    outer loop
      vertex 57.027 6.5 149.033
      vertex 59.3 6.5 146.5
      vertex 56.9587 6.5 148.573
    endloop
  endfacet
  facet normal 0 1 0
    outer loop
      vertex 56.9587 6.5 148.573
      vertex 59.3 6.5 146.5
      vertex 56.8457 6.5 148.122
    endloop
  endfacet
  facet normal 0 1 0
    outer loop
      vertex 56.8457 6.5 148.122
      vertex 59.3 6.5 146.5
      vertex 56.8455 6.5 148.121
    endloop
  endfacet
  facet normal 0 1 0
    outer loop
      vertex 56.8455 6.5 148.121
      vertex 59.3 6.5 146.5
      vertex 56.8451 6.5 148.12
    endloop
  endfacet
  facet normal 0 1 0
    outer loop
      vertex 56.8451 6.5 148.12
      vertex 59.3 6.5 146.5
      vertex 56.6884 6.5 147.682
    endloop
  endfacet
  facet normal 0 1 0
    outer loop
      vertex 56.6884 6.5 147.682
      vertex 59.3 6.5 146.5
      vertex 56.688 6.5 147.681
    endloop
  endfacet
  facet normal 0 1 0
    outer loop
      vertex 59.3 6.5 146.5
      vertex 56.25 6.5 146.862
      vertex 56.4891 6.5 147.261
    endloop
  endfacet
  facet normal 0 1 0
    outer loop
      vertex 56.688 6.5 147.681
      vertex 59.3 6.5 146.5
      vertex 56.4891 6.5 147.261
    endloop
  endfacet
  facet normal 0 1 0
    outer loop
      vertex 56.25 6.5 146.862
      vertex 59.3 6.5 146.5
      vertex 56.2495 6.5 146.861
    endloop
  endfacet
  facet normal 0 1 0
    outer loop
      vertex 59.3 6.5 146.5
      vertex 55.9724 6.5 146.488
      vertex 56.2495 6.5 146.861
    endloop
  endfacet
  facet normal 0 1 0
    outer loop
      vertex 59.3 6.5 146.5
      vertex 55.9718 6.5 146.487
      vertex 55.9724 6.5 146.488
    endloop
  endfacet
  facet normal 0 1 0
    outer loop
      vertex 59.3 6.5 146.5
      vertex 55.9711 6.5 146.486
      vertex 55.9718 6.5 146.487
    endloop
  endfacet
  facet normal 0 1 0
    outer loop
      vertex 59.3 6.5 146.5
      vertex 55.6588 6.5 146.141
      vertex 55.9711 6.5 146.486
    endloop
  endfacet
  facet normal 0 1 0
    outer loop
      vertex 59.3 6.5 146.5
      vertex 55.3142 6.5 145.829
      vertex 55.6588 6.5 146.141
    endloop
  endfacet
  facet normal 0 1 0
    outer loop
      vertex 59.3 6.5 146.5
      vertex 55.3134 6.5 145.828
      vertex 55.3142 6.5 145.829
    endloop
  endfacet
  facet normal 0 1 0
    outer loop
      vertex 59.3 6.5 146.5
      vertex 54.9398 6.5 145.551
      vertex 55.3134 6.5 145.828
    endloop
  endfacet
  facet normal 0 -1 0
    outer loop
      vertex 59.3 6.5 146.5
      vertex 54.939 6.5 145.551
      vertex 54.9398 6.5 145.551
    endloop
  endfacet
  facet normal 0 1 0
    outer loop
      vertex 59.3 6.5 146.5
      vertex 54.938 6.5 145.55
      vertex 54.939 6.5 145.551
    endloop
  endfacet
  facet normal 0 1 0
    outer loop
      vertex 59.3 6.5 146.5
      vertex 54.5391 6.5 145.311
      vertex 54.938 6.5 145.55
    endloop
  endfacet
  facet normal 0 1 0
    outer loop
      vertex 59.3 6.5 146.5
      vertex 54.1187 6.5 145.112
      vertex 54.5391 6.5 145.311
    endloop
  endfacet
  facet normal 0 -1 0
    outer loop
      vertex 59.3 6.5 146.5
      vertex 54.1177 6.5 145.112
      vertex 54.1187 6.5 145.112
    endloop
  endfacet
  facet normal 0 1 0
    outer loop
      vertex 45.3 6.5 125.5
      vertex 54.1177 6.5 145.112
      vertex 59.3 6.5 146.5
    endloop
  endfacet
  facet normal 0 1 0
    outer loop
      vertex 54.1177 6.5 145.112
      vertex 45.3 6.5 125.5
      vertex 53.6799 6.5 144.955
    endloop
  endfacet
  facet normal 0 1 0
    outer loop
      vertex 45.3 6.5 125.5
      vertex 53.6778 6.5 144.954
      vertex 53.6789 6.5 144.955
    endloop
  endfacet
  facet normal 0 1 0
    outer loop
      vertex 45.3 6.5 125.5
      vertex 53.2256 6.5 144.841
      vertex 53.2267 6.5 144.841
    endloop
  endfacet
  facet normal 0 1 0
    outer loop
      vertex 52.3011 6.5 144.75
      vertex 45.3 6.5 125.5
      vertex 52.3 6.5 144.75
    endloop
  endfacet
  facet normal 0 1 0
    outer loop
      vertex 52.7656 6.5 144.773
      vertex 45.3 6.5 125.5
      vertex 52.3011 6.5 144.75
    endloop
  endfacet
  facet normal 0 1 0
    outer loop
      vertex 53.2256 6.5 144.841
      vertex 45.3 6.5 125.5
      vertex 52.7656 6.5 144.773
    endloop
  endfacet
  facet normal 0 1 0
    outer loop
      vertex 53.6778 6.5 144.954
      vertex 45.3 6.5 125.5
      vertex 53.2267 6.5 144.841
    endloop
  endfacet
  facet normal 0 1 0
    outer loop
      vertex 53.6799 6.5 144.955
      vertex 45.3 6.5 125.5
      vertex 53.6789 6.5 144.955
    endloop
  endfacet
  facet normal 0 1 -0
    outer loop
      vertex 51.8355 6.5 154.227
      vertex 45.3 6.5 173.5
      vertex 52.3 6.5 154.25
    endloop
  endfacet
  facet normal 0 1 -0
    outer loop
      vertex 51.8344 6.5 154.227
      vertex 45.3 6.5 173.5
      vertex 51.8355 6.5 154.227
    endloop
  endfacet
  facet normal 0 1 -0
    outer loop
      vertex 51.3744 6.5 154.159
      vertex 45.3 6.5 173.5
      vertex 51.8344 6.5 154.227
    endloop
  endfacet
  facet normal 0 1 -0
    outer loop
      vertex 51.3733 6.5 154.159
      vertex 45.3 6.5 173.5
      vertex 51.3744 6.5 154.159
    endloop
  endfacet
  facet normal 0 1 -0
    outer loop
      vertex 51.3723 6.5 154.158
      vertex 45.3 6.5 173.5
      vertex 51.3733 6.5 154.159
    endloop
  endfacet
  facet normal 0 1 -0
    outer loop
      vertex 50.9211 6.5 154.045
      vertex 45.3 6.5 173.5
      vertex 51.3723 6.5 154.158
    endloop
  endfacet
  facet normal 0 1 -0
    outer loop
      vertex 50.4833 6.5 153.889
      vertex 45.3 6.5 173.5
      vertex 50.9211 6.5 154.045
    endloop
  endfacet
  facet normal 0 1 -0
    outer loop
      vertex 50.4823 6.5 153.888
      vertex 45.3 6.5 173.5
      vertex 50.4833 6.5 153.889
    endloop
  endfacet
  facet normal 0 1 -0
    outer loop
      vertex 50.4813 6.5 153.888
      vertex 45.3 6.5 173.5
      vertex 50.4823 6.5 153.888
    endloop
  endfacet
  facet normal 0 1 -0
    outer loop
      vertex 50.0609 6.5 153.689
      vertex 45.3 6.5 173.5
      vertex 50.4813 6.5 153.888
    endloop
  endfacet
  facet normal 0 1 -0
    outer loop
      vertex 49.662 6.5 153.45
      vertex 45.3 6.5 173.5
      vertex 50.0609 6.5 153.689
    endloop
  endfacet
  facet normal 0 1 -0
    outer loop
      vertex 49.661 6.5 153.449
      vertex 45.3 6.5 173.5
      vertex 49.662 6.5 153.45
    endloop
  endfacet
  facet normal 0 1 -0
    outer loop
      vertex 49.6602 6.5 153.449
      vertex 45.3 6.5 173.5
      vertex 49.661 6.5 153.449
    endloop
  endfacet
  facet normal 0 1 -0
    outer loop
      vertex 49.2866 6.5 153.172
      vertex 45.3 6.5 173.5
      vertex 49.6602 6.5 153.449
    endloop
  endfacet
  facet normal 0 1 -0
    outer loop
      vertex 49.2858 6.5 153.171
      vertex 45.3 6.5 173.5
      vertex 49.2866 6.5 153.172
    endloop
  endfacet
  facet normal 0 1 -0
    outer loop
      vertex 48.9412 6.5 152.859
      vertex 45.3 6.5 173.5
      vertex 49.2858 6.5 153.171
    endloop
  endfacet
  facet normal 0 1 -0
    outer loop
      vertex 48.6289 6.5 152.514
      vertex 45.3 6.5 173.5
      vertex 48.9412 6.5 152.859
    endloop
  endfacet
  facet normal 0 1 -0
    outer loop
      vertex 48.6282 6.5 152.513
      vertex 45.3 6.5 173.5
      vertex 48.6289 6.5 152.514
    endloop
  endfacet
  facet normal 0 1 -0
    outer loop
      vertex 48.6276 6.5 152.512
      vertex 45.3 6.5 173.5
      vertex 48.6282 6.5 152.513
    endloop
  endfacet
  facet normal 0 1 -0
    outer loop
      vertex 48.3505 6.5 152.139
      vertex 45.3 6.5 173.5
      vertex 48.6276 6.5 152.512
    endloop
  endfacet
  facet normal 0 1 -0
    outer loop
      vertex 48.35 6.5 152.138
      vertex 45.3 6.5 173.5
      vertex 48.3505 6.5 152.139
    endloop
  endfacet
  facet normal 0 1 -0
    outer loop
      vertex 48.1109 6.5 151.739
      vertex 45.3 6.5 173.5
      vertex 48.35 6.5 152.138
    endloop
  endfacet
  facet normal 0 1 -0
    outer loop
      vertex 47.912 6.5 151.319
      vertex 45.3 6.5 173.5
      vertex 48.1109 6.5 151.739
    endloop
  endfacet
  facet normal 0 1 -0
    outer loop
      vertex 47.9116 6.5 151.318
      vertex 45.3 6.5 173.5
      vertex 47.912 6.5 151.319
    endloop
  endfacet
  facet normal 0 1 -0
    outer loop
      vertex 47.7549 6.5 150.88
      vertex 45.3 6.5 173.5
      vertex 47.9116 6.5 151.318
    endloop
  endfacet
  facet normal 0 1 -0
    outer loop
      vertex 47.7545 6.5 150.879
      vertex 45.3 6.5 173.5
      vertex 47.7549 6.5 150.88
    endloop
  endfacet
  facet normal 0 1 -0
    outer loop
      vertex 47.6415 6.5 150.428
      vertex 45.3 6.5 173.5
      vertex 47.7545 6.5 150.879
    endloop
  endfacet
  facet normal 0 1 -0
    outer loop
      vertex 47.6413 6.5 150.427
      vertex 45.3 6.5 173.5
      vertex 47.6415 6.5 150.428
    endloop
  endfacet
  facet normal 0 1 -0
    outer loop
      vertex 47.6411 6.5 150.426
      vertex 45.3 6.5 173.5
      vertex 47.6413 6.5 150.427
    endloop
  endfacet
  facet normal 0 1 -0
    outer loop
      vertex 47.5729 6.5 149.966
      vertex 45.3 6.5 173.5
      vertex 47.6411 6.5 150.426
    endloop
  endfacet
  facet normal 0 1 -0
    outer loop
      vertex 47.5728 6.5 149.964
      vertex 45.3 6.5 173.5
      vertex 47.5729 6.5 149.966
    endloop
  endfacet
  facet normal 0 1 -0
    outer loop
      vertex 47.55 6.5 149.5
      vertex 45.3 6.5 173.5
      vertex 47.5728 6.5 149.964
    endloop
  endfacet
  facet normal 0 1 0
    outer loop
      vertex 45.3 6.5 125.5
      vertex 47.55 6.5 149.5
      vertex 47.5728 6.5 149.036
    endloop
  endfacet
  facet normal 0 1 0
    outer loop
      vertex 45.3 6.5 125.5
      vertex 47.5728 6.5 149.036
      vertex 47.5729 6.5 149.034
    endloop
  endfacet
  facet normal 0 1 0
    outer loop
      vertex 47.9116 6.5 147.682
      vertex 47.7545 6.5 148.121
      vertex 47.7549 6.5 148.12
    endloop
  endfacet
  facet normal 0 -1 0
    outer loop
      vertex 48.1109 6.5 147.261
      vertex 47.9116 6.5 147.682
      vertex 47.912 6.5 147.681
    endloop
  endfacet
  facet normal 0 1 0
    outer loop
      vertex 45.3 6.5 125.5
      vertex 48.35 6.5 146.862
      vertex 48.3505 6.5 146.861
    endloop
  endfacet
  facet normal 0 1 0
    outer loop
      vertex 45.3 6.5 125.5
      vertex 49.2858 6.5 145.829
      vertex 49.2866 6.5 145.828
    endloop
  endfacet
  facet normal 0 1 0
    outer loop
      vertex 45.3 6.5 125.5
      vertex 51.3723 6.5 144.842
      vertex 51.3733 6.5 144.841
    endloop
  endfacet
  facet normal 0 1 0
    outer loop
      vertex 45.3 6.5 125.5
      vertex 51.3744 6.5 144.841
      vertex 51.8344 6.5 144.773
    endloop
  endfacet
  facet normal 0 1 0
    outer loop
      vertex 47.55 6.5 149.5
      vertex 45.3 6.5 125.5
      vertex 45.3 6.5 173.5
    endloop
  endfacet
  facet normal 0 1 0
    outer loop
      vertex 47.6411 6.5 148.574
      vertex 45.3 6.5 125.5
      vertex 47.5729 6.5 149.034
    endloop
  endfacet
  facet normal 0 1 0
    outer loop
      vertex 47.6413 6.5 148.573
      vertex 45.3 6.5 125.5
      vertex 47.6411 6.5 148.574
    endloop
  endfacet
  facet normal 0 1 0
    outer loop
      vertex 47.6415 6.5 148.572
      vertex 45.3 6.5 125.5
      vertex 47.6413 6.5 148.573
    endloop
  endfacet
  facet normal 0 1 0
    outer loop
      vertex 47.7545 6.5 148.121
      vertex 45.3 6.5 125.5
      vertex 47.6415 6.5 148.572
    endloop
  endfacet
  facet normal 0 1 0
    outer loop
      vertex 47.9116 6.5 147.682
      vertex 45.3 6.5 125.5
      vertex 47.7545 6.5 148.121
    endloop
  endfacet
  facet normal 0 1 0
    outer loop
      vertex 48.1109 6.5 147.261
      vertex 45.3 6.5 125.5
      vertex 47.9116 6.5 147.682
    endloop
  endfacet
  facet normal 0 1 0
    outer loop
      vertex 48.35 6.5 146.862
      vertex 45.3 6.5 125.5
      vertex 48.1109 6.5 147.261
    endloop
  endfacet
  facet normal 0 1 0
    outer loop
      vertex 48.6276 6.5 146.488
      vertex 45.3 6.5 125.5
      vertex 48.3505 6.5 146.861
    endloop
  endfacet
  facet normal 0 1 0
    outer loop
      vertex 48.6282 6.5 146.487
      vertex 45.3 6.5 125.5
      vertex 48.6276 6.5 146.488
    endloop
  endfacet
  facet normal 0 1 0
    outer loop
      vertex 48.6289 6.5 146.486
      vertex 45.3 6.5 125.5
      vertex 48.6282 6.5 146.487
    endloop
  endfacet
  facet normal 0 1 0
    outer loop
      vertex 48.9412 6.5 146.141
      vertex 45.3 6.5 125.5
      vertex 48.6289 6.5 146.486
    endloop
  endfacet
  facet normal 0 1 0
    outer loop
      vertex 49.2858 6.5 145.829
      vertex 45.3 6.5 125.5
      vertex 48.9412 6.5 146.141
    endloop
  endfacet
  facet normal 0 1 0
    outer loop
      vertex 49.6602 6.5 145.551
      vertex 45.3 6.5 125.5
      vertex 49.2866 6.5 145.828
    endloop
  endfacet
  facet normal 0 1 0
    outer loop
      vertex 49.661 6.5 145.551
      vertex 45.3 6.5 125.5
      vertex 49.6602 6.5 145.551
    endloop
  endfacet
  facet normal 0 1 0
    outer loop
      vertex 49.662 6.5 145.55
      vertex 45.3 6.5 125.5
      vertex 49.661 6.5 145.551
    endloop
  endfacet
  facet normal 0 1 0
    outer loop
      vertex 50.0609 6.5 145.311
      vertex 45.3 6.5 125.5
      vertex 49.662 6.5 145.55
    endloop
  endfacet
  facet normal 0 1 0
    outer loop
      vertex 50.4813 6.5 145.112
      vertex 45.3 6.5 125.5
      vertex 50.0609 6.5 145.311
    endloop
  endfacet
  facet normal 0 1 0
    outer loop
      vertex 50.4823 6.5 145.112
      vertex 45.3 6.5 125.5
      vertex 50.4813 6.5 145.112
    endloop
  endfacet
  facet normal 0 1 0
    outer loop
      vertex 50.4833 6.5 145.111
      vertex 45.3 6.5 125.5
      vertex 50.4823 6.5 145.112
    endloop
  endfacet
  facet normal 0 1 0
    outer loop
      vertex 50.9211 6.5 144.955
      vertex 45.3 6.5 125.5
      vertex 50.4833 6.5 145.111
    endloop
  endfacet
  facet normal 0 1 0
    outer loop
      vertex 51.3723 6.5 144.842
      vertex 45.3 6.5 125.5
      vertex 50.9211 6.5 144.955
    endloop
  endfacet
  facet normal 0 1 0
    outer loop
      vertex 51.3744 6.5 144.841
      vertex 45.3 6.5 125.5
      vertex 51.3733 6.5 144.841
    endloop
  endfacet
  facet normal 0 1 0
    outer loop
      vertex 52.2989 6.5 144.75
      vertex 45.3 6.5 125.5
      vertex 51.8344 6.5 144.773
    endloop
  endfacet
  facet normal 0 1 0
    outer loop
      vertex 45.3 6.5 125.5
      vertex 52.2989 6.5 144.75
      vertex 52.3 6.5 144.75
    endloop
  endfacet
  facet normal 0.83205 -0 0.5547
    outer loop
      vertex 45.3 0 173.5
      vertex 59.3 6.5 152.5
      vertex 45.3 6.5 173.5
    endloop
  endfacet
  facet normal 0.83205 0 0.5547
    outer loop
      vertex 59.3 6.5 152.5
      vertex 45.3 0 173.5
      vertex 59.3 0 152.5
    endloop
  endfacet
  facet normal 1 -0 0
    outer loop
      vertex 59.3 0 152.5
      vertex 59.3 6.5 146.5
      vertex 59.3 6.5 152.5
    endloop
  endfacet
  facet normal 1 0 0
    outer loop
      vertex 59.3 6.5 146.5
      vertex 59.3 0 152.5
      vertex 59.3 0 146.5
    endloop
  endfacet
  facet normal 0.83205 0 -0.5547
    outer loop
      vertex 59.3 0 146.5
      vertex 45.3 6.5 125.5
      vertex 59.3 6.5 146.5
    endloop
  endfacet
  facet normal 0.83205 0 -0.5547
    outer loop
      vertex 45.3 6.5 125.5
      vertex 59.3 0 146.5
      vertex 45.3 0 125.5
    endloop
  endfacet
  facet normal 0 1 0
    outer loop
      vertex 45.3 60.9 179.5
      vertex 30.3 60.9 3.5
      vertex 30.3 60.9 179.5
    endloop
  endfacet
  facet normal 0 1 0
    outer loop
      vertex 30.3 60.9 3.5
      vertex 45.3 60.9 0
      vertex -30.3 60.9 3.5
    endloop
  endfacet
  facet normal 0 1 -0
    outer loop
      vertex 45.3 60.9 0
      vertex 30.3 60.9 3.5
      vertex 45.3 60.9 179.5
    endloop
  endfacet
  facet normal 0 1 -0
    outer loop
      vertex -30.3 60.9 3.5
      vertex -45.3 60.9 179.5
      vertex -30.3 60.9 179.5
    endloop
  endfacet
  facet normal 0 1 0
    outer loop
      vertex -30.3 60.9 3.5
      vertex -45.3 60.9 0
      vertex -45.3 60.9 179.5
    endloop
  endfacet
  facet normal 0 1 0
    outer loop
      vertex -45.3 60.9 0
      vertex -30.3 60.9 3.5
      vertex 45.3 60.9 0
    endloop
  endfacet
  facet normal -1 0 0
    outer loop
      vertex 42.3 29.95 141.181
      vertex 42.3 35.95 147.573
      vertex 42.3 30.95 138.913
    endloop
  endfacet
  facet normal -1 -0 0
    outer loop
      vertex 42.3 35.95 147.573
      vertex 42.3 29.95 141.181
      vertex 42.3 34.95 149.841
    endloop
  endfacet
  facet normal -1 0 0
    outer loop
      vertex 42.3 30.95 134.233
      vertex 42.3 28.95 134.233
      vertex 42.3 30.95 138.913
    endloop
  endfacet
  facet normal -1 0 0
    outer loop
      vertex 42.3 28.95 138.913
      vertex 42.3 30.95 138.913
      vertex 42.3 28.95 134.233
    endloop
  endfacet
  facet normal -1 0 0
    outer loop
      vertex 42.3 23.95 125.573
      vertex 42.3 29.95 131.965
      vertex 42.3 24.95 123.305
    endloop
  endfacet
  facet normal -1 -0 0
    outer loop
      vertex 42.3 29.95 131.965
      vertex 42.3 23.95 125.573
      vertex 42.3 28.95 134.233
    endloop
  endfacet
  facet normal -1 0 0
    outer loop
      vertex 42.3 24.95 118.626
      vertex 42.3 22.95 118.626
      vertex 42.3 24.95 123.305
    endloop
  endfacet
  facet normal -1 0 0
    outer loop
      vertex 42.3 22.95 123.305
      vertex 42.3 24.95 123.305
      vertex 42.3 22.95 118.626
    endloop
  endfacet
  facet normal -1 0 0
    outer loop
      vertex 42.3 17.95 109.965
      vertex 42.3 23.95 116.358
      vertex 42.3 18.95 107.697
    endloop
  endfacet
  facet normal -1 -0 0
    outer loop
      vertex 42.3 23.95 116.358
      vertex 42.3 17.95 109.965
      vertex 42.3 22.95 118.626
    endloop
  endfacet
  facet normal -1 0 0
    outer loop
      vertex 42.3 17.95 100.75
      vertex 42.3 17.95 109.965
      vertex 42.3 18.95 107.697
    endloop
  endfacet
  facet normal -1 0 0
    outer loop
      vertex 42.3 12.95 92.0897
      vertex 42.3 17.95 109.965
      vertex 42.3 17.95 100.75
    endloop
  endfacet
  facet normal -1 -0 0
    outer loop
      vertex 42.3 17.95 109.965
      vertex 42.3 12.95 92.0897
      vertex 42.3 12.95 118.626
    endloop
  endfacet
  facet normal -1 0 0
    outer loop
      vertex 42.3 36.95 29.659
      vertex 42.3 34.95 29.659
      vertex 42.3 35.95 31.9269
    endloop
  endfacet
  facet normal -1 0 0
    outer loop
      vertex 42.3 29.95 38.3192
      vertex 42.3 35.95 31.9269
      vertex 42.3 34.95 29.659
    endloop
  endfacet
  facet normal -1 0 0
    outer loop
      vertex 42.3 28.95 40.5872
      vertex 42.3 30.95 40.5872
      vertex 42.3 29.95 38.3192
    endloop
  endfacet
  facet normal -1 0 0
    outer loop
      vertex 42.3 35.95 31.9269
      vertex 42.3 29.95 38.3192
      vertex 42.3 30.95 40.5872
    endloop
  endfacet
  facet normal -1 0 0
    outer loop
      vertex 42.3 36.95 60.8743
      vertex 42.3 34.95 60.8743
      vertex 42.3 35.95 63.1423
    endloop
  endfacet
  facet normal -1 0 0
    outer loop
      vertex 42.3 29.95 69.5346
      vertex 42.3 35.95 63.1423
      vertex 42.3 34.95 60.8743
    endloop
  endfacet
  facet normal -1 0 0
    outer loop
      vertex 42.3 28.95 71.8026
      vertex 42.3 30.95 71.8026
      vertex 42.3 29.95 69.5346
    endloop
  endfacet
  facet normal -1 0 0
    outer loop
      vertex 42.3 35.95 63.1423
      vertex 42.3 29.95 69.5346
      vertex 42.3 30.95 71.8026
    endloop
  endfacet
  facet normal -1 0 0
    outer loop
      vertex 42.3 36.95 92.0897
      vertex 42.3 34.95 92.0897
      vertex 42.3 35.95 94.3577
    endloop
  endfacet
  facet normal -1 0 0
    outer loop
      vertex 42.3 29.95 100.75
      vertex 42.3 35.95 94.3577
      vertex 42.3 34.95 92.0897
    endloop
  endfacet
  facet normal -1 0 0
    outer loop
      vertex 42.3 28.95 103.018
      vertex 42.3 30.95 103.018
      vertex 42.3 29.95 100.75
    endloop
  endfacet
  facet normal -1 0 0
    outer loop
      vertex 42.3 35.95 94.3577
      vertex 42.3 29.95 100.75
      vertex 42.3 30.95 103.018
    endloop
  endfacet
  facet normal -1 0 0
    outer loop
      vertex 42.3 36.95 123.305
      vertex 42.3 34.95 123.305
      vertex 42.3 35.95 125.573
    endloop
  endfacet
  facet normal -1 0 0
    outer loop
      vertex 42.3 29.95 131.965
      vertex 42.3 35.95 125.573
      vertex 42.3 34.95 123.305
    endloop
  endfacet
  facet normal -1 0 0
    outer loop
      vertex 42.3 28.95 134.233
      vertex 42.3 30.95 134.233
      vertex 42.3 29.95 131.965
    endloop
  endfacet
  facet normal -1 0 0
    outer loop
      vertex 42.3 35.95 125.573
      vertex 42.3 29.95 131.965
      vertex 42.3 30.95 134.233
    endloop
  endfacet
  facet normal -1 0 0
    outer loop
      vertex 42.3 17.95 141.181
      vertex 42.3 23.95 147.573
      vertex 42.3 18.95 138.913
    endloop
  endfacet
  facet normal -1 -0 0
    outer loop
      vertex 42.3 23.95 147.573
      vertex 42.3 17.95 141.181
      vertex 42.3 22.95 149.841
    endloop
  endfacet
  facet normal -1 0 0
    outer loop
      vertex 42.3 17.95 131.965
      vertex 42.3 17.95 141.181
      vertex 42.3 18.95 138.913
    endloop
  endfacet
  facet normal -1 0 0
    outer loop
      vertex 42.3 12.95 123.305
      vertex 42.3 17.95 141.181
      vertex 42.3 17.95 131.965
    endloop
  endfacet
  facet normal -1 -0 0
    outer loop
      vertex 42.3 17.95 141.181
      vertex 42.3 12.95 123.305
      vertex 42.3 12.95 149.841
    endloop
  endfacet
  facet normal -1 0 0
    outer loop
      vertex 42.3 24.95 29.659
      vertex 42.3 22.95 29.659
      vertex 42.3 23.95 31.9269
    endloop
  endfacet
  facet normal -1 0 0
    outer loop
      vertex 42.3 17.95 38.3192
      vertex 42.3 23.95 31.9269
      vertex 42.3 22.95 29.659
    endloop
  endfacet
  facet normal -1 -0 0
    outer loop
      vertex 42.3 18.95 40.5872
      vertex 42.3 17.95 38.3192
      vertex 42.3 18.95 45.2666
    endloop
  endfacet
  facet normal -1 0 0
    outer loop
      vertex 42.3 23.95 31.9269
      vertex 42.3 17.95 38.3192
      vertex 42.3 18.95 40.5872
    endloop
  endfacet
  facet normal -1 0 0
    outer loop
      vertex 42.3 24.95 60.8743
      vertex 42.3 22.95 60.8743
      vertex 42.3 23.95 63.1423
    endloop
  endfacet
  facet normal -1 0 0
    outer loop
      vertex 42.3 17.95 69.5346
      vertex 42.3 23.95 63.1423
      vertex 42.3 22.95 60.8743
    endloop
  endfacet
  facet normal -1 -0 0
    outer loop
      vertex 42.3 18.95 71.8026
      vertex 42.3 17.95 69.5346
      vertex 42.3 18.95 76.482
    endloop
  endfacet
  facet normal -1 0 0
    outer loop
      vertex 42.3 23.95 63.1423
      vertex 42.3 17.95 69.5346
      vertex 42.3 18.95 71.8026
    endloop
  endfacet
  facet normal -1 0 0
    outer loop
      vertex 42.3 24.95 92.0897
      vertex 42.3 22.95 92.0897
      vertex 42.3 23.95 94.3577
    endloop
  endfacet
  facet normal -1 0 0
    outer loop
      vertex 42.3 17.95 100.75
      vertex 42.3 23.95 94.3577
      vertex 42.3 22.95 92.0897
    endloop
  endfacet
  facet normal -1 -0 0
    outer loop
      vertex 42.3 18.95 103.018
      vertex 42.3 17.95 100.75
      vertex 42.3 18.95 107.697
    endloop
  endfacet
  facet normal -1 0 0
    outer loop
      vertex 42.3 23.95 94.3577
      vertex 42.3 17.95 100.75
      vertex 42.3 18.95 103.018
    endloop
  endfacet
  facet normal -1 0 0
    outer loop
      vertex 42.3 24.95 123.305
      vertex 42.3 22.95 123.305
      vertex 42.3 23.95 125.573
    endloop
  endfacet
  facet normal -1 0 0
    outer loop
      vertex 42.3 17.95 131.965
      vertex 42.3 23.95 125.573
      vertex 42.3 22.95 123.305
    endloop
  endfacet
  facet normal -1 -0 0
    outer loop
      vertex 42.3 18.95 134.233
      vertex 42.3 17.95 131.965
      vertex 42.3 18.95 138.913
    endloop
  endfacet
  facet normal -1 0 0
    outer loop
      vertex 42.3 23.95 125.573
      vertex 42.3 17.95 131.965
      vertex 42.3 18.95 134.233
    endloop
  endfacet
  facet normal -1 0 0
    outer loop
      vertex 42.3 41.95 131.965
      vertex 42.3 46.95 149.841
      vertex 42.3 46.95 123.305
    endloop
  endfacet
  facet normal -1 0 0
    outer loop
      vertex 42.3 41.95 131.965
      vertex 42.3 41.95 141.181
      vertex 42.3 46.95 149.841
    endloop
  endfacet
  facet normal -1 0 0
    outer loop
      vertex 42.3 41.95 131.965
      vertex 42.3 40.95 134.233
      vertex 42.3 41.95 141.181
    endloop
  endfacet
  facet normal -1 0 0
    outer loop
      vertex 42.3 35.95 125.573
      vertex 42.3 41.95 131.965
      vertex 42.3 36.95 123.305
    endloop
  endfacet
  facet normal -1 -0 0
    outer loop
      vertex 42.3 41.95 131.965
      vertex 42.3 35.95 125.573
      vertex 42.3 40.95 134.233
    endloop
  endfacet
  facet normal -1 0 0
    outer loop
      vertex 42.3 36.95 118.626
      vertex 42.3 34.95 118.626
      vertex 42.3 36.95 123.305
    endloop
  endfacet
  facet normal -1 0 0
    outer loop
      vertex 42.3 34.95 123.305
      vertex 42.3 36.95 123.305
      vertex 42.3 34.95 118.626
    endloop
  endfacet
  facet normal -1 0 0
    outer loop
      vertex 42.3 29.95 109.965
      vertex 42.3 35.95 116.358
      vertex 42.3 30.95 107.697
    endloop
  endfacet
  facet normal -1 -0 0
    outer loop
      vertex 42.3 35.95 116.358
      vertex 42.3 29.95 109.965
      vertex 42.3 34.95 118.626
    endloop
  endfacet
  facet normal -1 0 0
    outer loop
      vertex 42.3 30.95 103.018
      vertex 42.3 28.95 103.018
      vertex 42.3 30.95 107.697
    endloop
  endfacet
  facet normal -1 0 0
    outer loop
      vertex 42.3 28.95 107.697
      vertex 42.3 30.95 107.697
      vertex 42.3 28.95 103.018
    endloop
  endfacet
  facet normal -1 0 0
    outer loop
      vertex 42.3 23.95 94.3577
      vertex 42.3 29.95 100.75
      vertex 42.3 24.95 92.0897
    endloop
  endfacet
  facet normal -1 -0 0
    outer loop
      vertex 42.3 29.95 100.75
      vertex 42.3 23.95 94.3577
      vertex 42.3 28.95 103.018
    endloop
  endfacet
  facet normal -1 0 0
    outer loop
      vertex 42.3 24.95 87.4103
      vertex 42.3 22.95 87.4103
      vertex 42.3 24.95 92.0897
    endloop
  endfacet
  facet normal -1 0 0
    outer loop
      vertex 42.3 22.95 92.0897
      vertex 42.3 24.95 92.0897
      vertex 42.3 22.95 87.4103
    endloop
  endfacet
  facet normal -1 0 0
    outer loop
      vertex 42.3 17.95 78.75
      vertex 42.3 23.95 85.1423
      vertex 42.3 18.95 76.482
    endloop
  endfacet
  facet normal -1 -0 0
    outer loop
      vertex 42.3 23.95 85.1423
      vertex 42.3 17.95 78.75
      vertex 42.3 22.95 87.4103
    endloop
  endfacet
  facet normal -1 0 0
    outer loop
      vertex 42.3 17.95 69.5346
      vertex 42.3 17.95 78.75
      vertex 42.3 18.95 76.482
    endloop
  endfacet
  facet normal -1 0 0
    outer loop
      vertex 42.3 12.95 60.8743
      vertex 42.3 17.95 78.75
      vertex 42.3 17.95 69.5346
    endloop
  endfacet
  facet normal -1 -0 0
    outer loop
      vertex 42.3 17.95 78.75
      vertex 42.3 12.95 60.8743
      vertex 42.3 12.95 87.4103
    endloop
  endfacet
  facet normal -1 0 0
    outer loop
      vertex 42.3 41.95 100.75
      vertex 42.3 46.95 118.626
      vertex 42.3 46.95 92.0897
    endloop
  endfacet
  facet normal -1 0 0
    outer loop
      vertex 42.3 41.95 100.75
      vertex 42.3 41.95 109.965
      vertex 42.3 46.95 118.626
    endloop
  endfacet
  facet normal -1 0 0
    outer loop
      vertex 42.3 41.95 100.75
      vertex 42.3 40.95 103.018
      vertex 42.3 41.95 109.965
    endloop
  endfacet
  facet normal -1 0 0
    outer loop
      vertex 42.3 35.95 94.3577
      vertex 42.3 41.95 100.75
      vertex 42.3 36.95 92.0897
    endloop
  endfacet
  facet normal -1 -0 0
    outer loop
      vertex 42.3 41.95 100.75
      vertex 42.3 35.95 94.3577
      vertex 42.3 40.95 103.018
    endloop
  endfacet
  facet normal -1 0 0
    outer loop
      vertex 42.3 36.95 87.4103
      vertex 42.3 34.95 87.4103
      vertex 42.3 36.95 92.0897
    endloop
  endfacet
  facet normal -1 0 0
    outer loop
      vertex 42.3 34.95 92.0897
      vertex 42.3 36.95 92.0897
      vertex 42.3 34.95 87.4103
    endloop
  endfacet
  facet normal -1 0 0
    outer loop
      vertex 42.3 29.95 78.75
      vertex 42.3 35.95 85.1423
      vertex 42.3 30.95 76.482
    endloop
  endfacet
  facet normal -1 -0 0
    outer loop
      vertex 42.3 35.95 85.1423
      vertex 42.3 29.95 78.75
      vertex 42.3 34.95 87.4103
    endloop
  endfacet
  facet normal -1 0 0
    outer loop
      vertex 42.3 30.95 71.8026
      vertex 42.3 28.95 71.8026
      vertex 42.3 30.95 76.482
    endloop
  endfacet
  facet normal -1 0 0
    outer loop
      vertex 42.3 28.95 76.482
      vertex 42.3 30.95 76.482
      vertex 42.3 28.95 71.8026
    endloop
  endfacet
  facet normal -1 0 0
    outer loop
      vertex 42.3 23.95 63.1423
      vertex 42.3 29.95 69.5346
      vertex 42.3 24.95 60.8743
    endloop
  endfacet
  facet normal -1 -0 0
    outer loop
      vertex 42.3 29.95 69.5346
      vertex 42.3 23.95 63.1423
      vertex 42.3 28.95 71.8026
    endloop
  endfacet
  facet normal -1 0 0
    outer loop
      vertex 42.3 24.95 56.1949
      vertex 42.3 22.95 56.1949
      vertex 42.3 24.95 60.8743
    endloop
  endfacet
  facet normal -1 0 0
    outer loop
      vertex 42.3 22.95 60.8743
      vertex 42.3 24.95 60.8743
      vertex 42.3 22.95 56.1949
    endloop
  endfacet
  facet normal -1 0 0
    outer loop
      vertex 42.3 17.95 47.5346
      vertex 42.3 23.95 53.9269
      vertex 42.3 18.95 45.2666
    endloop
  endfacet
  facet normal -1 -0 0
    outer loop
      vertex 42.3 23.95 53.9269
      vertex 42.3 17.95 47.5346
      vertex 42.3 22.95 56.1949
    endloop
  endfacet
  facet normal -1 0 0
    outer loop
      vertex 42.3 17.95 38.3192
      vertex 42.3 17.95 47.5346
      vertex 42.3 18.95 45.2666
    endloop
  endfacet
  facet normal -1 0 0
    outer loop
      vertex 42.3 12.95 29.659
      vertex 42.3 17.95 47.5346
      vertex 42.3 17.95 38.3192
    endloop
  endfacet
  facet normal -1 -0 0
    outer loop
      vertex 42.3 17.95 47.5346
      vertex 42.3 12.95 29.659
      vertex 42.3 12.95 56.1949
    endloop
  endfacet
  facet normal -1 0 0
    outer loop
      vertex 42.3 41.95 69.5346
      vertex 42.3 46.95 87.4103
      vertex 42.3 46.95 60.8743
    endloop
  endfacet
  facet normal -1 0 0
    outer loop
      vertex 42.3 41.95 69.5346
      vertex 42.3 41.95 78.75
      vertex 42.3 46.95 87.4103
    endloop
  endfacet
  facet normal -1 0 0
    outer loop
      vertex 42.3 41.95 69.5346
      vertex 42.3 40.95 71.8026
      vertex 42.3 41.95 78.75
    endloop
  endfacet
  facet normal -1 0 0
    outer loop
      vertex 42.3 35.95 63.1423
      vertex 42.3 41.95 69.5346
      vertex 42.3 36.95 60.8743
    endloop
  endfacet
  facet normal -1 -0 0
    outer loop
      vertex 42.3 41.95 69.5346
      vertex 42.3 35.95 63.1423
      vertex 42.3 40.95 71.8026
    endloop
  endfacet
  facet normal -1 0 0
    outer loop
      vertex 42.3 36.95 56.1949
      vertex 42.3 34.95 56.1949
      vertex 42.3 36.95 60.8743
    endloop
  endfacet
  facet normal -1 0 0
    outer loop
      vertex 42.3 34.95 60.8743
      vertex 42.3 36.95 60.8743
      vertex 42.3 34.95 56.1949
    endloop
  endfacet
  facet normal -1 0 0
    outer loop
      vertex 42.3 29.95 47.5346
      vertex 42.3 35.95 53.9269
      vertex 42.3 30.95 45.2666
    endloop
  endfacet
  facet normal -1 -0 0
    outer loop
      vertex 42.3 35.95 53.9269
      vertex 42.3 29.95 47.5346
      vertex 42.3 34.95 56.1949
    endloop
  endfacet
  facet normal -1 0 0
    outer loop
      vertex 42.3 30.95 40.5872
      vertex 42.3 28.95 40.5872
      vertex 42.3 30.95 45.2666
    endloop
  endfacet
  facet normal -1 0 0
    outer loop
      vertex 42.3 28.95 45.2666
      vertex 42.3 30.95 45.2666
      vertex 42.3 28.95 40.5872
    endloop
  endfacet
  facet normal -1 0 0
    outer loop
      vertex 42.3 23.95 31.9269
      vertex 42.3 29.95 38.3192
      vertex 42.3 24.95 29.659
    endloop
  endfacet
  facet normal -1 -0 0
    outer loop
      vertex 42.3 29.95 38.3192
      vertex 42.3 23.95 31.9269
      vertex 42.3 28.95 40.5872
    endloop
  endfacet
  facet normal -1 0 0
    outer loop
      vertex 42.3 41.95 38.3192
      vertex 42.3 46.95 56.1949
      vertex 42.3 46.95 29.659
    endloop
  endfacet
  facet normal -1 0 0
    outer loop
      vertex 42.3 41.95 38.3192
      vertex 42.3 41.95 47.5346
      vertex 42.3 46.95 56.1949
    endloop
  endfacet
  facet normal -1 0 0
    outer loop
      vertex 42.3 41.95 38.3192
      vertex 42.3 40.95 40.5872
      vertex 42.3 41.95 47.5346
    endloop
  endfacet
  facet normal -1 0 0
    outer loop
      vertex 42.3 35.95 31.9269
      vertex 42.3 41.95 38.3192
      vertex 42.3 36.95 29.659
    endloop
  endfacet
  facet normal -1 -0 0
    outer loop
      vertex 42.3 41.95 38.3192
      vertex 42.3 35.95 31.9269
      vertex 42.3 40.95 40.5872
    endloop
  endfacet
  facet normal -1 0 0
    outer loop
      vertex 42.3 46.95 29.659
      vertex 42.3 56.9 3.5
      vertex 42.3 46.95 24.9795
    endloop
  endfacet
  facet normal -1 0 0
    outer loop
      vertex 42.3 56.9 3.5
      vertex 42.3 41.95 16.3192
      vertex 42.3 46.95 24.9795
    endloop
  endfacet
  facet normal -1 0 0
    outer loop
      vertex 42.3 34.95 24.9795
      vertex 42.3 36.95 29.659
      vertex 42.3 36.95 24.9795
    endloop
  endfacet
  facet normal -1 0 0
    outer loop
      vertex 42.3 34.95 29.659
      vertex 42.3 36.95 29.659
      vertex 42.3 34.95 24.9795
    endloop
  endfacet
  facet normal -1 0 0
    outer loop
      vertex 42.3 41.95 16.3192
      vertex 42.3 34.95 24.9795
      vertex 42.3 36.95 24.9795
    endloop
  endfacet
  facet normal -1 0 0
    outer loop
      vertex 42.3 41.95 16.3192
      vertex 42.3 29.95 16.3192
      vertex 42.3 34.95 24.9795
    endloop
  endfacet
  facet normal -1 0 0
    outer loop
      vertex 42.3 56.9 3.5
      vertex 42.3 29.95 16.3192
      vertex 42.3 41.95 16.3192
    endloop
  endfacet
  facet normal -1 0 0
    outer loop
      vertex 42.3 22.95 24.9795
      vertex 42.3 24.95 29.659
      vertex 42.3 24.95 24.9795
    endloop
  endfacet
  facet normal -1 0 0
    outer loop
      vertex 42.3 22.95 29.659
      vertex 42.3 24.95 29.659
      vertex 42.3 22.95 24.9795
    endloop
  endfacet
  facet normal -1 0 0
    outer loop
      vertex 42.3 29.95 16.3192
      vertex 42.3 22.95 24.9795
      vertex 42.3 24.95 24.9795
    endloop
  endfacet
  facet normal -1 0 0
    outer loop
      vertex 42.3 29.95 16.3192
      vertex 42.3 17.95 16.3192
      vertex 42.3 22.95 24.9795
    endloop
  endfacet
  facet normal -1 0 0
    outer loop
      vertex 42.3 3 3.5
      vertex 42.3 29.95 16.3192
      vertex 42.3 56.9 3.5
    endloop
  endfacet
  facet normal -1 0 0
    outer loop
      vertex 42.3 3 3.5
      vertex 42.3 12.95 29.659
      vertex 42.3 12.95 24.9795
    endloop
  endfacet
  facet normal -1 -0 0
    outer loop
      vertex 42.3 12.95 29.659
      vertex 42.3 3 3.5
      vertex 42.3 12.95 56.1949
    endloop
  endfacet
  facet normal -1 -0 0
    outer loop
      vertex 42.3 12.95 56.1949
      vertex 42.3 3 3.5
      vertex 42.3 12.95 60.8743
    endloop
  endfacet
  facet normal -1 -0 0
    outer loop
      vertex 42.3 12.95 60.8743
      vertex 42.3 3 3.5
      vertex 42.3 12.95 87.4103
    endloop
  endfacet
  facet normal -1 -0 0
    outer loop
      vertex 42.3 12.95 87.4103
      vertex 42.3 3 3.5
      vertex 42.3 12.95 92.0897
    endloop
  endfacet
  facet normal -1 0 0
    outer loop
      vertex 42.3 3 178
      vertex 42.3 12.95 92.0897
      vertex 42.3 3 3.5
    endloop
  endfacet
  facet normal -1 0 0
    outer loop
      vertex 42.3 12.95 92.0897
      vertex 42.3 3 178
      vertex 42.3 12.95 118.626
    endloop
  endfacet
  facet normal -1 0 0
    outer loop
      vertex 42.3 12.95 118.626
      vertex 42.3 3 178
      vertex 42.3 12.95 123.305
    endloop
  endfacet
  facet normal -1 0 0
    outer loop
      vertex 42.3 12.95 123.305
      vertex 42.3 3 178
      vertex 42.3 12.95 149.841
    endloop
  endfacet
  facet normal -1 -0 0
    outer loop
      vertex 42.3 17.95 16.3192
      vertex 42.3 3 3.5
      vertex 42.3 12.95 24.9795
    endloop
  endfacet
  facet normal -1 -0 0
    outer loop
      vertex 42.3 29.95 16.3192
      vertex 42.3 3 3.5
      vertex 42.3 17.95 16.3192
    endloop
  endfacet
  facet normal -1 0 0
    outer loop
      vertex 42.3 46.95 56.1949
      vertex 42.3 56.9 3.5
      vertex 42.3 46.95 29.659
    endloop
  endfacet
  facet normal -1 0 0
    outer loop
      vertex 42.3 46.95 60.8743
      vertex 42.3 56.9 3.5
      vertex 42.3 46.95 56.1949
    endloop
  endfacet
  facet normal -1 0 0
    outer loop
      vertex 42.3 46.95 87.4103
      vertex 42.3 56.9 3.5
      vertex 42.3 46.95 60.8743
    endloop
  endfacet
  facet normal -1 0 0
    outer loop
      vertex 42.3 56.9 3.5
      vertex 42.3 46.95 87.4103
      vertex 42.3 56.9 178
    endloop
  endfacet
  facet normal -1 0 0
    outer loop
      vertex 42.3 46.95 92.0897
      vertex 42.3 56.9 178
      vertex 42.3 46.95 87.4103
    endloop
  endfacet
  facet normal -1 0 0
    outer loop
      vertex 42.3 46.95 118.626
      vertex 42.3 56.9 178
      vertex 42.3 46.95 92.0897
    endloop
  endfacet
  facet normal -1 0 0
    outer loop
      vertex 42.3 46.95 123.305
      vertex 42.3 56.9 178
      vertex 42.3 46.95 118.626
    endloop
  endfacet
  facet normal -1 0 0
    outer loop
      vertex 42.3 46.95 149.841
      vertex 42.3 56.9 178
      vertex 42.3 46.95 123.305
    endloop
  endfacet
  facet normal -1 0 0
    outer loop
      vertex 42.3 46.95 154.52
      vertex 42.3 56.9 178
      vertex 42.3 46.95 149.841
    endloop
  endfacet
  facet normal -1 0 0
    outer loop
      vertex 42.3 41.95 163.181
      vertex 42.3 56.9 178
      vertex 42.3 46.95 154.52
    endloop
  endfacet
  facet normal -1 0 0
    outer loop
      vertex 42.3 36.95 149.841
      vertex 42.3 34.95 149.841
      vertex 42.3 36.95 154.52
    endloop
  endfacet
  facet normal -1 0 0
    outer loop
      vertex 42.3 34.95 154.52
      vertex 42.3 36.95 154.52
      vertex 42.3 34.95 149.841
    endloop
  endfacet
  facet normal -1 0 0
    outer loop
      vertex 42.3 34.95 154.52
      vertex 42.3 41.95 163.181
      vertex 42.3 36.95 154.52
    endloop
  endfacet
  facet normal -1 0 0
    outer loop
      vertex 42.3 29.95 163.181
      vertex 42.3 41.95 163.181
      vertex 42.3 34.95 154.52
    endloop
  endfacet
  facet normal -1 0 0
    outer loop
      vertex 42.3 29.95 163.181
      vertex 42.3 56.9 178
      vertex 42.3 41.95 163.181
    endloop
  endfacet
  facet normal -1 0 0
    outer loop
      vertex 42.3 24.95 149.841
      vertex 42.3 22.95 149.841
      vertex 42.3 24.95 154.52
    endloop
  endfacet
  facet normal -1 0 0
    outer loop
      vertex 42.3 22.95 154.52
      vertex 42.3 24.95 154.52
      vertex 42.3 22.95 149.841
    endloop
  endfacet
  facet normal -1 0 0
    outer loop
      vertex 42.3 22.95 154.52
      vertex 42.3 29.95 163.181
      vertex 42.3 24.95 154.52
    endloop
  endfacet
  facet normal -1 0 0
    outer loop
      vertex 42.3 17.95 163.181
      vertex 42.3 29.95 163.181
      vertex 42.3 22.95 154.52
    endloop
  endfacet
  facet normal -1 0 0
    outer loop
      vertex 42.3 3 178
      vertex 42.3 29.95 163.181
      vertex 42.3 17.95 163.181
    endloop
  endfacet
  facet normal -1 0 0
    outer loop
      vertex 42.3 29.95 163.181
      vertex 42.3 3 178
      vertex 42.3 56.9 178
    endloop
  endfacet
  facet normal -1 0 0
    outer loop
      vertex 42.3 12.95 154.52
      vertex 42.3 3 178
      vertex 42.3 17.95 163.181
    endloop
  endfacet
  facet normal -1 0 0
    outer loop
      vertex 42.3 12.95 149.841
      vertex 42.3 3 178
      vertex 42.3 12.95 154.52
    endloop
  endfacet
  facet normal -1 0 0
    outer loop
      vertex 42.3 40.95 45.2666
      vertex 42.3 41.95 47.5346
      vertex 42.3 40.95 40.5872
    endloop
  endfacet
  facet normal -1 0 0
    outer loop
      vertex 42.3 35.95 53.9269
      vertex 42.3 41.95 47.5346
      vertex 42.3 40.95 45.2666
    endloop
  endfacet
  facet normal -1 0 0
    outer loop
      vertex 42.3 34.95 56.1949
      vertex 42.3 36.95 56.1949
      vertex 42.3 35.95 53.9269
    endloop
  endfacet
  facet normal -1 0 0
    outer loop
      vertex 42.3 41.95 47.5346
      vertex 42.3 35.95 53.9269
      vertex 42.3 36.95 56.1949
    endloop
  endfacet
  facet normal -1 0 0
    outer loop
      vertex 42.3 40.95 76.482
      vertex 42.3 41.95 78.75
      vertex 42.3 40.95 71.8026
    endloop
  endfacet
  facet normal -1 0 0
    outer loop
      vertex 42.3 35.95 85.1423
      vertex 42.3 41.95 78.75
      vertex 42.3 40.95 76.482
    endloop
  endfacet
  facet normal -1 0 0
    outer loop
      vertex 42.3 34.95 87.4103
      vertex 42.3 36.95 87.4103
      vertex 42.3 35.95 85.1423
    endloop
  endfacet
  facet normal -1 0 0
    outer loop
      vertex 42.3 41.95 78.75
      vertex 42.3 35.95 85.1423
      vertex 42.3 36.95 87.4103
    endloop
  endfacet
  facet normal -1 0 0
    outer loop
      vertex 42.3 40.95 107.697
      vertex 42.3 41.95 109.965
      vertex 42.3 40.95 103.018
    endloop
  endfacet
  facet normal -1 0 0
    outer loop
      vertex 42.3 35.95 116.358
      vertex 42.3 41.95 109.965
      vertex 42.3 40.95 107.697
    endloop
  endfacet
  facet normal -1 0 0
    outer loop
      vertex 42.3 34.95 118.626
      vertex 42.3 36.95 118.626
      vertex 42.3 35.95 116.358
    endloop
  endfacet
  facet normal -1 0 0
    outer loop
      vertex 42.3 41.95 109.965
      vertex 42.3 35.95 116.358
      vertex 42.3 36.95 118.626
    endloop
  endfacet
  facet normal -1 0 0
    outer loop
      vertex 42.3 40.95 138.913
      vertex 42.3 41.95 141.181
      vertex 42.3 40.95 134.233
    endloop
  endfacet
  facet normal -1 0 0
    outer loop
      vertex 42.3 35.95 147.573
      vertex 42.3 41.95 141.181
      vertex 42.3 40.95 138.913
    endloop
  endfacet
  facet normal -1 0 0
    outer loop
      vertex 42.3 34.95 149.841
      vertex 42.3 36.95 149.841
      vertex 42.3 35.95 147.573
    endloop
  endfacet
  facet normal -1 0 0
    outer loop
      vertex 42.3 41.95 141.181
      vertex 42.3 35.95 147.573
      vertex 42.3 36.95 149.841
    endloop
  endfacet
  facet normal -1 0 0
    outer loop
      vertex 42.3 30.95 45.2666
      vertex 42.3 28.95 45.2666
      vertex 42.3 29.95 47.5346
    endloop
  endfacet
  facet normal -1 0 0
    outer loop
      vertex 42.3 23.95 53.9269
      vertex 42.3 29.95 47.5346
      vertex 42.3 28.95 45.2666
    endloop
  endfacet
  facet normal -1 0 0
    outer loop
      vertex 42.3 22.95 56.1949
      vertex 42.3 24.95 56.1949
      vertex 42.3 23.95 53.9269
    endloop
  endfacet
  facet normal -1 0 0
    outer loop
      vertex 42.3 29.95 47.5346
      vertex 42.3 23.95 53.9269
      vertex 42.3 24.95 56.1949
    endloop
  endfacet
  facet normal -1 0 0
    outer loop
      vertex 42.3 30.95 76.482
      vertex 42.3 28.95 76.482
      vertex 42.3 29.95 78.75
    endloop
  endfacet
  facet normal -1 0 0
    outer loop
      vertex 42.3 23.95 85.1423
      vertex 42.3 29.95 78.75
      vertex 42.3 28.95 76.482
    endloop
  endfacet
  facet normal -1 0 0
    outer loop
      vertex 42.3 22.95 87.4103
      vertex 42.3 24.95 87.4103
      vertex 42.3 23.95 85.1423
    endloop
  endfacet
  facet normal -1 0 0
    outer loop
      vertex 42.3 29.95 78.75
      vertex 42.3 23.95 85.1423
      vertex 42.3 24.95 87.4103
    endloop
  endfacet
  facet normal -1 0 0
    outer loop
      vertex 42.3 30.95 107.697
      vertex 42.3 28.95 107.697
      vertex 42.3 29.95 109.965
    endloop
  endfacet
  facet normal -1 0 0
    outer loop
      vertex 42.3 23.95 116.358
      vertex 42.3 29.95 109.965
      vertex 42.3 28.95 107.697
    endloop
  endfacet
  facet normal -1 0 0
    outer loop
      vertex 42.3 22.95 118.626
      vertex 42.3 24.95 118.626
      vertex 42.3 23.95 116.358
    endloop
  endfacet
  facet normal -1 0 0
    outer loop
      vertex 42.3 29.95 109.965
      vertex 42.3 23.95 116.358
      vertex 42.3 24.95 118.626
    endloop
  endfacet
  facet normal -1 0 0
    outer loop
      vertex 42.3 30.95 138.913
      vertex 42.3 28.95 138.913
      vertex 42.3 29.95 141.181
    endloop
  endfacet
  facet normal -1 0 0
    outer loop
      vertex 42.3 23.95 147.573
      vertex 42.3 29.95 141.181
      vertex 42.3 28.95 138.913
    endloop
  endfacet
  facet normal -1 0 0
    outer loop
      vertex 42.3 22.95 149.841
      vertex 42.3 24.95 149.841
      vertex 42.3 23.95 147.573
    endloop
  endfacet
  facet normal -1 0 0
    outer loop
      vertex 42.3 29.95 141.181
      vertex 42.3 23.95 147.573
      vertex 42.3 24.95 149.841
    endloop
  endfacet
  facet normal 0 0 1
    outer loop
      vertex -30.3 60.9 179.5
      vertex -43.806 56.9 179.5
      vertex -30.3 56.9 179.5
    endloop
  endfacet
  facet normal 0 0 1
    outer loop
      vertex -45.3 0 179.5
      vertex -43.806 56.9 179.5
      vertex -45.3 60.9 179.5
    endloop
  endfacet
  facet normal -0 0 1
    outer loop
      vertex -45.3 60.9 179.5
      vertex -43.806 56.9 179.5
      vertex -30.3 60.9 179.5
    endloop
  endfacet
  facet normal 0 0 1
    outer loop
      vertex 45.3 60.9 179.5
      vertex 43.806 56.9 179.5
      vertex 45.3 0 179.5
    endloop
  endfacet
  facet normal -0 0 1
    outer loop
      vertex 30.3 60.9 179.5
      vertex 43.806 56.9 179.5
      vertex 45.3 60.9 179.5
    endloop
  endfacet
  facet normal 0 0 1
    outer loop
      vertex 43.806 56.9 179.5
      vertex 30.3 60.9 179.5
      vertex 30.3 56.9 179.5
    endloop
  endfacet
  facet normal -0 0 1
    outer loop
      vertex 43.806 1.49398 179.5
      vertex 45.3 0 179.5
      vertex 43.806 56.9 179.5
    endloop
  endfacet
  facet normal -0 0 1
    outer loop
      vertex -43.806 1.49398 179.5
      vertex 45.3 0 179.5
      vertex 43.806 1.49398 179.5
    endloop
  endfacet
  facet normal 0 0 1
    outer loop
      vertex -43.806 1.49398 179.5
      vertex -45.3 0 179.5
      vertex 45.3 0 179.5
    endloop
  endfacet
  facet normal 0 0 1
    outer loop
      vertex -43.806 56.9 179.5
      vertex -45.3 0 179.5
      vertex -43.806 1.49398 179.5
    endloop
  endfacet
  facet normal 0 0 -1
    outer loop
      vertex 30 40.95 0
      vertex 45.3 0 0
      vertex 30 18.95 0
    endloop
  endfacet
  facet normal 0 0 -1
    outer loop
      vertex 45.3 0 0
      vertex 29.9711 18.3619 0
      vertex 30 18.95 0
    endloop
  endfacet
  facet normal 0 0 -1
    outer loop
      vertex 45.3 0 0
      vertex 29.8847 17.7795 0
      vertex 29.9711 18.3619 0
    endloop
  endfacet
  facet normal 0 0 -1
    outer loop
      vertex 45.3 0 0
      vertex 29.7416 17.2083 0
      vertex 29.8847 17.7795 0
    endloop
  endfacet
  facet normal 0 0 -1
    outer loop
      vertex 45.3 0 0
      vertex 29.5433 16.6539 0
      vertex 29.7416 17.2083 0
    endloop
  endfacet
  facet normal 0 0 -1
    outer loop
      vertex 45.3 0 0
      vertex 29.2915 16.1216 0
      vertex 29.5433 16.6539 0
    endloop
  endfacet
  facet normal 0 0 -1
    outer loop
      vertex 45.3 0 0
      vertex 28.9888 15.6166 0
      vertex 29.2915 16.1216 0
    endloop
  endfacet
  facet normal 0 0 -1
    outer loop
      vertex 45.3 0 0
      vertex 28.6381 15.1436 0
      vertex 28.9888 15.6166 0
    endloop
  endfacet
  facet normal 0 0 -1
    outer loop
      vertex 45.3 0 0
      vertex 28.2426 14.7074 0
      vertex 28.6381 15.1436 0
    endloop
  endfacet
  facet normal 0 0 -1
    outer loop
      vertex 45.3 0 0
      vertex 27.8064 14.3119 0
      vertex 28.2426 14.7074 0
    endloop
  endfacet
  facet normal 0 0 -1
    outer loop
      vertex 45.3 0 0
      vertex 27.3334 13.9612 0
      vertex 27.8064 14.3119 0
    endloop
  endfacet
  facet normal 0 0 -1
    outer loop
      vertex 45.3 0 0
      vertex 26.8284 13.6585 0
      vertex 27.3334 13.9612 0
    endloop
  endfacet
  facet normal 0 0 -1
    outer loop
      vertex 45.3 0 0
      vertex 26.2961 13.4067 0
      vertex 26.8284 13.6585 0
    endloop
  endfacet
  facet normal 0 0 -1
    outer loop
      vertex 45.3 0 0
      vertex 25.7417 13.2084 0
      vertex 26.2961 13.4067 0
    endloop
  endfacet
  facet normal 0 0 -1
    outer loop
      vertex 45.3 0 0
      vertex 25.1705 13.0653 0
      vertex 25.7417 13.2084 0
    endloop
  endfacet
  facet normal 0 0 -1
    outer loop
      vertex 45.3 0 0
      vertex 24.5881 12.9789 0
      vertex 25.1705 13.0653 0
    endloop
  endfacet
  facet normal 0 0 -1
    outer loop
      vertex 45.3 0 0
      vertex 24 12.95 0
      vertex 24.5881 12.9789 0
    endloop
  endfacet
  facet normal 0 0 -1
    outer loop
      vertex 45.3 0 0
      vertex -24 12.95 0
      vertex 24 12.95 0
    endloop
  endfacet
  facet normal 0 0 -1
    outer loop
      vertex -45.3 0 0
      vertex -24 12.95 0
      vertex 45.3 0 0
    endloop
  endfacet
  facet normal -0 0 -1
    outer loop
      vertex -24 12.95 0
      vertex -45.3 0 0
      vertex -24.5881 12.9789 0
    endloop
  endfacet
  facet normal -0 0 -1
    outer loop
      vertex -30 18.95 0
      vertex -45.3 0 0
      vertex -30 40.95 0
    endloop
  endfacet
  facet normal -0 0 -1
    outer loop
      vertex -29.9711 18.3619 0
      vertex -45.3 0 0
      vertex -30 18.95 0
    endloop
  endfacet
  facet normal -0 0 -1
    outer loop
      vertex -29.8847 17.7795 0
      vertex -45.3 0 0
      vertex -29.9711 18.3619 0
    endloop
  endfacet
  facet normal -0 0 -1
    outer loop
      vertex -29.7416 17.2083 0
      vertex -45.3 0 0
      vertex -29.8847 17.7795 0
    endloop
  endfacet
  facet normal -0 0 -1
    outer loop
      vertex -29.5433 16.6539 0
      vertex -45.3 0 0
      vertex -29.7416 17.2083 0
    endloop
  endfacet
  facet normal -0 0 -1
    outer loop
      vertex -29.2915 16.1216 0
      vertex -45.3 0 0
      vertex -29.5433 16.6539 0
    endloop
  endfacet
  facet normal -0 0 -1
    outer loop
      vertex -28.9888 15.6166 0
      vertex -45.3 0 0
      vertex -29.2915 16.1216 0
    endloop
  endfacet
  facet normal -0 0 -1
    outer loop
      vertex -28.6381 15.1436 0
      vertex -45.3 0 0
      vertex -28.9888 15.6166 0
    endloop
  endfacet
  facet normal -0 0 -1
    outer loop
      vertex -28.2426 14.7074 0
      vertex -45.3 0 0
      vertex -28.6381 15.1436 0
    endloop
  endfacet
  facet normal -0 0 -1
    outer loop
      vertex -27.8064 14.3119 0
      vertex -45.3 0 0
      vertex -28.2426 14.7074 0
    endloop
  endfacet
  facet normal -0 0 -1
    outer loop
      vertex -27.3334 13.9612 0
      vertex -45.3 0 0
      vertex -27.8064 14.3119 0
    endloop
  endfacet
  facet normal -0 0 -1
    outer loop
      vertex -26.8284 13.6585 0
      vertex -45.3 0 0
      vertex -27.3334 13.9612 0
    endloop
  endfacet
  facet normal -0 0 -1
    outer loop
      vertex -26.2961 13.4067 0
      vertex -45.3 0 0
      vertex -26.8284 13.6585 0
    endloop
  endfacet
  facet normal -0 0 -1
    outer loop
      vertex -25.7417 13.2084 0
      vertex -45.3 0 0
      vertex -26.2961 13.4067 0
    endloop
  endfacet
  facet normal -0 0 -1
    outer loop
      vertex -25.1705 13.0653 0
      vertex -45.3 0 0
      vertex -25.7417 13.2084 0
    endloop
  endfacet
  facet normal -0 0 -1
    outer loop
      vertex -24.5881 12.9789 0
      vertex -45.3 0 0
      vertex -25.1705 13.0653 0
    endloop
  endfacet
  facet normal 0 0 -1
    outer loop
      vertex 45.3 0 0
      vertex 30 40.95 0
      vertex 45.3 60.9 0
    endloop
  endfacet
  facet normal 0 0 -1
    outer loop
      vertex 29.9711 41.5381 0
      vertex 45.3 60.9 0
      vertex 30 40.95 0
    endloop
  endfacet
  facet normal 0 0 -1
    outer loop
      vertex 29.8847 42.1205 0
      vertex 45.3 60.9 0
      vertex 29.9711 41.5381 0
    endloop
  endfacet
  facet normal 0 0 -1
    outer loop
      vertex 29.7416 42.6917 0
      vertex 45.3 60.9 0
      vertex 29.8847 42.1205 0
    endloop
  endfacet
  facet normal 0 0 -1
    outer loop
      vertex 29.5433 43.2461 0
      vertex 45.3 60.9 0
      vertex 29.7416 42.6917 0
    endloop
  endfacet
  facet normal 0 0 -1
    outer loop
      vertex 29.2915 43.7784 0
      vertex 45.3 60.9 0
      vertex 29.5433 43.2461 0
    endloop
  endfacet
  facet normal 0 0 -1
    outer loop
      vertex 28.9888 44.2834 0
      vertex 45.3 60.9 0
      vertex 29.2915 43.7784 0
    endloop
  endfacet
  facet normal 0 0 -1
    outer loop
      vertex 28.6381 44.7564 0
      vertex 45.3 60.9 0
      vertex 28.9888 44.2834 0
    endloop
  endfacet
  facet normal 0 0 -1
    outer loop
      vertex 28.2426 45.1926 0
      vertex 45.3 60.9 0
      vertex 28.6381 44.7564 0
    endloop
  endfacet
  facet normal 0 0 -1
    outer loop
      vertex 27.8064 45.5881 0
      vertex 45.3 60.9 0
      vertex 28.2426 45.1926 0
    endloop
  endfacet
  facet normal 0 0 -1
    outer loop
      vertex 27.3334 45.9388 0
      vertex 45.3 60.9 0
      vertex 27.8064 45.5881 0
    endloop
  endfacet
  facet normal 0 0 -1
    outer loop
      vertex 26.8284 46.2415 0
      vertex 45.3 60.9 0
      vertex 27.3334 45.9388 0
    endloop
  endfacet
  facet normal 0 0 -1
    outer loop
      vertex 26.2961 46.4933 0
      vertex 45.3 60.9 0
      vertex 26.8284 46.2415 0
    endloop
  endfacet
  facet normal 0 0 -1
    outer loop
      vertex 25.7417 46.6916 0
      vertex 45.3 60.9 0
      vertex 26.2961 46.4933 0
    endloop
  endfacet
  facet normal 0 0 -1
    outer loop
      vertex 25.1705 46.8347 0
      vertex 45.3 60.9 0
      vertex 25.7417 46.6916 0
    endloop
  endfacet
  facet normal 0 0 -1
    outer loop
      vertex 24.5881 46.9211 0
      vertex 45.3 60.9 0
      vertex 25.1705 46.8347 0
    endloop
  endfacet
  facet normal 0 0 -1
    outer loop
      vertex 24 46.95 0
      vertex 45.3 60.9 0
      vertex 24.5881 46.9211 0
    endloop
  endfacet
  facet normal 0 0 -1
    outer loop
      vertex -24 46.95 0
      vertex 45.3 60.9 0
      vertex 24 46.95 0
    endloop
  endfacet
  facet normal 0 0 -1
    outer loop
      vertex -45.3 60.9 0
      vertex -24 46.95 0
      vertex -24.5881 46.9211 0
    endloop
  endfacet
  facet normal 0 0 -1
    outer loop
      vertex -45.3 60.9 0
      vertex -24.5881 46.9211 0
      vertex -25.1705 46.8347 0
    endloop
  endfacet
  facet normal 0 0 -1
    outer loop
      vertex -45.3 60.9 0
      vertex -30 40.95 0
      vertex -45.3 0 0
    endloop
  endfacet
  facet normal 0 0 -1
    outer loop
      vertex -30 40.95 0
      vertex -45.3 60.9 0
      vertex -29.9711 41.5381 0
    endloop
  endfacet
  facet normal 0 0 -1
    outer loop
      vertex -29.9711 41.5381 0
      vertex -45.3 60.9 0
      vertex -29.8847 42.1205 0
    endloop
  endfacet
  facet normal 0 0 -1
    outer loop
      vertex -29.8847 42.1205 0
      vertex -45.3 60.9 0
      vertex -29.7416 42.6917 0
    endloop
  endfacet
  facet normal 0 0 -1
    outer loop
      vertex -24 46.95 0
      vertex -45.3 60.9 0
      vertex 45.3 60.9 0
    endloop
  endfacet
  facet normal 0 0 -1
    outer loop
      vertex -25.7417 46.6916 0
      vertex -45.3 60.9 0
      vertex -25.1705 46.8347 0
    endloop
  endfacet
  facet normal 0 0 -1
    outer loop
      vertex -26.2961 46.4933 0
      vertex -45.3 60.9 0
      vertex -25.7417 46.6916 0
    endloop
  endfacet
  facet normal 0 0 -1
    outer loop
      vertex -26.8284 46.2415 0
      vertex -45.3 60.9 0
      vertex -26.2961 46.4933 0
    endloop
  endfacet
  facet normal 0 0 -1
    outer loop
      vertex -27.3334 45.9388 0
      vertex -45.3 60.9 0
      vertex -26.8284 46.2415 0
    endloop
  endfacet
  facet normal 0 0 -1
    outer loop
      vertex -27.8064 45.5881 0
      vertex -45.3 60.9 0
      vertex -27.3334 45.9388 0
    endloop
  endfacet
  facet normal 0 0 -1
    outer loop
      vertex -28.2426 45.1926 0
      vertex -45.3 60.9 0
      vertex -27.8064 45.5881 0
    endloop
  endfacet
  facet normal 0 0 -1
    outer loop
      vertex -28.6381 44.7564 0
      vertex -45.3 60.9 0
      vertex -28.2426 45.1926 0
    endloop
  endfacet
  facet normal 0 0 -1
    outer loop
      vertex -28.9888 44.2834 0
      vertex -45.3 60.9 0
      vertex -28.6381 44.7564 0
    endloop
  endfacet
  facet normal 0 0 -1
    outer loop
      vertex -29.2915 43.7784 0
      vertex -45.3 60.9 0
      vertex -28.9888 44.2834 0
    endloop
  endfacet
  facet normal 0 0 -1
    outer loop
      vertex -29.5433 43.2461 0
      vertex -45.3 60.9 0
      vertex -29.2915 43.7784 0
    endloop
  endfacet
  facet normal 0 0 -1
    outer loop
      vertex -29.7416 42.6917 0
      vertex -45.3 60.9 0
      vertex -29.5433 43.2461 0
    endloop
  endfacet
  facet normal 0 -1 0
    outer loop
      vertex 42.3 56.9 178
      vertex 30.3 56.9 179.5
      vertex 30.3 56.9 178
    endloop
  endfacet
  facet normal 0 -1 0
    outer loop
      vertex 30.3 56.9 179.5
      vertex 42.3 56.9 178
      vertex 43.806 56.9 179.5
    endloop
  endfacet
  facet normal 0 -1 0
    outer loop
      vertex 8 56.9 169.5
      vertex 20 56.9 167.108
      vertex 20 56.9 169.5
    endloop
  endfacet
  facet normal 0 -1 0
    outer loop
      vertex 14 56.9 153.5
      vertex 8 56.9 169.5
      vertex 8 56.9 153.5
    endloop
  endfacet
  facet normal 0 -1 0
    outer loop
      vertex 8 56.9 169.5
      vertex 14 56.9 153.5
      vertex 20 56.9 167.108
    endloop
  endfacet
  facet normal 0 -1 0
    outer loop
      vertex 14 56.9 153.5
      vertex 30.3 56.9 149.268
      vertex 20 56.9 167.108
    endloop
  endfacet
  facet normal -0 -1 -0
    outer loop
      vertex 30.3 56.9 149.268
      vertex 14 56.9 153.5
      vertex 30.3 56.9 125.268
    endloop
  endfacet
  facet normal 0 -1 0
    outer loop
      vertex 30.3 56.9 149.268
      vertex 42.3 56.9 178
      vertex 30.3 56.9 178
    endloop
  endfacet
  facet normal 0 -1 0
    outer loop
      vertex 30.3 56.9 125.268
      vertex 42.3 56.9 178
      vertex 30.3 56.9 149.268
    endloop
  endfacet
  facet normal 0 -1 0
    outer loop
      vertex 42.3 56.9 3.5
      vertex 30.3 56.9 125.268
      vertex 30.3 56.9 3.5
    endloop
  endfacet
  facet normal 0 -1 0
    outer loop
      vertex 30.3 56.9 125.268
      vertex 42.3 56.9 3.5
      vertex 42.3 56.9 178
    endloop
  endfacet
  facet normal 0 -1 0
    outer loop
      vertex 8 56.9 178
      vertex 20 56.9 179.5
      vertex 8 56.9 179.5
    endloop
  endfacet
  facet normal 0 -1 -0
    outer loop
      vertex 20 56.9 179.5
      vertex 8 56.9 178
      vertex 20 56.9 178
    endloop
  endfacet
  facet normal 0 -1 0
    outer loop
      vertex 8 56.9 175.679
      vertex 20 56.9 178
      vertex 8 56.9 178
    endloop
  endfacet
  facet normal 0 -1 -0
    outer loop
      vertex 20 56.9 178
      vertex 8 56.9 175.679
      vertex 20 56.9 175.679
    endloop
  endfacet
  facet normal 0 -1 0
    outer loop
      vertex -42.3 56.9 178
      vertex -30.3 56.9 179.5
      vertex -43.806 56.9 179.5
    endloop
  endfacet
  facet normal 0 -1 -0
    outer loop
      vertex -30.3 56.9 179.5
      vertex -42.3 56.9 178
      vertex -30.3 56.9 178
    endloop
  endfacet
  facet normal 0 -1 0
    outer loop
      vertex -42.3 56.9 178
      vertex -30.3 56.9 149.268
      vertex -30.3 56.9 178
    endloop
  endfacet
  facet normal 0 -1 0
    outer loop
      vertex -42.3 56.9 178
      vertex -30.3 56.9 125.268
      vertex -30.3 56.9 149.268
    endloop
  endfacet
  facet normal 0 -1 0
    outer loop
      vertex -42.3 56.9 3.5
      vertex -30.3 56.9 125.268
      vertex -42.3 56.9 178
    endloop
  endfacet
  facet normal 0 -1 -0
    outer loop
      vertex -30.3 56.9 125.268
      vertex -42.3 56.9 3.5
      vertex -30.3 56.9 3.5
    endloop
  endfacet
  facet normal 0 -1 0
    outer loop
      vertex -30.3 56.9 149.268
      vertex -14 56.9 153.5
      vertex -20 56.9 167.108
    endloop
  endfacet
  facet normal 0 -1 0
    outer loop
      vertex -14 56.9 153.5
      vertex -30.3 56.9 149.268
      vertex -30.3 56.9 125.268
    endloop
  endfacet
  facet normal 0 -1 0
    outer loop
      vertex -20 56.9 167.108
      vertex -8 56.9 169.5
      vertex -20 56.9 169.5
    endloop
  endfacet
  facet normal 0 -1 0
    outer loop
      vertex -14 56.9 153.5
      vertex -8 56.9 169.5
      vertex -20 56.9 167.108
    endloop
  endfacet
  facet normal 0 -1 -0
    outer loop
      vertex -8 56.9 169.5
      vertex -14 56.9 153.5
      vertex -8 56.9 153.5
    endloop
  endfacet
  facet normal 0 -1 0
    outer loop
      vertex -20 56.9 178
      vertex -8 56.9 179.5
      vertex -20 56.9 179.5
    endloop
  endfacet
  facet normal 0 -1 -0
    outer loop
      vertex -8 56.9 179.5
      vertex -20 56.9 178
      vertex -8 56.9 178
    endloop
  endfacet
  facet normal 0 -1 0
    outer loop
      vertex -20 56.9 175.679
      vertex -8 56.9 178
      vertex -20 56.9 178
    endloop
  endfacet
  facet normal 0 -1 -0
    outer loop
      vertex -8 56.9 178
      vertex -20 56.9 175.679
      vertex -8 56.9 175.679
    endloop
  endfacet
  facet normal 0 -1 0
    outer loop
      vertex 45.3 56.9 123.287
      vertex 45.3 56.9 111.287
      vertex 50.4961 56.9 114.287
    endloop
  endfacet
  facet normal -1 0 0
    outer loop
      vertex 30.3 60.9 3.5
      vertex 30.3 59.9 125.268
      vertex 30.3 60.9 179.5
    endloop
  endfacet
  facet normal -1 0 0
    outer loop
      vertex 30.3 56.9 3.5
      vertex 30.3 59.9 125.268
      vertex 30.3 60.9 3.5
    endloop
  endfacet
  facet normal -1 -0 0
    outer loop
      vertex 30.3 59.9 125.268
      vertex 30.3 56.9 3.5
      vertex 30.3 56.9 125.268
    endloop
  endfacet
  facet normal -1 0 0
    outer loop
      vertex 30.3 59.9 149.268
      vertex 30.3 60.9 179.5
      vertex 30.3 59.9 125.268
    endloop
  endfacet
  facet normal -1 0 0
    outer loop
      vertex 30.3 56.9 178
      vertex 30.3 59.9 149.268
      vertex 30.3 56.9 149.268
    endloop
  endfacet
  facet normal -1 0 0
    outer loop
      vertex 30.3 59.9 149.268
      vertex 30.3 56.9 178
      vertex 30.3 60.9 179.5
    endloop
  endfacet
  facet normal -1 -0 0
    outer loop
      vertex 30.3 60.9 179.5
      vertex 30.3 56.9 178
      vertex 30.3 56.9 179.5
    endloop
  endfacet
  facet normal 0 1 0
    outer loop
      vertex 30.3 59.9 149.268
      vertex 14 59.9 153.5
      vertex 20 59.9 167.108
    endloop
  endfacet
  facet normal 0 1 0
    outer loop
      vertex 14 59.9 153.5
      vertex 30.3 59.9 149.268
      vertex 30.3 59.9 125.268
    endloop
  endfacet
  facet normal 0 1 -0
    outer loop
      vertex 20 59.9 167.108
      vertex 8 59.9 179.5
      vertex 20 59.9 179.5
    endloop
  endfacet
  facet normal 0 1 0
    outer loop
      vertex 8 59.9 153.5
      vertex 20 59.9 167.108
      vertex 14 59.9 153.5
    endloop
  endfacet
  facet normal 0 1 0
    outer loop
      vertex 20 59.9 167.108
      vertex 8 59.9 153.5
      vertex 8 59.9 179.5
    endloop
  endfacet
  facet normal 0 1 0
    outer loop
      vertex 45.3 59.9 123.287
      vertex 50.4961 59.9 114.287
      vertex 45.3 59.9 111.287
    endloop
  endfacet
  facet normal 0.866028 -0 0.499996
    outer loop
      vertex 45.3 56.9 123.287
      vertex 50.4961 59.9 114.287
      vertex 45.3 59.9 123.287
    endloop
  endfacet
  facet normal 0.866028 0 0.499996
    outer loop
      vertex 50.4961 59.9 114.287
      vertex 45.3 56.9 123.287
      vertex 50.4961 56.9 114.287
    endloop
  endfacet
  facet normal 0.866024 -0 0.500003
    outer loop
      vertex 20 56.9 167.108
      vertex 30.3 59.9 149.268
      vertex 20 59.9 167.108
    endloop
  endfacet
  facet normal 0.866024 0 0.500003
    outer loop
      vertex 30.3 59.9 149.268
      vertex 20 56.9 167.108
      vertex 30.3 56.9 149.268
    endloop
  endfacet
  facet normal 1 -0 0
    outer loop
      vertex 20 53.9 170.5
      vertex 20 56.9 169.5
      vertex 20 56.9 175.679
    endloop
  endfacet
  facet normal 1 0 0
    outer loop
      vertex 20 56.9 169.5
      vertex 20 53.9 170.5
      vertex 20 53.9 169.5
    endloop
  endfacet
  facet normal 1 0 0
    outer loop
      vertex 20 56.9 178
      vertex 20 59.9 179.5
      vertex 20 56.9 179.5
    endloop
  endfacet
  facet normal 1 0 0
    outer loop
      vertex 20 56.9 175.679
      vertex 20 59.9 179.5
      vertex 20 56.9 178
    endloop
  endfacet
  facet normal 1 0 0
    outer loop
      vertex 20 59.9 179.5
      vertex 20 56.9 175.679
      vertex 20 59.9 167.108
    endloop
  endfacet
  facet normal 1 -0 0
    outer loop
      vertex 20 56.9 169.5
      vertex 20 59.9 167.108
      vertex 20 56.9 175.679
    endloop
  endfacet
  facet normal 1 0 0
    outer loop
      vertex 20 59.9 167.108
      vertex 20 56.9 169.5
      vertex 20 56.9 167.108
    endloop
  endfacet
  facet normal -0 0 1
    outer loop
      vertex 8 59.9 179.5
      vertex 20 56.9 179.5
      vertex 20 59.9 179.5
    endloop
  endfacet
  facet normal 0 0 1
    outer loop
      vertex 20 56.9 179.5
      vertex 8 59.9 179.5
      vertex 8 56.9 179.5
    endloop
  endfacet
  facet normal -1 0 0
    outer loop
      vertex 8 53.9 170.5
      vertex 8 56.9 169.5
      vertex 8 53.9 169.5
    endloop
  endfacet
  facet normal -1 0 0
    outer loop
      vertex 8 56.9 169.5
      vertex 8 53.9 170.5
      vertex 8 56.9 175.679
    endloop
  endfacet
  facet normal -1 0 0
    outer loop
      vertex 8 56.9 169.5
      vertex 8 59.9 153.5
      vertex 8 56.9 153.5
    endloop
  endfacet
  facet normal -1 0 0
    outer loop
      vertex 8 59.9 153.5
      vertex 8 56.9 169.5
      vertex 8 59.9 179.5
    endloop
  endfacet
  facet normal -1 0 0
    outer loop
      vertex 8 56.9 175.679
      vertex 8 59.9 179.5
      vertex 8 56.9 169.5
    endloop
  endfacet
  facet normal -1 0 0
    outer loop
      vertex 8 56.9 178
      vertex 8 59.9 179.5
      vertex 8 56.9 175.679
    endloop
  endfacet
  facet normal -1 -0 0
    outer loop
      vertex 8 59.9 179.5
      vertex 8 56.9 178
      vertex 8 56.9 179.5
    endloop
  endfacet
  facet normal 0 0 -1
    outer loop
      vertex 8 56.9 153.5
      vertex 14 59.9 153.5
      vertex 14 56.9 153.5
    endloop
  endfacet
  facet normal -0 0 -1
    outer loop
      vertex 14 59.9 153.5
      vertex 8 56.9 153.5
      vertex 8 59.9 153.5
    endloop
  endfacet
  facet normal -0.866022 0 -0.500006
    outer loop
      vertex 30.3 56.9 125.268
      vertex 14 59.9 153.5
      vertex 30.3 59.9 125.268
    endloop
  endfacet
  facet normal -0.866022 -0 -0.500006
    outer loop
      vertex 14 59.9 153.5
      vertex 30.3 56.9 125.268
      vertex 14 56.9 153.5
    endloop
  endfacet
  facet normal 0.500004 0 -0.866023
    outer loop
      vertex 45.3 56.9 111.287
      vertex 50.4961 59.9 114.287
      vertex 50.4961 56.9 114.287
    endloop
  endfacet
  facet normal 0.500004 0 -0.866023
    outer loop
      vertex 50.4961 59.9 114.287
      vertex 45.3 56.9 111.287
      vertex 45.3 59.9 111.287
    endloop
  endfacet
  facet normal 0 -0.865308 0.50124
    outer loop
      vertex 8 53.9 170.5
      vertex 20 56.9 175.679
      vertex 8 56.9 175.679
    endloop
  endfacet
  facet normal 0 -0.865308 0.50124
    outer loop
      vertex 20 56.9 175.679
      vertex 8 53.9 170.5
      vertex 20 53.9 170.5
    endloop
  endfacet
  facet normal 0 0 -1
    outer loop
      vertex 8 53.9 169.5
      vertex 20 56.9 169.5
      vertex 20 53.9 169.5
    endloop
  endfacet
  facet normal -0 0 -1
    outer loop
      vertex 20 56.9 169.5
      vertex 8 53.9 169.5
      vertex 8 56.9 169.5
    endloop
  endfacet
  facet normal 0 -1 0
    outer loop
      vertex 8 53.9 169.5
      vertex 20 53.9 170.5
      vertex 8 53.9 170.5
    endloop
  endfacet
  facet normal 0 -1 -0
    outer loop
      vertex 20 53.9 170.5
      vertex 8 53.9 169.5
      vertex 20 53.9 169.5
    endloop
  endfacet
  facet normal 0 1 0
    outer loop
      vertex -45.3 6.5 54
      vertex -51.8355 6.5 34.7272
      vertex -52.3 6.5 34.75
    endloop
  endfacet
  facet normal 0 1 0
    outer loop
      vertex -45.3 6.5 54
      vertex -51.8344 6.5 34.7271
      vertex -51.8355 6.5 34.7272
    endloop
  endfacet
  facet normal 0 1 0
    outer loop
      vertex -45.3 6.5 54
      vertex -51.3744 6.5 34.6589
      vertex -51.8344 6.5 34.7271
    endloop
  endfacet
  facet normal 0 1 0
    outer loop
      vertex -45.3 6.5 54
      vertex -51.3733 6.5 34.6587
      vertex -51.3744 6.5 34.6589
    endloop
  endfacet
  facet normal 0 1 0
    outer loop
      vertex -45.3 6.5 54
      vertex -51.3723 6.5 34.6585
      vertex -51.3733 6.5 34.6587
    endloop
  endfacet
  facet normal 0 1 0
    outer loop
      vertex -45.3 6.5 54
      vertex -50.9211 6.5 34.5455
      vertex -51.3723 6.5 34.6585
    endloop
  endfacet
  facet normal 0 1 0
    outer loop
      vertex -45.3 6.5 54
      vertex -50.4833 6.5 34.3888
      vertex -50.9211 6.5 34.5455
    endloop
  endfacet
  facet normal 0 1 0
    outer loop
      vertex -45.3 6.5 54
      vertex -50.4823 6.5 34.3884
      vertex -50.4833 6.5 34.3888
    endloop
  endfacet
  facet normal 0 1 0
    outer loop
      vertex -45.3 6.5 54
      vertex -50.4813 6.5 34.388
      vertex -50.4823 6.5 34.3884
    endloop
  endfacet
  facet normal 0 1 0
    outer loop
      vertex -45.3 6.5 54
      vertex -50.0609 6.5 34.1891
      vertex -50.4813 6.5 34.388
    endloop
  endfacet
  facet normal 0 1 0
    outer loop
      vertex -45.3 6.5 54
      vertex -49.662 6.5 33.95
      vertex -50.0609 6.5 34.1891
    endloop
  endfacet
  facet normal 0 1 0
    outer loop
      vertex -45.3 6.5 54
      vertex -49.661 6.5 33.9495
      vertex -49.662 6.5 33.95
    endloop
  endfacet
  facet normal 0 1 0
    outer loop
      vertex -45.3 6.5 54
      vertex -49.6602 6.5 33.9488
      vertex -49.661 6.5 33.9495
    endloop
  endfacet
  facet normal 0 1 0
    outer loop
      vertex -45.3 6.5 54
      vertex -49.2866 6.5 33.6718
      vertex -49.6602 6.5 33.9488
    endloop
  endfacet
  facet normal 0 1 0
    outer loop
      vertex -45.3 6.5 54
      vertex -49.2858 6.5 33.6711
      vertex -49.2866 6.5 33.6718
    endloop
  endfacet
  facet normal 0 1 0
    outer loop
      vertex -45.3 6.5 54
      vertex -48.9412 6.5 33.3588
      vertex -49.2858 6.5 33.6711
    endloop
  endfacet
  facet normal 0 1 0
    outer loop
      vertex -45.3 6.5 54
      vertex -48.6289 6.5 33.0142
      vertex -48.9412 6.5 33.3588
    endloop
  endfacet
  facet normal 0 1 0
    outer loop
      vertex -45.3 6.5 54
      vertex -48.6282 6.5 33.0134
      vertex -48.6289 6.5 33.0142
    endloop
  endfacet
  facet normal 0 1 0
    outer loop
      vertex -45.3 6.5 54
      vertex -48.6276 6.5 33.0125
      vertex -48.6282 6.5 33.0134
    endloop
  endfacet
  facet normal 0 1 0
    outer loop
      vertex -45.3 6.5 54
      vertex -48.3505 6.5 32.639
      vertex -48.6276 6.5 33.0125
    endloop
  endfacet
  facet normal 0 1 0
    outer loop
      vertex -45.3 6.5 54
      vertex -48.35 6.5 32.638
      vertex -48.3505 6.5 32.639
    endloop
  endfacet
  facet normal 0 1 0
    outer loop
      vertex -45.3 6.5 54
      vertex -48.1109 6.5 32.2391
      vertex -48.35 6.5 32.638
    endloop
  endfacet
  facet normal 0 1 0
    outer loop
      vertex -45.3 6.5 54
      vertex -47.912 6.5 31.8187
      vertex -48.1109 6.5 32.2391
    endloop
  endfacet
  facet normal 0 1 0
    outer loop
      vertex -45.3 6.5 54
      vertex -47.9116 6.5 31.8177
      vertex -47.912 6.5 31.8187
    endloop
  endfacet
  facet normal 0 1 0
    outer loop
      vertex -45.3 6.5 54
      vertex -47.7549 6.5 31.3799
      vertex -47.9116 6.5 31.8177
    endloop
  endfacet
  facet normal 0 1 0
    outer loop
      vertex -45.3 6.5 54
      vertex -47.7545 6.5 31.3789
      vertex -47.7549 6.5 31.3799
    endloop
  endfacet
  facet normal 0 1 0
    outer loop
      vertex -45.3 6.5 54
      vertex -47.6415 6.5 30.9277
      vertex -47.7545 6.5 31.3789
    endloop
  endfacet
  facet normal 0 1 0
    outer loop
      vertex -45.3 6.5 54
      vertex -47.6413 6.5 30.9267
      vertex -47.6415 6.5 30.9277
    endloop
  endfacet
  facet normal 0 1 0
    outer loop
      vertex -45.3 6.5 54
      vertex -47.6411 6.5 30.9256
      vertex -47.6413 6.5 30.9267
    endloop
  endfacet
  facet normal 0 1 0
    outer loop
      vertex -45.3 6.5 54
      vertex -47.5729 6.5 30.4656
      vertex -47.6411 6.5 30.9256
    endloop
  endfacet
  facet normal 0 1 0
    outer loop
      vertex -45.3 6.5 54
      vertex -47.5728 6.5 30.4645
      vertex -47.5729 6.5 30.4656
    endloop
  endfacet
  facet normal 0 1 0
    outer loop
      vertex -45.3 6.5 54
      vertex -47.55 6.5 30
      vertex -47.5728 6.5 30.4645
    endloop
  endfacet
  facet normal 0 1 -0
    outer loop
      vertex -45.3 6.5 6.00002
      vertex -47.55 6.5 30
      vertex -45.3 6.5 54
    endloop
  endfacet
  facet normal 0 1 0
    outer loop
      vertex -47.55 6.5 30
      vertex -45.3 6.5 6.00002
      vertex -47.5728 6.5 29.5355
    endloop
  endfacet
  facet normal 0 1 0
    outer loop
      vertex -47.7545 6.5 28.6211
      vertex -47.9116 6.5 28.1823
      vertex -47.7549 6.5 28.6201
    endloop
  endfacet
  facet normal 0 -1 0
    outer loop
      vertex -47.9116 6.5 28.1823
      vertex -48.1109 6.5 27.7609
      vertex -47.912 6.5 28.1813
    endloop
  endfacet
  facet normal 0 1 0
    outer loop
      vertex -45.3 6.5 6.00002
      vertex -48.35 6.5 27.362
      vertex -48.1109 6.5 27.7609
    endloop
  endfacet
  facet normal 0 1 0
    outer loop
      vertex -45.3 6.5 6.00002
      vertex -50.4833 6.5 25.6112
      vertex -50.4823 6.5 25.6116
    endloop
  endfacet
  facet normal 0 1 0
    outer loop
      vertex -45.3 6.5 6.00002
      vertex -51.3723 6.5 25.3415
      vertex -50.9211 6.5 25.4545
    endloop
  endfacet
  facet normal 0 1 0
    outer loop
      vertex -45.3 6.5 6.00002
      vertex -51.3744 6.5 25.3411
      vertex -51.3733 6.5 25.3413
    endloop
  endfacet
  facet normal 0 1 0
    outer loop
      vertex -52.2989 6.5 25.2501
      vertex -45.3 6.5 6.00002
      vertex -52.3 6.5 25.25
    endloop
  endfacet
  facet normal 0 1 0
    outer loop
      vertex -51.8344 6.5 25.2729
      vertex -45.3 6.5 6.00002
      vertex -52.2989 6.5 25.2501
    endloop
  endfacet
  facet normal 0 1 0
    outer loop
      vertex -51.3744 6.5 25.3411
      vertex -45.3 6.5 6.00002
      vertex -51.8344 6.5 25.2729
    endloop
  endfacet
  facet normal 0 1 0
    outer loop
      vertex -51.3723 6.5 25.3415
      vertex -45.3 6.5 6.00002
      vertex -51.3733 6.5 25.3413
    endloop
  endfacet
  facet normal 0 1 0
    outer loop
      vertex -50.4833 6.5 25.6112
      vertex -45.3 6.5 6.00002
      vertex -50.9211 6.5 25.4545
    endloop
  endfacet
  facet normal 0 1 0
    outer loop
      vertex -50.4813 6.5 25.612
      vertex -45.3 6.5 6.00002
      vertex -50.4823 6.5 25.6116
    endloop
  endfacet
  facet normal 0 1 0
    outer loop
      vertex -50.0609 6.5 25.8109
      vertex -45.3 6.5 6.00002
      vertex -50.4813 6.5 25.612
    endloop
  endfacet
  facet normal 0 1 0
    outer loop
      vertex -49.662 6.5 26.05
      vertex -45.3 6.5 6.00002
      vertex -50.0609 6.5 25.8109
    endloop
  endfacet
  facet normal 0 1 0
    outer loop
      vertex -49.661 6.5 26.0505
      vertex -45.3 6.5 6.00002
      vertex -49.662 6.5 26.05
    endloop
  endfacet
  facet normal 0 1 0
    outer loop
      vertex -49.6602 6.5 26.0512
      vertex -45.3 6.5 6.00002
      vertex -49.661 6.5 26.0505
    endloop
  endfacet
  facet normal 0 1 0
    outer loop
      vertex -49.2866 6.5 26.3282
      vertex -45.3 6.5 6.00002
      vertex -49.6602 6.5 26.0512
    endloop
  endfacet
  facet normal 0 1 0
    outer loop
      vertex -49.2858 6.5 26.3289
      vertex -45.3 6.5 6.00002
      vertex -49.2866 6.5 26.3282
    endloop
  endfacet
  facet normal 0 1 0
    outer loop
      vertex -48.9412 6.5 26.6412
      vertex -45.3 6.5 6.00002
      vertex -49.2858 6.5 26.3289
    endloop
  endfacet
  facet normal 0 1 0
    outer loop
      vertex -48.6289 6.5 26.9858
      vertex -45.3 6.5 6.00002
      vertex -48.9412 6.5 26.6412
    endloop
  endfacet
  facet normal 0 1 0
    outer loop
      vertex -48.6282 6.5 26.9866
      vertex -45.3 6.5 6.00002
      vertex -48.6289 6.5 26.9858
    endloop
  endfacet
  facet normal 0 1 0
    outer loop
      vertex -48.6276 6.5 26.9875
      vertex -45.3 6.5 6.00002
      vertex -48.6282 6.5 26.9866
    endloop
  endfacet
  facet normal 0 1 0
    outer loop
      vertex -48.3505 6.5 27.361
      vertex -45.3 6.5 6.00002
      vertex -48.6276 6.5 26.9875
    endloop
  endfacet
  facet normal 0 1 0
    outer loop
      vertex -48.35 6.5 27.362
      vertex -45.3 6.5 6.00002
      vertex -48.3505 6.5 27.361
    endloop
  endfacet
  facet normal 0 1 0
    outer loop
      vertex -47.9116 6.5 28.1823
      vertex -45.3 6.5 6.00002
      vertex -48.1109 6.5 27.7609
    endloop
  endfacet
  facet normal 0 1 0
    outer loop
      vertex -47.7545 6.5 28.6211
      vertex -45.3 6.5 6.00002
      vertex -47.9116 6.5 28.1823
    endloop
  endfacet
  facet normal 0 1 0
    outer loop
      vertex -47.6415 6.5 29.0723
      vertex -45.3 6.5 6.00002
      vertex -47.7545 6.5 28.6211
    endloop
  endfacet
  facet normal 0 1 0
    outer loop
      vertex -47.6413 6.5 29.0733
      vertex -45.3 6.5 6.00002
      vertex -47.6415 6.5 29.0723
    endloop
  endfacet
  facet normal 0 1 0
    outer loop
      vertex -47.6411 6.5 29.0744
      vertex -45.3 6.5 6.00002
      vertex -47.6413 6.5 29.0733
    endloop
  endfacet
  facet normal 0 1 0
    outer loop
      vertex -47.5729 6.5 29.5344
      vertex -45.3 6.5 6.00002
      vertex -47.6411 6.5 29.0744
    endloop
  endfacet
  facet normal 0 1 0
    outer loop
      vertex -47.5728 6.5 29.5355
      vertex -45.3 6.5 6.00002
      vertex -47.5729 6.5 29.5344
    endloop
  endfacet
  facet normal 0 1 0
    outer loop
      vertex -52.7645 6.5 34.7272
      vertex -45.3 6.5 54
      vertex -52.3 6.5 34.75
    endloop
  endfacet
  facet normal 0 1 0
    outer loop
      vertex -52.7656 6.5 34.7271
      vertex -45.3 6.5 54
      vertex -52.7645 6.5 34.7272
    endloop
  endfacet
  facet normal 0 1 0
    outer loop
      vertex -53.2256 6.5 34.6589
      vertex -45.3 6.5 54
      vertex -52.7656 6.5 34.7271
    endloop
  endfacet
  facet normal 0 1 0
    outer loop
      vertex -53.2267 6.5 34.6587
      vertex -45.3 6.5 54
      vertex -53.2256 6.5 34.6589
    endloop
  endfacet
  facet normal 0 1 0
    outer loop
      vertex -53.6778 6.5 34.5457
      vertex -45.3 6.5 54
      vertex -53.2267 6.5 34.6587
    endloop
  endfacet
  facet normal 0 1 0
    outer loop
      vertex -53.6789 6.5 34.5455
      vertex -45.3 6.5 54
      vertex -53.6778 6.5 34.5457
    endloop
  endfacet
  facet normal 0 1 0
    outer loop
      vertex -53.6799 6.5 34.5451
      vertex -45.3 6.5 54
      vertex -53.6789 6.5 34.5455
    endloop
  endfacet
  facet normal 0 1 0
    outer loop
      vertex -54.1177 6.5 34.3884
      vertex -45.3 6.5 54
      vertex -53.6799 6.5 34.5451
    endloop
  endfacet
  facet normal 0 1 0
    outer loop
      vertex -59.3 6.5 33
      vertex -54.1177 6.5 34.3884
      vertex -54.1187 6.5 34.388
    endloop
  endfacet
  facet normal 0 1 0
    outer loop
      vertex -59.3 6.5 33
      vertex -54.1187 6.5 34.388
      vertex -54.5391 6.5 34.1891
    endloop
  endfacet
  facet normal 0 1 0
    outer loop
      vertex -59.3 6.5 33
      vertex -54.5391 6.5 34.1891
      vertex -54.938 6.5 33.95
    endloop
  endfacet
  facet normal 0 1 0
    outer loop
      vertex -59.3 6.5 33
      vertex -54.938 6.5 33.95
      vertex -54.939 6.5 33.9495
    endloop
  endfacet
  facet normal 0 1 0
    outer loop
      vertex -59.3 6.5 33
      vertex -54.939 6.5 33.9495
      vertex -54.9398 6.5 33.9488
    endloop
  endfacet
  facet normal 0 1 0
    outer loop
      vertex -59.3 6.5 33
      vertex -54.9398 6.5 33.9488
      vertex -55.3134 6.5 33.6718
    endloop
  endfacet
  facet normal 0 1 0
    outer loop
      vertex -59.3 6.5 33
      vertex -55.3134 6.5 33.6718
      vertex -55.3142 6.5 33.6711
    endloop
  endfacet
  facet normal 0 1 0
    outer loop
      vertex -59.3 6.5 33
      vertex -55.3142 6.5 33.6711
      vertex -55.6588 6.5 33.3588
    endloop
  endfacet
  facet normal 0 1 0
    outer loop
      vertex -59.3 6.5 33
      vertex -55.6588 6.5 33.3588
      vertex -55.9711 6.5 33.0142
    endloop
  endfacet
  facet normal 0 1 0
    outer loop
      vertex -59.3 6.5 33
      vertex -55.9711 6.5 33.0142
      vertex -55.9718 6.5 33.0134
    endloop
  endfacet
  facet normal 0 1 0
    outer loop
      vertex -59.3 6.5 33
      vertex -55.9718 6.5 33.0134
      vertex -55.9724 6.5 33.0125
    endloop
  endfacet
  facet normal 0 1 -0
    outer loop
      vertex -54.1177 6.5 34.3884
      vertex -59.3 6.5 33
      vertex -45.3 6.5 54
    endloop
  endfacet
  facet normal 0 1 -0
    outer loop
      vertex -56.2495 6.5 32.639
      vertex -59.3 6.5 33
      vertex -55.9724 6.5 33.0125
    endloop
  endfacet
  facet normal 0 1 -0
    outer loop
      vertex -56.25 6.5 32.638
      vertex -59.3 6.5 33
      vertex -56.2495 6.5 32.639
    endloop
  endfacet
  facet normal 0 1 -0
    outer loop
      vertex -56.4891 6.5 32.2391
      vertex -59.3 6.5 33
      vertex -56.25 6.5 32.638
    endloop
  endfacet
  facet normal 0 1 -0
    outer loop
      vertex -56.688 6.5 31.8187
      vertex -59.3 6.5 33
      vertex -56.4891 6.5 32.2391
    endloop
  endfacet
  facet normal 0 1 -0
    outer loop
      vertex -56.6884 6.5 31.8177
      vertex -59.3 6.5 33
      vertex -56.688 6.5 31.8187
    endloop
  endfacet
  facet normal 0 1 -0
    outer loop
      vertex -56.8451 6.5 31.3799
      vertex -59.3 6.5 33
      vertex -56.6884 6.5 31.8177
    endloop
  endfacet
  facet normal 0 1 -0
    outer loop
      vertex -56.8455 6.5 31.3789
      vertex -59.3 6.5 33
      vertex -56.8451 6.5 31.3799
    endloop
  endfacet
  facet normal 0 1 -0
    outer loop
      vertex -56.8457 6.5 31.3778
      vertex -59.3 6.5 33
      vertex -56.8455 6.5 31.3789
    endloop
  endfacet
  facet normal 0 1 -0
    outer loop
      vertex -56.9587 6.5 30.9267
      vertex -59.3 6.5 33
      vertex -56.8457 6.5 31.3778
    endloop
  endfacet
  facet normal 0 1 -0
    outer loop
      vertex -57.027 6.5 30.4667
      vertex -59.3 6.5 33
      vertex -56.9587 6.5 30.9267
    endloop
  endfacet
  facet normal 0 1 -0
    outer loop
      vertex -57.0271 6.5 30.4656
      vertex -59.3 6.5 33
      vertex -57.027 6.5 30.4667
    endloop
  endfacet
  facet normal 0 1 -0
    outer loop
      vertex -57.0272 6.5 30.4645
      vertex -59.3 6.5 33
      vertex -57.0271 6.5 30.4656
    endloop
  endfacet
  facet normal 0 1 -0
    outer loop
      vertex -57.05 6.5 30
      vertex -59.3 6.5 33
      vertex -57.0272 6.5 30.4645
    endloop
  endfacet
  facet normal 0 1 0
    outer loop
      vertex -59.3 6.5 27
      vertex -57.05 6.5 30
      vertex -57.0272 6.5 29.5355
    endloop
  endfacet
  facet normal 0 1 0
    outer loop
      vertex -59.3 6.5 27
      vertex -57.0272 6.5 29.5355
      vertex -57.0271 6.5 29.5344
    endloop
  endfacet
  facet normal 0 1 0
    outer loop
      vertex -59.3 6.5 27
      vertex -57.0271 6.5 29.5344
      vertex -57.027 6.5 29.5333
    endloop
  endfacet
  facet normal 0 1 0
    outer loop
      vertex -59.3 6.5 27
      vertex -57.027 6.5 29.5333
      vertex -56.9587 6.5 29.0733
    endloop
  endfacet
  facet normal 0 1 0
    outer loop
      vertex -59.3 6.5 27
      vertex -56.9587 6.5 29.0733
      vertex -56.8457 6.5 28.6222
    endloop
  endfacet
  facet normal 0 1 0
    outer loop
      vertex -59.3 6.5 27
      vertex -56.8457 6.5 28.6222
      vertex -56.8455 6.5 28.6211
    endloop
  endfacet
  facet normal 0 1 0
    outer loop
      vertex -59.3 6.5 27
      vertex -56.8455 6.5 28.6211
      vertex -56.8451 6.5 28.6201
    endloop
  endfacet
  facet normal 0 1 0
    outer loop
      vertex -59.3 6.5 27
      vertex -56.8451 6.5 28.6201
      vertex -56.6884 6.5 28.1823
    endloop
  endfacet
  facet normal 0 1 0
    outer loop
      vertex -59.3 6.5 27
      vertex -56.6884 6.5 28.1823
      vertex -56.688 6.5 28.1813
    endloop
  endfacet
  facet normal 0 1 0
    outer loop
      vertex -59.3 6.5 27
      vertex -56.688 6.5 28.1813
      vertex -56.4891 6.5 27.7609
    endloop
  endfacet
  facet normal 0 1 0
    outer loop
      vertex -59.3 6.5 27
      vertex -56.25 6.5 27.362
      vertex -56.2495 6.5 27.361
    endloop
  endfacet
  facet normal 0 1 0
    outer loop
      vertex -57.05 6.5 30
      vertex -59.3 6.5 27
      vertex -59.3 6.5 33
    endloop
  endfacet
  facet normal 0 1 0
    outer loop
      vertex -56.25 6.5 27.362
      vertex -59.3 6.5 27
      vertex -56.4891 6.5 27.7609
    endloop
  endfacet
  facet normal 0 1 0
    outer loop
      vertex -55.9724 6.5 26.9875
      vertex -59.3 6.5 27
      vertex -56.2495 6.5 27.361
    endloop
  endfacet
  facet normal 0 1 0
    outer loop
      vertex -55.9718 6.5 26.9866
      vertex -59.3 6.5 27
      vertex -55.9724 6.5 26.9875
    endloop
  endfacet
  facet normal 0 1 0
    outer loop
      vertex -55.9711 6.5 26.9858
      vertex -59.3 6.5 27
      vertex -55.9718 6.5 26.9866
    endloop
  endfacet
  facet normal 0 1 0
    outer loop
      vertex -55.6588 6.5 26.6412
      vertex -59.3 6.5 27
      vertex -55.9711 6.5 26.9858
    endloop
  endfacet
  facet normal 0 1 0
    outer loop
      vertex -55.3142 6.5 26.3289
      vertex -59.3 6.5 27
      vertex -55.6588 6.5 26.6412
    endloop
  endfacet
  facet normal 0 1 0
    outer loop
      vertex -55.3134 6.5 26.3282
      vertex -59.3 6.5 27
      vertex -55.3142 6.5 26.3289
    endloop
  endfacet
  facet normal 0 1 0
    outer loop
      vertex -54.9398 6.5 26.0512
      vertex -59.3 6.5 27
      vertex -55.3134 6.5 26.3282
    endloop
  endfacet
  facet normal 0 1 0
    outer loop
      vertex -54.939 6.5 26.0505
      vertex -59.3 6.5 27
      vertex -54.9398 6.5 26.0512
    endloop
  endfacet
  facet normal 0 1 0
    outer loop
      vertex -54.938 6.5 26.05
      vertex -59.3 6.5 27
      vertex -54.939 6.5 26.0505
    endloop
  endfacet
  facet normal 0 1 0
    outer loop
      vertex -54.5391 6.5 25.8109
      vertex -59.3 6.5 27
      vertex -54.938 6.5 26.05
    endloop
  endfacet
  facet normal 0 1 0
    outer loop
      vertex -54.1187 6.5 25.612
      vertex -59.3 6.5 27
      vertex -54.5391 6.5 25.8109
    endloop
  endfacet
  facet normal 0 1 0
    outer loop
      vertex -54.1177 6.5 25.6116
      vertex -59.3 6.5 27
      vertex -54.1187 6.5 25.612
    endloop
  endfacet
  facet normal 0 1 0
    outer loop
      vertex -45.3 6.5 6.00002
      vertex -54.1177 6.5 25.6116
      vertex -53.6799 6.5 25.4549
    endloop
  endfacet
  facet normal 0 1 0
    outer loop
      vertex -45.3 6.5 6.00002
      vertex -53.6799 6.5 25.4549
      vertex -53.6789 6.5 25.4545
    endloop
  endfacet
  facet normal 0 1 0
    outer loop
      vertex -45.3 6.5 6.00002
      vertex -53.2256 6.5 25.3411
      vertex -52.7656 6.5 25.2729
    endloop
  endfacet
  facet normal 0 1 0
    outer loop
      vertex -54.1177 6.5 25.6116
      vertex -45.3 6.5 6.00002
      vertex -59.3 6.5 27
    endloop
  endfacet
  facet normal 0 1 0
    outer loop
      vertex -53.6778 6.5 25.4543
      vertex -45.3 6.5 6.00002
      vertex -53.6789 6.5 25.4545
    endloop
  endfacet
  facet normal 0 1 0
    outer loop
      vertex -53.2267 6.5 25.3413
      vertex -45.3 6.5 6.00002
      vertex -53.6778 6.5 25.4543
    endloop
  endfacet
  facet normal 0 1 0
    outer loop
      vertex -53.2256 6.5 25.3411
      vertex -45.3 6.5 6.00002
      vertex -53.2267 6.5 25.3413
    endloop
  endfacet
  facet normal 0 1 0
    outer loop
      vertex -52.3011 6.5 25.2501
      vertex -45.3 6.5 6.00002
      vertex -52.7656 6.5 25.2729
    endloop
  endfacet
  facet normal 0 1 0
    outer loop
      vertex -45.3 6.5 6.00002
      vertex -52.3011 6.5 25.2501
      vertex -52.3 6.5 25.25
    endloop
  endfacet
  facet normal -1 0 0
    outer loop
      vertex -45.3 0 125.5
      vertex -45.3 12.95 92.0897
      vertex -45.3 0 54
    endloop
  endfacet
  facet normal -1 0 0
    outer loop
      vertex -45.3 12.95 92.0897
      vertex -45.3 0 125.5
      vertex -45.3 6.5 125.5
    endloop
  endfacet
  facet normal -1 0 0
    outer loop
      vertex -45.3 29.95 141.181
      vertex -45.3 35.95 147.573
      vertex -45.3 30.95 138.913
    endloop
  endfacet
  facet normal -1 -0 0
    outer loop
      vertex -45.3 35.95 147.573
      vertex -45.3 29.95 141.181
      vertex -45.3 34.95 149.841
    endloop
  endfacet
  facet normal -1 0 0
    outer loop
      vertex -45.3 30.95 134.233
      vertex -45.3 28.95 134.233
      vertex -45.3 30.95 138.913
    endloop
  endfacet
  facet normal -1 0 0
    outer loop
      vertex -45.3 28.95 138.913
      vertex -45.3 30.95 138.913
      vertex -45.3 28.95 134.233
    endloop
  endfacet
  facet normal -1 0 0
    outer loop
      vertex -45.3 23.95 125.573
      vertex -45.3 29.95 131.965
      vertex -45.3 24.95 123.305
    endloop
  endfacet
  facet normal -1 -0 0
    outer loop
      vertex -45.3 29.95 131.965
      vertex -45.3 23.95 125.573
      vertex -45.3 28.95 134.233
    endloop
  endfacet
  facet normal -1 0 0
    outer loop
      vertex -45.3 24.95 118.626
      vertex -45.3 22.95 118.626
      vertex -45.3 24.95 123.305
    endloop
  endfacet
  facet normal -1 0 0
    outer loop
      vertex -45.3 22.95 123.305
      vertex -45.3 24.95 123.305
      vertex -45.3 22.95 118.626
    endloop
  endfacet
  facet normal -1 0 0
    outer loop
      vertex -45.3 17.95 109.965
      vertex -45.3 23.95 116.358
      vertex -45.3 18.95 107.697
    endloop
  endfacet
  facet normal -1 -0 0
    outer loop
      vertex -45.3 23.95 116.358
      vertex -45.3 17.95 109.965
      vertex -45.3 22.95 118.626
    endloop
  endfacet
  facet normal -1 0 0
    outer loop
      vertex -45.3 17.95 100.75
      vertex -45.3 17.95 109.965
      vertex -45.3 18.95 107.697
    endloop
  endfacet
  facet normal -1 0 0
    outer loop
      vertex -45.3 12.95 92.0897
      vertex -45.3 17.95 109.965
      vertex -45.3 17.95 100.75
    endloop
  endfacet
  facet normal -1 -0 0
    outer loop
      vertex -45.3 17.95 109.965
      vertex -45.3 12.95 92.0897
      vertex -45.3 12.95 118.626
    endloop
  endfacet
  facet normal -1 0 0
    outer loop
      vertex -45.3 36.95 29.659
      vertex -45.3 34.95 29.659
      vertex -45.3 35.95 31.9269
    endloop
  endfacet
  facet normal -1 0 0
    outer loop
      vertex -45.3 29.95 38.3192
      vertex -45.3 35.95 31.9269
      vertex -45.3 34.95 29.659
    endloop
  endfacet
  facet normal -1 0 0
    outer loop
      vertex -45.3 28.95 40.5872
      vertex -45.3 30.95 40.5872
      vertex -45.3 29.95 38.3192
    endloop
  endfacet
  facet normal -1 0 0
    outer loop
      vertex -45.3 35.95 31.9269
      vertex -45.3 29.95 38.3192
      vertex -45.3 30.95 40.5872
    endloop
  endfacet
  facet normal -1 0 0
    outer loop
      vertex -45.3 36.95 60.8743
      vertex -45.3 34.95 60.8743
      vertex -45.3 35.95 63.1423
    endloop
  endfacet
  facet normal -1 0 0
    outer loop
      vertex -45.3 29.95 69.5346
      vertex -45.3 35.95 63.1423
      vertex -45.3 34.95 60.8743
    endloop
  endfacet
  facet normal -1 0 0
    outer loop
      vertex -45.3 28.95 71.8026
      vertex -45.3 30.95 71.8026
      vertex -45.3 29.95 69.5346
    endloop
  endfacet
  facet normal -1 0 0
    outer loop
      vertex -45.3 35.95 63.1423
      vertex -45.3 29.95 69.5346
      vertex -45.3 30.95 71.8026
    endloop
  endfacet
  facet normal -1 0 0
    outer loop
      vertex -45.3 36.95 92.0897
      vertex -45.3 34.95 92.0897
      vertex -45.3 35.95 94.3577
    endloop
  endfacet
  facet normal -1 0 0
    outer loop
      vertex -45.3 29.95 100.75
      vertex -45.3 35.95 94.3577
      vertex -45.3 34.95 92.0897
    endloop
  endfacet
  facet normal -1 0 0
    outer loop
      vertex -45.3 28.95 103.018
      vertex -45.3 30.95 103.018
      vertex -45.3 29.95 100.75
    endloop
  endfacet
  facet normal -1 0 0
    outer loop
      vertex -45.3 35.95 94.3577
      vertex -45.3 29.95 100.75
      vertex -45.3 30.95 103.018
    endloop
  endfacet
  facet normal -1 0 0
    outer loop
      vertex -45.3 36.95 123.305
      vertex -45.3 34.95 123.305
      vertex -45.3 35.95 125.573
    endloop
  endfacet
  facet normal -1 0 0
    outer loop
      vertex -45.3 29.95 131.965
      vertex -45.3 35.95 125.573
      vertex -45.3 34.95 123.305
    endloop
  endfacet
  facet normal -1 0 0
    outer loop
      vertex -45.3 28.95 134.233
      vertex -45.3 30.95 134.233
      vertex -45.3 29.95 131.965
    endloop
  endfacet
  facet normal -1 0 0
    outer loop
      vertex -45.3 35.95 125.573
      vertex -45.3 29.95 131.965
      vertex -45.3 30.95 134.233
    endloop
  endfacet
  facet normal -1 0 0
    outer loop
      vertex -45.3 17.95 141.181
      vertex -45.3 23.95 147.573
      vertex -45.3 18.95 138.913
    endloop
  endfacet
  facet normal -1 -0 0
    outer loop
      vertex -45.3 23.95 147.573
      vertex -45.3 17.95 141.181
      vertex -45.3 22.95 149.841
    endloop
  endfacet
  facet normal -1 0 0
    outer loop
      vertex -45.3 17.95 131.965
      vertex -45.3 17.95 141.181
      vertex -45.3 18.95 138.913
    endloop
  endfacet
  facet normal -1 0 0
    outer loop
      vertex -45.3 6.5 125.5
      vertex -45.3 17.95 131.965
      vertex -45.3 12.95 123.305
    endloop
  endfacet
  facet normal -1 -0 0
    outer loop
      vertex -45.3 17.95 131.965
      vertex -45.3 6.5 125.5
      vertex -45.3 17.95 141.181
    endloop
  endfacet
  facet normal -1 0 0
    outer loop
      vertex -45.3 24.95 29.659
      vertex -45.3 22.95 29.659
      vertex -45.3 23.95 31.9269
    endloop
  endfacet
  facet normal -1 0 0
    outer loop
      vertex -45.3 17.95 38.3192
      vertex -45.3 23.95 31.9269
      vertex -45.3 22.95 29.659
    endloop
  endfacet
  facet normal -1 -0 0
    outer loop
      vertex -45.3 18.95 40.5872
      vertex -45.3 17.95 38.3192
      vertex -45.3 18.95 45.2666
    endloop
  endfacet
  facet normal -1 0 0
    outer loop
      vertex -45.3 23.95 31.9269
      vertex -45.3 17.95 38.3192
      vertex -45.3 18.95 40.5872
    endloop
  endfacet
  facet normal -1 0 0
    outer loop
      vertex -45.3 24.95 60.8743
      vertex -45.3 22.95 60.8743
      vertex -45.3 23.95 63.1423
    endloop
  endfacet
  facet normal -1 0 0
    outer loop
      vertex -45.3 17.95 69.5346
      vertex -45.3 23.95 63.1423
      vertex -45.3 22.95 60.8743
    endloop
  endfacet
  facet normal -1 -0 0
    outer loop
      vertex -45.3 18.95 71.8026
      vertex -45.3 17.95 69.5346
      vertex -45.3 18.95 76.482
    endloop
  endfacet
  facet normal -1 0 0
    outer loop
      vertex -45.3 23.95 63.1423
      vertex -45.3 17.95 69.5346
      vertex -45.3 18.95 71.8026
    endloop
  endfacet
  facet normal -1 0 0
    outer loop
      vertex -45.3 24.95 92.0897
      vertex -45.3 22.95 92.0897
      vertex -45.3 23.95 94.3577
    endloop
  endfacet
  facet normal -1 0 0
    outer loop
      vertex -45.3 17.95 100.75
      vertex -45.3 23.95 94.3577
      vertex -45.3 22.95 92.0897
    endloop
  endfacet
  facet normal -1 -0 0
    outer loop
      vertex -45.3 18.95 103.018
      vertex -45.3 17.95 100.75
      vertex -45.3 18.95 107.697
    endloop
  endfacet
  facet normal -1 0 0
    outer loop
      vertex -45.3 23.95 94.3577
      vertex -45.3 17.95 100.75
      vertex -45.3 18.95 103.018
    endloop
  endfacet
  facet normal -1 0 0
    outer loop
      vertex -45.3 24.95 123.305
      vertex -45.3 22.95 123.305
      vertex -45.3 23.95 125.573
    endloop
  endfacet
  facet normal -1 0 0
    outer loop
      vertex -45.3 17.95 131.965
      vertex -45.3 23.95 125.573
      vertex -45.3 22.95 123.305
    endloop
  endfacet
  facet normal -1 -0 0
    outer loop
      vertex -45.3 18.95 134.233
      vertex -45.3 17.95 131.965
      vertex -45.3 18.95 138.913
    endloop
  endfacet
  facet normal -1 0 0
    outer loop
      vertex -45.3 23.95 125.573
      vertex -45.3 17.95 131.965
      vertex -45.3 18.95 134.233
    endloop
  endfacet
  facet normal -1 0 0
    outer loop
      vertex -45.3 41.95 141.181
      vertex -45.3 56.9 123.287
      vertex -45.3 41.95 131.965
    endloop
  endfacet
  facet normal -1 0 0
    outer loop
      vertex -45.3 56.9 123.287
      vertex -45.3 41.95 141.181
      vertex -45.3 46.95 149.841
    endloop
  endfacet
  facet normal -1 0 0
    outer loop
      vertex -45.3 41.95 131.965
      vertex -45.3 40.95 134.233
      vertex -45.3 41.95 141.181
    endloop
  endfacet
  facet normal -1 0 0
    outer loop
      vertex -45.3 35.95 125.573
      vertex -45.3 41.95 131.965
      vertex -45.3 36.95 123.305
    endloop
  endfacet
  facet normal -1 -0 0
    outer loop
      vertex -45.3 41.95 131.965
      vertex -45.3 35.95 125.573
      vertex -45.3 40.95 134.233
    endloop
  endfacet
  facet normal -1 0 0
    outer loop
      vertex -45.3 36.95 118.626
      vertex -45.3 34.95 118.626
      vertex -45.3 36.95 123.305
    endloop
  endfacet
  facet normal -1 0 0
    outer loop
      vertex -45.3 34.95 123.305
      vertex -45.3 36.95 123.305
      vertex -45.3 34.95 118.626
    endloop
  endfacet
  facet normal -1 0 0
    outer loop
      vertex -45.3 29.95 109.965
      vertex -45.3 35.95 116.358
      vertex -45.3 30.95 107.697
    endloop
  endfacet
  facet normal -1 -0 0
    outer loop
      vertex -45.3 35.95 116.358
      vertex -45.3 29.95 109.965
      vertex -45.3 34.95 118.626
    endloop
  endfacet
  facet normal -1 0 0
    outer loop
      vertex -45.3 30.95 103.018
      vertex -45.3 28.95 103.018
      vertex -45.3 30.95 107.697
    endloop
  endfacet
  facet normal -1 0 0
    outer loop
      vertex -45.3 28.95 107.697
      vertex -45.3 30.95 107.697
      vertex -45.3 28.95 103.018
    endloop
  endfacet
  facet normal -1 0 0
    outer loop
      vertex -45.3 23.95 94.3577
      vertex -45.3 29.95 100.75
      vertex -45.3 24.95 92.0897
    endloop
  endfacet
  facet normal -1 -0 0
    outer loop
      vertex -45.3 29.95 100.75
      vertex -45.3 23.95 94.3577
      vertex -45.3 28.95 103.018
    endloop
  endfacet
  facet normal -1 0 0
    outer loop
      vertex -45.3 24.95 87.4103
      vertex -45.3 22.95 87.4103
      vertex -45.3 24.95 92.0897
    endloop
  endfacet
  facet normal -1 0 0
    outer loop
      vertex -45.3 22.95 92.0897
      vertex -45.3 24.95 92.0897
      vertex -45.3 22.95 87.4103
    endloop
  endfacet
  facet normal -1 0 0
    outer loop
      vertex -45.3 17.95 78.75
      vertex -45.3 23.95 85.1423
      vertex -45.3 18.95 76.482
    endloop
  endfacet
  facet normal -1 -0 0
    outer loop
      vertex -45.3 23.95 85.1423
      vertex -45.3 17.95 78.75
      vertex -45.3 22.95 87.4103
    endloop
  endfacet
  facet normal -1 0 0
    outer loop
      vertex -45.3 17.95 69.5346
      vertex -45.3 17.95 78.75
      vertex -45.3 18.95 76.482
    endloop
  endfacet
  facet normal -1 0 0
    outer loop
      vertex -45.3 12.95 60.8743
      vertex -45.3 17.95 78.75
      vertex -45.3 17.95 69.5346
    endloop
  endfacet
  facet normal -1 -0 0
    outer loop
      vertex -45.3 17.95 78.75
      vertex -45.3 12.95 60.8743
      vertex -45.3 12.95 87.4103
    endloop
  endfacet
  facet normal -1 0 0
    outer loop
      vertex -45.3 41.95 109.965
      vertex -45.3 56.9 111.287
      vertex -45.3 41.95 100.75
    endloop
  endfacet
  facet normal -1 -0 0
    outer loop
      vertex -45.3 56.9 111.287
      vertex -45.3 41.95 109.965
      vertex -45.3 46.95 118.626
    endloop
  endfacet
  facet normal -1 0 0
    outer loop
      vertex -45.3 41.95 100.75
      vertex -45.3 40.95 103.018
      vertex -45.3 41.95 109.965
    endloop
  endfacet
  facet normal -1 0 0
    outer loop
      vertex -45.3 35.95 94.3577
      vertex -45.3 41.95 100.75
      vertex -45.3 36.95 92.0897
    endloop
  endfacet
  facet normal -1 -0 0
    outer loop
      vertex -45.3 41.95 100.75
      vertex -45.3 35.95 94.3577
      vertex -45.3 40.95 103.018
    endloop
  endfacet
  facet normal -1 0 0
    outer loop
      vertex -45.3 36.95 87.4103
      vertex -45.3 34.95 87.4103
      vertex -45.3 36.95 92.0897
    endloop
  endfacet
  facet normal -1 0 0
    outer loop
      vertex -45.3 34.95 92.0897
      vertex -45.3 36.95 92.0897
      vertex -45.3 34.95 87.4103
    endloop
  endfacet
  facet normal -1 0 0
    outer loop
      vertex -45.3 29.95 78.75
      vertex -45.3 35.95 85.1423
      vertex -45.3 30.95 76.482
    endloop
  endfacet
  facet normal -1 -0 0
    outer loop
      vertex -45.3 35.95 85.1423
      vertex -45.3 29.95 78.75
      vertex -45.3 34.95 87.4103
    endloop
  endfacet
  facet normal -1 0 0
    outer loop
      vertex -45.3 30.95 71.8026
      vertex -45.3 28.95 71.8026
      vertex -45.3 30.95 76.482
    endloop
  endfacet
  facet normal -1 0 0
    outer loop
      vertex -45.3 28.95 76.482
      vertex -45.3 30.95 76.482
      vertex -45.3 28.95 71.8026
    endloop
  endfacet
  facet normal -1 0 0
    outer loop
      vertex -45.3 23.95 63.1423
      vertex -45.3 29.95 69.5346
      vertex -45.3 24.95 60.8743
    endloop
  endfacet
  facet normal -1 -0 0
    outer loop
      vertex -45.3 29.95 69.5346
      vertex -45.3 23.95 63.1423
      vertex -45.3 28.95 71.8026
    endloop
  endfacet
  facet normal -1 0 0
    outer loop
      vertex -45.3 24.95 56.1949
      vertex -45.3 22.95 56.1949
      vertex -45.3 24.95 60.8743
    endloop
  endfacet
  facet normal -1 0 0
    outer loop
      vertex -45.3 22.95 60.8743
      vertex -45.3 24.95 60.8743
      vertex -45.3 22.95 56.1949
    endloop
  endfacet
  facet normal -1 0 0
    outer loop
      vertex -45.3 17.95 47.5346
      vertex -45.3 23.95 53.9269
      vertex -45.3 18.95 45.2666
    endloop
  endfacet
  facet normal -1 -0 0
    outer loop
      vertex -45.3 23.95 53.9269
      vertex -45.3 17.95 47.5346
      vertex -45.3 22.95 56.1949
    endloop
  endfacet
  facet normal -1 0 0
    outer loop
      vertex -45.3 17.95 38.3192
      vertex -45.3 17.95 47.5346
      vertex -45.3 18.95 45.2666
    endloop
  endfacet
  facet normal -1 0 0
    outer loop
      vertex -45.3 6.5 54
      vertex -45.3 17.95 38.3192
      vertex -45.3 12.95 29.659
    endloop
  endfacet
  facet normal -1 0 0
    outer loop
      vertex -45.3 17.95 38.3192
      vertex -45.3 6.5 54
      vertex -45.3 17.95 47.5346
    endloop
  endfacet
  facet normal -1 0 0
    outer loop
      vertex -45.3 41.95 69.5346
      vertex -45.3 46.95 87.4103
      vertex -45.3 46.95 60.8743
    endloop
  endfacet
  facet normal -1 0 0
    outer loop
      vertex -45.3 41.95 69.5346
      vertex -45.3 41.95 78.75
      vertex -45.3 46.95 87.4103
    endloop
  endfacet
  facet normal -1 0 0
    outer loop
      vertex -45.3 41.95 69.5346
      vertex -45.3 40.95 71.8026
      vertex -45.3 41.95 78.75
    endloop
  endfacet
  facet normal -1 0 0
    outer loop
      vertex -45.3 35.95 63.1423
      vertex -45.3 41.95 69.5346
      vertex -45.3 36.95 60.8743
    endloop
  endfacet
  facet normal -1 -0 0
    outer loop
      vertex -45.3 41.95 69.5346
      vertex -45.3 35.95 63.1423
      vertex -45.3 40.95 71.8026
    endloop
  endfacet
  facet normal -1 0 0
    outer loop
      vertex -45.3 36.95 56.1949
      vertex -45.3 34.95 56.1949
      vertex -45.3 36.95 60.8743
    endloop
  endfacet
  facet normal -1 0 0
    outer loop
      vertex -45.3 34.95 60.8743
      vertex -45.3 36.95 60.8743
      vertex -45.3 34.95 56.1949
    endloop
  endfacet
  facet normal -1 0 0
    outer loop
      vertex -45.3 29.95 47.5346
      vertex -45.3 35.95 53.9269
      vertex -45.3 30.95 45.2666
    endloop
  endfacet
  facet normal -1 -0 0
    outer loop
      vertex -45.3 35.95 53.9269
      vertex -45.3 29.95 47.5346
      vertex -45.3 34.95 56.1949
    endloop
  endfacet
  facet normal -1 0 0
    outer loop
      vertex -45.3 30.95 40.5872
      vertex -45.3 28.95 40.5872
      vertex -45.3 30.95 45.2666
    endloop
  endfacet
  facet normal -1 0 0
    outer loop
      vertex -45.3 28.95 45.2666
      vertex -45.3 30.95 45.2666
      vertex -45.3 28.95 40.5872
    endloop
  endfacet
  facet normal -1 0 0
    outer loop
      vertex -45.3 23.95 31.9269
      vertex -45.3 29.95 38.3192
      vertex -45.3 24.95 29.659
    endloop
  endfacet
  facet normal -1 -0 0
    outer loop
      vertex -45.3 29.95 38.3192
      vertex -45.3 23.95 31.9269
      vertex -45.3 28.95 40.5872
    endloop
  endfacet
  facet normal -1 0 0
    outer loop
      vertex -45.3 41.95 38.3192
      vertex -45.3 46.95 56.1949
      vertex -45.3 46.95 29.659
    endloop
  endfacet
  facet normal -1 0 0
    outer loop
      vertex -45.3 41.95 38.3192
      vertex -45.3 41.95 47.5346
      vertex -45.3 46.95 56.1949
    endloop
  endfacet
  facet normal -1 0 0
    outer loop
      vertex -45.3 41.95 38.3192
      vertex -45.3 40.95 40.5872
      vertex -45.3 41.95 47.5346
    endloop
  endfacet
  facet normal -1 0 0
    outer loop
      vertex -45.3 35.95 31.9269
      vertex -45.3 41.95 38.3192
      vertex -45.3 36.95 29.659
    endloop
  endfacet
  facet normal -1 -0 0
    outer loop
      vertex -45.3 41.95 38.3192
      vertex -45.3 35.95 31.9269
      vertex -45.3 40.95 40.5872
    endloop
  endfacet
  facet normal -1 0 0
    outer loop
      vertex -45.3 60.9 0
      vertex -45.3 59.9 111.287
      vertex -45.3 60.9 179.5
    endloop
  endfacet
  facet normal -1 0 0
    outer loop
      vertex -45.3 46.95 56.1949
      vertex -45.3 59.9 111.287
      vertex -45.3 60.9 0
    endloop
  endfacet
  facet normal -1 0 0
    outer loop
      vertex -45.3 46.95 56.1949
      vertex -45.3 60.9 0
      vertex -45.3 46.95 29.659
    endloop
  endfacet
  facet normal -1 0 0
    outer loop
      vertex -45.3 46.95 29.659
      vertex -45.3 60.9 0
      vertex -45.3 46.95 24.9795
    endloop
  endfacet
  facet normal -1 0 0
    outer loop
      vertex -45.3 60.9 0
      vertex -45.3 41.95 16.3192
      vertex -45.3 46.95 24.9795
    endloop
  endfacet
  facet normal -1 0 0
    outer loop
      vertex -45.3 34.95 24.9795
      vertex -45.3 36.95 29.659
      vertex -45.3 36.95 24.9795
    endloop
  endfacet
  facet normal -1 0 0
    outer loop
      vertex -45.3 34.95 29.659
      vertex -45.3 36.95 29.659
      vertex -45.3 34.95 24.9795
    endloop
  endfacet
  facet normal -1 0 0
    outer loop
      vertex -45.3 41.95 16.3192
      vertex -45.3 34.95 24.9795
      vertex -45.3 36.95 24.9795
    endloop
  endfacet
  facet normal -1 0 0
    outer loop
      vertex -45.3 41.95 16.3192
      vertex -45.3 29.95 16.3192
      vertex -45.3 34.95 24.9795
    endloop
  endfacet
  facet normal -1 0 0
    outer loop
      vertex -45.3 60.9 0
      vertex -45.3 29.95 16.3192
      vertex -45.3 41.95 16.3192
    endloop
  endfacet
  facet normal -1 0 0
    outer loop
      vertex -45.3 22.95 24.9795
      vertex -45.3 24.95 29.659
      vertex -45.3 24.95 24.9795
    endloop
  endfacet
  facet normal -1 0 0
    outer loop
      vertex -45.3 22.95 29.659
      vertex -45.3 24.95 29.659
      vertex -45.3 22.95 24.9795
    endloop
  endfacet
  facet normal -1 0 0
    outer loop
      vertex -45.3 29.95 16.3192
      vertex -45.3 22.95 24.9795
      vertex -45.3 24.95 24.9795
    endloop
  endfacet
  facet normal -1 0 0
    outer loop
      vertex -45.3 29.95 16.3192
      vertex -45.3 17.95 16.3192
      vertex -45.3 22.95 24.9795
    endloop
  endfacet
  facet normal -1 0 0
    outer loop
      vertex -45.3 6.5 6.00002
      vertex -45.3 29.95 16.3192
      vertex -45.3 60.9 0
    endloop
  endfacet
  facet normal -1 0 0
    outer loop
      vertex -45.3 6.5 6.00002
      vertex -45.3 12.95 29.659
      vertex -45.3 12.95 24.9795
    endloop
  endfacet
  facet normal -1 0 0
    outer loop
      vertex -45.3 17.95 47.5346
      vertex -45.3 6.5 54
      vertex -45.3 12.95 56.1949
    endloop
  endfacet
  facet normal -1 -0 0
    outer loop
      vertex -45.3 12.95 56.1949
      vertex -45.3 6.5 54
      vertex -45.3 12.95 60.8743
    endloop
  endfacet
  facet normal -1 0 0
    outer loop
      vertex -45.3 0 54
      vertex -45.3 12.95 60.8743
      vertex -45.3 6.5 54
    endloop
  endfacet
  facet normal -1 -0 0
    outer loop
      vertex -45.3 12.95 60.8743
      vertex -45.3 0 54
      vertex -45.3 12.95 87.4103
    endloop
  endfacet
  facet normal -1 -0 0
    outer loop
      vertex -45.3 12.95 87.4103
      vertex -45.3 0 54
      vertex -45.3 12.95 92.0897
    endloop
  endfacet
  facet normal -1 0 0
    outer loop
      vertex -45.3 12.95 92.0897
      vertex -45.3 6.5 125.5
      vertex -45.3 12.95 118.626
    endloop
  endfacet
  facet normal -1 0 0
    outer loop
      vertex -45.3 12.95 118.626
      vertex -45.3 6.5 125.5
      vertex -45.3 12.95 123.305
    endloop
  endfacet
  facet normal -1 -0 0
    outer loop
      vertex -45.3 12.95 29.659
      vertex -45.3 6.5 6.00002
      vertex -45.3 6.5 54
    endloop
  endfacet
  facet normal -1 -0 0
    outer loop
      vertex -45.3 17.95 16.3192
      vertex -45.3 6.5 6.00002
      vertex -45.3 12.95 24.9795
    endloop
  endfacet
  facet normal -1 -0 0
    outer loop
      vertex -45.3 29.95 16.3192
      vertex -45.3 6.5 6.00002
      vertex -45.3 17.95 16.3192
    endloop
  endfacet
  facet normal -1 0 0
    outer loop
      vertex -45.3 0 0
      vertex -45.3 6.5 6.00002
      vertex -45.3 60.9 0
    endloop
  endfacet
  facet normal -1 -0 0
    outer loop
      vertex -45.3 6.5 6.00002
      vertex -45.3 0 0
      vertex -45.3 0 6.00002
    endloop
  endfacet
  facet normal -1 0 0
    outer loop
      vertex -45.3 59.9 123.287
      vertex -45.3 60.9 179.5
      vertex -45.3 59.9 111.287
    endloop
  endfacet
  facet normal -1 0 0
    outer loop
      vertex -45.3 46.95 149.841
      vertex -45.3 59.9 123.287
      vertex -45.3 56.9 123.287
    endloop
  endfacet
  facet normal -1 0 0
    outer loop
      vertex -45.3 59.9 111.287
      vertex -45.3 46.95 56.1949
      vertex -45.3 46.95 60.8743
    endloop
  endfacet
  facet normal -1 0 0
    outer loop
      vertex -45.3 46.95 87.4103
      vertex -45.3 59.9 111.287
      vertex -45.3 46.95 60.8743
    endloop
  endfacet
  facet normal -1 0 0
    outer loop
      vertex -45.3 46.95 92.0897
      vertex -45.3 59.9 111.287
      vertex -45.3 46.95 87.4103
    endloop
  endfacet
  facet normal -1 -0 0
    outer loop
      vertex -45.3 59.9 111.287
      vertex -45.3 46.95 92.0897
      vertex -45.3 56.9 111.287
    endloop
  endfacet
  facet normal -1 0 0
    outer loop
      vertex -45.3 41.95 100.75
      vertex -45.3 56.9 111.287
      vertex -45.3 46.95 92.0897
    endloop
  endfacet
  facet normal -1 0 0
    outer loop
      vertex -45.3 56.9 111.287
      vertex -45.3 46.95 118.626
      vertex -45.3 56.9 123.287
    endloop
  endfacet
  facet normal -1 0 0
    outer loop
      vertex -45.3 46.95 123.305
      vertex -45.3 56.9 123.287
      vertex -45.3 46.95 118.626
    endloop
  endfacet
  facet normal -1 0 0
    outer loop
      vertex -45.3 41.95 131.965
      vertex -45.3 56.9 123.287
      vertex -45.3 46.95 123.305
    endloop
  endfacet
  facet normal -1 0 0
    outer loop
      vertex -45.3 59.9 123.287
      vertex -45.3 46.95 149.841
      vertex -45.3 60.9 179.5
    endloop
  endfacet
  facet normal -1 0 0
    outer loop
      vertex -45.3 46.95 154.52
      vertex -45.3 60.9 179.5
      vertex -45.3 46.95 149.841
    endloop
  endfacet
  facet normal -1 0 0
    outer loop
      vertex -45.3 41.95 163.181
      vertex -45.3 60.9 179.5
      vertex -45.3 46.95 154.52
    endloop
  endfacet
  facet normal -1 0 0
    outer loop
      vertex -45.3 36.95 149.841
      vertex -45.3 34.95 149.841
      vertex -45.3 36.95 154.52
    endloop
  endfacet
  facet normal -1 0 0
    outer loop
      vertex -45.3 34.95 154.52
      vertex -45.3 36.95 154.52
      vertex -45.3 34.95 149.841
    endloop
  endfacet
  facet normal -1 0 0
    outer loop
      vertex -45.3 34.95 154.52
      vertex -45.3 41.95 163.181
      vertex -45.3 36.95 154.52
    endloop
  endfacet
  facet normal -1 0 0
    outer loop
      vertex -45.3 29.95 163.181
      vertex -45.3 41.95 163.181
      vertex -45.3 34.95 154.52
    endloop
  endfacet
  facet normal -1 0 0
    outer loop
      vertex -45.3 29.95 163.181
      vertex -45.3 60.9 179.5
      vertex -45.3 41.95 163.181
    endloop
  endfacet
  facet normal -1 0 0
    outer loop
      vertex -45.3 24.95 149.841
      vertex -45.3 22.95 149.841
      vertex -45.3 24.95 154.52
    endloop
  endfacet
  facet normal -1 0 0
    outer loop
      vertex -45.3 22.95 154.52
      vertex -45.3 24.95 154.52
      vertex -45.3 22.95 149.841
    endloop
  endfacet
  facet normal -1 0 0
    outer loop
      vertex -45.3 22.95 154.52
      vertex -45.3 29.95 163.181
      vertex -45.3 24.95 154.52
    endloop
  endfacet
  facet normal -1 0 0
    outer loop
      vertex -45.3 17.95 163.181
      vertex -45.3 29.95 163.181
      vertex -45.3 22.95 154.52
    endloop
  endfacet
  facet normal -1 0 0
    outer loop
      vertex -45.3 6.5 173.5
      vertex -45.3 29.95 163.181
      vertex -45.3 17.95 163.181
    endloop
  endfacet
  facet normal -1 -0 0
    outer loop
      vertex -45.3 17.95 141.181
      vertex -45.3 6.5 125.5
      vertex -45.3 12.95 149.841
    endloop
  endfacet
  facet normal -1 0 0
    outer loop
      vertex -45.3 6.5 173.5
      vertex -45.3 12.95 149.841
      vertex -45.3 6.5 125.5
    endloop
  endfacet
  facet normal -1 0 0
    outer loop
      vertex -45.3 12.95 149.841
      vertex -45.3 6.5 173.5
      vertex -45.3 12.95 154.52
    endloop
  endfacet
  facet normal -1 0 0
    outer loop
      vertex -45.3 6.5 173.5
      vertex -45.3 17.95 163.181
      vertex -45.3 12.95 154.52
    endloop
  endfacet
  facet normal -1 0 0
    outer loop
      vertex -45.3 29.95 163.181
      vertex -45.3 6.5 173.5
      vertex -45.3 60.9 179.5
    endloop
  endfacet
  facet normal -1 0 0
    outer loop
      vertex -45.3 0 179.5
      vertex -45.3 6.5 173.5
      vertex -45.3 0 173.5
    endloop
  endfacet
  facet normal -1 0 0
    outer loop
      vertex -45.3 6.5 173.5
      vertex -45.3 0 179.5
      vertex -45.3 60.9 179.5
    endloop
  endfacet
  facet normal -1 0 0
    outer loop
      vertex -45.3 40.95 45.2666
      vertex -45.3 41.95 47.5346
      vertex -45.3 40.95 40.5872
    endloop
  endfacet
  facet normal -1 0 0
    outer loop
      vertex -45.3 35.95 53.9269
      vertex -45.3 41.95 47.5346
      vertex -45.3 40.95 45.2666
    endloop
  endfacet
  facet normal -1 0 0
    outer loop
      vertex -45.3 34.95 56.1949
      vertex -45.3 36.95 56.1949
      vertex -45.3 35.95 53.9269
    endloop
  endfacet
  facet normal -1 0 0
    outer loop
      vertex -45.3 41.95 47.5346
      vertex -45.3 35.95 53.9269
      vertex -45.3 36.95 56.1949
    endloop
  endfacet
  facet normal -1 0 0
    outer loop
      vertex -45.3 40.95 76.482
      vertex -45.3 41.95 78.75
      vertex -45.3 40.95 71.8026
    endloop
  endfacet
  facet normal -1 0 0
    outer loop
      vertex -45.3 35.95 85.1423
      vertex -45.3 41.95 78.75
      vertex -45.3 40.95 76.482
    endloop
  endfacet
  facet normal -1 0 0
    outer loop
      vertex -45.3 34.95 87.4103
      vertex -45.3 36.95 87.4103
      vertex -45.3 35.95 85.1423
    endloop
  endfacet
  facet normal -1 0 0
    outer loop
      vertex -45.3 41.95 78.75
      vertex -45.3 35.95 85.1423
      vertex -45.3 36.95 87.4103
    endloop
  endfacet
  facet normal -1 0 0
    outer loop
      vertex -45.3 40.95 107.697
      vertex -45.3 41.95 109.965
      vertex -45.3 40.95 103.018
    endloop
  endfacet
  facet normal -1 0 0
    outer loop
      vertex -45.3 35.95 116.358
      vertex -45.3 41.95 109.965
      vertex -45.3 40.95 107.697
    endloop
  endfacet
  facet normal -1 0 0
    outer loop
      vertex -45.3 34.95 118.626
      vertex -45.3 36.95 118.626
      vertex -45.3 35.95 116.358
    endloop
  endfacet
  facet normal -1 0 0
    outer loop
      vertex -45.3 41.95 109.965
      vertex -45.3 35.95 116.358
      vertex -45.3 36.95 118.626
    endloop
  endfacet
  facet normal -1 0 0
    outer loop
      vertex -45.3 40.95 138.913
      vertex -45.3 41.95 141.181
      vertex -45.3 40.95 134.233
    endloop
  endfacet
  facet normal -1 0 0
    outer loop
      vertex -45.3 35.95 147.573
      vertex -45.3 41.95 141.181
      vertex -45.3 40.95 138.913
    endloop
  endfacet
  facet normal -1 0 0
    outer loop
      vertex -45.3 34.95 149.841
      vertex -45.3 36.95 149.841
      vertex -45.3 35.95 147.573
    endloop
  endfacet
  facet normal -1 0 0
    outer loop
      vertex -45.3 41.95 141.181
      vertex -45.3 35.95 147.573
      vertex -45.3 36.95 149.841
    endloop
  endfacet
  facet normal -1 0 0
    outer loop
      vertex -45.3 30.95 45.2666
      vertex -45.3 28.95 45.2666
      vertex -45.3 29.95 47.5346
    endloop
  endfacet
  facet normal -1 0 0
    outer loop
      vertex -45.3 23.95 53.9269
      vertex -45.3 29.95 47.5346
      vertex -45.3 28.95 45.2666
    endloop
  endfacet
  facet normal -1 0 0
    outer loop
      vertex -45.3 22.95 56.1949
      vertex -45.3 24.95 56.1949
      vertex -45.3 23.95 53.9269
    endloop
  endfacet
  facet normal -1 0 0
    outer loop
      vertex -45.3 29.95 47.5346
      vertex -45.3 23.95 53.9269
      vertex -45.3 24.95 56.1949
    endloop
  endfacet
  facet normal -1 0 0
    outer loop
      vertex -45.3 30.95 76.482
      vertex -45.3 28.95 76.482
      vertex -45.3 29.95 78.75
    endloop
  endfacet
  facet normal -1 0 0
    outer loop
      vertex -45.3 23.95 85.1423
      vertex -45.3 29.95 78.75
      vertex -45.3 28.95 76.482
    endloop
  endfacet
  facet normal -1 0 0
    outer loop
      vertex -45.3 22.95 87.4103
      vertex -45.3 24.95 87.4103
      vertex -45.3 23.95 85.1423
    endloop
  endfacet
  facet normal -1 0 0
    outer loop
      vertex -45.3 29.95 78.75
      vertex -45.3 23.95 85.1423
      vertex -45.3 24.95 87.4103
    endloop
  endfacet
  facet normal -1 0 0
    outer loop
      vertex -45.3 30.95 107.697
      vertex -45.3 28.95 107.697
      vertex -45.3 29.95 109.965
    endloop
  endfacet
  facet normal -1 0 0
    outer loop
      vertex -45.3 23.95 116.358
      vertex -45.3 29.95 109.965
      vertex -45.3 28.95 107.697
    endloop
  endfacet
  facet normal -1 0 0
    outer loop
      vertex -45.3 22.95 118.626
      vertex -45.3 24.95 118.626
      vertex -45.3 23.95 116.358
    endloop
  endfacet
  facet normal -1 0 0
    outer loop
      vertex -45.3 29.95 109.965
      vertex -45.3 23.95 116.358
      vertex -45.3 24.95 118.626
    endloop
  endfacet
  facet normal -1 0 0
    outer loop
      vertex -45.3 30.95 138.913
      vertex -45.3 28.95 138.913
      vertex -45.3 29.95 141.181
    endloop
  endfacet
  facet normal -1 0 0
    outer loop
      vertex -45.3 23.95 147.573
      vertex -45.3 29.95 141.181
      vertex -45.3 28.95 138.913
    endloop
  endfacet
  facet normal -1 0 0
    outer loop
      vertex -45.3 22.95 149.841
      vertex -45.3 24.95 149.841
      vertex -45.3 23.95 147.573
    endloop
  endfacet
  facet normal -1 0 0
    outer loop
      vertex -45.3 29.95 141.181
      vertex -45.3 23.95 147.573
      vertex -45.3 24.95 149.841
    endloop
  endfacet
  facet normal -0.83205 0 0.5547
    outer loop
      vertex -59.3 0 33
      vertex -45.3 6.5 54
      vertex -59.3 6.5 33
    endloop
  endfacet
  facet normal -0.83205 0 0.5547
    outer loop
      vertex -45.3 6.5 54
      vertex -59.3 0 33
      vertex -45.3 0 54
    endloop
  endfacet
  facet normal -1 0 0
    outer loop
      vertex -59.3 0 27
      vertex -59.3 6.5 33
      vertex -59.3 6.5 27
    endloop
  endfacet
  facet normal -1 -0 0
    outer loop
      vertex -59.3 6.5 33
      vertex -59.3 0 27
      vertex -59.3 0 33
    endloop
  endfacet
  facet normal -0.83205 0 -0.554701
    outer loop
      vertex -45.3 0 6.00002
      vertex -59.3 6.5 27
      vertex -45.3 6.5 6.00002
    endloop
  endfacet
  facet normal -0.83205 -0 -0.554701
    outer loop
      vertex -59.3 6.5 27
      vertex -45.3 0 6.00002
      vertex -59.3 0 27
    endloop
  endfacet
  facet normal 0 1 0
    outer loop
      vertex -45.3 6.5 173.5
      vertex -51.8355 6.5 154.227
      vertex -52.3 6.5 154.25
    endloop
  endfacet
  facet normal 0 1 0
    outer loop
      vertex -45.3 6.5 173.5
      vertex -51.8344 6.5 154.227
      vertex -51.8355 6.5 154.227
    endloop
  endfacet
  facet normal 0 1 0
    outer loop
      vertex -45.3 6.5 173.5
      vertex -51.3744 6.5 154.159
      vertex -51.8344 6.5 154.227
    endloop
  endfacet
  facet normal 0 1 0
    outer loop
      vertex -45.3 6.5 173.5
      vertex -51.3733 6.5 154.159
      vertex -51.3744 6.5 154.159
    endloop
  endfacet
  facet normal 0 1 0
    outer loop
      vertex -45.3 6.5 173.5
      vertex -51.3723 6.5 154.158
      vertex -51.3733 6.5 154.159
    endloop
  endfacet
  facet normal 0 1 0
    outer loop
      vertex -45.3 6.5 173.5
      vertex -50.9211 6.5 154.045
      vertex -51.3723 6.5 154.158
    endloop
  endfacet
  facet normal 0 1 0
    outer loop
      vertex -45.3 6.5 173.5
      vertex -50.4833 6.5 153.889
      vertex -50.9211 6.5 154.045
    endloop
  endfacet
  facet normal 0 1 0
    outer loop
      vertex -45.3 6.5 173.5
      vertex -50.4823 6.5 153.888
      vertex -50.4833 6.5 153.889
    endloop
  endfacet
  facet normal 0 1 0
    outer loop
      vertex -45.3 6.5 173.5
      vertex -50.4813 6.5 153.888
      vertex -50.4823 6.5 153.888
    endloop
  endfacet
  facet normal 0 1 0
    outer loop
      vertex -45.3 6.5 173.5
      vertex -50.0609 6.5 153.689
      vertex -50.4813 6.5 153.888
    endloop
  endfacet
  facet normal 0 1 0
    outer loop
      vertex -45.3 6.5 173.5
      vertex -49.662 6.5 153.45
      vertex -50.0609 6.5 153.689
    endloop
  endfacet
  facet normal 0 1 0
    outer loop
      vertex -45.3 6.5 173.5
      vertex -49.661 6.5 153.449
      vertex -49.662 6.5 153.45
    endloop
  endfacet
  facet normal 0 1 0
    outer loop
      vertex -45.3 6.5 173.5
      vertex -49.6602 6.5 153.449
      vertex -49.661 6.5 153.449
    endloop
  endfacet
  facet normal 0 1 0
    outer loop
      vertex -45.3 6.5 173.5
      vertex -49.2866 6.5 153.172
      vertex -49.6602 6.5 153.449
    endloop
  endfacet
  facet normal 0 1 0
    outer loop
      vertex -45.3 6.5 173.5
      vertex -49.2858 6.5 153.171
      vertex -49.2866 6.5 153.172
    endloop
  endfacet
  facet normal 0 1 0
    outer loop
      vertex -45.3 6.5 173.5
      vertex -48.9412 6.5 152.859
      vertex -49.2858 6.5 153.171
    endloop
  endfacet
  facet normal 0 1 0
    outer loop
      vertex -45.3 6.5 173.5
      vertex -48.6289 6.5 152.514
      vertex -48.9412 6.5 152.859
    endloop
  endfacet
  facet normal 0 1 0
    outer loop
      vertex -45.3 6.5 173.5
      vertex -48.6282 6.5 152.513
      vertex -48.6289 6.5 152.514
    endloop
  endfacet
  facet normal 0 1 0
    outer loop
      vertex -45.3 6.5 173.5
      vertex -48.6276 6.5 152.512
      vertex -48.6282 6.5 152.513
    endloop
  endfacet
  facet normal 0 1 0
    outer loop
      vertex -45.3 6.5 173.5
      vertex -48.3505 6.5 152.139
      vertex -48.6276 6.5 152.512
    endloop
  endfacet
  facet normal 0 1 0
    outer loop
      vertex -45.3 6.5 173.5
      vertex -48.35 6.5 152.138
      vertex -48.3505 6.5 152.139
    endloop
  endfacet
  facet normal 0 1 0
    outer loop
      vertex -45.3 6.5 173.5
      vertex -48.1109 6.5 151.739
      vertex -48.35 6.5 152.138
    endloop
  endfacet
  facet normal 0 1 0
    outer loop
      vertex -45.3 6.5 173.5
      vertex -47.912 6.5 151.319
      vertex -48.1109 6.5 151.739
    endloop
  endfacet
  facet normal 0 1 0
    outer loop
      vertex -45.3 6.5 173.5
      vertex -47.9116 6.5 151.318
      vertex -47.912 6.5 151.319
    endloop
  endfacet
  facet normal 0 1 0
    outer loop
      vertex -45.3 6.5 173.5
      vertex -47.7549 6.5 150.88
      vertex -47.9116 6.5 151.318
    endloop
  endfacet
  facet normal 0 1 0
    outer loop
      vertex -45.3 6.5 173.5
      vertex -47.7545 6.5 150.879
      vertex -47.7549 6.5 150.88
    endloop
  endfacet
  facet normal 0 1 0
    outer loop
      vertex -45.3 6.5 173.5
      vertex -47.6415 6.5 150.428
      vertex -47.7545 6.5 150.879
    endloop
  endfacet
  facet normal 0 1 0
    outer loop
      vertex -45.3 6.5 173.5
      vertex -47.6413 6.5 150.427
      vertex -47.6415 6.5 150.428
    endloop
  endfacet
  facet normal 0 1 0
    outer loop
      vertex -45.3 6.5 173.5
      vertex -47.6411 6.5 150.426
      vertex -47.6413 6.5 150.427
    endloop
  endfacet
  facet normal 0 1 0
    outer loop
      vertex -45.3 6.5 173.5
      vertex -47.5729 6.5 149.966
      vertex -47.6411 6.5 150.426
    endloop
  endfacet
  facet normal 0 1 0
    outer loop
      vertex -45.3 6.5 173.5
      vertex -47.5728 6.5 149.964
      vertex -47.5729 6.5 149.966
    endloop
  endfacet
  facet normal 0 1 0
    outer loop
      vertex -45.3 6.5 173.5
      vertex -47.55 6.5 149.5
      vertex -47.5728 6.5 149.964
    endloop
  endfacet
  facet normal 0 1 -0
    outer loop
      vertex -45.3 6.5 125.5
      vertex -47.55 6.5 149.5
      vertex -45.3 6.5 173.5
    endloop
  endfacet
  facet normal 0 1 0
    outer loop
      vertex -47.55 6.5 149.5
      vertex -45.3 6.5 125.5
      vertex -47.5728 6.5 149.036
    endloop
  endfacet
  facet normal 0 1 0
    outer loop
      vertex -47.7545 6.5 148.121
      vertex -47.9116 6.5 147.682
      vertex -47.7549 6.5 148.12
    endloop
  endfacet
  facet normal 0 -1 0
    outer loop
      vertex -47.9116 6.5 147.682
      vertex -48.1109 6.5 147.261
      vertex -47.912 6.5 147.681
    endloop
  endfacet
  facet normal 0 1 0
    outer loop
      vertex -45.3 6.5 125.5
      vertex -48.35 6.5 146.862
      vertex -48.1109 6.5 147.261
    endloop
  endfacet
  facet normal 0 1 0
    outer loop
      vertex -45.3 6.5 125.5
      vertex -49.2858 6.5 145.829
      vertex -48.9412 6.5 146.141
    endloop
  endfacet
  facet normal 0 1 0
    outer loop
      vertex -45.3 6.5 125.5
      vertex -51.3723 6.5 144.842
      vertex -50.9211 6.5 144.955
    endloop
  endfacet
  facet normal 0 1 0
    outer loop
      vertex -45.3 6.5 125.5
      vertex -51.3744 6.5 144.841
      vertex -51.3733 6.5 144.841
    endloop
  endfacet
  facet normal 0 1 0
    outer loop
      vertex -52.2989 6.5 144.75
      vertex -45.3 6.5 125.5
      vertex -52.3 6.5 144.75
    endloop
  endfacet
  facet normal 0 1 0
    outer loop
      vertex -51.8344 6.5 144.773
      vertex -45.3 6.5 125.5
      vertex -52.2989 6.5 144.75
    endloop
  endfacet
  facet normal 0 1 0
    outer loop
      vertex -51.3744 6.5 144.841
      vertex -45.3 6.5 125.5
      vertex -51.8344 6.5 144.773
    endloop
  endfacet
  facet normal 0 1 0
    outer loop
      vertex -51.3723 6.5 144.842
      vertex -45.3 6.5 125.5
      vertex -51.3733 6.5 144.841
    endloop
  endfacet
  facet normal 0 1 0
    outer loop
      vertex -50.4833 6.5 145.111
      vertex -45.3 6.5 125.5
      vertex -50.9211 6.5 144.955
    endloop
  endfacet
  facet normal 0 1 0
    outer loop
      vertex -50.4823 6.5 145.112
      vertex -45.3 6.5 125.5
      vertex -50.4833 6.5 145.111
    endloop
  endfacet
  facet normal 0 1 0
    outer loop
      vertex -50.4813 6.5 145.112
      vertex -45.3 6.5 125.5
      vertex -50.4823 6.5 145.112
    endloop
  endfacet
  facet normal 0 1 0
    outer loop
      vertex -50.0609 6.5 145.311
      vertex -45.3 6.5 125.5
      vertex -50.4813 6.5 145.112
    endloop
  endfacet
  facet normal 0 1 0
    outer loop
      vertex -49.662 6.5 145.55
      vertex -45.3 6.5 125.5
      vertex -50.0609 6.5 145.311
    endloop
  endfacet
  facet normal 0 1 0
    outer loop
      vertex -49.661 6.5 145.551
      vertex -45.3 6.5 125.5
      vertex -49.662 6.5 145.55
    endloop
  endfacet
  facet normal 0 1 0
    outer loop
      vertex -49.6602 6.5 145.551
      vertex -45.3 6.5 125.5
      vertex -49.661 6.5 145.551
    endloop
  endfacet
  facet normal 0 1 0
    outer loop
      vertex -49.2866 6.5 145.828
      vertex -45.3 6.5 125.5
      vertex -49.6602 6.5 145.551
    endloop
  endfacet
  facet normal 0 1 0
    outer loop
      vertex -49.2858 6.5 145.829
      vertex -45.3 6.5 125.5
      vertex -49.2866 6.5 145.828
    endloop
  endfacet
  facet normal 0 1 0
    outer loop
      vertex -48.6289 6.5 146.486
      vertex -45.3 6.5 125.5
      vertex -48.9412 6.5 146.141
    endloop
  endfacet
  facet normal 0 1 0
    outer loop
      vertex -48.6282 6.5 146.487
      vertex -45.3 6.5 125.5
      vertex -48.6289 6.5 146.486
    endloop
  endfacet
  facet normal 0 1 0
    outer loop
      vertex -48.6276 6.5 146.488
      vertex -45.3 6.5 125.5
      vertex -48.6282 6.5 146.487
    endloop
  endfacet
  facet normal 0 1 0
    outer loop
      vertex -48.3505 6.5 146.861
      vertex -45.3 6.5 125.5
      vertex -48.6276 6.5 146.488
    endloop
  endfacet
  facet normal 0 1 0
    outer loop
      vertex -48.35 6.5 146.862
      vertex -45.3 6.5 125.5
      vertex -48.3505 6.5 146.861
    endloop
  endfacet
  facet normal 0 1 0
    outer loop
      vertex -47.9116 6.5 147.682
      vertex -45.3 6.5 125.5
      vertex -48.1109 6.5 147.261
    endloop
  endfacet
  facet normal 0 1 0
    outer loop
      vertex -47.7545 6.5 148.121
      vertex -45.3 6.5 125.5
      vertex -47.9116 6.5 147.682
    endloop
  endfacet
  facet normal 0 1 0
    outer loop
      vertex -47.6415 6.5 148.572
      vertex -45.3 6.5 125.5
      vertex -47.7545 6.5 148.121
    endloop
  endfacet
  facet normal 0 1 0
    outer loop
      vertex -47.6413 6.5 148.573
      vertex -45.3 6.5 125.5
      vertex -47.6415 6.5 148.572
    endloop
  endfacet
  facet normal 0 1 0
    outer loop
      vertex -47.6411 6.5 148.574
      vertex -45.3 6.5 125.5
      vertex -47.6413 6.5 148.573
    endloop
  endfacet
  facet normal 0 1 0
    outer loop
      vertex -47.5729 6.5 149.034
      vertex -45.3 6.5 125.5
      vertex -47.6411 6.5 148.574
    endloop
  endfacet
  facet normal 0 1 0
    outer loop
      vertex -47.5728 6.5 149.036
      vertex -45.3 6.5 125.5
      vertex -47.5729 6.5 149.034
    endloop
  endfacet
  facet normal 0 1 0
    outer loop
      vertex -52.7645 6.5 154.227
      vertex -45.3 6.5 173.5
      vertex -52.3 6.5 154.25
    endloop
  endfacet
  facet normal 0 1 0
    outer loop
      vertex -52.7656 6.5 154.227
      vertex -45.3 6.5 173.5
      vertex -52.7645 6.5 154.227
    endloop
  endfacet
  facet normal 0 1 0
    outer loop
      vertex -53.2256 6.5 154.159
      vertex -45.3 6.5 173.5
      vertex -52.7656 6.5 154.227
    endloop
  endfacet
  facet normal 0 1 0
    outer loop
      vertex -53.2267 6.5 154.159
      vertex -45.3 6.5 173.5
      vertex -53.2256 6.5 154.159
    endloop
  endfacet
  facet normal 0 1 0
    outer loop
      vertex -53.6778 6.5 154.046
      vertex -45.3 6.5 173.5
      vertex -53.2267 6.5 154.159
    endloop
  endfacet
  facet normal 0 1 0
    outer loop
      vertex -53.6789 6.5 154.045
      vertex -45.3 6.5 173.5
      vertex -53.6778 6.5 154.046
    endloop
  endfacet
  facet normal 0 1 0
    outer loop
      vertex -53.6799 6.5 154.045
      vertex -45.3 6.5 173.5
      vertex -53.6789 6.5 154.045
    endloop
  endfacet
  facet normal 0 1 0
    outer loop
      vertex -54.1177 6.5 153.888
      vertex -45.3 6.5 173.5
      vertex -53.6799 6.5 154.045
    endloop
  endfacet
  facet normal 0 1 0
    outer loop
      vertex -54.1187 6.5 153.888
      vertex -45.3 6.5 173.5
      vertex -54.1177 6.5 153.888
    endloop
  endfacet
  facet normal 0 1 0
    outer loop
      vertex -59.3 6.5 152.5
      vertex -54.1187 6.5 153.888
      vertex -54.5391 6.5 153.689
    endloop
  endfacet
  facet normal 0 1 0
    outer loop
      vertex -59.3 6.5 152.5
      vertex -54.5391 6.5 153.689
      vertex -54.938 6.5 153.45
    endloop
  endfacet
  facet normal 0 1 0
    outer loop
      vertex -59.3 6.5 152.5
      vertex -54.938 6.5 153.45
      vertex -54.939 6.5 153.449
    endloop
  endfacet
  facet normal 0 -1 0
    outer loop
      vertex -59.3 6.5 152.5
      vertex -54.939 6.5 153.449
      vertex -54.9398 6.5 153.449
    endloop
  endfacet
  facet normal 0 1 0
    outer loop
      vertex -59.3 6.5 152.5
      vertex -54.9398 6.5 153.449
      vertex -55.3134 6.5 153.172
    endloop
  endfacet
  facet normal 0 1 0
    outer loop
      vertex -59.3 6.5 152.5
      vertex -55.3134 6.5 153.172
      vertex -55.3142 6.5 153.171
    endloop
  endfacet
  facet normal 0 1 0
    outer loop
      vertex -59.3 6.5 152.5
      vertex -55.3142 6.5 153.171
      vertex -55.6588 6.5 152.859
    endloop
  endfacet
  facet normal 0 1 0
    outer loop
      vertex -59.3 6.5 152.5
      vertex -55.6588 6.5 152.859
      vertex -55.9711 6.5 152.514
    endloop
  endfacet
  facet normal 0 1 0
    outer loop
      vertex -59.3 6.5 152.5
      vertex -55.9711 6.5 152.514
      vertex -55.9718 6.5 152.513
    endloop
  endfacet
  facet normal 0 1 0
    outer loop
      vertex -59.3 6.5 152.5
      vertex -55.9718 6.5 152.513
      vertex -55.9724 6.5 152.512
    endloop
  endfacet
  facet normal 0 1 -0
    outer loop
      vertex -54.1187 6.5 153.888
      vertex -59.3 6.5 152.5
      vertex -45.3 6.5 173.5
    endloop
  endfacet
  facet normal 0 1 -0
    outer loop
      vertex -56.2495 6.5 152.139
      vertex -59.3 6.5 152.5
      vertex -55.9724 6.5 152.512
    endloop
  endfacet
  facet normal 0 1 -0
    outer loop
      vertex -56.25 6.5 152.138
      vertex -59.3 6.5 152.5
      vertex -56.2495 6.5 152.139
    endloop
  endfacet
  facet normal 0 1 -0
    outer loop
      vertex -56.4891 6.5 151.739
      vertex -59.3 6.5 152.5
      vertex -56.25 6.5 152.138
    endloop
  endfacet
  facet normal 0 1 -0
    outer loop
      vertex -56.688 6.5 151.319
      vertex -59.3 6.5 152.5
      vertex -56.4891 6.5 151.739
    endloop
  endfacet
  facet normal 0 1 -0
    outer loop
      vertex -56.6884 6.5 151.318
      vertex -59.3 6.5 152.5
      vertex -56.688 6.5 151.319
    endloop
  endfacet
  facet normal 0 1 -0
    outer loop
      vertex -56.8451 6.5 150.88
      vertex -59.3 6.5 152.5
      vertex -56.6884 6.5 151.318
    endloop
  endfacet
  facet normal 0 1 -0
    outer loop
      vertex -56.8455 6.5 150.879
      vertex -59.3 6.5 152.5
      vertex -56.8451 6.5 150.88
    endloop
  endfacet
  facet normal 0 1 -0
    outer loop
      vertex -56.8457 6.5 150.878
      vertex -59.3 6.5 152.5
      vertex -56.8455 6.5 150.879
    endloop
  endfacet
  facet normal 0 1 -0
    outer loop
      vertex -56.9587 6.5 150.427
      vertex -59.3 6.5 152.5
      vertex -56.8457 6.5 150.878
    endloop
  endfacet
  facet normal 0 1 -0
    outer loop
      vertex -57.027 6.5 149.967
      vertex -59.3 6.5 152.5
      vertex -56.9587 6.5 150.427
    endloop
  endfacet
  facet normal 0 1 -0
    outer loop
      vertex -57.0271 6.5 149.966
      vertex -59.3 6.5 152.5
      vertex -57.027 6.5 149.967
    endloop
  endfacet
  facet normal 0 1 -0
    outer loop
      vertex -57.0272 6.5 149.964
      vertex -59.3 6.5 152.5
      vertex -57.0271 6.5 149.966
    endloop
  endfacet
  facet normal 0 1 -0
    outer loop
      vertex -57.05 6.5 149.5
      vertex -59.3 6.5 152.5
      vertex -57.0272 6.5 149.964
    endloop
  endfacet
  facet normal 0 1 0
    outer loop
      vertex -59.3 6.5 146.5
      vertex -57.05 6.5 149.5
      vertex -57.0272 6.5 149.036
    endloop
  endfacet
  facet normal 0 1 0
    outer loop
      vertex -59.3 6.5 146.5
      vertex -57.0272 6.5 149.036
      vertex -57.0271 6.5 149.034
    endloop
  endfacet
  facet normal 0 1 0
    outer loop
      vertex -59.3 6.5 146.5
      vertex -57.0271 6.5 149.034
      vertex -57.027 6.5 149.033
    endloop
  endfacet
  facet normal 0 1 0
    outer loop
      vertex -59.3 6.5 146.5
      vertex -57.027 6.5 149.033
      vertex -56.9587 6.5 148.573
    endloop
  endfacet
  facet normal 0 1 0
    outer loop
      vertex -59.3 6.5 146.5
      vertex -56.9587 6.5 148.573
      vertex -56.8457 6.5 148.122
    endloop
  endfacet
  facet normal 0 1 0
    outer loop
      vertex -59.3 6.5 146.5
      vertex -56.8457 6.5 148.122
      vertex -56.8455 6.5 148.121
    endloop
  endfacet
  facet normal 0 1 0
    outer loop
      vertex -59.3 6.5 146.5
      vertex -56.8455 6.5 148.121
      vertex -56.8451 6.5 148.12
    endloop
  endfacet
  facet normal 0 1 0
    outer loop
      vertex -59.3 6.5 146.5
      vertex -56.8451 6.5 148.12
      vertex -56.6884 6.5 147.682
    endloop
  endfacet
  facet normal 0 1 0
    outer loop
      vertex -59.3 6.5 146.5
      vertex -56.6884 6.5 147.682
      vertex -56.688 6.5 147.681
    endloop
  endfacet
  facet normal 0 1 0
    outer loop
      vertex -59.3 6.5 146.5
      vertex -56.688 6.5 147.681
      vertex -56.4891 6.5 147.261
    endloop
  endfacet
  facet normal 0 1 0
    outer loop
      vertex -59.3 6.5 146.5
      vertex -56.25 6.5 146.862
      vertex -56.2495 6.5 146.861
    endloop
  endfacet
  facet normal 0 1 0
    outer loop
      vertex -57.05 6.5 149.5
      vertex -59.3 6.5 146.5
      vertex -59.3 6.5 152.5
    endloop
  endfacet
  facet normal 0 1 0
    outer loop
      vertex -56.25 6.5 146.862
      vertex -59.3 6.5 146.5
      vertex -56.4891 6.5 147.261
    endloop
  endfacet
  facet normal 0 1 0
    outer loop
      vertex -55.9724 6.5 146.488
      vertex -59.3 6.5 146.5
      vertex -56.2495 6.5 146.861
    endloop
  endfacet
  facet normal 0 1 0
    outer loop
      vertex -55.9718 6.5 146.487
      vertex -59.3 6.5 146.5
      vertex -55.9724 6.5 146.488
    endloop
  endfacet
  facet normal 0 1 0
    outer loop
      vertex -55.9711 6.5 146.486
      vertex -59.3 6.5 146.5
      vertex -55.9718 6.5 146.487
    endloop
  endfacet
  facet normal 0 1 0
    outer loop
      vertex -55.6588 6.5 146.141
      vertex -59.3 6.5 146.5
      vertex -55.9711 6.5 146.486
    endloop
  endfacet
  facet normal 0 1 0
    outer loop
      vertex -55.3142 6.5 145.829
      vertex -59.3 6.5 146.5
      vertex -55.6588 6.5 146.141
    endloop
  endfacet
  facet normal 0 1 0
    outer loop
      vertex -55.3134 6.5 145.828
      vertex -59.3 6.5 146.5
      vertex -55.3142 6.5 145.829
    endloop
  endfacet
  facet normal 0 1 0
    outer loop
      vertex -54.9398 6.5 145.551
      vertex -59.3 6.5 146.5
      vertex -55.3134 6.5 145.828
    endloop
  endfacet
  facet normal 0 -1 0
    outer loop
      vertex -54.939 6.5 145.551
      vertex -59.3 6.5 146.5
      vertex -54.9398 6.5 145.551
    endloop
  endfacet
  facet normal 0 1 0
    outer loop
      vertex -54.938 6.5 145.55
      vertex -59.3 6.5 146.5
      vertex -54.939 6.5 145.551
    endloop
  endfacet
  facet normal 0 1 0
    outer loop
      vertex -54.5391 6.5 145.311
      vertex -59.3 6.5 146.5
      vertex -54.938 6.5 145.55
    endloop
  endfacet
  facet normal 0 1 0
    outer loop
      vertex -54.1187 6.5 145.112
      vertex -59.3 6.5 146.5
      vertex -54.5391 6.5 145.311
    endloop
  endfacet
  facet normal 0 -1 0
    outer loop
      vertex -54.1177 6.5 145.112
      vertex -59.3 6.5 146.5
      vertex -54.1187 6.5 145.112
    endloop
  endfacet
  facet normal 0 1 0
    outer loop
      vertex -45.3 6.5 125.5
      vertex -54.1177 6.5 145.112
      vertex -53.6799 6.5 144.955
    endloop
  endfacet
  facet normal 0 1 0
    outer loop
      vertex -45.3 6.5 125.5
      vertex -53.6799 6.5 144.955
      vertex -53.6789 6.5 144.955
    endloop
  endfacet
  facet normal 0 1 0
    outer loop
      vertex -45.3 6.5 125.5
      vertex -53.6778 6.5 144.954
      vertex -53.2267 6.5 144.841
    endloop
  endfacet
  facet normal 0 1 0
    outer loop
      vertex -45.3 6.5 125.5
      vertex -53.2256 6.5 144.841
      vertex -52.7656 6.5 144.773
    endloop
  endfacet
  facet normal 0 1 0
    outer loop
      vertex -54.1177 6.5 145.112
      vertex -45.3 6.5 125.5
      vertex -59.3 6.5 146.5
    endloop
  endfacet
  facet normal 0 1 0
    outer loop
      vertex -53.6778 6.5 144.954
      vertex -45.3 6.5 125.5
      vertex -53.6789 6.5 144.955
    endloop
  endfacet
  facet normal 0 1 0
    outer loop
      vertex -53.2256 6.5 144.841
      vertex -45.3 6.5 125.5
      vertex -53.2267 6.5 144.841
    endloop
  endfacet
  facet normal 0 1 0
    outer loop
      vertex -52.3011 6.5 144.75
      vertex -45.3 6.5 125.5
      vertex -52.7656 6.5 144.773
    endloop
  endfacet
  facet normal 0 1 0
    outer loop
      vertex -45.3 6.5 125.5
      vertex -52.3011 6.5 144.75
      vertex -52.3 6.5 144.75
    endloop
  endfacet
  facet normal -0.83205 0 0.5547
    outer loop
      vertex -59.3 0 152.5
      vertex -45.3 6.5 173.5
      vertex -59.3 6.5 152.5
    endloop
  endfacet
  facet normal -0.83205 0 0.5547
    outer loop
      vertex -45.3 6.5 173.5
      vertex -59.3 0 152.5
      vertex -45.3 0 173.5
    endloop
  endfacet
  facet normal -1 0 0
    outer loop
      vertex -59.3 0 146.5
      vertex -59.3 6.5 152.5
      vertex -59.3 6.5 146.5
    endloop
  endfacet
  facet normal -1 -0 0
    outer loop
      vertex -59.3 6.5 152.5
      vertex -59.3 0 146.5
      vertex -59.3 0 152.5
    endloop
  endfacet
  facet normal -0.83205 0 -0.5547
    outer loop
      vertex -45.3 0 125.5
      vertex -59.3 6.5 146.5
      vertex -45.3 6.5 125.5
    endloop
  endfacet
  facet normal -0.83205 -0 -0.5547
    outer loop
      vertex -59.3 6.5 146.5
      vertex -45.3 0 125.5
      vertex -59.3 0 146.5
    endloop
  endfacet
  facet normal 1 -0 0
    outer loop
      vertex -42.3 41.95 47.5346
      vertex -42.3 46.95 29.659
      vertex -42.3 46.95 56.1949
    endloop
  endfacet
  facet normal 1 0 0
    outer loop
      vertex -42.3 41.95 47.5346
      vertex -42.3 41.95 38.3192
      vertex -42.3 46.95 29.659
    endloop
  endfacet
  facet normal 1 0 0
    outer loop
      vertex -42.3 41.95 47.5346
      vertex -42.3 40.95 45.2666
      vertex -42.3 41.95 38.3192
    endloop
  endfacet
  facet normal 1 -0 0
    outer loop
      vertex -42.3 35.95 53.9269
      vertex -42.3 41.95 47.5346
      vertex -42.3 36.95 56.1949
    endloop
  endfacet
  facet normal 1 0 0
    outer loop
      vertex -42.3 41.95 47.5346
      vertex -42.3 35.95 53.9269
      vertex -42.3 40.95 45.2666
    endloop
  endfacet
  facet normal 1 0 0
    outer loop
      vertex -42.3 36.95 60.8743
      vertex -42.3 34.95 60.8743
      vertex -42.3 36.95 56.1949
    endloop
  endfacet
  facet normal 1 0 0
    outer loop
      vertex -42.3 34.95 56.1949
      vertex -42.3 36.95 56.1949
      vertex -42.3 34.95 60.8743
    endloop
  endfacet
  facet normal 1 -0 0
    outer loop
      vertex -42.3 29.95 69.5346
      vertex -42.3 35.95 63.1423
      vertex -42.3 30.95 71.8026
    endloop
  endfacet
  facet normal 1 0 0
    outer loop
      vertex -42.3 35.95 63.1423
      vertex -42.3 29.95 69.5346
      vertex -42.3 34.95 60.8743
    endloop
  endfacet
  facet normal 1 0 0
    outer loop
      vertex -42.3 30.95 76.482
      vertex -42.3 28.95 76.482
      vertex -42.3 30.95 71.8026
    endloop
  endfacet
  facet normal 1 0 0
    outer loop
      vertex -42.3 28.95 71.8026
      vertex -42.3 30.95 71.8026
      vertex -42.3 28.95 76.482
    endloop
  endfacet
  facet normal 1 -0 0
    outer loop
      vertex -42.3 23.95 85.1423
      vertex -42.3 29.95 78.75
      vertex -42.3 24.95 87.4103
    endloop
  endfacet
  facet normal 1 0 0
    outer loop
      vertex -42.3 29.95 78.75
      vertex -42.3 23.95 85.1423
      vertex -42.3 28.95 76.482
    endloop
  endfacet
  facet normal 1 0 0
    outer loop
      vertex -42.3 24.95 92.0897
      vertex -42.3 22.95 92.0897
      vertex -42.3 24.95 87.4103
    endloop
  endfacet
  facet normal 1 0 0
    outer loop
      vertex -42.3 22.95 87.4103
      vertex -42.3 24.95 87.4103
      vertex -42.3 22.95 92.0897
    endloop
  endfacet
  facet normal 1 -0 0
    outer loop
      vertex -42.3 17.95 100.75
      vertex -42.3 23.95 94.3577
      vertex -42.3 18.95 103.018
    endloop
  endfacet
  facet normal 1 0 0
    outer loop
      vertex -42.3 23.95 94.3577
      vertex -42.3 17.95 100.75
      vertex -42.3 22.95 92.0897
    endloop
  endfacet
  facet normal 1 0 0
    outer loop
      vertex -42.3 17.95 109.965
      vertex -42.3 17.95 100.75
      vertex -42.3 18.95 103.018
    endloop
  endfacet
  facet normal 1 0 0
    outer loop
      vertex -42.3 12.95 118.626
      vertex -42.3 17.95 100.75
      vertex -42.3 17.95 109.965
    endloop
  endfacet
  facet normal 1 0 0
    outer loop
      vertex -42.3 17.95 100.75
      vertex -42.3 12.95 118.626
      vertex -42.3 12.95 92.0897
    endloop
  endfacet
  facet normal 1 -0 0
    outer loop
      vertex -42.3 41.95 78.75
      vertex -42.3 46.95 60.8743
      vertex -42.3 46.95 87.4103
    endloop
  endfacet
  facet normal 1 0 0
    outer loop
      vertex -42.3 41.95 78.75
      vertex -42.3 41.95 69.5346
      vertex -42.3 46.95 60.8743
    endloop
  endfacet
  facet normal 1 0 0
    outer loop
      vertex -42.3 41.95 78.75
      vertex -42.3 40.95 76.482
      vertex -42.3 41.95 69.5346
    endloop
  endfacet
  facet normal 1 -0 0
    outer loop
      vertex -42.3 35.95 85.1423
      vertex -42.3 41.95 78.75
      vertex -42.3 36.95 87.4103
    endloop
  endfacet
  facet normal 1 0 0
    outer loop
      vertex -42.3 41.95 78.75
      vertex -42.3 35.95 85.1423
      vertex -42.3 40.95 76.482
    endloop
  endfacet
  facet normal 1 0 0
    outer loop
      vertex -42.3 36.95 92.0897
      vertex -42.3 34.95 92.0897
      vertex -42.3 36.95 87.4103
    endloop
  endfacet
  facet normal 1 0 0
    outer loop
      vertex -42.3 34.95 87.4103
      vertex -42.3 36.95 87.4103
      vertex -42.3 34.95 92.0897
    endloop
  endfacet
  facet normal 1 -0 0
    outer loop
      vertex -42.3 29.95 100.75
      vertex -42.3 35.95 94.3577
      vertex -42.3 30.95 103.018
    endloop
  endfacet
  facet normal 1 0 0
    outer loop
      vertex -42.3 35.95 94.3577
      vertex -42.3 29.95 100.75
      vertex -42.3 34.95 92.0897
    endloop
  endfacet
  facet normal 1 0 0
    outer loop
      vertex -42.3 30.95 107.697
      vertex -42.3 28.95 107.697
      vertex -42.3 30.95 103.018
    endloop
  endfacet
  facet normal 1 0 0
    outer loop
      vertex -42.3 28.95 103.018
      vertex -42.3 30.95 103.018
      vertex -42.3 28.95 107.697
    endloop
  endfacet
  facet normal 1 -0 0
    outer loop
      vertex -42.3 23.95 116.358
      vertex -42.3 29.95 109.965
      vertex -42.3 24.95 118.626
    endloop
  endfacet
  facet normal 1 0 0
    outer loop
      vertex -42.3 29.95 109.965
      vertex -42.3 23.95 116.358
      vertex -42.3 28.95 107.697
    endloop
  endfacet
  facet normal 1 0 0
    outer loop
      vertex -42.3 24.95 123.305
      vertex -42.3 22.95 123.305
      vertex -42.3 24.95 118.626
    endloop
  endfacet
  facet normal 1 0 0
    outer loop
      vertex -42.3 22.95 118.626
      vertex -42.3 24.95 118.626
      vertex -42.3 22.95 123.305
    endloop
  endfacet
  facet normal 1 -0 0
    outer loop
      vertex -42.3 17.95 131.965
      vertex -42.3 23.95 125.573
      vertex -42.3 18.95 134.233
    endloop
  endfacet
  facet normal 1 0 0
    outer loop
      vertex -42.3 23.95 125.573
      vertex -42.3 17.95 131.965
      vertex -42.3 22.95 123.305
    endloop
  endfacet
  facet normal 1 0 0
    outer loop
      vertex -42.3 17.95 141.181
      vertex -42.3 17.95 131.965
      vertex -42.3 18.95 134.233
    endloop
  endfacet
  facet normal 1 0 0
    outer loop
      vertex -42.3 12.95 149.841
      vertex -42.3 17.95 131.965
      vertex -42.3 17.95 141.181
    endloop
  endfacet
  facet normal 1 0 0
    outer loop
      vertex -42.3 17.95 131.965
      vertex -42.3 12.95 149.841
      vertex -42.3 12.95 123.305
    endloop
  endfacet
  facet normal 1 -0 0
    outer loop
      vertex -42.3 41.95 109.965
      vertex -42.3 46.95 92.0897
      vertex -42.3 46.95 118.626
    endloop
  endfacet
  facet normal 1 0 0
    outer loop
      vertex -42.3 41.95 109.965
      vertex -42.3 41.95 100.75
      vertex -42.3 46.95 92.0897
    endloop
  endfacet
  facet normal 1 0 0
    outer loop
      vertex -42.3 41.95 109.965
      vertex -42.3 40.95 107.697
      vertex -42.3 41.95 100.75
    endloop
  endfacet
  facet normal 1 -0 0
    outer loop
      vertex -42.3 35.95 116.358
      vertex -42.3 41.95 109.965
      vertex -42.3 36.95 118.626
    endloop
  endfacet
  facet normal 1 0 0
    outer loop
      vertex -42.3 41.95 109.965
      vertex -42.3 35.95 116.358
      vertex -42.3 40.95 107.697
    endloop
  endfacet
  facet normal 1 0 0
    outer loop
      vertex -42.3 36.95 123.305
      vertex -42.3 34.95 123.305
      vertex -42.3 36.95 118.626
    endloop
  endfacet
  facet normal 1 0 0
    outer loop
      vertex -42.3 34.95 118.626
      vertex -42.3 36.95 118.626
      vertex -42.3 34.95 123.305
    endloop
  endfacet
  facet normal 1 -0 0
    outer loop
      vertex -42.3 29.95 131.965
      vertex -42.3 35.95 125.573
      vertex -42.3 30.95 134.233
    endloop
  endfacet
  facet normal 1 0 0
    outer loop
      vertex -42.3 35.95 125.573
      vertex -42.3 29.95 131.965
      vertex -42.3 34.95 123.305
    endloop
  endfacet
  facet normal 1 0 0
    outer loop
      vertex -42.3 30.95 138.913
      vertex -42.3 28.95 138.913
      vertex -42.3 30.95 134.233
    endloop
  endfacet
  facet normal 1 0 0
    outer loop
      vertex -42.3 28.95 134.233
      vertex -42.3 30.95 134.233
      vertex -42.3 28.95 138.913
    endloop
  endfacet
  facet normal 1 -0 0
    outer loop
      vertex -42.3 23.95 147.573
      vertex -42.3 29.95 141.181
      vertex -42.3 24.95 149.841
    endloop
  endfacet
  facet normal 1 0 0
    outer loop
      vertex -42.3 29.95 141.181
      vertex -42.3 23.95 147.573
      vertex -42.3 28.95 138.913
    endloop
  endfacet
  facet normal 1 -0 0
    outer loop
      vertex -42.3 41.95 141.181
      vertex -42.3 46.95 123.305
      vertex -42.3 46.95 149.841
    endloop
  endfacet
  facet normal 1 0 0
    outer loop
      vertex -42.3 41.95 141.181
      vertex -42.3 41.95 131.965
      vertex -42.3 46.95 123.305
    endloop
  endfacet
  facet normal 1 0 0
    outer loop
      vertex -42.3 41.95 141.181
      vertex -42.3 40.95 138.913
      vertex -42.3 41.95 131.965
    endloop
  endfacet
  facet normal 1 -0 0
    outer loop
      vertex -42.3 35.95 147.573
      vertex -42.3 41.95 141.181
      vertex -42.3 36.95 149.841
    endloop
  endfacet
  facet normal 1 0 0
    outer loop
      vertex -42.3 41.95 141.181
      vertex -42.3 35.95 147.573
      vertex -42.3 40.95 138.913
    endloop
  endfacet
  facet normal 1 0 0
    outer loop
      vertex -42.3 46.95 149.841
      vertex -42.3 56.9 178
      vertex -42.3 46.95 154.52
    endloop
  endfacet
  facet normal 1 0 0
    outer loop
      vertex -42.3 56.9 178
      vertex -42.3 41.95 163.181
      vertex -42.3 46.95 154.52
    endloop
  endfacet
  facet normal 1 0 0
    outer loop
      vertex -42.3 34.95 149.841
      vertex -42.3 36.95 149.841
      vertex -42.3 36.95 154.52
    endloop
  endfacet
  facet normal 1 0 0
    outer loop
      vertex -42.3 34.95 149.841
      vertex -42.3 36.95 154.52
      vertex -42.3 34.95 154.52
    endloop
  endfacet
  facet normal 1 0 0
    outer loop
      vertex -42.3 41.95 163.181
      vertex -42.3 34.95 154.52
      vertex -42.3 36.95 154.52
    endloop
  endfacet
  facet normal 1 0 0
    outer loop
      vertex -42.3 41.95 163.181
      vertex -42.3 29.95 163.181
      vertex -42.3 34.95 154.52
    endloop
  endfacet
  facet normal 1 0 0
    outer loop
      vertex -42.3 56.9 178
      vertex -42.3 29.95 163.181
      vertex -42.3 41.95 163.181
    endloop
  endfacet
  facet normal 1 0 0
    outer loop
      vertex -42.3 22.95 149.841
      vertex -42.3 24.95 149.841
      vertex -42.3 24.95 154.52
    endloop
  endfacet
  facet normal 1 0 0
    outer loop
      vertex -42.3 22.95 149.841
      vertex -42.3 24.95 154.52
      vertex -42.3 22.95 154.52
    endloop
  endfacet
  facet normal 1 0 0
    outer loop
      vertex -42.3 29.95 163.181
      vertex -42.3 22.95 154.52
      vertex -42.3 24.95 154.52
    endloop
  endfacet
  facet normal 1 0 0
    outer loop
      vertex -42.3 29.95 163.181
      vertex -42.3 17.95 163.181
      vertex -42.3 22.95 154.52
    endloop
  endfacet
  facet normal 1 -0 0
    outer loop
      vertex -42.3 3 178
      vertex -42.3 29.95 163.181
      vertex -42.3 56.9 178
    endloop
  endfacet
  facet normal 1 0 0
    outer loop
      vertex -42.3 3 178
      vertex -42.3 12.95 149.841
      vertex -42.3 12.95 154.52
    endloop
  endfacet
  facet normal 1 0 0
    outer loop
      vertex -42.3 12.95 149.841
      vertex -42.3 3 178
      vertex -42.3 12.95 123.305
    endloop
  endfacet
  facet normal 1 0 0
    outer loop
      vertex -42.3 12.95 123.305
      vertex -42.3 3 178
      vertex -42.3 12.95 118.626
    endloop
  endfacet
  facet normal 1 0 0
    outer loop
      vertex -42.3 12.95 118.626
      vertex -42.3 3 178
      vertex -42.3 12.95 92.0897
    endloop
  endfacet
  facet normal 1 0 0
    outer loop
      vertex -42.3 12.95 92.0897
      vertex -42.3 3 178
      vertex -42.3 12.95 87.4103
    endloop
  endfacet
  facet normal 1 0 0
    outer loop
      vertex -42.3 3 3.5
      vertex -42.3 12.95 87.4103
      vertex -42.3 3 178
    endloop
  endfacet
  facet normal 1 0 0
    outer loop
      vertex -42.3 12.95 87.4103
      vertex -42.3 3 3.5
      vertex -42.3 12.95 60.8743
    endloop
  endfacet
  facet normal 1 0 0
    outer loop
      vertex -42.3 12.95 60.8743
      vertex -42.3 3 3.5
      vertex -42.3 12.95 56.1949
    endloop
  endfacet
  facet normal 1 0 0
    outer loop
      vertex -42.3 12.95 56.1949
      vertex -42.3 3 3.5
      vertex -42.3 12.95 29.659
    endloop
  endfacet
  facet normal 1 0 0
    outer loop
      vertex -42.3 17.95 163.181
      vertex -42.3 3 178
      vertex -42.3 12.95 154.52
    endloop
  endfacet
  facet normal 1 0 0
    outer loop
      vertex -42.3 29.95 163.181
      vertex -42.3 3 178
      vertex -42.3 17.95 163.181
    endloop
  endfacet
  facet normal 1 0 0
    outer loop
      vertex -42.3 46.95 123.305
      vertex -42.3 56.9 178
      vertex -42.3 46.95 149.841
    endloop
  endfacet
  facet normal 1 0 0
    outer loop
      vertex -42.3 46.95 118.626
      vertex -42.3 56.9 178
      vertex -42.3 46.95 123.305
    endloop
  endfacet
  facet normal 1 0 0
    outer loop
      vertex -42.3 46.95 92.0897
      vertex -42.3 56.9 178
      vertex -42.3 46.95 118.626
    endloop
  endfacet
  facet normal 1 0 0
    outer loop
      vertex -42.3 56.9 178
      vertex -42.3 46.95 92.0897
      vertex -42.3 56.9 3.5
    endloop
  endfacet
  facet normal 1 -0 0
    outer loop
      vertex -42.3 46.95 87.4103
      vertex -42.3 56.9 3.5
      vertex -42.3 46.95 92.0897
    endloop
  endfacet
  facet normal 1 -0 0
    outer loop
      vertex -42.3 46.95 60.8743
      vertex -42.3 56.9 3.5
      vertex -42.3 46.95 87.4103
    endloop
  endfacet
  facet normal 1 -0 0
    outer loop
      vertex -42.3 46.95 56.1949
      vertex -42.3 56.9 3.5
      vertex -42.3 46.95 60.8743
    endloop
  endfacet
  facet normal 1 -0 0
    outer loop
      vertex -42.3 46.95 29.659
      vertex -42.3 56.9 3.5
      vertex -42.3 46.95 56.1949
    endloop
  endfacet
  facet normal 1 -0 0
    outer loop
      vertex -42.3 46.95 24.9795
      vertex -42.3 56.9 3.5
      vertex -42.3 46.95 29.659
    endloop
  endfacet
  facet normal 1 -0 0
    outer loop
      vertex -42.3 41.95 16.3192
      vertex -42.3 56.9 3.5
      vertex -42.3 46.95 24.9795
    endloop
  endfacet
  facet normal 1 0 0
    outer loop
      vertex -42.3 36.95 29.659
      vertex -42.3 34.95 29.659
      vertex -42.3 36.95 24.9795
    endloop
  endfacet
  facet normal 1 0 0
    outer loop
      vertex -42.3 34.95 24.9795
      vertex -42.3 36.95 24.9795
      vertex -42.3 34.95 29.659
    endloop
  endfacet
  facet normal 1 -0 0
    outer loop
      vertex -42.3 34.95 24.9795
      vertex -42.3 41.95 16.3192
      vertex -42.3 36.95 24.9795
    endloop
  endfacet
  facet normal 1 0 0
    outer loop
      vertex -42.3 29.95 16.3192
      vertex -42.3 41.95 16.3192
      vertex -42.3 34.95 24.9795
    endloop
  endfacet
  facet normal 1 -0 0
    outer loop
      vertex -42.3 29.95 16.3192
      vertex -42.3 56.9 3.5
      vertex -42.3 41.95 16.3192
    endloop
  endfacet
  facet normal 1 0 0
    outer loop
      vertex -42.3 24.95 29.659
      vertex -42.3 22.95 29.659
      vertex -42.3 24.95 24.9795
    endloop
  endfacet
  facet normal 1 0 0
    outer loop
      vertex -42.3 22.95 24.9795
      vertex -42.3 24.95 24.9795
      vertex -42.3 22.95 29.659
    endloop
  endfacet
  facet normal 1 -0 0
    outer loop
      vertex -42.3 22.95 24.9795
      vertex -42.3 29.95 16.3192
      vertex -42.3 24.95 24.9795
    endloop
  endfacet
  facet normal 1 0 0
    outer loop
      vertex -42.3 17.95 16.3192
      vertex -42.3 29.95 16.3192
      vertex -42.3 22.95 24.9795
    endloop
  endfacet
  facet normal 1 0 0
    outer loop
      vertex -42.3 3 3.5
      vertex -42.3 29.95 16.3192
      vertex -42.3 17.95 16.3192
    endloop
  endfacet
  facet normal 1 0 0
    outer loop
      vertex -42.3 29.95 16.3192
      vertex -42.3 3 3.5
      vertex -42.3 56.9 3.5
    endloop
  endfacet
  facet normal 1 0 0
    outer loop
      vertex -42.3 12.95 24.9795
      vertex -42.3 3 3.5
      vertex -42.3 17.95 16.3192
    endloop
  endfacet
  facet normal 1 0 0
    outer loop
      vertex -42.3 12.95 29.659
      vertex -42.3 3 3.5
      vertex -42.3 12.95 24.9795
    endloop
  endfacet
  facet normal 1 -0 0
    outer loop
      vertex -42.3 40.95 134.233
      vertex -42.3 41.95 131.965
      vertex -42.3 40.95 138.913
    endloop
  endfacet
  facet normal 1 0 0
    outer loop
      vertex -42.3 35.95 125.573
      vertex -42.3 41.95 131.965
      vertex -42.3 40.95 134.233
    endloop
  endfacet
  facet normal 1 0 0
    outer loop
      vertex -42.3 34.95 123.305
      vertex -42.3 36.95 123.305
      vertex -42.3 35.95 125.573
    endloop
  endfacet
  facet normal 1 0 0
    outer loop
      vertex -42.3 41.95 131.965
      vertex -42.3 35.95 125.573
      vertex -42.3 36.95 123.305
    endloop
  endfacet
  facet normal 1 -0 0
    outer loop
      vertex -42.3 40.95 103.018
      vertex -42.3 41.95 100.75
      vertex -42.3 40.95 107.697
    endloop
  endfacet
  facet normal 1 0 0
    outer loop
      vertex -42.3 35.95 94.3577
      vertex -42.3 41.95 100.75
      vertex -42.3 40.95 103.018
    endloop
  endfacet
  facet normal 1 0 0
    outer loop
      vertex -42.3 34.95 92.0897
      vertex -42.3 36.95 92.0897
      vertex -42.3 35.95 94.3577
    endloop
  endfacet
  facet normal 1 0 0
    outer loop
      vertex -42.3 41.95 100.75
      vertex -42.3 35.95 94.3577
      vertex -42.3 36.95 92.0897
    endloop
  endfacet
  facet normal 1 -0 0
    outer loop
      vertex -42.3 40.95 71.8026
      vertex -42.3 41.95 69.5346
      vertex -42.3 40.95 76.482
    endloop
  endfacet
  facet normal 1 0 0
    outer loop
      vertex -42.3 35.95 63.1423
      vertex -42.3 41.95 69.5346
      vertex -42.3 40.95 71.8026
    endloop
  endfacet
  facet normal 1 0 0
    outer loop
      vertex -42.3 34.95 60.8743
      vertex -42.3 36.95 60.8743
      vertex -42.3 35.95 63.1423
    endloop
  endfacet
  facet normal 1 0 0
    outer loop
      vertex -42.3 41.95 69.5346
      vertex -42.3 35.95 63.1423
      vertex -42.3 36.95 60.8743
    endloop
  endfacet
  facet normal 1 -0 0
    outer loop
      vertex -42.3 40.95 40.5872
      vertex -42.3 41.95 38.3192
      vertex -42.3 40.95 45.2666
    endloop
  endfacet
  facet normal 1 0 0
    outer loop
      vertex -42.3 35.95 31.9269
      vertex -42.3 41.95 38.3192
      vertex -42.3 40.95 40.5872
    endloop
  endfacet
  facet normal 1 0 0
    outer loop
      vertex -42.3 34.95 29.659
      vertex -42.3 36.95 29.659
      vertex -42.3 35.95 31.9269
    endloop
  endfacet
  facet normal 1 0 0
    outer loop
      vertex -42.3 41.95 38.3192
      vertex -42.3 35.95 31.9269
      vertex -42.3 36.95 29.659
    endloop
  endfacet
  facet normal 1 0 0
    outer loop
      vertex -42.3 30.95 134.233
      vertex -42.3 28.95 134.233
      vertex -42.3 29.95 131.965
    endloop
  endfacet
  facet normal 1 0 0
    outer loop
      vertex -42.3 23.95 125.573
      vertex -42.3 29.95 131.965
      vertex -42.3 28.95 134.233
    endloop
  endfacet
  facet normal 1 0 0
    outer loop
      vertex -42.3 22.95 123.305
      vertex -42.3 24.95 123.305
      vertex -42.3 23.95 125.573
    endloop
  endfacet
  facet normal 1 0 0
    outer loop
      vertex -42.3 29.95 131.965
      vertex -42.3 23.95 125.573
      vertex -42.3 24.95 123.305
    endloop
  endfacet
  facet normal 1 0 0
    outer loop
      vertex -42.3 30.95 103.018
      vertex -42.3 28.95 103.018
      vertex -42.3 29.95 100.75
    endloop
  endfacet
  facet normal 1 0 0
    outer loop
      vertex -42.3 23.95 94.3577
      vertex -42.3 29.95 100.75
      vertex -42.3 28.95 103.018
    endloop
  endfacet
  facet normal 1 0 0
    outer loop
      vertex -42.3 22.95 92.0897
      vertex -42.3 24.95 92.0897
      vertex -42.3 23.95 94.3577
    endloop
  endfacet
  facet normal 1 0 0
    outer loop
      vertex -42.3 29.95 100.75
      vertex -42.3 23.95 94.3577
      vertex -42.3 24.95 92.0897
    endloop
  endfacet
  facet normal 1 0 0
    outer loop
      vertex -42.3 30.95 71.8026
      vertex -42.3 28.95 71.8026
      vertex -42.3 29.95 69.5346
    endloop
  endfacet
  facet normal 1 0 0
    outer loop
      vertex -42.3 23.95 63.1423
      vertex -42.3 29.95 69.5346
      vertex -42.3 28.95 71.8026
    endloop
  endfacet
  facet normal 1 0 0
    outer loop
      vertex -42.3 22.95 60.8743
      vertex -42.3 24.95 60.8743
      vertex -42.3 23.95 63.1423
    endloop
  endfacet
  facet normal 1 0 0
    outer loop
      vertex -42.3 29.95 69.5346
      vertex -42.3 23.95 63.1423
      vertex -42.3 24.95 60.8743
    endloop
  endfacet
  facet normal 1 0 0
    outer loop
      vertex -42.3 30.95 40.5872
      vertex -42.3 28.95 40.5872
      vertex -42.3 29.95 38.3192
    endloop
  endfacet
  facet normal 1 0 0
    outer loop
      vertex -42.3 23.95 31.9269
      vertex -42.3 29.95 38.3192
      vertex -42.3 28.95 40.5872
    endloop
  endfacet
  facet normal 1 0 0
    outer loop
      vertex -42.3 22.95 29.659
      vertex -42.3 24.95 29.659
      vertex -42.3 23.95 31.9269
    endloop
  endfacet
  facet normal 1 0 0
    outer loop
      vertex -42.3 29.95 38.3192
      vertex -42.3 23.95 31.9269
      vertex -42.3 24.95 29.659
    endloop
  endfacet
  facet normal 1 -0 0
    outer loop
      vertex -42.3 29.95 38.3192
      vertex -42.3 35.95 31.9269
      vertex -42.3 30.95 40.5872
    endloop
  endfacet
  facet normal 1 0 0
    outer loop
      vertex -42.3 35.95 31.9269
      vertex -42.3 29.95 38.3192
      vertex -42.3 34.95 29.659
    endloop
  endfacet
  facet normal 1 0 0
    outer loop
      vertex -42.3 30.95 45.2666
      vertex -42.3 28.95 45.2666
      vertex -42.3 30.95 40.5872
    endloop
  endfacet
  facet normal 1 0 0
    outer loop
      vertex -42.3 28.95 40.5872
      vertex -42.3 30.95 40.5872
      vertex -42.3 28.95 45.2666
    endloop
  endfacet
  facet normal 1 -0 0
    outer loop
      vertex -42.3 23.95 53.9269
      vertex -42.3 29.95 47.5346
      vertex -42.3 24.95 56.1949
    endloop
  endfacet
  facet normal 1 0 0
    outer loop
      vertex -42.3 29.95 47.5346
      vertex -42.3 23.95 53.9269
      vertex -42.3 28.95 45.2666
    endloop
  endfacet
  facet normal 1 0 0
    outer loop
      vertex -42.3 24.95 60.8743
      vertex -42.3 22.95 60.8743
      vertex -42.3 24.95 56.1949
    endloop
  endfacet
  facet normal 1 0 0
    outer loop
      vertex -42.3 22.95 56.1949
      vertex -42.3 24.95 56.1949
      vertex -42.3 22.95 60.8743
    endloop
  endfacet
  facet normal 1 -0 0
    outer loop
      vertex -42.3 17.95 69.5346
      vertex -42.3 23.95 63.1423
      vertex -42.3 18.95 71.8026
    endloop
  endfacet
  facet normal 1 0 0
    outer loop
      vertex -42.3 23.95 63.1423
      vertex -42.3 17.95 69.5346
      vertex -42.3 22.95 60.8743
    endloop
  endfacet
  facet normal 1 0 0
    outer loop
      vertex -42.3 17.95 78.75
      vertex -42.3 17.95 69.5346
      vertex -42.3 18.95 71.8026
    endloop
  endfacet
  facet normal 1 0 0
    outer loop
      vertex -42.3 12.95 87.4103
      vertex -42.3 17.95 69.5346
      vertex -42.3 17.95 78.75
    endloop
  endfacet
  facet normal 1 0 0
    outer loop
      vertex -42.3 17.95 69.5346
      vertex -42.3 12.95 87.4103
      vertex -42.3 12.95 60.8743
    endloop
  endfacet
  facet normal 1 0 0
    outer loop
      vertex -42.3 36.95 149.841
      vertex -42.3 34.95 149.841
      vertex -42.3 35.95 147.573
    endloop
  endfacet
  facet normal 1 0 0
    outer loop
      vertex -42.3 29.95 141.181
      vertex -42.3 35.95 147.573
      vertex -42.3 34.95 149.841
    endloop
  endfacet
  facet normal 1 0 0
    outer loop
      vertex -42.3 28.95 138.913
      vertex -42.3 30.95 138.913
      vertex -42.3 29.95 141.181
    endloop
  endfacet
  facet normal 1 0 0
    outer loop
      vertex -42.3 35.95 147.573
      vertex -42.3 29.95 141.181
      vertex -42.3 30.95 138.913
    endloop
  endfacet
  facet normal 1 0 0
    outer loop
      vertex -42.3 36.95 118.626
      vertex -42.3 34.95 118.626
      vertex -42.3 35.95 116.358
    endloop
  endfacet
  facet normal 1 0 0
    outer loop
      vertex -42.3 29.95 109.965
      vertex -42.3 35.95 116.358
      vertex -42.3 34.95 118.626
    endloop
  endfacet
  facet normal 1 0 0
    outer loop
      vertex -42.3 28.95 107.697
      vertex -42.3 30.95 107.697
      vertex -42.3 29.95 109.965
    endloop
  endfacet
  facet normal 1 0 0
    outer loop
      vertex -42.3 35.95 116.358
      vertex -42.3 29.95 109.965
      vertex -42.3 30.95 107.697
    endloop
  endfacet
  facet normal 1 0 0
    outer loop
      vertex -42.3 36.95 87.4103
      vertex -42.3 34.95 87.4103
      vertex -42.3 35.95 85.1423
    endloop
  endfacet
  facet normal 1 0 0
    outer loop
      vertex -42.3 29.95 78.75
      vertex -42.3 35.95 85.1423
      vertex -42.3 34.95 87.4103
    endloop
  endfacet
  facet normal 1 0 0
    outer loop
      vertex -42.3 28.95 76.482
      vertex -42.3 30.95 76.482
      vertex -42.3 29.95 78.75
    endloop
  endfacet
  facet normal 1 0 0
    outer loop
      vertex -42.3 35.95 85.1423
      vertex -42.3 29.95 78.75
      vertex -42.3 30.95 76.482
    endloop
  endfacet
  facet normal 1 0 0
    outer loop
      vertex -42.3 36.95 56.1949
      vertex -42.3 34.95 56.1949
      vertex -42.3 35.95 53.9269
    endloop
  endfacet
  facet normal 1 0 0
    outer loop
      vertex -42.3 29.95 47.5346
      vertex -42.3 35.95 53.9269
      vertex -42.3 34.95 56.1949
    endloop
  endfacet
  facet normal 1 0 0
    outer loop
      vertex -42.3 28.95 45.2666
      vertex -42.3 30.95 45.2666
      vertex -42.3 29.95 47.5346
    endloop
  endfacet
  facet normal 1 0 0
    outer loop
      vertex -42.3 35.95 53.9269
      vertex -42.3 29.95 47.5346
      vertex -42.3 30.95 45.2666
    endloop
  endfacet
  facet normal 1 -0 0
    outer loop
      vertex -42.3 17.95 38.3192
      vertex -42.3 23.95 31.9269
      vertex -42.3 18.95 40.5872
    endloop
  endfacet
  facet normal 1 0 0
    outer loop
      vertex -42.3 23.95 31.9269
      vertex -42.3 17.95 38.3192
      vertex -42.3 22.95 29.659
    endloop
  endfacet
  facet normal 1 0 0
    outer loop
      vertex -42.3 17.95 47.5346
      vertex -42.3 17.95 38.3192
      vertex -42.3 18.95 40.5872
    endloop
  endfacet
  facet normal 1 0 0
    outer loop
      vertex -42.3 12.95 56.1949
      vertex -42.3 17.95 38.3192
      vertex -42.3 17.95 47.5346
    endloop
  endfacet
  facet normal 1 0 0
    outer loop
      vertex -42.3 17.95 38.3192
      vertex -42.3 12.95 56.1949
      vertex -42.3 12.95 29.659
    endloop
  endfacet
  facet normal 1 0 0
    outer loop
      vertex -42.3 24.95 149.841
      vertex -42.3 22.95 149.841
      vertex -42.3 23.95 147.573
    endloop
  endfacet
  facet normal 1 0 0
    outer loop
      vertex -42.3 17.95 141.181
      vertex -42.3 23.95 147.573
      vertex -42.3 22.95 149.841
    endloop
  endfacet
  facet normal 1 0 0
    outer loop
      vertex -42.3 18.95 138.913
      vertex -42.3 17.95 141.181
      vertex -42.3 18.95 134.233
    endloop
  endfacet
  facet normal 1 0 0
    outer loop
      vertex -42.3 23.95 147.573
      vertex -42.3 17.95 141.181
      vertex -42.3 18.95 138.913
    endloop
  endfacet
  facet normal 1 0 0
    outer loop
      vertex -42.3 24.95 118.626
      vertex -42.3 22.95 118.626
      vertex -42.3 23.95 116.358
    endloop
  endfacet
  facet normal 1 0 0
    outer loop
      vertex -42.3 17.95 109.965
      vertex -42.3 23.95 116.358
      vertex -42.3 22.95 118.626
    endloop
  endfacet
  facet normal 1 0 0
    outer loop
      vertex -42.3 18.95 107.697
      vertex -42.3 17.95 109.965
      vertex -42.3 18.95 103.018
    endloop
  endfacet
  facet normal 1 0 0
    outer loop
      vertex -42.3 23.95 116.358
      vertex -42.3 17.95 109.965
      vertex -42.3 18.95 107.697
    endloop
  endfacet
  facet normal 1 0 0
    outer loop
      vertex -42.3 24.95 87.4103
      vertex -42.3 22.95 87.4103
      vertex -42.3 23.95 85.1423
    endloop
  endfacet
  facet normal 1 0 0
    outer loop
      vertex -42.3 17.95 78.75
      vertex -42.3 23.95 85.1423
      vertex -42.3 22.95 87.4103
    endloop
  endfacet
  facet normal 1 0 0
    outer loop
      vertex -42.3 18.95 76.482
      vertex -42.3 17.95 78.75
      vertex -42.3 18.95 71.8026
    endloop
  endfacet
  facet normal 1 0 0
    outer loop
      vertex -42.3 23.95 85.1423
      vertex -42.3 17.95 78.75
      vertex -42.3 18.95 76.482
    endloop
  endfacet
  facet normal 1 0 0
    outer loop
      vertex -42.3 24.95 56.1949
      vertex -42.3 22.95 56.1949
      vertex -42.3 23.95 53.9269
    endloop
  endfacet
  facet normal 1 0 0
    outer loop
      vertex -42.3 17.95 47.5346
      vertex -42.3 23.95 53.9269
      vertex -42.3 22.95 56.1949
    endloop
  endfacet
  facet normal 1 0 0
    outer loop
      vertex -42.3 18.95 45.2666
      vertex -42.3 17.95 47.5346
      vertex -42.3 18.95 40.5872
    endloop
  endfacet
  facet normal 1 0 0
    outer loop
      vertex -42.3 23.95 53.9269
      vertex -42.3 17.95 47.5346
      vertex -42.3 18.95 45.2666
    endloop
  endfacet
  facet normal 0 -1 0
    outer loop
      vertex -45.3 56.9 111.287
      vertex -45.3 56.9 123.287
      vertex -50.4961 56.9 114.287
    endloop
  endfacet
  facet normal 1 0 0
    outer loop
      vertex -30.3 59.9 125.268
      vertex -30.3 60.9 179.5
      vertex -30.3 59.9 149.268
    endloop
  endfacet
  facet normal 1 0 0
    outer loop
      vertex -30.3 56.9 178
      vertex -30.3 60.9 179.5
      vertex -30.3 56.9 179.5
    endloop
  endfacet
  facet normal 1 0 0
    outer loop
      vertex -30.3 60.9 179.5
      vertex -30.3 56.9 178
      vertex -30.3 59.9 149.268
    endloop
  endfacet
  facet normal 1 0 0
    outer loop
      vertex -30.3 59.9 149.268
      vertex -30.3 56.9 178
      vertex -30.3 56.9 149.268
    endloop
  endfacet
  facet normal 1 0 0
    outer loop
      vertex -30.3 60.9 179.5
      vertex -30.3 59.9 125.268
      vertex -30.3 60.9 3.5
    endloop
  endfacet
  facet normal 1 -0 0
    outer loop
      vertex -30.3 56.9 125.268
      vertex -30.3 60.9 3.5
      vertex -30.3 59.9 125.268
    endloop
  endfacet
  facet normal 1 0 0
    outer loop
      vertex -30.3 60.9 3.5
      vertex -30.3 56.9 125.268
      vertex -30.3 56.9 3.5
    endloop
  endfacet
  facet normal 0 1 0
    outer loop
      vertex -8 59.9 179.5
      vertex -20 59.9 167.108
      vertex -20 59.9 179.5
    endloop
  endfacet
  facet normal 0 1 -0
    outer loop
      vertex -8 59.9 153.5
      vertex -20 59.9 167.108
      vertex -8 59.9 179.5
    endloop
  endfacet
  facet normal 0 1 -0
    outer loop
      vertex -14 59.9 153.5
      vertex -20 59.9 167.108
      vertex -8 59.9 153.5
    endloop
  endfacet
  facet normal 0 1 0
    outer loop
      vertex -14 59.9 153.5
      vertex -30.3 59.9 149.268
      vertex -20 59.9 167.108
    endloop
  endfacet
  facet normal -0 1 0
    outer loop
      vertex -30.3 59.9 149.268
      vertex -14 59.9 153.5
      vertex -30.3 59.9 125.268
    endloop
  endfacet
  facet normal 0 1 -0
    outer loop
      vertex -45.3 59.9 111.287
      vertex -50.4961 59.9 114.287
      vertex -45.3 59.9 123.287
    endloop
  endfacet
  facet normal -0.866028 0 0.499996
    outer loop
      vertex -50.4961 56.9 114.287
      vertex -45.3 59.9 123.287
      vertex -50.4961 59.9 114.287
    endloop
  endfacet
  facet normal -0.866028 0 0.499996
    outer loop
      vertex -45.3 59.9 123.287
      vertex -50.4961 56.9 114.287
      vertex -45.3 56.9 123.287
    endloop
  endfacet
  facet normal -0.866024 0 0.500003
    outer loop
      vertex -30.3 56.9 149.268
      vertex -20 59.9 167.108
      vertex -30.3 59.9 149.268
    endloop
  endfacet
  facet normal -0.866024 0 0.500003
    outer loop
      vertex -20 59.9 167.108
      vertex -30.3 56.9 149.268
      vertex -20 56.9 167.108
    endloop
  endfacet
  facet normal -1 0 0
    outer loop
      vertex -20 53.9 170.5
      vertex -20 56.9 169.5
      vertex -20 53.9 169.5
    endloop
  endfacet
  facet normal -1 0 0
    outer loop
      vertex -20 56.9 169.5
      vertex -20 53.9 170.5
      vertex -20 56.9 175.679
    endloop
  endfacet
  facet normal -1 0 0
    outer loop
      vertex -20 56.9 169.5
      vertex -20 59.9 167.108
      vertex -20 56.9 167.108
    endloop
  endfacet
  facet normal -1 0 0
    outer loop
      vertex -20 56.9 175.679
      vertex -20 59.9 167.108
      vertex -20 56.9 169.5
    endloop
  endfacet
  facet normal -1 0 0
    outer loop
      vertex -20 59.9 167.108
      vertex -20 56.9 175.679
      vertex -20 59.9 179.5
    endloop
  endfacet
  facet normal -1 0 0
    outer loop
      vertex -20 56.9 178
      vertex -20 59.9 179.5
      vertex -20 56.9 175.679
    endloop
  endfacet
  facet normal -1 -0 0
    outer loop
      vertex -20 59.9 179.5
      vertex -20 56.9 178
      vertex -20 56.9 179.5
    endloop
  endfacet
  facet normal -0 0 1
    outer loop
      vertex -20 59.9 179.5
      vertex -8 56.9 179.5
      vertex -8 59.9 179.5
    endloop
  endfacet
  facet normal 0 0 1
    outer loop
      vertex -8 56.9 179.5
      vertex -20 59.9 179.5
      vertex -20 56.9 179.5
    endloop
  endfacet
  facet normal 1 -0 0
    outer loop
      vertex -8 53.9 170.5
      vertex -8 56.9 169.5
      vertex -8 56.9 175.679
    endloop
  endfacet
  facet normal 1 0 0
    outer loop
      vertex -8 56.9 169.5
      vertex -8 53.9 170.5
      vertex -8 53.9 169.5
    endloop
  endfacet
  facet normal 1 0 0
    outer loop
      vertex -8 56.9 178
      vertex -8 59.9 179.5
      vertex -8 56.9 179.5
    endloop
  endfacet
  facet normal 1 0 0
    outer loop
      vertex -8 56.9 175.679
      vertex -8 59.9 179.5
      vertex -8 56.9 178
    endloop
  endfacet
  facet normal 1 0 0
    outer loop
      vertex -8 56.9 169.5
      vertex -8 59.9 179.5
      vertex -8 56.9 175.679
    endloop
  endfacet
  facet normal 1 0 0
    outer loop
      vertex -8 59.9 179.5
      vertex -8 56.9 169.5
      vertex -8 59.9 153.5
    endloop
  endfacet
  facet normal 1 0 0
    outer loop
      vertex -8 59.9 153.5
      vertex -8 56.9 169.5
      vertex -8 56.9 153.5
    endloop
  endfacet
  facet normal 0 0 -1
    outer loop
      vertex -14 56.9 153.5
      vertex -8 59.9 153.5
      vertex -8 56.9 153.5
    endloop
  endfacet
  facet normal -0 0 -1
    outer loop
      vertex -8 59.9 153.5
      vertex -14 56.9 153.5
      vertex -14 59.9 153.5
    endloop
  endfacet
  facet normal 0.866022 0 -0.500006
    outer loop
      vertex -14 56.9 153.5
      vertex -30.3 59.9 125.268
      vertex -14 59.9 153.5
    endloop
  endfacet
  facet normal 0.866022 0 -0.500006
    outer loop
      vertex -30.3 59.9 125.268
      vertex -14 56.9 153.5
      vertex -30.3 56.9 125.268
    endloop
  endfacet
  facet normal -0.500004 0 -0.866023
    outer loop
      vertex -50.4961 56.9 114.287
      vertex -45.3 59.9 111.287
      vertex -45.3 56.9 111.287
    endloop
  endfacet
  facet normal -0.500004 0 -0.866023
    outer loop
      vertex -45.3 59.9 111.287
      vertex -50.4961 56.9 114.287
      vertex -50.4961 59.9 114.287
    endloop
  endfacet
  facet normal 0 -0.865308 0.50124
    outer loop
      vertex -20 53.9 170.5
      vertex -8 56.9 175.679
      vertex -20 56.9 175.679
    endloop
  endfacet
  facet normal 0 -0.865308 0.50124
    outer loop
      vertex -8 56.9 175.679
      vertex -20 53.9 170.5
      vertex -8 53.9 170.5
    endloop
  endfacet
  facet normal 0 0 -1
    outer loop
      vertex -20 53.9 169.5
      vertex -8 56.9 169.5
      vertex -8 53.9 169.5
    endloop
  endfacet
  facet normal -0 0 -1
    outer loop
      vertex -8 56.9 169.5
      vertex -20 53.9 169.5
      vertex -20 56.9 169.5
    endloop
  endfacet
  facet normal 0 -1 0
    outer loop
      vertex -20 53.9 169.5
      vertex -8 53.9 170.5
      vertex -20 53.9 170.5
    endloop
  endfacet
  facet normal 0 -1 -0
    outer loop
      vertex -8 53.9 170.5
      vertex -20 53.9 169.5
      vertex -8 53.9 169.5
    endloop
  endfacet
  facet normal 0 1 0
    outer loop
      vertex 24 3 38.3192
      vertex 18 3 31.9269
      vertex 23 3 40.5872
    endloop
  endfacet
  facet normal -0 1 0
    outer loop
      vertex 18 3 31.9269
      vertex 24 3 38.3192
      vertex 19 3 29.659
    endloop
  endfacet
  facet normal 0 1 0
    outer loop
      vertex 12 3 38.3192
      vertex 6 3 31.9269
      vertex 11 3 40.5872
    endloop
  endfacet
  facet normal -0 1 0
    outer loop
      vertex 6 3 31.9269
      vertex 12 3 38.3192
      vertex 7 3 29.659
    endloop
  endfacet
  facet normal 0 1 0
    outer loop
      vertex 0 3 38.3192
      vertex -6 3 31.9269
      vertex -1 3 40.5872
    endloop
  endfacet
  facet normal -0 1 0
    outer loop
      vertex -6 3 31.9269
      vertex 0 3 38.3192
      vertex -5 3 29.659
    endloop
  endfacet
  facet normal 0 1 0
    outer loop
      vertex -12 3 38.3192
      vertex -18 3 31.9269
      vertex -13 3 40.5872
    endloop
  endfacet
  facet normal -0 1 0
    outer loop
      vertex -18 3 31.9269
      vertex -12 3 38.3192
      vertex -17 3 29.659
    endloop
  endfacet
  facet normal 0 1 0
    outer loop
      vertex -24 3 38.3192
      vertex -30 3 31.9269
      vertex -25 3 40.5872
    endloop
  endfacet
  facet normal -0 1 0
    outer loop
      vertex -30 3 31.9269
      vertex -24 3 38.3192
      vertex -29 3 29.659
    endloop
  endfacet
  facet normal 0 1 0
    outer loop
      vertex 24 3 69.5346
      vertex 18 3 63.1423
      vertex 23 3 71.8026
    endloop
  endfacet
  facet normal -0 1 0
    outer loop
      vertex 18 3 63.1423
      vertex 24 3 69.5346
      vertex 19 3 60.8743
    endloop
  endfacet
  facet normal 0 1 0
    outer loop
      vertex 12 3 69.5346
      vertex 6 3 63.1423
      vertex 11 3 71.8026
    endloop
  endfacet
  facet normal -0 1 0
    outer loop
      vertex 6 3 63.1423
      vertex 12 3 69.5346
      vertex 7 3 60.8743
    endloop
  endfacet
  facet normal 0 1 0
    outer loop
      vertex 0 3 69.5346
      vertex -6 3 63.1423
      vertex -1 3 71.8026
    endloop
  endfacet
  facet normal -0 1 0
    outer loop
      vertex -6 3 63.1423
      vertex 0 3 69.5346
      vertex -5 3 60.8743
    endloop
  endfacet
  facet normal 0 1 0
    outer loop
      vertex -12 3 69.5346
      vertex -18 3 63.1423
      vertex -13 3 71.8026
    endloop
  endfacet
  facet normal -0 1 0
    outer loop
      vertex -18 3 63.1423
      vertex -12 3 69.5346
      vertex -17 3 60.8743
    endloop
  endfacet
  facet normal 0 1 0
    outer loop
      vertex -24 3 69.5346
      vertex -30 3 63.1423
      vertex -25 3 71.8026
    endloop
  endfacet
  facet normal -0 1 0
    outer loop
      vertex -30 3 63.1423
      vertex -24 3 69.5346
      vertex -29 3 60.8743
    endloop
  endfacet
  facet normal 0 1 0
    outer loop
      vertex 24 3 100.75
      vertex 18 3 94.3577
      vertex 23 3 103.018
    endloop
  endfacet
  facet normal -0 1 0
    outer loop
      vertex 18 3 94.3577
      vertex 24 3 100.75
      vertex 19 3 92.0897
    endloop
  endfacet
  facet normal 0 1 0
    outer loop
      vertex 12 3 100.75
      vertex 6 3 94.3577
      vertex 11 3 103.018
    endloop
  endfacet
  facet normal -0 1 0
    outer loop
      vertex 6 3 94.3577
      vertex 12 3 100.75
      vertex 7 3 92.0897
    endloop
  endfacet
  facet normal 0 1 0
    outer loop
      vertex 0 3 100.75
      vertex -6 3 94.3577
      vertex -1 3 103.018
    endloop
  endfacet
  facet normal -0 1 0
    outer loop
      vertex -6 3 94.3577
      vertex 0 3 100.75
      vertex -5 3 92.0897
    endloop
  endfacet
  facet normal 0 1 0
    outer loop
      vertex -12 3 100.75
      vertex -18 3 94.3577
      vertex -13 3 103.018
    endloop
  endfacet
  facet normal -0 1 0
    outer loop
      vertex -18 3 94.3577
      vertex -12 3 100.75
      vertex -17 3 92.0897
    endloop
  endfacet
  facet normal 0 1 0
    outer loop
      vertex -24 3 100.75
      vertex -30 3 94.3577
      vertex -25 3 103.018
    endloop
  endfacet
  facet normal -0 1 0
    outer loop
      vertex -30 3 94.3577
      vertex -24 3 100.75
      vertex -29 3 92.0897
    endloop
  endfacet
  facet normal 0 1 0
    outer loop
      vertex 24 3 131.965
      vertex 18 3 125.573
      vertex 23 3 134.233
    endloop
  endfacet
  facet normal -0 1 0
    outer loop
      vertex 18 3 125.573
      vertex 24 3 131.965
      vertex 19 3 123.305
    endloop
  endfacet
  facet normal 0 1 0
    outer loop
      vertex 12 3 131.965
      vertex 6 3 125.573
      vertex 11 3 134.233
    endloop
  endfacet
  facet normal -0 1 0
    outer loop
      vertex 6 3 125.573
      vertex 12 3 131.965
      vertex 7 3 123.305
    endloop
  endfacet
  facet normal 0 1 0
    outer loop
      vertex 0 3 131.965
      vertex -6 3 125.573
      vertex -1 3 134.233
    endloop
  endfacet
  facet normal -0 1 0
    outer loop
      vertex -6 3 125.573
      vertex 0 3 131.965
      vertex -5 3 123.305
    endloop
  endfacet
  facet normal 0 1 0
    outer loop
      vertex -12 3 131.965
      vertex -18 3 125.573
      vertex -13 3 134.233
    endloop
  endfacet
  facet normal -0 1 0
    outer loop
      vertex -18 3 125.573
      vertex -12 3 131.965
      vertex -17 3 123.305
    endloop
  endfacet
  facet normal 0 1 0
    outer loop
      vertex -24 3 131.965
      vertex -30 3 125.573
      vertex -25 3 134.233
    endloop
  endfacet
  facet normal -0 1 0
    outer loop
      vertex -30 3 125.573
      vertex -24 3 131.965
      vertex -29 3 123.305
    endloop
  endfacet
  facet normal 0 1 0
    outer loop
      vertex -24 3 47.5346
      vertex -30 3 53.9269
      vertex -29 3 56.1949
    endloop
  endfacet
  facet normal 0 1 0
    outer loop
      vertex -25 3 45.2666
      vertex -24 3 47.5346
      vertex -23 3 45.2666
    endloop
  endfacet
  facet normal 0 1 0
    outer loop
      vertex -24 3 47.5346
      vertex -25 3 45.2666
      vertex -30 3 53.9269
    endloop
  endfacet
  facet normal 0 1 -0
    outer loop
      vertex -23 3 40.5872
      vertex -25 3 45.2666
      vertex -23 3 45.2666
    endloop
  endfacet
  facet normal 0 1 0
    outer loop
      vertex -23 3 40.5872
      vertex -25 3 40.5872
      vertex -25 3 45.2666
    endloop
  endfacet
  facet normal 0 1 0
    outer loop
      vertex -23 3 40.5872
      vertex -24 3 38.3192
      vertex -25 3 40.5872
    endloop
  endfacet
  facet normal 0 1 0
    outer loop
      vertex -18 3 31.9269
      vertex -24 3 38.3192
      vertex -23 3 40.5872
    endloop
  endfacet
  facet normal 0 1 0
    outer loop
      vertex -19 3 29.659
      vertex -18 3 31.9269
      vertex -17 3 29.659
    endloop
  endfacet
  facet normal 0 1 0
    outer loop
      vertex -18 3 31.9269
      vertex -19 3 29.659
      vertex -24 3 38.3192
    endloop
  endfacet
  facet normal 0 1 -0
    outer loop
      vertex -17 3 24.9795
      vertex -19 3 29.659
      vertex -17 3 29.659
    endloop
  endfacet
  facet normal 0 1 0
    outer loop
      vertex -17 3 24.9795
      vertex -19 3 24.9795
      vertex -19 3 29.659
    endloop
  endfacet
  facet normal 0 1 0
    outer loop
      vertex -12 3 16.3192
      vertex -19 3 24.9795
      vertex -17 3 24.9795
    endloop
  endfacet
  facet normal 0 1 0
    outer loop
      vertex -19 3 24.9795
      vertex -12 3 16.3192
      vertex -24 3 16.3192
    endloop
  endfacet
  facet normal 0 1 0
    outer loop
      vertex 30 3 53.9269
      vertex 24 3 47.5346
      vertex 29 3 56.1949
    endloop
  endfacet
  facet normal -0 1 0
    outer loop
      vertex 24 3 47.5346
      vertex 30 3 53.9269
      vertex 25 3 45.2666
    endloop
  endfacet
  facet normal 0 1 0
    outer loop
      vertex 18 3 53.9269
      vertex 12 3 47.5346
      vertex 17 3 56.1949
    endloop
  endfacet
  facet normal -0 1 0
    outer loop
      vertex 12 3 47.5346
      vertex 18 3 53.9269
      vertex 13 3 45.2666
    endloop
  endfacet
  facet normal 0 1 0
    outer loop
      vertex 6 3 53.9269
      vertex 0 3 47.5346
      vertex 5 3 56.1949
    endloop
  endfacet
  facet normal -0 1 0
    outer loop
      vertex 0 3 47.5346
      vertex 6 3 53.9269
      vertex 1 3 45.2666
    endloop
  endfacet
  facet normal 0 1 0
    outer loop
      vertex -6 3 53.9269
      vertex -12 3 47.5346
      vertex -7 3 56.1949
    endloop
  endfacet
  facet normal -0 1 0
    outer loop
      vertex -12 3 47.5346
      vertex -6 3 53.9269
      vertex -11 3 45.2666
    endloop
  endfacet
  facet normal 0 1 0
    outer loop
      vertex -18 3 53.9269
      vertex -24 3 47.5346
      vertex -19 3 56.1949
    endloop
  endfacet
  facet normal -0 1 0
    outer loop
      vertex -24 3 47.5346
      vertex -18 3 53.9269
      vertex -23 3 45.2666
    endloop
  endfacet
  facet normal 0 1 0
    outer loop
      vertex -24 3 78.75
      vertex -30 3 85.1423
      vertex -29 3 87.4103
    endloop
  endfacet
  facet normal 0 1 0
    outer loop
      vertex -25 3 76.482
      vertex -24 3 78.75
      vertex -23 3 76.482
    endloop
  endfacet
  facet normal 0 1 0
    outer loop
      vertex -24 3 78.75
      vertex -25 3 76.482
      vertex -30 3 85.1423
    endloop
  endfacet
  facet normal 0 1 -0
    outer loop
      vertex -23 3 71.8026
      vertex -25 3 76.482
      vertex -23 3 76.482
    endloop
  endfacet
  facet normal 0 1 0
    outer loop
      vertex -23 3 71.8026
      vertex -25 3 71.8026
      vertex -25 3 76.482
    endloop
  endfacet
  facet normal 0 1 0
    outer loop
      vertex -23 3 71.8026
      vertex -24 3 69.5346
      vertex -25 3 71.8026
    endloop
  endfacet
  facet normal 0 1 0
    outer loop
      vertex -18 3 63.1423
      vertex -24 3 69.5346
      vertex -23 3 71.8026
    endloop
  endfacet
  facet normal 0 1 0
    outer loop
      vertex -19 3 60.8743
      vertex -18 3 63.1423
      vertex -17 3 60.8743
    endloop
  endfacet
  facet normal 0 1 0
    outer loop
      vertex -18 3 63.1423
      vertex -19 3 60.8743
      vertex -24 3 69.5346
    endloop
  endfacet
  facet normal 0 1 -0
    outer loop
      vertex -17 3 56.1949
      vertex -19 3 60.8743
      vertex -17 3 60.8743
    endloop
  endfacet
  facet normal 0 1 0
    outer loop
      vertex -17 3 56.1949
      vertex -19 3 56.1949
      vertex -19 3 60.8743
    endloop
  endfacet
  facet normal 0 1 0
    outer loop
      vertex -17 3 56.1949
      vertex -18 3 53.9269
      vertex -19 3 56.1949
    endloop
  endfacet
  facet normal 0 1 0
    outer loop
      vertex -12 3 47.5346
      vertex -18 3 53.9269
      vertex -17 3 56.1949
    endloop
  endfacet
  facet normal 0 1 0
    outer loop
      vertex -13 3 45.2666
      vertex -12 3 47.5346
      vertex -11 3 45.2666
    endloop
  endfacet
  facet normal 0 1 0
    outer loop
      vertex -12 3 47.5346
      vertex -13 3 45.2666
      vertex -18 3 53.9269
    endloop
  endfacet
  facet normal 0 1 -0
    outer loop
      vertex -11 3 40.5872
      vertex -13 3 45.2666
      vertex -11 3 45.2666
    endloop
  endfacet
  facet normal 0 1 0
    outer loop
      vertex -11 3 40.5872
      vertex -13 3 40.5872
      vertex -13 3 45.2666
    endloop
  endfacet
  facet normal 0 1 0
    outer loop
      vertex -11 3 40.5872
      vertex -12 3 38.3192
      vertex -13 3 40.5872
    endloop
  endfacet
  facet normal 0 1 0
    outer loop
      vertex -6 3 31.9269
      vertex -12 3 38.3192
      vertex -11 3 40.5872
    endloop
  endfacet
  facet normal 0 1 0
    outer loop
      vertex -7 3 29.659
      vertex -6 3 31.9269
      vertex -5 3 29.659
    endloop
  endfacet
  facet normal 0 1 0
    outer loop
      vertex -6 3 31.9269
      vertex -7 3 29.659
      vertex -12 3 38.3192
    endloop
  endfacet
  facet normal 0 1 -0
    outer loop
      vertex -5 3 24.9795
      vertex -7 3 29.659
      vertex -5 3 29.659
    endloop
  endfacet
  facet normal 0 1 0
    outer loop
      vertex -5 3 24.9795
      vertex -7 3 24.9795
      vertex -7 3 29.659
    endloop
  endfacet
  facet normal 0 1 0
    outer loop
      vertex 0 3 16.3192
      vertex -7 3 24.9795
      vertex -5 3 24.9795
    endloop
  endfacet
  facet normal 0 1 0
    outer loop
      vertex -7 3 24.9795
      vertex 0 3 16.3192
      vertex -12 3 16.3192
    endloop
  endfacet
  facet normal 0 1 0
    outer loop
      vertex 30 3 85.1423
      vertex 24 3 78.75
      vertex 29 3 87.4103
    endloop
  endfacet
  facet normal -0 1 0
    outer loop
      vertex 24 3 78.75
      vertex 30 3 85.1423
      vertex 25 3 76.482
    endloop
  endfacet
  facet normal 0 1 0
    outer loop
      vertex 18 3 85.1423
      vertex 12 3 78.75
      vertex 17 3 87.4103
    endloop
  endfacet
  facet normal -0 1 0
    outer loop
      vertex 12 3 78.75
      vertex 18 3 85.1423
      vertex 13 3 76.482
    endloop
  endfacet
  facet normal 0 1 0
    outer loop
      vertex 6 3 85.1423
      vertex 0 3 78.75
      vertex 5 3 87.4103
    endloop
  endfacet
  facet normal -0 1 0
    outer loop
      vertex 0 3 78.75
      vertex 6 3 85.1423
      vertex 1 3 76.482
    endloop
  endfacet
  facet normal 0 1 0
    outer loop
      vertex -6 3 85.1423
      vertex -12 3 78.75
      vertex -7 3 87.4103
    endloop
  endfacet
  facet normal -0 1 0
    outer loop
      vertex -12 3 78.75
      vertex -6 3 85.1423
      vertex -11 3 76.482
    endloop
  endfacet
  facet normal 0 1 0
    outer loop
      vertex -18 3 85.1423
      vertex -24 3 78.75
      vertex -19 3 87.4103
    endloop
  endfacet
  facet normal -0 1 0
    outer loop
      vertex -24 3 78.75
      vertex -18 3 85.1423
      vertex -23 3 76.482
    endloop
  endfacet
  facet normal 0 1 0
    outer loop
      vertex -24 3 109.965
      vertex -30 3 116.358
      vertex -29 3 118.626
    endloop
  endfacet
  facet normal 0 1 0
    outer loop
      vertex -25 3 107.697
      vertex -24 3 109.965
      vertex -23 3 107.697
    endloop
  endfacet
  facet normal 0 1 0
    outer loop
      vertex -24 3 109.965
      vertex -25 3 107.697
      vertex -30 3 116.358
    endloop
  endfacet
  facet normal 0 1 -0
    outer loop
      vertex -23 3 103.018
      vertex -25 3 107.697
      vertex -23 3 107.697
    endloop
  endfacet
  facet normal 0 1 0
    outer loop
      vertex -23 3 103.018
      vertex -25 3 103.018
      vertex -25 3 107.697
    endloop
  endfacet
  facet normal 0 1 0
    outer loop
      vertex -23 3 103.018
      vertex -24 3 100.75
      vertex -25 3 103.018
    endloop
  endfacet
  facet normal 0 1 0
    outer loop
      vertex -18 3 94.3577
      vertex -24 3 100.75
      vertex -23 3 103.018
    endloop
  endfacet
  facet normal 0 1 0
    outer loop
      vertex -19 3 92.0897
      vertex -18 3 94.3577
      vertex -17 3 92.0897
    endloop
  endfacet
  facet normal 0 1 0
    outer loop
      vertex -18 3 94.3577
      vertex -19 3 92.0897
      vertex -24 3 100.75
    endloop
  endfacet
  facet normal 0 1 -0
    outer loop
      vertex -17 3 87.4103
      vertex -19 3 92.0897
      vertex -17 3 92.0897
    endloop
  endfacet
  facet normal 0 1 0
    outer loop
      vertex -17 3 87.4103
      vertex -19 3 87.4103
      vertex -19 3 92.0897
    endloop
  endfacet
  facet normal 0 1 0
    outer loop
      vertex -17 3 87.4103
      vertex -18 3 85.1423
      vertex -19 3 87.4103
    endloop
  endfacet
  facet normal 0 1 0
    outer loop
      vertex -12 3 78.75
      vertex -18 3 85.1423
      vertex -17 3 87.4103
    endloop
  endfacet
  facet normal 0 1 0
    outer loop
      vertex -13 3 76.482
      vertex -12 3 78.75
      vertex -11 3 76.482
    endloop
  endfacet
  facet normal 0 1 0
    outer loop
      vertex -12 3 78.75
      vertex -13 3 76.482
      vertex -18 3 85.1423
    endloop
  endfacet
  facet normal 0 1 -0
    outer loop
      vertex -11 3 71.8026
      vertex -13 3 76.482
      vertex -11 3 76.482
    endloop
  endfacet
  facet normal 0 1 0
    outer loop
      vertex -11 3 71.8026
      vertex -13 3 71.8026
      vertex -13 3 76.482
    endloop
  endfacet
  facet normal 0 1 0
    outer loop
      vertex -11 3 71.8026
      vertex -12 3 69.5346
      vertex -13 3 71.8026
    endloop
  endfacet
  facet normal 0 1 0
    outer loop
      vertex -6 3 63.1423
      vertex -12 3 69.5346
      vertex -11 3 71.8026
    endloop
  endfacet
  facet normal 0 1 0
    outer loop
      vertex -7 3 60.8743
      vertex -6 3 63.1423
      vertex -5 3 60.8743
    endloop
  endfacet
  facet normal 0 1 0
    outer loop
      vertex -6 3 63.1423
      vertex -7 3 60.8743
      vertex -12 3 69.5346
    endloop
  endfacet
  facet normal 0 1 -0
    outer loop
      vertex -5 3 56.1949
      vertex -7 3 60.8743
      vertex -5 3 60.8743
    endloop
  endfacet
  facet normal 0 1 0
    outer loop
      vertex -5 3 56.1949
      vertex -7 3 56.1949
      vertex -7 3 60.8743
    endloop
  endfacet
  facet normal 0 1 0
    outer loop
      vertex -5 3 56.1949
      vertex -6 3 53.9269
      vertex -7 3 56.1949
    endloop
  endfacet
  facet normal 0 1 0
    outer loop
      vertex 0 3 47.5346
      vertex -6 3 53.9269
      vertex -5 3 56.1949
    endloop
  endfacet
  facet normal 0 1 0
    outer loop
      vertex -1 3 45.2666
      vertex 0 3 47.5346
      vertex 1 3 45.2666
    endloop
  endfacet
  facet normal 0 1 0
    outer loop
      vertex 0 3 47.5346
      vertex -1 3 45.2666
      vertex -6 3 53.9269
    endloop
  endfacet
  facet normal 0 1 -0
    outer loop
      vertex 1 3 40.5872
      vertex -1 3 45.2666
      vertex 1 3 45.2666
    endloop
  endfacet
  facet normal 0 1 0
    outer loop
      vertex 1 3 40.5872
      vertex -1 3 40.5872
      vertex -1 3 45.2666
    endloop
  endfacet
  facet normal 0 1 0
    outer loop
      vertex 1 3 40.5872
      vertex 0 3 38.3192
      vertex -1 3 40.5872
    endloop
  endfacet
  facet normal 0 1 0
    outer loop
      vertex 6 3 31.9269
      vertex 0 3 38.3192
      vertex 1 3 40.5872
    endloop
  endfacet
  facet normal 0 1 0
    outer loop
      vertex 5 3 29.659
      vertex 6 3 31.9269
      vertex 7 3 29.659
    endloop
  endfacet
  facet normal 0 1 0
    outer loop
      vertex 6 3 31.9269
      vertex 5 3 29.659
      vertex 0 3 38.3192
    endloop
  endfacet
  facet normal 0 1 -0
    outer loop
      vertex 7 3 24.9795
      vertex 5 3 29.659
      vertex 7 3 29.659
    endloop
  endfacet
  facet normal 0 1 0
    outer loop
      vertex 7 3 24.9795
      vertex 5 3 24.9795
      vertex 5 3 29.659
    endloop
  endfacet
  facet normal 0 1 0
    outer loop
      vertex 12 3 16.3192
      vertex 5 3 24.9795
      vertex 7 3 24.9795
    endloop
  endfacet
  facet normal 0 1 0
    outer loop
      vertex 5 3 24.9795
      vertex 12 3 16.3192
      vertex 0 3 16.3192
    endloop
  endfacet
  facet normal 0 1 0
    outer loop
      vertex 30 3 116.358
      vertex 24 3 109.965
      vertex 29 3 118.626
    endloop
  endfacet
  facet normal -0 1 0
    outer loop
      vertex 24 3 109.965
      vertex 30 3 116.358
      vertex 25 3 107.697
    endloop
  endfacet
  facet normal 0 1 0
    outer loop
      vertex 18 3 116.358
      vertex 12 3 109.965
      vertex 17 3 118.626
    endloop
  endfacet
  facet normal -0 1 0
    outer loop
      vertex 12 3 109.965
      vertex 18 3 116.358
      vertex 13 3 107.697
    endloop
  endfacet
  facet normal 0 1 0
    outer loop
      vertex 6 3 116.358
      vertex 0 3 109.965
      vertex 5 3 118.626
    endloop
  endfacet
  facet normal -0 1 0
    outer loop
      vertex 0 3 109.965
      vertex 6 3 116.358
      vertex 1 3 107.697
    endloop
  endfacet
  facet normal 0 1 0
    outer loop
      vertex -6 3 116.358
      vertex -12 3 109.965
      vertex -7 3 118.626
    endloop
  endfacet
  facet normal -0 1 0
    outer loop
      vertex -12 3 109.965
      vertex -6 3 116.358
      vertex -11 3 107.697
    endloop
  endfacet
  facet normal 0 1 0
    outer loop
      vertex -18 3 116.358
      vertex -24 3 109.965
      vertex -19 3 118.626
    endloop
  endfacet
  facet normal -0 1 0
    outer loop
      vertex -24 3 109.965
      vertex -18 3 116.358
      vertex -23 3 107.697
    endloop
  endfacet
  facet normal 0 1 0
    outer loop
      vertex -24 3 141.181
      vertex -30 3 147.573
      vertex -29 3 149.841
    endloop
  endfacet
  facet normal 0 1 0
    outer loop
      vertex -25 3 138.913
      vertex -24 3 141.181
      vertex -23 3 138.913
    endloop
  endfacet
  facet normal 0 1 0
    outer loop
      vertex -24 3 141.181
      vertex -25 3 138.913
      vertex -30 3 147.573
    endloop
  endfacet
  facet normal 0 1 -0
    outer loop
      vertex -23 3 134.233
      vertex -25 3 138.913
      vertex -23 3 138.913
    endloop
  endfacet
  facet normal 0 1 0
    outer loop
      vertex -23 3 134.233
      vertex -25 3 134.233
      vertex -25 3 138.913
    endloop
  endfacet
  facet normal 0 1 0
    outer loop
      vertex -23 3 134.233
      vertex -24 3 131.965
      vertex -25 3 134.233
    endloop
  endfacet
  facet normal 0 1 0
    outer loop
      vertex -18 3 125.573
      vertex -24 3 131.965
      vertex -23 3 134.233
    endloop
  endfacet
  facet normal 0 1 0
    outer loop
      vertex -19 3 123.305
      vertex -18 3 125.573
      vertex -17 3 123.305
    endloop
  endfacet
  facet normal 0 1 0
    outer loop
      vertex -18 3 125.573
      vertex -19 3 123.305
      vertex -24 3 131.965
    endloop
  endfacet
  facet normal 0 1 -0
    outer loop
      vertex -17 3 118.626
      vertex -19 3 123.305
      vertex -17 3 123.305
    endloop
  endfacet
  facet normal 0 1 0
    outer loop
      vertex -17 3 118.626
      vertex -19 3 118.626
      vertex -19 3 123.305
    endloop
  endfacet
  facet normal 0 1 0
    outer loop
      vertex -17 3 118.626
      vertex -18 3 116.358
      vertex -19 3 118.626
    endloop
  endfacet
  facet normal 0 1 0
    outer loop
      vertex -12 3 109.965
      vertex -18 3 116.358
      vertex -17 3 118.626
    endloop
  endfacet
  facet normal 0 1 0
    outer loop
      vertex -13 3 107.697
      vertex -12 3 109.965
      vertex -11 3 107.697
    endloop
  endfacet
  facet normal 0 1 0
    outer loop
      vertex -12 3 109.965
      vertex -13 3 107.697
      vertex -18 3 116.358
    endloop
  endfacet
  facet normal 0 1 -0
    outer loop
      vertex -11 3 103.018
      vertex -13 3 107.697
      vertex -11 3 107.697
    endloop
  endfacet
  facet normal 0 1 0
    outer loop
      vertex -11 3 103.018
      vertex -13 3 103.018
      vertex -13 3 107.697
    endloop
  endfacet
  facet normal 0 1 0
    outer loop
      vertex -11 3 103.018
      vertex -12 3 100.75
      vertex -13 3 103.018
    endloop
  endfacet
  facet normal 0 1 0
    outer loop
      vertex -6 3 94.3577
      vertex -12 3 100.75
      vertex -11 3 103.018
    endloop
  endfacet
  facet normal 0 1 0
    outer loop
      vertex -7 3 92.0897
      vertex -6 3 94.3577
      vertex -5 3 92.0897
    endloop
  endfacet
  facet normal 0 1 0
    outer loop
      vertex -6 3 94.3577
      vertex -7 3 92.0897
      vertex -12 3 100.75
    endloop
  endfacet
  facet normal 0 1 -0
    outer loop
      vertex -5 3 87.4103
      vertex -7 3 92.0897
      vertex -5 3 92.0897
    endloop
  endfacet
  facet normal 0 1 0
    outer loop
      vertex -5 3 87.4103
      vertex -7 3 87.4103
      vertex -7 3 92.0897
    endloop
  endfacet
  facet normal 0 1 0
    outer loop
      vertex -5 3 87.4103
      vertex -6 3 85.1423
      vertex -7 3 87.4103
    endloop
  endfacet
  facet normal 0 1 0
    outer loop
      vertex 0 3 78.75
      vertex -6 3 85.1423
      vertex -5 3 87.4103
    endloop
  endfacet
  facet normal 0 1 0
    outer loop
      vertex -1 3 76.482
      vertex 0 3 78.75
      vertex 1 3 76.482
    endloop
  endfacet
  facet normal 0 1 0
    outer loop
      vertex 0 3 78.75
      vertex -1 3 76.482
      vertex -6 3 85.1423
    endloop
  endfacet
  facet normal 0 1 -0
    outer loop
      vertex 1 3 71.8026
      vertex -1 3 76.482
      vertex 1 3 76.482
    endloop
  endfacet
  facet normal 0 1 0
    outer loop
      vertex 1 3 71.8026
      vertex -1 3 71.8026
      vertex -1 3 76.482
    endloop
  endfacet
  facet normal 0 1 0
    outer loop
      vertex 1 3 71.8026
      vertex 0 3 69.5346
      vertex -1 3 71.8026
    endloop
  endfacet
  facet normal 0 1 0
    outer loop
      vertex 6 3 63.1423
      vertex 0 3 69.5346
      vertex 1 3 71.8026
    endloop
  endfacet
  facet normal 0 1 0
    outer loop
      vertex 5 3 60.8743
      vertex 6 3 63.1423
      vertex 7 3 60.8743
    endloop
  endfacet
  facet normal 0 1 0
    outer loop
      vertex 6 3 63.1423
      vertex 5 3 60.8743
      vertex 0 3 69.5346
    endloop
  endfacet
  facet normal 0 1 -0
    outer loop
      vertex 7 3 56.1949
      vertex 5 3 60.8743
      vertex 7 3 60.8743
    endloop
  endfacet
  facet normal 0 1 0
    outer loop
      vertex 7 3 56.1949
      vertex 5 3 56.1949
      vertex 5 3 60.8743
    endloop
  endfacet
  facet normal 0 1 0
    outer loop
      vertex 7 3 56.1949
      vertex 6 3 53.9269
      vertex 5 3 56.1949
    endloop
  endfacet
  facet normal 0 1 0
    outer loop
      vertex 12 3 47.5346
      vertex 6 3 53.9269
      vertex 7 3 56.1949
    endloop
  endfacet
  facet normal 0 1 0
    outer loop
      vertex 11 3 45.2666
      vertex 12 3 47.5346
      vertex 13 3 45.2666
    endloop
  endfacet
  facet normal 0 1 0
    outer loop
      vertex 12 3 47.5346
      vertex 11 3 45.2666
      vertex 6 3 53.9269
    endloop
  endfacet
  facet normal 0 1 -0
    outer loop
      vertex 13 3 40.5872
      vertex 11 3 45.2666
      vertex 13 3 45.2666
    endloop
  endfacet
  facet normal 0 1 0
    outer loop
      vertex 13 3 40.5872
      vertex 11 3 40.5872
      vertex 11 3 45.2666
    endloop
  endfacet
  facet normal 0 1 0
    outer loop
      vertex 13 3 40.5872
      vertex 12 3 38.3192
      vertex 11 3 40.5872
    endloop
  endfacet
  facet normal 0 1 0
    outer loop
      vertex 18 3 31.9269
      vertex 12 3 38.3192
      vertex 13 3 40.5872
    endloop
  endfacet
  facet normal 0 1 0
    outer loop
      vertex 17 3 29.659
      vertex 18 3 31.9269
      vertex 19 3 29.659
    endloop
  endfacet
  facet normal 0 1 0
    outer loop
      vertex 18 3 31.9269
      vertex 17 3 29.659
      vertex 12 3 38.3192
    endloop
  endfacet
  facet normal 0 1 -0
    outer loop
      vertex 19 3 24.9795
      vertex 17 3 29.659
      vertex 19 3 29.659
    endloop
  endfacet
  facet normal 0 1 0
    outer loop
      vertex 19 3 24.9795
      vertex 17 3 24.9795
      vertex 17 3 29.659
    endloop
  endfacet
  facet normal 0 1 0
    outer loop
      vertex 24 3 16.3192
      vertex 17 3 24.9795
      vertex 19 3 24.9795
    endloop
  endfacet
  facet normal 0 1 0
    outer loop
      vertex 17 3 24.9795
      vertex 24 3 16.3192
      vertex 12 3 16.3192
    endloop
  endfacet
  facet normal 0 1 -0
    outer loop
      vertex -17 3 154.52
      vertex -24 3 163.181
      vertex -12 3 163.181
    endloop
  endfacet
  facet normal 0 1 0
    outer loop
      vertex -17 3 154.52
      vertex -19 3 154.52
      vertex -24 3 163.181
    endloop
  endfacet
  facet normal 0 1 -0
    outer loop
      vertex -17 3 149.841
      vertex -19 3 154.52
      vertex -17 3 154.52
    endloop
  endfacet
  facet normal 0 1 0
    outer loop
      vertex -17 3 149.841
      vertex -19 3 149.841
      vertex -19 3 154.52
    endloop
  endfacet
  facet normal 0 1 0
    outer loop
      vertex -17 3 149.841
      vertex -18 3 147.573
      vertex -19 3 149.841
    endloop
  endfacet
  facet normal 0 1 0
    outer loop
      vertex -12 3 141.181
      vertex -18 3 147.573
      vertex -17 3 149.841
    endloop
  endfacet
  facet normal 0 1 0
    outer loop
      vertex -13 3 138.913
      vertex -12 3 141.181
      vertex -11 3 138.913
    endloop
  endfacet
  facet normal 0 1 0
    outer loop
      vertex -12 3 141.181
      vertex -13 3 138.913
      vertex -18 3 147.573
    endloop
  endfacet
  facet normal 0 1 -0
    outer loop
      vertex -11 3 134.233
      vertex -13 3 138.913
      vertex -11 3 138.913
    endloop
  endfacet
  facet normal 0 1 0
    outer loop
      vertex -11 3 134.233
      vertex -13 3 134.233
      vertex -13 3 138.913
    endloop
  endfacet
  facet normal 0 1 0
    outer loop
      vertex -11 3 134.233
      vertex -12 3 131.965
      vertex -13 3 134.233
    endloop
  endfacet
  facet normal 0 1 0
    outer loop
      vertex -6 3 125.573
      vertex -12 3 131.965
      vertex -11 3 134.233
    endloop
  endfacet
  facet normal 0 1 0
    outer loop
      vertex -7 3 123.305
      vertex -6 3 125.573
      vertex -5 3 123.305
    endloop
  endfacet
  facet normal 0 1 0
    outer loop
      vertex -6 3 125.573
      vertex -7 3 123.305
      vertex -12 3 131.965
    endloop
  endfacet
  facet normal 0 1 -0
    outer loop
      vertex -5 3 118.626
      vertex -7 3 123.305
      vertex -5 3 123.305
    endloop
  endfacet
  facet normal 0 1 0
    outer loop
      vertex -5 3 118.626
      vertex -7 3 118.626
      vertex -7 3 123.305
    endloop
  endfacet
  facet normal 0 1 0
    outer loop
      vertex -5 3 118.626
      vertex -6 3 116.358
      vertex -7 3 118.626
    endloop
  endfacet
  facet normal 0 1 0
    outer loop
      vertex 0 3 109.965
      vertex -6 3 116.358
      vertex -5 3 118.626
    endloop
  endfacet
  facet normal 0 1 0
    outer loop
      vertex -1 3 107.697
      vertex 0 3 109.965
      vertex 1 3 107.697
    endloop
  endfacet
  facet normal 0 1 0
    outer loop
      vertex 0 3 109.965
      vertex -1 3 107.697
      vertex -6 3 116.358
    endloop
  endfacet
  facet normal 0 1 -0
    outer loop
      vertex 1 3 103.018
      vertex -1 3 107.697
      vertex 1 3 107.697
    endloop
  endfacet
  facet normal 0 1 0
    outer loop
      vertex 1 3 103.018
      vertex -1 3 103.018
      vertex -1 3 107.697
    endloop
  endfacet
  facet normal 0 1 0
    outer loop
      vertex 1 3 103.018
      vertex 0 3 100.75
      vertex -1 3 103.018
    endloop
  endfacet
  facet normal 0 1 0
    outer loop
      vertex 6 3 94.3577
      vertex 0 3 100.75
      vertex 1 3 103.018
    endloop
  endfacet
  facet normal 0 1 0
    outer loop
      vertex 5 3 92.0897
      vertex 6 3 94.3577
      vertex 7 3 92.0897
    endloop
  endfacet
  facet normal 0 1 0
    outer loop
      vertex 6 3 94.3577
      vertex 5 3 92.0897
      vertex 0 3 100.75
    endloop
  endfacet
  facet normal 0 1 -0
    outer loop
      vertex 7 3 87.4103
      vertex 5 3 92.0897
      vertex 7 3 92.0897
    endloop
  endfacet
  facet normal 0 1 0
    outer loop
      vertex 7 3 87.4103
      vertex 5 3 87.4103
      vertex 5 3 92.0897
    endloop
  endfacet
  facet normal 0 1 0
    outer loop
      vertex 7 3 87.4103
      vertex 6 3 85.1423
      vertex 5 3 87.4103
    endloop
  endfacet
  facet normal 0 1 0
    outer loop
      vertex 12 3 78.75
      vertex 6 3 85.1423
      vertex 7 3 87.4103
    endloop
  endfacet
  facet normal 0 1 0
    outer loop
      vertex 11 3 76.482
      vertex 12 3 78.75
      vertex 13 3 76.482
    endloop
  endfacet
  facet normal 0 1 0
    outer loop
      vertex 12 3 78.75
      vertex 11 3 76.482
      vertex 6 3 85.1423
    endloop
  endfacet
  facet normal 0 1 -0
    outer loop
      vertex 13 3 71.8026
      vertex 11 3 76.482
      vertex 13 3 76.482
    endloop
  endfacet
  facet normal 0 1 0
    outer loop
      vertex 13 3 71.8026
      vertex 11 3 71.8026
      vertex 11 3 76.482
    endloop
  endfacet
  facet normal 0 1 0
    outer loop
      vertex 13 3 71.8026
      vertex 12 3 69.5346
      vertex 11 3 71.8026
    endloop
  endfacet
  facet normal 0 1 0
    outer loop
      vertex 18 3 63.1423
      vertex 12 3 69.5346
      vertex 13 3 71.8026
    endloop
  endfacet
  facet normal 0 1 0
    outer loop
      vertex 17 3 60.8743
      vertex 18 3 63.1423
      vertex 19 3 60.8743
    endloop
  endfacet
  facet normal 0 1 0
    outer loop
      vertex 18 3 63.1423
      vertex 17 3 60.8743
      vertex 12 3 69.5346
    endloop
  endfacet
  facet normal 0 1 -0
    outer loop
      vertex 19 3 56.1949
      vertex 17 3 60.8743
      vertex 19 3 60.8743
    endloop
  endfacet
  facet normal 0 1 0
    outer loop
      vertex 19 3 56.1949
      vertex 17 3 56.1949
      vertex 17 3 60.8743
    endloop
  endfacet
  facet normal 0 1 0
    outer loop
      vertex 19 3 56.1949
      vertex 18 3 53.9269
      vertex 17 3 56.1949
    endloop
  endfacet
  facet normal 0 1 0
    outer loop
      vertex 24 3 47.5346
      vertex 18 3 53.9269
      vertex 19 3 56.1949
    endloop
  endfacet
  facet normal 0 1 0
    outer loop
      vertex 23 3 45.2666
      vertex 24 3 47.5346
      vertex 25 3 45.2666
    endloop
  endfacet
  facet normal 0 1 0
    outer loop
      vertex 24 3 47.5346
      vertex 23 3 45.2666
      vertex 18 3 53.9269
    endloop
  endfacet
  facet normal 0 1 -0
    outer loop
      vertex 25 3 40.5872
      vertex 23 3 45.2666
      vertex 25 3 45.2666
    endloop
  endfacet
  facet normal 0 1 0
    outer loop
      vertex 25 3 40.5872
      vertex 23 3 40.5872
      vertex 23 3 45.2666
    endloop
  endfacet
  facet normal 0 1 0
    outer loop
      vertex 25 3 40.5872
      vertex 24 3 38.3192
      vertex 23 3 40.5872
    endloop
  endfacet
  facet normal 0 1 0
    outer loop
      vertex 30 3 31.9269
      vertex 24 3 38.3192
      vertex 25 3 40.5872
    endloop
  endfacet
  facet normal 0 1 0
    outer loop
      vertex 24 3 38.3192
      vertex 30 3 31.9269
      vertex 29 3 29.659
    endloop
  endfacet
  facet normal 0 1 -0
    outer loop
      vertex -5 3 154.52
      vertex -12 3 163.181
      vertex 0 3 163.181
    endloop
  endfacet
  facet normal 0 1 0
    outer loop
      vertex -5 3 154.52
      vertex -7 3 154.52
      vertex -12 3 163.181
    endloop
  endfacet
  facet normal 0 1 -0
    outer loop
      vertex -5 3 149.841
      vertex -7 3 154.52
      vertex -5 3 154.52
    endloop
  endfacet
  facet normal 0 1 0
    outer loop
      vertex -5 3 149.841
      vertex -7 3 149.841
      vertex -7 3 154.52
    endloop
  endfacet
  facet normal 0 1 0
    outer loop
      vertex -5 3 149.841
      vertex -6 3 147.573
      vertex -7 3 149.841
    endloop
  endfacet
  facet normal 0 1 0
    outer loop
      vertex 0 3 141.181
      vertex -6 3 147.573
      vertex -5 3 149.841
    endloop
  endfacet
  facet normal 0 1 0
    outer loop
      vertex -1 3 138.913
      vertex 0 3 141.181
      vertex 1 3 138.913
    endloop
  endfacet
  facet normal 0 1 0
    outer loop
      vertex 0 3 141.181
      vertex -1 3 138.913
      vertex -6 3 147.573
    endloop
  endfacet
  facet normal 0 1 -0
    outer loop
      vertex 1 3 134.233
      vertex -1 3 138.913
      vertex 1 3 138.913
    endloop
  endfacet
  facet normal 0 1 0
    outer loop
      vertex 1 3 134.233
      vertex -1 3 134.233
      vertex -1 3 138.913
    endloop
  endfacet
  facet normal 0 1 0
    outer loop
      vertex 1 3 134.233
      vertex 0 3 131.965
      vertex -1 3 134.233
    endloop
  endfacet
  facet normal 0 1 0
    outer loop
      vertex 6 3 125.573
      vertex 0 3 131.965
      vertex 1 3 134.233
    endloop
  endfacet
  facet normal 0 1 0
    outer loop
      vertex 5 3 123.305
      vertex 6 3 125.573
      vertex 7 3 123.305
    endloop
  endfacet
  facet normal 0 1 0
    outer loop
      vertex 6 3 125.573
      vertex 5 3 123.305
      vertex 0 3 131.965
    endloop
  endfacet
  facet normal 0 1 -0
    outer loop
      vertex 7 3 118.626
      vertex 5 3 123.305
      vertex 7 3 123.305
    endloop
  endfacet
  facet normal 0 1 0
    outer loop
      vertex 7 3 118.626
      vertex 5 3 118.626
      vertex 5 3 123.305
    endloop
  endfacet
  facet normal 0 1 0
    outer loop
      vertex 7 3 118.626
      vertex 6 3 116.358
      vertex 5 3 118.626
    endloop
  endfacet
  facet normal 0 1 0
    outer loop
      vertex 12 3 109.965
      vertex 6 3 116.358
      vertex 7 3 118.626
    endloop
  endfacet
  facet normal 0 1 0
    outer loop
      vertex 11 3 107.697
      vertex 12 3 109.965
      vertex 13 3 107.697
    endloop
  endfacet
  facet normal 0 1 0
    outer loop
      vertex 12 3 109.965
      vertex 11 3 107.697
      vertex 6 3 116.358
    endloop
  endfacet
  facet normal 0 1 -0
    outer loop
      vertex 13 3 103.018
      vertex 11 3 107.697
      vertex 13 3 107.697
    endloop
  endfacet
  facet normal 0 1 0
    outer loop
      vertex 13 3 103.018
      vertex 11 3 103.018
      vertex 11 3 107.697
    endloop
  endfacet
  facet normal 0 1 0
    outer loop
      vertex 13 3 103.018
      vertex 12 3 100.75
      vertex 11 3 103.018
    endloop
  endfacet
  facet normal 0 1 0
    outer loop
      vertex 18 3 94.3577
      vertex 12 3 100.75
      vertex 13 3 103.018
    endloop
  endfacet
  facet normal 0 1 0
    outer loop
      vertex 17 3 92.0897
      vertex 18 3 94.3577
      vertex 19 3 92.0897
    endloop
  endfacet
  facet normal 0 1 0
    outer loop
      vertex 18 3 94.3577
      vertex 17 3 92.0897
      vertex 12 3 100.75
    endloop
  endfacet
  facet normal 0 1 -0
    outer loop
      vertex 19 3 87.4103
      vertex 17 3 92.0897
      vertex 19 3 92.0897
    endloop
  endfacet
  facet normal 0 1 0
    outer loop
      vertex 19 3 87.4103
      vertex 17 3 87.4103
      vertex 17 3 92.0897
    endloop
  endfacet
  facet normal 0 1 0
    outer loop
      vertex 19 3 87.4103
      vertex 18 3 85.1423
      vertex 17 3 87.4103
    endloop
  endfacet
  facet normal 0 1 0
    outer loop
      vertex 24 3 78.75
      vertex 18 3 85.1423
      vertex 19 3 87.4103
    endloop
  endfacet
  facet normal 0 1 0
    outer loop
      vertex 23 3 76.482
      vertex 24 3 78.75
      vertex 25 3 76.482
    endloop
  endfacet
  facet normal 0 1 0
    outer loop
      vertex 24 3 78.75
      vertex 23 3 76.482
      vertex 18 3 85.1423
    endloop
  endfacet
  facet normal 0 1 -0
    outer loop
      vertex 25 3 71.8026
      vertex 23 3 76.482
      vertex 25 3 76.482
    endloop
  endfacet
  facet normal 0 1 0
    outer loop
      vertex 25 3 71.8026
      vertex 23 3 71.8026
      vertex 23 3 76.482
    endloop
  endfacet
  facet normal 0 1 0
    outer loop
      vertex 25 3 71.8026
      vertex 24 3 69.5346
      vertex 23 3 71.8026
    endloop
  endfacet
  facet normal 0 1 0
    outer loop
      vertex 30 3 63.1423
      vertex 24 3 69.5346
      vertex 25 3 71.8026
    endloop
  endfacet
  facet normal 0 1 0
    outer loop
      vertex 24 3 69.5346
      vertex 30 3 63.1423
      vertex 29 3 60.8743
    endloop
  endfacet
  facet normal 0 1 -0
    outer loop
      vertex 7 3 154.52
      vertex 0 3 163.181
      vertex 12 3 163.181
    endloop
  endfacet
  facet normal 0 1 0
    outer loop
      vertex 7 3 154.52
      vertex 5 3 154.52
      vertex 0 3 163.181
    endloop
  endfacet
  facet normal 0 1 -0
    outer loop
      vertex 7 3 149.841
      vertex 5 3 154.52
      vertex 7 3 154.52
    endloop
  endfacet
  facet normal 0 1 0
    outer loop
      vertex 7 3 149.841
      vertex 5 3 149.841
      vertex 5 3 154.52
    endloop
  endfacet
  facet normal 0 1 0
    outer loop
      vertex 7 3 149.841
      vertex 6 3 147.573
      vertex 5 3 149.841
    endloop
  endfacet
  facet normal 0 1 0
    outer loop
      vertex 12 3 141.181
      vertex 6 3 147.573
      vertex 7 3 149.841
    endloop
  endfacet
  facet normal 0 1 0
    outer loop
      vertex 11 3 138.913
      vertex 12 3 141.181
      vertex 13 3 138.913
    endloop
  endfacet
  facet normal 0 1 0
    outer loop
      vertex 12 3 141.181
      vertex 11 3 138.913
      vertex 6 3 147.573
    endloop
  endfacet
  facet normal 0 1 -0
    outer loop
      vertex 13 3 134.233
      vertex 11 3 138.913
      vertex 13 3 138.913
    endloop
  endfacet
  facet normal 0 1 0
    outer loop
      vertex 13 3 134.233
      vertex 11 3 134.233
      vertex 11 3 138.913
    endloop
  endfacet
  facet normal 0 1 0
    outer loop
      vertex 13 3 134.233
      vertex 12 3 131.965
      vertex 11 3 134.233
    endloop
  endfacet
  facet normal 0 1 0
    outer loop
      vertex 18 3 125.573
      vertex 12 3 131.965
      vertex 13 3 134.233
    endloop
  endfacet
  facet normal 0 1 0
    outer loop
      vertex 17 3 123.305
      vertex 18 3 125.573
      vertex 19 3 123.305
    endloop
  endfacet
  facet normal 0 1 0
    outer loop
      vertex 18 3 125.573
      vertex 17 3 123.305
      vertex 12 3 131.965
    endloop
  endfacet
  facet normal 0 1 -0
    outer loop
      vertex 19 3 118.626
      vertex 17 3 123.305
      vertex 19 3 123.305
    endloop
  endfacet
  facet normal 0 1 0
    outer loop
      vertex 19 3 118.626
      vertex 17 3 118.626
      vertex 17 3 123.305
    endloop
  endfacet
  facet normal 0 1 0
    outer loop
      vertex 19 3 118.626
      vertex 18 3 116.358
      vertex 17 3 118.626
    endloop
  endfacet
  facet normal 0 1 0
    outer loop
      vertex 24 3 109.965
      vertex 18 3 116.358
      vertex 19 3 118.626
    endloop
  endfacet
  facet normal 0 1 0
    outer loop
      vertex 23 3 107.697
      vertex 24 3 109.965
      vertex 25 3 107.697
    endloop
  endfacet
  facet normal 0 1 0
    outer loop
      vertex 24 3 109.965
      vertex 23 3 107.697
      vertex 18 3 116.358
    endloop
  endfacet
  facet normal 0 1 -0
    outer loop
      vertex 25 3 103.018
      vertex 23 3 107.697
      vertex 25 3 107.697
    endloop
  endfacet
  facet normal 0 1 0
    outer loop
      vertex 25 3 103.018
      vertex 23 3 103.018
      vertex 23 3 107.697
    endloop
  endfacet
  facet normal 0 1 0
    outer loop
      vertex 25 3 103.018
      vertex 24 3 100.75
      vertex 23 3 103.018
    endloop
  endfacet
  facet normal 0 1 0
    outer loop
      vertex 30 3 94.3577
      vertex 24 3 100.75
      vertex 25 3 103.018
    endloop
  endfacet
  facet normal 0 1 0
    outer loop
      vertex 24 3 100.75
      vertex 30 3 94.3577
      vertex 29 3 92.0897
    endloop
  endfacet
  facet normal 0 1 -0
    outer loop
      vertex 19 3 154.52
      vertex 12 3 163.181
      vertex 24 3 163.181
    endloop
  endfacet
  facet normal 0 1 0
    outer loop
      vertex 19 3 154.52
      vertex 17 3 154.52
      vertex 12 3 163.181
    endloop
  endfacet
  facet normal 0 1 -0
    outer loop
      vertex 19 3 149.841
      vertex 17 3 154.52
      vertex 19 3 154.52
    endloop
  endfacet
  facet normal 0 1 0
    outer loop
      vertex 19 3 149.841
      vertex 17 3 149.841
      vertex 17 3 154.52
    endloop
  endfacet
  facet normal 0 1 0
    outer loop
      vertex 19 3 149.841
      vertex 18 3 147.573
      vertex 17 3 149.841
    endloop
  endfacet
  facet normal 0 1 0
    outer loop
      vertex 24 3 141.181
      vertex 18 3 147.573
      vertex 19 3 149.841
    endloop
  endfacet
  facet normal 0 1 0
    outer loop
      vertex 23 3 138.913
      vertex 24 3 141.181
      vertex 25 3 138.913
    endloop
  endfacet
  facet normal 0 1 0
    outer loop
      vertex 24 3 141.181
      vertex 23 3 138.913
      vertex 18 3 147.573
    endloop
  endfacet
  facet normal 0 1 -0
    outer loop
      vertex 25 3 134.233
      vertex 23 3 138.913
      vertex 25 3 138.913
    endloop
  endfacet
  facet normal 0 1 0
    outer loop
      vertex 25 3 134.233
      vertex 23 3 134.233
      vertex 23 3 138.913
    endloop
  endfacet
  facet normal 0 1 0
    outer loop
      vertex 25 3 134.233
      vertex 24 3 131.965
      vertex 23 3 134.233
    endloop
  endfacet
  facet normal 0 1 0
    outer loop
      vertex 30 3 125.573
      vertex 24 3 131.965
      vertex 25 3 134.233
    endloop
  endfacet
  facet normal 0 1 0
    outer loop
      vertex 24 3 131.965
      vertex 30 3 125.573
      vertex 29 3 123.305
    endloop
  endfacet
  facet normal 0 1 0
    outer loop
      vertex 12 3 163.181
      vertex 42.3 3 178
      vertex 24 3 163.181
    endloop
  endfacet
  facet normal 0 1 0
    outer loop
      vertex 42.3 3 178
      vertex 29 3 154.52
      vertex 24 3 163.181
    endloop
  endfacet
  facet normal 0 1 -0
    outer loop
      vertex 35 3 138.913
      vertex 29 3 154.52
      vertex 42.3 3 178
    endloop
  endfacet
  facet normal 0 1 0
    outer loop
      vertex 29 3 154.52
      vertex 30 3 147.573
      vertex 29 3 149.841
    endloop
  endfacet
  facet normal 0 1 0
    outer loop
      vertex 29 3 154.52
      vertex 35 3 138.913
      vertex 30 3 147.573
    endloop
  endfacet
  facet normal 0 1 0
    outer loop
      vertex 42.3 3 178
      vertex 35 3 134.233
      vertex 35 3 138.913
    endloop
  endfacet
  facet normal 0 1 0
    outer loop
      vertex 30 3 116.358
      vertex 30 3 125.573
      vertex 35 3 134.233
    endloop
  endfacet
  facet normal 0 1 0
    outer loop
      vertex 30 3 125.573
      vertex 30 3 116.358
      vertex 29 3 123.305
    endloop
  endfacet
  facet normal 0 1 0
    outer loop
      vertex 29 3 123.305
      vertex 30 3 116.358
      vertex 29 3 118.626
    endloop
  endfacet
  facet normal 0 1 0
    outer loop
      vertex 35 3 134.233
      vertex 35 3 107.697
      vertex 30 3 116.358
    endloop
  endfacet
  facet normal 0 1 0
    outer loop
      vertex 42.3 3 178
      vertex 35 3 107.697
      vertex 35 3 134.233
    endloop
  endfacet
  facet normal 0 1 0
    outer loop
      vertex 42.3 3 178
      vertex 35 3 103.018
      vertex 35 3 107.697
    endloop
  endfacet
  facet normal 0 1 0
    outer loop
      vertex 30 3 85.1423
      vertex 30 3 94.3577
      vertex 35 3 103.018
    endloop
  endfacet
  facet normal 0 1 0
    outer loop
      vertex 30 3 94.3577
      vertex 30 3 85.1423
      vertex 29 3 92.0897
    endloop
  endfacet
  facet normal 0 1 0
    outer loop
      vertex 29 3 92.0897
      vertex 30 3 85.1423
      vertex 29 3 87.4103
    endloop
  endfacet
  facet normal 0 1 0
    outer loop
      vertex 35 3 103.018
      vertex 35 3 76.482
      vertex 30 3 85.1423
    endloop
  endfacet
  facet normal 0 1 0
    outer loop
      vertex 42.3 3 178
      vertex 35 3 76.482
      vertex 35 3 103.018
    endloop
  endfacet
  facet normal 0 1 -0
    outer loop
      vertex 42.3 3 3.5
      vertex 35 3 76.482
      vertex 42.3 3 178
    endloop
  endfacet
  facet normal 0 1 0
    outer loop
      vertex 30 3 53.9269
      vertex 30 3 63.1423
      vertex 35 3 71.8026
    endloop
  endfacet
  facet normal 0 1 0
    outer loop
      vertex 30 3 63.1423
      vertex 30 3 53.9269
      vertex 29 3 60.8743
    endloop
  endfacet
  facet normal 0 1 0
    outer loop
      vertex 29 3 60.8743
      vertex 30 3 53.9269
      vertex 29 3 56.1949
    endloop
  endfacet
  facet normal 0 1 0
    outer loop
      vertex 35 3 71.8026
      vertex 35 3 45.2666
      vertex 30 3 53.9269
    endloop
  endfacet
  facet normal 0 1 0
    outer loop
      vertex 35 3 76.482
      vertex 42.3 3 3.5
      vertex 35 3 71.8026
    endloop
  endfacet
  facet normal 0 1 0
    outer loop
      vertex 35 3 71.8026
      vertex 42.3 3 3.5
      vertex 35 3 45.2666
    endloop
  endfacet
  facet normal 0 1 0
    outer loop
      vertex 29 3 24.9795
      vertex 30 3 31.9269
      vertex 35 3 40.5872
    endloop
  endfacet
  facet normal 0 1 0
    outer loop
      vertex 30 3 31.9269
      vertex 29 3 24.9795
      vertex 29 3 29.659
    endloop
  endfacet
  facet normal 0 1 0
    outer loop
      vertex 42.3 3 3.5
      vertex 12 3 16.3192
      vertex 24 3 16.3192
    endloop
  endfacet
  facet normal 0 1 0
    outer loop
      vertex 12 3 16.3192
      vertex 42.3 3 3.5
      vertex 0 3 16.3192
    endloop
  endfacet
  facet normal 0 1 0
    outer loop
      vertex -42.3 3 3.5
      vertex 0 3 16.3192
      vertex 42.3 3 3.5
    endloop
  endfacet
  facet normal 0 1 0
    outer loop
      vertex 0 3 16.3192
      vertex -42.3 3 3.5
      vertex -12 3 16.3192
    endloop
  endfacet
  facet normal 0 1 0
    outer loop
      vertex 29 3 24.9795
      vertex 42.3 3 3.5
      vertex 24 3 16.3192
    endloop
  endfacet
  facet normal 0 1 0
    outer loop
      vertex 35 3 40.5872
      vertex 42.3 3 3.5
      vertex 29 3 24.9795
    endloop
  endfacet
  facet normal 0 1 0
    outer loop
      vertex 35 3 45.2666
      vertex 42.3 3 3.5
      vertex 35 3 40.5872
    endloop
  endfacet
  facet normal 0 1 0
    outer loop
      vertex 0 3 163.181
      vertex 42.3 3 178
      vertex 12 3 163.181
    endloop
  endfacet
  facet normal 0 1 0
    outer loop
      vertex 42.3 3 178
      vertex 0 3 163.181
      vertex -42.3 3 178
    endloop
  endfacet
  facet normal 0 1 -0
    outer loop
      vertex -12 3 163.181
      vertex -42.3 3 178
      vertex 0 3 163.181
    endloop
  endfacet
  facet normal 0 1 -0
    outer loop
      vertex -24 3 163.181
      vertex -42.3 3 178
      vertex -12 3 163.181
    endloop
  endfacet
  facet normal 0 1 -0
    outer loop
      vertex -29 3 154.52
      vertex -42.3 3 178
      vertex -24 3 163.181
    endloop
  endfacet
  facet normal 0 1 0
    outer loop
      vertex -30 3 147.573
      vertex -29 3 154.52
      vertex -29 3 149.841
    endloop
  endfacet
  facet normal 0 1 0
    outer loop
      vertex -35 3 138.913
      vertex -29 3 154.52
      vertex -30 3 147.573
    endloop
  endfacet
  facet normal 0 1 0
    outer loop
      vertex -29 3 154.52
      vertex -35 3 138.913
      vertex -42.3 3 178
    endloop
  endfacet
  facet normal 0 1 -0
    outer loop
      vertex -35 3 134.233
      vertex -42.3 3 178
      vertex -35 3 138.913
    endloop
  endfacet
  facet normal 0 1 0
    outer loop
      vertex -30 3 116.358
      vertex -30 3 125.573
      vertex -29 3 123.305
    endloop
  endfacet
  facet normal 0 1 0
    outer loop
      vertex -30 3 116.358
      vertex -29 3 123.305
      vertex -29 3 118.626
    endloop
  endfacet
  facet normal 0 1 0
    outer loop
      vertex -30 3 125.573
      vertex -30 3 116.358
      vertex -35 3 134.233
    endloop
  endfacet
  facet normal 0 1 0
    outer loop
      vertex -35 3 107.697
      vertex -35 3 134.233
      vertex -30 3 116.358
    endloop
  endfacet
  facet normal 0 1 -0
    outer loop
      vertex -35 3 107.697
      vertex -42.3 3 178
      vertex -35 3 134.233
    endloop
  endfacet
  facet normal 0 1 -0
    outer loop
      vertex -35 3 103.018
      vertex -42.3 3 178
      vertex -35 3 107.697
    endloop
  endfacet
  facet normal 0 1 0
    outer loop
      vertex -30 3 85.1423
      vertex -30 3 94.3577
      vertex -29 3 92.0897
    endloop
  endfacet
  facet normal 0 1 0
    outer loop
      vertex -30 3 85.1423
      vertex -29 3 92.0897
      vertex -29 3 87.4103
    endloop
  endfacet
  facet normal 0 1 0
    outer loop
      vertex -30 3 94.3577
      vertex -30 3 85.1423
      vertex -35 3 103.018
    endloop
  endfacet
  facet normal 0 1 0
    outer loop
      vertex -35 3 76.482
      vertex -35 3 103.018
      vertex -30 3 85.1423
    endloop
  endfacet
  facet normal 0 1 -0
    outer loop
      vertex -35 3 76.482
      vertex -42.3 3 178
      vertex -35 3 103.018
    endloop
  endfacet
  facet normal 0 1 0
    outer loop
      vertex -42.3 3 3.5
      vertex -35 3 76.482
      vertex -35 3 71.8026
    endloop
  endfacet
  facet normal 0 1 0
    outer loop
      vertex -30 3 53.9269
      vertex -30 3 63.1423
      vertex -29 3 60.8743
    endloop
  endfacet
  facet normal 0 1 0
    outer loop
      vertex -30 3 53.9269
      vertex -29 3 60.8743
      vertex -29 3 56.1949
    endloop
  endfacet
  facet normal 0 1 0
    outer loop
      vertex -30 3 63.1423
      vertex -30 3 53.9269
      vertex -35 3 71.8026
    endloop
  endfacet
  facet normal 0 1 0
    outer loop
      vertex -35 3 45.2666
      vertex -35 3 71.8026
      vertex -30 3 53.9269
    endloop
  endfacet
  facet normal 0 1 0
    outer loop
      vertex -42.3 3 3.5
      vertex -35 3 71.8026
      vertex -35 3 45.2666
    endloop
  endfacet
  facet normal 0 1 0
    outer loop
      vertex -42.3 3 3.5
      vertex -35 3 45.2666
      vertex -35 3 40.5872
    endloop
  endfacet
  facet normal 0 1 -0
    outer loop
      vertex -29 3 24.9795
      vertex -30 3 31.9269
      vertex -29 3 29.659
    endloop
  endfacet
  facet normal 0 1 0
    outer loop
      vertex -30 3 31.9269
      vertex -29 3 24.9795
      vertex -35 3 40.5872
    endloop
  endfacet
  facet normal 0 1 0
    outer loop
      vertex -35 3 76.482
      vertex -42.3 3 3.5
      vertex -42.3 3 178
    endloop
  endfacet
  facet normal 0 1 0
    outer loop
      vertex -29 3 24.9795
      vertex -42.3 3 3.5
      vertex -35 3 40.5872
    endloop
  endfacet
  facet normal 0 1 0
    outer loop
      vertex -24 3 16.3192
      vertex -42.3 3 3.5
      vertex -29 3 24.9795
    endloop
  endfacet
  facet normal 0 1 0
    outer loop
      vertex -12 3 16.3192
      vertex -42.3 3 3.5
      vertex -24 3 16.3192
    endloop
  endfacet
  facet normal 0 1 0
    outer loop
      vertex 30 3 147.573
      vertex 24 3 141.181
      vertex 29 3 149.841
    endloop
  endfacet
  facet normal -0 1 0
    outer loop
      vertex 24 3 141.181
      vertex 30 3 147.573
      vertex 25 3 138.913
    endloop
  endfacet
  facet normal 0 1 0
    outer loop
      vertex 18 3 147.573
      vertex 12 3 141.181
      vertex 17 3 149.841
    endloop
  endfacet
  facet normal -0 1 0
    outer loop
      vertex 12 3 141.181
      vertex 18 3 147.573
      vertex 13 3 138.913
    endloop
  endfacet
  facet normal 0 1 0
    outer loop
      vertex 6 3 147.573
      vertex 0 3 141.181
      vertex 5 3 149.841
    endloop
  endfacet
  facet normal -0 1 0
    outer loop
      vertex 0 3 141.181
      vertex 6 3 147.573
      vertex 1 3 138.913
    endloop
  endfacet
  facet normal 0 1 0
    outer loop
      vertex -6 3 147.573
      vertex -12 3 141.181
      vertex -7 3 149.841
    endloop
  endfacet
  facet normal -0 1 0
    outer loop
      vertex -12 3 141.181
      vertex -6 3 147.573
      vertex -11 3 138.913
    endloop
  endfacet
  facet normal 0 1 0
    outer loop
      vertex -18 3 147.573
      vertex -24 3 141.181
      vertex -19 3 149.841
    endloop
  endfacet
  facet normal -0 1 0
    outer loop
      vertex -24 3 141.181
      vertex -18 3 147.573
      vertex -23 3 138.913
    endloop
  endfacet
  facet normal 0 0 1
    outer loop
      vertex 24 46.95 3.5
      vertex 30.3 56.9 3.5
      vertex 30.3 60.9 3.5
    endloop
  endfacet
  facet normal 0 0 1
    outer loop
      vertex 30.3 56.9 3.5
      vertex 29.9711 41.5381 3.5
      vertex 30 40.95 3.5
    endloop
  endfacet
  facet normal 0 0 1
    outer loop
      vertex 30.3 56.9 3.5
      vertex 29.8847 42.1205 3.5
      vertex 29.9711 41.5381 3.5
    endloop
  endfacet
  facet normal 0 0 1
    outer loop
      vertex 30.3 56.9 3.5
      vertex 29.7416 42.6917 3.5
      vertex 29.8847 42.1205 3.5
    endloop
  endfacet
  facet normal 0 0 1
    outer loop
      vertex 30.3 56.9 3.5
      vertex 29.5433 43.2461 3.5
      vertex 29.7416 42.6917 3.5
    endloop
  endfacet
  facet normal 0 0 1
    outer loop
      vertex 30.3 56.9 3.5
      vertex 29.2915 43.7784 3.5
      vertex 29.5433 43.2461 3.5
    endloop
  endfacet
  facet normal 0 0 1
    outer loop
      vertex 30.3 56.9 3.5
      vertex 28.9888 44.2834 3.5
      vertex 29.2915 43.7784 3.5
    endloop
  endfacet
  facet normal 0 0 1
    outer loop
      vertex 30.3 56.9 3.5
      vertex 28.6381 44.7564 3.5
      vertex 28.9888 44.2834 3.5
    endloop
  endfacet
  facet normal 0 0 1
    outer loop
      vertex 30.3 56.9 3.5
      vertex 28.2426 45.1926 3.5
      vertex 28.6381 44.7564 3.5
    endloop
  endfacet
  facet normal 0 0 1
    outer loop
      vertex 30.3 56.9 3.5
      vertex 27.8064 45.5881 3.5
      vertex 28.2426 45.1926 3.5
    endloop
  endfacet
  facet normal 0 0 1
    outer loop
      vertex 30.3 56.9 3.5
      vertex 27.3334 45.9388 3.5
      vertex 27.8064 45.5881 3.5
    endloop
  endfacet
  facet normal 0 0 1
    outer loop
      vertex 30.3 56.9 3.5
      vertex 26.8284 46.2415 3.5
      vertex 27.3334 45.9388 3.5
    endloop
  endfacet
  facet normal 0 0 1
    outer loop
      vertex 30.3 56.9 3.5
      vertex 26.2961 46.4933 3.5
      vertex 26.8284 46.2415 3.5
    endloop
  endfacet
  facet normal 0 0 1
    outer loop
      vertex 30.3 56.9 3.5
      vertex 25.7417 46.6916 3.5
      vertex 26.2961 46.4933 3.5
    endloop
  endfacet
  facet normal 0 0 1
    outer loop
      vertex 30.3 56.9 3.5
      vertex 25.1705 46.8347 3.5
      vertex 25.7417 46.6916 3.5
    endloop
  endfacet
  facet normal 0 0 1
    outer loop
      vertex 30.3 56.9 3.5
      vertex 24.5881 46.9211 3.5
      vertex 25.1705 46.8347 3.5
    endloop
  endfacet
  facet normal 0 0 1
    outer loop
      vertex 30.3 56.9 3.5
      vertex 24 46.95 3.5
      vertex 24.5881 46.9211 3.5
    endloop
  endfacet
  facet normal 0 0 1
    outer loop
      vertex 30.3 60.9 3.5
      vertex -24 46.95 3.5
      vertex 24 46.95 3.5
    endloop
  endfacet
  facet normal -0 0 1
    outer loop
      vertex -30.3 60.9 3.5
      vertex -24 46.95 3.5
      vertex 30.3 60.9 3.5
    endloop
  endfacet
  facet normal -0 0 1
    outer loop
      vertex -30.3 56.9 3.5
      vertex -24 46.95 3.5
      vertex -30.3 60.9 3.5
    endloop
  endfacet
  facet normal 0 0 1
    outer loop
      vertex -24 46.95 3.5
      vertex -30.3 56.9 3.5
      vertex -24.5881 46.9211 3.5
    endloop
  endfacet
  facet normal 0 0 1
    outer loop
      vertex -29.8847 42.1205 3.5
      vertex -42.3 56.9 3.5
      vertex -29.9711 41.5381 3.5
    endloop
  endfacet
  facet normal 0 0 1
    outer loop
      vertex -29.7416 42.6917 3.5
      vertex -42.3 56.9 3.5
      vertex -29.8847 42.1205 3.5
    endloop
  endfacet
  facet normal 0 0 1
    outer loop
      vertex -29.5433 43.2461 3.5
      vertex -42.3 56.9 3.5
      vertex -29.7416 42.6917 3.5
    endloop
  endfacet
  facet normal 0 0 1
    outer loop
      vertex -29.2915 43.7784 3.5
      vertex -42.3 56.9 3.5
      vertex -29.5433 43.2461 3.5
    endloop
  endfacet
  facet normal 0 0 1
    outer loop
      vertex -28.9888 44.2834 3.5
      vertex -42.3 56.9 3.5
      vertex -29.2915 43.7784 3.5
    endloop
  endfacet
  facet normal -0 0 1
    outer loop
      vertex -42.3 56.9 3.5
      vertex -28.9888 44.2834 3.5
      vertex -30.3 56.9 3.5
    endloop
  endfacet
  facet normal 0 0 1
    outer loop
      vertex -28.6381 44.7564 3.5
      vertex -30.3 56.9 3.5
      vertex -28.9888 44.2834 3.5
    endloop
  endfacet
  facet normal 0 0 1
    outer loop
      vertex -28.2426 45.1926 3.5
      vertex -30.3 56.9 3.5
      vertex -28.6381 44.7564 3.5
    endloop
  endfacet
  facet normal 0 0 1
    outer loop
      vertex -27.8064 45.5881 3.5
      vertex -30.3 56.9 3.5
      vertex -28.2426 45.1926 3.5
    endloop
  endfacet
  facet normal 0 0 1
    outer loop
      vertex -27.3334 45.9388 3.5
      vertex -30.3 56.9 3.5
      vertex -27.8064 45.5881 3.5
    endloop
  endfacet
  facet normal 0 0 1
    outer loop
      vertex -26.8284 46.2415 3.5
      vertex -30.3 56.9 3.5
      vertex -27.3334 45.9388 3.5
    endloop
  endfacet
  facet normal 0 0 1
    outer loop
      vertex -26.2961 46.4933 3.5
      vertex -30.3 56.9 3.5
      vertex -26.8284 46.2415 3.5
    endloop
  endfacet
  facet normal 0 0 1
    outer loop
      vertex -25.7417 46.6916 3.5
      vertex -30.3 56.9 3.5
      vertex -26.2961 46.4933 3.5
    endloop
  endfacet
  facet normal 0 0 1
    outer loop
      vertex -25.1705 46.8347 3.5
      vertex -30.3 56.9 3.5
      vertex -25.7417 46.6916 3.5
    endloop
  endfacet
  facet normal 0 0 1
    outer loop
      vertex -24.5881 46.9211 3.5
      vertex -30.3 56.9 3.5
      vertex -25.1705 46.8347 3.5
    endloop
  endfacet
  facet normal 0 0 1
    outer loop
      vertex 30 40.95 3.5
      vertex 42.3 56.9 3.5
      vertex 30.3 56.9 3.5
    endloop
  endfacet
  facet normal 0 0 1
    outer loop
      vertex 42.3 56.9 3.5
      vertex 30 40.95 3.5
      vertex 42.3 3 3.5
    endloop
  endfacet
  facet normal -0 0 1
    outer loop
      vertex 30 18.95 3.5
      vertex 42.3 3 3.5
      vertex 30 40.95 3.5
    endloop
  endfacet
  facet normal -0 0 1
    outer loop
      vertex 29.9711 18.3619 3.5
      vertex 42.3 3 3.5
      vertex 30 18.95 3.5
    endloop
  endfacet
  facet normal -0 0 1
    outer loop
      vertex 29.8847 17.7795 3.5
      vertex 42.3 3 3.5
      vertex 29.9711 18.3619 3.5
    endloop
  endfacet
  facet normal -0 0 1
    outer loop
      vertex 29.7416 17.2083 3.5
      vertex 42.3 3 3.5
      vertex 29.8847 17.7795 3.5
    endloop
  endfacet
  facet normal -0 0 1
    outer loop
      vertex 29.5433 16.6539 3.5
      vertex 42.3 3 3.5
      vertex 29.7416 17.2083 3.5
    endloop
  endfacet
  facet normal -0 0 1
    outer loop
      vertex 29.2915 16.1216 3.5
      vertex 42.3 3 3.5
      vertex 29.5433 16.6539 3.5
    endloop
  endfacet
  facet normal -0 0 1
    outer loop
      vertex 28.9888 15.6166 3.5
      vertex 42.3 3 3.5
      vertex 29.2915 16.1216 3.5
    endloop
  endfacet
  facet normal -0 0 1
    outer loop
      vertex 28.6381 15.1436 3.5
      vertex 42.3 3 3.5
      vertex 28.9888 15.6166 3.5
    endloop
  endfacet
  facet normal -0 0 1
    outer loop
      vertex 28.2426 14.7074 3.5
      vertex 42.3 3 3.5
      vertex 28.6381 15.1436 3.5
    endloop
  endfacet
  facet normal -0 0 1
    outer loop
      vertex 27.8064 14.3119 3.5
      vertex 42.3 3 3.5
      vertex 28.2426 14.7074 3.5
    endloop
  endfacet
  facet normal -0 0 1
    outer loop
      vertex 27.3334 13.9612 3.5
      vertex 42.3 3 3.5
      vertex 27.8064 14.3119 3.5
    endloop
  endfacet
  facet normal -0 0 1
    outer loop
      vertex 26.8284 13.6585 3.5
      vertex 42.3 3 3.5
      vertex 27.3334 13.9612 3.5
    endloop
  endfacet
  facet normal -0 0 1
    outer loop
      vertex 26.2961 13.4067 3.5
      vertex 42.3 3 3.5
      vertex 26.8284 13.6585 3.5
    endloop
  endfacet
  facet normal -0 0 1
    outer loop
      vertex 25.7417 13.2084 3.5
      vertex 42.3 3 3.5
      vertex 26.2961 13.4067 3.5
    endloop
  endfacet
  facet normal -0 0 1
    outer loop
      vertex 25.1705 13.0653 3.5
      vertex 42.3 3 3.5
      vertex 25.7417 13.2084 3.5
    endloop
  endfacet
  facet normal -0 0 1
    outer loop
      vertex 24.5881 12.9789 3.5
      vertex 42.3 3 3.5
      vertex 25.1705 13.0653 3.5
    endloop
  endfacet
  facet normal -0 0 1
    outer loop
      vertex 24 12.95 3.5
      vertex 42.3 3 3.5
      vertex 24.5881 12.9789 3.5
    endloop
  endfacet
  facet normal -0 0 1
    outer loop
      vertex -24 12.95 3.5
      vertex 42.3 3 3.5
      vertex 24 12.95 3.5
    endloop
  endfacet
  facet normal 0 0 1
    outer loop
      vertex -42.3 3 3.5
      vertex -24 12.95 3.5
      vertex -24.5881 12.9789 3.5
    endloop
  endfacet
  facet normal 0 0 1
    outer loop
      vertex -42.3 3 3.5
      vertex -24.5881 12.9789 3.5
      vertex -25.1705 13.0653 3.5
    endloop
  endfacet
  facet normal 0 0 1
    outer loop
      vertex -29.9711 41.5381 3.5
      vertex -42.3 56.9 3.5
      vertex -30 40.95 3.5
    endloop
  endfacet
  facet normal 0 0 1
    outer loop
      vertex -30 40.95 3.5
      vertex -42.3 56.9 3.5
      vertex -30 18.95 3.5
    endloop
  endfacet
  facet normal 0 0 1
    outer loop
      vertex -42.3 3 3.5
      vertex -30 18.95 3.5
      vertex -42.3 56.9 3.5
    endloop
  endfacet
  facet normal 0 0 1
    outer loop
      vertex -30 18.95 3.5
      vertex -42.3 3 3.5
      vertex -29.9711 18.3619 3.5
    endloop
  endfacet
  facet normal 0 0 1
    outer loop
      vertex -29.9711 18.3619 3.5
      vertex -42.3 3 3.5
      vertex -29.8847 17.7795 3.5
    endloop
  endfacet
  facet normal 0 0 1
    outer loop
      vertex -24 12.95 3.5
      vertex -42.3 3 3.5
      vertex 42.3 3 3.5
    endloop
  endfacet
  facet normal 0 0 1
    outer loop
      vertex -25.7417 13.2084 3.5
      vertex -42.3 3 3.5
      vertex -25.1705 13.0653 3.5
    endloop
  endfacet
  facet normal 0 0 1
    outer loop
      vertex -26.2961 13.4067 3.5
      vertex -42.3 3 3.5
      vertex -25.7417 13.2084 3.5
    endloop
  endfacet
  facet normal 0 0 1
    outer loop
      vertex -26.8284 13.6585 3.5
      vertex -42.3 3 3.5
      vertex -26.2961 13.4067 3.5
    endloop
  endfacet
  facet normal 0 0 1
    outer loop
      vertex -27.3334 13.9612 3.5
      vertex -42.3 3 3.5
      vertex -26.8284 13.6585 3.5
    endloop
  endfacet
  facet normal 0 0 1
    outer loop
      vertex -27.8064 14.3119 3.5
      vertex -42.3 3 3.5
      vertex -27.3334 13.9612 3.5
    endloop
  endfacet
  facet normal 0 0 1
    outer loop
      vertex -28.2426 14.7074 3.5
      vertex -42.3 3 3.5
      vertex -27.8064 14.3119 3.5
    endloop
  endfacet
  facet normal 0 0 1
    outer loop
      vertex -28.6381 15.1436 3.5
      vertex -42.3 3 3.5
      vertex -28.2426 14.7074 3.5
    endloop
  endfacet
  facet normal 0 0 1
    outer loop
      vertex -28.9888 15.6166 3.5
      vertex -42.3 3 3.5
      vertex -28.6381 15.1436 3.5
    endloop
  endfacet
  facet normal 0 0 1
    outer loop
      vertex -29.2915 16.1216 3.5
      vertex -42.3 3 3.5
      vertex -28.9888 15.6166 3.5
    endloop
  endfacet
  facet normal 0 0 1
    outer loop
      vertex -29.5433 16.6539 3.5
      vertex -42.3 3 3.5
      vertex -29.2915 16.1216 3.5
    endloop
  endfacet
  facet normal 0 0 1
    outer loop
      vertex -29.7416 17.2083 3.5
      vertex -42.3 3 3.5
      vertex -29.5433 16.6539 3.5
    endloop
  endfacet
  facet normal 0 0 1
    outer loop
      vertex -29.8847 17.7795 3.5
      vertex -42.3 3 3.5
      vertex -29.7416 17.2083 3.5
    endloop
  endfacet
  facet normal 0.337059 0 0.941483
    outer loop
      vertex -53.2567 4.25 27.6903
      vertex -53.0257 0 27.6076
      vertex -53.0257 4.25 27.6076
    endloop
  endfacet
  facet normal 0.337059 0 0.941483
    outer loop
      vertex -53.0257 0 27.6076
      vertex -53.2567 4.25 27.6903
      vertex -53.2567 0 27.6903
    endloop
  endfacet
  facet normal -0.989177 0 -0.146726
    outer loop
      vertex -49.812 0 30.245
      vertex -49.848 4.25 30.4877
      vertex -49.812 4.25 30.245
    endloop
  endfacet
  facet normal -0.989177 -0 -0.146726
    outer loop
      vertex -49.848 4.25 30.4877
      vertex -49.812 0 30.245
      vertex -49.848 0 30.4877
    endloop
  endfacet
  facet normal -0.998803 0 -0.0489209
    outer loop
      vertex -49.8 0 30
      vertex -49.812 4.25 30.245
      vertex -49.8 4.25 30
    endloop
  endfacet
  facet normal -0.998803 -0 -0.0489209
    outer loop
      vertex -49.812 4.25 30.245
      vertex -49.8 0 30
      vertex -49.812 0 30.245
    endloop
  endfacet
  facet normal -0.970047 0 -0.242919
    outer loop
      vertex -49.848 0 30.4877
      vertex -49.9076 4.25 30.7257
      vertex -49.848 4.25 30.4877
    endloop
  endfacet
  facet normal -0.970047 -0 -0.242919
    outer loop
      vertex -49.9076 4.25 30.7257
      vertex -49.848 0 30.4877
      vertex -49.9076 0 30.7257
    endloop
  endfacet
  facet normal 0.989177 0 -0.146726
    outer loop
      vertex -54.752 0 30.4877
      vertex -54.788 4.25 30.245
      vertex -54.752 4.25 30.4877
    endloop
  endfacet
  facet normal 0.989177 0 -0.146726
    outer loop
      vertex -54.788 4.25 30.245
      vertex -54.752 0 30.4877
      vertex -54.788 0 30.245
    endloop
  endfacet
  facet normal 0.242919 0 0.970047
    outer loop
      vertex -53.0257 4.25 27.6076
      vertex -52.7877 0 27.548
      vertex -52.7877 4.25 27.548
    endloop
  endfacet
  facet normal 0.242919 0 0.970047
    outer loop
      vertex -52.7877 0 27.548
      vertex -53.0257 4.25 27.6076
      vertex -53.0257 0 27.6076
    endloop
  endfacet
  facet normal -0.336698 0 -0.941613
    outer loop
      vertex -51.5743 0 32.3923
      vertex -51.3433 4.25 32.3097
      vertex -51.3433 0 32.3097
    endloop
  endfacet
  facet normal -0.336698 0 -0.941613
    outer loop
      vertex -51.3433 4.25 32.3097
      vertex -51.5743 0 32.3923
      vertex -51.5743 4.25 32.3923
    endloop
  endfacet
  facet normal 0.514076 0 -0.857745
    outer loop
      vertex -53.6889 0 32.0787
      vertex -53.4785 4.25 32.2048
      vertex -53.4785 0 32.2048
    endloop
  endfacet
  facet normal 0.514076 0 -0.857745
    outer loop
      vertex -53.4785 4.25 32.2048
      vertex -53.6889 0 32.0787
      vertex -53.6889 4.25 32.0787
    endloop
  endfacet
  facet normal 0.903995 -0 0.427543
    outer loop
      vertex -54.6097 0 29.0433
      vertex -54.5048 4.25 28.8215
      vertex -54.6097 4.25 29.0433
    endloop
  endfacet
  facet normal 0.903995 0 0.427543
    outer loop
      vertex -54.5048 4.25 28.8215
      vertex -54.6097 0 29.0433
      vertex -54.5048 0 28.8215
    endloop
  endfacet
  facet normal 0.243303 0 -0.96995
    outer loop
      vertex -53.0257 0 32.3923
      vertex -52.7877 4.25 32.452
      vertex -52.7877 0 32.452
    endloop
  endfacet
  facet normal 0.243303 0 -0.96995
    outer loop
      vertex -52.7877 4.25 32.452
      vertex -53.0257 0 32.3923
      vertex -53.0257 4.25 32.3923
    endloop
  endfacet
  facet normal 0.857745 -0 0.514076
    outer loop
      vertex -54.5048 0 28.8215
      vertex -54.3787 4.25 28.6111
      vertex -54.5048 4.25 28.8215
    endloop
  endfacet
  facet normal 0.857745 0 0.514076
    outer loop
      vertex -54.3787 4.25 28.6111
      vertex -54.5048 0 28.8215
      vertex -54.3787 0 28.6111
    endloop
  endfacet
  facet normal -0.242919 0 0.970047
    outer loop
      vertex -51.8123 4.25 27.548
      vertex -51.5743 0 27.6076
      vertex -51.5743 4.25 27.6076
    endloop
  endfacet
  facet normal -0.242919 0 0.970047
    outer loop
      vertex -51.5743 0 27.6076
      vertex -51.8123 4.25 27.548
      vertex -51.8123 0 27.548
    endloop
  endfacet
  facet normal 0.595754 0 0.803167
    outer loop
      vertex -53.886 4.25 28.0675
      vertex -53.6889 0 27.9213
      vertex -53.6889 4.25 27.9213
    endloop
  endfacet
  facet normal 0.595754 0 0.803167
    outer loop
      vertex -53.6889 0 27.9213
      vertex -53.886 4.25 28.0675
      vertex -53.886 0 28.0675
    endloop
  endfacet
  facet normal -0.514076 0 0.857745
    outer loop
      vertex -51.1215 4.25 27.7952
      vertex -50.9111 0 27.9213
      vertex -50.9111 4.25 27.9213
    endloop
  endfacet
  facet normal -0.514076 0 0.857745
    outer loop
      vertex -50.9111 0 27.9213
      vertex -51.1215 4.25 27.7952
      vertex -51.1215 0 27.7952
    endloop
  endfacet
  facet normal -0.803167 0 0.595754
    outer loop
      vertex -50.3675 0 28.414
      vertex -50.2213 4.25 28.6111
      vertex -50.3675 4.25 28.414
    endloop
  endfacet
  facet normal -0.803167 0 0.595754
    outer loop
      vertex -50.2213 4.25 28.6111
      vertex -50.3675 0 28.414
      vertex -50.2213 0 28.6111
    endloop
  endfacet
  facet normal -0.146726 0 -0.989177
    outer loop
      vertex -52.055 0 32.488
      vertex -51.8123 4.25 32.452
      vertex -51.8123 0 32.452
    endloop
  endfacet
  facet normal -0.146726 0 -0.989177
    outer loop
      vertex -51.8123 4.25 32.452
      vertex -52.055 0 32.488
      vertex -52.055 4.25 32.488
    endloop
  endfacet
  facet normal 0.595754 0 -0.803167
    outer loop
      vertex -53.886 0 31.9325
      vertex -53.6889 4.25 32.0787
      vertex -53.6889 0 32.0787
    endloop
  endfacet
  facet normal 0.595754 0 -0.803167
    outer loop
      vertex -53.6889 4.25 32.0787
      vertex -53.886 0 31.9325
      vertex -53.886 4.25 31.9325
    endloop
  endfacet
  facet normal -0.427543 0 0.903995
    outer loop
      vertex -51.3433 4.25 27.6903
      vertex -51.1215 0 27.7952
      vertex -51.1215 4.25 27.7952
    endloop
  endfacet
  facet normal -0.427543 0 0.903995
    outer loop
      vertex -51.1215 0 27.7952
      vertex -51.3433 4.25 27.6903
      vertex -51.3433 0 27.6903
    endloop
  endfacet
  facet normal 0.803167 0 -0.595754
    outer loop
      vertex -54.2325 0 31.586
      vertex -54.3787 4.25 31.3889
      vertex -54.2325 4.25 31.586
    endloop
  endfacet
  facet normal 0.803167 0 -0.595754
    outer loop
      vertex -54.3787 4.25 31.3889
      vertex -54.2325 0 31.586
      vertex -54.3787 0 31.3889
    endloop
  endfacet
  facet normal -0.989177 0 0.146726
    outer loop
      vertex -49.848 0 29.5123
      vertex -49.812 4.25 29.755
      vertex -49.848 4.25 29.5123
    endloop
  endfacet
  facet normal -0.989177 0 0.146726
    outer loop
      vertex -49.812 4.25 29.755
      vertex -49.848 0 29.5123
      vertex -49.812 0 29.755
    endloop
  endfacet
  facet normal 0.941483 0 -0.337059
    outer loop
      vertex -54.6097 0 30.9567
      vertex -54.6924 4.25 30.7257
      vertex -54.6097 4.25 30.9567
    endloop
  endfacet
  facet normal 0.941483 0 -0.337059
    outer loop
      vertex -54.6924 4.25 30.7257
      vertex -54.6097 0 30.9567
      vertex -54.6924 0 30.7257
    endloop
  endfacet
  facet normal -0.427543 0 -0.903995
    outer loop
      vertex -51.3433 0 32.3097
      vertex -51.1215 4.25 32.2048
      vertex -51.1215 0 32.2048
    endloop
  endfacet
  facet normal -0.427543 0 -0.903995
    outer loop
      vertex -51.1215 4.25 32.2048
      vertex -51.3433 0 32.3097
      vertex -51.3433 4.25 32.3097
    endloop
  endfacet
  facet normal 0.941483 -0 0.337059
    outer loop
      vertex -54.6924 0 29.2743
      vertex -54.6097 4.25 29.0433
      vertex -54.6924 4.25 29.2743
    endloop
  endfacet
  facet normal 0.941483 0 0.337059
    outer loop
      vertex -54.6097 4.25 29.0433
      vertex -54.6924 0 29.2743
      vertex -54.6097 0 29.0433
    endloop
  endfacet
  facet normal -0.970047 0 0.242919
    outer loop
      vertex -49.9076 0 29.2743
      vertex -49.848 4.25 29.5123
      vertex -49.9076 4.25 29.2743
    endloop
  endfacet
  facet normal -0.970047 0 0.242919
    outer loop
      vertex -49.848 4.25 29.5123
      vertex -49.9076 0 29.2743
      vertex -49.848 0 29.5123
    endloop
  endfacet
  facet normal 0.0489209 0 -0.998803
    outer loop
      vertex -52.545 0 32.488
      vertex -52.3 4.25 32.5
      vertex -52.3 0 32.5
    endloop
  endfacet
  facet normal 0.0489209 0 -0.998803
    outer loop
      vertex -52.3 4.25 32.5
      vertex -52.545 0 32.488
      vertex -52.545 4.25 32.488
    endloop
  endfacet
  facet normal -0.671394 0 -0.741101
    outer loop
      vertex -50.714 0 31.9325
      vertex -50.5322 4.25 31.7678
      vertex -50.5322 0 31.7678
    endloop
  endfacet
  facet normal -0.671394 0 -0.741101
    outer loop
      vertex -50.5322 4.25 31.7678
      vertex -50.714 0 31.9325
      vertex -50.714 4.25 31.9325
    endloop
  endfacet
  facet normal 0.427543 0 -0.903995
    outer loop
      vertex -53.4785 0 32.2048
      vertex -53.2567 4.25 32.3097
      vertex -53.2567 0 32.3097
    endloop
  endfacet
  facet normal 0.427543 0 -0.903995
    outer loop
      vertex -53.2567 4.25 32.3097
      vertex -53.4785 0 32.2048
      vertex -53.4785 4.25 32.2048
    endloop
  endfacet
  facet normal 0.671394 0 -0.741101
    outer loop
      vertex -54.0678 0 31.7678
      vertex -53.886 4.25 31.9325
      vertex -53.886 0 31.9325
    endloop
  endfacet
  facet normal 0.671394 0 -0.741101
    outer loop
      vertex -53.886 4.25 31.9325
      vertex -54.0678 0 31.7678
      vertex -54.0678 4.25 31.7678
    endloop
  endfacet
  facet normal -0.337059 0 0.941483
    outer loop
      vertex -51.5743 4.25 27.6076
      vertex -51.3433 0 27.6903
      vertex -51.3433 4.25 27.6903
    endloop
  endfacet
  facet normal -0.337059 0 0.941483
    outer loop
      vertex -51.3433 0 27.6903
      vertex -51.5743 4.25 27.6076
      vertex -51.5743 0 27.6076
    endloop
  endfacet
  facet normal 0.336698 0 -0.941613
    outer loop
      vertex -53.2567 0 32.3097
      vertex -53.0257 4.25 32.3923
      vertex -53.0257 0 32.3923
    endloop
  endfacet
  facet normal 0.336698 0 -0.941613
    outer loop
      vertex -53.0257 4.25 32.3923
      vertex -53.2567 0 32.3097
      vertex -53.2567 4.25 32.3097
    endloop
  endfacet
  facet normal -0.803167 0 -0.595754
    outer loop
      vertex -50.2213 0 31.3889
      vertex -50.3675 4.25 31.586
      vertex -50.2213 4.25 31.3889
    endloop
  endfacet
  facet normal -0.803167 -0 -0.595754
    outer loop
      vertex -50.3675 4.25 31.586
      vertex -50.2213 0 31.3889
      vertex -50.3675 0 31.586
    endloop
  endfacet
  facet normal 0.857745 0 -0.514076
    outer loop
      vertex -54.3787 0 31.3889
      vertex -54.5048 4.25 31.1785
      vertex -54.3787 4.25 31.3889
    endloop
  endfacet
  facet normal 0.857745 0 -0.514076
    outer loop
      vertex -54.5048 4.25 31.1785
      vertex -54.3787 0 31.3889
      vertex -54.5048 0 31.1785
    endloop
  endfacet
  facet normal -0.998803 0 0.0489209
    outer loop
      vertex -49.812 0 29.755
      vertex -49.8 4.25 30
      vertex -49.812 4.25 29.755
    endloop
  endfacet
  facet normal -0.998803 0 0.0489209
    outer loop
      vertex -49.8 4.25 30
      vertex -49.812 0 29.755
      vertex -49.8 0 30
    endloop
  endfacet
  facet normal -0.903995 0 0.427543
    outer loop
      vertex -50.0952 0 28.8215
      vertex -49.9903 4.25 29.0433
      vertex -50.0952 4.25 28.8215
    endloop
  endfacet
  facet normal -0.903995 0 0.427543
    outer loop
      vertex -49.9903 4.25 29.0433
      vertex -50.0952 0 28.8215
      vertex -49.9903 0 29.0433
    endloop
  endfacet
  facet normal -0.857745 0 -0.514076
    outer loop
      vertex -50.0952 0 31.1785
      vertex -50.2213 4.25 31.3889
      vertex -50.0952 4.25 31.1785
    endloop
  endfacet
  facet normal -0.857745 -0 -0.514076
    outer loop
      vertex -50.2213 4.25 31.3889
      vertex -50.0952 0 31.1785
      vertex -50.2213 0 31.3889
    endloop
  endfacet
  facet normal 0.671394 0 0.741101
    outer loop
      vertex -54.0678 4.25 28.2322
      vertex -53.886 0 28.0675
      vertex -53.886 4.25 28.0675
    endloop
  endfacet
  facet normal 0.671394 0 0.741101
    outer loop
      vertex -53.886 0 28.0675
      vertex -54.0678 4.25 28.2322
      vertex -54.0678 0 28.2322
    endloop
  endfacet
  facet normal -0.595754 0 -0.803167
    outer loop
      vertex -50.9111 0 32.0787
      vertex -50.714 4.25 31.9325
      vertex -50.714 0 31.9325
    endloop
  endfacet
  facet normal -0.595754 0 -0.803167
    outer loop
      vertex -50.714 4.25 31.9325
      vertex -50.9111 0 32.0787
      vertex -50.9111 4.25 32.0787
    endloop
  endfacet
  facet normal 0.514076 0 0.857745
    outer loop
      vertex -53.6889 4.25 27.9213
      vertex -53.4785 0 27.7952
      vertex -53.4785 4.25 27.7952
    endloop
  endfacet
  facet normal 0.514076 0 0.857745
    outer loop
      vertex -53.4785 0 27.7952
      vertex -53.6889 4.25 27.9213
      vertex -53.6889 0 27.9213
    endloop
  endfacet
  facet normal -0.514076 0 -0.857745
    outer loop
      vertex -51.1215 0 32.2048
      vertex -50.9111 4.25 32.0787
      vertex -50.9111 0 32.0787
    endloop
  endfacet
  facet normal -0.514076 0 -0.857745
    outer loop
      vertex -50.9111 4.25 32.0787
      vertex -51.1215 0 32.2048
      vertex -51.1215 4.25 32.2048
    endloop
  endfacet
  facet normal -0.146726 0 0.989177
    outer loop
      vertex -52.055 4.25 27.512
      vertex -51.8123 0 27.548
      vertex -51.8123 4.25 27.548
    endloop
  endfacet
  facet normal -0.146726 0 0.989177
    outer loop
      vertex -51.8123 0 27.548
      vertex -52.055 4.25 27.512
      vertex -52.055 0 27.512
    endloop
  endfacet
  facet normal -0.941483 0 -0.337059
    outer loop
      vertex -49.9076 0 30.7257
      vertex -49.9903 4.25 30.9567
      vertex -49.9076 4.25 30.7257
    endloop
  endfacet
  facet normal -0.941483 -0 -0.337059
    outer loop
      vertex -49.9903 4.25 30.9567
      vertex -49.9076 0 30.7257
      vertex -49.9903 0 30.9567
    endloop
  endfacet
  facet normal -0.857745 0 0.514076
    outer loop
      vertex -50.2213 0 28.6111
      vertex -50.0952 4.25 28.8215
      vertex -50.2213 4.25 28.6111
    endloop
  endfacet
  facet normal -0.857745 0 0.514076
    outer loop
      vertex -50.0952 4.25 28.8215
      vertex -50.2213 0 28.6111
      vertex -50.0952 0 28.8215
    endloop
  endfacet
  facet normal 0.998803 -0 0.0489209
    outer loop
      vertex -54.8 0 30
      vertex -54.788 4.25 29.755
      vertex -54.8 4.25 30
    endloop
  endfacet
  facet normal 0.998803 0 0.0489209
    outer loop
      vertex -54.788 4.25 29.755
      vertex -54.8 0 30
      vertex -54.788 0 29.755
    endloop
  endfacet
  facet normal -0.941483 0 0.337059
    outer loop
      vertex -49.9903 0 29.0433
      vertex -49.9076 4.25 29.2743
      vertex -49.9903 4.25 29.0433
    endloop
  endfacet
  facet normal -0.941483 0 0.337059
    outer loop
      vertex -49.9076 4.25 29.2743
      vertex -49.9903 0 29.0433
      vertex -49.9076 0 29.2743
    endloop
  endfacet
  facet normal -0.741101 0 -0.671394
    outer loop
      vertex -50.3675 0 31.586
      vertex -50.5322 4.25 31.7678
      vertex -50.3675 4.25 31.586
    endloop
  endfacet
  facet normal -0.741101 -0 -0.671394
    outer loop
      vertex -50.5322 4.25 31.7678
      vertex -50.3675 0 31.586
      vertex -50.5322 0 31.7678
    endloop
  endfacet
  facet normal -0.0489209 0 -0.998803
    outer loop
      vertex -52.3 0 32.5
      vertex -52.055 4.25 32.488
      vertex -52.055 0 32.488
    endloop
  endfacet
  facet normal -0.0489209 0 -0.998803
    outer loop
      vertex -52.055 4.25 32.488
      vertex -52.3 0 32.5
      vertex -52.3 4.25 32.5
    endloop
  endfacet
  facet normal -0.903995 0 -0.427543
    outer loop
      vertex -49.9903 0 30.9567
      vertex -50.0952 4.25 31.1785
      vertex -49.9903 4.25 30.9567
    endloop
  endfacet
  facet normal -0.903995 -0 -0.427543
    outer loop
      vertex -50.0952 4.25 31.1785
      vertex -49.9903 0 30.9567
      vertex -50.0952 0 31.1785
    endloop
  endfacet
  facet normal 0.146726 0 0.989177
    outer loop
      vertex -52.7877 4.25 27.548
      vertex -52.545 0 27.512
      vertex -52.545 4.25 27.512
    endloop
  endfacet
  facet normal 0.146726 0 0.989177
    outer loop
      vertex -52.545 0 27.512
      vertex -52.7877 4.25 27.548
      vertex -52.7877 0 27.548
    endloop
  endfacet
  facet normal -0.671394 0 0.741101
    outer loop
      vertex -50.714 4.25 28.0675
      vertex -50.5322 0 28.2322
      vertex -50.5322 4.25 28.2322
    endloop
  endfacet
  facet normal -0.671394 0 0.741101
    outer loop
      vertex -50.5322 0 28.2322
      vertex -50.714 4.25 28.0675
      vertex -50.714 0 28.0675
    endloop
  endfacet
  facet normal 0.0489209 0 0.998803
    outer loop
      vertex -52.545 4.25 27.512
      vertex -52.3 0 27.5
      vertex -52.3 4.25 27.5
    endloop
  endfacet
  facet normal 0.0489209 0 0.998803
    outer loop
      vertex -52.3 0 27.5
      vertex -52.545 4.25 27.512
      vertex -52.545 0 27.512
    endloop
  endfacet
  facet normal 0.741101 0 -0.671394
    outer loop
      vertex -54.0678 0 31.7678
      vertex -54.2325 4.25 31.586
      vertex -54.0678 4.25 31.7678
    endloop
  endfacet
  facet normal 0.741101 0 -0.671394
    outer loop
      vertex -54.2325 4.25 31.586
      vertex -54.0678 0 31.7678
      vertex -54.2325 0 31.586
    endloop
  endfacet
  facet normal 0.146726 0 -0.989177
    outer loop
      vertex -52.7877 0 32.452
      vertex -52.545 4.25 32.488
      vertex -52.545 0 32.488
    endloop
  endfacet
  facet normal 0.146726 0 -0.989177
    outer loop
      vertex -52.545 4.25 32.488
      vertex -52.7877 0 32.452
      vertex -52.7877 4.25 32.452
    endloop
  endfacet
  facet normal 0.903995 0 -0.427543
    outer loop
      vertex -54.5048 0 31.1785
      vertex -54.6097 4.25 30.9567
      vertex -54.5048 4.25 31.1785
    endloop
  endfacet
  facet normal 0.903995 0 -0.427543
    outer loop
      vertex -54.6097 4.25 30.9567
      vertex -54.5048 0 31.1785
      vertex -54.6097 0 30.9567
    endloop
  endfacet
  facet normal 0.970047 0 -0.242919
    outer loop
      vertex -54.6924 0 30.7257
      vertex -54.752 4.25 30.4877
      vertex -54.6924 4.25 30.7257
    endloop
  endfacet
  facet normal 0.970047 0 -0.242919
    outer loop
      vertex -54.752 4.25 30.4877
      vertex -54.6924 0 30.7257
      vertex -54.752 0 30.4877
    endloop
  endfacet
  facet normal -0.243303 0 -0.96995
    outer loop
      vertex -51.8123 0 32.452
      vertex -51.5743 4.25 32.3923
      vertex -51.5743 0 32.3923
    endloop
  endfacet
  facet normal -0.243303 0 -0.96995
    outer loop
      vertex -51.5743 4.25 32.3923
      vertex -51.8123 0 32.452
      vertex -51.8123 4.25 32.452
    endloop
  endfacet
  facet normal 0.970047 -0 0.242919
    outer loop
      vertex -54.752 0 29.5123
      vertex -54.6924 4.25 29.2743
      vertex -54.752 4.25 29.5123
    endloop
  endfacet
  facet normal 0.970047 0 0.242919
    outer loop
      vertex -54.6924 4.25 29.2743
      vertex -54.752 0 29.5123
      vertex -54.6924 0 29.2743
    endloop
  endfacet
  facet normal 0.427543 0 0.903995
    outer loop
      vertex -53.4785 4.25 27.7952
      vertex -53.2567 0 27.6903
      vertex -53.2567 4.25 27.6903
    endloop
  endfacet
  facet normal 0.427543 0 0.903995
    outer loop
      vertex -53.2567 0 27.6903
      vertex -53.4785 4.25 27.7952
      vertex -53.4785 0 27.7952
    endloop
  endfacet
  facet normal 0.741101 -0 0.671394
    outer loop
      vertex -54.2325 0 28.414
      vertex -54.0678 4.25 28.2322
      vertex -54.2325 4.25 28.414
    endloop
  endfacet
  facet normal 0.741101 0 0.671394
    outer loop
      vertex -54.0678 4.25 28.2322
      vertex -54.2325 0 28.414
      vertex -54.0678 0 28.2322
    endloop
  endfacet
  facet normal -0.0489209 0 0.998803
    outer loop
      vertex -52.3 4.25 27.5
      vertex -52.055 0 27.512
      vertex -52.055 4.25 27.512
    endloop
  endfacet
  facet normal -0.0489209 0 0.998803
    outer loop
      vertex -52.055 0 27.512
      vertex -52.3 4.25 27.5
      vertex -52.3 0 27.5
    endloop
  endfacet
  facet normal 0.989177 -0 0.146726
    outer loop
      vertex -54.788 0 29.755
      vertex -54.752 4.25 29.5123
      vertex -54.788 4.25 29.755
    endloop
  endfacet
  facet normal 0.989177 0 0.146726
    outer loop
      vertex -54.752 4.25 29.5123
      vertex -54.788 0 29.755
      vertex -54.752 0 29.5123
    endloop
  endfacet
  facet normal -0.595754 0 0.803167
    outer loop
      vertex -50.9111 4.25 27.9213
      vertex -50.714 0 28.0675
      vertex -50.714 4.25 28.0675
    endloop
  endfacet
  facet normal -0.595754 0 0.803167
    outer loop
      vertex -50.714 0 28.0675
      vertex -50.9111 4.25 27.9213
      vertex -50.9111 0 27.9213
    endloop
  endfacet
  facet normal 0.803167 -0 0.595754
    outer loop
      vertex -54.3787 0 28.6111
      vertex -54.2325 4.25 28.414
      vertex -54.3787 4.25 28.6111
    endloop
  endfacet
  facet normal 0.803167 0 0.595754
    outer loop
      vertex -54.2325 4.25 28.414
      vertex -54.3787 0 28.6111
      vertex -54.2325 0 28.414
    endloop
  endfacet
  facet normal 0.998803 0 -0.0489209
    outer loop
      vertex -54.788 0 30.245
      vertex -54.8 4.25 30
      vertex -54.788 4.25 30.245
    endloop
  endfacet
  facet normal 0.998803 0 -0.0489209
    outer loop
      vertex -54.8 4.25 30
      vertex -54.788 0 30.245
      vertex -54.8 0 30
    endloop
  endfacet
  facet normal -0.741101 0 0.671394
    outer loop
      vertex -50.5322 0 28.2322
      vertex -50.3675 4.25 28.414
      vertex -50.5322 4.25 28.2322
    endloop
  endfacet
  facet normal -0.741101 0 0.671394
    outer loop
      vertex -50.3675 4.25 28.414
      vertex -50.5322 0 28.2322
      vertex -50.3675 0 28.414
    endloop
  endfacet
  facet normal -0.706681 0.706681 -0.0346875
    outer loop
      vertex -47.5728 6.5 30.4645
      vertex -47.55 6.5 30
      vertex -49.8 4.25 30
    endloop
  endfacet
  facet normal 0.686335 0.706672 -0.171926
    outer loop
      vertex -56.8457 6.5 31.3778
      vertex -54.752 4.25 30.4877
      vertex -56.9587 6.5 30.9267
    endloop
  endfacet
  facet normal 0.171876 0.706668 0.686352
    outer loop
      vertex -53.6778 6.5 25.4543
      vertex -53.0257 4.25 27.6076
      vertex -52.7877 4.25 27.548
    endloop
  endfacet
  facet normal 0.126907 0.704773 0.69799
    outer loop
      vertex -53.0257 4.25 27.6076
      vertex -53.6778 6.5 25.4543
      vertex -53.6789 6.5 25.4545
    endloop
  endfacet
  facet normal -0.0346134 0.706676 0.70669
    outer loop
      vertex -52.2989 6.5 25.2501
      vertex -52.3 4.25 27.5
      vertex -52.055 4.25 27.512
    endloop
  endfacet
  facet normal -0.06415 0.70565 0.70565
    outer loop
      vertex -52.3 4.25 27.5
      vertex -52.2989 6.5 25.2501
      vertex -52.3 6.5 25.25
    endloop
  endfacet
  facet normal 0.034688 0.70667 0.706693
    outer loop
      vertex -52.545 4.25 27.512
      vertex -52.3011 6.5 25.2501
      vertex -52.7656 6.5 25.2729
    endloop
  endfacet
  facet normal 0.666138 0.706672 -0.238483
    outer loop
      vertex -54.6924 4.25 30.7257
      vertex -56.8451 6.5 31.3799
      vertex -54.6097 4.25 30.9567
    endloop
  endfacet
  facet normal 0.657745 0.705798 -0.263098
    outer loop
      vertex -56.8451 6.5 31.3799
      vertex -54.6924 4.25 30.7257
      vertex -56.8455 6.5 31.3789
    endloop
  endfacet
  facet normal 0.706681 0.706681 0.0346875
    outer loop
      vertex -54.8 4.25 30
      vertex -57.0272 6.5 29.5355
      vertex -57.05 6.5 30
    endloop
  endfacet
  facet normal -0.606871 0.706674 -0.363758
    outer loop
      vertex -48.35 6.5 32.638
      vertex -48.1109 6.5 32.2391
      vertex -50.0952 4.25 31.1785
    endloop
  endfacet
  facet normal 0.524267 0.706682 -0.475126
    outer loop
      vertex -55.6588 6.5 33.3588
      vertex -54.0678 4.25 31.7678
      vertex -55.9711 6.5 33.0142
    endloop
  endfacet
  facet normal -0.421521 0.706671 0.568275
    outer loop
      vertex -49.6602 6.5 26.0512
      vertex -50.9111 4.25 27.9213
      vertex -50.714 4.25 28.0675
    endloop
  endfacet
  facet normal -0.467591 0.704121 0.53439
    outer loop
      vertex -50.9111 4.25 27.9213
      vertex -49.6602 6.5 26.0512
      vertex -49.661 6.5 26.0505
    endloop
  endfacet
  facet normal -0.0640202 0.707087 -0.704222
    outer loop
      vertex -52.055 4.25 32.488
      vertex -51.8355 6.5 34.7272
      vertex -51.8344 6.5 34.7271
    endloop
  endfacet
  facet normal -0.0346134 0.706675 -0.706691
    outer loop
      vertex -51.8355 6.5 34.7272
      vertex -52.055 4.25 32.488
      vertex -52.3 4.25 32.5
    endloop
  endfacet
  facet normal -0.302592 0.706677 -0.639567
    outer loop
      vertex -50.4813 6.5 34.388
      vertex -50.0609 6.5 34.1891
      vertex -51.1215 4.25 32.2048
    endloop
  endfacet
  facet normal -0.568225 0.706683 -0.421567
    outer loop
      vertex -48.6276 6.5 33.0125
      vertex -48.3505 6.5 32.639
      vertex -50.2213 4.25 31.3889
    endloop
  endfacet
  facet normal -0.532281 0.706935 -0.465746
    outer loop
      vertex -50.3675 4.25 31.586
      vertex -48.6289 6.5 33.0142
      vertex -48.6282 6.5 33.0134
    endloop
  endfacet
  facet normal -0.524345 0.706692 -0.475025
    outer loop
      vertex -48.6289 6.5 33.0142
      vertex -50.3675 4.25 31.586
      vertex -50.5322 4.25 31.7678
    endloop
  endfacet
  facet normal -0.238427 0.706694 -0.666135
    outer loop
      vertex -50.9211 6.5 34.5455
      vertex -50.4833 6.5 34.3888
      vertex -51.5743 4.25 32.3923
    endloop
  endfacet
  facet normal 0.238433 0.706676 -0.666152
    outer loop
      vertex -53.6799 6.5 34.5451
      vertex -53.2567 4.25 32.3097
      vertex -54.1177 6.5 34.3884
    endloop
  endfacet
  facet normal -0.465746 0.706935 -0.532281
    outer loop
      vertex -49.2858 6.5 33.6711
      vertex -50.714 4.25 31.9325
      vertex -49.2866 6.5 33.6718
    endloop
  endfacet
  facet normal -0.475025 0.706692 -0.524345
    outer loop
      vertex -50.714 4.25 31.9325
      vertex -49.2858 6.5 33.6711
      vertex -50.5322 4.25 31.7678
    endloop
  endfacet
  facet normal 0.63494 0.704318 -0.31747
    outer loop
      vertex -54.3787 4.25 31.3889
      vertex -56.25 6.5 32.638
      vertex -56.2495 6.5 32.639
    endloop
  endfacet
  facet normal 0.606891 0.706671 -0.36373
    outer loop
      vertex -56.25 6.5 32.638
      vertex -54.3787 4.25 31.3889
      vertex -54.5048 4.25 31.1785
    endloop
  endfacet
  facet normal 0.172142 0.70669 -0.686263
    outer loop
      vertex -53.0257 4.25 32.3923
      vertex -53.6778 6.5 34.5457
      vertex -52.7877 4.25 32.452
    endloop
  endfacet
  facet normal 0.126905 0.704788 -0.697975
    outer loop
      vertex -53.6778 6.5 34.5457
      vertex -53.0257 4.25 32.3923
      vertex -53.6789 6.5 34.5455
    endloop
  endfacet
  facet normal -0.171885 0.706695 -0.686322
    outer loop
      vertex -51.3723 6.5 34.6585
      vertex -50.9211 6.5 34.5455
      vertex -51.5743 4.25 32.3923
    endloop
  endfacet
  facet normal -0.69989 0.706673 -0.103766
    outer loop
      vertex -47.6411 6.5 30.9256
      vertex -47.5729 6.5 30.4656
      vertex -49.812 4.25 30.245
    endloop
  endfacet
  facet normal 0.704222 0.707087 0.0640202
    outer loop
      vertex -54.788 4.25 29.755
      vertex -57.027 6.5 29.5333
      vertex -57.0271 6.5 29.5344
    endloop
  endfacet
  facet normal 0.699874 0.706682 0.103813
    outer loop
      vertex -57.027 6.5 29.5333
      vertex -54.788 4.25 29.755
      vertex -54.752 4.25 29.5123
    endloop
  endfacet
  facet normal -0.666152 0.706676 0.238433
    outer loop
      vertex -47.7549 6.5 28.6201
      vertex -47.9116 6.5 28.1823
      vertex -49.9903 4.25 29.0433
    endloop
  endfacet
  facet normal 0.302592 0.706677 -0.639567
    outer loop
      vertex -54.1187 6.5 34.388
      vertex -53.4785 4.25 32.2048
      vertex -54.5391 6.5 34.1891
    endloop
  endfacet
  facet normal 0.263093 0.705813 -0.657731
    outer loop
      vertex -53.0257 4.25 32.3923
      vertex -53.6799 6.5 34.5451
      vertex -53.6789 6.5 34.5455
    endloop
  endfacet
  facet normal 0.23822 0.706693 -0.66621
    outer loop
      vertex -53.6799 6.5 34.5451
      vertex -53.0257 4.25 32.3923
      vertex -53.2567 4.25 32.3097
    endloop
  endfacet
  facet normal -0.656563 0.707074 0.262625
    outer loop
      vertex -47.912 6.5 28.1813
      vertex -49.9903 4.25 29.0433
      vertex -47.9116 6.5 28.1823
    endloop
  endfacet
  facet normal -0.639602 0.706684 0.302499
    outer loop
      vertex -49.9903 4.25 29.0433
      vertex -47.912 6.5 28.1813
      vertex -50.0952 4.25 28.8215
    endloop
  endfacet
  facet normal 0.421396 0.706683 0.568352
    outer loop
      vertex -53.886 4.25 28.0675
      vertex -54.9398 6.5 26.0512
      vertex -55.3134 6.5 26.3282
    endloop
  endfacet
  facet normal 0.467591 0.704121 -0.53439
    outer loop
      vertex -53.6889 4.25 32.0787
      vertex -54.9398 6.5 33.9488
      vertex -54.939 6.5 33.9495
    endloop
  endfacet
  facet normal 0.421521 0.706671 -0.568275
    outer loop
      vertex -54.9398 6.5 33.9488
      vertex -53.6889 4.25 32.0787
      vertex -53.886 4.25 31.9325
    endloop
  endfacet
  facet normal 0.699874 0.706682 -0.103813
    outer loop
      vertex -54.788 4.25 30.245
      vertex -57.027 6.5 30.4667
      vertex -54.752 4.25 30.4877
    endloop
  endfacet
  facet normal 0.704222 0.707087 -0.0640202
    outer loop
      vertex -57.027 6.5 30.4667
      vertex -54.788 4.25 30.245
      vertex -57.0271 6.5 30.4656
    endloop
  endfacet
  facet normal 0.0346875 0.706681 -0.706681
    outer loop
      vertex -52.3 6.5 34.75
      vertex -52.3 4.25 32.5
      vertex -52.7645 6.5 34.7272
    endloop
  endfacet
  facet normal 0.36373 0.706671 0.606891
    outer loop
      vertex -54.938 6.5 26.05
      vertex -53.6889 4.25 27.9213
      vertex -53.4785 4.25 27.7952
    endloop
  endfacet
  facet normal 0.31747 0.704318 0.63494
    outer loop
      vertex -53.6889 4.25 27.9213
      vertex -54.938 6.5 26.05
      vertex -54.939 6.5 26.0505
    endloop
  endfacet
  facet normal -0.171888 0.70668 0.686337
    outer loop
      vertex -50.9211 6.5 25.4545
      vertex -51.3723 6.5 25.3415
      vertex -51.5743 4.25 27.6076
    endloop
  endfacet
  facet normal -0.657745 0.705798 -0.263098
    outer loop
      vertex -49.9076 4.25 30.7257
      vertex -47.7549 6.5 31.3799
      vertex -47.7545 6.5 31.3789
    endloop
  endfacet
  facet normal -0.666138 0.706672 -0.238483
    outer loop
      vertex -47.7549 6.5 31.3799
      vertex -49.9076 4.25 30.7257
      vertex -49.9903 4.25 30.9567
    endloop
  endfacet
  facet normal 0.666152 0.706676 -0.238433
    outer loop
      vertex -56.6884 6.5 31.8177
      vertex -54.6097 4.25 30.9567
      vertex -56.8451 6.5 31.3799
    endloop
  endfacet
  facet normal 0.639602 0.706684 -0.302499
    outer loop
      vertex -54.6097 4.25 30.9567
      vertex -56.688 6.5 31.8187
      vertex -54.5048 4.25 31.1785
    endloop
  endfacet
  facet normal 0.656563 0.707074 -0.262625
    outer loop
      vertex -56.688 6.5 31.8187
      vertex -54.6097 4.25 30.9567
      vertex -56.6884 6.5 31.8177
    endloop
  endfacet
  facet normal 0.103766 0.706673 -0.69989
    outer loop
      vertex -52.7656 6.5 34.7271
      vertex -52.545 4.25 32.488
      vertex -53.2256 6.5 34.6589
    endloop
  endfacet
  facet normal -0.31747 0.704318 -0.63494
    outer loop
      vertex -50.9111 4.25 32.0787
      vertex -49.662 6.5 33.95
      vertex -49.661 6.5 33.9495
    endloop
  endfacet
  facet normal -0.36373 0.706671 -0.606891
    outer loop
      vertex -49.662 6.5 33.95
      vertex -50.9111 4.25 32.0787
      vertex -51.1215 4.25 32.2048
    endloop
  endfacet
  facet normal -0.589793 0.705366 -0.393195
    outer loop
      vertex -48.6276 6.5 33.0125
      vertex -50.3675 4.25 31.586
      vertex -48.6282 6.5 33.0134
    endloop
  endfacet
  facet normal -0.568269 0.706678 -0.421517
    outer loop
      vertex -50.3675 4.25 31.586
      vertex -48.6276 6.5 33.0125
      vertex -50.2213 4.25 31.3889
    endloop
  endfacet
  facet normal 0.171926 0.706672 -0.686335
    outer loop
      vertex -53.2267 6.5 34.6587
      vertex -52.7877 4.25 32.452
      vertex -53.6778 6.5 34.5457
    endloop
  endfacet
  facet normal 0.706691 0.706675 0.0346134
    outer loop
      vertex -54.788 4.25 29.755
      vertex -57.0272 6.5 29.5355
      vertex -54.8 4.25 30
    endloop
  endfacet
  facet normal 0.704222 0.707087 0.0640202
    outer loop
      vertex -57.0272 6.5 29.5355
      vertex -54.788 4.25 29.755
      vertex -57.0271 6.5 29.5344
    endloop
  endfacet
  facet normal 0.36373 0.706671 -0.606891
    outer loop
      vertex -53.6889 4.25 32.0787
      vertex -54.938 6.5 33.95
      vertex -53.4785 4.25 32.2048
    endloop
  endfacet
  facet normal 0.31747 0.704318 -0.63494
    outer loop
      vertex -54.938 6.5 33.95
      vertex -53.6889 4.25 32.0787
      vertex -54.939 6.5 33.9495
    endloop
  endfacet
  facet normal 0.568225 0.706683 -0.421567
    outer loop
      vertex -55.9724 6.5 33.0125
      vertex -54.3787 4.25 31.3889
      vertex -56.2495 6.5 32.639
    endloop
  endfacet
  facet normal 0.421396 0.706683 -0.568352
    outer loop
      vertex -54.9398 6.5 33.9488
      vertex -53.886 4.25 31.9325
      vertex -55.3134 6.5 33.6718
    endloop
  endfacet
  facet normal -0.706681 0.706681 0.0346875
    outer loop
      vertex -47.55 6.5 30
      vertex -47.5728 6.5 29.5355
      vertex -49.8 4.25 30
    endloop
  endfacet
  facet normal -0.171873 0.706681 0.686339
    outer loop
      vertex -51.3723 6.5 25.3415
      vertex -51.8123 4.25 27.548
      vertex -51.5743 4.25 27.6076
    endloop
  endfacet
  facet normal -0.138677 0.707098 0.693384
    outer loop
      vertex -51.8123 4.25 27.548
      vertex -51.3723 6.5 25.3415
      vertex -51.3733 6.5 25.3413
    endloop
  endfacet
  facet normal -0.639567 0.706677 0.302592
    outer loop
      vertex -47.912 6.5 28.1813
      vertex -48.1109 6.5 27.7609
      vertex -50.0952 4.25 28.8215
    endloop
  endfacet
  facet normal 0.589793 0.705366 -0.393195
    outer loop
      vertex -54.2325 4.25 31.586
      vertex -55.9724 6.5 33.0125
      vertex -55.9718 6.5 33.0134
    endloop
  endfacet
  facet normal 0.568269 0.706678 -0.421517
    outer loop
      vertex -55.9724 6.5 33.0125
      vertex -54.2325 4.25 31.586
      vertex -54.3787 4.25 31.3889
    endloop
  endfacet
  facet normal -0.686337 0.70668 -0.171888
    outer loop
      vertex -47.7545 6.5 31.3789
      vertex -47.6415 6.5 30.9277
      vertex -49.9076 4.25 30.7257
    endloop
  endfacet
  facet normal -0.693384 0.707098 0.138677
    outer loop
      vertex -47.6415 6.5 29.0723
      vertex -49.848 4.25 29.5123
      vertex -47.6413 6.5 29.0733
    endloop
  endfacet
  facet normal -0.686339 0.706681 0.171873
    outer loop
      vertex -49.848 4.25 29.5123
      vertex -47.6415 6.5 29.0723
      vertex -49.9076 4.25 29.2743
    endloop
  endfacet
  facet normal -0.126501 0.70705 -0.695757
    outer loop
      vertex -51.8123 4.25 32.452
      vertex -51.3744 6.5 34.6589
      vertex -51.3733 6.5 34.6587
    endloop
  endfacet
  facet normal -0.103814 0.706677 -0.699879
    outer loop
      vertex -51.3744 6.5 34.6589
      vertex -51.8123 4.25 32.452
      vertex -52.055 4.25 32.488
    endloop
  endfacet
  facet normal 0.262625 0.707074 -0.656563
    outer loop
      vertex -53.2567 4.25 32.3097
      vertex -54.1187 6.5 34.388
      vertex -54.1177 6.5 34.3884
    endloop
  endfacet
  facet normal 0.302499 0.706684 -0.639602
    outer loop
      vertex -54.1187 6.5 34.388
      vertex -53.2567 4.25 32.3097
      vertex -53.4785 4.25 32.2048
    endloop
  endfacet
  facet normal 0.524345 0.706692 -0.475025
    outer loop
      vertex -54.2325 4.25 31.586
      vertex -55.9711 6.5 33.0142
      vertex -54.0678 4.25 31.7678
    endloop
  endfacet
  facet normal 0.532281 0.706935 -0.465746
    outer loop
      vertex -55.9711 6.5 33.0142
      vertex -54.2325 4.25 31.586
      vertex -55.9718 6.5 33.0134
    endloop
  endfacet
  facet normal -0.475126 0.706682 -0.524267
    outer loop
      vertex -49.2858 6.5 33.6711
      vertex -48.9412 6.5 33.3588
      vertex -50.5322 4.25 31.7678
    endloop
  endfacet
  facet normal 0.363758 0.706674 0.606871
    outer loop
      vertex -53.4785 4.25 27.7952
      vertex -54.5391 6.5 25.8109
      vertex -54.938 6.5 26.05
    endloop
  endfacet
  facet normal -0.686337 0.70668 0.171888
    outer loop
      vertex -47.6415 6.5 29.0723
      vertex -47.7545 6.5 28.6211
      vertex -49.9076 4.25 29.2743
    endloop
  endfacet
  facet normal -0.524267 0.706682 0.475126
    outer loop
      vertex -48.6289 6.5 26.9858
      vertex -48.9412 6.5 26.6412
      vertex -50.5322 4.25 28.2322
    endloop
  endfacet
  facet normal 0.704222 0.707087 -0.0640202
    outer loop
      vertex -54.788 4.25 30.245
      vertex -57.0272 6.5 30.4645
      vertex -57.0271 6.5 30.4656
    endloop
  endfacet
  facet normal 0.706691 0.706675 -0.0346134
    outer loop
      vertex -57.0272 6.5 30.4645
      vertex -54.788 4.25 30.245
      vertex -54.8 4.25 30
    endloop
  endfacet
  facet normal 0.606871 0.706674 -0.363758
    outer loop
      vertex -56.25 6.5 32.638
      vertex -54.5048 4.25 31.1785
      vertex -56.4891 6.5 32.2391
    endloop
  endfacet
  facet normal -0.363758 0.706674 -0.606871
    outer loop
      vertex -50.0609 6.5 34.1891
      vertex -49.662 6.5 33.95
      vertex -51.1215 4.25 32.2048
    endloop
  endfacet
  facet normal -0.103766 0.706673 0.69989
    outer loop
      vertex -51.3744 6.5 25.3411
      vertex -51.8344 6.5 25.2729
      vertex -52.055 4.25 27.512
    endloop
  endfacet
  facet normal -0.302592 0.706677 0.639567
    outer loop
      vertex -50.0609 6.5 25.8109
      vertex -50.4813 6.5 25.612
      vertex -51.1215 4.25 27.7952
    endloop
  endfacet
  facet normal -0.695757 0.70705 -0.126501
    outer loop
      vertex -47.6411 6.5 30.9256
      vertex -49.848 4.25 30.4877
      vertex -47.6413 6.5 30.9267
    endloop
  endfacet
  facet normal -0.699879 0.706677 -0.103814
    outer loop
      vertex -49.848 4.25 30.4877
      vertex -47.6411 6.5 30.9256
      vertex -49.812 4.25 30.245
    endloop
  endfacet
  facet normal 0.103766 0.706673 0.69989
    outer loop
      vertex -52.545 4.25 27.512
      vertex -52.7656 6.5 25.2729
      vertex -53.2256 6.5 25.3411
    endloop
  endfacet
  facet normal 0.103814 0.706677 0.699879
    outer loop
      vertex -53.2256 6.5 25.3411
      vertex -52.7877 4.25 27.548
      vertex -52.545 4.25 27.512
    endloop
  endfacet
  facet normal 0.126501 0.70705 0.695757
    outer loop
      vertex -52.7877 4.25 27.548
      vertex -53.2256 6.5 25.3411
      vertex -53.2267 6.5 25.3413
    endloop
  endfacet
  facet normal 0.606871 0.706674 0.363758
    outer loop
      vertex -54.5048 4.25 28.8215
      vertex -56.25 6.5 27.362
      vertex -56.4891 6.5 27.7609
    endloop
  endfacet
  facet normal -0.262625 0.707074 0.656563
    outer loop
      vertex -50.4833 6.5 25.6112
      vertex -51.3433 4.25 27.6903
      vertex -50.4823 6.5 25.6116
    endloop
  endfacet
  facet normal -0.238479 0.706684 0.666128
    outer loop
      vertex -51.3433 4.25 27.6903
      vertex -50.4833 6.5 25.6112
      vertex -51.5743 4.25 27.6076
    endloop
  endfacet
  facet normal 0.639567 0.706677 -0.302592
    outer loop
      vertex -56.4891 6.5 32.2391
      vertex -54.5048 4.25 31.1785
      vertex -56.688 6.5 31.8187
    endloop
  endfacet
  facet normal 0.568225 0.706683 0.421567
    outer loop
      vertex -54.3787 4.25 28.6111
      vertex -55.9724 6.5 26.9875
      vertex -56.2495 6.5 27.361
    endloop
  endfacet
  facet normal -0.666152 0.706676 -0.238433
    outer loop
      vertex -47.9116 6.5 31.8177
      vertex -47.7549 6.5 31.3799
      vertex -49.9903 4.25 30.9567
    endloop
  endfacet
  facet normal -0.656563 0.707074 -0.262625
    outer loop
      vertex -49.9903 4.25 30.9567
      vertex -47.912 6.5 31.8187
      vertex -47.9116 6.5 31.8177
    endloop
  endfacet
  facet normal -0.639602 0.706684 -0.302499
    outer loop
      vertex -47.912 6.5 31.8187
      vertex -49.9903 4.25 30.9567
      vertex -50.0952 4.25 31.1785
    endloop
  endfacet
  facet normal -0.363758 0.706674 0.606871
    outer loop
      vertex -49.662 6.5 26.05
      vertex -50.0609 6.5 25.8109
      vertex -51.1215 4.25 27.7952
    endloop
  endfacet
  facet normal 0.238433 0.706676 0.666152
    outer loop
      vertex -53.2567 4.25 27.6903
      vertex -53.6799 6.5 25.4549
      vertex -54.1177 6.5 25.6116
    endloop
  endfacet
  facet normal -0.568225 0.706683 0.421567
    outer loop
      vertex -48.3505 6.5 27.361
      vertex -48.6276 6.5 26.9875
      vertex -50.2213 4.25 28.6111
    endloop
  endfacet
  facet normal 0.686335 0.706672 0.171926
    outer loop
      vertex -54.752 4.25 29.5123
      vertex -56.8457 6.5 28.6222
      vertex -56.9587 6.5 29.0733
    endloop
  endfacet
  facet normal 0.706681 0.706681 -0.0346875
    outer loop
      vertex -57.0272 6.5 30.4645
      vertex -54.8 4.25 30
      vertex -57.05 6.5 30
    endloop
  endfacet
  facet normal -0.69989 0.706673 0.103766
    outer loop
      vertex -47.5729 6.5 29.5344
      vertex -47.6411 6.5 29.0744
      vertex -49.812 4.25 29.755
    endloop
  endfacet
  facet normal -0.706691 0.706675 0.0346134
    outer loop
      vertex -47.5728 6.5 29.5355
      vertex -49.812 4.25 29.755
      vertex -49.8 4.25 30
    endloop
  endfacet
  facet normal -0.704222 0.707087 0.0640202
    outer loop
      vertex -49.812 4.25 29.755
      vertex -47.5728 6.5 29.5355
      vertex -47.5729 6.5 29.5344
    endloop
  endfacet
  facet normal 0.103814 0.706677 -0.699879
    outer loop
      vertex -52.7877 4.25 32.452
      vertex -53.2256 6.5 34.6589
      vertex -52.545 4.25 32.488
    endloop
  endfacet
  facet normal 0.126501 0.70705 -0.695757
    outer loop
      vertex -53.2256 6.5 34.6589
      vertex -52.7877 4.25 32.452
      vertex -53.2267 6.5 34.6587
    endloop
  endfacet
  facet normal -0.475025 0.706692 0.524345
    outer loop
      vertex -49.2858 6.5 26.3289
      vertex -50.714 4.25 28.0675
      vertex -50.5322 4.25 28.2322
    endloop
  endfacet
  facet normal -0.465746 0.706935 0.532281
    outer loop
      vertex -50.714 4.25 28.0675
      vertex -49.2858 6.5 26.3289
      vertex -49.2866 6.5 26.3282
    endloop
  endfacet
  facet normal 0.475126 0.706682 -0.524267
    outer loop
      vertex -55.3142 6.5 33.6711
      vertex -54.0678 4.25 31.7678
      vertex -55.6588 6.5 33.3588
    endloop
  endfacet
  facet normal 0.363758 0.706674 -0.606871
    outer loop
      vertex -54.5391 6.5 34.1891
      vertex -53.4785 4.25 32.2048
      vertex -54.938 6.5 33.95
    endloop
  endfacet
  facet normal -0.034688 0.70667 0.706693
    outer loop
      vertex -52.055 4.25 27.512
      vertex -51.8344 6.5 25.2729
      vertex -52.2989 6.5 25.2501
    endloop
  endfacet
  facet normal -0.475126 0.706682 0.524267
    outer loop
      vertex -48.9412 6.5 26.6412
      vertex -49.2858 6.5 26.3289
      vertex -50.5322 4.25 28.2322
    endloop
  endfacet
  facet normal -0.467591 0.704121 -0.53439
    outer loop
      vertex -49.6602 6.5 33.9488
      vertex -50.9111 4.25 32.0787
      vertex -49.661 6.5 33.9495
    endloop
  endfacet
  facet normal -0.421521 0.706671 -0.568275
    outer loop
      vertex -50.9111 4.25 32.0787
      vertex -49.6602 6.5 33.9488
      vertex -50.714 4.25 31.9325
    endloop
  endfacet
  facet normal -0.639567 0.706677 -0.302592
    outer loop
      vertex -48.1109 6.5 32.2391
      vertex -47.912 6.5 31.8187
      vertex -50.0952 4.25 31.1785
    endloop
  endfacet
  facet normal -0.568269 0.706678 0.421517
    outer loop
      vertex -48.6276 6.5 26.9875
      vertex -50.3675 4.25 28.414
      vertex -50.2213 4.25 28.6111
    endloop
  endfacet
  facet normal -0.589793 0.705366 0.393195
    outer loop
      vertex -50.3675 4.25 28.414
      vertex -48.6276 6.5 26.9875
      vertex -48.6282 6.5 26.9866
    endloop
  endfacet
  facet normal -0.126501 0.70705 0.695757
    outer loop
      vertex -51.3744 6.5 25.3411
      vertex -51.8123 4.25 27.548
      vertex -51.3733 6.5 25.3413
    endloop
  endfacet
  facet normal -0.103814 0.706677 0.699879
    outer loop
      vertex -51.8123 4.25 27.548
      vertex -51.3744 6.5 25.3411
      vertex -52.055 4.25 27.512
    endloop
  endfacet
  facet normal -0.606871 0.706674 0.363758
    outer loop
      vertex -48.1109 6.5 27.7609
      vertex -48.35 6.5 27.362
      vertex -50.0952 4.25 28.8215
    endloop
  endfacet
  facet normal -0.262625 0.707074 -0.656563
    outer loop
      vertex -51.3433 4.25 32.3097
      vertex -50.4833 6.5 34.3888
      vertex -50.4823 6.5 34.3884
    endloop
  endfacet
  facet normal -0.238226 0.706677 -0.666225
    outer loop
      vertex -50.4833 6.5 34.3888
      vertex -51.3433 4.25 32.3097
      vertex -51.5743 4.25 32.3923
    endloop
  endfacet
  facet normal 0.421521 0.706671 0.568275
    outer loop
      vertex -53.6889 4.25 27.9213
      vertex -54.9398 6.5 26.0512
      vertex -53.886 4.25 28.0675
    endloop
  endfacet
  facet normal 0.467591 0.704121 0.53439
    outer loop
      vertex -54.9398 6.5 26.0512
      vertex -53.6889 4.25 27.9213
      vertex -54.939 6.5 26.0505
    endloop
  endfacet
  facet normal -0.524267 0.706682 -0.475126
    outer loop
      vertex -48.9412 6.5 33.3588
      vertex -48.6289 6.5 33.0142
      vertex -50.5322 4.25 31.7678
    endloop
  endfacet
  facet normal 0.475025 0.706692 0.524345
    outer loop
      vertex -53.886 4.25 28.0675
      vertex -55.3142 6.5 26.3289
      vertex -54.0678 4.25 28.2322
    endloop
  endfacet
  facet normal 0.465746 0.706935 0.532281
    outer loop
      vertex -55.3142 6.5 26.3289
      vertex -53.886 4.25 28.0675
      vertex -55.3134 6.5 26.3282
    endloop
  endfacet
  facet normal 0.69799 0.704773 -0.126907
    outer loop
      vertex -54.6924 4.25 30.7257
      vertex -56.8457 6.5 31.3778
      vertex -56.8455 6.5 31.3789
    endloop
  endfacet
  facet normal 0.686352 0.706668 -0.171876
    outer loop
      vertex -56.8457 6.5 31.3778
      vertex -54.6924 4.25 30.7257
      vertex -54.752 4.25 30.4877
    endloop
  endfacet
  facet normal 0.699867 0.706674 -0.103915
    outer loop
      vertex -56.9587 6.5 30.9267
      vertex -54.752 4.25 30.4877
      vertex -57.027 6.5 30.4667
    endloop
  endfacet
  facet normal -0.103766 0.706673 -0.69989
    outer loop
      vertex -51.8344 6.5 34.7271
      vertex -51.3744 6.5 34.6589
      vertex -52.055 4.25 32.488
    endloop
  endfacet
  facet normal -0.0346875 0.706681 -0.706681
    outer loop
      vertex -52.3 6.5 34.75
      vertex -51.8355 6.5 34.7272
      vertex -52.3 4.25 32.5
    endloop
  endfacet
  facet normal 0.639567 0.706677 0.302592
    outer loop
      vertex -54.5048 4.25 28.8215
      vertex -56.4891 6.5 27.7609
      vertex -56.688 6.5 28.1813
    endloop
  endfacet
  facet normal -0.31747 0.704318 0.63494
    outer loop
      vertex -49.662 6.5 26.05
      vertex -50.9111 4.25 27.9213
      vertex -49.661 6.5 26.0505
    endloop
  endfacet
  facet normal -0.36373 0.706671 0.606891
    outer loop
      vertex -50.9111 4.25 27.9213
      vertex -49.662 6.5 26.05
      vertex -51.1215 4.25 27.7952
    endloop
  endfacet
  facet normal -0.606891 0.706671 0.36373
    outer loop
      vertex -48.35 6.5 27.362
      vertex -50.2213 4.25 28.6111
      vertex -50.0952 4.25 28.8215
    endloop
  endfacet
  facet normal -0.63494 0.704318 0.31747
    outer loop
      vertex -50.2213 4.25 28.6111
      vertex -48.35 6.5 27.362
      vertex -48.3505 6.5 27.361
    endloop
  endfacet
  facet normal -0.532281 0.706935 0.465746
    outer loop
      vertex -48.6289 6.5 26.9858
      vertex -50.3675 4.25 28.414
      vertex -48.6282 6.5 26.9866
    endloop
  endfacet
  facet normal -0.524345 0.706692 0.475025
    outer loop
      vertex -50.3675 4.25 28.414
      vertex -48.6289 6.5 26.9858
      vertex -50.5322 4.25 28.2322
    endloop
  endfacet
  facet normal -0.657745 0.705798 0.263098
    outer loop
      vertex -47.7549 6.5 28.6201
      vertex -49.9076 4.25 29.2743
      vertex -47.7545 6.5 28.6211
    endloop
  endfacet
  facet normal -0.666138 0.706672 0.238483
    outer loop
      vertex -49.9076 4.25 29.2743
      vertex -47.7549 6.5 28.6201
      vertex -49.9903 4.25 29.0433
    endloop
  endfacet
  facet normal 0.666138 0.706672 0.238483
    outer loop
      vertex -56.8451 6.5 28.6201
      vertex -54.6924 4.25 29.2743
      vertex -54.6097 4.25 29.0433
    endloop
  endfacet
  facet normal 0.657745 0.705798 0.263098
    outer loop
      vertex -54.6924 4.25 29.2743
      vertex -56.8451 6.5 28.6201
      vertex -56.8455 6.5 28.6211
    endloop
  endfacet
  facet normal 0.302592 0.706677 0.639567
    outer loop
      vertex -53.4785 4.25 27.7952
      vertex -54.1187 6.5 25.612
      vertex -54.5391 6.5 25.8109
    endloop
  endfacet
  facet normal 0.475126 0.706682 0.524267
    outer loop
      vertex -54.0678 4.25 28.2322
      vertex -55.3142 6.5 26.3289
      vertex -55.6588 6.5 26.6412
    endloop
  endfacet
  facet normal 0.171926 0.706672 0.686335
    outer loop
      vertex -52.7877 4.25 27.548
      vertex -53.2267 6.5 25.3413
      vertex -53.6778 6.5 25.4543
    endloop
  endfacet
  facet normal 0.524267 0.706682 0.475126
    outer loop
      vertex -54.0678 4.25 28.2322
      vertex -55.6588 6.5 26.6412
      vertex -55.9711 6.5 26.9858
    endloop
  endfacet
  facet normal -0.704222 0.707087 -0.0640202
    outer loop
      vertex -47.5728 6.5 30.4645
      vertex -49.812 4.25 30.245
      vertex -47.5729 6.5 30.4656
    endloop
  endfacet
  facet normal -0.706691 0.706675 -0.0346134
    outer loop
      vertex -49.812 4.25 30.245
      vertex -47.5728 6.5 30.4645
      vertex -49.8 4.25 30
    endloop
  endfacet
  facet normal -0.699879 0.706677 0.103814
    outer loop
      vertex -47.6411 6.5 29.0744
      vertex -49.848 4.25 29.5123
      vertex -49.812 4.25 29.755
    endloop
  endfacet
  facet normal -0.695757 0.70705 0.126501
    outer loop
      vertex -49.848 4.25 29.5123
      vertex -47.6411 6.5 29.0744
      vertex -47.6413 6.5 29.0733
    endloop
  endfacet
  facet normal 0.524345 0.706692 0.475025
    outer loop
      vertex -55.9711 6.5 26.9858
      vertex -54.2325 4.25 28.414
      vertex -54.0678 4.25 28.2322
    endloop
  endfacet
  facet normal 0.532281 0.706935 0.465746
    outer loop
      vertex -54.2325 4.25 28.414
      vertex -55.9711 6.5 26.9858
      vertex -55.9718 6.5 26.9866
    endloop
  endfacet
  facet normal -0.138677 0.707098 -0.693384
    outer loop
      vertex -51.3723 6.5 34.6585
      vertex -51.8123 4.25 32.452
      vertex -51.3733 6.5 34.6587
    endloop
  endfacet
  facet normal -0.172146 0.706674 -0.686278
    outer loop
      vertex -51.8123 4.25 32.452
      vertex -51.3723 6.5 34.6585
      vertex -51.5743 4.25 32.3923
    endloop
  endfacet
  facet normal 0.465746 0.706935 -0.532281
    outer loop
      vertex -53.886 4.25 31.9325
      vertex -55.3142 6.5 33.6711
      vertex -55.3134 6.5 33.6718
    endloop
  endfacet
  facet normal 0.475025 0.706692 -0.524345
    outer loop
      vertex -55.3142 6.5 33.6711
      vertex -53.886 4.25 31.9325
      vertex -54.0678 4.25 31.7678
    endloop
  endfacet
  facet normal -0.238432 0.706679 0.666149
    outer loop
      vertex -50.4833 6.5 25.6112
      vertex -50.9211 6.5 25.4545
      vertex -51.5743 4.25 27.6076
    endloop
  endfacet
  facet normal 0.606891 0.706671 0.36373
    outer loop
      vertex -54.3787 4.25 28.6111
      vertex -56.25 6.5 27.362
      vertex -54.5048 4.25 28.8215
    endloop
  endfacet
  facet normal 0.63494 0.704318 0.31747
    outer loop
      vertex -56.25 6.5 27.362
      vertex -54.3787 4.25 28.6111
      vertex -56.2495 6.5 27.361
    endloop
  endfacet
  facet normal 0.666152 0.706676 0.238433
    outer loop
      vertex -54.6097 4.25 29.0433
      vertex -56.6884 6.5 28.1823
      vertex -56.8451 6.5 28.6201
    endloop
  endfacet
  facet normal 0.699867 0.706674 0.103915
    outer loop
      vertex -54.752 4.25 29.5123
      vertex -56.9587 6.5 29.0733
      vertex -57.027 6.5 29.5333
    endloop
  endfacet
  facet normal -0.421396 0.706683 -0.568352
    outer loop
      vertex -49.6602 6.5 33.9488
      vertex -49.2866 6.5 33.6718
      vertex -50.714 4.25 31.9325
    endloop
  endfacet
  facet normal -0.693384 0.707098 -0.138677
    outer loop
      vertex -49.848 4.25 30.4877
      vertex -47.6415 6.5 30.9277
      vertex -47.6413 6.5 30.9267
    endloop
  endfacet
  facet normal -0.686339 0.706681 -0.171873
    outer loop
      vertex -47.6415 6.5 30.9277
      vertex -49.848 4.25 30.4877
      vertex -49.9076 4.25 30.7257
    endloop
  endfacet
  facet normal 0.568269 0.706678 0.421517
    outer loop
      vertex -54.2325 4.25 28.414
      vertex -55.9724 6.5 26.9875
      vertex -54.3787 4.25 28.6111
    endloop
  endfacet
  facet normal 0.589793 0.705366 0.393195
    outer loop
      vertex -55.9724 6.5 26.9875
      vertex -54.2325 4.25 28.414
      vertex -55.9718 6.5 26.9866
    endloop
  endfacet
  facet normal -0.262625 0.707074 -0.656563
    outer loop
      vertex -50.4813 6.5 34.388
      vertex -51.3433 4.25 32.3097
      vertex -50.4823 6.5 34.3884
    endloop
  endfacet
  facet normal -0.302499 0.706684 -0.639602
    outer loop
      vertex -51.3433 4.25 32.3097
      vertex -50.4813 6.5 34.388
      vertex -51.1215 4.25 32.2048
    endloop
  endfacet
  facet normal 0.302499 0.706684 0.639602
    outer loop
      vertex -53.2567 4.25 27.6903
      vertex -54.1187 6.5 25.612
      vertex -53.4785 4.25 27.7952
    endloop
  endfacet
  facet normal 0.262625 0.707074 0.656563
    outer loop
      vertex -54.1187 6.5 25.612
      vertex -53.2567 4.25 27.6903
      vertex -54.1177 6.5 25.6116
    endloop
  endfacet
  facet normal -0.421396 0.706683 0.568352
    outer loop
      vertex -49.2866 6.5 26.3282
      vertex -49.6602 6.5 26.0512
      vertex -50.714 4.25 28.0675
    endloop
  endfacet
  facet normal 0.639602 0.706684 0.302499
    outer loop
      vertex -56.688 6.5 28.1813
      vertex -54.6097 4.25 29.0433
      vertex -54.5048 4.25 28.8215
    endloop
  endfacet
  facet normal 0.656563 0.707074 0.262625
    outer loop
      vertex -54.6097 4.25 29.0433
      vertex -56.688 6.5 28.1813
      vertex -56.6884 6.5 28.1823
    endloop
  endfacet
  facet normal 0.0346134 0.706675 -0.706691
    outer loop
      vertex -52.545 4.25 32.488
      vertex -52.7645 6.5 34.7272
      vertex -52.3 4.25 32.5
    endloop
  endfacet
  facet normal 0.0640202 0.707087 -0.704222
    outer loop
      vertex -52.7645 6.5 34.7272
      vertex -52.545 4.25 32.488
      vertex -52.7656 6.5 34.7271
    endloop
  endfacet
  facet normal 0.0346134 0.706676 0.70669
    outer loop
      vertex -52.3 4.25 27.5
      vertex -52.3011 6.5 25.2501
      vertex -52.545 4.25 27.512
    endloop
  endfacet
  facet normal 0.06415 0.70565 0.70565
    outer loop
      vertex -52.3011 6.5 25.2501
      vertex -52.3 4.25 27.5
      vertex -52.3 6.5 25.25
    endloop
  endfacet
  facet normal -0.302499 0.706684 0.639602
    outer loop
      vertex -50.4813 6.5 25.612
      vertex -51.3433 4.25 27.6903
      vertex -51.1215 4.25 27.7952
    endloop
  endfacet
  facet normal -0.262625 0.707074 0.656563
    outer loop
      vertex -51.3433 4.25 27.6903
      vertex -50.4813 6.5 25.612
      vertex -50.4823 6.5 25.6116
    endloop
  endfacet
  facet normal -0.63494 0.704318 -0.31747
    outer loop
      vertex -48.35 6.5 32.638
      vertex -50.2213 4.25 31.3889
      vertex -48.3505 6.5 32.639
    endloop
  endfacet
  facet normal -0.606891 0.706671 -0.36373
    outer loop
      vertex -50.2213 4.25 31.3889
      vertex -48.35 6.5 32.638
      vertex -50.0952 4.25 31.1785
    endloop
  endfacet
  facet normal 0.238483 0.706672 0.666138
    outer loop
      vertex -53.0257 4.25 27.6076
      vertex -53.6799 6.5 25.4549
      vertex -53.2567 4.25 27.6903
    endloop
  endfacet
  facet normal 0.263098 0.705798 0.657745
    outer loop
      vertex -53.6799 6.5 25.4549
      vertex -53.0257 4.25 27.6076
      vertex -53.6789 6.5 25.4545
    endloop
  endfacet
  facet normal 0.686352 0.706668 0.171876
    outer loop
      vertex -54.6924 4.25 29.2743
      vertex -56.8457 6.5 28.6222
      vertex -54.752 4.25 29.5123
    endloop
  endfacet
  facet normal 0.69799 0.704773 0.126907
    outer loop
      vertex -56.8457 6.5 28.6222
      vertex -54.6924 4.25 29.2743
      vertex -56.8455 6.5 28.6211
    endloop
  endfacet
  facet normal 0.334527 0 0.942386
    outer loop
      vertex -53.2567 4.25 147.19
      vertex -53.0257 0 147.108
      vertex -53.0257 4.25 147.108
    endloop
  endfacet
  facet normal 0.334527 0 0.942386
    outer loop
      vertex -53.0257 0 147.108
      vertex -53.2567 4.25 147.19
      vertex -53.2567 0 147.19
    endloop
  endfacet
  facet normal -0.989203 0 -0.146549
    outer loop
      vertex -49.812 0 149.745
      vertex -49.848 4.25 149.988
      vertex -49.812 4.25 149.745
    endloop
  endfacet
  facet normal -0.989203 -0 -0.146549
    outer loop
      vertex -49.848 4.25 149.988
      vertex -49.812 0 149.745
      vertex -49.848 0 149.988
    endloop
  endfacet
  facet normal -0.998803 0 -0.0489209
    outer loop
      vertex -49.8 0 149.5
      vertex -49.812 4.25 149.745
      vertex -49.8 4.25 149.5
    endloop
  endfacet
  facet normal -0.998803 -0 -0.0489209
    outer loop
      vertex -49.812 4.25 149.745
      vertex -49.8 0 149.5
      vertex -49.812 0 149.745
    endloop
  endfacet
  facet normal -0.970047 0 -0.242919
    outer loop
      vertex -49.848 0 149.988
      vertex -49.9076 4.25 150.226
      vertex -49.848 4.25 149.988
    endloop
  endfacet
  facet normal -0.970047 -0 -0.242919
    outer loop
      vertex -49.9076 4.25 150.226
      vertex -49.848 0 149.988
      vertex -49.9076 0 150.226
    endloop
  endfacet
  facet normal 0.989203 0 -0.146549
    outer loop
      vertex -54.752 0 149.988
      vertex -54.788 4.25 149.745
      vertex -54.752 4.25 149.988
    endloop
  endfacet
  facet normal 0.989203 0 -0.146549
    outer loop
      vertex -54.788 4.25 149.745
      vertex -54.752 0 149.988
      vertex -54.788 0 149.745
    endloop
  endfacet
  facet normal 0.244452 0 0.969661
    outer loop
      vertex -53.0257 4.25 147.108
      vertex -52.7877 0 147.048
      vertex -52.7877 4.25 147.048
    endloop
  endfacet
  facet normal 0.244452 0 0.969661
    outer loop
      vertex -52.7877 0 147.048
      vertex -53.0257 4.25 147.108
      vertex -53.0257 0 147.108
    endloop
  endfacet
  facet normal -0.334527 0 -0.942386
    outer loop
      vertex -51.5743 0 151.892
      vertex -51.3433 4.25 151.81
      vertex -51.3433 0 151.81
    endloop
  endfacet
  facet normal -0.334527 0 -0.942386
    outer loop
      vertex -51.3433 4.25 151.81
      vertex -51.5743 0 151.892
      vertex -51.5743 4.25 151.892
    endloop
  endfacet
  facet normal 0.513776 0 -0.857924
    outer loop
      vertex -53.6889 0 151.579
      vertex -53.4785 4.25 151.705
      vertex -53.4785 0 151.705
    endloop
  endfacet
  facet normal 0.513776 0 -0.857924
    outer loop
      vertex -53.4785 4.25 151.705
      vertex -53.6889 0 151.579
      vertex -53.6889 4.25 151.579
    endloop
  endfacet
  facet normal 0.903396 -0 0.428807
    outer loop
      vertex -54.6097 0 148.543
      vertex -54.5048 4.25 148.322
      vertex -54.6097 4.25 148.543
    endloop
  endfacet
  facet normal 0.903396 0 0.428807
    outer loop
      vertex -54.5048 4.25 148.322
      vertex -54.6097 0 148.543
      vertex -54.5048 0 148.322
    endloop
  endfacet
  facet normal 0.244452 0 -0.969661
    outer loop
      vertex -53.0257 0 151.892
      vertex -52.7877 4.25 151.952
      vertex -52.7877 0 151.952
    endloop
  endfacet
  facet normal 0.244452 0 -0.969661
    outer loop
      vertex -52.7877 4.25 151.952
      vertex -53.0257 0 151.892
      vertex -53.0257 4.25 151.892
    endloop
  endfacet
  facet normal 0.858389 -0 0.512999
    outer loop
      vertex -54.5048 0 148.322
      vertex -54.3787 4.25 148.111
      vertex -54.5048 4.25 148.322
    endloop
  endfacet
  facet normal 0.858389 0 0.512999
    outer loop
      vertex -54.3787 4.25 148.111
      vertex -54.5048 0 148.322
      vertex -54.3787 0 148.111
    endloop
  endfacet
  facet normal -0.244452 0 0.969661
    outer loop
      vertex -51.8123 4.25 147.048
      vertex -51.5743 0 147.108
      vertex -51.5743 4.25 147.108
    endloop
  endfacet
  facet normal -0.244452 0 0.969661
    outer loop
      vertex -51.5743 0 147.108
      vertex -51.8123 4.25 147.048
      vertex -51.8123 0 147.048
    endloop
  endfacet
  facet normal 0.595228 0 0.803557
    outer loop
      vertex -53.886 4.25 147.567
      vertex -53.6889 0 147.421
      vertex -53.6889 4.25 147.421
    endloop
  endfacet
  facet normal 0.595228 0 0.803557
    outer loop
      vertex -53.6889 0 147.421
      vertex -53.886 4.25 147.567
      vertex -53.886 0 147.567
    endloop
  endfacet
  facet normal -0.513776 0 0.857924
    outer loop
      vertex -51.1215 4.25 147.295
      vertex -50.9111 0 147.421
      vertex -50.9111 4.25 147.421
    endloop
  endfacet
  facet normal -0.513776 0 0.857924
    outer loop
      vertex -50.9111 0 147.421
      vertex -51.1215 4.25 147.295
      vertex -51.1215 0 147.295
    endloop
  endfacet
  facet normal -0.803023 0 0.595949
    outer loop
      vertex -50.3675 0 147.914
      vertex -50.2213 4.25 148.111
      vertex -50.3675 4.25 147.914
    endloop
  endfacet
  facet normal -0.803023 0 0.595949
    outer loop
      vertex -50.2213 4.25 148.111
      vertex -50.3675 0 147.914
      vertex -50.2213 0 148.111
    endloop
  endfacet
  facet normal -0.146726 0 -0.989177
    outer loop
      vertex -52.055 0 151.988
      vertex -51.8123 4.25 151.952
      vertex -51.8123 0 151.952
    endloop
  endfacet
  facet normal -0.146726 0 -0.989177
    outer loop
      vertex -51.8123 4.25 151.952
      vertex -52.055 0 151.988
      vertex -52.055 4.25 151.988
    endloop
  endfacet
  facet normal 0.595228 0 -0.803557
    outer loop
      vertex -53.886 0 151.433
      vertex -53.6889 4.25 151.579
      vertex -53.6889 0 151.579
    endloop
  endfacet
  facet normal 0.595228 0 -0.803557
    outer loop
      vertex -53.6889 4.25 151.579
      vertex -53.886 0 151.433
      vertex -53.886 4.25 151.433
    endloop
  endfacet
  facet normal 0.803023 0 -0.595949
    outer loop
      vertex -54.2325 0 151.086
      vertex -54.3787 4.25 150.889
      vertex -54.2325 4.25 151.086
    endloop
  endfacet
  facet normal 0.803023 0 -0.595949
    outer loop
      vertex -54.3787 4.25 150.889
      vertex -54.2325 0 151.086
      vertex -54.3787 0 150.889
    endloop
  endfacet
  facet normal -0.989203 0 0.146549
    outer loop
      vertex -49.848 0 149.012
      vertex -49.812 4.25 149.255
      vertex -49.848 4.25 149.012
    endloop
  endfacet
  facet normal -0.989203 0 0.146549
    outer loop
      vertex -49.812 4.25 149.255
      vertex -49.848 0 149.012
      vertex -49.812 0 149.255
    endloop
  endfacet
  facet normal 0.941483 0 -0.337059
    outer loop
      vertex -54.6097 0 150.457
      vertex -54.6924 4.25 150.226
      vertex -54.6097 4.25 150.457
    endloop
  endfacet
  facet normal 0.941483 0 -0.337059
    outer loop
      vertex -54.6924 4.25 150.226
      vertex -54.6097 0 150.457
      vertex -54.6924 0 150.226
    endloop
  endfacet
  facet normal -0.427876 0 -0.903837
    outer loop
      vertex -51.3433 0 151.81
      vertex -51.1215 4.25 151.705
      vertex -51.1215 0 151.705
    endloop
  endfacet
  facet normal -0.427876 0 -0.903837
    outer loop
      vertex -51.1215 4.25 151.705
      vertex -51.3433 0 151.81
      vertex -51.3433 4.25 151.81
    endloop
  endfacet
  facet normal 0.941483 -0 0.337059
    outer loop
      vertex -54.6924 0 148.774
      vertex -54.6097 4.25 148.543
      vertex -54.6924 4.25 148.774
    endloop
  endfacet
  facet normal 0.941483 0 0.337059
    outer loop
      vertex -54.6097 4.25 148.543
      vertex -54.6924 0 148.774
      vertex -54.6097 0 148.543
    endloop
  endfacet
  facet normal -0.970047 0 0.242919
    outer loop
      vertex -49.9076 0 148.774
      vertex -49.848 4.25 149.012
      vertex -49.9076 4.25 148.774
    endloop
  endfacet
  facet normal -0.970047 0 0.242919
    outer loop
      vertex -49.848 4.25 149.012
      vertex -49.9076 0 148.774
      vertex -49.848 0 149.012
    endloop
  endfacet
  facet normal 0.0489209 0 -0.998803
    outer loop
      vertex -52.545 0 151.988
      vertex -52.3 4.25 152
      vertex -52.3 0 152
    endloop
  endfacet
  facet normal 0.0489209 0 -0.998803
    outer loop
      vertex -52.3 4.25 152
      vertex -52.545 0 151.988
      vertex -52.545 4.25 151.988
    endloop
  endfacet
  facet normal -0.672064 0 -0.740493
    outer loop
      vertex -50.714 0 151.433
      vertex -50.5322 4.25 151.268
      vertex -50.5322 0 151.268
    endloop
  endfacet
  facet normal -0.672064 0 -0.740493
    outer loop
      vertex -50.5322 4.25 151.268
      vertex -50.714 0 151.433
      vertex -50.714 4.25 151.433
    endloop
  endfacet
  facet normal 0.427876 0 -0.903837
    outer loop
      vertex -53.4785 0 151.705
      vertex -53.2567 4.25 151.81
      vertex -53.2567 0 151.81
    endloop
  endfacet
  facet normal 0.427876 0 -0.903837
    outer loop
      vertex -53.2567 4.25 151.81
      vertex -53.4785 0 151.705
      vertex -53.4785 4.25 151.705
    endloop
  endfacet
  facet normal 0.672064 0 -0.740493
    outer loop
      vertex -54.0678 0 151.268
      vertex -53.886 4.25 151.433
      vertex -53.886 0 151.433
    endloop
  endfacet
  facet normal 0.672064 0 -0.740493
    outer loop
      vertex -53.886 4.25 151.433
      vertex -54.0678 0 151.268
      vertex -54.0678 4.25 151.268
    endloop
  endfacet
  facet normal -0.334527 0 0.942386
    outer loop
      vertex -51.5743 4.25 147.108
      vertex -51.3433 0 147.19
      vertex -51.3433 4.25 147.19
    endloop
  endfacet
  facet normal -0.334527 0 0.942386
    outer loop
      vertex -51.3433 0 147.19
      vertex -51.5743 4.25 147.108
      vertex -51.5743 0 147.108
    endloop
  endfacet
  facet normal 0.334527 0 -0.942386
    outer loop
      vertex -53.2567 0 151.81
      vertex -53.0257 4.25 151.892
      vertex -53.0257 0 151.892
    endloop
  endfacet
  facet normal 0.334527 0 -0.942386
    outer loop
      vertex -53.0257 4.25 151.892
      vertex -53.2567 0 151.81
      vertex -53.2567 4.25 151.81
    endloop
  endfacet
  facet normal -0.803023 0 -0.595949
    outer loop
      vertex -50.2213 0 150.889
      vertex -50.3675 4.25 151.086
      vertex -50.2213 4.25 150.889
    endloop
  endfacet
  facet normal -0.803023 -0 -0.595949
    outer loop
      vertex -50.3675 4.25 151.086
      vertex -50.2213 0 150.889
      vertex -50.3675 0 151.086
    endloop
  endfacet
  facet normal 0.858389 0 -0.512999
    outer loop
      vertex -54.3787 0 150.889
      vertex -54.5048 4.25 150.678
      vertex -54.3787 4.25 150.889
    endloop
  endfacet
  facet normal 0.858389 0 -0.512999
    outer loop
      vertex -54.5048 4.25 150.678
      vertex -54.3787 0 150.889
      vertex -54.5048 0 150.678
    endloop
  endfacet
  facet normal -0.998803 0 0.0489209
    outer loop
      vertex -49.812 0 149.255
      vertex -49.8 4.25 149.5
      vertex -49.812 4.25 149.255
    endloop
  endfacet
  facet normal -0.998803 0 0.0489209
    outer loop
      vertex -49.8 4.25 149.5
      vertex -49.812 0 149.255
      vertex -49.8 0 149.5
    endloop
  endfacet
  facet normal -0.903396 0 0.428807
    outer loop
      vertex -50.0952 0 148.322
      vertex -49.9903 4.25 148.543
      vertex -50.0952 4.25 148.322
    endloop
  endfacet
  facet normal -0.903396 0 0.428807
    outer loop
      vertex -49.9903 4.25 148.543
      vertex -50.0952 0 148.322
      vertex -49.9903 0 148.543
    endloop
  endfacet
  facet normal -0.858389 0 -0.512999
    outer loop
      vertex -50.0952 0 150.678
      vertex -50.2213 4.25 150.889
      vertex -50.0952 4.25 150.678
    endloop
  endfacet
  facet normal -0.858389 -0 -0.512999
    outer loop
      vertex -50.2213 4.25 150.889
      vertex -50.0952 0 150.678
      vertex -50.2213 0 150.889
    endloop
  endfacet
  facet normal 0.672064 0 0.740493
    outer loop
      vertex -54.0678 4.25 147.732
      vertex -53.886 0 147.567
      vertex -53.886 4.25 147.567
    endloop
  endfacet
  facet normal 0.672064 0 0.740493
    outer loop
      vertex -53.886 0 147.567
      vertex -54.0678 4.25 147.732
      vertex -54.0678 0 147.732
    endloop
  endfacet
  facet normal -0.595228 0 -0.803557
    outer loop
      vertex -50.9111 0 151.579
      vertex -50.714 4.25 151.433
      vertex -50.714 0 151.433
    endloop
  endfacet
  facet normal -0.595228 0 -0.803557
    outer loop
      vertex -50.714 4.25 151.433
      vertex -50.9111 0 151.579
      vertex -50.9111 4.25 151.579
    endloop
  endfacet
  facet normal 0.513776 0 0.857924
    outer loop
      vertex -53.6889 4.25 147.421
      vertex -53.4785 0 147.295
      vertex -53.4785 4.25 147.295
    endloop
  endfacet
  facet normal 0.513776 0 0.857924
    outer loop
      vertex -53.4785 0 147.295
      vertex -53.6889 4.25 147.421
      vertex -53.6889 0 147.421
    endloop
  endfacet
  facet normal -0.513776 0 -0.857924
    outer loop
      vertex -51.1215 0 151.705
      vertex -50.9111 4.25 151.579
      vertex -50.9111 0 151.579
    endloop
  endfacet
  facet normal -0.513776 0 -0.857924
    outer loop
      vertex -50.9111 4.25 151.579
      vertex -51.1215 0 151.705
      vertex -51.1215 4.25 151.705
    endloop
  endfacet
  facet normal -0.146726 0 0.989177
    outer loop
      vertex -52.055 4.25 147.012
      vertex -51.8123 0 147.048
      vertex -51.8123 4.25 147.048
    endloop
  endfacet
  facet normal -0.146726 0 0.989177
    outer loop
      vertex -51.8123 0 147.048
      vertex -52.055 4.25 147.012
      vertex -52.055 0 147.012
    endloop
  endfacet
  facet normal -0.941483 0 -0.337059
    outer loop
      vertex -49.9076 0 150.226
      vertex -49.9903 4.25 150.457
      vertex -49.9076 4.25 150.226
    endloop
  endfacet
  facet normal -0.941483 -0 -0.337059
    outer loop
      vertex -49.9903 4.25 150.457
      vertex -49.9076 0 150.226
      vertex -49.9903 0 150.457
    endloop
  endfacet
  facet normal -0.858389 0 0.512999
    outer loop
      vertex -50.2213 0 148.111
      vertex -50.0952 4.25 148.322
      vertex -50.2213 4.25 148.111
    endloop
  endfacet
  facet normal -0.858389 0 0.512999
    outer loop
      vertex -50.0952 4.25 148.322
      vertex -50.2213 0 148.111
      vertex -50.0952 0 148.322
    endloop
  endfacet
  facet normal 0.998803 -0 0.0489209
    outer loop
      vertex -54.8 0 149.5
      vertex -54.788 4.25 149.255
      vertex -54.8 4.25 149.5
    endloop
  endfacet
  facet normal 0.998803 0 0.0489209
    outer loop
      vertex -54.788 4.25 149.255
      vertex -54.8 0 149.5
      vertex -54.788 0 149.255
    endloop
  endfacet
  facet normal -0.941483 0 0.337059
    outer loop
      vertex -49.9903 0 148.543
      vertex -49.9076 4.25 148.774
      vertex -49.9903 4.25 148.543
    endloop
  endfacet
  facet normal -0.941483 0 0.337059
    outer loop
      vertex -49.9076 4.25 148.774
      vertex -49.9903 0 148.543
      vertex -49.9076 0 148.774
    endloop
  endfacet
  facet normal -0.741468 0 -0.670988
    outer loop
      vertex -50.3675 0 151.086
      vertex -50.5322 4.25 151.268
      vertex -50.3675 4.25 151.086
    endloop
  endfacet
  facet normal -0.741468 -0 -0.670988
    outer loop
      vertex -50.5322 4.25 151.268
      vertex -50.3675 0 151.086
      vertex -50.5322 0 151.268
    endloop
  endfacet
  facet normal -0.0489209 0 -0.998803
    outer loop
      vertex -52.3 0 152
      vertex -52.055 4.25 151.988
      vertex -52.055 0 151.988
    endloop
  endfacet
  facet normal -0.0489209 0 -0.998803
    outer loop
      vertex -52.055 4.25 151.988
      vertex -52.3 0 152
      vertex -52.3 4.25 152
    endloop
  endfacet
  facet normal -0.903396 0 -0.428807
    outer loop
      vertex -49.9903 0 150.457
      vertex -50.0952 4.25 150.678
      vertex -49.9903 4.25 150.457
    endloop
  endfacet
  facet normal -0.903396 -0 -0.428807
    outer loop
      vertex -50.0952 4.25 150.678
      vertex -49.9903 0 150.457
      vertex -50.0952 0 150.678
    endloop
  endfacet
  facet normal 0.146726 0 0.989177
    outer loop
      vertex -52.7877 4.25 147.048
      vertex -52.545 0 147.012
      vertex -52.545 4.25 147.012
    endloop
  endfacet
  facet normal 0.146726 0 0.989177
    outer loop
      vertex -52.545 0 147.012
      vertex -52.7877 4.25 147.048
      vertex -52.7877 0 147.048
    endloop
  endfacet
  facet normal -0.672064 0 0.740493
    outer loop
      vertex -50.714 4.25 147.567
      vertex -50.5322 0 147.732
      vertex -50.5322 4.25 147.732
    endloop
  endfacet
  facet normal -0.672064 0 0.740493
    outer loop
      vertex -50.5322 0 147.732
      vertex -50.714 4.25 147.567
      vertex -50.714 0 147.567
    endloop
  endfacet
  facet normal 0.0489209 0 0.998803
    outer loop
      vertex -52.545 4.25 147.012
      vertex -52.3 0 147
      vertex -52.3 4.25 147
    endloop
  endfacet
  facet normal 0.0489209 0 0.998803
    outer loop
      vertex -52.3 0 147
      vertex -52.545 4.25 147.012
      vertex -52.545 0 147.012
    endloop
  endfacet
  facet normal 0.741468 0 -0.670988
    outer loop
      vertex -54.0678 0 151.268
      vertex -54.2325 4.25 151.086
      vertex -54.0678 4.25 151.268
    endloop
  endfacet
  facet normal 0.741468 0 -0.670988
    outer loop
      vertex -54.2325 4.25 151.086
      vertex -54.0678 0 151.268
      vertex -54.2325 0 151.086
    endloop
  endfacet
  facet normal 0.146726 0 -0.989177
    outer loop
      vertex -52.7877 0 151.952
      vertex -52.545 4.25 151.988
      vertex -52.545 0 151.988
    endloop
  endfacet
  facet normal 0.146726 0 -0.989177
    outer loop
      vertex -52.545 4.25 151.988
      vertex -52.7877 0 151.952
      vertex -52.7877 4.25 151.952
    endloop
  endfacet
  facet normal 0.903396 0 -0.428807
    outer loop
      vertex -54.5048 0 150.678
      vertex -54.6097 4.25 150.457
      vertex -54.5048 4.25 150.678
    endloop
  endfacet
  facet normal 0.903396 0 -0.428807
    outer loop
      vertex -54.6097 4.25 150.457
      vertex -54.5048 0 150.678
      vertex -54.6097 0 150.457
    endloop
  endfacet
  facet normal 0.970047 0 -0.242919
    outer loop
      vertex -54.6924 0 150.226
      vertex -54.752 4.25 149.988
      vertex -54.6924 4.25 150.226
    endloop
  endfacet
  facet normal 0.970047 0 -0.242919
    outer loop
      vertex -54.752 4.25 149.988
      vertex -54.6924 0 150.226
      vertex -54.752 0 149.988
    endloop
  endfacet
  facet normal -0.244452 0 -0.969661
    outer loop
      vertex -51.8123 0 151.952
      vertex -51.5743 4.25 151.892
      vertex -51.5743 0 151.892
    endloop
  endfacet
  facet normal -0.244452 0 -0.969661
    outer loop
      vertex -51.5743 4.25 151.892
      vertex -51.8123 0 151.952
      vertex -51.8123 4.25 151.952
    endloop
  endfacet
  facet normal 0.970047 -0 0.242919
    outer loop
      vertex -54.752 0 149.012
      vertex -54.6924 4.25 148.774
      vertex -54.752 4.25 149.012
    endloop
  endfacet
  facet normal 0.970047 0 0.242919
    outer loop
      vertex -54.6924 4.25 148.774
      vertex -54.752 0 149.012
      vertex -54.6924 0 148.774
    endloop
  endfacet
  facet normal 0.427876 0 0.903837
    outer loop
      vertex -53.4785 4.25 147.295
      vertex -53.2567 0 147.19
      vertex -53.2567 4.25 147.19
    endloop
  endfacet
  facet normal 0.427876 0 0.903837
    outer loop
      vertex -53.2567 0 147.19
      vertex -53.4785 4.25 147.295
      vertex -53.4785 0 147.295
    endloop
  endfacet
  facet normal 0.741468 -0 0.670988
    outer loop
      vertex -54.2325 0 147.914
      vertex -54.0678 4.25 147.732
      vertex -54.2325 4.25 147.914
    endloop
  endfacet
  facet normal 0.741468 0 0.670988
    outer loop
      vertex -54.0678 4.25 147.732
      vertex -54.2325 0 147.914
      vertex -54.0678 0 147.732
    endloop
  endfacet
  facet normal -0.427876 0 0.903837
    outer loop
      vertex -51.3433 4.25 147.19
      vertex -51.1215 0 147.295
      vertex -51.1215 4.25 147.295
    endloop
  endfacet
  facet normal -0.427876 0 0.903837
    outer loop
      vertex -51.1215 0 147.295
      vertex -51.3433 4.25 147.19
      vertex -51.3433 0 147.19
    endloop
  endfacet
  facet normal -0.0489209 0 0.998803
    outer loop
      vertex -52.3 4.25 147
      vertex -52.055 0 147.012
      vertex -52.055 4.25 147.012
    endloop
  endfacet
  facet normal -0.0489209 0 0.998803
    outer loop
      vertex -52.055 0 147.012
      vertex -52.3 4.25 147
      vertex -52.3 0 147
    endloop
  endfacet
  facet normal 0.989203 -0 0.146549
    outer loop
      vertex -54.788 0 149.255
      vertex -54.752 4.25 149.012
      vertex -54.788 4.25 149.255
    endloop
  endfacet
  facet normal 0.989203 0 0.146549
    outer loop
      vertex -54.752 4.25 149.012
      vertex -54.788 0 149.255
      vertex -54.752 0 149.012
    endloop
  endfacet
  facet normal -0.595228 0 0.803557
    outer loop
      vertex -50.9111 4.25 147.421
      vertex -50.714 0 147.567
      vertex -50.714 4.25 147.567
    endloop
  endfacet
  facet normal -0.595228 0 0.803557
    outer loop
      vertex -50.714 0 147.567
      vertex -50.9111 4.25 147.421
      vertex -50.9111 0 147.421
    endloop
  endfacet
  facet normal 0.803023 -0 0.595949
    outer loop
      vertex -54.3787 0 148.111
      vertex -54.2325 4.25 147.914
      vertex -54.3787 4.25 148.111
    endloop
  endfacet
  facet normal 0.803023 0 0.595949
    outer loop
      vertex -54.2325 4.25 147.914
      vertex -54.3787 0 148.111
      vertex -54.2325 0 147.914
    endloop
  endfacet
  facet normal 0.998803 0 -0.0489209
    outer loop
      vertex -54.788 0 149.745
      vertex -54.8 4.25 149.5
      vertex -54.788 4.25 149.745
    endloop
  endfacet
  facet normal 0.998803 0 -0.0489209
    outer loop
      vertex -54.8 4.25 149.5
      vertex -54.788 0 149.745
      vertex -54.8 0 149.5
    endloop
  endfacet
  facet normal -0.741468 0 0.670988
    outer loop
      vertex -50.5322 0 147.732
      vertex -50.3675 4.25 147.914
      vertex -50.5322 4.25 147.732
    endloop
  endfacet
  facet normal -0.741468 0 0.670988
    outer loop
      vertex -50.3675 4.25 147.914
      vertex -50.5322 0 147.732
      vertex -50.3675 0 147.914
    endloop
  endfacet
  facet normal -0.70668 0.70668 -0.0347248
    outer loop
      vertex -47.5728 6.5 149.964
      vertex -47.55 6.5 149.5
      vertex -49.8 4.25 149.5
    endloop
  endfacet
  facet normal 0.686327 0.706671 -0.171962
    outer loop
      vertex -56.8457 6.5 150.878
      vertex -54.752 4.25 149.988
      vertex -56.9587 6.5 150.427
    endloop
  endfacet
  facet normal 0.172929 0.706801 0.68595
    outer loop
      vertex -53.6778 6.5 144.954
      vertex -53.0257 4.25 147.108
      vertex -52.7877 4.25 147.048
    endloop
  endfacet
  facet normal 0.499168 0.670327 0.549084
    outer loop
      vertex -53.0257 4.25 147.108
      vertex -53.6778 6.5 144.954
      vertex -53.6789 6.5 144.955
    endloop
  endfacet
  facet normal -0.0346126 0.706692 0.706675
    outer loop
      vertex -52.2989 6.5 144.75
      vertex -52.3 4.25 147
      vertex -52.055 4.25 147.012
    endloop
  endfacet
  facet normal 0 0.707107 0.707107
    outer loop
      vertex -52.3 4.25 147
      vertex -52.2989 6.5 144.75
      vertex -52.3 6.5 144.75
    endloop
  endfacet
  facet normal 0.034992 0.706662 0.706686
    outer loop
      vertex -52.545 4.25 147.012
      vertex -52.3011 6.5 144.75
      vertex -52.7656 6.5 144.773
    endloop
  endfacet
  facet normal 0.666148 0.706661 -0.238487
    outer loop
      vertex -54.6924 4.25 150.226
      vertex -56.8451 6.5 150.88
      vertex -54.6097 4.25 150.457
    endloop
  endfacet
  facet normal 0.657756 0.705787 -0.263102
    outer loop
      vertex -56.8451 6.5 150.88
      vertex -54.6924 4.25 150.226
      vertex -56.8455 6.5 150.879
    endloop
  endfacet
  facet normal 0.70668 0.70668 0.0347248
    outer loop
      vertex -54.8 4.25 149.5
      vertex -57.0272 6.5 149.036
      vertex -57.05 6.5 149.5
    endloop
  endfacet
  facet normal -0.606882 0.706708 -0.363673
    outer loop
      vertex -48.35 6.5 152.138
      vertex -48.1109 6.5 151.739
      vertex -50.0952 4.25 150.678
    endloop
  endfacet
  facet normal 0.524548 0.706672 -0.47483
    outer loop
      vertex -55.6588 6.5 152.859
      vertex -54.0678 4.25 151.268
      vertex -55.9711 6.5 152.514
    endloop
  endfacet
  facet normal -0.421149 0.70667 0.568552
    outer loop
      vertex -49.6602 6.5 145.551
      vertex -50.9111 4.25 147.421
      vertex -50.714 4.25 147.567
    endloop
  endfacet
  facet normal 0 0.639175 0.769061
    outer loop
      vertex -50.9111 4.25 147.421
      vertex -49.6602 6.5 145.551
      vertex -49.661 6.5 145.551
    endloop
  endfacet
  facet normal 0 0.705372 -0.708837
    outer loop
      vertex -52.055 4.25 151.988
      vertex -51.8355 6.5 154.227
      vertex -51.8344 6.5 154.227
    endloop
  endfacet
  facet normal -0.034615 0.706644 -0.706722
    outer loop
      vertex -51.8355 6.5 154.227
      vertex -52.055 4.25 151.988
      vertex -52.3 4.25 152
    endloop
  endfacet
  facet normal -0.302734 0.706637 -0.639544
    outer loop
      vertex -50.4813 6.5 153.888
      vertex -50.0609 6.5 153.689
      vertex -51.1215 4.25 151.705
    endloop
  endfacet
  facet normal -0.567972 0.706663 -0.421944
    outer loop
      vertex -48.6276 6.5 152.512
      vertex -48.3505 6.5 152.139
      vertex -50.2213 4.25 150.889
    endloop
  endfacet
  facet normal -0.580158 0.706039 -0.40611
    outer loop
      vertex -50.3675 4.25 151.086
      vertex -48.6289 6.5 152.514
      vertex -48.6282 6.5 152.513
    endloop
  endfacet
  facet normal -0.524613 0.70668 -0.474746
    outer loop
      vertex -48.6289 6.5 152.514
      vertex -50.3675 4.25 151.086
      vertex -50.5322 4.25 151.268
    endloop
  endfacet
  facet normal -0.237484 0.706689 -0.666477
    outer loop
      vertex -50.9211 6.5 154.045
      vertex -50.4833 6.5 153.889
      vertex -51.5743 4.25 151.892
    endloop
  endfacet
  facet normal 0.238869 0.706583 -0.666095
    outer loop
      vertex -53.6799 6.5 154.045
      vertex -53.2567 4.25 151.81
      vertex -54.1177 6.5 153.888
    endloop
  endfacet
  facet normal -0.558208 0.699273 -0.446566
    outer loop
      vertex -49.2858 6.5 153.171
      vertex -50.714 4.25 151.433
      vertex -49.2866 6.5 153.172
    endloop
  endfacet
  facet normal -0.475557 0.706606 -0.523978
    outer loop
      vertex -50.714 4.25 151.433
      vertex -49.2858 6.5 153.171
      vertex -50.5322 4.25 151.268
    endloop
  endfacet
  facet normal 0.634946 0.704311 -0.317473
    outer loop
      vertex -54.3787 4.25 150.889
      vertex -56.25 6.5 152.138
      vertex -56.2495 6.5 152.139
    endloop
  endfacet
  facet normal 0.607372 0.706641 -0.362984
    outer loop
      vertex -56.25 6.5 152.138
      vertex -54.3787 4.25 150.889
      vertex -54.5048 4.25 150.678
    endloop
  endfacet
  facet normal 0.172929 0.706801 -0.68595
    outer loop
      vertex -53.0257 4.25 151.892
      vertex -53.6778 6.5 154.046
      vertex -52.7877 4.25 151.952
    endloop
  endfacet
  facet normal 0.499168 0.670327 -0.549084
    outer loop
      vertex -53.6778 6.5 154.046
      vertex -53.0257 4.25 151.892
      vertex -53.6789 6.5 154.045
    endloop
  endfacet
  facet normal -0.171892 0.706664 -0.686352
    outer loop
      vertex -51.3723 6.5 154.158
      vertex -50.9211 6.5 154.045
      vertex -51.5743 4.25 151.892
    endloop
  endfacet
  facet normal -0.699881 0.706682 -0.103765
    outer loop
      vertex -47.6411 6.5 150.426
      vertex -47.5729 6.5 149.966
      vertex -49.812 4.25 149.745
    endloop
  endfacet
  facet normal 0.703601 0.707103 0.0703601
    outer loop
      vertex -54.788 4.25 149.255
      vertex -57.027 6.5 149.033
      vertex -57.0271 6.5 149.034
    endloop
  endfacet
  facet normal 0.699883 0.706692 0.103686
    outer loop
      vertex -57.027 6.5 149.033
      vertex -54.788 4.25 149.255
      vertex -54.752 4.25 149.012
    endloop
  endfacet
  facet normal -0.666189 0.706674 0.238337
    outer loop
      vertex -47.7549 6.5 148.12
      vertex -47.9116 6.5 147.682
      vertex -49.9903 4.25 148.543
    endloop
  endfacet
  facet normal 0.302734 0.706637 -0.639544
    outer loop
      vertex -54.1187 6.5 153.888
      vertex -53.4785 4.25 151.705
      vertex -54.5391 6.5 153.689
    endloop
  endfacet
  facet normal 0 0.691361 -0.722509
    outer loop
      vertex -53.0257 4.25 151.892
      vertex -53.6799 6.5 154.045
      vertex -53.6789 6.5 154.045
    endloop
  endfacet
  facet normal 0.236662 0.706762 -0.666693
    outer loop
      vertex -53.6799 6.5 154.045
      vertex -53.0257 4.25 151.892
      vertex -53.2567 4.25 151.81
    endloop
  endfacet
  facet normal -0.656563 0.707074 0.262625
    outer loop
      vertex -47.912 6.5 147.681
      vertex -49.9903 4.25 148.543
      vertex -47.9116 6.5 147.682
    endloop
  endfacet
  facet normal -0.639201 0.70666 0.303404
    outer loop
      vertex -49.9903 4.25 148.543
      vertex -47.912 6.5 147.681
      vertex -50.0952 4.25 148.322
    endloop
  endfacet
  facet normal 0.421419 0.706645 0.568383
    outer loop
      vertex -53.886 4.25 147.567
      vertex -54.9398 6.5 145.551
      vertex -55.3134 6.5 145.828
    endloop
  endfacet
  facet normal 0 0.639175 -0.769061
    outer loop
      vertex -53.6889 4.25 151.579
      vertex -54.9398 6.5 153.449
      vertex -54.939 6.5 153.449
    endloop
  endfacet
  facet normal 0.421149 0.70667 -0.568552
    outer loop
      vertex -54.9398 6.5 153.449
      vertex -53.6889 4.25 151.579
      vertex -53.886 4.25 151.433
    endloop
  endfacet
  facet normal 0.699883 0.706692 -0.103686
    outer loop
      vertex -54.788 4.25 149.745
      vertex -57.027 6.5 149.967
      vertex -54.752 4.25 149.988
    endloop
  endfacet
  facet normal 0.703601 0.707103 -0.0703601
    outer loop
      vertex -57.027 6.5 149.967
      vertex -54.788 4.25 149.745
      vertex -57.0271 6.5 149.966
    endloop
  endfacet
  facet normal 0.0349914 0.706674 -0.706674
    outer loop
      vertex -52.3 6.5 154.25
      vertex -52.3 4.25 152
      vertex -52.7645 6.5 154.227
    endloop
  endfacet
  facet normal 0.363542 0.706625 0.607058
    outer loop
      vertex -54.938 6.5 145.55
      vertex -53.6889 4.25 147.421
      vertex -53.4785 4.25 147.295
    endloop
  endfacet
  facet normal 0.504885 0.70013 0.504885
    outer loop
      vertex -53.6889 4.25 147.421
      vertex -54.938 6.5 145.55
      vertex -54.939 6.5 145.551
    endloop
  endfacet
  facet normal -0.171892 0.706664 0.686352
    outer loop
      vertex -50.9211 6.5 144.955
      vertex -51.3723 6.5 144.842
      vertex -51.5743 4.25 147.108
    endloop
  endfacet
  facet normal -0.657756 0.705787 -0.263102
    outer loop
      vertex -49.9076 4.25 150.226
      vertex -47.7549 6.5 150.88
      vertex -47.7545 6.5 150.879
    endloop
  endfacet
  facet normal -0.666148 0.706661 -0.238487
    outer loop
      vertex -47.7549 6.5 150.88
      vertex -49.9076 4.25 150.226
      vertex -49.9903 4.25 150.457
    endloop
  endfacet
  facet normal 0.666189 0.706674 -0.238337
    outer loop
      vertex -56.6884 6.5 151.318
      vertex -54.6097 4.25 150.457
      vertex -56.8451 6.5 150.88
    endloop
  endfacet
  facet normal 0.639201 0.70666 -0.303404
    outer loop
      vertex -54.6097 4.25 150.457
      vertex -56.688 6.5 151.319
      vertex -54.5048 4.25 150.678
    endloop
  endfacet
  facet normal 0.656563 0.707074 -0.262625
    outer loop
      vertex -56.688 6.5 151.319
      vertex -54.6097 4.25 150.457
      vertex -56.6884 6.5 151.318
    endloop
  endfacet
  facet normal 0.10347 0.706665 -0.699942
    outer loop
      vertex -52.7656 6.5 154.227
      vertex -52.545 4.25 151.988
      vertex -53.2256 6.5 154.159
    endloop
  endfacet
  facet normal -0.504885 0.70013 -0.504885
    outer loop
      vertex -50.9111 4.25 151.579
      vertex -49.662 6.5 153.45
      vertex -49.661 6.5 153.449
    endloop
  endfacet
  facet normal -0.363542 0.706625 -0.607058
    outer loop
      vertex -49.662 6.5 153.45
      vertex -50.9111 4.25 151.579
      vertex -51.1215 4.25 151.705
    endloop
  endfacet
  facet normal -0.609633 0.703245 -0.36578
    outer loop
      vertex -48.6276 6.5 152.512
      vertex -50.3675 4.25 151.086
      vertex -48.6282 6.5 152.513
    endloop
  endfacet
  facet normal -0.568201 0.706635 -0.42168
    outer loop
      vertex -50.3675 4.25 151.086
      vertex -48.6276 6.5 152.512
      vertex -50.2213 4.25 150.889
    endloop
  endfacet
  facet normal 0.171915 0.706718 -0.686291
    outer loop
      vertex -53.2267 6.5 154.159
      vertex -52.7877 4.25 151.952
      vertex -53.6778 6.5 154.046
    endloop
  endfacet
  facet normal 0.706695 0.706672 0.0346136
    outer loop
      vertex -54.788 4.25 149.255
      vertex -57.0272 6.5 149.036
      vertex -54.8 4.25 149.5
    endloop
  endfacet
  facet normal 0.706642 0.706689 0.0353321
    outer loop
      vertex -57.0272 6.5 149.036
      vertex -54.788 4.25 149.255
      vertex -57.0271 6.5 149.034
    endloop
  endfacet
  facet normal 0.363542 0.706625 -0.607058
    outer loop
      vertex -53.6889 4.25 151.579
      vertex -54.938 6.5 153.45
      vertex -53.4785 4.25 151.705
    endloop
  endfacet
  facet normal 0.504885 0.70013 -0.504885
    outer loop
      vertex -54.938 6.5 153.45
      vertex -53.6889 4.25 151.579
      vertex -54.939 6.5 153.449
    endloop
  endfacet
  facet normal 0.567972 0.706663 -0.421944
    outer loop
      vertex -55.9724 6.5 152.512
      vertex -54.3787 4.25 150.889
      vertex -56.2495 6.5 152.139
    endloop
  endfacet
  facet normal 0.421419 0.706645 -0.568383
    outer loop
      vertex -54.9398 6.5 153.449
      vertex -53.886 4.25 151.433
      vertex -55.3134 6.5 153.172
    endloop
  endfacet
  facet normal -0.70668 0.70668 0.0347248
    outer loop
      vertex -47.55 6.5 149.5
      vertex -47.5728 6.5 149.036
      vertex -49.8 4.25 149.5
    endloop
  endfacet
  facet normal -0.172983 0.706577 0.686167
    outer loop
      vertex -51.3723 6.5 144.842
      vertex -51.8123 4.25 147.048
      vertex -51.5743 4.25 147.108
    endloop
  endfacet
  facet normal -0.543689 0.639378 0.543689
    outer loop
      vertex -51.8123 4.25 147.048
      vertex -51.3723 6.5 144.842
      vertex -51.3733 6.5 144.841
    endloop
  endfacet
  facet normal -0.639426 0.70671 0.302814
    outer loop
      vertex -47.912 6.5 147.681
      vertex -48.1109 6.5 147.261
      vertex -50.0952 4.25 148.322
    endloop
  endfacet
  facet normal 0.609633 0.703245 -0.36578
    outer loop
      vertex -54.2325 4.25 151.086
      vertex -55.9724 6.5 152.512
      vertex -55.9718 6.5 152.513
    endloop
  endfacet
  facet normal 0.568201 0.706635 -0.42168
    outer loop
      vertex -55.9724 6.5 152.512
      vertex -54.2325 4.25 151.086
      vertex -54.3787 4.25 150.889
    endloop
  endfacet
  facet normal -0.686324 0.706674 -0.171962
    outer loop
      vertex -47.7545 6.5 150.879
      vertex -47.6415 6.5 150.428
      vertex -49.9076 4.25 150.226
    endloop
  endfacet
  facet normal -0.693384 0.707098 0.138677
    outer loop
      vertex -47.6415 6.5 148.572
      vertex -49.848 4.25 149.012
      vertex -47.6413 6.5 148.573
    endloop
  endfacet
  facet normal -0.686339 0.706681 0.171873
    outer loop
      vertex -49.848 4.25 149.012
      vertex -47.6415 6.5 148.572
      vertex -49.9076 4.25 148.774
    endloop
  endfacet
  facet normal 0 0.700252 -0.713896
    outer loop
      vertex -51.8123 4.25 151.952
      vertex -51.3744 6.5 154.159
      vertex -51.3733 6.5 154.159
    endloop
  endfacet
  facet normal -0.103812 0.706692 -0.699864
    outer loop
      vertex -51.3744 6.5 154.159
      vertex -51.8123 4.25 151.952
      vertex -52.055 4.25 151.988
    endloop
  endfacet
  facet normal 0 0.67847 -0.734628
    outer loop
      vertex -53.2567 4.25 151.81
      vertex -54.1187 6.5 153.888
      vertex -54.1177 6.5 153.888
    endloop
  endfacet
  facet normal 0.302756 0.706635 -0.639535
    outer loop
      vertex -54.1187 6.5 153.888
      vertex -53.2567 4.25 151.81
      vertex -53.4785 4.25 151.705
    endloop
  endfacet
  facet normal 0.524613 0.70668 -0.474746
    outer loop
      vertex -54.2325 4.25 151.086
      vertex -55.9711 6.5 152.514
      vertex -54.0678 4.25 151.268
    endloop
  endfacet
  facet normal 0.580158 0.706039 -0.40611
    outer loop
      vertex -55.9711 6.5 152.514
      vertex -54.2325 4.25 151.086
      vertex -55.9718 6.5 152.513
    endloop
  endfacet
  facet normal -0.474881 0.706674 -0.5245
    outer loop
      vertex -49.2858 6.5 153.171
      vertex -48.9412 6.5 152.859
      vertex -50.5322 4.25 151.268
    endloop
  endfacet
  facet normal 0.363665 0.706636 0.60697
    outer loop
      vertex -53.4785 4.25 147.295
      vertex -54.5391 6.5 145.311
      vertex -54.938 6.5 145.55
    endloop
  endfacet
  facet normal -0.686324 0.706674 0.171962
    outer loop
      vertex -47.6415 6.5 148.572
      vertex -47.7545 6.5 148.121
      vertex -49.9076 4.25 148.774
    endloop
  endfacet
  facet normal -0.524548 0.706672 0.47483
    outer loop
      vertex -48.6289 6.5 146.486
      vertex -48.9412 6.5 146.141
      vertex -50.5322 4.25 147.732
    endloop
  endfacet
  facet normal 0.706642 0.706689 -0.0353321
    outer loop
      vertex -54.788 4.25 149.745
      vertex -57.0272 6.5 149.964
      vertex -57.0271 6.5 149.966
    endloop
  endfacet
  facet normal 0.706695 0.706672 -0.0346136
    outer loop
      vertex -57.0272 6.5 149.964
      vertex -54.788 4.25 149.745
      vertex -54.8 4.25 149.5
    endloop
  endfacet
  facet normal 0.606882 0.706708 -0.363673
    outer loop
      vertex -56.25 6.5 152.138
      vertex -54.5048 4.25 150.678
      vertex -56.4891 6.5 151.739
    endloop
  endfacet
  facet normal -0.363665 0.706636 -0.60697
    outer loop
      vertex -50.0609 6.5 153.689
      vertex -49.662 6.5 153.45
      vertex -51.1215 4.25 151.705
    endloop
  endfacet
  facet normal -0.10347 0.706665 0.699942
    outer loop
      vertex -51.3744 6.5 144.841
      vertex -51.8344 6.5 144.773
      vertex -52.055 4.25 147.012
    endloop
  endfacet
  facet normal -0.302734 0.706637 0.639544
    outer loop
      vertex -50.0609 6.5 145.311
      vertex -50.4813 6.5 145.112
      vertex -51.1215 4.25 147.295
    endloop
  endfacet
  facet normal -0.693384 0.707098 -0.138677
    outer loop
      vertex -47.6411 6.5 150.426
      vertex -49.848 4.25 149.988
      vertex -47.6413 6.5 150.427
    endloop
  endfacet
  facet normal -0.699898 0.706676 -0.103689
    outer loop
      vertex -49.848 4.25 149.988
      vertex -47.6411 6.5 150.426
      vertex -49.812 4.25 149.745
    endloop
  endfacet
  facet normal 0.10347 0.706665 0.699942
    outer loop
      vertex -52.545 4.25 147.012
      vertex -52.7656 6.5 144.773
      vertex -53.2256 6.5 144.841
    endloop
  endfacet
  facet normal 0.103812 0.706692 0.699864
    outer loop
      vertex -53.2256 6.5 144.841
      vertex -52.7877 4.25 147.048
      vertex -52.545 4.25 147.012
    endloop
  endfacet
  facet normal 0 0.700252 0.713896
    outer loop
      vertex -52.7877 4.25 147.048
      vertex -53.2256 6.5 144.841
      vertex -53.2267 6.5 144.841
    endloop
  endfacet
  facet normal 0.606882 0.706708 0.363673
    outer loop
      vertex -54.5048 4.25 148.322
      vertex -56.25 6.5 146.862
      vertex -56.4891 6.5 147.261
    endloop
  endfacet
  facet normal -0.519439 0.678503 0.519439
    outer loop
      vertex -50.4833 6.5 145.111
      vertex -51.3433 4.25 147.19
      vertex -50.4823 6.5 145.112
    endloop
  endfacet
  facet normal -0.236708 0.706621 0.666825
    outer loop
      vertex -51.3433 4.25 147.19
      vertex -50.4833 6.5 145.111
      vertex -51.5743 4.25 147.108
    endloop
  endfacet
  facet normal 0.639426 0.70671 -0.302814
    outer loop
      vertex -56.4891 6.5 151.739
      vertex -54.5048 4.25 150.678
      vertex -56.688 6.5 151.319
    endloop
  endfacet
  facet normal 0.567972 0.706663 0.421944
    outer loop
      vertex -54.3787 4.25 148.111
      vertex -55.9724 6.5 146.488
      vertex -56.2495 6.5 146.861
    endloop
  endfacet
  facet normal -0.666189 0.706674 -0.238337
    outer loop
      vertex -47.9116 6.5 151.318
      vertex -47.7549 6.5 150.88
      vertex -49.9903 4.25 150.457
    endloop
  endfacet
  facet normal -0.656563 0.707074 -0.262625
    outer loop
      vertex -49.9903 4.25 150.457
      vertex -47.912 6.5 151.319
      vertex -47.9116 6.5 151.318
    endloop
  endfacet
  facet normal -0.639201 0.70666 -0.303404
    outer loop
      vertex -47.912 6.5 151.319
      vertex -49.9903 4.25 150.457
      vertex -50.0952 4.25 150.678
    endloop
  endfacet
  facet normal -0.363665 0.706636 0.60697
    outer loop
      vertex -49.662 6.5 145.55
      vertex -50.0609 6.5 145.311
      vertex -51.1215 4.25 147.295
    endloop
  endfacet
  facet normal 0.238869 0.706583 0.666095
    outer loop
      vertex -53.2567 4.25 147.19
      vertex -53.6799 6.5 144.955
      vertex -54.1177 6.5 145.112
    endloop
  endfacet
  facet normal -0.567972 0.706663 0.421944
    outer loop
      vertex -48.3505 6.5 146.861
      vertex -48.6276 6.5 146.488
      vertex -50.2213 4.25 148.111
    endloop
  endfacet
  facet normal 0.686327 0.706671 0.171962
    outer loop
      vertex -54.752 4.25 149.012
      vertex -56.8457 6.5 148.122
      vertex -56.9587 6.5 148.573
    endloop
  endfacet
  facet normal 0.70668 0.70668 -0.0347248
    outer loop
      vertex -57.0272 6.5 149.964
      vertex -54.8 4.25 149.5
      vertex -57.05 6.5 149.5
    endloop
  endfacet
  facet normal -0.699881 0.706682 0.103765
    outer loop
      vertex -47.5729 6.5 149.034
      vertex -47.6411 6.5 148.574
      vertex -49.812 4.25 149.255
    endloop
  endfacet
  facet normal -0.706695 0.706672 0.0346136
    outer loop
      vertex -47.5728 6.5 149.036
      vertex -49.812 4.25 149.255
      vertex -49.8 4.25 149.5
    endloop
  endfacet
  facet normal -0.706642 0.706689 0.0353321
    outer loop
      vertex -49.812 4.25 149.255
      vertex -47.5728 6.5 149.036
      vertex -47.5729 6.5 149.034
    endloop
  endfacet
  facet normal 0.103812 0.706692 -0.699864
    outer loop
      vertex -52.7877 4.25 151.952
      vertex -53.2256 6.5 154.159
      vertex -52.545 4.25 151.988
    endloop
  endfacet
  facet normal 0 0.700252 -0.713896
    outer loop
      vertex -53.2256 6.5 154.159
      vertex -52.7877 4.25 151.952
      vertex -53.2267 6.5 154.159
    endloop
  endfacet
  facet normal -0.475557 0.706606 0.523978
    outer loop
      vertex -49.2858 6.5 145.829
      vertex -50.714 4.25 147.567
      vertex -50.5322 4.25 147.732
    endloop
  endfacet
  facet normal -0.558208 0.699273 0.446566
    outer loop
      vertex -50.714 4.25 147.567
      vertex -49.2858 6.5 145.829
      vertex -49.2866 6.5 145.828
    endloop
  endfacet
  facet normal 0.474881 0.706674 -0.5245
    outer loop
      vertex -55.3142 6.5 153.171
      vertex -54.0678 4.25 151.268
      vertex -55.6588 6.5 152.859
    endloop
  endfacet
  facet normal 0.363665 0.706636 -0.60697
    outer loop
      vertex -54.5391 6.5 153.689
      vertex -53.4785 4.25 151.705
      vertex -54.938 6.5 153.45
    endloop
  endfacet
  facet normal -0.034992 0.706662 0.706686
    outer loop
      vertex -52.055 4.25 147.012
      vertex -51.8344 6.5 144.773
      vertex -52.2989 6.5 144.75
    endloop
  endfacet
  facet normal -0.474881 0.706674 0.5245
    outer loop
      vertex -48.9412 6.5 146.141
      vertex -49.2858 6.5 145.829
      vertex -50.5322 4.25 147.732
    endloop
  endfacet
  facet normal 0 0.639175 -0.769061
    outer loop
      vertex -49.6602 6.5 153.449
      vertex -50.9111 4.25 151.579
      vertex -49.661 6.5 153.449
    endloop
  endfacet
  facet normal -0.421149 0.70667 -0.568552
    outer loop
      vertex -50.9111 4.25 151.579
      vertex -49.6602 6.5 153.449
      vertex -50.714 4.25 151.433
    endloop
  endfacet
  facet normal -0.639426 0.70671 -0.302814
    outer loop
      vertex -48.1109 6.5 151.739
      vertex -47.912 6.5 151.319
      vertex -50.0952 4.25 150.678
    endloop
  endfacet
  facet normal -0.568201 0.706635 0.42168
    outer loop
      vertex -48.6276 6.5 146.488
      vertex -50.3675 4.25 147.914
      vertex -50.2213 4.25 148.111
    endloop
  endfacet
  facet normal -0.609633 0.703245 0.36578
    outer loop
      vertex -50.3675 4.25 147.914
      vertex -48.6276 6.5 146.488
      vertex -48.6282 6.5 146.487
    endloop
  endfacet
  facet normal -0 0.700252 0.713896
    outer loop
      vertex -51.3744 6.5 144.841
      vertex -51.8123 4.25 147.048
      vertex -51.3733 6.5 144.841
    endloop
  endfacet
  facet normal -0.103812 0.706692 0.699864
    outer loop
      vertex -51.8123 4.25 147.048
      vertex -51.3744 6.5 144.841
      vertex -52.055 4.25 147.012
    endloop
  endfacet
  facet normal -0.606882 0.706708 0.363673
    outer loop
      vertex -48.1109 6.5 147.261
      vertex -48.35 6.5 146.862
      vertex -50.0952 4.25 148.322
    endloop
  endfacet
  facet normal -0.519439 0.678503 -0.519439
    outer loop
      vertex -51.3433 4.25 151.81
      vertex -50.4833 6.5 153.889
      vertex -50.4823 6.5 153.888
    endloop
  endfacet
  facet normal -0.236708 0.706621 -0.666825
    outer loop
      vertex -50.4833 6.5 153.889
      vertex -51.3433 4.25 151.81
      vertex -51.5743 4.25 151.892
    endloop
  endfacet
  facet normal 0.421149 0.70667 0.568552
    outer loop
      vertex -53.6889 4.25 147.421
      vertex -54.9398 6.5 145.551
      vertex -53.886 4.25 147.567
    endloop
  endfacet
  facet normal -0 0.639175 0.769061
    outer loop
      vertex -54.9398 6.5 145.551
      vertex -53.6889 4.25 147.421
      vertex -54.939 6.5 145.551
    endloop
  endfacet
  facet normal -0.524548 0.706672 -0.47483
    outer loop
      vertex -48.9412 6.5 152.859
      vertex -48.6289 6.5 152.514
      vertex -50.5322 4.25 151.268
    endloop
  endfacet
  facet normal 0.475557 0.706606 0.523978
    outer loop
      vertex -53.886 4.25 147.567
      vertex -55.3142 6.5 145.829
      vertex -54.0678 4.25 147.732
    endloop
  endfacet
  facet normal 0.558208 0.699273 0.446566
    outer loop
      vertex -55.3142 6.5 145.829
      vertex -53.886 4.25 147.567
      vertex -55.3134 6.5 145.828
    endloop
  endfacet
  facet normal 0.695018 0.705428 -0.139004
    outer loop
      vertex -54.6924 4.25 150.226
      vertex -56.8457 6.5 150.878
      vertex -56.8455 6.5 150.879
    endloop
  endfacet
  facet normal 0.686356 0.706664 -0.171877
    outer loop
      vertex -56.8457 6.5 150.878
      vertex -54.6924 4.25 150.226
      vertex -54.752 4.25 149.988
    endloop
  endfacet
  facet normal 0.699867 0.706674 -0.103915
    outer loop
      vertex -56.9587 6.5 150.427
      vertex -54.752 4.25 149.988
      vertex -57.027 6.5 149.967
    endloop
  endfacet
  facet normal -0.10347 0.706665 -0.699942
    outer loop
      vertex -51.8344 6.5 154.227
      vertex -51.3744 6.5 154.159
      vertex -52.055 4.25 151.988
    endloop
  endfacet
  facet normal -0.0349914 0.706674 -0.706674
    outer loop
      vertex -52.3 6.5 154.25
      vertex -51.8355 6.5 154.227
      vertex -52.3 4.25 152
    endloop
  endfacet
  facet normal 0.639426 0.70671 0.302814
    outer loop
      vertex -54.5048 4.25 148.322
      vertex -56.4891 6.5 147.261
      vertex -56.688 6.5 147.681
    endloop
  endfacet
  facet normal -0.504885 0.70013 0.504885
    outer loop
      vertex -49.662 6.5 145.55
      vertex -50.9111 4.25 147.421
      vertex -49.661 6.5 145.551
    endloop
  endfacet
  facet normal -0.363542 0.706625 0.607058
    outer loop
      vertex -50.9111 4.25 147.421
      vertex -49.662 6.5 145.55
      vertex -51.1215 4.25 147.295
    endloop
  endfacet
  facet normal -0.607372 0.706641 0.362984
    outer loop
      vertex -48.35 6.5 146.862
      vertex -50.2213 4.25 148.111
      vertex -50.0952 4.25 148.322
    endloop
  endfacet
  facet normal -0.634946 0.704311 0.317473
    outer loop
      vertex -50.2213 4.25 148.111
      vertex -48.35 6.5 146.862
      vertex -48.3505 6.5 146.861
    endloop
  endfacet
  facet normal -0.580158 0.706039 0.40611
    outer loop
      vertex -48.6289 6.5 146.486
      vertex -50.3675 4.25 147.914
      vertex -48.6282 6.5 146.487
    endloop
  endfacet
  facet normal -0.524613 0.70668 0.474746
    outer loop
      vertex -50.3675 4.25 147.914
      vertex -48.6289 6.5 146.486
      vertex -50.5322 4.25 147.732
    endloop
  endfacet
  facet normal -0.657756 0.705787 0.263102
    outer loop
      vertex -47.7549 6.5 148.12
      vertex -49.9076 4.25 148.774
      vertex -47.7545 6.5 148.121
    endloop
  endfacet
  facet normal -0.666148 0.706661 0.238487
    outer loop
      vertex -49.9076 4.25 148.774
      vertex -47.7549 6.5 148.12
      vertex -49.9903 4.25 148.543
    endloop
  endfacet
  facet normal 0.666148 0.706661 0.238487
    outer loop
      vertex -56.8451 6.5 148.12
      vertex -54.6924 4.25 148.774
      vertex -54.6097 4.25 148.543
    endloop
  endfacet
  facet normal 0.657756 0.705787 0.263102
    outer loop
      vertex -54.6924 4.25 148.774
      vertex -56.8451 6.5 148.12
      vertex -56.8455 6.5 148.121
    endloop
  endfacet
  facet normal 0.302734 0.706637 0.639544
    outer loop
      vertex -53.4785 4.25 147.295
      vertex -54.1187 6.5 145.112
      vertex -54.5391 6.5 145.311
    endloop
  endfacet
  facet normal 0.474881 0.706674 0.5245
    outer loop
      vertex -54.0678 4.25 147.732
      vertex -55.3142 6.5 145.829
      vertex -55.6588 6.5 146.141
    endloop
  endfacet
  facet normal 0.171915 0.706718 0.686291
    outer loop
      vertex -52.7877 4.25 147.048
      vertex -53.2267 6.5 144.841
      vertex -53.6778 6.5 144.954
    endloop
  endfacet
  facet normal 0.524548 0.706672 0.47483
    outer loop
      vertex -54.0678 4.25 147.732
      vertex -55.6588 6.5 146.141
      vertex -55.9711 6.5 146.486
    endloop
  endfacet
  facet normal -0.706642 0.706689 -0.0353321
    outer loop
      vertex -47.5728 6.5 149.964
      vertex -49.812 4.25 149.745
      vertex -47.5729 6.5 149.966
    endloop
  endfacet
  facet normal -0.706695 0.706672 -0.0346136
    outer loop
      vertex -49.812 4.25 149.745
      vertex -47.5728 6.5 149.964
      vertex -49.8 4.25 149.5
    endloop
  endfacet
  facet normal -0.699898 0.706676 0.103689
    outer loop
      vertex -47.6411 6.5 148.574
      vertex -49.848 4.25 149.012
      vertex -49.812 4.25 149.255
    endloop
  endfacet
  facet normal -0.693384 0.707098 0.138677
    outer loop
      vertex -49.848 4.25 149.012
      vertex -47.6411 6.5 148.574
      vertex -47.6413 6.5 148.573
    endloop
  endfacet
  facet normal 0.524613 0.70668 0.474746
    outer loop
      vertex -55.9711 6.5 146.486
      vertex -54.2325 4.25 147.914
      vertex -54.0678 4.25 147.732
    endloop
  endfacet
  facet normal 0.580158 0.706039 0.40611
    outer loop
      vertex -54.2325 4.25 147.914
      vertex -55.9711 6.5 146.486
      vertex -55.9718 6.5 146.487
    endloop
  endfacet
  facet normal -0.543689 0.639378 -0.543689
    outer loop
      vertex -51.3723 6.5 154.158
      vertex -51.8123 4.25 151.952
      vertex -51.3733 6.5 154.159
    endloop
  endfacet
  facet normal -0.172983 0.706577 -0.686167
    outer loop
      vertex -51.8123 4.25 151.952
      vertex -51.3723 6.5 154.158
      vertex -51.5743 4.25 151.892
    endloop
  endfacet
  facet normal 0.558208 0.699273 -0.446566
    outer loop
      vertex -53.886 4.25 151.433
      vertex -55.3142 6.5 153.171
      vertex -55.3134 6.5 153.172
    endloop
  endfacet
  facet normal 0.475557 0.706606 -0.523978
    outer loop
      vertex -55.3142 6.5 153.171
      vertex -53.886 4.25 151.433
      vertex -54.0678 4.25 151.268
    endloop
  endfacet
  facet normal -0.237484 0.706689 0.666477
    outer loop
      vertex -50.4833 6.5 145.111
      vertex -50.9211 6.5 144.955
      vertex -51.5743 4.25 147.108
    endloop
  endfacet
  facet normal 0.607372 0.706641 0.362984
    outer loop
      vertex -54.3787 4.25 148.111
      vertex -56.25 6.5 146.862
      vertex -54.5048 4.25 148.322
    endloop
  endfacet
  facet normal 0.634946 0.704311 0.317473
    outer loop
      vertex -56.25 6.5 146.862
      vertex -54.3787 4.25 148.111
      vertex -56.2495 6.5 146.861
    endloop
  endfacet
  facet normal 0.666189 0.706674 0.238337
    outer loop
      vertex -54.6097 4.25 148.543
      vertex -56.6884 6.5 147.682
      vertex -56.8451 6.5 148.12
    endloop
  endfacet
  facet normal 0.699867 0.706674 0.103915
    outer loop
      vertex -54.752 4.25 149.012
      vertex -56.9587 6.5 148.573
      vertex -57.027 6.5 149.033
    endloop
  endfacet
  facet normal -0.421419 0.706645 -0.568383
    outer loop
      vertex -49.6602 6.5 153.449
      vertex -49.2866 6.5 153.172
      vertex -50.714 4.25 151.433
    endloop
  endfacet
  facet normal -0.693384 0.707098 -0.138677
    outer loop
      vertex -49.848 4.25 149.988
      vertex -47.6415 6.5 150.428
      vertex -47.6413 6.5 150.427
    endloop
  endfacet
  facet normal -0.686339 0.706681 -0.171873
    outer loop
      vertex -47.6415 6.5 150.428
      vertex -49.848 4.25 149.988
      vertex -49.9076 4.25 150.226
    endloop
  endfacet
  facet normal 0.568201 0.706635 0.42168
    outer loop
      vertex -54.2325 4.25 147.914
      vertex -55.9724 6.5 146.488
      vertex -54.3787 4.25 148.111
    endloop
  endfacet
  facet normal 0.609633 0.703245 0.36578
    outer loop
      vertex -55.9724 6.5 146.488
      vertex -54.2325 4.25 147.914
      vertex -55.9718 6.5 146.487
    endloop
  endfacet
  facet normal 0 0.67847 -0.734628
    outer loop
      vertex -50.4813 6.5 153.888
      vertex -51.3433 4.25 151.81
      vertex -50.4823 6.5 153.888
    endloop
  endfacet
  facet normal -0.302756 0.706635 -0.639535
    outer loop
      vertex -51.3433 4.25 151.81
      vertex -50.4813 6.5 153.888
      vertex -51.1215 4.25 151.705
    endloop
  endfacet
  facet normal 0.302756 0.706635 0.639535
    outer loop
      vertex -53.2567 4.25 147.19
      vertex -54.1187 6.5 145.112
      vertex -53.4785 4.25 147.295
    endloop
  endfacet
  facet normal -0 0.67847 0.734628
    outer loop
      vertex -54.1187 6.5 145.112
      vertex -53.2567 4.25 147.19
      vertex -54.1177 6.5 145.112
    endloop
  endfacet
  facet normal -0.421419 0.706645 0.568383
    outer loop
      vertex -49.2866 6.5 145.828
      vertex -49.6602 6.5 145.551
      vertex -50.714 4.25 147.567
    endloop
  endfacet
  facet normal 0.639201 0.70666 0.303404
    outer loop
      vertex -56.688 6.5 147.681
      vertex -54.6097 4.25 148.543
      vertex -54.5048 4.25 148.322
    endloop
  endfacet
  facet normal 0.656563 0.707074 0.262625
    outer loop
      vertex -54.6097 4.25 148.543
      vertex -56.688 6.5 147.681
      vertex -56.6884 6.5 147.682
    endloop
  endfacet
  facet normal 0.034615 0.706644 -0.706722
    outer loop
      vertex -52.545 4.25 151.988
      vertex -52.7645 6.5 154.227
      vertex -52.3 4.25 152
    endloop
  endfacet
  facet normal 0 0.705372 -0.708837
    outer loop
      vertex -52.7645 6.5 154.227
      vertex -52.545 4.25 151.988
      vertex -52.7656 6.5 154.227
    endloop
  endfacet
  facet normal 0.0346126 0.706692 0.706675
    outer loop
      vertex -52.3 4.25 147
      vertex -52.3011 6.5 144.75
      vertex -52.545 4.25 147.012
    endloop
  endfacet
  facet normal -0 0.707107 0.707107
    outer loop
      vertex -52.3011 6.5 144.75
      vertex -52.3 4.25 147
      vertex -52.3 6.5 144.75
    endloop
  endfacet
  facet normal -0.302756 0.706635 0.639535
    outer loop
      vertex -50.4813 6.5 145.112
      vertex -51.3433 4.25 147.19
      vertex -51.1215 4.25 147.295
    endloop
  endfacet
  facet normal 0 0.67847 0.734628
    outer loop
      vertex -51.3433 4.25 147.19
      vertex -50.4813 6.5 145.112
      vertex -50.4823 6.5 145.112
    endloop
  endfacet
  facet normal -0.634946 0.704311 -0.317473
    outer loop
      vertex -48.35 6.5 152.138
      vertex -50.2213 4.25 150.889
      vertex -48.3505 6.5 152.139
    endloop
  endfacet
  facet normal -0.607372 0.706641 -0.362984
    outer loop
      vertex -50.2213 4.25 150.889
      vertex -48.35 6.5 152.138
      vertex -50.0952 4.25 150.678
    endloop
  endfacet
  facet normal 0.236662 0.706762 0.666693
    outer loop
      vertex -53.0257 4.25 147.108
      vertex -53.6799 6.5 144.955
      vertex -53.2567 4.25 147.19
    endloop
  endfacet
  facet normal -0 0.691361 0.722509
    outer loop
      vertex -53.6799 6.5 144.955
      vertex -53.0257 4.25 147.108
      vertex -53.6789 6.5 144.955
    endloop
  endfacet
  facet normal 0.686356 0.706664 0.171877
    outer loop
      vertex -54.6924 4.25 148.774
      vertex -56.8457 6.5 148.122
      vertex -54.752 4.25 149.012
    endloop
  endfacet
  facet normal 0.695018 0.705428 0.139004
    outer loop
      vertex -56.8457 6.5 148.122
      vertex -54.6924 4.25 148.774
      vertex -56.8455 6.5 148.121
    endloop
  endfacet
  facet normal -0.989177 0 -0.146726
    outer loop
      vertex 54.788 0 30.245
      vertex 54.752 4.25 30.4877
      vertex 54.788 4.25 30.245
    endloop
  endfacet
  facet normal -0.989177 -0 -0.146726
    outer loop
      vertex 54.752 4.25 30.4877
      vertex 54.788 0 30.245
      vertex 54.752 0 30.4877
    endloop
  endfacet
  facet normal -0.998803 0 -0.0489209
    outer loop
      vertex 54.8 0 30
      vertex 54.788 4.25 30.245
      vertex 54.8 4.25 30
    endloop
  endfacet
  facet normal -0.998803 -0 -0.0489209
    outer loop
      vertex 54.788 4.25 30.245
      vertex 54.8 0 30
      vertex 54.788 0 30.245
    endloop
  endfacet
  facet normal -0.970047 0 -0.242919
    outer loop
      vertex 54.752 0 30.4877
      vertex 54.6924 4.25 30.7257
      vertex 54.752 4.25 30.4877
    endloop
  endfacet
  facet normal -0.970047 -0 -0.242919
    outer loop
      vertex 54.6924 4.25 30.7257
      vertex 54.752 0 30.4877
      vertex 54.6924 0 30.7257
    endloop
  endfacet
  facet normal 0.243303 0 -0.96995
    outer loop
      vertex 51.5743 0 32.3923
      vertex 51.8123 4.25 32.452
      vertex 51.8123 0 32.452
    endloop
  endfacet
  facet normal 0.243303 0 -0.96995
    outer loop
      vertex 51.8123 4.25 32.452
      vertex 51.5743 0 32.3923
      vertex 51.5743 4.25 32.3923
    endloop
  endfacet
  facet normal 0.903995 -0 0.427543
    outer loop
      vertex 49.9903 0 29.0433
      vertex 50.0952 4.25 28.8215
      vertex 49.9903 4.25 29.0433
    endloop
  endfacet
  facet normal 0.903995 0 0.427543
    outer loop
      vertex 50.0952 4.25 28.8215
      vertex 49.9903 0 29.0433
      vertex 50.0952 0 28.8215
    endloop
  endfacet
  facet normal -0.514076 0 -0.857745
    outer loop
      vertex 53.4785 0 32.2048
      vertex 53.6889 4.25 32.0787
      vertex 53.6889 0 32.0787
    endloop
  endfacet
  facet normal -0.514076 0 -0.857745
    outer loop
      vertex 53.6889 4.25 32.0787
      vertex 53.4785 0 32.2048
      vertex 53.4785 4.25 32.2048
    endloop
  endfacet
  facet normal -0.514076 0 0.857745
    outer loop
      vertex 53.4785 4.25 27.7952
      vertex 53.6889 0 27.9213
      vertex 53.6889 4.25 27.9213
    endloop
  endfacet
  facet normal -0.514076 0 0.857745
    outer loop
      vertex 53.6889 0 27.9213
      vertex 53.4785 4.25 27.7952
      vertex 53.4785 0 27.7952
    endloop
  endfacet
  facet normal -0.337059 0 0.941483
    outer loop
      vertex 53.0257 4.25 27.6076
      vertex 53.2567 0 27.6903
      vertex 53.2567 4.25 27.6903
    endloop
  endfacet
  facet normal -0.337059 0 0.941483
    outer loop
      vertex 53.2567 0 27.6903
      vertex 53.0257 4.25 27.6076
      vertex 53.0257 0 27.6076
    endloop
  endfacet
  facet normal 0.970047 0 -0.242919
    outer loop
      vertex 49.9076 0 30.7257
      vertex 49.848 4.25 30.4877
      vertex 49.9076 4.25 30.7257
    endloop
  endfacet
  facet normal 0.970047 0 -0.242919
    outer loop
      vertex 49.848 4.25 30.4877
      vertex 49.9076 0 30.7257
      vertex 49.848 0 30.4877
    endloop
  endfacet
  facet normal 0.671394 0 -0.741101
    outer loop
      vertex 50.5322 0 31.7678
      vertex 50.714 4.25 31.9325
      vertex 50.714 0 31.9325
    endloop
  endfacet
  facet normal 0.671394 0 -0.741101
    outer loop
      vertex 50.714 4.25 31.9325
      vertex 50.5322 0 31.7678
      vertex 50.5322 4.25 31.7678
    endloop
  endfacet
  facet normal 0.514076 0 -0.857745
    outer loop
      vertex 50.9111 0 32.0787
      vertex 51.1215 4.25 32.2048
      vertex 51.1215 0 32.2048
    endloop
  endfacet
  facet normal 0.514076 0 -0.857745
    outer loop
      vertex 51.1215 4.25 32.2048
      vertex 50.9111 0 32.0787
      vertex 50.9111 4.25 32.0787
    endloop
  endfacet
  facet normal -0.146726 0 0.989177
    outer loop
      vertex 52.545 4.25 27.512
      vertex 52.7877 0 27.548
      vertex 52.7877 4.25 27.548
    endloop
  endfacet
  facet normal -0.146726 0 0.989177
    outer loop
      vertex 52.7877 0 27.548
      vertex 52.545 4.25 27.512
      vertex 52.545 0 27.512
    endloop
  endfacet
  facet normal 0.803167 0 -0.595754
    outer loop
      vertex 50.3675 0 31.586
      vertex 50.2213 4.25 31.3889
      vertex 50.3675 4.25 31.586
    endloop
  endfacet
  facet normal 0.803167 0 -0.595754
    outer loop
      vertex 50.2213 4.25 31.3889
      vertex 50.3675 0 31.586
      vertex 50.2213 0 31.3889
    endloop
  endfacet
  facet normal -0.903995 0 -0.427543
    outer loop
      vertex 54.6097 0 30.9567
      vertex 54.5048 4.25 31.1785
      vertex 54.6097 4.25 30.9567
    endloop
  endfacet
  facet normal -0.903995 -0 -0.427543
    outer loop
      vertex 54.5048 4.25 31.1785
      vertex 54.6097 0 30.9567
      vertex 54.5048 0 31.1785
    endloop
  endfacet
  facet normal 0.941483 0 -0.337059
    outer loop
      vertex 49.9903 0 30.9567
      vertex 49.9076 4.25 30.7257
      vertex 49.9903 4.25 30.9567
    endloop
  endfacet
  facet normal 0.941483 0 -0.337059
    outer loop
      vertex 49.9076 4.25 30.7257
      vertex 49.9903 0 30.9567
      vertex 49.9076 0 30.7257
    endloop
  endfacet
  facet normal 0.337059 0 0.941483
    outer loop
      vertex 51.3433 4.25 27.6903
      vertex 51.5743 0 27.6076
      vertex 51.5743 4.25 27.6076
    endloop
  endfacet
  facet normal 0.337059 0 0.941483
    outer loop
      vertex 51.5743 0 27.6076
      vertex 51.3433 4.25 27.6903
      vertex 51.3433 0 27.6903
    endloop
  endfacet
  facet normal -0.595754 0 -0.803167
    outer loop
      vertex 53.6889 0 32.0787
      vertex 53.886 4.25 31.9325
      vertex 53.886 0 31.9325
    endloop
  endfacet
  facet normal -0.595754 0 -0.803167
    outer loop
      vertex 53.886 4.25 31.9325
      vertex 53.6889 0 32.0787
      vertex 53.6889 4.25 32.0787
    endloop
  endfacet
  facet normal 0.903995 0 -0.427543
    outer loop
      vertex 50.0952 0 31.1785
      vertex 49.9903 4.25 30.9567
      vertex 50.0952 4.25 31.1785
    endloop
  endfacet
  facet normal 0.903995 0 -0.427543
    outer loop
      vertex 49.9903 4.25 30.9567
      vertex 50.0952 0 31.1785
      vertex 49.9903 0 30.9567
    endloop
  endfacet
  facet normal -0.803167 0 0.595754
    outer loop
      vertex 54.2325 0 28.414
      vertex 54.3787 4.25 28.6111
      vertex 54.2325 4.25 28.414
    endloop
  endfacet
  facet normal -0.803167 0 0.595754
    outer loop
      vertex 54.3787 4.25 28.6111
      vertex 54.2325 0 28.414
      vertex 54.3787 0 28.6111
    endloop
  endfacet
  facet normal -0.146726 0 -0.989177
    outer loop
      vertex 52.545 0 32.488
      vertex 52.7877 4.25 32.452
      vertex 52.7877 0 32.452
    endloop
  endfacet
  facet normal -0.146726 0 -0.989177
    outer loop
      vertex 52.7877 4.25 32.452
      vertex 52.545 0 32.488
      vertex 52.545 4.25 32.488
    endloop
  endfacet
  facet normal 0.989177 0 -0.146726
    outer loop
      vertex 49.848 0 30.4877
      vertex 49.812 4.25 30.245
      vertex 49.848 4.25 30.4877
    endloop
  endfacet
  facet normal 0.989177 0 -0.146726
    outer loop
      vertex 49.812 4.25 30.245
      vertex 49.848 0 30.4877
      vertex 49.812 0 30.245
    endloop
  endfacet
  facet normal -0.803167 0 -0.595754
    outer loop
      vertex 54.3787 0 31.3889
      vertex 54.2325 4.25 31.586
      vertex 54.3787 4.25 31.3889
    endloop
  endfacet
  facet normal -0.803167 -0 -0.595754
    outer loop
      vertex 54.2325 4.25 31.586
      vertex 54.3787 0 31.3889
      vertex 54.2325 0 31.586
    endloop
  endfacet
  facet normal -0.0489209 0 -0.998803
    outer loop
      vertex 52.3 0 32.5
      vertex 52.545 4.25 32.488
      vertex 52.545 0 32.488
    endloop
  endfacet
  facet normal -0.0489209 0 -0.998803
    outer loop
      vertex 52.545 4.25 32.488
      vertex 52.3 0 32.5
      vertex 52.3 4.25 32.5
    endloop
  endfacet
  facet normal 0.857745 -0 0.514076
    outer loop
      vertex 50.0952 0 28.8215
      vertex 50.2213 4.25 28.6111
      vertex 50.0952 4.25 28.8215
    endloop
  endfacet
  facet normal 0.857745 0 0.514076
    outer loop
      vertex 50.2213 4.25 28.6111
      vertex 50.0952 0 28.8215
      vertex 50.2213 0 28.6111
    endloop
  endfacet
  facet normal 0.941483 -0 0.337059
    outer loop
      vertex 49.9076 0 29.2743
      vertex 49.9903 4.25 29.0433
      vertex 49.9076 4.25 29.2743
    endloop
  endfacet
  facet normal 0.941483 0 0.337059
    outer loop
      vertex 49.9903 4.25 29.0433
      vertex 49.9076 0 29.2743
      vertex 49.9903 0 29.0433
    endloop
  endfacet
  facet normal 0.427543 0 -0.903995
    outer loop
      vertex 51.1215 0 32.2048
      vertex 51.3433 4.25 32.3097
      vertex 51.3433 0 32.3097
    endloop
  endfacet
  facet normal 0.427543 0 -0.903995
    outer loop
      vertex 51.3433 4.25 32.3097
      vertex 51.1215 0 32.2048
      vertex 51.1215 4.25 32.2048
    endloop
  endfacet
  facet normal -0.903995 0 0.427543
    outer loop
      vertex 54.5048 0 28.8215
      vertex 54.6097 4.25 29.0433
      vertex 54.5048 4.25 28.8215
    endloop
  endfacet
  facet normal -0.903995 0 0.427543
    outer loop
      vertex 54.6097 4.25 29.0433
      vertex 54.5048 0 28.8215
      vertex 54.6097 0 29.0433
    endloop
  endfacet
  facet normal 0.595754 0 0.803167
    outer loop
      vertex 50.714 4.25 28.0675
      vertex 50.9111 0 27.9213
      vertex 50.9111 4.25 27.9213
    endloop
  endfacet
  facet normal 0.595754 0 0.803167
    outer loop
      vertex 50.9111 0 27.9213
      vertex 50.714 4.25 28.0675
      vertex 50.714 0 28.0675
    endloop
  endfacet
  facet normal 0.857745 0 -0.514076
    outer loop
      vertex 50.2213 0 31.3889
      vertex 50.0952 4.25 31.1785
      vertex 50.2213 4.25 31.3889
    endloop
  endfacet
  facet normal 0.857745 0 -0.514076
    outer loop
      vertex 50.0952 4.25 31.1785
      vertex 50.2213 0 31.3889
      vertex 50.0952 0 31.1785
    endloop
  endfacet
  facet normal -0.998803 0 0.0489209
    outer loop
      vertex 54.788 0 29.755
      vertex 54.8 4.25 30
      vertex 54.788 4.25 29.755
    endloop
  endfacet
  facet normal -0.998803 0 0.0489209
    outer loop
      vertex 54.8 4.25 30
      vertex 54.788 0 29.755
      vertex 54.8 0 30
    endloop
  endfacet
  facet normal -0.941483 0 0.337059
    outer loop
      vertex 54.6097 0 29.0433
      vertex 54.6924 4.25 29.2743
      vertex 54.6097 4.25 29.0433
    endloop
  endfacet
  facet normal -0.941483 0 0.337059
    outer loop
      vertex 54.6924 4.25 29.2743
      vertex 54.6097 0 29.0433
      vertex 54.6924 0 29.2743
    endloop
  endfacet
  facet normal -0.242919 0 0.970047
    outer loop
      vertex 52.7877 4.25 27.548
      vertex 53.0257 0 27.6076
      vertex 53.0257 4.25 27.6076
    endloop
  endfacet
  facet normal -0.242919 0 0.970047
    outer loop
      vertex 53.0257 0 27.6076
      vertex 52.7877 4.25 27.548
      vertex 52.7877 0 27.548
    endloop
  endfacet
  facet normal -0.941483 0 -0.337059
    outer loop
      vertex 54.6924 0 30.7257
      vertex 54.6097 4.25 30.9567
      vertex 54.6924 4.25 30.7257
    endloop
  endfacet
  facet normal -0.941483 -0 -0.337059
    outer loop
      vertex 54.6097 4.25 30.9567
      vertex 54.6924 0 30.7257
      vertex 54.6097 0 30.9567
    endloop
  endfacet
  facet normal 0.998803 -0 0.0489209
    outer loop
      vertex 49.8 0 30
      vertex 49.812 4.25 29.755
      vertex 49.8 4.25 30
    endloop
  endfacet
  facet normal 0.998803 0 0.0489209
    outer loop
      vertex 49.812 4.25 29.755
      vertex 49.8 0 30
      vertex 49.812 0 29.755
    endloop
  endfacet
  facet normal -0.989177 0 0.146726
    outer loop
      vertex 54.752 0 29.5123
      vertex 54.788 4.25 29.755
      vertex 54.752 4.25 29.5123
    endloop
  endfacet
  facet normal -0.989177 0 0.146726
    outer loop
      vertex 54.788 4.25 29.755
      vertex 54.752 0 29.5123
      vertex 54.788 0 29.755
    endloop
  endfacet
  facet normal 0.671394 0 0.741101
    outer loop
      vertex 50.5322 4.25 28.2322
      vertex 50.714 0 28.0675
      vertex 50.714 4.25 28.0675
    endloop
  endfacet
  facet normal 0.671394 0 0.741101
    outer loop
      vertex 50.714 0 28.0675
      vertex 50.5322 4.25 28.2322
      vertex 50.5322 0 28.2322
    endloop
  endfacet
  facet normal -0.970047 0 0.242919
    outer loop
      vertex 54.6924 0 29.2743
      vertex 54.752 4.25 29.5123
      vertex 54.6924 4.25 29.2743
    endloop
  endfacet
  facet normal -0.970047 0 0.242919
    outer loop
      vertex 54.752 4.25 29.5123
      vertex 54.6924 0 29.2743
      vertex 54.752 0 29.5123
    endloop
  endfacet
  facet normal -0.671394 0 -0.741101
    outer loop
      vertex 53.886 0 31.9325
      vertex 54.0678 4.25 31.7678
      vertex 54.0678 0 31.7678
    endloop
  endfacet
  facet normal -0.671394 0 -0.741101
    outer loop
      vertex 54.0678 4.25 31.7678
      vertex 53.886 0 31.9325
      vertex 53.886 4.25 31.9325
    endloop
  endfacet
  facet normal -0.336698 0 -0.941613
    outer loop
      vertex 53.0257 0 32.3923
      vertex 53.2567 4.25 32.3097
      vertex 53.2567 0 32.3097
    endloop
  endfacet
  facet normal -0.336698 0 -0.941613
    outer loop
      vertex 53.2567 4.25 32.3097
      vertex 53.0257 0 32.3923
      vertex 53.0257 4.25 32.3923
    endloop
  endfacet
  facet normal 0.336698 0 -0.941613
    outer loop
      vertex 51.3433 0 32.3097
      vertex 51.5743 4.25 32.3923
      vertex 51.5743 0 32.3923
    endloop
  endfacet
  facet normal 0.336698 0 -0.941613
    outer loop
      vertex 51.5743 4.25 32.3923
      vertex 51.3433 0 32.3097
      vertex 51.3433 4.25 32.3097
    endloop
  endfacet
  facet normal 0.514076 0 0.857745
    outer loop
      vertex 50.9111 4.25 27.9213
      vertex 51.1215 0 27.7952
      vertex 51.1215 4.25 27.7952
    endloop
  endfacet
  facet normal 0.514076 0 0.857745
    outer loop
      vertex 51.1215 0 27.7952
      vertex 50.9111 4.25 27.9213
      vertex 50.9111 0 27.9213
    endloop
  endfacet
  facet normal -0.857745 0 0.514076
    outer loop
      vertex 54.3787 0 28.6111
      vertex 54.5048 4.25 28.8215
      vertex 54.3787 4.25 28.6111
    endloop
  endfacet
  facet normal -0.857745 0 0.514076
    outer loop
      vertex 54.5048 4.25 28.8215
      vertex 54.3787 0 28.6111
      vertex 54.5048 0 28.8215
    endloop
  endfacet
  facet normal -0.427543 0 -0.903995
    outer loop
      vertex 53.2567 0 32.3097
      vertex 53.4785 4.25 32.2048
      vertex 53.4785 0 32.2048
    endloop
  endfacet
  facet normal -0.427543 0 -0.903995
    outer loop
      vertex 53.4785 4.25 32.2048
      vertex 53.2567 0 32.3097
      vertex 53.2567 4.25 32.3097
    endloop
  endfacet
  facet normal 0.146726 0 0.989177
    outer loop
      vertex 51.8123 4.25 27.548
      vertex 52.055 0 27.512
      vertex 52.055 4.25 27.512
    endloop
  endfacet
  facet normal 0.146726 0 0.989177
    outer loop
      vertex 52.055 0 27.512
      vertex 51.8123 4.25 27.548
      vertex 51.8123 0 27.548
    endloop
  endfacet
  facet normal 0.595754 0 -0.803167
    outer loop
      vertex 50.714 0 31.9325
      vertex 50.9111 4.25 32.0787
      vertex 50.9111 0 32.0787
    endloop
  endfacet
  facet normal 0.595754 0 -0.803167
    outer loop
      vertex 50.9111 4.25 32.0787
      vertex 50.714 0 31.9325
      vertex 50.714 4.25 31.9325
    endloop
  endfacet
  facet normal -0.857745 0 -0.514076
    outer loop
      vertex 54.5048 0 31.1785
      vertex 54.3787 4.25 31.3889
      vertex 54.5048 4.25 31.1785
    endloop
  endfacet
  facet normal -0.857745 -0 -0.514076
    outer loop
      vertex 54.3787 4.25 31.3889
      vertex 54.5048 0 31.1785
      vertex 54.3787 0 31.3889
    endloop
  endfacet
  facet normal 0.0489209 0 0.998803
    outer loop
      vertex 52.055 4.25 27.512
      vertex 52.3 0 27.5
      vertex 52.3 4.25 27.5
    endloop
  endfacet
  facet normal 0.0489209 0 0.998803
    outer loop
      vertex 52.3 0 27.5
      vertex 52.055 4.25 27.512
      vertex 52.055 0 27.512
    endloop
  endfacet
  facet normal 0.741101 0 -0.671394
    outer loop
      vertex 50.5322 0 31.7678
      vertex 50.3675 4.25 31.586
      vertex 50.5322 4.25 31.7678
    endloop
  endfacet
  facet normal 0.741101 0 -0.671394
    outer loop
      vertex 50.3675 4.25 31.586
      vertex 50.5322 0 31.7678
      vertex 50.3675 0 31.586
    endloop
  endfacet
  facet normal -0.0489209 0 0.998803
    outer loop
      vertex 52.3 4.25 27.5
      vertex 52.545 0 27.512
      vertex 52.545 4.25 27.512
    endloop
  endfacet
  facet normal -0.0489209 0 0.998803
    outer loop
      vertex 52.545 0 27.512
      vertex 52.3 4.25 27.5
      vertex 52.3 0 27.5
    endloop
  endfacet
  facet normal 0.146726 0 -0.989177
    outer loop
      vertex 51.8123 0 32.452
      vertex 52.055 4.25 32.488
      vertex 52.055 0 32.488
    endloop
  endfacet
  facet normal 0.146726 0 -0.989177
    outer loop
      vertex 52.055 4.25 32.488
      vertex 51.8123 0 32.452
      vertex 51.8123 4.25 32.452
    endloop
  endfacet
  facet normal 0.242919 0 0.970047
    outer loop
      vertex 51.5743 4.25 27.6076
      vertex 51.8123 0 27.548
      vertex 51.8123 4.25 27.548
    endloop
  endfacet
  facet normal 0.242919 0 0.970047
    outer loop
      vertex 51.8123 0 27.548
      vertex 51.5743 4.25 27.6076
      vertex 51.5743 0 27.6076
    endloop
  endfacet
  facet normal -0.671394 0 0.741101
    outer loop
      vertex 53.886 4.25 28.0675
      vertex 54.0678 0 28.2322
      vertex 54.0678 4.25 28.2322
    endloop
  endfacet
  facet normal -0.671394 0 0.741101
    outer loop
      vertex 54.0678 0 28.2322
      vertex 53.886 4.25 28.0675
      vertex 53.886 0 28.0675
    endloop
  endfacet
  facet normal -0.243303 0 -0.96995
    outer loop
      vertex 52.7877 0 32.452
      vertex 53.0257 4.25 32.3923
      vertex 53.0257 0 32.3923
    endloop
  endfacet
  facet normal -0.243303 0 -0.96995
    outer loop
      vertex 53.0257 4.25 32.3923
      vertex 52.7877 0 32.452
      vertex 52.7877 4.25 32.452
    endloop
  endfacet
  facet normal 0.970047 -0 0.242919
    outer loop
      vertex 49.848 0 29.5123
      vertex 49.9076 4.25 29.2743
      vertex 49.848 4.25 29.5123
    endloop
  endfacet
  facet normal 0.970047 0 0.242919
    outer loop
      vertex 49.9076 4.25 29.2743
      vertex 49.848 0 29.5123
      vertex 49.9076 0 29.2743
    endloop
  endfacet
  facet normal 0.427543 0 0.903995
    outer loop
      vertex 51.1215 4.25 27.7952
      vertex 51.3433 0 27.6903
      vertex 51.3433 4.25 27.6903
    endloop
  endfacet
  facet normal 0.427543 0 0.903995
    outer loop
      vertex 51.3433 0 27.6903
      vertex 51.1215 4.25 27.7952
      vertex 51.1215 0 27.7952
    endloop
  endfacet
  facet normal 0.741101 -0 0.671394
    outer loop
      vertex 50.3675 0 28.414
      vertex 50.5322 4.25 28.2322
      vertex 50.3675 4.25 28.414
    endloop
  endfacet
  facet normal 0.741101 0 0.671394
    outer loop
      vertex 50.5322 4.25 28.2322
      vertex 50.3675 0 28.414
      vertex 50.5322 0 28.2322
    endloop
  endfacet
  facet normal -0.427543 0 0.903995
    outer loop
      vertex 53.2567 4.25 27.6903
      vertex 53.4785 0 27.7952
      vertex 53.4785 4.25 27.7952
    endloop
  endfacet
  facet normal -0.427543 0 0.903995
    outer loop
      vertex 53.4785 0 27.7952
      vertex 53.2567 4.25 27.6903
      vertex 53.2567 0 27.6903
    endloop
  endfacet
  facet normal 0.0489209 0 -0.998803
    outer loop
      vertex 52.055 0 32.488
      vertex 52.3 4.25 32.5
      vertex 52.3 0 32.5
    endloop
  endfacet
  facet normal 0.0489209 0 -0.998803
    outer loop
      vertex 52.3 4.25 32.5
      vertex 52.055 0 32.488
      vertex 52.055 4.25 32.488
    endloop
  endfacet
  facet normal 0.989177 -0 0.146726
    outer loop
      vertex 49.812 0 29.755
      vertex 49.848 4.25 29.5123
      vertex 49.812 4.25 29.755
    endloop
  endfacet
  facet normal 0.989177 0 0.146726
    outer loop
      vertex 49.848 4.25 29.5123
      vertex 49.812 0 29.755
      vertex 49.848 0 29.5123
    endloop
  endfacet
  facet normal -0.741101 0 -0.671394
    outer loop
      vertex 54.2325 0 31.586
      vertex 54.0678 4.25 31.7678
      vertex 54.2325 4.25 31.586
    endloop
  endfacet
  facet normal -0.741101 -0 -0.671394
    outer loop
      vertex 54.0678 4.25 31.7678
      vertex 54.2325 0 31.586
      vertex 54.0678 0 31.7678
    endloop
  endfacet
  facet normal -0.595754 0 0.803167
    outer loop
      vertex 53.6889 4.25 27.9213
      vertex 53.886 0 28.0675
      vertex 53.886 4.25 28.0675
    endloop
  endfacet
  facet normal -0.595754 0 0.803167
    outer loop
      vertex 53.886 0 28.0675
      vertex 53.6889 4.25 27.9213
      vertex 53.6889 0 27.9213
    endloop
  endfacet
  facet normal 0.803167 -0 0.595754
    outer loop
      vertex 50.2213 0 28.6111
      vertex 50.3675 4.25 28.414
      vertex 50.2213 4.25 28.6111
    endloop
  endfacet
  facet normal 0.803167 0 0.595754
    outer loop
      vertex 50.3675 4.25 28.414
      vertex 50.2213 0 28.6111
      vertex 50.3675 0 28.414
    endloop
  endfacet
  facet normal 0.998803 0 -0.0489209
    outer loop
      vertex 49.812 0 30.245
      vertex 49.8 4.25 30
      vertex 49.812 4.25 30.245
    endloop
  endfacet
  facet normal 0.998803 0 -0.0489209
    outer loop
      vertex 49.8 4.25 30
      vertex 49.812 0 30.245
      vertex 49.8 0 30
    endloop
  endfacet
  facet normal -0.741101 0 0.671394
    outer loop
      vertex 54.0678 0 28.2322
      vertex 54.2325 4.25 28.414
      vertex 54.0678 4.25 28.2322
    endloop
  endfacet
  facet normal -0.741101 0 0.671394
    outer loop
      vertex 54.2325 4.25 28.414
      vertex 54.0678 0 28.2322
      vertex 54.2325 0 28.414
    endloop
  endfacet
  facet normal -0.706681 0.706681 -0.0346875
    outer loop
      vertex 57.0272 6.5 30.4645
      vertex 57.05 6.5 30
      vertex 54.8 4.25 30
    endloop
  endfacet
  facet normal -0.263093 0.705813 -0.657731
    outer loop
      vertex 53.6799 6.5 34.5451
      vertex 53.0257 4.25 32.3923
      vertex 53.6789 6.5 34.5455
    endloop
  endfacet
  facet normal -0.23822 0.706693 -0.66621
    outer loop
      vertex 53.0257 4.25 32.3923
      vertex 53.6799 6.5 34.5451
      vertex 53.2567 4.25 32.3097
    endloop
  endfacet
  facet normal 0.421521 0.706671 0.568275
    outer loop
      vertex 50.9111 4.25 27.9213
      vertex 49.6602 6.5 26.0512
      vertex 50.714 4.25 28.0675
    endloop
  endfacet
  facet normal 0.467591 0.704121 0.53439
    outer loop
      vertex 49.6602 6.5 26.0512
      vertex 50.9111 4.25 27.9213
      vertex 49.661 6.5 26.0505
    endloop
  endfacet
  facet normal 0.568225 0.706683 -0.421567
    outer loop
      vertex 48.6276 6.5 33.0125
      vertex 50.2213 4.25 31.3889
      vertex 48.3505 6.5 32.639
    endloop
  endfacet
  facet normal -0.606871 0.706674 -0.363758
    outer loop
      vertex 56.25 6.5 32.638
      vertex 56.4891 6.5 32.2391
      vertex 54.5048 4.25 31.1785
    endloop
  endfacet
  facet normal -0.589793 0.705366 -0.393195
    outer loop
      vertex 55.9724 6.5 33.0125
      vertex 54.2325 4.25 31.586
      vertex 55.9718 6.5 33.0134
    endloop
  endfacet
  facet normal -0.568269 0.706678 -0.421517
    outer loop
      vertex 54.2325 4.25 31.586
      vertex 55.9724 6.5 33.0125
      vertex 54.3787 4.25 31.3889
    endloop
  endfacet
  facet normal 0.0346134 0.706676 0.70669
    outer loop
      vertex 52.3 4.25 27.5
      vertex 52.2989 6.5 25.2501
      vertex 52.055 4.25 27.512
    endloop
  endfacet
  facet normal 0.06415 0.70565 0.70565
    outer loop
      vertex 52.2989 6.5 25.2501
      vertex 52.3 4.25 27.5
      vertex 52.3 6.5 25.25
    endloop
  endfacet
  facet normal -0.262625 0.707074 -0.656563
    outer loop
      vertex 54.1187 6.5 34.388
      vertex 53.2567 4.25 32.3097
      vertex 54.1177 6.5 34.3884
    endloop
  endfacet
  facet normal -0.302499 0.706684 -0.639602
    outer loop
      vertex 53.2567 4.25 32.3097
      vertex 54.1187 6.5 34.388
      vertex 53.4785 4.25 32.2048
    endloop
  endfacet
  facet normal -0.568225 0.706683 -0.421567
    outer loop
      vertex 55.9724 6.5 33.0125
      vertex 56.2495 6.5 32.639
      vertex 54.3787 4.25 31.3889
    endloop
  endfacet
  facet normal -0.606891 0.706671 0.36373
    outer loop
      vertex 56.25 6.5 27.362
      vertex 54.3787 4.25 28.6111
      vertex 54.5048 4.25 28.8215
    endloop
  endfacet
  facet normal -0.63494 0.704318 0.31747
    outer loop
      vertex 54.3787 4.25 28.6111
      vertex 56.25 6.5 27.362
      vertex 56.2495 6.5 27.361
    endloop
  endfacet
  facet normal 0.568269 0.706678 0.421517
    outer loop
      vertex 50.3675 4.25 28.414
      vertex 48.6276 6.5 26.9875
      vertex 50.2213 4.25 28.6111
    endloop
  endfacet
  facet normal 0.589793 0.705366 0.393195
    outer loop
      vertex 48.6276 6.5 26.9875
      vertex 50.3675 4.25 28.414
      vertex 48.6282 6.5 26.9866
    endloop
  endfacet
  facet normal 0.475025 0.706692 0.524345
    outer loop
      vertex 50.714 4.25 28.0675
      vertex 49.2858 6.5 26.3289
      vertex 50.5322 4.25 28.2322
    endloop
  endfacet
  facet normal 0.465746 0.706935 0.532281
    outer loop
      vertex 49.2858 6.5 26.3289
      vertex 50.714 4.25 28.0675
      vertex 49.2866 6.5 26.3282
    endloop
  endfacet
  facet normal 0.524267 0.706682 0.475126
    outer loop
      vertex 50.5322 4.25 28.2322
      vertex 48.9412 6.5 26.6412
      vertex 48.6289 6.5 26.9858
    endloop
  endfacet
  facet normal 0.69989 0.706673 -0.103766
    outer loop
      vertex 47.6411 6.5 30.9256
      vertex 49.812 4.25 30.245
      vertex 47.5729 6.5 30.4656
    endloop
  endfacet
  facet normal 0.138677 0.707098 -0.693384
    outer loop
      vertex 51.8123 4.25 32.452
      vertex 51.3723 6.5 34.6585
      vertex 51.3733 6.5 34.6587
    endloop
  endfacet
  facet normal 0.172146 0.706674 -0.686278
    outer loop
      vertex 51.3723 6.5 34.6585
      vertex 51.8123 4.25 32.452
      vertex 51.5743 4.25 32.3923
    endloop
  endfacet
  facet normal 0.639567 0.706677 -0.302592
    outer loop
      vertex 48.1109 6.5 32.2391
      vertex 50.0952 4.25 31.1785
      vertex 47.912 6.5 31.8187
    endloop
  endfacet
  facet normal -0.686335 0.706672 0.171926
    outer loop
      vertex 56.9587 6.5 29.0733
      vertex 56.8457 6.5 28.6222
      vertex 54.752 4.25 29.5123
    endloop
  endfacet
  facet normal -0.63494 0.704318 -0.31747
    outer loop
      vertex 56.25 6.5 32.638
      vertex 54.3787 4.25 31.3889
      vertex 56.2495 6.5 32.639
    endloop
  endfacet
  facet normal -0.606891 0.706671 -0.36373
    outer loop
      vertex 54.3787 4.25 31.3889
      vertex 56.25 6.5 32.638
      vertex 54.5048 4.25 31.1785
    endloop
  endfacet
  facet normal 0.103766 0.706673 -0.69989
    outer loop
      vertex 51.8344 6.5 34.7271
      vertex 52.055 4.25 32.488
      vertex 51.3744 6.5 34.6589
    endloop
  endfacet
  facet normal -0.363758 0.706674 0.606871
    outer loop
      vertex 54.938 6.5 26.05
      vertex 54.5391 6.5 25.8109
      vertex 53.4785 4.25 27.7952
    endloop
  endfacet
  facet normal -0.657745 0.705798 -0.263098
    outer loop
      vertex 54.6924 4.25 30.7257
      vertex 56.8451 6.5 31.3799
      vertex 56.8455 6.5 31.3789
    endloop
  endfacet
  facet normal -0.666138 0.706672 -0.238483
    outer loop
      vertex 56.8451 6.5 31.3799
      vertex 54.6924 4.25 30.7257
      vertex 54.6097 4.25 30.9567
    endloop
  endfacet
  facet normal -0.706681 0.706681 0.0346875
    outer loop
      vertex 57.05 6.5 30
      vertex 57.0272 6.5 29.5355
      vertex 54.8 4.25 30
    endloop
  endfacet
  facet normal -0.475025 0.706692 0.524345
    outer loop
      vertex 55.3142 6.5 26.3289
      vertex 53.886 4.25 28.0675
      vertex 54.0678 4.25 28.2322
    endloop
  endfacet
  facet normal -0.465746 0.706935 0.532281
    outer loop
      vertex 53.886 4.25 28.0675
      vertex 55.3142 6.5 26.3289
      vertex 55.3134 6.5 26.3282
    endloop
  endfacet
  facet normal -0.103766 0.706673 0.69989
    outer loop
      vertex 53.2256 6.5 25.3411
      vertex 52.7656 6.5 25.2729
      vertex 52.545 4.25 27.512
    endloop
  endfacet
  facet normal 0.465746 0.706935 -0.532281
    outer loop
      vertex 50.714 4.25 31.9325
      vertex 49.2858 6.5 33.6711
      vertex 49.2866 6.5 33.6718
    endloop
  endfacet
  facet normal 0.475025 0.706692 -0.524345
    outer loop
      vertex 49.2858 6.5 33.6711
      vertex 50.714 4.25 31.9325
      vertex 50.5322 4.25 31.7678
    endloop
  endfacet
  facet normal -0.699867 0.706674 -0.103915
    outer loop
      vertex 56.9587 6.5 30.9267
      vertex 57.027 6.5 30.4667
      vertex 54.752 4.25 30.4877
    endloop
  endfacet
  facet normal 0.524267 0.706682 -0.475126
    outer loop
      vertex 48.9412 6.5 33.3588
      vertex 50.5322 4.25 31.7678
      vertex 48.6289 6.5 33.0142
    endloop
  endfacet
  facet normal 0.63494 0.704318 -0.31747
    outer loop
      vertex 50.2213 4.25 31.3889
      vertex 48.35 6.5 32.638
      vertex 48.3505 6.5 32.639
    endloop
  endfacet
  facet normal 0.606891 0.706671 -0.36373
    outer loop
      vertex 48.35 6.5 32.638
      vertex 50.2213 4.25 31.3889
      vertex 50.0952 4.25 31.1785
    endloop
  endfacet
  facet normal -0.639567 0.706677 0.302592
    outer loop
      vertex 56.688 6.5 28.1813
      vertex 56.4891 6.5 27.7609
      vertex 54.5048 4.25 28.8215
    endloop
  endfacet
  facet normal 0.0346134 0.706675 -0.706691
    outer loop
      vertex 52.055 4.25 32.488
      vertex 51.8355 6.5 34.7272
      vertex 52.3 4.25 32.5
    endloop
  endfacet
  facet normal 0.0640202 0.707087 -0.704222
    outer loop
      vertex 51.8355 6.5 34.7272
      vertex 52.055 4.25 32.488
      vertex 51.8344 6.5 34.7271
    endloop
  endfacet
  facet normal -0.656563 0.707074 0.262625
    outer loop
      vertex 56.688 6.5 28.1813
      vertex 54.6097 4.25 29.0433
      vertex 56.6884 6.5 28.1823
    endloop
  endfacet
  facet normal -0.639602 0.706684 0.302499
    outer loop
      vertex 54.6097 4.25 29.0433
      vertex 56.688 6.5 28.1813
      vertex 54.5048 4.25 28.8215
    endloop
  endfacet
  facet normal -0.475126 0.706682 -0.524267
    outer loop
      vertex 55.3142 6.5 33.6711
      vertex 55.6588 6.5 33.3588
      vertex 54.0678 4.25 31.7678
    endloop
  endfacet
  facet normal -0.0640202 0.707087 -0.704222
    outer loop
      vertex 52.545 4.25 32.488
      vertex 52.7645 6.5 34.7272
      vertex 52.7656 6.5 34.7271
    endloop
  endfacet
  facet normal -0.0346134 0.706675 -0.706691
    outer loop
      vertex 52.7645 6.5 34.7272
      vertex 52.545 4.25 32.488
      vertex 52.3 4.25 32.5
    endloop
  endfacet
  facet normal -0.524267 0.706682 -0.475126
    outer loop
      vertex 55.6588 6.5 33.3588
      vertex 55.9711 6.5 33.0142
      vertex 54.0678 4.25 31.7678
    endloop
  endfacet
  facet normal -0.666152 0.706676 0.238433
    outer loop
      vertex 56.8451 6.5 28.6201
      vertex 56.6884 6.5 28.1823
      vertex 54.6097 4.25 29.0433
    endloop
  endfacet
  facet normal 0.589793 0.705366 -0.393195
    outer loop
      vertex 50.3675 4.25 31.586
      vertex 48.6276 6.5 33.0125
      vertex 48.6282 6.5 33.0134
    endloop
  endfacet
  facet normal 0.568269 0.706678 -0.421517
    outer loop
      vertex 48.6276 6.5 33.0125
      vertex 50.3675 4.25 31.586
      vertex 50.2213 4.25 31.3889
    endloop
  endfacet
  facet normal -0.0346875 0.706681 -0.706681
    outer loop
      vertex 52.3 6.5 34.75
      vertex 52.7645 6.5 34.7272
      vertex 52.3 4.25 32.5
    endloop
  endfacet
  facet normal 0.467591 0.704121 -0.53439
    outer loop
      vertex 50.9111 4.25 32.0787
      vertex 49.6602 6.5 33.9488
      vertex 49.661 6.5 33.9495
    endloop
  endfacet
  facet normal 0.421521 0.706671 -0.568275
    outer loop
      vertex 49.6602 6.5 33.9488
      vertex 50.9111 4.25 32.0787
      vertex 50.714 4.25 31.9325
    endloop
  endfacet
  facet normal 0.639567 0.706677 0.302592
    outer loop
      vertex 50.0952 4.25 28.8215
      vertex 48.1109 6.5 27.7609
      vertex 47.912 6.5 28.1813
    endloop
  endfacet
  facet normal -0.034688 0.70667 0.706693
    outer loop
      vertex 52.545 4.25 27.512
      vertex 52.7656 6.5 25.2729
      vertex 52.3011 6.5 25.2501
    endloop
  endfacet
  facet normal 0.0346875 0.706681 -0.706681
    outer loop
      vertex 52.3 6.5 34.75
      vertex 52.3 4.25 32.5
      vertex 51.8355 6.5 34.7272
    endloop
  endfacet
  facet normal -0.171926 0.706672 0.686335
    outer loop
      vertex 53.6778 6.5 25.4543
      vertex 53.2267 6.5 25.3413
      vertex 52.7877 4.25 27.548
    endloop
  endfacet
  facet normal -0.686335 0.706672 -0.171926
    outer loop
      vertex 56.8457 6.5 31.3778
      vertex 56.9587 6.5 30.9267
      vertex 54.752 4.25 30.4877
    endloop
  endfacet
  facet normal -0.171926 0.706672 -0.686335
    outer loop
      vertex 53.2267 6.5 34.6587
      vertex 53.6778 6.5 34.5457
      vertex 52.7877 4.25 32.452
    endloop
  endfacet
  facet normal 0.171885 0.706695 -0.686322
    outer loop
      vertex 51.3723 6.5 34.6585
      vertex 51.5743 4.25 32.3923
      vertex 50.9211 6.5 34.5455
    endloop
  endfacet
  facet normal 0.706681 0.706681 -0.0346875
    outer loop
      vertex 47.5728 6.5 30.4645
      vertex 49.8 4.25 30
      vertex 47.55 6.5 30
    endloop
  endfacet
  facet normal 0.686337 0.70668 -0.171888
    outer loop
      vertex 47.7545 6.5 31.3789
      vertex 49.9076 4.25 30.7257
      vertex 47.6415 6.5 30.9277
    endloop
  endfacet
  facet normal -0.126501 0.70705 -0.695757
    outer loop
      vertex 52.7877 4.25 32.452
      vertex 53.2256 6.5 34.6589
      vertex 53.2267 6.5 34.6587
    endloop
  endfacet
  facet normal -0.103814 0.706677 -0.699879
    outer loop
      vertex 53.2256 6.5 34.6589
      vertex 52.7877 4.25 32.452
      vertex 52.545 4.25 32.488
    endloop
  endfacet
  facet normal 0.36373 0.706671 0.606891
    outer loop
      vertex 49.662 6.5 26.05
      vertex 50.9111 4.25 27.9213
      vertex 51.1215 4.25 27.7952
    endloop
  endfacet
  facet normal 0.31747 0.704318 0.63494
    outer loop
      vertex 50.9111 4.25 27.9213
      vertex 49.662 6.5 26.05
      vertex 49.661 6.5 26.0505
    endloop
  endfacet
  facet normal 0.421396 0.706683 0.568352
    outer loop
      vertex 50.714 4.25 28.0675
      vertex 49.6602 6.5 26.0512
      vertex 49.2866 6.5 26.3282
    endloop
  endfacet
  facet normal 0.606871 0.706674 -0.363758
    outer loop
      vertex 48.35 6.5 32.638
      vertex 50.0952 4.25 31.1785
      vertex 48.1109 6.5 32.2391
    endloop
  endfacet
  facet normal -0.568269 0.706678 0.421517
    outer loop
      vertex 55.9724 6.5 26.9875
      vertex 54.2325 4.25 28.414
      vertex 54.3787 4.25 28.6111
    endloop
  endfacet
  facet normal -0.589793 0.705366 0.393195
    outer loop
      vertex 54.2325 4.25 28.414
      vertex 55.9724 6.5 26.9875
      vertex 55.9718 6.5 26.9866
    endloop
  endfacet
  facet normal -0.238433 0.706676 0.666152
    outer loop
      vertex 54.1177 6.5 25.6116
      vertex 53.6799 6.5 25.4549
      vertex 53.2567 4.25 27.6903
    endloop
  endfacet
  facet normal -0.656563 0.707074 -0.262625
    outer loop
      vertex 54.6097 4.25 30.9567
      vertex 56.688 6.5 31.8187
      vertex 56.6884 6.5 31.8177
    endloop
  endfacet
  facet normal -0.639602 0.706684 -0.302499
    outer loop
      vertex 56.688 6.5 31.8187
      vertex 54.6097 4.25 30.9567
      vertex 54.5048 4.25 31.1785
    endloop
  endfacet
  facet normal -0.532281 0.706935 0.465746
    outer loop
      vertex 55.9711 6.5 26.9858
      vertex 54.2325 4.25 28.414
      vertex 55.9718 6.5 26.9866
    endloop
  endfacet
  facet normal -0.524345 0.706692 0.475025
    outer loop
      vertex 54.2325 4.25 28.414
      vertex 55.9711 6.5 26.9858
      vertex 54.0678 4.25 28.2322
    endloop
  endfacet
  facet normal 0.699879 0.706677 0.103814
    outer loop
      vertex 49.848 4.25 29.5123
      vertex 47.6411 6.5 29.0744
      vertex 49.812 4.25 29.755
    endloop
  endfacet
  facet normal 0.695757 0.70705 0.126501
    outer loop
      vertex 47.6411 6.5 29.0744
      vertex 49.848 4.25 29.5123
      vertex 47.6413 6.5 29.0733
    endloop
  endfacet
  facet normal -0.302592 0.706677 -0.639567
    outer loop
      vertex 54.1187 6.5 34.388
      vertex 54.5391 6.5 34.1891
      vertex 53.4785 4.25 32.2048
    endloop
  endfacet
  facet normal 0.666152 0.706676 0.238433
    outer loop
      vertex 49.9903 4.25 29.0433
      vertex 47.9116 6.5 28.1823
      vertex 47.7549 6.5 28.6201
    endloop
  endfacet
  facet normal 0.686339 0.706681 0.171873
    outer loop
      vertex 47.6415 6.5 29.0723
      vertex 49.848 4.25 29.5123
      vertex 49.9076 4.25 29.2743
    endloop
  endfacet
  facet normal 0.693384 0.707098 0.138677
    outer loop
      vertex 49.848 4.25 29.5123
      vertex 47.6415 6.5 29.0723
      vertex 47.6413 6.5 29.0733
    endloop
  endfacet
  facet normal 0.606871 0.706674 0.363758
    outer loop
      vertex 50.0952 4.25 28.8215
      vertex 48.35 6.5 27.362
      vertex 48.1109 6.5 27.7609
    endloop
  endfacet
  facet normal 0.704222 0.707087 -0.0640202
    outer loop
      vertex 49.812 4.25 30.245
      vertex 47.5728 6.5 30.4645
      vertex 47.5729 6.5 30.4656
    endloop
  endfacet
  facet normal 0.706691 0.706675 -0.0346134
    outer loop
      vertex 47.5728 6.5 30.4645
      vertex 49.812 4.25 30.245
      vertex 49.8 4.25 30
    endloop
  endfacet
  facet normal 0.36373 0.706671 -0.606891
    outer loop
      vertex 50.9111 4.25 32.0787
      vertex 49.662 6.5 33.95
      vertex 51.1215 4.25 32.2048
    endloop
  endfacet
  facet normal 0.31747 0.704318 -0.63494
    outer loop
      vertex 49.662 6.5 33.95
      vertex 50.9111 4.25 32.0787
      vertex 49.661 6.5 33.9495
    endloop
  endfacet
  facet normal -0.302499 0.706684 0.639602
    outer loop
      vertex 54.1187 6.5 25.612
      vertex 53.2567 4.25 27.6903
      vertex 53.4785 4.25 27.7952
    endloop
  endfacet
  facet normal -0.262625 0.707074 0.656563
    outer loop
      vertex 53.2567 4.25 27.6903
      vertex 54.1187 6.5 25.612
      vertex 54.1177 6.5 25.6116
    endloop
  endfacet
  facet normal -0.532281 0.706935 -0.465746
    outer loop
      vertex 54.2325 4.25 31.586
      vertex 55.9711 6.5 33.0142
      vertex 55.9718 6.5 33.0134
    endloop
  endfacet
  facet normal -0.524345 0.706692 -0.475025
    outer loop
      vertex 55.9711 6.5 33.0142
      vertex 54.2325 4.25 31.586
      vertex 54.0678 4.25 31.7678
    endloop
  endfacet
  facet normal -0.363758 0.706674 -0.606871
    outer loop
      vertex 54.5391 6.5 34.1891
      vertex 54.938 6.5 33.95
      vertex 53.4785 4.25 32.2048
    endloop
  endfacet
  facet normal -0.31747 0.704318 -0.63494
    outer loop
      vertex 53.6889 4.25 32.0787
      vertex 54.938 6.5 33.95
      vertex 54.939 6.5 33.9495
    endloop
  endfacet
  facet normal -0.36373 0.706671 -0.606891
    outer loop
      vertex 54.938 6.5 33.95
      vertex 53.6889 4.25 32.0787
      vertex 53.4785 4.25 32.2048
    endloop
  endfacet
  facet normal -0.639567 0.706677 -0.302592
    outer loop
      vertex 56.4891 6.5 32.2391
      vertex 56.688 6.5 31.8187
      vertex 54.5048 4.25 31.1785
    endloop
  endfacet
  facet normal -0.666152 0.706676 -0.238433
    outer loop
      vertex 56.6884 6.5 31.8177
      vertex 56.8451 6.5 31.3799
      vertex 54.6097 4.25 30.9567
    endloop
  endfacet
  facet normal -0.699867 0.706674 0.103915
    outer loop
      vertex 57.027 6.5 29.5333
      vertex 56.9587 6.5 29.0733
      vertex 54.752 4.25 29.5123
    endloop
  endfacet
  facet normal 0.666138 0.706672 -0.238483
    outer loop
      vertex 49.9076 4.25 30.7257
      vertex 47.7549 6.5 31.3799
      vertex 49.9903 4.25 30.9567
    endloop
  endfacet
  facet normal 0.657745 0.705798 -0.263098
    outer loop
      vertex 47.7549 6.5 31.3799
      vertex 49.9076 4.25 30.7257
      vertex 47.7545 6.5 31.3789
    endloop
  endfacet
  facet normal 0.639602 0.706684 0.302499
    outer loop
      vertex 47.912 6.5 28.1813
      vertex 49.9903 4.25 29.0433
      vertex 50.0952 4.25 28.8215
    endloop
  endfacet
  facet normal 0.656563 0.707074 0.262625
    outer loop
      vertex 49.9903 4.25 29.0433
      vertex 47.912 6.5 28.1813
      vertex 47.9116 6.5 28.1823
    endloop
  endfacet
  facet normal 0.568225 0.706683 0.421567
    outer loop
      vertex 50.2213 4.25 28.6111
      vertex 48.6276 6.5 26.9875
      vertex 48.3505 6.5 27.361
    endloop
  endfacet
  facet normal -0.302592 0.706677 0.639567
    outer loop
      vertex 54.5391 6.5 25.8109
      vertex 54.1187 6.5 25.612
      vertex 53.4785 4.25 27.7952
    endloop
  endfacet
  facet normal -0.568225 0.706683 0.421567
    outer loop
      vertex 56.2495 6.5 27.361
      vertex 55.9724 6.5 26.9875
      vertex 54.3787 4.25 28.6111
    endloop
  endfacet
  facet normal 0.238432 0.706679 0.666149
    outer loop
      vertex 51.5743 4.25 27.6076
      vertex 50.9211 6.5 25.4545
      vertex 50.4833 6.5 25.6112
    endloop
  endfacet
  facet normal 0.666152 0.706676 -0.238433
    outer loop
      vertex 47.9116 6.5 31.8177
      vertex 49.9903 4.25 30.9567
      vertex 47.7549 6.5 31.3799
    endloop
  endfacet
  facet normal -0.126907 0.704773 0.69799
    outer loop
      vertex 53.6778 6.5 25.4543
      vertex 53.0257 4.25 27.6076
      vertex 53.6789 6.5 25.4545
    endloop
  endfacet
  facet normal -0.171876 0.706668 0.686352
    outer loop
      vertex 53.0257 4.25 27.6076
      vertex 53.6778 6.5 25.4543
      vertex 52.7877 4.25 27.548
    endloop
  endfacet
  facet normal -0.704222 0.707087 -0.0640202
    outer loop
      vertex 54.788 4.25 30.245
      vertex 57.027 6.5 30.4667
      vertex 57.0271 6.5 30.4656
    endloop
  endfacet
  facet normal -0.699874 0.706682 -0.103813
    outer loop
      vertex 57.027 6.5 30.4667
      vertex 54.788 4.25 30.245
      vertex 54.752 4.25 30.4877
    endloop
  endfacet
  facet normal -0.686352 0.706668 0.171876
    outer loop
      vertex 56.8457 6.5 28.6222
      vertex 54.6924 4.25 29.2743
      vertex 54.752 4.25 29.5123
    endloop
  endfacet
  facet normal -0.69799 0.704773 0.126907
    outer loop
      vertex 54.6924 4.25 29.2743
      vertex 56.8457 6.5 28.6222
      vertex 56.8455 6.5 28.6211
    endloop
  endfacet
  facet normal 0.363758 0.706674 -0.606871
    outer loop
      vertex 50.0609 6.5 34.1891
      vertex 51.1215 4.25 32.2048
      vertex 49.662 6.5 33.95
    endloop
  endfacet
  facet normal 0.475126 0.706682 0.524267
    outer loop
      vertex 50.5322 4.25 28.2322
      vertex 49.2858 6.5 26.3289
      vertex 48.9412 6.5 26.6412
    endloop
  endfacet
  facet normal -0.704222 0.707087 0.0640202
    outer loop
      vertex 57.027 6.5 29.5333
      vertex 54.788 4.25 29.755
      vertex 57.0271 6.5 29.5344
    endloop
  endfacet
  facet normal -0.699874 0.706682 0.103813
    outer loop
      vertex 54.788 4.25 29.755
      vertex 57.027 6.5 29.5333
      vertex 54.752 4.25 29.5123
    endloop
  endfacet
  facet normal -0.706691 0.706675 0.0346134
    outer loop
      vertex 57.0272 6.5 29.5355
      vertex 54.788 4.25 29.755
      vertex 54.8 4.25 30
    endloop
  endfacet
  facet normal -0.704222 0.707087 0.0640202
    outer loop
      vertex 54.788 4.25 29.755
      vertex 57.0272 6.5 29.5355
      vertex 57.0271 6.5 29.5344
    endloop
  endfacet
  facet normal 0.421396 0.706683 -0.568352
    outer loop
      vertex 49.6602 6.5 33.9488
      vertex 50.714 4.25 31.9325
      vertex 49.2866 6.5 33.6718
    endloop
  endfacet
  facet normal 0.475126 0.706682 -0.524267
    outer loop
      vertex 49.2858 6.5 33.6711
      vertex 50.5322 4.25 31.7678
      vertex 48.9412 6.5 33.3588
    endloop
  endfacet
  facet normal 0.524345 0.706692 -0.475025
    outer loop
      vertex 50.3675 4.25 31.586
      vertex 48.6289 6.5 33.0142
      vertex 50.5322 4.25 31.7678
    endloop
  endfacet
  facet normal 0.532281 0.706935 -0.465746
    outer loop
      vertex 48.6289 6.5 33.0142
      vertex 50.3675 4.25 31.586
      vertex 48.6282 6.5 33.0134
    endloop
  endfacet
  facet normal 0.686339 0.706681 -0.171873
    outer loop
      vertex 49.848 4.25 30.4877
      vertex 47.6415 6.5 30.9277
      vertex 49.9076 4.25 30.7257
    endloop
  endfacet
  facet normal 0.693384 0.707098 -0.138677
    outer loop
      vertex 47.6415 6.5 30.9277
      vertex 49.848 4.25 30.4877
      vertex 47.6413 6.5 30.9267
    endloop
  endfacet
  facet normal 0.69989 0.706673 0.103766
    outer loop
      vertex 49.812 4.25 29.755
      vertex 47.6411 6.5 29.0744
      vertex 47.5729 6.5 29.5344
    endloop
  endfacet
  facet normal -0.238433 0.706676 -0.666152
    outer loop
      vertex 53.6799 6.5 34.5451
      vertex 54.1177 6.5 34.3884
      vertex 53.2567 4.25 32.3097
    endloop
  endfacet
  facet normal 0.238427 0.706694 -0.666135
    outer loop
      vertex 50.9211 6.5 34.5455
      vertex 51.5743 4.25 32.3923
      vertex 50.4833 6.5 34.3888
    endloop
  endfacet
  facet normal 0.302592 0.706677 -0.639567
    outer loop
      vertex 50.4813 6.5 34.388
      vertex 51.1215 4.25 32.2048
      vertex 50.0609 6.5 34.1891
    endloop
  endfacet
  facet normal 0.103814 0.706677 0.699879
    outer loop
      vertex 51.3744 6.5 25.3411
      vertex 51.8123 4.25 27.548
      vertex 52.055 4.25 27.512
    endloop
  endfacet
  facet normal 0.126501 0.70705 0.695757
    outer loop
      vertex 51.8123 4.25 27.548
      vertex 51.3744 6.5 25.3411
      vertex 51.3733 6.5 25.3413
    endloop
  endfacet
  facet normal -0.657745 0.705798 0.263098
    outer loop
      vertex 56.8451 6.5 28.6201
      vertex 54.6924 4.25 29.2743
      vertex 56.8455 6.5 28.6211
    endloop
  endfacet
  facet normal -0.666138 0.706672 0.238483
    outer loop
      vertex 54.6924 4.25 29.2743
      vertex 56.8451 6.5 28.6201
      vertex 54.6097 4.25 29.0433
    endloop
  endfacet
  facet normal -0.421396 0.706683 0.568352
    outer loop
      vertex 55.3134 6.5 26.3282
      vertex 54.9398 6.5 26.0512
      vertex 53.886 4.25 28.0675
    endloop
  endfacet
  facet normal 0.302592 0.706677 0.639567
    outer loop
      vertex 51.1215 4.25 27.7952
      vertex 50.4813 6.5 25.612
      vertex 50.0609 6.5 25.8109
    endloop
  endfacet
  facet normal 0.034688 0.70667 0.706693
    outer loop
      vertex 52.055 4.25 27.512
      vertex 52.2989 6.5 25.2501
      vertex 51.8344 6.5 25.2729
    endloop
  endfacet
  facet normal -0.606871 0.706674 0.363758
    outer loop
      vertex 56.4891 6.5 27.7609
      vertex 56.25 6.5 27.362
      vertex 54.5048 4.25 28.8215
    endloop
  endfacet
  facet normal 0.706681 0.706681 0.0346875
    outer loop
      vertex 49.8 4.25 30
      vertex 47.5728 6.5 29.5355
      vertex 47.55 6.5 30
    endloop
  endfacet
  facet normal 0.706691 0.706675 0.0346134
    outer loop
      vertex 49.812 4.25 29.755
      vertex 47.5728 6.5 29.5355
      vertex 49.8 4.25 30
    endloop
  endfacet
  facet normal 0.704222 0.707087 0.0640202
    outer loop
      vertex 47.5728 6.5 29.5355
      vertex 49.812 4.25 29.755
      vertex 47.5729 6.5 29.5344
    endloop
  endfacet
  facet normal -0.126501 0.70705 0.695757
    outer loop
      vertex 53.2256 6.5 25.3411
      vertex 52.7877 4.25 27.548
      vertex 53.2267 6.5 25.3413
    endloop
  endfacet
  facet normal -0.103814 0.706677 0.699879
    outer loop
      vertex 52.7877 4.25 27.548
      vertex 53.2256 6.5 25.3411
      vertex 52.545 4.25 27.512
    endloop
  endfacet
  facet normal -0.421396 0.706683 -0.568352
    outer loop
      vertex 54.9398 6.5 33.9488
      vertex 55.3134 6.5 33.6718
      vertex 53.886 4.25 31.9325
    endloop
  endfacet
  facet normal -0.103766 0.706673 -0.69989
    outer loop
      vertex 52.7656 6.5 34.7271
      vertex 53.2256 6.5 34.6589
      vertex 52.545 4.25 32.488
    endloop
  endfacet
  facet normal 0.686337 0.70668 0.171888
    outer loop
      vertex 49.9076 4.25 29.2743
      vertex 47.7545 6.5 28.6211
      vertex 47.6415 6.5 29.0723
    endloop
  endfacet
  facet normal -0.69799 0.704773 -0.126907
    outer loop
      vertex 56.8457 6.5 31.3778
      vertex 54.6924 4.25 30.7257
      vertex 56.8455 6.5 31.3789
    endloop
  endfacet
  facet normal -0.686352 0.706668 -0.171876
    outer loop
      vertex 54.6924 4.25 30.7257
      vertex 56.8457 6.5 31.3778
      vertex 54.752 4.25 30.4877
    endloop
  endfacet
  facet normal -0.0346134 0.706676 0.70669
    outer loop
      vertex 52.3011 6.5 25.2501
      vertex 52.3 4.25 27.5
      vertex 52.545 4.25 27.512
    endloop
  endfacet
  facet normal -0.06415 0.70565 0.70565
    outer loop
      vertex 52.3 4.25 27.5
      vertex 52.3011 6.5 25.2501
      vertex 52.3 6.5 25.25
    endloop
  endfacet
  facet normal -0.524267 0.706682 0.475126
    outer loop
      vertex 55.9711 6.5 26.9858
      vertex 55.6588 6.5 26.6412
      vertex 54.0678 4.25 28.2322
    endloop
  endfacet
  facet normal 0.302499 0.706684 0.639602
    outer loop
      vertex 51.3433 4.25 27.6903
      vertex 50.4813 6.5 25.612
      vertex 51.1215 4.25 27.7952
    endloop
  endfacet
  facet normal 0.262625 0.707074 0.656563
    outer loop
      vertex 50.4813 6.5 25.612
      vertex 51.3433 4.25 27.6903
      vertex 50.4823 6.5 25.6116
    endloop
  endfacet
  facet normal -0.467591 0.704121 -0.53439
    outer loop
      vertex 54.9398 6.5 33.9488
      vertex 53.6889 4.25 32.0787
      vertex 54.939 6.5 33.9495
    endloop
  endfacet
  facet normal -0.421521 0.706671 -0.568275
    outer loop
      vertex 53.6889 4.25 32.0787
      vertex 54.9398 6.5 33.9488
      vertex 53.886 4.25 31.9325
    endloop
  endfacet
  facet normal -0.465746 0.706935 -0.532281
    outer loop
      vertex 55.3142 6.5 33.6711
      vertex 53.886 4.25 31.9325
      vertex 55.3134 6.5 33.6718
    endloop
  endfacet
  facet normal -0.475025 0.706692 -0.524345
    outer loop
      vertex 53.886 4.25 31.9325
      vertex 55.3142 6.5 33.6711
      vertex 54.0678 4.25 31.7678
    endloop
  endfacet
  facet normal 0.695757 0.70705 -0.126501
    outer loop
      vertex 49.848 4.25 30.4877
      vertex 47.6411 6.5 30.9256
      vertex 47.6413 6.5 30.9267
    endloop
  endfacet
  facet normal 0.699879 0.706677 -0.103814
    outer loop
      vertex 47.6411 6.5 30.9256
      vertex 49.848 4.25 30.4877
      vertex 49.812 4.25 30.245
    endloop
  endfacet
  facet normal 0.238479 0.706684 0.666128
    outer loop
      vertex 50.4833 6.5 25.6112
      vertex 51.3433 4.25 27.6903
      vertex 51.5743 4.25 27.6076
    endloop
  endfacet
  facet normal 0.262625 0.707074 0.656563
    outer loop
      vertex 51.3433 4.25 27.6903
      vertex 50.4833 6.5 25.6112
      vertex 50.4823 6.5 25.6116
    endloop
  endfacet
  facet normal -0.704222 0.707087 -0.0640202
    outer loop
      vertex 57.0272 6.5 30.4645
      vertex 54.788 4.25 30.245
      vertex 57.0271 6.5 30.4656
    endloop
  endfacet
  facet normal -0.706691 0.706675 -0.0346134
    outer loop
      vertex 54.788 4.25 30.245
      vertex 57.0272 6.5 30.4645
      vertex 54.8 4.25 30
    endloop
  endfacet
  facet normal 0.606891 0.706671 0.36373
    outer loop
      vertex 50.2213 4.25 28.6111
      vertex 48.35 6.5 27.362
      vertex 50.0952 4.25 28.8215
    endloop
  endfacet
  facet normal 0.63494 0.704318 0.31747
    outer loop
      vertex 48.35 6.5 27.362
      vertex 50.2213 4.25 28.6111
      vertex 48.3505 6.5 27.361
    endloop
  endfacet
  facet normal 0.639602 0.706684 -0.302499
    outer loop
      vertex 49.9903 4.25 30.9567
      vertex 47.912 6.5 31.8187
      vertex 50.0952 4.25 31.1785
    endloop
  endfacet
  facet normal 0.656563 0.707074 -0.262625
    outer loop
      vertex 47.912 6.5 31.8187
      vertex 49.9903 4.25 30.9567
      vertex 47.9116 6.5 31.8177
    endloop
  endfacet
  facet normal -0.475126 0.706682 0.524267
    outer loop
      vertex 55.6588 6.5 26.6412
      vertex 55.3142 6.5 26.3289
      vertex 54.0678 4.25 28.2322
    endloop
  endfacet
  facet normal 0.363758 0.706674 0.606871
    outer loop
      vertex 51.1215 4.25 27.7952
      vertex 50.0609 6.5 25.8109
      vertex 49.662 6.5 26.05
    endloop
  endfacet
  facet normal 0.103766 0.706673 0.69989
    outer loop
      vertex 52.055 4.25 27.512
      vertex 51.8344 6.5 25.2729
      vertex 51.3744 6.5 25.3411
    endloop
  endfacet
  facet normal 0.171888 0.70668 0.686337
    outer loop
      vertex 51.5743 4.25 27.6076
      vertex 51.3723 6.5 25.3415
      vertex 50.9211 6.5 25.4545
    endloop
  endfacet
  facet normal -0.31747 0.704318 0.63494
    outer loop
      vertex 54.938 6.5 26.05
      vertex 53.6889 4.25 27.9213
      vertex 54.939 6.5 26.0505
    endloop
  endfacet
  facet normal -0.36373 0.706671 0.606891
    outer loop
      vertex 53.6889 4.25 27.9213
      vertex 54.938 6.5 26.05
      vertex 53.4785 4.25 27.7952
    endloop
  endfacet
  facet normal 0.171873 0.706681 0.686339
    outer loop
      vertex 51.8123 4.25 27.548
      vertex 51.3723 6.5 25.3415
      vertex 51.5743 4.25 27.6076
    endloop
  endfacet
  facet normal 0.138677 0.707098 0.693384
    outer loop
      vertex 51.3723 6.5 25.3415
      vertex 51.8123 4.25 27.548
      vertex 51.3733 6.5 25.3413
    endloop
  endfacet
  facet normal 0.666138 0.706672 0.238483
    outer loop
      vertex 47.7549 6.5 28.6201
      vertex 49.9076 4.25 29.2743
      vertex 49.9903 4.25 29.0433
    endloop
  endfacet
  facet normal 0.657745 0.705798 0.263098
    outer loop
      vertex 49.9076 4.25 29.2743
      vertex 47.7549 6.5 28.6201
      vertex 47.7545 6.5 28.6211
    endloop
  endfacet
  facet normal 0.524345 0.706692 0.475025
    outer loop
      vertex 48.6289 6.5 26.9858
      vertex 50.3675 4.25 28.414
      vertex 50.5322 4.25 28.2322
    endloop
  endfacet
  facet normal 0.532281 0.706935 0.465746
    outer loop
      vertex 50.3675 4.25 28.414
      vertex 48.6289 6.5 26.9858
      vertex 48.6282 6.5 26.9866
    endloop
  endfacet
  facet normal -0.126905 0.704788 -0.697975
    outer loop
      vertex 53.0257 4.25 32.3923
      vertex 53.6778 6.5 34.5457
      vertex 53.6789 6.5 34.5455
    endloop
  endfacet
  facet normal -0.172142 0.70669 -0.686263
    outer loop
      vertex 53.6778 6.5 34.5457
      vertex 53.0257 4.25 32.3923
      vertex 52.7877 4.25 32.452
    endloop
  endfacet
  facet normal 0.262625 0.707074 -0.656563
    outer loop
      vertex 51.3433 4.25 32.3097
      vertex 50.4813 6.5 34.388
      vertex 50.4823 6.5 34.3884
    endloop
  endfacet
  facet normal 0.302499 0.706684 -0.639602
    outer loop
      vertex 50.4813 6.5 34.388
      vertex 51.3433 4.25 32.3097
      vertex 51.1215 4.25 32.2048
    endloop
  endfacet
  facet normal -0.421521 0.706671 0.568275
    outer loop
      vertex 54.9398 6.5 26.0512
      vertex 53.6889 4.25 27.9213
      vertex 53.886 4.25 28.0675
    endloop
  endfacet
  facet normal -0.467591 0.704121 0.53439
    outer loop
      vertex 53.6889 4.25 27.9213
      vertex 54.9398 6.5 26.0512
      vertex 54.939 6.5 26.0505
    endloop
  endfacet
  facet normal 0.103814 0.706677 -0.699879
    outer loop
      vertex 51.8123 4.25 32.452
      vertex 51.3744 6.5 34.6589
      vertex 52.055 4.25 32.488
    endloop
  endfacet
  facet normal 0.126501 0.70705 -0.695757
    outer loop
      vertex 51.3744 6.5 34.6589
      vertex 51.8123 4.25 32.452
      vertex 51.3733 6.5 34.6587
    endloop
  endfacet
  facet normal -0.238483 0.706672 0.666138
    outer loop
      vertex 53.6799 6.5 25.4549
      vertex 53.0257 4.25 27.6076
      vertex 53.2567 4.25 27.6903
    endloop
  endfacet
  facet normal -0.263098 0.705798 0.657745
    outer loop
      vertex 53.0257 4.25 27.6076
      vertex 53.6799 6.5 25.4549
      vertex 53.6789 6.5 25.4545
    endloop
  endfacet
  facet normal 0.238226 0.706677 -0.666225
    outer loop
      vertex 51.3433 4.25 32.3097
      vertex 50.4833 6.5 34.3888
      vertex 51.5743 4.25 32.3923
    endloop
  endfacet
  facet normal 0.262625 0.707074 -0.656563
    outer loop
      vertex 50.4833 6.5 34.3888
      vertex 51.3433 4.25 32.3097
      vertex 50.4823 6.5 34.3884
    endloop
  endfacet
  facet normal -0.989203 0 -0.146549
    outer loop
      vertex 54.788 0 149.745
      vertex 54.752 4.25 149.988
      vertex 54.788 4.25 149.745
    endloop
  endfacet
  facet normal -0.989203 -0 -0.146549
    outer loop
      vertex 54.752 4.25 149.988
      vertex 54.788 0 149.745
      vertex 54.752 0 149.988
    endloop
  endfacet
  facet normal -0.998803 0 -0.0489209
    outer loop
      vertex 54.8 0 149.5
      vertex 54.788 4.25 149.745
      vertex 54.8 4.25 149.5
    endloop
  endfacet
  facet normal -0.998803 -0 -0.0489209
    outer loop
      vertex 54.788 4.25 149.745
      vertex 54.8 0 149.5
      vertex 54.788 0 149.745
    endloop
  endfacet
  facet normal -0.970047 0 -0.242919
    outer loop
      vertex 54.752 0 149.988
      vertex 54.6924 4.25 150.226
      vertex 54.752 4.25 149.988
    endloop
  endfacet
  facet normal -0.970047 -0 -0.242919
    outer loop
      vertex 54.6924 4.25 150.226
      vertex 54.752 0 149.988
      vertex 54.6924 0 150.226
    endloop
  endfacet
  facet normal 0.244452 0 -0.969661
    outer loop
      vertex 51.5743 0 151.892
      vertex 51.8123 4.25 151.952
      vertex 51.8123 0 151.952
    endloop
  endfacet
  facet normal 0.244452 0 -0.969661
    outer loop
      vertex 51.8123 4.25 151.952
      vertex 51.5743 0 151.892
      vertex 51.5743 4.25 151.892
    endloop
  endfacet
  facet normal 0.903396 -0 0.428807
    outer loop
      vertex 49.9903 0 148.543
      vertex 50.0952 4.25 148.322
      vertex 49.9903 4.25 148.543
    endloop
  endfacet
  facet normal 0.903396 0 0.428807
    outer loop
      vertex 50.0952 4.25 148.322
      vertex 49.9903 0 148.543
      vertex 50.0952 0 148.322
    endloop
  endfacet
  facet normal -0.427876 0 0.903837
    outer loop
      vertex 53.2567 4.25 147.19
      vertex 53.4785 0 147.295
      vertex 53.4785 4.25 147.295
    endloop
  endfacet
  facet normal -0.427876 0 0.903837
    outer loop
      vertex 53.4785 0 147.295
      vertex 53.2567 4.25 147.19
      vertex 53.2567 0 147.19
    endloop
  endfacet
  facet normal -0.513776 0 -0.857924
    outer loop
      vertex 53.4785 0 151.705
      vertex 53.6889 4.25 151.579
      vertex 53.6889 0 151.579
    endloop
  endfacet
  facet normal -0.513776 0 -0.857924
    outer loop
      vertex 53.6889 4.25 151.579
      vertex 53.4785 0 151.705
      vertex 53.4785 4.25 151.705
    endloop
  endfacet
  facet normal -0.513776 0 0.857924
    outer loop
      vertex 53.4785 4.25 147.295
      vertex 53.6889 0 147.421
      vertex 53.6889 4.25 147.421
    endloop
  endfacet
  facet normal -0.513776 0 0.857924
    outer loop
      vertex 53.6889 0 147.421
      vertex 53.4785 4.25 147.295
      vertex 53.4785 0 147.295
    endloop
  endfacet
  facet normal -0.334527 0 0.942386
    outer loop
      vertex 53.0257 4.25 147.108
      vertex 53.2567 0 147.19
      vertex 53.2567 4.25 147.19
    endloop
  endfacet
  facet normal -0.334527 0 0.942386
    outer loop
      vertex 53.2567 0 147.19
      vertex 53.0257 4.25 147.108
      vertex 53.0257 0 147.108
    endloop
  endfacet
  facet normal 0.970047 0 -0.242919
    outer loop
      vertex 49.9076 0 150.226
      vertex 49.848 4.25 149.988
      vertex 49.9076 4.25 150.226
    endloop
  endfacet
  facet normal 0.970047 0 -0.242919
    outer loop
      vertex 49.848 4.25 149.988
      vertex 49.9076 0 150.226
      vertex 49.848 0 149.988
    endloop
  endfacet
  facet normal 0.672064 0 -0.740493
    outer loop
      vertex 50.5322 0 151.268
      vertex 50.714 4.25 151.433
      vertex 50.714 0 151.433
    endloop
  endfacet
  facet normal 0.672064 0 -0.740493
    outer loop
      vertex 50.714 4.25 151.433
      vertex 50.5322 0 151.268
      vertex 50.5322 4.25 151.268
    endloop
  endfacet
  facet normal 0.513776 0 -0.857924
    outer loop
      vertex 50.9111 0 151.579
      vertex 51.1215 4.25 151.705
      vertex 51.1215 0 151.705
    endloop
  endfacet
  facet normal 0.513776 0 -0.857924
    outer loop
      vertex 51.1215 4.25 151.705
      vertex 50.9111 0 151.579
      vertex 50.9111 4.25 151.579
    endloop
  endfacet
  facet normal -0.146726 0 0.989177
    outer loop
      vertex 52.545 4.25 147.012
      vertex 52.7877 0 147.048
      vertex 52.7877 4.25 147.048
    endloop
  endfacet
  facet normal -0.146726 0 0.989177
    outer loop
      vertex 52.7877 0 147.048
      vertex 52.545 4.25 147.012
      vertex 52.545 0 147.012
    endloop
  endfacet
  facet normal 0.803023 0 -0.595949
    outer loop
      vertex 50.3675 0 151.086
      vertex 50.2213 4.25 150.889
      vertex 50.3675 4.25 151.086
    endloop
  endfacet
  facet normal 0.803023 0 -0.595949
    outer loop
      vertex 50.2213 4.25 150.889
      vertex 50.3675 0 151.086
      vertex 50.2213 0 150.889
    endloop
  endfacet
  facet normal -0.903396 0 -0.428807
    outer loop
      vertex 54.6097 0 150.457
      vertex 54.5048 4.25 150.678
      vertex 54.6097 4.25 150.457
    endloop
  endfacet
  facet normal -0.903396 -0 -0.428807
    outer loop
      vertex 54.5048 4.25 150.678
      vertex 54.6097 0 150.457
      vertex 54.5048 0 150.678
    endloop
  endfacet
  facet normal 0.941483 0 -0.337059
    outer loop
      vertex 49.9903 0 150.457
      vertex 49.9076 4.25 150.226
      vertex 49.9903 4.25 150.457
    endloop
  endfacet
  facet normal 0.941483 0 -0.337059
    outer loop
      vertex 49.9076 4.25 150.226
      vertex 49.9903 0 150.457
      vertex 49.9076 0 150.226
    endloop
  endfacet
  facet normal 0.334527 0 0.942386
    outer loop
      vertex 51.3433 4.25 147.19
      vertex 51.5743 0 147.108
      vertex 51.5743 4.25 147.108
    endloop
  endfacet
  facet normal 0.334527 0 0.942386
    outer loop
      vertex 51.5743 0 147.108
      vertex 51.3433 4.25 147.19
      vertex 51.3433 0 147.19
    endloop
  endfacet
  facet normal -0.595228 0 -0.803557
    outer loop
      vertex 53.6889 0 151.579
      vertex 53.886 4.25 151.433
      vertex 53.886 0 151.433
    endloop
  endfacet
  facet normal -0.595228 0 -0.803557
    outer loop
      vertex 53.886 4.25 151.433
      vertex 53.6889 0 151.579
      vertex 53.6889 4.25 151.579
    endloop
  endfacet
  facet normal 0.903396 0 -0.428807
    outer loop
      vertex 50.0952 0 150.678
      vertex 49.9903 4.25 150.457
      vertex 50.0952 4.25 150.678
    endloop
  endfacet
  facet normal 0.903396 0 -0.428807
    outer loop
      vertex 49.9903 4.25 150.457
      vertex 50.0952 0 150.678
      vertex 49.9903 0 150.457
    endloop
  endfacet
  facet normal -0.803023 0 0.595949
    outer loop
      vertex 54.2325 0 147.914
      vertex 54.3787 4.25 148.111
      vertex 54.2325 4.25 147.914
    endloop
  endfacet
  facet normal -0.803023 0 0.595949
    outer loop
      vertex 54.3787 4.25 148.111
      vertex 54.2325 0 147.914
      vertex 54.3787 0 148.111
    endloop
  endfacet
  facet normal -0.146726 0 -0.989177
    outer loop
      vertex 52.545 0 151.988
      vertex 52.7877 4.25 151.952
      vertex 52.7877 0 151.952
    endloop
  endfacet
  facet normal -0.146726 0 -0.989177
    outer loop
      vertex 52.7877 4.25 151.952
      vertex 52.545 0 151.988
      vertex 52.545 4.25 151.988
    endloop
  endfacet
  facet normal 0.989203 0 -0.146549
    outer loop
      vertex 49.848 0 149.988
      vertex 49.812 4.25 149.745
      vertex 49.848 4.25 149.988
    endloop
  endfacet
  facet normal 0.989203 0 -0.146549
    outer loop
      vertex 49.812 4.25 149.745
      vertex 49.848 0 149.988
      vertex 49.812 0 149.745
    endloop
  endfacet
  facet normal -0.803023 0 -0.595949
    outer loop
      vertex 54.3787 0 150.889
      vertex 54.2325 4.25 151.086
      vertex 54.3787 4.25 150.889
    endloop
  endfacet
  facet normal -0.803023 -0 -0.595949
    outer loop
      vertex 54.2325 4.25 151.086
      vertex 54.3787 0 150.889
      vertex 54.2325 0 151.086
    endloop
  endfacet
  facet normal -0.0489209 0 -0.998803
    outer loop
      vertex 52.3 0 152
      vertex 52.545 4.25 151.988
      vertex 52.545 0 151.988
    endloop
  endfacet
  facet normal -0.0489209 0 -0.998803
    outer loop
      vertex 52.545 4.25 151.988
      vertex 52.3 0 152
      vertex 52.3 4.25 152
    endloop
  endfacet
  facet normal 0.858389 -0 0.512999
    outer loop
      vertex 50.0952 0 148.322
      vertex 50.2213 4.25 148.111
      vertex 50.0952 4.25 148.322
    endloop
  endfacet
  facet normal 0.858389 0 0.512999
    outer loop
      vertex 50.2213 4.25 148.111
      vertex 50.0952 0 148.322
      vertex 50.2213 0 148.111
    endloop
  endfacet
  facet normal 0.941483 -0 0.337059
    outer loop
      vertex 49.9076 0 148.774
      vertex 49.9903 4.25 148.543
      vertex 49.9076 4.25 148.774
    endloop
  endfacet
  facet normal 0.941483 0 0.337059
    outer loop
      vertex 49.9903 4.25 148.543
      vertex 49.9076 0 148.774
      vertex 49.9903 0 148.543
    endloop
  endfacet
  facet normal 0.427876 0 -0.903837
    outer loop
      vertex 51.1215 0 151.705
      vertex 51.3433 4.25 151.81
      vertex 51.3433 0 151.81
    endloop
  endfacet
  facet normal 0.427876 0 -0.903837
    outer loop
      vertex 51.3433 4.25 151.81
      vertex 51.1215 0 151.705
      vertex 51.1215 4.25 151.705
    endloop
  endfacet
  facet normal -0.903396 0 0.428807
    outer loop
      vertex 54.5048 0 148.322
      vertex 54.6097 4.25 148.543
      vertex 54.5048 4.25 148.322
    endloop
  endfacet
  facet normal -0.903396 0 0.428807
    outer loop
      vertex 54.6097 4.25 148.543
      vertex 54.5048 0 148.322
      vertex 54.6097 0 148.543
    endloop
  endfacet
  facet normal 0.595228 0 0.803557
    outer loop
      vertex 50.714 4.25 147.567
      vertex 50.9111 0 147.421
      vertex 50.9111 4.25 147.421
    endloop
  endfacet
  facet normal 0.595228 0 0.803557
    outer loop
      vertex 50.9111 0 147.421
      vertex 50.714 4.25 147.567
      vertex 50.714 0 147.567
    endloop
  endfacet
  facet normal 0.858389 0 -0.512999
    outer loop
      vertex 50.2213 0 150.889
      vertex 50.0952 4.25 150.678
      vertex 50.2213 4.25 150.889
    endloop
  endfacet
  facet normal 0.858389 0 -0.512999
    outer loop
      vertex 50.0952 4.25 150.678
      vertex 50.2213 0 150.889
      vertex 50.0952 0 150.678
    endloop
  endfacet
  facet normal -0.998803 0 0.0489209
    outer loop
      vertex 54.788 0 149.255
      vertex 54.8 4.25 149.5
      vertex 54.788 4.25 149.255
    endloop
  endfacet
  facet normal -0.998803 0 0.0489209
    outer loop
      vertex 54.8 4.25 149.5
      vertex 54.788 0 149.255
      vertex 54.8 0 149.5
    endloop
  endfacet
  facet normal -0.941483 0 0.337059
    outer loop
      vertex 54.6097 0 148.543
      vertex 54.6924 4.25 148.774
      vertex 54.6097 4.25 148.543
    endloop
  endfacet
  facet normal -0.941483 0 0.337059
    outer loop
      vertex 54.6924 4.25 148.774
      vertex 54.6097 0 148.543
      vertex 54.6924 0 148.774
    endloop
  endfacet
  facet normal -0.244452 0 0.969661
    outer loop
      vertex 52.7877 4.25 147.048
      vertex 53.0257 0 147.108
      vertex 53.0257 4.25 147.108
    endloop
  endfacet
  facet normal -0.244452 0 0.969661
    outer loop
      vertex 53.0257 0 147.108
      vertex 52.7877 4.25 147.048
      vertex 52.7877 0 147.048
    endloop
  endfacet
  facet normal -0.858389 0 -0.512999
    outer loop
      vertex 54.5048 0 150.678
      vertex 54.3787 4.25 150.889
      vertex 54.5048 4.25 150.678
    endloop
  endfacet
  facet normal -0.858389 -0 -0.512999
    outer loop
      vertex 54.3787 4.25 150.889
      vertex 54.5048 0 150.678
      vertex 54.3787 0 150.889
    endloop
  endfacet
  facet normal -0.941483 0 -0.337059
    outer loop
      vertex 54.6924 0 150.226
      vertex 54.6097 4.25 150.457
      vertex 54.6924 4.25 150.226
    endloop
  endfacet
  facet normal -0.941483 -0 -0.337059
    outer loop
      vertex 54.6097 4.25 150.457
      vertex 54.6924 0 150.226
      vertex 54.6097 0 150.457
    endloop
  endfacet
  facet normal 0.998803 -0 0.0489209
    outer loop
      vertex 49.8 0 149.5
      vertex 49.812 4.25 149.255
      vertex 49.8 4.25 149.5
    endloop
  endfacet
  facet normal 0.998803 0 0.0489209
    outer loop
      vertex 49.812 4.25 149.255
      vertex 49.8 0 149.5
      vertex 49.812 0 149.255
    endloop
  endfacet
  facet normal -0.989203 0 0.146549
    outer loop
      vertex 54.752 0 149.012
      vertex 54.788 4.25 149.255
      vertex 54.752 4.25 149.012
    endloop
  endfacet
  facet normal -0.989203 0 0.146549
    outer loop
      vertex 54.788 4.25 149.255
      vertex 54.752 0 149.012
      vertex 54.788 0 149.255
    endloop
  endfacet
  facet normal 0.672064 0 0.740493
    outer loop
      vertex 50.5322 4.25 147.732
      vertex 50.714 0 147.567
      vertex 50.714 4.25 147.567
    endloop
  endfacet
  facet normal 0.672064 0 0.740493
    outer loop
      vertex 50.714 0 147.567
      vertex 50.5322 4.25 147.732
      vertex 50.5322 0 147.732
    endloop
  endfacet
  facet normal -0.970047 0 0.242919
    outer loop
      vertex 54.6924 0 148.774
      vertex 54.752 4.25 149.012
      vertex 54.6924 4.25 148.774
    endloop
  endfacet
  facet normal -0.970047 0 0.242919
    outer loop
      vertex 54.752 4.25 149.012
      vertex 54.6924 0 148.774
      vertex 54.752 0 149.012
    endloop
  endfacet
  facet normal -0.672064 0 -0.740493
    outer loop
      vertex 53.886 0 151.433
      vertex 54.0678 4.25 151.268
      vertex 54.0678 0 151.268
    endloop
  endfacet
  facet normal -0.672064 0 -0.740493
    outer loop
      vertex 54.0678 4.25 151.268
      vertex 53.886 0 151.433
      vertex 53.886 4.25 151.433
    endloop
  endfacet
  facet normal -0.334527 0 -0.942386
    outer loop
      vertex 53.0257 0 151.892
      vertex 53.2567 4.25 151.81
      vertex 53.2567 0 151.81
    endloop
  endfacet
  facet normal -0.334527 0 -0.942386
    outer loop
      vertex 53.2567 4.25 151.81
      vertex 53.0257 0 151.892
      vertex 53.0257 4.25 151.892
    endloop
  endfacet
  facet normal 0.334527 0 -0.942386
    outer loop
      vertex 51.3433 0 151.81
      vertex 51.5743 4.25 151.892
      vertex 51.5743 0 151.892
    endloop
  endfacet
  facet normal 0.334527 0 -0.942386
    outer loop
      vertex 51.5743 4.25 151.892
      vertex 51.3433 0 151.81
      vertex 51.3433 4.25 151.81
    endloop
  endfacet
  facet normal 0.513776 0 0.857924
    outer loop
      vertex 50.9111 4.25 147.421
      vertex 51.1215 0 147.295
      vertex 51.1215 4.25 147.295
    endloop
  endfacet
  facet normal 0.513776 0 0.857924
    outer loop
      vertex 51.1215 0 147.295
      vertex 50.9111 4.25 147.421
      vertex 50.9111 0 147.421
    endloop
  endfacet
  facet normal -0.858389 0 0.512999
    outer loop
      vertex 54.3787 0 148.111
      vertex 54.5048 4.25 148.322
      vertex 54.3787 4.25 148.111
    endloop
  endfacet
  facet normal -0.858389 0 0.512999
    outer loop
      vertex 54.5048 4.25 148.322
      vertex 54.3787 0 148.111
      vertex 54.5048 0 148.322
    endloop
  endfacet
  facet normal -0.427876 0 -0.903837
    outer loop
      vertex 53.2567 0 151.81
      vertex 53.4785 4.25 151.705
      vertex 53.4785 0 151.705
    endloop
  endfacet
  facet normal -0.427876 0 -0.903837
    outer loop
      vertex 53.4785 4.25 151.705
      vertex 53.2567 0 151.81
      vertex 53.2567 4.25 151.81
    endloop
  endfacet
  facet normal 0.146726 0 0.989177
    outer loop
      vertex 51.8123 4.25 147.048
      vertex 52.055 0 147.012
      vertex 52.055 4.25 147.012
    endloop
  endfacet
  facet normal 0.146726 0 0.989177
    outer loop
      vertex 52.055 0 147.012
      vertex 51.8123 4.25 147.048
      vertex 51.8123 0 147.048
    endloop
  endfacet
  facet normal 0.595228 0 -0.803557
    outer loop
      vertex 50.714 0 151.433
      vertex 50.9111 4.25 151.579
      vertex 50.9111 0 151.579
    endloop
  endfacet
  facet normal 0.595228 0 -0.803557
    outer loop
      vertex 50.9111 4.25 151.579
      vertex 50.714 0 151.433
      vertex 50.714 4.25 151.433
    endloop
  endfacet
  facet normal 0.0489209 0 -0.998803
    outer loop
      vertex 52.055 0 151.988
      vertex 52.3 4.25 152
      vertex 52.3 0 152
    endloop
  endfacet
  facet normal 0.0489209 0 -0.998803
    outer loop
      vertex 52.3 4.25 152
      vertex 52.055 0 151.988
      vertex 52.055 4.25 151.988
    endloop
  endfacet
  facet normal 0.0489209 0 0.998803
    outer loop
      vertex 52.055 4.25 147.012
      vertex 52.3 0 147
      vertex 52.3 4.25 147
    endloop
  endfacet
  facet normal 0.0489209 0 0.998803
    outer loop
      vertex 52.3 0 147
      vertex 52.055 4.25 147.012
      vertex 52.055 0 147.012
    endloop
  endfacet
  facet normal 0.741468 0 -0.670988
    outer loop
      vertex 50.5322 0 151.268
      vertex 50.3675 4.25 151.086
      vertex 50.5322 4.25 151.268
    endloop
  endfacet
  facet normal 0.741468 0 -0.670988
    outer loop
      vertex 50.3675 4.25 151.086
      vertex 50.5322 0 151.268
      vertex 50.3675 0 151.086
    endloop
  endfacet
  facet normal -0.0489209 0 0.998803
    outer loop
      vertex 52.3 4.25 147
      vertex 52.545 0 147.012
      vertex 52.545 4.25 147.012
    endloop
  endfacet
  facet normal -0.0489209 0 0.998803
    outer loop
      vertex 52.545 0 147.012
      vertex 52.3 4.25 147
      vertex 52.3 0 147
    endloop
  endfacet
  facet normal 0.146726 0 -0.989177
    outer loop
      vertex 51.8123 0 151.952
      vertex 52.055 4.25 151.988
      vertex 52.055 0 151.988
    endloop
  endfacet
  facet normal 0.146726 0 -0.989177
    outer loop
      vertex 52.055 4.25 151.988
      vertex 51.8123 0 151.952
      vertex 51.8123 4.25 151.952
    endloop
  endfacet
  facet normal 0.244452 0 0.969661
    outer loop
      vertex 51.5743 4.25 147.108
      vertex 51.8123 0 147.048
      vertex 51.8123 4.25 147.048
    endloop
  endfacet
  facet normal 0.244452 0 0.969661
    outer loop
      vertex 51.8123 0 147.048
      vertex 51.5743 4.25 147.108
      vertex 51.5743 0 147.108
    endloop
  endfacet
  facet normal -0.672064 0 0.740493
    outer loop
      vertex 53.886 4.25 147.567
      vertex 54.0678 0 147.732
      vertex 54.0678 4.25 147.732
    endloop
  endfacet
  facet normal -0.672064 0 0.740493
    outer loop
      vertex 54.0678 0 147.732
      vertex 53.886 4.25 147.567
      vertex 53.886 0 147.567
    endloop
  endfacet
  facet normal -0.244452 0 -0.969661
    outer loop
      vertex 52.7877 0 151.952
      vertex 53.0257 4.25 151.892
      vertex 53.0257 0 151.892
    endloop
  endfacet
  facet normal -0.244452 0 -0.969661
    outer loop
      vertex 53.0257 4.25 151.892
      vertex 52.7877 0 151.952
      vertex 52.7877 4.25 151.952
    endloop
  endfacet
  facet normal 0.970047 -0 0.242919
    outer loop
      vertex 49.848 0 149.012
      vertex 49.9076 4.25 148.774
      vertex 49.848 4.25 149.012
    endloop
  endfacet
  facet normal 0.970047 0 0.242919
    outer loop
      vertex 49.9076 4.25 148.774
      vertex 49.848 0 149.012
      vertex 49.9076 0 148.774
    endloop
  endfacet
  facet normal 0.427876 0 0.903837
    outer loop
      vertex 51.1215 4.25 147.295
      vertex 51.3433 0 147.19
      vertex 51.3433 4.25 147.19
    endloop
  endfacet
  facet normal 0.427876 0 0.903837
    outer loop
      vertex 51.3433 0 147.19
      vertex 51.1215 4.25 147.295
      vertex 51.1215 0 147.295
    endloop
  endfacet
  facet normal 0.741468 -0 0.670988
    outer loop
      vertex 50.3675 0 147.914
      vertex 50.5322 4.25 147.732
      vertex 50.3675 4.25 147.914
    endloop
  endfacet
  facet normal 0.741468 0 0.670988
    outer loop
      vertex 50.5322 4.25 147.732
      vertex 50.3675 0 147.914
      vertex 50.5322 0 147.732
    endloop
  endfacet
  facet normal 0.989203 -0 0.146549
    outer loop
      vertex 49.812 0 149.255
      vertex 49.848 4.25 149.012
      vertex 49.812 4.25 149.255
    endloop
  endfacet
  facet normal 0.989203 0 0.146549
    outer loop
      vertex 49.848 4.25 149.012
      vertex 49.812 0 149.255
      vertex 49.848 0 149.012
    endloop
  endfacet
  facet normal -0.741468 0 -0.670988
    outer loop
      vertex 54.2325 0 151.086
      vertex 54.0678 4.25 151.268
      vertex 54.2325 4.25 151.086
    endloop
  endfacet
  facet normal -0.741468 -0 -0.670988
    outer loop
      vertex 54.0678 4.25 151.268
      vertex 54.2325 0 151.086
      vertex 54.0678 0 151.268
    endloop
  endfacet
  facet normal -0.595228 0 0.803557
    outer loop
      vertex 53.6889 4.25 147.421
      vertex 53.886 0 147.567
      vertex 53.886 4.25 147.567
    endloop
  endfacet
  facet normal -0.595228 0 0.803557
    outer loop
      vertex 53.886 0 147.567
      vertex 53.6889 4.25 147.421
      vertex 53.6889 0 147.421
    endloop
  endfacet
  facet normal 0.803023 -0 0.595949
    outer loop
      vertex 50.2213 0 148.111
      vertex 50.3675 4.25 147.914
      vertex 50.2213 4.25 148.111
    endloop
  endfacet
  facet normal 0.803023 0 0.595949
    outer loop
      vertex 50.3675 4.25 147.914
      vertex 50.2213 0 148.111
      vertex 50.3675 0 147.914
    endloop
  endfacet
  facet normal 0.998803 0 -0.0489209
    outer loop
      vertex 49.812 0 149.745
      vertex 49.8 4.25 149.5
      vertex 49.812 4.25 149.745
    endloop
  endfacet
  facet normal 0.998803 0 -0.0489209
    outer loop
      vertex 49.8 4.25 149.5
      vertex 49.812 0 149.745
      vertex 49.8 0 149.5
    endloop
  endfacet
  facet normal -0.741468 0 0.670988
    outer loop
      vertex 54.0678 0 147.732
      vertex 54.2325 4.25 147.914
      vertex 54.0678 4.25 147.732
    endloop
  endfacet
  facet normal -0.741468 0 0.670988
    outer loop
      vertex 54.2325 4.25 147.914
      vertex 54.0678 0 147.732
      vertex 54.2325 0 147.914
    endloop
  endfacet
  facet normal -0.70668 0.70668 -0.0347248
    outer loop
      vertex 57.0272 6.5 149.964
      vertex 57.05 6.5 149.5
      vertex 54.8 4.25 149.5
    endloop
  endfacet
  facet normal 0 0.691361 -0.722509
    outer loop
      vertex 53.6799 6.5 154.045
      vertex 53.0257 4.25 151.892
      vertex 53.6789 6.5 154.045
    endloop
  endfacet
  facet normal -0.236662 0.706762 -0.666693
    outer loop
      vertex 53.0257 4.25 151.892
      vertex 53.6799 6.5 154.045
      vertex 53.2567 4.25 151.81
    endloop
  endfacet
  facet normal 0.421149 0.70667 0.568552
    outer loop
      vertex 50.9111 4.25 147.421
      vertex 49.6602 6.5 145.551
      vertex 50.714 4.25 147.567
    endloop
  endfacet
  facet normal -0 0.639175 0.769061
    outer loop
      vertex 49.6602 6.5 145.551
      vertex 50.9111 4.25 147.421
      vertex 49.661 6.5 145.551
    endloop
  endfacet
  facet normal 0.567972 0.706663 -0.421944
    outer loop
      vertex 48.6276 6.5 152.512
      vertex 50.2213 4.25 150.889
      vertex 48.3505 6.5 152.139
    endloop
  endfacet
  facet normal -0.606882 0.706708 -0.363673
    outer loop
      vertex 56.25 6.5 152.138
      vertex 56.4891 6.5 151.739
      vertex 54.5048 4.25 150.678
    endloop
  endfacet
  facet normal -0.609633 0.703245 -0.36578
    outer loop
      vertex 55.9724 6.5 152.512
      vertex 54.2325 4.25 151.086
      vertex 55.9718 6.5 152.513
    endloop
  endfacet
  facet normal -0.568201 0.706635 -0.42168
    outer loop
      vertex 54.2325 4.25 151.086
      vertex 55.9724 6.5 152.512
      vertex 54.3787 4.25 150.889
    endloop
  endfacet
  facet normal 0.0346126 0.706692 0.706675
    outer loop
      vertex 52.3 4.25 147
      vertex 52.2989 6.5 144.75
      vertex 52.055 4.25 147.012
    endloop
  endfacet
  facet normal -0 0.707107 0.707107
    outer loop
      vertex 52.2989 6.5 144.75
      vertex 52.3 4.25 147
      vertex 52.3 6.5 144.75
    endloop
  endfacet
  facet normal 0 0.67847 -0.734628
    outer loop
      vertex 54.1187 6.5 153.888
      vertex 53.2567 4.25 151.81
      vertex 54.1177 6.5 153.888
    endloop
  endfacet
  facet normal -0.302756 0.706635 -0.639535
    outer loop
      vertex 53.2567 4.25 151.81
      vertex 54.1187 6.5 153.888
      vertex 53.4785 4.25 151.705
    endloop
  endfacet
  facet normal -0.567972 0.706663 -0.421944
    outer loop
      vertex 55.9724 6.5 152.512
      vertex 56.2495 6.5 152.139
      vertex 54.3787 4.25 150.889
    endloop
  endfacet
  facet normal -0.607372 0.706641 0.362984
    outer loop
      vertex 56.25 6.5 146.862
      vertex 54.3787 4.25 148.111
      vertex 54.5048 4.25 148.322
    endloop
  endfacet
  facet normal -0.634946 0.704311 0.317473
    outer loop
      vertex 54.3787 4.25 148.111
      vertex 56.25 6.5 146.862
      vertex 56.2495 6.5 146.861
    endloop
  endfacet
  facet normal 0.568201 0.706635 0.42168
    outer loop
      vertex 50.3675 4.25 147.914
      vertex 48.6276 6.5 146.488
      vertex 50.2213 4.25 148.111
    endloop
  endfacet
  facet normal 0.609633 0.703245 0.36578
    outer loop
      vertex 48.6276 6.5 146.488
      vertex 50.3675 4.25 147.914
      vertex 48.6282 6.5 146.487
    endloop
  endfacet
  facet normal 0.475557 0.706606 0.523978
    outer loop
      vertex 50.714 4.25 147.567
      vertex 49.2858 6.5 145.829
      vertex 50.5322 4.25 147.732
    endloop
  endfacet
  facet normal 0.558208 0.699273 0.446566
    outer loop
      vertex 49.2858 6.5 145.829
      vertex 50.714 4.25 147.567
      vertex 49.2866 6.5 145.828
    endloop
  endfacet
  facet normal 0.524548 0.706672 0.47483
    outer loop
      vertex 50.5322 4.25 147.732
      vertex 48.9412 6.5 146.141
      vertex 48.6289 6.5 146.486
    endloop
  endfacet
  facet normal 0.699881 0.706682 -0.103765
    outer loop
      vertex 47.6411 6.5 150.426
      vertex 49.812 4.25 149.745
      vertex 47.5729 6.5 149.966
    endloop
  endfacet
  facet normal 0.543689 0.639378 -0.543689
    outer loop
      vertex 51.8123 4.25 151.952
      vertex 51.3723 6.5 154.158
      vertex 51.3733 6.5 154.159
    endloop
  endfacet
  facet normal 0.172983 0.706577 -0.686167
    outer loop
      vertex 51.3723 6.5 154.158
      vertex 51.8123 4.25 151.952
      vertex 51.5743 4.25 151.892
    endloop
  endfacet
  facet normal 0.639426 0.70671 -0.302814
    outer loop
      vertex 48.1109 6.5 151.739
      vertex 50.0952 4.25 150.678
      vertex 47.912 6.5 151.319
    endloop
  endfacet
  facet normal -0.686327 0.706671 0.171962
    outer loop
      vertex 56.9587 6.5 148.573
      vertex 56.8457 6.5 148.122
      vertex 54.752 4.25 149.012
    endloop
  endfacet
  facet normal -0.634946 0.704311 -0.317473
    outer loop
      vertex 56.25 6.5 152.138
      vertex 54.3787 4.25 150.889
      vertex 56.2495 6.5 152.139
    endloop
  endfacet
  facet normal -0.607372 0.706641 -0.362984
    outer loop
      vertex 54.3787 4.25 150.889
      vertex 56.25 6.5 152.138
      vertex 54.5048 4.25 150.678
    endloop
  endfacet
  facet normal 0.10347 0.706665 -0.699942
    outer loop
      vertex 51.8344 6.5 154.227
      vertex 52.055 4.25 151.988
      vertex 51.3744 6.5 154.159
    endloop
  endfacet
  facet normal -0.363665 0.706636 0.60697
    outer loop
      vertex 54.938 6.5 145.55
      vertex 54.5391 6.5 145.311
      vertex 53.4785 4.25 147.295
    endloop
  endfacet
  facet normal -0.657756 0.705787 -0.263102
    outer loop
      vertex 54.6924 4.25 150.226
      vertex 56.8451 6.5 150.88
      vertex 56.8455 6.5 150.879
    endloop
  endfacet
  facet normal -0.666148 0.706661 -0.238487
    outer loop
      vertex 56.8451 6.5 150.88
      vertex 54.6924 4.25 150.226
      vertex 54.6097 4.25 150.457
    endloop
  endfacet
  facet normal -0.70668 0.70668 0.0347248
    outer loop
      vertex 57.05 6.5 149.5
      vertex 57.0272 6.5 149.036
      vertex 54.8 4.25 149.5
    endloop
  endfacet
  facet normal -0.475557 0.706606 0.523978
    outer loop
      vertex 55.3142 6.5 145.829
      vertex 53.886 4.25 147.567
      vertex 54.0678 4.25 147.732
    endloop
  endfacet
  facet normal -0.558208 0.699273 0.446566
    outer loop
      vertex 53.886 4.25 147.567
      vertex 55.3142 6.5 145.829
      vertex 55.3134 6.5 145.828
    endloop
  endfacet
  facet normal -0.10347 0.706665 0.699942
    outer loop
      vertex 53.2256 6.5 144.841
      vertex 52.7656 6.5 144.773
      vertex 52.545 4.25 147.012
    endloop
  endfacet
  facet normal 0.558208 0.699273 -0.446566
    outer loop
      vertex 50.714 4.25 151.433
      vertex 49.2858 6.5 153.171
      vertex 49.2866 6.5 153.172
    endloop
  endfacet
  facet normal 0.475557 0.706606 -0.523978
    outer loop
      vertex 49.2858 6.5 153.171
      vertex 50.714 4.25 151.433
      vertex 50.5322 4.25 151.268
    endloop
  endfacet
  facet normal -0.699867 0.706674 -0.103915
    outer loop
      vertex 56.9587 6.5 150.427
      vertex 57.027 6.5 149.967
      vertex 54.752 4.25 149.988
    endloop
  endfacet
  facet normal 0.524548 0.706672 -0.47483
    outer loop
      vertex 48.9412 6.5 152.859
      vertex 50.5322 4.25 151.268
      vertex 48.6289 6.5 152.514
    endloop
  endfacet
  facet normal 0.634946 0.704311 -0.317473
    outer loop
      vertex 50.2213 4.25 150.889
      vertex 48.35 6.5 152.138
      vertex 48.3505 6.5 152.139
    endloop
  endfacet
  facet normal 0.607372 0.706641 -0.362984
    outer loop
      vertex 48.35 6.5 152.138
      vertex 50.2213 4.25 150.889
      vertex 50.0952 4.25 150.678
    endloop
  endfacet
  facet normal -0.639426 0.70671 0.302814
    outer loop
      vertex 56.688 6.5 147.681
      vertex 56.4891 6.5 147.261
      vertex 54.5048 4.25 148.322
    endloop
  endfacet
  facet normal 0.034615 0.706644 -0.706722
    outer loop
      vertex 52.055 4.25 151.988
      vertex 51.8355 6.5 154.227
      vertex 52.3 4.25 152
    endloop
  endfacet
  facet normal 0 0.705372 -0.708837
    outer loop
      vertex 51.8355 6.5 154.227
      vertex 52.055 4.25 151.988
      vertex 51.8344 6.5 154.227
    endloop
  endfacet
  facet normal -0.656563 0.707074 0.262625
    outer loop
      vertex 56.688 6.5 147.681
      vertex 54.6097 4.25 148.543
      vertex 56.6884 6.5 147.682
    endloop
  endfacet
  facet normal -0.639201 0.70666 0.303404
    outer loop
      vertex 54.6097 4.25 148.543
      vertex 56.688 6.5 147.681
      vertex 54.5048 4.25 148.322
    endloop
  endfacet
  facet normal -0.474881 0.706674 -0.5245
    outer loop
      vertex 55.3142 6.5 153.171
      vertex 55.6588 6.5 152.859
      vertex 54.0678 4.25 151.268
    endloop
  endfacet
  facet normal 0 0.705372 -0.708837
    outer loop
      vertex 52.545 4.25 151.988
      vertex 52.7645 6.5 154.227
      vertex 52.7656 6.5 154.227
    endloop
  endfacet
  facet normal -0.034615 0.706644 -0.706722
    outer loop
      vertex 52.7645 6.5 154.227
      vertex 52.545 4.25 151.988
      vertex 52.3 4.25 152
    endloop
  endfacet
  facet normal -0.524548 0.706672 -0.47483
    outer loop
      vertex 55.6588 6.5 152.859
      vertex 55.9711 6.5 152.514
      vertex 54.0678 4.25 151.268
    endloop
  endfacet
  facet normal -0.666189 0.706674 0.238337
    outer loop
      vertex 56.8451 6.5 148.12
      vertex 56.6884 6.5 147.682
      vertex 54.6097 4.25 148.543
    endloop
  endfacet
  facet normal 0.609633 0.703245 -0.36578
    outer loop
      vertex 50.3675 4.25 151.086
      vertex 48.6276 6.5 152.512
      vertex 48.6282 6.5 152.513
    endloop
  endfacet
  facet normal 0.568201 0.706635 -0.42168
    outer loop
      vertex 48.6276 6.5 152.512
      vertex 50.3675 4.25 151.086
      vertex 50.2213 4.25 150.889
    endloop
  endfacet
  facet normal -0.0349914 0.706674 -0.706674
    outer loop
      vertex 52.3 6.5 154.25
      vertex 52.7645 6.5 154.227
      vertex 52.3 4.25 152
    endloop
  endfacet
  facet normal 0 0.639175 -0.769061
    outer loop
      vertex 50.9111 4.25 151.579
      vertex 49.6602 6.5 153.449
      vertex 49.661 6.5 153.449
    endloop
  endfacet
  facet normal 0.421149 0.70667 -0.568552
    outer loop
      vertex 49.6602 6.5 153.449
      vertex 50.9111 4.25 151.579
      vertex 50.714 4.25 151.433
    endloop
  endfacet
  facet normal 0.639426 0.70671 0.302814
    outer loop
      vertex 50.0952 4.25 148.322
      vertex 48.1109 6.5 147.261
      vertex 47.912 6.5 147.681
    endloop
  endfacet
  facet normal -0.034992 0.706662 0.706686
    outer loop
      vertex 52.545 4.25 147.012
      vertex 52.7656 6.5 144.773
      vertex 52.3011 6.5 144.75
    endloop
  endfacet
  facet normal 0.0349914 0.706674 -0.706674
    outer loop
      vertex 52.3 6.5 154.25
      vertex 52.3 4.25 152
      vertex 51.8355 6.5 154.227
    endloop
  endfacet
  facet normal -0.171915 0.706718 0.686291
    outer loop
      vertex 53.6778 6.5 144.954
      vertex 53.2267 6.5 144.841
      vertex 52.7877 4.25 147.048
    endloop
  endfacet
  facet normal -0.686327 0.706671 -0.171962
    outer loop
      vertex 56.8457 6.5 150.878
      vertex 56.9587 6.5 150.427
      vertex 54.752 4.25 149.988
    endloop
  endfacet
  facet normal -0.171915 0.706718 -0.686291
    outer loop
      vertex 53.2267 6.5 154.159
      vertex 53.6778 6.5 154.046
      vertex 52.7877 4.25 151.952
    endloop
  endfacet
  facet normal 0.171892 0.706664 -0.686352
    outer loop
      vertex 51.3723 6.5 154.158
      vertex 51.5743 4.25 151.892
      vertex 50.9211 6.5 154.045
    endloop
  endfacet
  facet normal 0.70668 0.70668 -0.0347248
    outer loop
      vertex 47.5728 6.5 149.964
      vertex 49.8 4.25 149.5
      vertex 47.55 6.5 149.5
    endloop
  endfacet
  facet normal 0.686324 0.706674 -0.171962
    outer loop
      vertex 47.7545 6.5 150.879
      vertex 49.9076 4.25 150.226
      vertex 47.6415 6.5 150.428
    endloop
  endfacet
  facet normal 0 0.700252 -0.713896
    outer loop
      vertex 52.7877 4.25 151.952
      vertex 53.2256 6.5 154.159
      vertex 53.2267 6.5 154.159
    endloop
  endfacet
  facet normal -0.103812 0.706692 -0.699864
    outer loop
      vertex 53.2256 6.5 154.159
      vertex 52.7877 4.25 151.952
      vertex 52.545 4.25 151.988
    endloop
  endfacet
  facet normal 0.363542 0.706625 0.607058
    outer loop
      vertex 49.662 6.5 145.55
      vertex 50.9111 4.25 147.421
      vertex 51.1215 4.25 147.295
    endloop
  endfacet
  facet normal 0.504885 0.70013 0.504885
    outer loop
      vertex 50.9111 4.25 147.421
      vertex 49.662 6.5 145.55
      vertex 49.661 6.5 145.551
    endloop
  endfacet
  facet normal 0.421419 0.706645 0.568383
    outer loop
      vertex 50.714 4.25 147.567
      vertex 49.6602 6.5 145.551
      vertex 49.2866 6.5 145.828
    endloop
  endfacet
  facet normal 0.606882 0.706708 -0.363673
    outer loop
      vertex 48.35 6.5 152.138
      vertex 50.0952 4.25 150.678
      vertex 48.1109 6.5 151.739
    endloop
  endfacet
  facet normal -0.568201 0.706635 0.42168
    outer loop
      vertex 55.9724 6.5 146.488
      vertex 54.2325 4.25 147.914
      vertex 54.3787 4.25 148.111
    endloop
  endfacet
  facet normal -0.609633 0.703245 0.36578
    outer loop
      vertex 54.2325 4.25 147.914
      vertex 55.9724 6.5 146.488
      vertex 55.9718 6.5 146.487
    endloop
  endfacet
  facet normal -0.238869 0.706583 0.666095
    outer loop
      vertex 54.1177 6.5 145.112
      vertex 53.6799 6.5 144.955
      vertex 53.2567 4.25 147.19
    endloop
  endfacet
  facet normal -0.656563 0.707074 -0.262625
    outer loop
      vertex 54.6097 4.25 150.457
      vertex 56.688 6.5 151.319
      vertex 56.6884 6.5 151.318
    endloop
  endfacet
  facet normal -0.639201 0.70666 -0.303404
    outer loop
      vertex 56.688 6.5 151.319
      vertex 54.6097 4.25 150.457
      vertex 54.5048 4.25 150.678
    endloop
  endfacet
  facet normal -0.580158 0.706039 0.40611
    outer loop
      vertex 55.9711 6.5 146.486
      vertex 54.2325 4.25 147.914
      vertex 55.9718 6.5 146.487
    endloop
  endfacet
  facet normal -0.524613 0.70668 0.474746
    outer loop
      vertex 54.2325 4.25 147.914
      vertex 55.9711 6.5 146.486
      vertex 54.0678 4.25 147.732
    endloop
  endfacet
  facet normal 0.699898 0.706676 0.103689
    outer loop
      vertex 49.848 4.25 149.012
      vertex 47.6411 6.5 148.574
      vertex 49.812 4.25 149.255
    endloop
  endfacet
  facet normal 0.693384 0.707098 0.138677
    outer loop
      vertex 47.6411 6.5 148.574
      vertex 49.848 4.25 149.012
      vertex 47.6413 6.5 148.573
    endloop
  endfacet
  facet normal -0.302734 0.706637 -0.639544
    outer loop
      vertex 54.1187 6.5 153.888
      vertex 54.5391 6.5 153.689
      vertex 53.4785 4.25 151.705
    endloop
  endfacet
  facet normal 0.666189 0.706674 0.238337
    outer loop
      vertex 49.9903 4.25 148.543
      vertex 47.9116 6.5 147.682
      vertex 47.7549 6.5 148.12
    endloop
  endfacet
  facet normal 0.686339 0.706681 0.171873
    outer loop
      vertex 47.6415 6.5 148.572
      vertex 49.848 4.25 149.012
      vertex 49.9076 4.25 148.774
    endloop
  endfacet
  facet normal 0.693384 0.707098 0.138677
    outer loop
      vertex 49.848 4.25 149.012
      vertex 47.6415 6.5 148.572
      vertex 47.6413 6.5 148.573
    endloop
  endfacet
  facet normal 0.606882 0.706708 0.363673
    outer loop
      vertex 50.0952 4.25 148.322
      vertex 48.35 6.5 146.862
      vertex 48.1109 6.5 147.261
    endloop
  endfacet
  facet normal 0.706642 0.706689 -0.0353321
    outer loop
      vertex 49.812 4.25 149.745
      vertex 47.5728 6.5 149.964
      vertex 47.5729 6.5 149.966
    endloop
  endfacet
  facet normal 0.706695 0.706672 -0.0346136
    outer loop
      vertex 47.5728 6.5 149.964
      vertex 49.812 4.25 149.745
      vertex 49.8 4.25 149.5
    endloop
  endfacet
  facet normal 0.363542 0.706625 -0.607058
    outer loop
      vertex 50.9111 4.25 151.579
      vertex 49.662 6.5 153.45
      vertex 51.1215 4.25 151.705
    endloop
  endfacet
  facet normal 0.504885 0.70013 -0.504885
    outer loop
      vertex 49.662 6.5 153.45
      vertex 50.9111 4.25 151.579
      vertex 49.661 6.5 153.449
    endloop
  endfacet
  facet normal -0.302756 0.706635 0.639535
    outer loop
      vertex 54.1187 6.5 145.112
      vertex 53.2567 4.25 147.19
      vertex 53.4785 4.25 147.295
    endloop
  endfacet
  facet normal 0 0.67847 0.734628
    outer loop
      vertex 53.2567 4.25 147.19
      vertex 54.1187 6.5 145.112
      vertex 54.1177 6.5 145.112
    endloop
  endfacet
  facet normal -0.580158 0.706039 -0.40611
    outer loop
      vertex 54.2325 4.25 151.086
      vertex 55.9711 6.5 152.514
      vertex 55.9718 6.5 152.513
    endloop
  endfacet
  facet normal -0.524613 0.70668 -0.474746
    outer loop
      vertex 55.9711 6.5 152.514
      vertex 54.2325 4.25 151.086
      vertex 54.0678 4.25 151.268
    endloop
  endfacet
  facet normal -0.363665 0.706636 -0.60697
    outer loop
      vertex 54.5391 6.5 153.689
      vertex 54.938 6.5 153.45
      vertex 53.4785 4.25 151.705
    endloop
  endfacet
  facet normal -0.504885 0.70013 -0.504885
    outer loop
      vertex 53.6889 4.25 151.579
      vertex 54.938 6.5 153.45
      vertex 54.939 6.5 153.449
    endloop
  endfacet
  facet normal -0.363542 0.706625 -0.607058
    outer loop
      vertex 54.938 6.5 153.45
      vertex 53.6889 4.25 151.579
      vertex 53.4785 4.25 151.705
    endloop
  endfacet
  facet normal -0.639426 0.70671 -0.302814
    outer loop
      vertex 56.4891 6.5 151.739
      vertex 56.688 6.5 151.319
      vertex 54.5048 4.25 150.678
    endloop
  endfacet
  facet normal -0.666189 0.706674 -0.238337
    outer loop
      vertex 56.6884 6.5 151.318
      vertex 56.8451 6.5 150.88
      vertex 54.6097 4.25 150.457
    endloop
  endfacet
  facet normal -0.699867 0.706674 0.103915
    outer loop
      vertex 57.027 6.5 149.033
      vertex 56.9587 6.5 148.573
      vertex 54.752 4.25 149.012
    endloop
  endfacet
  facet normal 0.666148 0.706661 -0.238487
    outer loop
      vertex 49.9076 4.25 150.226
      vertex 47.7549 6.5 150.88
      vertex 49.9903 4.25 150.457
    endloop
  endfacet
  facet normal 0.657756 0.705787 -0.263102
    outer loop
      vertex 47.7549 6.5 150.88
      vertex 49.9076 4.25 150.226
      vertex 47.7545 6.5 150.879
    endloop
  endfacet
  facet normal 0.639201 0.70666 0.303404
    outer loop
      vertex 47.912 6.5 147.681
      vertex 49.9903 4.25 148.543
      vertex 50.0952 4.25 148.322
    endloop
  endfacet
  facet normal 0.656563 0.707074 0.262625
    outer loop
      vertex 49.9903 4.25 148.543
      vertex 47.912 6.5 147.681
      vertex 47.9116 6.5 147.682
    endloop
  endfacet
  facet normal 0.567972 0.706663 0.421944
    outer loop
      vertex 50.2213 4.25 148.111
      vertex 48.6276 6.5 146.488
      vertex 48.3505 6.5 146.861
    endloop
  endfacet
  facet normal -0.302734 0.706637 0.639544
    outer loop
      vertex 54.5391 6.5 145.311
      vertex 54.1187 6.5 145.112
      vertex 53.4785 4.25 147.295
    endloop
  endfacet
  facet normal -0.567972 0.706663 0.421944
    outer loop
      vertex 56.2495 6.5 146.861
      vertex 55.9724 6.5 146.488
      vertex 54.3787 4.25 148.111
    endloop
  endfacet
  facet normal 0.237484 0.706689 0.666477
    outer loop
      vertex 51.5743 4.25 147.108
      vertex 50.9211 6.5 144.955
      vertex 50.4833 6.5 145.111
    endloop
  endfacet
  facet normal 0.666189 0.706674 -0.238337
    outer loop
      vertex 47.9116 6.5 151.318
      vertex 49.9903 4.25 150.457
      vertex 47.7549 6.5 150.88
    endloop
  endfacet
  facet normal -0.499168 0.670327 0.549084
    outer loop
      vertex 53.6778 6.5 144.954
      vertex 53.0257 4.25 147.108
      vertex 53.6789 6.5 144.955
    endloop
  endfacet
  facet normal -0.172929 0.706801 0.68595
    outer loop
      vertex 53.0257 4.25 147.108
      vertex 53.6778 6.5 144.954
      vertex 52.7877 4.25 147.048
    endloop
  endfacet
  facet normal -0.703601 0.707103 -0.0703601
    outer loop
      vertex 54.788 4.25 149.745
      vertex 57.027 6.5 149.967
      vertex 57.0271 6.5 149.966
    endloop
  endfacet
  facet normal -0.699883 0.706692 -0.103686
    outer loop
      vertex 57.027 6.5 149.967
      vertex 54.788 4.25 149.745
      vertex 54.752 4.25 149.988
    endloop
  endfacet
  facet normal -0.686356 0.706664 0.171877
    outer loop
      vertex 56.8457 6.5 148.122
      vertex 54.6924 4.25 148.774
      vertex 54.752 4.25 149.012
    endloop
  endfacet
  facet normal -0.695018 0.705428 0.139004
    outer loop
      vertex 54.6924 4.25 148.774
      vertex 56.8457 6.5 148.122
      vertex 56.8455 6.5 148.121
    endloop
  endfacet
  facet normal 0.363665 0.706636 -0.60697
    outer loop
      vertex 50.0609 6.5 153.689
      vertex 51.1215 4.25 151.705
      vertex 49.662 6.5 153.45
    endloop
  endfacet
  facet normal 0.474881 0.706674 0.5245
    outer loop
      vertex 50.5322 4.25 147.732
      vertex 49.2858 6.5 145.829
      vertex 48.9412 6.5 146.141
    endloop
  endfacet
  facet normal -0.703601 0.707103 0.0703601
    outer loop
      vertex 57.027 6.5 149.033
      vertex 54.788 4.25 149.255
      vertex 57.0271 6.5 149.034
    endloop
  endfacet
  facet normal -0.699883 0.706692 0.103686
    outer loop
      vertex 54.788 4.25 149.255
      vertex 57.027 6.5 149.033
      vertex 54.752 4.25 149.012
    endloop
  endfacet
  facet normal -0.706695 0.706672 0.0346136
    outer loop
      vertex 57.0272 6.5 149.036
      vertex 54.788 4.25 149.255
      vertex 54.8 4.25 149.5
    endloop
  endfacet
  facet normal -0.706642 0.706689 0.0353321
    outer loop
      vertex 54.788 4.25 149.255
      vertex 57.0272 6.5 149.036
      vertex 57.0271 6.5 149.034
    endloop
  endfacet
  facet normal 0.421419 0.706645 -0.568383
    outer loop
      vertex 49.6602 6.5 153.449
      vertex 50.714 4.25 151.433
      vertex 49.2866 6.5 153.172
    endloop
  endfacet
  facet normal 0.474881 0.706674 -0.5245
    outer loop
      vertex 49.2858 6.5 153.171
      vertex 50.5322 4.25 151.268
      vertex 48.9412 6.5 152.859
    endloop
  endfacet
  facet normal 0.524613 0.70668 -0.474746
    outer loop
      vertex 50.3675 4.25 151.086
      vertex 48.6289 6.5 152.514
      vertex 50.5322 4.25 151.268
    endloop
  endfacet
  facet normal 0.580158 0.706039 -0.40611
    outer loop
      vertex 48.6289 6.5 152.514
      vertex 50.3675 4.25 151.086
      vertex 48.6282 6.5 152.513
    endloop
  endfacet
  facet normal 0.686339 0.706681 -0.171873
    outer loop
      vertex 49.848 4.25 149.988
      vertex 47.6415 6.5 150.428
      vertex 49.9076 4.25 150.226
    endloop
  endfacet
  facet normal 0.693384 0.707098 -0.138677
    outer loop
      vertex 47.6415 6.5 150.428
      vertex 49.848 4.25 149.988
      vertex 47.6413 6.5 150.427
    endloop
  endfacet
  facet normal 0.699881 0.706682 0.103765
    outer loop
      vertex 49.812 4.25 149.255
      vertex 47.6411 6.5 148.574
      vertex 47.5729 6.5 149.034
    endloop
  endfacet
  facet normal -0.238869 0.706583 -0.666095
    outer loop
      vertex 53.6799 6.5 154.045
      vertex 54.1177 6.5 153.888
      vertex 53.2567 4.25 151.81
    endloop
  endfacet
  facet normal 0.237484 0.706689 -0.666477
    outer loop
      vertex 50.9211 6.5 154.045
      vertex 51.5743 4.25 151.892
      vertex 50.4833 6.5 153.889
    endloop
  endfacet
  facet normal 0.302734 0.706637 -0.639544
    outer loop
      vertex 50.4813 6.5 153.888
      vertex 51.1215 4.25 151.705
      vertex 50.0609 6.5 153.689
    endloop
  endfacet
  facet normal 0.103812 0.706692 0.699864
    outer loop
      vertex 51.3744 6.5 144.841
      vertex 51.8123 4.25 147.048
      vertex 52.055 4.25 147.012
    endloop
  endfacet
  facet normal 0 0.700252 0.713896
    outer loop
      vertex 51.8123 4.25 147.048
      vertex 51.3744 6.5 144.841
      vertex 51.3733 6.5 144.841
    endloop
  endfacet
  facet normal -0.657756 0.705787 0.263102
    outer loop
      vertex 56.8451 6.5 148.12
      vertex 54.6924 4.25 148.774
      vertex 56.8455 6.5 148.121
    endloop
  endfacet
  facet normal -0.666148 0.706661 0.238487
    outer loop
      vertex 54.6924 4.25 148.774
      vertex 56.8451 6.5 148.12
      vertex 54.6097 4.25 148.543
    endloop
  endfacet
  facet normal -0.421419 0.706645 0.568383
    outer loop
      vertex 55.3134 6.5 145.828
      vertex 54.9398 6.5 145.551
      vertex 53.886 4.25 147.567
    endloop
  endfacet
  facet normal 0.302734 0.706637 0.639544
    outer loop
      vertex 51.1215 4.25 147.295
      vertex 50.4813 6.5 145.112
      vertex 50.0609 6.5 145.311
    endloop
  endfacet
  facet normal 0.034992 0.706662 0.706686
    outer loop
      vertex 52.055 4.25 147.012
      vertex 52.2989 6.5 144.75
      vertex 51.8344 6.5 144.773
    endloop
  endfacet
  facet normal -0.606882 0.706708 0.363673
    outer loop
      vertex 56.4891 6.5 147.261
      vertex 56.25 6.5 146.862
      vertex 54.5048 4.25 148.322
    endloop
  endfacet
  facet normal 0.70668 0.70668 0.0347248
    outer loop
      vertex 49.8 4.25 149.5
      vertex 47.5728 6.5 149.036
      vertex 47.55 6.5 149.5
    endloop
  endfacet
  facet normal 0.706695 0.706672 0.0346136
    outer loop
      vertex 49.812 4.25 149.255
      vertex 47.5728 6.5 149.036
      vertex 49.8 4.25 149.5
    endloop
  endfacet
  facet normal 0.706642 0.706689 0.0353321
    outer loop
      vertex 47.5728 6.5 149.036
      vertex 49.812 4.25 149.255
      vertex 47.5729 6.5 149.034
    endloop
  endfacet
  facet normal -0 0.700252 0.713896
    outer loop
      vertex 53.2256 6.5 144.841
      vertex 52.7877 4.25 147.048
      vertex 53.2267 6.5 144.841
    endloop
  endfacet
  facet normal -0.103812 0.706692 0.699864
    outer loop
      vertex 52.7877 4.25 147.048
      vertex 53.2256 6.5 144.841
      vertex 52.545 4.25 147.012
    endloop
  endfacet
  facet normal -0.421419 0.706645 -0.568383
    outer loop
      vertex 54.9398 6.5 153.449
      vertex 55.3134 6.5 153.172
      vertex 53.886 4.25 151.433
    endloop
  endfacet
  facet normal -0.10347 0.706665 -0.699942
    outer loop
      vertex 52.7656 6.5 154.227
      vertex 53.2256 6.5 154.159
      vertex 52.545 4.25 151.988
    endloop
  endfacet
  facet normal 0.686324 0.706674 0.171962
    outer loop
      vertex 49.9076 4.25 148.774
      vertex 47.7545 6.5 148.121
      vertex 47.6415 6.5 148.572
    endloop
  endfacet
  facet normal -0.695018 0.705428 -0.139004
    outer loop
      vertex 56.8457 6.5 150.878
      vertex 54.6924 4.25 150.226
      vertex 56.8455 6.5 150.879
    endloop
  endfacet
  facet normal -0.686356 0.706664 -0.171877
    outer loop
      vertex 54.6924 4.25 150.226
      vertex 56.8457 6.5 150.878
      vertex 54.752 4.25 149.988
    endloop
  endfacet
  facet normal -0.0346126 0.706692 0.706675
    outer loop
      vertex 52.3011 6.5 144.75
      vertex 52.3 4.25 147
      vertex 52.545 4.25 147.012
    endloop
  endfacet
  facet normal 0 0.707107 0.707107
    outer loop
      vertex 52.3 4.25 147
      vertex 52.3011 6.5 144.75
      vertex 52.3 6.5 144.75
    endloop
  endfacet
  facet normal -0.524548 0.706672 0.47483
    outer loop
      vertex 55.9711 6.5 146.486
      vertex 55.6588 6.5 146.141
      vertex 54.0678 4.25 147.732
    endloop
  endfacet
  facet normal 0.302756 0.706635 0.639535
    outer loop
      vertex 51.3433 4.25 147.19
      vertex 50.4813 6.5 145.112
      vertex 51.1215 4.25 147.295
    endloop
  endfacet
  facet normal -0 0.67847 0.734628
    outer loop
      vertex 50.4813 6.5 145.112
      vertex 51.3433 4.25 147.19
      vertex 50.4823 6.5 145.112
    endloop
  endfacet
  facet normal 0 0.639175 -0.769061
    outer loop
      vertex 54.9398 6.5 153.449
      vertex 53.6889 4.25 151.579
      vertex 54.939 6.5 153.449
    endloop
  endfacet
  facet normal -0.421149 0.70667 -0.568552
    outer loop
      vertex 53.6889 4.25 151.579
      vertex 54.9398 6.5 153.449
      vertex 53.886 4.25 151.433
    endloop
  endfacet
  facet normal -0.558208 0.699273 -0.446566
    outer loop
      vertex 55.3142 6.5 153.171
      vertex 53.886 4.25 151.433
      vertex 55.3134 6.5 153.172
    endloop
  endfacet
  facet normal -0.475557 0.706606 -0.523978
    outer loop
      vertex 53.886 4.25 151.433
      vertex 55.3142 6.5 153.171
      vertex 54.0678 4.25 151.268
    endloop
  endfacet
  facet normal 0.693384 0.707098 -0.138677
    outer loop
      vertex 49.848 4.25 149.988
      vertex 47.6411 6.5 150.426
      vertex 47.6413 6.5 150.427
    endloop
  endfacet
  facet normal 0.699898 0.706676 -0.103689
    outer loop
      vertex 47.6411 6.5 150.426
      vertex 49.848 4.25 149.988
      vertex 49.812 4.25 149.745
    endloop
  endfacet
  facet normal 0.236708 0.706621 0.666825
    outer loop
      vertex 50.4833 6.5 145.111
      vertex 51.3433 4.25 147.19
      vertex 51.5743 4.25 147.108
    endloop
  endfacet
  facet normal 0.519439 0.678503 0.519439
    outer loop
      vertex 51.3433 4.25 147.19
      vertex 50.4833 6.5 145.111
      vertex 50.4823 6.5 145.112
    endloop
  endfacet
  facet normal -0.706642 0.706689 -0.0353321
    outer loop
      vertex 57.0272 6.5 149.964
      vertex 54.788 4.25 149.745
      vertex 57.0271 6.5 149.966
    endloop
  endfacet
  facet normal -0.706695 0.706672 -0.0346136
    outer loop
      vertex 54.788 4.25 149.745
      vertex 57.0272 6.5 149.964
      vertex 54.8 4.25 149.5
    endloop
  endfacet
  facet normal 0.607372 0.706641 0.362984
    outer loop
      vertex 50.2213 4.25 148.111
      vertex 48.35 6.5 146.862
      vertex 50.0952 4.25 148.322
    endloop
  endfacet
  facet normal 0.634946 0.704311 0.317473
    outer loop
      vertex 48.35 6.5 146.862
      vertex 50.2213 4.25 148.111
      vertex 48.3505 6.5 146.861
    endloop
  endfacet
  facet normal 0.639201 0.70666 -0.303404
    outer loop
      vertex 49.9903 4.25 150.457
      vertex 47.912 6.5 151.319
      vertex 50.0952 4.25 150.678
    endloop
  endfacet
  facet normal 0.656563 0.707074 -0.262625
    outer loop
      vertex 47.912 6.5 151.319
      vertex 49.9903 4.25 150.457
      vertex 47.9116 6.5 151.318
    endloop
  endfacet
  facet normal -0.474881 0.706674 0.5245
    outer loop
      vertex 55.6588 6.5 146.141
      vertex 55.3142 6.5 145.829
      vertex 54.0678 4.25 147.732
    endloop
  endfacet
  facet normal 0.363665 0.706636 0.60697
    outer loop
      vertex 51.1215 4.25 147.295
      vertex 50.0609 6.5 145.311
      vertex 49.662 6.5 145.55
    endloop
  endfacet
  facet normal 0.10347 0.706665 0.699942
    outer loop
      vertex 52.055 4.25 147.012
      vertex 51.8344 6.5 144.773
      vertex 51.3744 6.5 144.841
    endloop
  endfacet
  facet normal 0.171892 0.706664 0.686352
    outer loop
      vertex 51.5743 4.25 147.108
      vertex 51.3723 6.5 144.842
      vertex 50.9211 6.5 144.955
    endloop
  endfacet
  facet normal -0.504885 0.70013 0.504885
    outer loop
      vertex 54.938 6.5 145.55
      vertex 53.6889 4.25 147.421
      vertex 54.939 6.5 145.551
    endloop
  endfacet
  facet normal -0.363542 0.706625 0.607058
    outer loop
      vertex 53.6889 4.25 147.421
      vertex 54.938 6.5 145.55
      vertex 53.4785 4.25 147.295
    endloop
  endfacet
  facet normal 0.172983 0.706577 0.686167
    outer loop
      vertex 51.8123 4.25 147.048
      vertex 51.3723 6.5 144.842
      vertex 51.5743 4.25 147.108
    endloop
  endfacet
  facet normal 0.543689 0.639378 0.543689
    outer loop
      vertex 51.3723 6.5 144.842
      vertex 51.8123 4.25 147.048
      vertex 51.3733 6.5 144.841
    endloop
  endfacet
  facet normal 0.666148 0.706661 0.238487
    outer loop
      vertex 47.7549 6.5 148.12
      vertex 49.9076 4.25 148.774
      vertex 49.9903 4.25 148.543
    endloop
  endfacet
  facet normal 0.657756 0.705787 0.263102
    outer loop
      vertex 49.9076 4.25 148.774
      vertex 47.7549 6.5 148.12
      vertex 47.7545 6.5 148.121
    endloop
  endfacet
  facet normal 0.524613 0.70668 0.474746
    outer loop
      vertex 48.6289 6.5 146.486
      vertex 50.3675 4.25 147.914
      vertex 50.5322 4.25 147.732
    endloop
  endfacet
  facet normal 0.580158 0.706039 0.40611
    outer loop
      vertex 50.3675 4.25 147.914
      vertex 48.6289 6.5 146.486
      vertex 48.6282 6.5 146.487
    endloop
  endfacet
  facet normal -0.499168 0.670327 -0.549084
    outer loop
      vertex 53.0257 4.25 151.892
      vertex 53.6778 6.5 154.046
      vertex 53.6789 6.5 154.045
    endloop
  endfacet
  facet normal -0.172929 0.706801 -0.68595
    outer loop
      vertex 53.6778 6.5 154.046
      vertex 53.0257 4.25 151.892
      vertex 52.7877 4.25 151.952
    endloop
  endfacet
  facet normal 0 0.67847 -0.734628
    outer loop
      vertex 51.3433 4.25 151.81
      vertex 50.4813 6.5 153.888
      vertex 50.4823 6.5 153.888
    endloop
  endfacet
  facet normal 0.302756 0.706635 -0.639535
    outer loop
      vertex 50.4813 6.5 153.888
      vertex 51.3433 4.25 151.81
      vertex 51.1215 4.25 151.705
    endloop
  endfacet
  facet normal -0.421149 0.70667 0.568552
    outer loop
      vertex 54.9398 6.5 145.551
      vertex 53.6889 4.25 147.421
      vertex 53.886 4.25 147.567
    endloop
  endfacet
  facet normal 0 0.639175 0.769061
    outer loop
      vertex 53.6889 4.25 147.421
      vertex 54.9398 6.5 145.551
      vertex 54.939 6.5 145.551
    endloop
  endfacet
  facet normal 0.103812 0.706692 -0.699864
    outer loop
      vertex 51.8123 4.25 151.952
      vertex 51.3744 6.5 154.159
      vertex 52.055 4.25 151.988
    endloop
  endfacet
  facet normal 0 0.700252 -0.713896
    outer loop
      vertex 51.3744 6.5 154.159
      vertex 51.8123 4.25 151.952
      vertex 51.3733 6.5 154.159
    endloop
  endfacet
  facet normal -0.236662 0.706762 0.666693
    outer loop
      vertex 53.6799 6.5 144.955
      vertex 53.0257 4.25 147.108
      vertex 53.2567 4.25 147.19
    endloop
  endfacet
  facet normal 0 0.691361 0.722509
    outer loop
      vertex 53.0257 4.25 147.108
      vertex 53.6799 6.5 144.955
      vertex 53.6789 6.5 144.955
    endloop
  endfacet
  facet normal 0.236708 0.706621 -0.666825
    outer loop
      vertex 51.3433 4.25 151.81
      vertex 50.4833 6.5 153.889
      vertex 51.5743 4.25 151.892
    endloop
  endfacet
  facet normal 0.519439 0.678503 -0.519439
    outer loop
      vertex 50.4833 6.5 153.889
      vertex 51.3433 4.25 151.81
      vertex 50.4823 6.5 153.888
    endloop
  endfacet
  facet normal 0 -1 0
    outer loop
      vertex 42.3 46.95 149.841
      vertex 45.3 46.95 154.52
      vertex 42.3 46.95 154.52
    endloop
  endfacet
  facet normal 0 -1 -0
    outer loop
      vertex 45.3 46.95 154.52
      vertex 42.3 46.95 149.841
      vertex 45.3 46.95 149.841
    endloop
  endfacet
  facet normal 0 -0.866044 -0.499968
    outer loop
      vertex 42.3 46.95 154.52
      vertex 45.3 41.95 163.181
      vertex 42.3 41.95 163.181
    endloop
  endfacet
  facet normal 0 -0.866044 -0.499968
    outer loop
      vertex 45.3 41.95 163.181
      vertex 42.3 46.95 154.52
      vertex 45.3 46.95 154.52
    endloop
  endfacet
  facet normal 0 0.866044 -0.499968
    outer loop
      vertex 45.3 36.95 154.52
      vertex 42.3 41.95 163.181
      vertex 45.3 41.95 163.181
    endloop
  endfacet
  facet normal 0 0.866044 -0.499968
    outer loop
      vertex 42.3 41.95 163.181
      vertex 45.3 36.95 154.52
      vertex 42.3 36.95 154.52
    endloop
  endfacet
  facet normal 0 1 -0
    outer loop
      vertex 45.3 36.95 149.841
      vertex 42.3 36.95 154.52
      vertex 45.3 36.95 154.52
    endloop
  endfacet
  facet normal 0 1 0
    outer loop
      vertex 42.3 36.95 154.52
      vertex 45.3 36.95 149.841
      vertex 42.3 36.95 149.841
    endloop
  endfacet
  facet normal 0 0.866019 0.500011
    outer loop
      vertex 45.3 41.95 141.181
      vertex 42.3 36.95 149.841
      vertex 45.3 36.95 149.841
    endloop
  endfacet
  facet normal 0 0.866019 0.500011
    outer loop
      vertex 42.3 36.95 149.841
      vertex 45.3 41.95 141.181
      vertex 42.3 41.95 141.181
    endloop
  endfacet
  facet normal 0 -0.866019 0.500011
    outer loop
      vertex 42.3 41.95 141.181
      vertex 45.3 46.95 149.841
      vertex 42.3 46.95 149.841
    endloop
  endfacet
  facet normal 0 -0.866019 0.500011
    outer loop
      vertex 45.3 46.95 149.841
      vertex 42.3 41.95 141.181
      vertex 45.3 41.95 141.181
    endloop
  endfacet
  facet normal 0 -1 0
    outer loop
      vertex 42.3 34.95 149.841
      vertex 45.3 34.95 154.52
      vertex 42.3 34.95 154.52
    endloop
  endfacet
  facet normal 0 -1 -0
    outer loop
      vertex 45.3 34.95 154.52
      vertex 42.3 34.95 149.841
      vertex 45.3 34.95 149.841
    endloop
  endfacet
  facet normal 0 -0.866044 -0.499968
    outer loop
      vertex 42.3 34.95 154.52
      vertex 45.3 29.95 163.181
      vertex 42.3 29.95 163.181
    endloop
  endfacet
  facet normal 0 -0.866044 -0.499968
    outer loop
      vertex 45.3 29.95 163.181
      vertex 42.3 34.95 154.52
      vertex 45.3 34.95 154.52
    endloop
  endfacet
  facet normal 0 0.866044 -0.499968
    outer loop
      vertex 45.3 24.95 154.52
      vertex 42.3 29.95 163.181
      vertex 45.3 29.95 163.181
    endloop
  endfacet
  facet normal 0 0.866044 -0.499968
    outer loop
      vertex 42.3 29.95 163.181
      vertex 45.3 24.95 154.52
      vertex 42.3 24.95 154.52
    endloop
  endfacet
  facet normal 0 1 -0
    outer loop
      vertex 45.3 24.95 149.841
      vertex 42.3 24.95 154.52
      vertex 45.3 24.95 154.52
    endloop
  endfacet
  facet normal 0 1 0
    outer loop
      vertex 42.3 24.95 154.52
      vertex 45.3 24.95 149.841
      vertex 42.3 24.95 149.841
    endloop
  endfacet
  facet normal 0 0.866019 0.500011
    outer loop
      vertex 45.3 29.95 141.181
      vertex 42.3 24.95 149.841
      vertex 45.3 24.95 149.841
    endloop
  endfacet
  facet normal 0 0.866019 0.500011
    outer loop
      vertex 42.3 24.95 149.841
      vertex 45.3 29.95 141.181
      vertex 42.3 29.95 141.181
    endloop
  endfacet
  facet normal 0 -0.866019 0.500011
    outer loop
      vertex 42.3 29.95 141.181
      vertex 45.3 34.95 149.841
      vertex 42.3 34.95 149.841
    endloop
  endfacet
  facet normal 0 -0.866019 0.500011
    outer loop
      vertex 45.3 34.95 149.841
      vertex 42.3 29.95 141.181
      vertex 45.3 29.95 141.181
    endloop
  endfacet
  facet normal 0 -1 0
    outer loop
      vertex 42.3 22.95 149.841
      vertex 45.3 22.95 154.52
      vertex 42.3 22.95 154.52
    endloop
  endfacet
  facet normal 0 -1 -0
    outer loop
      vertex 45.3 22.95 154.52
      vertex 42.3 22.95 149.841
      vertex 45.3 22.95 149.841
    endloop
  endfacet
  facet normal 0 -0.866044 -0.499968
    outer loop
      vertex 42.3 22.95 154.52
      vertex 45.3 17.95 163.181
      vertex 42.3 17.95 163.181
    endloop
  endfacet
  facet normal 0 -0.866044 -0.499968
    outer loop
      vertex 45.3 17.95 163.181
      vertex 42.3 22.95 154.52
      vertex 45.3 22.95 154.52
    endloop
  endfacet
  facet normal 0 0.866044 -0.499968
    outer loop
      vertex 45.3 12.95 154.52
      vertex 42.3 17.95 163.181
      vertex 45.3 17.95 163.181
    endloop
  endfacet
  facet normal 0 0.866044 -0.499968
    outer loop
      vertex 42.3 17.95 163.181
      vertex 45.3 12.95 154.52
      vertex 42.3 12.95 154.52
    endloop
  endfacet
  facet normal 0 1 -0
    outer loop
      vertex 45.3 12.95 149.841
      vertex 42.3 12.95 154.52
      vertex 45.3 12.95 154.52
    endloop
  endfacet
  facet normal 0 1 0
    outer loop
      vertex 42.3 12.95 154.52
      vertex 45.3 12.95 149.841
      vertex 42.3 12.95 149.841
    endloop
  endfacet
  facet normal 0 0.866019 0.500011
    outer loop
      vertex 45.3 17.95 141.181
      vertex 42.3 12.95 149.841
      vertex 45.3 12.95 149.841
    endloop
  endfacet
  facet normal 0 0.866019 0.500011
    outer loop
      vertex 42.3 12.95 149.841
      vertex 45.3 17.95 141.181
      vertex 42.3 17.95 141.181
    endloop
  endfacet
  facet normal 0 -0.866019 0.500011
    outer loop
      vertex 42.3 17.95 141.181
      vertex 45.3 22.95 149.841
      vertex 42.3 22.95 149.841
    endloop
  endfacet
  facet normal 0 -0.866019 0.500011
    outer loop
      vertex 45.3 22.95 149.841
      vertex 42.3 17.95 141.181
      vertex 45.3 17.95 141.181
    endloop
  endfacet
  facet normal 0 -1 0
    outer loop
      vertex 42.3 40.95 134.233
      vertex 45.3 40.95 138.913
      vertex 42.3 40.95 138.913
    endloop
  endfacet
  facet normal 0 -1 -0
    outer loop
      vertex 45.3 40.95 138.913
      vertex 42.3 40.95 134.233
      vertex 45.3 40.95 134.233
    endloop
  endfacet
  facet normal 0 -0.866019 -0.500011
    outer loop
      vertex 42.3 40.95 138.913
      vertex 45.3 35.95 147.573
      vertex 42.3 35.95 147.573
    endloop
  endfacet
  facet normal 0 -0.866019 -0.500011
    outer loop
      vertex 45.3 35.95 147.573
      vertex 42.3 40.95 138.913
      vertex 45.3 40.95 138.913
    endloop
  endfacet
  facet normal 0 0.866019 -0.500011
    outer loop
      vertex 45.3 30.95 138.913
      vertex 42.3 35.95 147.573
      vertex 45.3 35.95 147.573
    endloop
  endfacet
  facet normal 0 0.866019 -0.500011
    outer loop
      vertex 42.3 35.95 147.573
      vertex 45.3 30.95 138.913
      vertex 42.3 30.95 138.913
    endloop
  endfacet
  facet normal 0 1 -0
    outer loop
      vertex 45.3 30.95 134.233
      vertex 42.3 30.95 138.913
      vertex 45.3 30.95 138.913
    endloop
  endfacet
  facet normal 0 1 0
    outer loop
      vertex 42.3 30.95 138.913
      vertex 45.3 30.95 134.233
      vertex 42.3 30.95 134.233
    endloop
  endfacet
  facet normal 0 0.866019 0.500011
    outer loop
      vertex 45.3 35.95 125.573
      vertex 42.3 30.95 134.233
      vertex 45.3 30.95 134.233
    endloop
  endfacet
  facet normal 0 0.866019 0.500011
    outer loop
      vertex 42.3 30.95 134.233
      vertex 45.3 35.95 125.573
      vertex 42.3 35.95 125.573
    endloop
  endfacet
  facet normal 0 -0.866019 0.500011
    outer loop
      vertex 42.3 35.95 125.573
      vertex 45.3 40.95 134.233
      vertex 42.3 40.95 134.233
    endloop
  endfacet
  facet normal 0 -0.866019 0.500011
    outer loop
      vertex 45.3 40.95 134.233
      vertex 42.3 35.95 125.573
      vertex 45.3 35.95 125.573
    endloop
  endfacet
  facet normal 0 -1 0
    outer loop
      vertex 42.3 28.95 134.233
      vertex 45.3 28.95 138.913
      vertex 42.3 28.95 138.913
    endloop
  endfacet
  facet normal 0 -1 -0
    outer loop
      vertex 45.3 28.95 138.913
      vertex 42.3 28.95 134.233
      vertex 45.3 28.95 134.233
    endloop
  endfacet
  facet normal 0 -0.866019 -0.500011
    outer loop
      vertex 42.3 28.95 138.913
      vertex 45.3 23.95 147.573
      vertex 42.3 23.95 147.573
    endloop
  endfacet
  facet normal 0 -0.866019 -0.500011
    outer loop
      vertex 45.3 23.95 147.573
      vertex 42.3 28.95 138.913
      vertex 45.3 28.95 138.913
    endloop
  endfacet
  facet normal 0 0.866019 -0.500011
    outer loop
      vertex 45.3 18.95 138.913
      vertex 42.3 23.95 147.573
      vertex 45.3 23.95 147.573
    endloop
  endfacet
  facet normal 0 0.866019 -0.500011
    outer loop
      vertex 42.3 23.95 147.573
      vertex 45.3 18.95 138.913
      vertex 42.3 18.95 138.913
    endloop
  endfacet
  facet normal 0 1 -0
    outer loop
      vertex 45.3 18.95 134.233
      vertex 42.3 18.95 138.913
      vertex 45.3 18.95 138.913
    endloop
  endfacet
  facet normal 0 1 0
    outer loop
      vertex 42.3 18.95 138.913
      vertex 45.3 18.95 134.233
      vertex 42.3 18.95 134.233
    endloop
  endfacet
  facet normal 0 0.866019 0.500011
    outer loop
      vertex 45.3 23.95 125.573
      vertex 42.3 18.95 134.233
      vertex 45.3 18.95 134.233
    endloop
  endfacet
  facet normal 0 0.866019 0.500011
    outer loop
      vertex 42.3 18.95 134.233
      vertex 45.3 23.95 125.573
      vertex 42.3 23.95 125.573
    endloop
  endfacet
  facet normal 0 -0.866019 0.500011
    outer loop
      vertex 42.3 23.95 125.573
      vertex 45.3 28.95 134.233
      vertex 42.3 28.95 134.233
    endloop
  endfacet
  facet normal 0 -0.866019 0.500011
    outer loop
      vertex 45.3 28.95 134.233
      vertex 42.3 23.95 125.573
      vertex 45.3 23.95 125.573
    endloop
  endfacet
  facet normal 0 -1 0
    outer loop
      vertex 42.3 46.95 118.626
      vertex 45.3 46.95 123.305
      vertex 42.3 46.95 123.305
    endloop
  endfacet
  facet normal 0 -1 -0
    outer loop
      vertex 45.3 46.95 123.305
      vertex 42.3 46.95 118.626
      vertex 45.3 46.95 118.626
    endloop
  endfacet
  facet normal 0 -0.866019 -0.500011
    outer loop
      vertex 42.3 46.95 123.305
      vertex 45.3 41.95 131.965
      vertex 42.3 41.95 131.965
    endloop
  endfacet
  facet normal 0 -0.866019 -0.500011
    outer loop
      vertex 45.3 41.95 131.965
      vertex 42.3 46.95 123.305
      vertex 45.3 46.95 123.305
    endloop
  endfacet
  facet normal 0 0.866019 -0.500011
    outer loop
      vertex 45.3 36.95 123.305
      vertex 42.3 41.95 131.965
      vertex 45.3 41.95 131.965
    endloop
  endfacet
  facet normal 0 0.866019 -0.500011
    outer loop
      vertex 42.3 41.95 131.965
      vertex 45.3 36.95 123.305
      vertex 42.3 36.95 123.305
    endloop
  endfacet
  facet normal 0 1 -0
    outer loop
      vertex 45.3 36.95 118.626
      vertex 42.3 36.95 123.305
      vertex 45.3 36.95 123.305
    endloop
  endfacet
  facet normal 0 1 0
    outer loop
      vertex 42.3 36.95 123.305
      vertex 45.3 36.95 118.626
      vertex 42.3 36.95 118.626
    endloop
  endfacet
  facet normal 0 0.866044 0.499968
    outer loop
      vertex 45.3 41.95 109.965
      vertex 42.3 36.95 118.626
      vertex 45.3 36.95 118.626
    endloop
  endfacet
  facet normal 0 0.866044 0.499968
    outer loop
      vertex 42.3 36.95 118.626
      vertex 45.3 41.95 109.965
      vertex 42.3 41.95 109.965
    endloop
  endfacet
  facet normal 0 -0.866044 0.499968
    outer loop
      vertex 42.3 41.95 109.965
      vertex 45.3 46.95 118.626
      vertex 42.3 46.95 118.626
    endloop
  endfacet
  facet normal 0 -0.866044 0.499968
    outer loop
      vertex 45.3 46.95 118.626
      vertex 42.3 41.95 109.965
      vertex 45.3 41.95 109.965
    endloop
  endfacet
  facet normal 0 -1 0
    outer loop
      vertex 42.3 34.95 118.626
      vertex 45.3 34.95 123.305
      vertex 42.3 34.95 123.305
    endloop
  endfacet
  facet normal 0 -1 -0
    outer loop
      vertex 45.3 34.95 123.305
      vertex 42.3 34.95 118.626
      vertex 45.3 34.95 118.626
    endloop
  endfacet
  facet normal 0 -0.866019 -0.500011
    outer loop
      vertex 42.3 34.95 123.305
      vertex 45.3 29.95 131.965
      vertex 42.3 29.95 131.965
    endloop
  endfacet
  facet normal 0 -0.866019 -0.500011
    outer loop
      vertex 45.3 29.95 131.965
      vertex 42.3 34.95 123.305
      vertex 45.3 34.95 123.305
    endloop
  endfacet
  facet normal 0 0.866019 -0.500011
    outer loop
      vertex 45.3 24.95 123.305
      vertex 42.3 29.95 131.965
      vertex 45.3 29.95 131.965
    endloop
  endfacet
  facet normal 0 0.866019 -0.500011
    outer loop
      vertex 42.3 29.95 131.965
      vertex 45.3 24.95 123.305
      vertex 42.3 24.95 123.305
    endloop
  endfacet
  facet normal 0 1 -0
    outer loop
      vertex 45.3 24.95 118.626
      vertex 42.3 24.95 123.305
      vertex 45.3 24.95 123.305
    endloop
  endfacet
  facet normal 0 1 0
    outer loop
      vertex 42.3 24.95 123.305
      vertex 45.3 24.95 118.626
      vertex 42.3 24.95 118.626
    endloop
  endfacet
  facet normal 0 0.866044 0.499968
    outer loop
      vertex 45.3 29.95 109.965
      vertex 42.3 24.95 118.626
      vertex 45.3 24.95 118.626
    endloop
  endfacet
  facet normal 0 0.866044 0.499968
    outer loop
      vertex 42.3 24.95 118.626
      vertex 45.3 29.95 109.965
      vertex 42.3 29.95 109.965
    endloop
  endfacet
  facet normal 0 -0.866044 0.499968
    outer loop
      vertex 42.3 29.95 109.965
      vertex 45.3 34.95 118.626
      vertex 42.3 34.95 118.626
    endloop
  endfacet
  facet normal 0 -0.866044 0.499968
    outer loop
      vertex 45.3 34.95 118.626
      vertex 42.3 29.95 109.965
      vertex 45.3 29.95 109.965
    endloop
  endfacet
  facet normal 0 -1 0
    outer loop
      vertex 42.3 22.95 118.626
      vertex 45.3 22.95 123.305
      vertex 42.3 22.95 123.305
    endloop
  endfacet
  facet normal 0 -1 -0
    outer loop
      vertex 45.3 22.95 123.305
      vertex 42.3 22.95 118.626
      vertex 45.3 22.95 118.626
    endloop
  endfacet
  facet normal 0 -0.866019 -0.500011
    outer loop
      vertex 42.3 22.95 123.305
      vertex 45.3 17.95 131.965
      vertex 42.3 17.95 131.965
    endloop
  endfacet
  facet normal 0 -0.866019 -0.500011
    outer loop
      vertex 45.3 17.95 131.965
      vertex 42.3 22.95 123.305
      vertex 45.3 22.95 123.305
    endloop
  endfacet
  facet normal 0 0.866019 -0.500011
    outer loop
      vertex 45.3 12.95 123.305
      vertex 42.3 17.95 131.965
      vertex 45.3 17.95 131.965
    endloop
  endfacet
  facet normal 0 0.866019 -0.500011
    outer loop
      vertex 42.3 17.95 131.965
      vertex 45.3 12.95 123.305
      vertex 42.3 12.95 123.305
    endloop
  endfacet
  facet normal 0 1 -0
    outer loop
      vertex 45.3 12.95 118.626
      vertex 42.3 12.95 123.305
      vertex 45.3 12.95 123.305
    endloop
  endfacet
  facet normal 0 1 0
    outer loop
      vertex 42.3 12.95 123.305
      vertex 45.3 12.95 118.626
      vertex 42.3 12.95 118.626
    endloop
  endfacet
  facet normal 0 0.866044 0.499968
    outer loop
      vertex 45.3 17.95 109.965
      vertex 42.3 12.95 118.626
      vertex 45.3 12.95 118.626
    endloop
  endfacet
  facet normal 0 0.866044 0.499968
    outer loop
      vertex 42.3 12.95 118.626
      vertex 45.3 17.95 109.965
      vertex 42.3 17.95 109.965
    endloop
  endfacet
  facet normal 0 -0.866044 0.499968
    outer loop
      vertex 42.3 17.95 109.965
      vertex 45.3 22.95 118.626
      vertex 42.3 22.95 118.626
    endloop
  endfacet
  facet normal 0 -0.866044 0.499968
    outer loop
      vertex 45.3 22.95 118.626
      vertex 42.3 17.95 109.965
      vertex 45.3 17.95 109.965
    endloop
  endfacet
  facet normal 0 -1 0
    outer loop
      vertex 42.3 40.95 103.018
      vertex 45.3 40.95 107.697
      vertex 42.3 40.95 107.697
    endloop
  endfacet
  facet normal 0 -1 -0
    outer loop
      vertex 45.3 40.95 107.697
      vertex 42.3 40.95 103.018
      vertex 45.3 40.95 103.018
    endloop
  endfacet
  facet normal 0 -0.866044 -0.499968
    outer loop
      vertex 42.3 40.95 107.697
      vertex 45.3 35.95 116.358
      vertex 42.3 35.95 116.358
    endloop
  endfacet
  facet normal 0 -0.866044 -0.499968
    outer loop
      vertex 45.3 35.95 116.358
      vertex 42.3 40.95 107.697
      vertex 45.3 40.95 107.697
    endloop
  endfacet
  facet normal 0 0.866044 -0.499968
    outer loop
      vertex 45.3 30.95 107.697
      vertex 42.3 35.95 116.358
      vertex 45.3 35.95 116.358
    endloop
  endfacet
  facet normal 0 0.866044 -0.499968
    outer loop
      vertex 42.3 35.95 116.358
      vertex 45.3 30.95 107.697
      vertex 42.3 30.95 107.697
    endloop
  endfacet
  facet normal 0 1 -0
    outer loop
      vertex 45.3 30.95 103.018
      vertex 42.3 30.95 107.697
      vertex 45.3 30.95 107.697
    endloop
  endfacet
  facet normal 0 1 0
    outer loop
      vertex 42.3 30.95 107.697
      vertex 45.3 30.95 103.018
      vertex 42.3 30.95 103.018
    endloop
  endfacet
  facet normal 0 0.866027 0.499998
    outer loop
      vertex 45.3 35.95 94.3577
      vertex 42.3 30.95 103.018
      vertex 45.3 30.95 103.018
    endloop
  endfacet
  facet normal 0 0.866027 0.499998
    outer loop
      vertex 42.3 30.95 103.018
      vertex 45.3 35.95 94.3577
      vertex 42.3 35.95 94.3577
    endloop
  endfacet
  facet normal 0 -0.866027 0.499998
    outer loop
      vertex 42.3 35.95 94.3577
      vertex 45.3 40.95 103.018
      vertex 42.3 40.95 103.018
    endloop
  endfacet
  facet normal 0 -0.866027 0.499998
    outer loop
      vertex 45.3 40.95 103.018
      vertex 42.3 35.95 94.3577
      vertex 45.3 35.95 94.3577
    endloop
  endfacet
  facet normal 0 -1 0
    outer loop
      vertex 42.3 28.95 103.018
      vertex 45.3 28.95 107.697
      vertex 42.3 28.95 107.697
    endloop
  endfacet
  facet normal 0 -1 -0
    outer loop
      vertex 45.3 28.95 107.697
      vertex 42.3 28.95 103.018
      vertex 45.3 28.95 103.018
    endloop
  endfacet
  facet normal 0 -0.866044 -0.499968
    outer loop
      vertex 42.3 28.95 107.697
      vertex 45.3 23.95 116.358
      vertex 42.3 23.95 116.358
    endloop
  endfacet
  facet normal 0 -0.866044 -0.499968
    outer loop
      vertex 45.3 23.95 116.358
      vertex 42.3 28.95 107.697
      vertex 45.3 28.95 107.697
    endloop
  endfacet
  facet normal 0 0.866044 -0.499968
    outer loop
      vertex 45.3 18.95 107.697
      vertex 42.3 23.95 116.358
      vertex 45.3 23.95 116.358
    endloop
  endfacet
  facet normal 0 0.866044 -0.499968
    outer loop
      vertex 42.3 23.95 116.358
      vertex 45.3 18.95 107.697
      vertex 42.3 18.95 107.697
    endloop
  endfacet
  facet normal 0 1 -0
    outer loop
      vertex 45.3 18.95 103.018
      vertex 42.3 18.95 107.697
      vertex 45.3 18.95 107.697
    endloop
  endfacet
  facet normal 0 1 0
    outer loop
      vertex 42.3 18.95 107.697
      vertex 45.3 18.95 103.018
      vertex 42.3 18.95 103.018
    endloop
  endfacet
  facet normal 0 0.866027 0.499998
    outer loop
      vertex 45.3 23.95 94.3577
      vertex 42.3 18.95 103.018
      vertex 45.3 18.95 103.018
    endloop
  endfacet
  facet normal 0 0.866027 0.499998
    outer loop
      vertex 42.3 18.95 103.018
      vertex 45.3 23.95 94.3577
      vertex 42.3 23.95 94.3577
    endloop
  endfacet
  facet normal 0 -0.866027 0.499998
    outer loop
      vertex 42.3 23.95 94.3577
      vertex 45.3 28.95 103.018
      vertex 42.3 28.95 103.018
    endloop
  endfacet
  facet normal 0 -0.866027 0.499998
    outer loop
      vertex 45.3 28.95 103.018
      vertex 42.3 23.95 94.3577
      vertex 45.3 23.95 94.3577
    endloop
  endfacet
  facet normal 0 -1 0
    outer loop
      vertex 42.3 34.95 87.4103
      vertex 45.3 34.95 92.0897
      vertex 42.3 34.95 92.0897
    endloop
  endfacet
  facet normal 0 -1 -0
    outer loop
      vertex 45.3 34.95 92.0897
      vertex 42.3 34.95 87.4103
      vertex 45.3 34.95 87.4103
    endloop
  endfacet
  facet normal 0 -0.866027 -0.499998
    outer loop
      vertex 42.3 34.95 92.0897
      vertex 45.3 29.95 100.75
      vertex 42.3 29.95 100.75
    endloop
  endfacet
  facet normal 0 -0.866027 -0.499998
    outer loop
      vertex 45.3 29.95 100.75
      vertex 42.3 34.95 92.0897
      vertex 45.3 34.95 92.0897
    endloop
  endfacet
  facet normal 0 0.866027 -0.499998
    outer loop
      vertex 45.3 24.95 92.0897
      vertex 42.3 29.95 100.75
      vertex 45.3 29.95 100.75
    endloop
  endfacet
  facet normal 0 0.866027 -0.499998
    outer loop
      vertex 42.3 29.95 100.75
      vertex 45.3 24.95 92.0897
      vertex 42.3 24.95 92.0897
    endloop
  endfacet
  facet normal 0 1 -0
    outer loop
      vertex 45.3 24.95 87.4103
      vertex 42.3 24.95 92.0897
      vertex 45.3 24.95 92.0897
    endloop
  endfacet
  facet normal 0 1 0
    outer loop
      vertex 42.3 24.95 92.0897
      vertex 45.3 24.95 87.4103
      vertex 42.3 24.95 87.4103
    endloop
  endfacet
  facet normal 0 0.866027 0.499998
    outer loop
      vertex 45.3 29.95 78.75
      vertex 42.3 24.95 87.4103
      vertex 45.3 24.95 87.4103
    endloop
  endfacet
  facet normal 0 0.866027 0.499998
    outer loop
      vertex 42.3 24.95 87.4103
      vertex 45.3 29.95 78.75
      vertex 42.3 29.95 78.75
    endloop
  endfacet
  facet normal 0 -0.866027 0.499998
    outer loop
      vertex 42.3 29.95 78.75
      vertex 45.3 34.95 87.4103
      vertex 42.3 34.95 87.4103
    endloop
  endfacet
  facet normal 0 -0.866027 0.499998
    outer loop
      vertex 45.3 34.95 87.4103
      vertex 42.3 29.95 78.75
      vertex 45.3 29.95 78.75
    endloop
  endfacet
  facet normal 0 -1 0
    outer loop
      vertex 42.3 46.95 87.4103
      vertex 45.3 46.95 92.0897
      vertex 42.3 46.95 92.0897
    endloop
  endfacet
  facet normal 0 -1 -0
    outer loop
      vertex 45.3 46.95 92.0897
      vertex 42.3 46.95 87.4103
      vertex 45.3 46.95 87.4103
    endloop
  endfacet
  facet normal 0 -0.866027 -0.499998
    outer loop
      vertex 42.3 46.95 92.0897
      vertex 45.3 41.95 100.75
      vertex 42.3 41.95 100.75
    endloop
  endfacet
  facet normal 0 -0.866027 -0.499998
    outer loop
      vertex 45.3 41.95 100.75
      vertex 42.3 46.95 92.0897
      vertex 45.3 46.95 92.0897
    endloop
  endfacet
  facet normal 0 0.866027 -0.499998
    outer loop
      vertex 45.3 36.95 92.0897
      vertex 42.3 41.95 100.75
      vertex 45.3 41.95 100.75
    endloop
  endfacet
  facet normal 0 0.866027 -0.499998
    outer loop
      vertex 42.3 41.95 100.75
      vertex 45.3 36.95 92.0897
      vertex 42.3 36.95 92.0897
    endloop
  endfacet
  facet normal 0 1 -0
    outer loop
      vertex 45.3 36.95 87.4103
      vertex 42.3 36.95 92.0897
      vertex 45.3 36.95 92.0897
    endloop
  endfacet
  facet normal 0 1 0
    outer loop
      vertex 42.3 36.95 92.0897
      vertex 45.3 36.95 87.4103
      vertex 42.3 36.95 87.4103
    endloop
  endfacet
  facet normal 0 0.866027 0.499998
    outer loop
      vertex 45.3 41.95 78.75
      vertex 42.3 36.95 87.4103
      vertex 45.3 36.95 87.4103
    endloop
  endfacet
  facet normal 0 0.866027 0.499998
    outer loop
      vertex 42.3 36.95 87.4103
      vertex 45.3 41.95 78.75
      vertex 42.3 41.95 78.75
    endloop
  endfacet
  facet normal 0 -0.866027 0.499998
    outer loop
      vertex 42.3 41.95 78.75
      vertex 45.3 46.95 87.4103
      vertex 42.3 46.95 87.4103
    endloop
  endfacet
  facet normal 0 -0.866027 0.499998
    outer loop
      vertex 45.3 46.95 87.4103
      vertex 42.3 41.95 78.75
      vertex 45.3 41.95 78.75
    endloop
  endfacet
  facet normal 0 -1 0
    outer loop
      vertex 42.3 22.95 87.4103
      vertex 45.3 22.95 92.0897
      vertex 42.3 22.95 92.0897
    endloop
  endfacet
  facet normal 0 -1 -0
    outer loop
      vertex 45.3 22.95 92.0897
      vertex 42.3 22.95 87.4103
      vertex 45.3 22.95 87.4103
    endloop
  endfacet
  facet normal 0 -0.866027 -0.499998
    outer loop
      vertex 42.3 22.95 92.0897
      vertex 45.3 17.95 100.75
      vertex 42.3 17.95 100.75
    endloop
  endfacet
  facet normal 0 -0.866027 -0.499998
    outer loop
      vertex 45.3 17.95 100.75
      vertex 42.3 22.95 92.0897
      vertex 45.3 22.95 92.0897
    endloop
  endfacet
  facet normal 0 0.866027 -0.499998
    outer loop
      vertex 45.3 12.95 92.0897
      vertex 42.3 17.95 100.75
      vertex 45.3 17.95 100.75
    endloop
  endfacet
  facet normal 0 0.866027 -0.499998
    outer loop
      vertex 42.3 17.95 100.75
      vertex 45.3 12.95 92.0897
      vertex 42.3 12.95 92.0897
    endloop
  endfacet
  facet normal 0 1 -0
    outer loop
      vertex 45.3 12.95 87.4103
      vertex 42.3 12.95 92.0897
      vertex 45.3 12.95 92.0897
    endloop
  endfacet
  facet normal 0 1 0
    outer loop
      vertex 42.3 12.95 92.0897
      vertex 45.3 12.95 87.4103
      vertex 42.3 12.95 87.4103
    endloop
  endfacet
  facet normal 0 0.866027 0.499998
    outer loop
      vertex 45.3 17.95 78.75
      vertex 42.3 12.95 87.4103
      vertex 45.3 12.95 87.4103
    endloop
  endfacet
  facet normal 0 0.866027 0.499998
    outer loop
      vertex 42.3 12.95 87.4103
      vertex 45.3 17.95 78.75
      vertex 42.3 17.95 78.75
    endloop
  endfacet
  facet normal 0 -0.866027 0.499998
    outer loop
      vertex 42.3 17.95 78.75
      vertex 45.3 22.95 87.4103
      vertex 42.3 22.95 87.4103
    endloop
  endfacet
  facet normal 0 -0.866027 0.499998
    outer loop
      vertex 45.3 22.95 87.4103
      vertex 42.3 17.95 78.75
      vertex 45.3 17.95 78.75
    endloop
  endfacet
  facet normal 0 -1 0
    outer loop
      vertex 42.3 40.95 71.8026
      vertex 45.3 40.95 76.482
      vertex 42.3 40.95 76.482
    endloop
  endfacet
  facet normal 0 -1 -0
    outer loop
      vertex 45.3 40.95 76.482
      vertex 42.3 40.95 71.8026
      vertex 45.3 40.95 71.8026
    endloop
  endfacet
  facet normal 0 -0.866027 -0.499998
    outer loop
      vertex 42.3 40.95 76.482
      vertex 45.3 35.95 85.1423
      vertex 42.3 35.95 85.1423
    endloop
  endfacet
  facet normal 0 -0.866027 -0.499998
    outer loop
      vertex 45.3 35.95 85.1423
      vertex 42.3 40.95 76.482
      vertex 45.3 40.95 76.482
    endloop
  endfacet
  facet normal 0 0.866027 -0.499998
    outer loop
      vertex 45.3 30.95 76.482
      vertex 42.3 35.95 85.1423
      vertex 45.3 35.95 85.1423
    endloop
  endfacet
  facet normal 0 0.866027 -0.499998
    outer loop
      vertex 42.3 35.95 85.1423
      vertex 45.3 30.95 76.482
      vertex 42.3 30.95 76.482
    endloop
  endfacet
  facet normal 0 1 -0
    outer loop
      vertex 45.3 30.95 71.8026
      vertex 42.3 30.95 76.482
      vertex 45.3 30.95 76.482
    endloop
  endfacet
  facet normal 0 1 0
    outer loop
      vertex 42.3 30.95 76.482
      vertex 45.3 30.95 71.8026
      vertex 42.3 30.95 71.8026
    endloop
  endfacet
  facet normal 0 0.866027 0.499998
    outer loop
      vertex 45.3 35.95 63.1423
      vertex 42.3 30.95 71.8026
      vertex 45.3 30.95 71.8026
    endloop
  endfacet
  facet normal 0 0.866027 0.499998
    outer loop
      vertex 42.3 30.95 71.8026
      vertex 45.3 35.95 63.1423
      vertex 42.3 35.95 63.1423
    endloop
  endfacet
  facet normal 0 -0.866027 0.499998
    outer loop
      vertex 42.3 35.95 63.1423
      vertex 45.3 40.95 71.8026
      vertex 42.3 40.95 71.8026
    endloop
  endfacet
  facet normal 0 -0.866027 0.499998
    outer loop
      vertex 45.3 40.95 71.8026
      vertex 42.3 35.95 63.1423
      vertex 45.3 35.95 63.1423
    endloop
  endfacet
  facet normal 0 -1 0
    outer loop
      vertex 42.3 28.95 71.8026
      vertex 45.3 28.95 76.482
      vertex 42.3 28.95 76.482
    endloop
  endfacet
  facet normal 0 -1 -0
    outer loop
      vertex 45.3 28.95 76.482
      vertex 42.3 28.95 71.8026
      vertex 45.3 28.95 71.8026
    endloop
  endfacet
  facet normal 0 -0.866027 -0.499998
    outer loop
      vertex 42.3 28.95 76.482
      vertex 45.3 23.95 85.1423
      vertex 42.3 23.95 85.1423
    endloop
  endfacet
  facet normal 0 -0.866027 -0.499998
    outer loop
      vertex 45.3 23.95 85.1423
      vertex 42.3 28.95 76.482
      vertex 45.3 28.95 76.482
    endloop
  endfacet
  facet normal 0 0.866027 -0.499998
    outer loop
      vertex 45.3 18.95 76.482
      vertex 42.3 23.95 85.1423
      vertex 45.3 23.95 85.1423
    endloop
  endfacet
  facet normal 0 0.866027 -0.499998
    outer loop
      vertex 42.3 23.95 85.1423
      vertex 45.3 18.95 76.482
      vertex 42.3 18.95 76.482
    endloop
  endfacet
  facet normal 0 1 -0
    outer loop
      vertex 45.3 18.95 71.8026
      vertex 42.3 18.95 76.482
      vertex 45.3 18.95 76.482
    endloop
  endfacet
  facet normal 0 1 0
    outer loop
      vertex 42.3 18.95 76.482
      vertex 45.3 18.95 71.8026
      vertex 42.3 18.95 71.8026
    endloop
  endfacet
  facet normal 0 0.866027 0.499998
    outer loop
      vertex 45.3 23.95 63.1423
      vertex 42.3 18.95 71.8026
      vertex 45.3 18.95 71.8026
    endloop
  endfacet
  facet normal 0 0.866027 0.499998
    outer loop
      vertex 42.3 18.95 71.8026
      vertex 45.3 23.95 63.1423
      vertex 42.3 23.95 63.1423
    endloop
  endfacet
  facet normal 0 -0.866027 0.499998
    outer loop
      vertex 42.3 23.95 63.1423
      vertex 45.3 28.95 71.8026
      vertex 42.3 28.95 71.8026
    endloop
  endfacet
  facet normal 0 -0.866027 0.499998
    outer loop
      vertex 45.3 28.95 71.8026
      vertex 42.3 23.95 63.1423
      vertex 45.3 23.95 63.1423
    endloop
  endfacet
  facet normal 0 -1 0
    outer loop
      vertex 42.3 46.95 56.1949
      vertex 45.3 46.95 60.8743
      vertex 42.3 46.95 60.8743
    endloop
  endfacet
  facet normal 0 -1 -0
    outer loop
      vertex 45.3 46.95 60.8743
      vertex 42.3 46.95 56.1949
      vertex 45.3 46.95 56.1949
    endloop
  endfacet
  facet normal 0 -0.866027 -0.499998
    outer loop
      vertex 42.3 46.95 60.8743
      vertex 45.3 41.95 69.5346
      vertex 42.3 41.95 69.5346
    endloop
  endfacet
  facet normal 0 -0.866027 -0.499998
    outer loop
      vertex 45.3 41.95 69.5346
      vertex 42.3 46.95 60.8743
      vertex 45.3 46.95 60.8743
    endloop
  endfacet
  facet normal 0 0.866027 -0.499998
    outer loop
      vertex 45.3 36.95 60.8743
      vertex 42.3 41.95 69.5346
      vertex 45.3 41.95 69.5346
    endloop
  endfacet
  facet normal 0 0.866027 -0.499998
    outer loop
      vertex 42.3 41.95 69.5346
      vertex 45.3 36.95 60.8743
      vertex 42.3 36.95 60.8743
    endloop
  endfacet
  facet normal 0 1 -0
    outer loop
      vertex 45.3 36.95 56.1949
      vertex 42.3 36.95 60.8743
      vertex 45.3 36.95 60.8743
    endloop
  endfacet
  facet normal 0 1 0
    outer loop
      vertex 42.3 36.95 60.8743
      vertex 45.3 36.95 56.1949
      vertex 42.3 36.95 56.1949
    endloop
  endfacet
  facet normal 0 0.866027 0.499998
    outer loop
      vertex 45.3 41.95 47.5346
      vertex 42.3 36.95 56.1949
      vertex 45.3 36.95 56.1949
    endloop
  endfacet
  facet normal 0 0.866027 0.499998
    outer loop
      vertex 42.3 36.95 56.1949
      vertex 45.3 41.95 47.5346
      vertex 42.3 41.95 47.5346
    endloop
  endfacet
  facet normal 0 -0.866027 0.499998
    outer loop
      vertex 42.3 41.95 47.5346
      vertex 45.3 46.95 56.1949
      vertex 42.3 46.95 56.1949
    endloop
  endfacet
  facet normal 0 -0.866027 0.499998
    outer loop
      vertex 45.3 46.95 56.1949
      vertex 42.3 41.95 47.5346
      vertex 45.3 41.95 47.5346
    endloop
  endfacet
  facet normal 0 -1 0
    outer loop
      vertex 42.3 34.95 56.1949
      vertex 45.3 34.95 60.8743
      vertex 42.3 34.95 60.8743
    endloop
  endfacet
  facet normal 0 -1 -0
    outer loop
      vertex 45.3 34.95 60.8743
      vertex 42.3 34.95 56.1949
      vertex 45.3 34.95 56.1949
    endloop
  endfacet
  facet normal 0 -0.866027 -0.499998
    outer loop
      vertex 42.3 34.95 60.8743
      vertex 45.3 29.95 69.5346
      vertex 42.3 29.95 69.5346
    endloop
  endfacet
  facet normal 0 -0.866027 -0.499998
    outer loop
      vertex 45.3 29.95 69.5346
      vertex 42.3 34.95 60.8743
      vertex 45.3 34.95 60.8743
    endloop
  endfacet
  facet normal 0 0.866027 -0.499998
    outer loop
      vertex 45.3 24.95 60.8743
      vertex 42.3 29.95 69.5346
      vertex 45.3 29.95 69.5346
    endloop
  endfacet
  facet normal 0 0.866027 -0.499998
    outer loop
      vertex 42.3 29.95 69.5346
      vertex 45.3 24.95 60.8743
      vertex 42.3 24.95 60.8743
    endloop
  endfacet
  facet normal 0 1 -0
    outer loop
      vertex 45.3 24.95 56.1949
      vertex 42.3 24.95 60.8743
      vertex 45.3 24.95 60.8743
    endloop
  endfacet
  facet normal 0 1 0
    outer loop
      vertex 42.3 24.95 60.8743
      vertex 45.3 24.95 56.1949
      vertex 42.3 24.95 56.1949
    endloop
  endfacet
  facet normal 0 0.866027 0.499998
    outer loop
      vertex 45.3 29.95 47.5346
      vertex 42.3 24.95 56.1949
      vertex 45.3 24.95 56.1949
    endloop
  endfacet
  facet normal 0 0.866027 0.499998
    outer loop
      vertex 42.3 24.95 56.1949
      vertex 45.3 29.95 47.5346
      vertex 42.3 29.95 47.5346
    endloop
  endfacet
  facet normal 0 -0.866027 0.499998
    outer loop
      vertex 42.3 29.95 47.5346
      vertex 45.3 34.95 56.1949
      vertex 42.3 34.95 56.1949
    endloop
  endfacet
  facet normal 0 -0.866027 0.499998
    outer loop
      vertex 45.3 34.95 56.1949
      vertex 42.3 29.95 47.5346
      vertex 45.3 29.95 47.5346
    endloop
  endfacet
  facet normal 0 -1 0
    outer loop
      vertex 42.3 22.95 56.1949
      vertex 45.3 22.95 60.8743
      vertex 42.3 22.95 60.8743
    endloop
  endfacet
  facet normal 0 -1 -0
    outer loop
      vertex 45.3 22.95 60.8743
      vertex 42.3 22.95 56.1949
      vertex 45.3 22.95 56.1949
    endloop
  endfacet
  facet normal 0 -0.866027 -0.499998
    outer loop
      vertex 42.3 22.95 60.8743
      vertex 45.3 17.95 69.5346
      vertex 42.3 17.95 69.5346
    endloop
  endfacet
  facet normal 0 -0.866027 -0.499998
    outer loop
      vertex 45.3 17.95 69.5346
      vertex 42.3 22.95 60.8743
      vertex 45.3 22.95 60.8743
    endloop
  endfacet
  facet normal 0 0.866027 -0.499998
    outer loop
      vertex 45.3 12.95 60.8743
      vertex 42.3 17.95 69.5346
      vertex 45.3 17.95 69.5346
    endloop
  endfacet
  facet normal 0 0.866027 -0.499998
    outer loop
      vertex 42.3 17.95 69.5346
      vertex 45.3 12.95 60.8743
      vertex 42.3 12.95 60.8743
    endloop
  endfacet
  facet normal 0 1 -0
    outer loop
      vertex 45.3 12.95 56.1949
      vertex 42.3 12.95 60.8743
      vertex 45.3 12.95 60.8743
    endloop
  endfacet
  facet normal 0 1 0
    outer loop
      vertex 42.3 12.95 60.8743
      vertex 45.3 12.95 56.1949
      vertex 42.3 12.95 56.1949
    endloop
  endfacet
  facet normal 0 0.866027 0.499998
    outer loop
      vertex 45.3 17.95 47.5346
      vertex 42.3 12.95 56.1949
      vertex 45.3 12.95 56.1949
    endloop
  endfacet
  facet normal 0 0.866027 0.499998
    outer loop
      vertex 42.3 12.95 56.1949
      vertex 45.3 17.95 47.5346
      vertex 42.3 17.95 47.5346
    endloop
  endfacet
  facet normal 0 -0.866027 0.499998
    outer loop
      vertex 42.3 17.95 47.5346
      vertex 45.3 22.95 56.1949
      vertex 42.3 22.95 56.1949
    endloop
  endfacet
  facet normal 0 -0.866027 0.499998
    outer loop
      vertex 45.3 22.95 56.1949
      vertex 42.3 17.95 47.5346
      vertex 45.3 17.95 47.5346
    endloop
  endfacet
  facet normal 0 -1 0
    outer loop
      vertex 42.3 40.95 40.5872
      vertex 45.3 40.95 45.2666
      vertex 42.3 40.95 45.2666
    endloop
  endfacet
  facet normal 0 -1 -0
    outer loop
      vertex 45.3 40.95 45.2666
      vertex 42.3 40.95 40.5872
      vertex 45.3 40.95 40.5872
    endloop
  endfacet
  facet normal 0 -0.866027 -0.499998
    outer loop
      vertex 42.3 40.95 45.2666
      vertex 45.3 35.95 53.9269
      vertex 42.3 35.95 53.9269
    endloop
  endfacet
  facet normal 0 -0.866027 -0.499998
    outer loop
      vertex 45.3 35.95 53.9269
      vertex 42.3 40.95 45.2666
      vertex 45.3 40.95 45.2666
    endloop
  endfacet
  facet normal 0 0.866027 -0.499998
    outer loop
      vertex 45.3 30.95 45.2666
      vertex 42.3 35.95 53.9269
      vertex 45.3 35.95 53.9269
    endloop
  endfacet
  facet normal 0 0.866027 -0.499998
    outer loop
      vertex 42.3 35.95 53.9269
      vertex 45.3 30.95 45.2666
      vertex 42.3 30.95 45.2666
    endloop
  endfacet
  facet normal 0 1 -0
    outer loop
      vertex 45.3 30.95 40.5872
      vertex 42.3 30.95 45.2666
      vertex 45.3 30.95 45.2666
    endloop
  endfacet
  facet normal 0 1 0
    outer loop
      vertex 42.3 30.95 45.2666
      vertex 45.3 30.95 40.5872
      vertex 42.3 30.95 40.5872
    endloop
  endfacet
  facet normal 0 0.866027 0.499998
    outer loop
      vertex 45.3 35.95 31.9269
      vertex 42.3 30.95 40.5872
      vertex 45.3 30.95 40.5872
    endloop
  endfacet
  facet normal 0 0.866027 0.499998
    outer loop
      vertex 42.3 30.95 40.5872
      vertex 45.3 35.95 31.9269
      vertex 42.3 35.95 31.9269
    endloop
  endfacet
  facet normal 0 -0.866027 0.499998
    outer loop
      vertex 42.3 35.95 31.9269
      vertex 45.3 40.95 40.5872
      vertex 42.3 40.95 40.5872
    endloop
  endfacet
  facet normal 0 -0.866027 0.499998
    outer loop
      vertex 45.3 40.95 40.5872
      vertex 42.3 35.95 31.9269
      vertex 45.3 35.95 31.9269
    endloop
  endfacet
  facet normal 0 -1 0
    outer loop
      vertex 42.3 28.95 40.5872
      vertex 45.3 28.95 45.2666
      vertex 42.3 28.95 45.2666
    endloop
  endfacet
  facet normal 0 -1 -0
    outer loop
      vertex 45.3 28.95 45.2666
      vertex 42.3 28.95 40.5872
      vertex 45.3 28.95 40.5872
    endloop
  endfacet
  facet normal 0 -0.866027 -0.499998
    outer loop
      vertex 42.3 28.95 45.2666
      vertex 45.3 23.95 53.9269
      vertex 42.3 23.95 53.9269
    endloop
  endfacet
  facet normal 0 -0.866027 -0.499998
    outer loop
      vertex 45.3 23.95 53.9269
      vertex 42.3 28.95 45.2666
      vertex 45.3 28.95 45.2666
    endloop
  endfacet
  facet normal 0 0.866027 -0.499998
    outer loop
      vertex 45.3 18.95 45.2666
      vertex 42.3 23.95 53.9269
      vertex 45.3 23.95 53.9269
    endloop
  endfacet
  facet normal 0 0.866027 -0.499998
    outer loop
      vertex 42.3 23.95 53.9269
      vertex 45.3 18.95 45.2666
      vertex 42.3 18.95 45.2666
    endloop
  endfacet
  facet normal 0 1 -0
    outer loop
      vertex 45.3 18.95 40.5872
      vertex 42.3 18.95 45.2666
      vertex 45.3 18.95 45.2666
    endloop
  endfacet
  facet normal 0 1 0
    outer loop
      vertex 42.3 18.95 45.2666
      vertex 45.3 18.95 40.5872
      vertex 42.3 18.95 40.5872
    endloop
  endfacet
  facet normal 0 0.866027 0.499998
    outer loop
      vertex 45.3 23.95 31.9269
      vertex 42.3 18.95 40.5872
      vertex 45.3 18.95 40.5872
    endloop
  endfacet
  facet normal 0 0.866027 0.499998
    outer loop
      vertex 42.3 18.95 40.5872
      vertex 45.3 23.95 31.9269
      vertex 42.3 23.95 31.9269
    endloop
  endfacet
  facet normal 0 -0.866027 0.499998
    outer loop
      vertex 42.3 23.95 31.9269
      vertex 45.3 28.95 40.5872
      vertex 42.3 28.95 40.5872
    endloop
  endfacet
  facet normal 0 -0.866027 0.499998
    outer loop
      vertex 45.3 28.95 40.5872
      vertex 42.3 23.95 31.9269
      vertex 45.3 23.95 31.9269
    endloop
  endfacet
  facet normal 0 -1 0
    outer loop
      vertex 42.3 22.95 24.9795
      vertex 45.3 22.95 29.659
      vertex 42.3 22.95 29.659
    endloop
  endfacet
  facet normal 0 -1 -0
    outer loop
      vertex 45.3 22.95 29.659
      vertex 42.3 22.95 24.9795
      vertex 45.3 22.95 24.9795
    endloop
  endfacet
  facet normal 0 -0.866024 -0.500002
    outer loop
      vertex 42.3 22.95 29.659
      vertex 45.3 17.95 38.3192
      vertex 42.3 17.95 38.3192
    endloop
  endfacet
  facet normal 0 -0.866024 -0.500002
    outer loop
      vertex 45.3 17.95 38.3192
      vertex 42.3 22.95 29.659
      vertex 45.3 22.95 29.659
    endloop
  endfacet
  facet normal 0 0.866024 -0.500002
    outer loop
      vertex 45.3 12.95 29.659
      vertex 42.3 17.95 38.3192
      vertex 45.3 17.95 38.3192
    endloop
  endfacet
  facet normal 0 0.866024 -0.500002
    outer loop
      vertex 42.3 17.95 38.3192
      vertex 45.3 12.95 29.659
      vertex 42.3 12.95 29.659
    endloop
  endfacet
  facet normal 0 1 -0
    outer loop
      vertex 45.3 12.95 24.9795
      vertex 42.3 12.95 29.659
      vertex 45.3 12.95 29.659
    endloop
  endfacet
  facet normal 0 1 0
    outer loop
      vertex 42.3 12.95 29.659
      vertex 45.3 12.95 24.9795
      vertex 42.3 12.95 24.9795
    endloop
  endfacet
  facet normal 0 0.866027 0.499998
    outer loop
      vertex 45.3 17.95 16.3192
      vertex 42.3 12.95 24.9795
      vertex 45.3 12.95 24.9795
    endloop
  endfacet
  facet normal 0 0.866027 0.499998
    outer loop
      vertex 42.3 12.95 24.9795
      vertex 45.3 17.95 16.3192
      vertex 42.3 17.95 16.3192
    endloop
  endfacet
  facet normal 0 -0.866027 0.499998
    outer loop
      vertex 42.3 17.95 16.3192
      vertex 45.3 22.95 24.9795
      vertex 42.3 22.95 24.9795
    endloop
  endfacet
  facet normal 0 -0.866027 0.499998
    outer loop
      vertex 45.3 22.95 24.9795
      vertex 42.3 17.95 16.3192
      vertex 45.3 17.95 16.3192
    endloop
  endfacet
  facet normal 0 -1 0
    outer loop
      vertex 42.3 46.95 24.9795
      vertex 45.3 46.95 29.659
      vertex 42.3 46.95 29.659
    endloop
  endfacet
  facet normal 0 -1 -0
    outer loop
      vertex 45.3 46.95 29.659
      vertex 42.3 46.95 24.9795
      vertex 45.3 46.95 24.9795
    endloop
  endfacet
  facet normal 0 -0.866024 -0.500002
    outer loop
      vertex 42.3 46.95 29.659
      vertex 45.3 41.95 38.3192
      vertex 42.3 41.95 38.3192
    endloop
  endfacet
  facet normal 0 -0.866024 -0.500002
    outer loop
      vertex 45.3 41.95 38.3192
      vertex 42.3 46.95 29.659
      vertex 45.3 46.95 29.659
    endloop
  endfacet
  facet normal 0 0.866024 -0.500002
    outer loop
      vertex 45.3 36.95 29.659
      vertex 42.3 41.95 38.3192
      vertex 45.3 41.95 38.3192
    endloop
  endfacet
  facet normal 0 0.866024 -0.500002
    outer loop
      vertex 42.3 41.95 38.3192
      vertex 45.3 36.95 29.659
      vertex 42.3 36.95 29.659
    endloop
  endfacet
  facet normal 0 1 -0
    outer loop
      vertex 45.3 36.95 24.9795
      vertex 42.3 36.95 29.659
      vertex 45.3 36.95 29.659
    endloop
  endfacet
  facet normal 0 1 0
    outer loop
      vertex 42.3 36.95 29.659
      vertex 45.3 36.95 24.9795
      vertex 42.3 36.95 24.9795
    endloop
  endfacet
  facet normal 0 0.866027 0.499998
    outer loop
      vertex 45.3 41.95 16.3192
      vertex 42.3 36.95 24.9795
      vertex 45.3 36.95 24.9795
    endloop
  endfacet
  facet normal 0 0.866027 0.499998
    outer loop
      vertex 42.3 36.95 24.9795
      vertex 45.3 41.95 16.3192
      vertex 42.3 41.95 16.3192
    endloop
  endfacet
  facet normal 0 -0.866027 0.499998
    outer loop
      vertex 42.3 41.95 16.3192
      vertex 45.3 46.95 24.9795
      vertex 42.3 46.95 24.9795
    endloop
  endfacet
  facet normal 0 -0.866027 0.499998
    outer loop
      vertex 45.3 46.95 24.9795
      vertex 42.3 41.95 16.3192
      vertex 45.3 41.95 16.3192
    endloop
  endfacet
  facet normal 0 -1 0
    outer loop
      vertex 42.3 34.95 24.9795
      vertex 45.3 34.95 29.659
      vertex 42.3 34.95 29.659
    endloop
  endfacet
  facet normal 0 -1 -0
    outer loop
      vertex 45.3 34.95 29.659
      vertex 42.3 34.95 24.9795
      vertex 45.3 34.95 24.9795
    endloop
  endfacet
  facet normal 0 -0.866024 -0.500002
    outer loop
      vertex 42.3 34.95 29.659
      vertex 45.3 29.95 38.3192
      vertex 42.3 29.95 38.3192
    endloop
  endfacet
  facet normal 0 -0.866024 -0.500002
    outer loop
      vertex 45.3 29.95 38.3192
      vertex 42.3 34.95 29.659
      vertex 45.3 34.95 29.659
    endloop
  endfacet
  facet normal 0 0.866024 -0.500002
    outer loop
      vertex 45.3 24.95 29.659
      vertex 42.3 29.95 38.3192
      vertex 45.3 29.95 38.3192
    endloop
  endfacet
  facet normal 0 0.866024 -0.500002
    outer loop
      vertex 42.3 29.95 38.3192
      vertex 45.3 24.95 29.659
      vertex 42.3 24.95 29.659
    endloop
  endfacet
  facet normal 0 1 -0
    outer loop
      vertex 45.3 24.95 24.9795
      vertex 42.3 24.95 29.659
      vertex 45.3 24.95 29.659
    endloop
  endfacet
  facet normal 0 1 0
    outer loop
      vertex 42.3 24.95 29.659
      vertex 45.3 24.95 24.9795
      vertex 42.3 24.95 24.9795
    endloop
  endfacet
  facet normal 0 0.866027 0.499998
    outer loop
      vertex 45.3 29.95 16.3192
      vertex 42.3 24.95 24.9795
      vertex 45.3 24.95 24.9795
    endloop
  endfacet
  facet normal 0 0.866027 0.499998
    outer loop
      vertex 42.3 24.95 24.9795
      vertex 45.3 29.95 16.3192
      vertex 42.3 29.95 16.3192
    endloop
  endfacet
  facet normal 0 -0.866027 0.499998
    outer loop
      vertex 42.3 29.95 16.3192
      vertex 45.3 34.95 24.9795
      vertex 42.3 34.95 24.9795
    endloop
  endfacet
  facet normal 0 -0.866027 0.499998
    outer loop
      vertex 45.3 34.95 24.9795
      vertex 42.3 29.95 16.3192
      vertex 45.3 29.95 16.3192
    endloop
  endfacet
  facet normal 0 -1 0
    outer loop
      vertex -45.3 46.95 149.841
      vertex -42.3 46.95 154.52
      vertex -45.3 46.95 154.52
    endloop
  endfacet
  facet normal 0 -1 -0
    outer loop
      vertex -42.3 46.95 154.52
      vertex -45.3 46.95 149.841
      vertex -42.3 46.95 149.841
    endloop
  endfacet
  facet normal 0 -0.866044 -0.499968
    outer loop
      vertex -45.3 46.95 154.52
      vertex -42.3 41.95 163.181
      vertex -45.3 41.95 163.181
    endloop
  endfacet
  facet normal 0 -0.866044 -0.499968
    outer loop
      vertex -42.3 41.95 163.181
      vertex -45.3 46.95 154.52
      vertex -42.3 46.95 154.52
    endloop
  endfacet
  facet normal 0 0.866044 -0.499968
    outer loop
      vertex -42.3 36.95 154.52
      vertex -45.3 41.95 163.181
      vertex -42.3 41.95 163.181
    endloop
  endfacet
  facet normal 0 0.866044 -0.499968
    outer loop
      vertex -45.3 41.95 163.181
      vertex -42.3 36.95 154.52
      vertex -45.3 36.95 154.52
    endloop
  endfacet
  facet normal 0 1 -0
    outer loop
      vertex -42.3 36.95 149.841
      vertex -45.3 36.95 154.52
      vertex -42.3 36.95 154.52
    endloop
  endfacet
  facet normal 0 1 0
    outer loop
      vertex -45.3 36.95 154.52
      vertex -42.3 36.95 149.841
      vertex -45.3 36.95 149.841
    endloop
  endfacet
  facet normal 0 0.866019 0.500011
    outer loop
      vertex -42.3 41.95 141.181
      vertex -45.3 36.95 149.841
      vertex -42.3 36.95 149.841
    endloop
  endfacet
  facet normal 0 0.866019 0.500011
    outer loop
      vertex -45.3 36.95 149.841
      vertex -42.3 41.95 141.181
      vertex -45.3 41.95 141.181
    endloop
  endfacet
  facet normal 0 -0.866019 0.500011
    outer loop
      vertex -45.3 41.95 141.181
      vertex -42.3 46.95 149.841
      vertex -45.3 46.95 149.841
    endloop
  endfacet
  facet normal 0 -0.866019 0.500011
    outer loop
      vertex -42.3 46.95 149.841
      vertex -45.3 41.95 141.181
      vertex -42.3 41.95 141.181
    endloop
  endfacet
  facet normal 0 -1 0
    outer loop
      vertex -45.3 34.95 149.841
      vertex -42.3 34.95 154.52
      vertex -45.3 34.95 154.52
    endloop
  endfacet
  facet normal 0 -1 -0
    outer loop
      vertex -42.3 34.95 154.52
      vertex -45.3 34.95 149.841
      vertex -42.3 34.95 149.841
    endloop
  endfacet
  facet normal 0 -0.866044 -0.499968
    outer loop
      vertex -45.3 34.95 154.52
      vertex -42.3 29.95 163.181
      vertex -45.3 29.95 163.181
    endloop
  endfacet
  facet normal 0 -0.866044 -0.499968
    outer loop
      vertex -42.3 29.95 163.181
      vertex -45.3 34.95 154.52
      vertex -42.3 34.95 154.52
    endloop
  endfacet
  facet normal 0 0.866044 -0.499968
    outer loop
      vertex -42.3 24.95 154.52
      vertex -45.3 29.95 163.181
      vertex -42.3 29.95 163.181
    endloop
  endfacet
  facet normal 0 0.866044 -0.499968
    outer loop
      vertex -45.3 29.95 163.181
      vertex -42.3 24.95 154.52
      vertex -45.3 24.95 154.52
    endloop
  endfacet
  facet normal 0 1 -0
    outer loop
      vertex -42.3 24.95 149.841
      vertex -45.3 24.95 154.52
      vertex -42.3 24.95 154.52
    endloop
  endfacet
  facet normal 0 1 0
    outer loop
      vertex -45.3 24.95 154.52
      vertex -42.3 24.95 149.841
      vertex -45.3 24.95 149.841
    endloop
  endfacet
  facet normal 0 0.866019 0.500011
    outer loop
      vertex -42.3 29.95 141.181
      vertex -45.3 24.95 149.841
      vertex -42.3 24.95 149.841
    endloop
  endfacet
  facet normal 0 0.866019 0.500011
    outer loop
      vertex -45.3 24.95 149.841
      vertex -42.3 29.95 141.181
      vertex -45.3 29.95 141.181
    endloop
  endfacet
  facet normal 0 -0.866019 0.500011
    outer loop
      vertex -45.3 29.95 141.181
      vertex -42.3 34.95 149.841
      vertex -45.3 34.95 149.841
    endloop
  endfacet
  facet normal 0 -0.866019 0.500011
    outer loop
      vertex -42.3 34.95 149.841
      vertex -45.3 29.95 141.181
      vertex -42.3 29.95 141.181
    endloop
  endfacet
  facet normal 0 -1 0
    outer loop
      vertex -45.3 22.95 149.841
      vertex -42.3 22.95 154.52
      vertex -45.3 22.95 154.52
    endloop
  endfacet
  facet normal 0 -1 -0
    outer loop
      vertex -42.3 22.95 154.52
      vertex -45.3 22.95 149.841
      vertex -42.3 22.95 149.841
    endloop
  endfacet
  facet normal 0 -0.866044 -0.499968
    outer loop
      vertex -45.3 22.95 154.52
      vertex -42.3 17.95 163.181
      vertex -45.3 17.95 163.181
    endloop
  endfacet
  facet normal 0 -0.866044 -0.499968
    outer loop
      vertex -42.3 17.95 163.181
      vertex -45.3 22.95 154.52
      vertex -42.3 22.95 154.52
    endloop
  endfacet
  facet normal 0 0.866044 -0.499968
    outer loop
      vertex -42.3 12.95 154.52
      vertex -45.3 17.95 163.181
      vertex -42.3 17.95 163.181
    endloop
  endfacet
  facet normal 0 0.866044 -0.499968
    outer loop
      vertex -45.3 17.95 163.181
      vertex -42.3 12.95 154.52
      vertex -45.3 12.95 154.52
    endloop
  endfacet
  facet normal 0 1 -0
    outer loop
      vertex -42.3 12.95 149.841
      vertex -45.3 12.95 154.52
      vertex -42.3 12.95 154.52
    endloop
  endfacet
  facet normal 0 1 0
    outer loop
      vertex -45.3 12.95 154.52
      vertex -42.3 12.95 149.841
      vertex -45.3 12.95 149.841
    endloop
  endfacet
  facet normal 0 0.866019 0.500011
    outer loop
      vertex -42.3 17.95 141.181
      vertex -45.3 12.95 149.841
      vertex -42.3 12.95 149.841
    endloop
  endfacet
  facet normal 0 0.866019 0.500011
    outer loop
      vertex -45.3 12.95 149.841
      vertex -42.3 17.95 141.181
      vertex -45.3 17.95 141.181
    endloop
  endfacet
  facet normal 0 -0.866019 0.500011
    outer loop
      vertex -45.3 17.95 141.181
      vertex -42.3 22.95 149.841
      vertex -45.3 22.95 149.841
    endloop
  endfacet
  facet normal 0 -0.866019 0.500011
    outer loop
      vertex -42.3 22.95 149.841
      vertex -45.3 17.95 141.181
      vertex -42.3 17.95 141.181
    endloop
  endfacet
  facet normal 0 -1 0
    outer loop
      vertex -45.3 40.95 134.233
      vertex -42.3 40.95 138.913
      vertex -45.3 40.95 138.913
    endloop
  endfacet
  facet normal 0 -1 -0
    outer loop
      vertex -42.3 40.95 138.913
      vertex -45.3 40.95 134.233
      vertex -42.3 40.95 134.233
    endloop
  endfacet
  facet normal 0 -0.866019 -0.500011
    outer loop
      vertex -45.3 40.95 138.913
      vertex -42.3 35.95 147.573
      vertex -45.3 35.95 147.573
    endloop
  endfacet
  facet normal 0 -0.866019 -0.500011
    outer loop
      vertex -42.3 35.95 147.573
      vertex -45.3 40.95 138.913
      vertex -42.3 40.95 138.913
    endloop
  endfacet
  facet normal 0 0.866019 -0.500011
    outer loop
      vertex -42.3 30.95 138.913
      vertex -45.3 35.95 147.573
      vertex -42.3 35.95 147.573
    endloop
  endfacet
  facet normal 0 0.866019 -0.500011
    outer loop
      vertex -45.3 35.95 147.573
      vertex -42.3 30.95 138.913
      vertex -45.3 30.95 138.913
    endloop
  endfacet
  facet normal 0 1 -0
    outer loop
      vertex -42.3 30.95 134.233
      vertex -45.3 30.95 138.913
      vertex -42.3 30.95 138.913
    endloop
  endfacet
  facet normal 0 1 0
    outer loop
      vertex -45.3 30.95 138.913
      vertex -42.3 30.95 134.233
      vertex -45.3 30.95 134.233
    endloop
  endfacet
  facet normal 0 0.866019 0.500011
    outer loop
      vertex -42.3 35.95 125.573
      vertex -45.3 30.95 134.233
      vertex -42.3 30.95 134.233
    endloop
  endfacet
  facet normal 0 0.866019 0.500011
    outer loop
      vertex -45.3 30.95 134.233
      vertex -42.3 35.95 125.573
      vertex -45.3 35.95 125.573
    endloop
  endfacet
  facet normal 0 -0.866019 0.500011
    outer loop
      vertex -45.3 35.95 125.573
      vertex -42.3 40.95 134.233
      vertex -45.3 40.95 134.233
    endloop
  endfacet
  facet normal 0 -0.866019 0.500011
    outer loop
      vertex -42.3 40.95 134.233
      vertex -45.3 35.95 125.573
      vertex -42.3 35.95 125.573
    endloop
  endfacet
  facet normal 0 -1 0
    outer loop
      vertex -45.3 28.95 134.233
      vertex -42.3 28.95 138.913
      vertex -45.3 28.95 138.913
    endloop
  endfacet
  facet normal 0 -1 -0
    outer loop
      vertex -42.3 28.95 138.913
      vertex -45.3 28.95 134.233
      vertex -42.3 28.95 134.233
    endloop
  endfacet
  facet normal 0 -0.866019 -0.500011
    outer loop
      vertex -45.3 28.95 138.913
      vertex -42.3 23.95 147.573
      vertex -45.3 23.95 147.573
    endloop
  endfacet
  facet normal 0 -0.866019 -0.500011
    outer loop
      vertex -42.3 23.95 147.573
      vertex -45.3 28.95 138.913
      vertex -42.3 28.95 138.913
    endloop
  endfacet
  facet normal 0 0.866019 -0.500011
    outer loop
      vertex -42.3 18.95 138.913
      vertex -45.3 23.95 147.573
      vertex -42.3 23.95 147.573
    endloop
  endfacet
  facet normal 0 0.866019 -0.500011
    outer loop
      vertex -45.3 23.95 147.573
      vertex -42.3 18.95 138.913
      vertex -45.3 18.95 138.913
    endloop
  endfacet
  facet normal 0 1 -0
    outer loop
      vertex -42.3 18.95 134.233
      vertex -45.3 18.95 138.913
      vertex -42.3 18.95 138.913
    endloop
  endfacet
  facet normal 0 1 0
    outer loop
      vertex -45.3 18.95 138.913
      vertex -42.3 18.95 134.233
      vertex -45.3 18.95 134.233
    endloop
  endfacet
  facet normal 0 0.866019 0.500011
    outer loop
      vertex -42.3 23.95 125.573
      vertex -45.3 18.95 134.233
      vertex -42.3 18.95 134.233
    endloop
  endfacet
  facet normal 0 0.866019 0.500011
    outer loop
      vertex -45.3 18.95 134.233
      vertex -42.3 23.95 125.573
      vertex -45.3 23.95 125.573
    endloop
  endfacet
  facet normal 0 -0.866019 0.500011
    outer loop
      vertex -45.3 23.95 125.573
      vertex -42.3 28.95 134.233
      vertex -45.3 28.95 134.233
    endloop
  endfacet
  facet normal 0 -0.866019 0.500011
    outer loop
      vertex -42.3 28.95 134.233
      vertex -45.3 23.95 125.573
      vertex -42.3 23.95 125.573
    endloop
  endfacet
  facet normal 0 -1 0
    outer loop
      vertex -45.3 46.95 118.626
      vertex -42.3 46.95 123.305
      vertex -45.3 46.95 123.305
    endloop
  endfacet
  facet normal 0 -1 -0
    outer loop
      vertex -42.3 46.95 123.305
      vertex -45.3 46.95 118.626
      vertex -42.3 46.95 118.626
    endloop
  endfacet
  facet normal 0 -0.866019 -0.500011
    outer loop
      vertex -45.3 46.95 123.305
      vertex -42.3 41.95 131.965
      vertex -45.3 41.95 131.965
    endloop
  endfacet
  facet normal 0 -0.866019 -0.500011
    outer loop
      vertex -42.3 41.95 131.965
      vertex -45.3 46.95 123.305
      vertex -42.3 46.95 123.305
    endloop
  endfacet
  facet normal 0 0.866019 -0.500011
    outer loop
      vertex -42.3 36.95 123.305
      vertex -45.3 41.95 131.965
      vertex -42.3 41.95 131.965
    endloop
  endfacet
  facet normal 0 0.866019 -0.500011
    outer loop
      vertex -45.3 41.95 131.965
      vertex -42.3 36.95 123.305
      vertex -45.3 36.95 123.305
    endloop
  endfacet
  facet normal 0 1 -0
    outer loop
      vertex -42.3 36.95 118.626
      vertex -45.3 36.95 123.305
      vertex -42.3 36.95 123.305
    endloop
  endfacet
  facet normal 0 1 0
    outer loop
      vertex -45.3 36.95 123.305
      vertex -42.3 36.95 118.626
      vertex -45.3 36.95 118.626
    endloop
  endfacet
  facet normal 0 0.866044 0.499968
    outer loop
      vertex -42.3 41.95 109.965
      vertex -45.3 36.95 118.626
      vertex -42.3 36.95 118.626
    endloop
  endfacet
  facet normal 0 0.866044 0.499968
    outer loop
      vertex -45.3 36.95 118.626
      vertex -42.3 41.95 109.965
      vertex -45.3 41.95 109.965
    endloop
  endfacet
  facet normal 0 -0.866044 0.499968
    outer loop
      vertex -45.3 41.95 109.965
      vertex -42.3 46.95 118.626
      vertex -45.3 46.95 118.626
    endloop
  endfacet
  facet normal 0 -0.866044 0.499968
    outer loop
      vertex -42.3 46.95 118.626
      vertex -45.3 41.95 109.965
      vertex -42.3 41.95 109.965
    endloop
  endfacet
  facet normal 0 -1 0
    outer loop
      vertex -45.3 34.95 118.626
      vertex -42.3 34.95 123.305
      vertex -45.3 34.95 123.305
    endloop
  endfacet
  facet normal 0 -1 -0
    outer loop
      vertex -42.3 34.95 123.305
      vertex -45.3 34.95 118.626
      vertex -42.3 34.95 118.626
    endloop
  endfacet
  facet normal 0 -0.866019 -0.500011
    outer loop
      vertex -45.3 34.95 123.305
      vertex -42.3 29.95 131.965
      vertex -45.3 29.95 131.965
    endloop
  endfacet
  facet normal 0 -0.866019 -0.500011
    outer loop
      vertex -42.3 29.95 131.965
      vertex -45.3 34.95 123.305
      vertex -42.3 34.95 123.305
    endloop
  endfacet
  facet normal 0 0.866019 -0.500011
    outer loop
      vertex -42.3 24.95 123.305
      vertex -45.3 29.95 131.965
      vertex -42.3 29.95 131.965
    endloop
  endfacet
  facet normal 0 0.866019 -0.500011
    outer loop
      vertex -45.3 29.95 131.965
      vertex -42.3 24.95 123.305
      vertex -45.3 24.95 123.305
    endloop
  endfacet
  facet normal 0 1 -0
    outer loop
      vertex -42.3 24.95 118.626
      vertex -45.3 24.95 123.305
      vertex -42.3 24.95 123.305
    endloop
  endfacet
  facet normal 0 1 0
    outer loop
      vertex -45.3 24.95 123.305
      vertex -42.3 24.95 118.626
      vertex -45.3 24.95 118.626
    endloop
  endfacet
  facet normal 0 0.866044 0.499968
    outer loop
      vertex -42.3 29.95 109.965
      vertex -45.3 24.95 118.626
      vertex -42.3 24.95 118.626
    endloop
  endfacet
  facet normal 0 0.866044 0.499968
    outer loop
      vertex -45.3 24.95 118.626
      vertex -42.3 29.95 109.965
      vertex -45.3 29.95 109.965
    endloop
  endfacet
  facet normal 0 -0.866044 0.499968
    outer loop
      vertex -45.3 29.95 109.965
      vertex -42.3 34.95 118.626
      vertex -45.3 34.95 118.626
    endloop
  endfacet
  facet normal 0 -0.866044 0.499968
    outer loop
      vertex -42.3 34.95 118.626
      vertex -45.3 29.95 109.965
      vertex -42.3 29.95 109.965
    endloop
  endfacet
  facet normal 0 -1 0
    outer loop
      vertex -45.3 22.95 118.626
      vertex -42.3 22.95 123.305
      vertex -45.3 22.95 123.305
    endloop
  endfacet
  facet normal 0 -1 -0
    outer loop
      vertex -42.3 22.95 123.305
      vertex -45.3 22.95 118.626
      vertex -42.3 22.95 118.626
    endloop
  endfacet
  facet normal 0 -0.866019 -0.500011
    outer loop
      vertex -45.3 22.95 123.305
      vertex -42.3 17.95 131.965
      vertex -45.3 17.95 131.965
    endloop
  endfacet
  facet normal 0 -0.866019 -0.500011
    outer loop
      vertex -42.3 17.95 131.965
      vertex -45.3 22.95 123.305
      vertex -42.3 22.95 123.305
    endloop
  endfacet
  facet normal 0 0.866019 -0.500011
    outer loop
      vertex -42.3 12.95 123.305
      vertex -45.3 17.95 131.965
      vertex -42.3 17.95 131.965
    endloop
  endfacet
  facet normal 0 0.866019 -0.500011
    outer loop
      vertex -45.3 17.95 131.965
      vertex -42.3 12.95 123.305
      vertex -45.3 12.95 123.305
    endloop
  endfacet
  facet normal 0 1 -0
    outer loop
      vertex -42.3 12.95 118.626
      vertex -45.3 12.95 123.305
      vertex -42.3 12.95 123.305
    endloop
  endfacet
  facet normal 0 1 0
    outer loop
      vertex -45.3 12.95 123.305
      vertex -42.3 12.95 118.626
      vertex -45.3 12.95 118.626
    endloop
  endfacet
  facet normal 0 0.866044 0.499968
    outer loop
      vertex -42.3 17.95 109.965
      vertex -45.3 12.95 118.626
      vertex -42.3 12.95 118.626
    endloop
  endfacet
  facet normal 0 0.866044 0.499968
    outer loop
      vertex -45.3 12.95 118.626
      vertex -42.3 17.95 109.965
      vertex -45.3 17.95 109.965
    endloop
  endfacet
  facet normal 0 -0.866044 0.499968
    outer loop
      vertex -45.3 17.95 109.965
      vertex -42.3 22.95 118.626
      vertex -45.3 22.95 118.626
    endloop
  endfacet
  facet normal 0 -0.866044 0.499968
    outer loop
      vertex -42.3 22.95 118.626
      vertex -45.3 17.95 109.965
      vertex -42.3 17.95 109.965
    endloop
  endfacet
  facet normal 0 -1 0
    outer loop
      vertex -45.3 40.95 103.018
      vertex -42.3 40.95 107.697
      vertex -45.3 40.95 107.697
    endloop
  endfacet
  facet normal 0 -1 -0
    outer loop
      vertex -42.3 40.95 107.697
      vertex -45.3 40.95 103.018
      vertex -42.3 40.95 103.018
    endloop
  endfacet
  facet normal 0 -0.866044 -0.499968
    outer loop
      vertex -45.3 40.95 107.697
      vertex -42.3 35.95 116.358
      vertex -45.3 35.95 116.358
    endloop
  endfacet
  facet normal 0 -0.866044 -0.499968
    outer loop
      vertex -42.3 35.95 116.358
      vertex -45.3 40.95 107.697
      vertex -42.3 40.95 107.697
    endloop
  endfacet
  facet normal 0 0.866044 -0.499968
    outer loop
      vertex -42.3 30.95 107.697
      vertex -45.3 35.95 116.358
      vertex -42.3 35.95 116.358
    endloop
  endfacet
  facet normal 0 0.866044 -0.499968
    outer loop
      vertex -45.3 35.95 116.358
      vertex -42.3 30.95 107.697
      vertex -45.3 30.95 107.697
    endloop
  endfacet
  facet normal 0 1 -0
    outer loop
      vertex -42.3 30.95 103.018
      vertex -45.3 30.95 107.697
      vertex -42.3 30.95 107.697
    endloop
  endfacet
  facet normal 0 1 0
    outer loop
      vertex -45.3 30.95 107.697
      vertex -42.3 30.95 103.018
      vertex -45.3 30.95 103.018
    endloop
  endfacet
  facet normal 0 0.866027 0.499998
    outer loop
      vertex -42.3 35.95 94.3577
      vertex -45.3 30.95 103.018
      vertex -42.3 30.95 103.018
    endloop
  endfacet
  facet normal 0 0.866027 0.499998
    outer loop
      vertex -45.3 30.95 103.018
      vertex -42.3 35.95 94.3577
      vertex -45.3 35.95 94.3577
    endloop
  endfacet
  facet normal 0 -0.866027 0.499998
    outer loop
      vertex -45.3 35.95 94.3577
      vertex -42.3 40.95 103.018
      vertex -45.3 40.95 103.018
    endloop
  endfacet
  facet normal 0 -0.866027 0.499998
    outer loop
      vertex -42.3 40.95 103.018
      vertex -45.3 35.95 94.3577
      vertex -42.3 35.95 94.3577
    endloop
  endfacet
  facet normal 0 -1 0
    outer loop
      vertex -45.3 28.95 103.018
      vertex -42.3 28.95 107.697
      vertex -45.3 28.95 107.697
    endloop
  endfacet
  facet normal 0 -1 -0
    outer loop
      vertex -42.3 28.95 107.697
      vertex -45.3 28.95 103.018
      vertex -42.3 28.95 103.018
    endloop
  endfacet
  facet normal 0 -0.866044 -0.499968
    outer loop
      vertex -45.3 28.95 107.697
      vertex -42.3 23.95 116.358
      vertex -45.3 23.95 116.358
    endloop
  endfacet
  facet normal 0 -0.866044 -0.499968
    outer loop
      vertex -42.3 23.95 116.358
      vertex -45.3 28.95 107.697
      vertex -42.3 28.95 107.697
    endloop
  endfacet
  facet normal 0 0.866044 -0.499968
    outer loop
      vertex -42.3 18.95 107.697
      vertex -45.3 23.95 116.358
      vertex -42.3 23.95 116.358
    endloop
  endfacet
  facet normal 0 0.866044 -0.499968
    outer loop
      vertex -45.3 23.95 116.358
      vertex -42.3 18.95 107.697
      vertex -45.3 18.95 107.697
    endloop
  endfacet
  facet normal 0 1 -0
    outer loop
      vertex -42.3 18.95 103.018
      vertex -45.3 18.95 107.697
      vertex -42.3 18.95 107.697
    endloop
  endfacet
  facet normal 0 1 0
    outer loop
      vertex -45.3 18.95 107.697
      vertex -42.3 18.95 103.018
      vertex -45.3 18.95 103.018
    endloop
  endfacet
  facet normal 0 0.866027 0.499998
    outer loop
      vertex -42.3 23.95 94.3577
      vertex -45.3 18.95 103.018
      vertex -42.3 18.95 103.018
    endloop
  endfacet
  facet normal 0 0.866027 0.499998
    outer loop
      vertex -45.3 18.95 103.018
      vertex -42.3 23.95 94.3577
      vertex -45.3 23.95 94.3577
    endloop
  endfacet
  facet normal 0 -0.866027 0.499998
    outer loop
      vertex -45.3 23.95 94.3577
      vertex -42.3 28.95 103.018
      vertex -45.3 28.95 103.018
    endloop
  endfacet
  facet normal 0 -0.866027 0.499998
    outer loop
      vertex -42.3 28.95 103.018
      vertex -45.3 23.95 94.3577
      vertex -42.3 23.95 94.3577
    endloop
  endfacet
  facet normal 0 -1 0
    outer loop
      vertex -45.3 34.95 87.4103
      vertex -42.3 34.95 92.0897
      vertex -45.3 34.95 92.0897
    endloop
  endfacet
  facet normal 0 -1 -0
    outer loop
      vertex -42.3 34.95 92.0897
      vertex -45.3 34.95 87.4103
      vertex -42.3 34.95 87.4103
    endloop
  endfacet
  facet normal 0 -0.866027 -0.499998
    outer loop
      vertex -45.3 34.95 92.0897
      vertex -42.3 29.95 100.75
      vertex -45.3 29.95 100.75
    endloop
  endfacet
  facet normal 0 -0.866027 -0.499998
    outer loop
      vertex -42.3 29.95 100.75
      vertex -45.3 34.95 92.0897
      vertex -42.3 34.95 92.0897
    endloop
  endfacet
  facet normal 0 0.866027 -0.499998
    outer loop
      vertex -42.3 24.95 92.0897
      vertex -45.3 29.95 100.75
      vertex -42.3 29.95 100.75
    endloop
  endfacet
  facet normal 0 0.866027 -0.499998
    outer loop
      vertex -45.3 29.95 100.75
      vertex -42.3 24.95 92.0897
      vertex -45.3 24.95 92.0897
    endloop
  endfacet
  facet normal 0 1 -0
    outer loop
      vertex -42.3 24.95 87.4103
      vertex -45.3 24.95 92.0897
      vertex -42.3 24.95 92.0897
    endloop
  endfacet
  facet normal 0 1 0
    outer loop
      vertex -45.3 24.95 92.0897
      vertex -42.3 24.95 87.4103
      vertex -45.3 24.95 87.4103
    endloop
  endfacet
  facet normal 0 0.866027 0.499998
    outer loop
      vertex -42.3 29.95 78.75
      vertex -45.3 24.95 87.4103
      vertex -42.3 24.95 87.4103
    endloop
  endfacet
  facet normal 0 0.866027 0.499998
    outer loop
      vertex -45.3 24.95 87.4103
      vertex -42.3 29.95 78.75
      vertex -45.3 29.95 78.75
    endloop
  endfacet
  facet normal 0 -0.866027 0.499998
    outer loop
      vertex -45.3 29.95 78.75
      vertex -42.3 34.95 87.4103
      vertex -45.3 34.95 87.4103
    endloop
  endfacet
  facet normal 0 -0.866027 0.499998
    outer loop
      vertex -42.3 34.95 87.4103
      vertex -45.3 29.95 78.75
      vertex -42.3 29.95 78.75
    endloop
  endfacet
  facet normal 0 -1 0
    outer loop
      vertex -45.3 46.95 87.4103
      vertex -42.3 46.95 92.0897
      vertex -45.3 46.95 92.0897
    endloop
  endfacet
  facet normal 0 -1 -0
    outer loop
      vertex -42.3 46.95 92.0897
      vertex -45.3 46.95 87.4103
      vertex -42.3 46.95 87.4103
    endloop
  endfacet
  facet normal 0 -0.866027 -0.499998
    outer loop
      vertex -45.3 46.95 92.0897
      vertex -42.3 41.95 100.75
      vertex -45.3 41.95 100.75
    endloop
  endfacet
  facet normal 0 -0.866027 -0.499998
    outer loop
      vertex -42.3 41.95 100.75
      vertex -45.3 46.95 92.0897
      vertex -42.3 46.95 92.0897
    endloop
  endfacet
  facet normal 0 0.866027 -0.499998
    outer loop
      vertex -42.3 36.95 92.0897
      vertex -45.3 41.95 100.75
      vertex -42.3 41.95 100.75
    endloop
  endfacet
  facet normal 0 0.866027 -0.499998
    outer loop
      vertex -45.3 41.95 100.75
      vertex -42.3 36.95 92.0897
      vertex -45.3 36.95 92.0897
    endloop
  endfacet
  facet normal 0 1 -0
    outer loop
      vertex -42.3 36.95 87.4103
      vertex -45.3 36.95 92.0897
      vertex -42.3 36.95 92.0897
    endloop
  endfacet
  facet normal 0 1 0
    outer loop
      vertex -45.3 36.95 92.0897
      vertex -42.3 36.95 87.4103
      vertex -45.3 36.95 87.4103
    endloop
  endfacet
  facet normal 0 0.866027 0.499998
    outer loop
      vertex -42.3 41.95 78.75
      vertex -45.3 36.95 87.4103
      vertex -42.3 36.95 87.4103
    endloop
  endfacet
  facet normal 0 0.866027 0.499998
    outer loop
      vertex -45.3 36.95 87.4103
      vertex -42.3 41.95 78.75
      vertex -45.3 41.95 78.75
    endloop
  endfacet
  facet normal 0 -0.866027 0.499998
    outer loop
      vertex -45.3 41.95 78.75
      vertex -42.3 46.95 87.4103
      vertex -45.3 46.95 87.4103
    endloop
  endfacet
  facet normal 0 -0.866027 0.499998
    outer loop
      vertex -42.3 46.95 87.4103
      vertex -45.3 41.95 78.75
      vertex -42.3 41.95 78.75
    endloop
  endfacet
  facet normal 0 -1 0
    outer loop
      vertex -45.3 22.95 87.4103
      vertex -42.3 22.95 92.0897
      vertex -45.3 22.95 92.0897
    endloop
  endfacet
  facet normal 0 -1 -0
    outer loop
      vertex -42.3 22.95 92.0897
      vertex -45.3 22.95 87.4103
      vertex -42.3 22.95 87.4103
    endloop
  endfacet
  facet normal 0 -0.866027 -0.499998
    outer loop
      vertex -45.3 22.95 92.0897
      vertex -42.3 17.95 100.75
      vertex -45.3 17.95 100.75
    endloop
  endfacet
  facet normal 0 -0.866027 -0.499998
    outer loop
      vertex -42.3 17.95 100.75
      vertex -45.3 22.95 92.0897
      vertex -42.3 22.95 92.0897
    endloop
  endfacet
  facet normal 0 0.866027 -0.499998
    outer loop
      vertex -42.3 12.95 92.0897
      vertex -45.3 17.95 100.75
      vertex -42.3 17.95 100.75
    endloop
  endfacet
  facet normal 0 0.866027 -0.499998
    outer loop
      vertex -45.3 17.95 100.75
      vertex -42.3 12.95 92.0897
      vertex -45.3 12.95 92.0897
    endloop
  endfacet
  facet normal 0 1 -0
    outer loop
      vertex -42.3 12.95 87.4103
      vertex -45.3 12.95 92.0897
      vertex -42.3 12.95 92.0897
    endloop
  endfacet
  facet normal 0 1 0
    outer loop
      vertex -45.3 12.95 92.0897
      vertex -42.3 12.95 87.4103
      vertex -45.3 12.95 87.4103
    endloop
  endfacet
  facet normal 0 0.866027 0.499998
    outer loop
      vertex -42.3 17.95 78.75
      vertex -45.3 12.95 87.4103
      vertex -42.3 12.95 87.4103
    endloop
  endfacet
  facet normal 0 0.866027 0.499998
    outer loop
      vertex -45.3 12.95 87.4103
      vertex -42.3 17.95 78.75
      vertex -45.3 17.95 78.75
    endloop
  endfacet
  facet normal 0 -0.866027 0.499998
    outer loop
      vertex -45.3 17.95 78.75
      vertex -42.3 22.95 87.4103
      vertex -45.3 22.95 87.4103
    endloop
  endfacet
  facet normal 0 -0.866027 0.499998
    outer loop
      vertex -42.3 22.95 87.4103
      vertex -45.3 17.95 78.75
      vertex -42.3 17.95 78.75
    endloop
  endfacet
  facet normal 0 -1 0
    outer loop
      vertex -45.3 40.95 71.8026
      vertex -42.3 40.95 76.482
      vertex -45.3 40.95 76.482
    endloop
  endfacet
  facet normal 0 -1 -0
    outer loop
      vertex -42.3 40.95 76.482
      vertex -45.3 40.95 71.8026
      vertex -42.3 40.95 71.8026
    endloop
  endfacet
  facet normal 0 -0.866027 -0.499998
    outer loop
      vertex -45.3 40.95 76.482
      vertex -42.3 35.95 85.1423
      vertex -45.3 35.95 85.1423
    endloop
  endfacet
  facet normal 0 -0.866027 -0.499998
    outer loop
      vertex -42.3 35.95 85.1423
      vertex -45.3 40.95 76.482
      vertex -42.3 40.95 76.482
    endloop
  endfacet
  facet normal 0 0.866027 -0.499998
    outer loop
      vertex -42.3 30.95 76.482
      vertex -45.3 35.95 85.1423
      vertex -42.3 35.95 85.1423
    endloop
  endfacet
  facet normal 0 0.866027 -0.499998
    outer loop
      vertex -45.3 35.95 85.1423
      vertex -42.3 30.95 76.482
      vertex -45.3 30.95 76.482
    endloop
  endfacet
  facet normal 0 1 -0
    outer loop
      vertex -42.3 30.95 71.8026
      vertex -45.3 30.95 76.482
      vertex -42.3 30.95 76.482
    endloop
  endfacet
  facet normal 0 1 0
    outer loop
      vertex -45.3 30.95 76.482
      vertex -42.3 30.95 71.8026
      vertex -45.3 30.95 71.8026
    endloop
  endfacet
  facet normal 0 0.866027 0.499998
    outer loop
      vertex -42.3 35.95 63.1423
      vertex -45.3 30.95 71.8026
      vertex -42.3 30.95 71.8026
    endloop
  endfacet
  facet normal 0 0.866027 0.499998
    outer loop
      vertex -45.3 30.95 71.8026
      vertex -42.3 35.95 63.1423
      vertex -45.3 35.95 63.1423
    endloop
  endfacet
  facet normal 0 -0.866027 0.499998
    outer loop
      vertex -45.3 35.95 63.1423
      vertex -42.3 40.95 71.8026
      vertex -45.3 40.95 71.8026
    endloop
  endfacet
  facet normal 0 -0.866027 0.499998
    outer loop
      vertex -42.3 40.95 71.8026
      vertex -45.3 35.95 63.1423
      vertex -42.3 35.95 63.1423
    endloop
  endfacet
  facet normal 0 -1 0
    outer loop
      vertex -45.3 28.95 71.8026
      vertex -42.3 28.95 76.482
      vertex -45.3 28.95 76.482
    endloop
  endfacet
  facet normal 0 -1 -0
    outer loop
      vertex -42.3 28.95 76.482
      vertex -45.3 28.95 71.8026
      vertex -42.3 28.95 71.8026
    endloop
  endfacet
  facet normal 0 -0.866027 -0.499998
    outer loop
      vertex -45.3 28.95 76.482
      vertex -42.3 23.95 85.1423
      vertex -45.3 23.95 85.1423
    endloop
  endfacet
  facet normal 0 -0.866027 -0.499998
    outer loop
      vertex -42.3 23.95 85.1423
      vertex -45.3 28.95 76.482
      vertex -42.3 28.95 76.482
    endloop
  endfacet
  facet normal 0 0.866027 -0.499998
    outer loop
      vertex -42.3 18.95 76.482
      vertex -45.3 23.95 85.1423
      vertex -42.3 23.95 85.1423
    endloop
  endfacet
  facet normal 0 0.866027 -0.499998
    outer loop
      vertex -45.3 23.95 85.1423
      vertex -42.3 18.95 76.482
      vertex -45.3 18.95 76.482
    endloop
  endfacet
  facet normal 0 1 -0
    outer loop
      vertex -42.3 18.95 71.8026
      vertex -45.3 18.95 76.482
      vertex -42.3 18.95 76.482
    endloop
  endfacet
  facet normal 0 1 0
    outer loop
      vertex -45.3 18.95 76.482
      vertex -42.3 18.95 71.8026
      vertex -45.3 18.95 71.8026
    endloop
  endfacet
  facet normal 0 0.866027 0.499998
    outer loop
      vertex -42.3 23.95 63.1423
      vertex -45.3 18.95 71.8026
      vertex -42.3 18.95 71.8026
    endloop
  endfacet
  facet normal 0 0.866027 0.499998
    outer loop
      vertex -45.3 18.95 71.8026
      vertex -42.3 23.95 63.1423
      vertex -45.3 23.95 63.1423
    endloop
  endfacet
  facet normal 0 -0.866027 0.499998
    outer loop
      vertex -45.3 23.95 63.1423
      vertex -42.3 28.95 71.8026
      vertex -45.3 28.95 71.8026
    endloop
  endfacet
  facet normal 0 -0.866027 0.499998
    outer loop
      vertex -42.3 28.95 71.8026
      vertex -45.3 23.95 63.1423
      vertex -42.3 23.95 63.1423
    endloop
  endfacet
  facet normal 0 -1 0
    outer loop
      vertex -45.3 46.95 56.1949
      vertex -42.3 46.95 60.8743
      vertex -45.3 46.95 60.8743
    endloop
  endfacet
  facet normal 0 -1 -0
    outer loop
      vertex -42.3 46.95 60.8743
      vertex -45.3 46.95 56.1949
      vertex -42.3 46.95 56.1949
    endloop
  endfacet
  facet normal 0 -0.866027 -0.499998
    outer loop
      vertex -45.3 46.95 60.8743
      vertex -42.3 41.95 69.5346
      vertex -45.3 41.95 69.5346
    endloop
  endfacet
  facet normal 0 -0.866027 -0.499998
    outer loop
      vertex -42.3 41.95 69.5346
      vertex -45.3 46.95 60.8743
      vertex -42.3 46.95 60.8743
    endloop
  endfacet
  facet normal 0 0.866027 -0.499998
    outer loop
      vertex -42.3 36.95 60.8743
      vertex -45.3 41.95 69.5346
      vertex -42.3 41.95 69.5346
    endloop
  endfacet
  facet normal 0 0.866027 -0.499998
    outer loop
      vertex -45.3 41.95 69.5346
      vertex -42.3 36.95 60.8743
      vertex -45.3 36.95 60.8743
    endloop
  endfacet
  facet normal 0 1 -0
    outer loop
      vertex -42.3 36.95 56.1949
      vertex -45.3 36.95 60.8743
      vertex -42.3 36.95 60.8743
    endloop
  endfacet
  facet normal 0 1 0
    outer loop
      vertex -45.3 36.95 60.8743
      vertex -42.3 36.95 56.1949
      vertex -45.3 36.95 56.1949
    endloop
  endfacet
  facet normal 0 0.866027 0.499998
    outer loop
      vertex -42.3 41.95 47.5346
      vertex -45.3 36.95 56.1949
      vertex -42.3 36.95 56.1949
    endloop
  endfacet
  facet normal 0 0.866027 0.499998
    outer loop
      vertex -45.3 36.95 56.1949
      vertex -42.3 41.95 47.5346
      vertex -45.3 41.95 47.5346
    endloop
  endfacet
  facet normal 0 -0.866027 0.499998
    outer loop
      vertex -45.3 41.95 47.5346
      vertex -42.3 46.95 56.1949
      vertex -45.3 46.95 56.1949
    endloop
  endfacet
  facet normal 0 -0.866027 0.499998
    outer loop
      vertex -42.3 46.95 56.1949
      vertex -45.3 41.95 47.5346
      vertex -42.3 41.95 47.5346
    endloop
  endfacet
  facet normal 0 -1 0
    outer loop
      vertex -45.3 34.95 56.1949
      vertex -42.3 34.95 60.8743
      vertex -45.3 34.95 60.8743
    endloop
  endfacet
  facet normal 0 -1 -0
    outer loop
      vertex -42.3 34.95 60.8743
      vertex -45.3 34.95 56.1949
      vertex -42.3 34.95 56.1949
    endloop
  endfacet
  facet normal 0 -0.866027 -0.499998
    outer loop
      vertex -45.3 34.95 60.8743
      vertex -42.3 29.95 69.5346
      vertex -45.3 29.95 69.5346
    endloop
  endfacet
  facet normal 0 -0.866027 -0.499998
    outer loop
      vertex -42.3 29.95 69.5346
      vertex -45.3 34.95 60.8743
      vertex -42.3 34.95 60.8743
    endloop
  endfacet
  facet normal 0 0.866027 -0.499998
    outer loop
      vertex -42.3 24.95 60.8743
      vertex -45.3 29.95 69.5346
      vertex -42.3 29.95 69.5346
    endloop
  endfacet
  facet normal 0 0.866027 -0.499998
    outer loop
      vertex -45.3 29.95 69.5346
      vertex -42.3 24.95 60.8743
      vertex -45.3 24.95 60.8743
    endloop
  endfacet
  facet normal 0 1 -0
    outer loop
      vertex -42.3 24.95 56.1949
      vertex -45.3 24.95 60.8743
      vertex -42.3 24.95 60.8743
    endloop
  endfacet
  facet normal 0 1 0
    outer loop
      vertex -45.3 24.95 60.8743
      vertex -42.3 24.95 56.1949
      vertex -45.3 24.95 56.1949
    endloop
  endfacet
  facet normal 0 0.866027 0.499998
    outer loop
      vertex -42.3 29.95 47.5346
      vertex -45.3 24.95 56.1949
      vertex -42.3 24.95 56.1949
    endloop
  endfacet
  facet normal 0 0.866027 0.499998
    outer loop
      vertex -45.3 24.95 56.1949
      vertex -42.3 29.95 47.5346
      vertex -45.3 29.95 47.5346
    endloop
  endfacet
  facet normal 0 -0.866027 0.499998
    outer loop
      vertex -45.3 29.95 47.5346
      vertex -42.3 34.95 56.1949
      vertex -45.3 34.95 56.1949
    endloop
  endfacet
  facet normal 0 -0.866027 0.499998
    outer loop
      vertex -42.3 34.95 56.1949
      vertex -45.3 29.95 47.5346
      vertex -42.3 29.95 47.5346
    endloop
  endfacet
  facet normal 0 -1 0
    outer loop
      vertex -45.3 22.95 56.1949
      vertex -42.3 22.95 60.8743
      vertex -45.3 22.95 60.8743
    endloop
  endfacet
  facet normal 0 -1 -0
    outer loop
      vertex -42.3 22.95 60.8743
      vertex -45.3 22.95 56.1949
      vertex -42.3 22.95 56.1949
    endloop
  endfacet
  facet normal 0 -0.866027 -0.499998
    outer loop
      vertex -45.3 22.95 60.8743
      vertex -42.3 17.95 69.5346
      vertex -45.3 17.95 69.5346
    endloop
  endfacet
  facet normal 0 -0.866027 -0.499998
    outer loop
      vertex -42.3 17.95 69.5346
      vertex -45.3 22.95 60.8743
      vertex -42.3 22.95 60.8743
    endloop
  endfacet
  facet normal 0 0.866027 -0.499998
    outer loop
      vertex -42.3 12.95 60.8743
      vertex -45.3 17.95 69.5346
      vertex -42.3 17.95 69.5346
    endloop
  endfacet
  facet normal 0 0.866027 -0.499998
    outer loop
      vertex -45.3 17.95 69.5346
      vertex -42.3 12.95 60.8743
      vertex -45.3 12.95 60.8743
    endloop
  endfacet
  facet normal 0 1 -0
    outer loop
      vertex -42.3 12.95 56.1949
      vertex -45.3 12.95 60.8743
      vertex -42.3 12.95 60.8743
    endloop
  endfacet
  facet normal 0 1 0
    outer loop
      vertex -45.3 12.95 60.8743
      vertex -42.3 12.95 56.1949
      vertex -45.3 12.95 56.1949
    endloop
  endfacet
  facet normal 0 0.866027 0.499998
    outer loop
      vertex -42.3 17.95 47.5346
      vertex -45.3 12.95 56.1949
      vertex -42.3 12.95 56.1949
    endloop
  endfacet
  facet normal 0 0.866027 0.499998
    outer loop
      vertex -45.3 12.95 56.1949
      vertex -42.3 17.95 47.5346
      vertex -45.3 17.95 47.5346
    endloop
  endfacet
  facet normal 0 -0.866027 0.499998
    outer loop
      vertex -45.3 17.95 47.5346
      vertex -42.3 22.95 56.1949
      vertex -45.3 22.95 56.1949
    endloop
  endfacet
  facet normal 0 -0.866027 0.499998
    outer loop
      vertex -42.3 22.95 56.1949
      vertex -45.3 17.95 47.5346
      vertex -42.3 17.95 47.5346
    endloop
  endfacet
  facet normal 0 -1 0
    outer loop
      vertex -45.3 40.95 40.5872
      vertex -42.3 40.95 45.2666
      vertex -45.3 40.95 45.2666
    endloop
  endfacet
  facet normal 0 -1 -0
    outer loop
      vertex -42.3 40.95 45.2666
      vertex -45.3 40.95 40.5872
      vertex -42.3 40.95 40.5872
    endloop
  endfacet
  facet normal 0 -0.866027 -0.499998
    outer loop
      vertex -45.3 40.95 45.2666
      vertex -42.3 35.95 53.9269
      vertex -45.3 35.95 53.9269
    endloop
  endfacet
  facet normal 0 -0.866027 -0.499998
    outer loop
      vertex -42.3 35.95 53.9269
      vertex -45.3 40.95 45.2666
      vertex -42.3 40.95 45.2666
    endloop
  endfacet
  facet normal 0 0.866027 -0.499998
    outer loop
      vertex -42.3 30.95 45.2666
      vertex -45.3 35.95 53.9269
      vertex -42.3 35.95 53.9269
    endloop
  endfacet
  facet normal 0 0.866027 -0.499998
    outer loop
      vertex -45.3 35.95 53.9269
      vertex -42.3 30.95 45.2666
      vertex -45.3 30.95 45.2666
    endloop
  endfacet
  facet normal 0 1 -0
    outer loop
      vertex -42.3 30.95 40.5872
      vertex -45.3 30.95 45.2666
      vertex -42.3 30.95 45.2666
    endloop
  endfacet
  facet normal 0 1 0
    outer loop
      vertex -45.3 30.95 45.2666
      vertex -42.3 30.95 40.5872
      vertex -45.3 30.95 40.5872
    endloop
  endfacet
  facet normal 0 0.866027 0.499998
    outer loop
      vertex -42.3 35.95 31.9269
      vertex -45.3 30.95 40.5872
      vertex -42.3 30.95 40.5872
    endloop
  endfacet
  facet normal 0 0.866027 0.499998
    outer loop
      vertex -45.3 30.95 40.5872
      vertex -42.3 35.95 31.9269
      vertex -45.3 35.95 31.9269
    endloop
  endfacet
  facet normal 0 -0.866027 0.499998
    outer loop
      vertex -45.3 35.95 31.9269
      vertex -42.3 40.95 40.5872
      vertex -45.3 40.95 40.5872
    endloop
  endfacet
  facet normal 0 -0.866027 0.499998
    outer loop
      vertex -42.3 40.95 40.5872
      vertex -45.3 35.95 31.9269
      vertex -42.3 35.95 31.9269
    endloop
  endfacet
  facet normal 0 -1 0
    outer loop
      vertex -45.3 28.95 40.5872
      vertex -42.3 28.95 45.2666
      vertex -45.3 28.95 45.2666
    endloop
  endfacet
  facet normal 0 -1 -0
    outer loop
      vertex -42.3 28.95 45.2666
      vertex -45.3 28.95 40.5872
      vertex -42.3 28.95 40.5872
    endloop
  endfacet
  facet normal 0 -0.866027 -0.499998
    outer loop
      vertex -45.3 28.95 45.2666
      vertex -42.3 23.95 53.9269
      vertex -45.3 23.95 53.9269
    endloop
  endfacet
  facet normal 0 -0.866027 -0.499998
    outer loop
      vertex -42.3 23.95 53.9269
      vertex -45.3 28.95 45.2666
      vertex -42.3 28.95 45.2666
    endloop
  endfacet
  facet normal 0 0.866027 -0.499998
    outer loop
      vertex -42.3 18.95 45.2666
      vertex -45.3 23.95 53.9269
      vertex -42.3 23.95 53.9269
    endloop
  endfacet
  facet normal 0 0.866027 -0.499998
    outer loop
      vertex -45.3 23.95 53.9269
      vertex -42.3 18.95 45.2666
      vertex -45.3 18.95 45.2666
    endloop
  endfacet
  facet normal 0 1 -0
    outer loop
      vertex -42.3 18.95 40.5872
      vertex -45.3 18.95 45.2666
      vertex -42.3 18.95 45.2666
    endloop
  endfacet
  facet normal 0 1 0
    outer loop
      vertex -45.3 18.95 45.2666
      vertex -42.3 18.95 40.5872
      vertex -45.3 18.95 40.5872
    endloop
  endfacet
  facet normal 0 0.866027 0.499998
    outer loop
      vertex -42.3 23.95 31.9269
      vertex -45.3 18.95 40.5872
      vertex -42.3 18.95 40.5872
    endloop
  endfacet
  facet normal 0 0.866027 0.499998
    outer loop
      vertex -45.3 18.95 40.5872
      vertex -42.3 23.95 31.9269
      vertex -45.3 23.95 31.9269
    endloop
  endfacet
  facet normal 0 -0.866027 0.499998
    outer loop
      vertex -45.3 23.95 31.9269
      vertex -42.3 28.95 40.5872
      vertex -45.3 28.95 40.5872
    endloop
  endfacet
  facet normal 0 -0.866027 0.499998
    outer loop
      vertex -42.3 28.95 40.5872
      vertex -45.3 23.95 31.9269
      vertex -42.3 23.95 31.9269
    endloop
  endfacet
  facet normal 0 -1 0
    outer loop
      vertex -45.3 22.95 24.9795
      vertex -42.3 22.95 29.659
      vertex -45.3 22.95 29.659
    endloop
  endfacet
  facet normal 0 -1 -0
    outer loop
      vertex -42.3 22.95 29.659
      vertex -45.3 22.95 24.9795
      vertex -42.3 22.95 24.9795
    endloop
  endfacet
  facet normal 0 -0.866024 -0.500002
    outer loop
      vertex -45.3 22.95 29.659
      vertex -42.3 17.95 38.3192
      vertex -45.3 17.95 38.3192
    endloop
  endfacet
  facet normal 0 -0.866024 -0.500002
    outer loop
      vertex -42.3 17.95 38.3192
      vertex -45.3 22.95 29.659
      vertex -42.3 22.95 29.659
    endloop
  endfacet
  facet normal 0 0.866024 -0.500002
    outer loop
      vertex -42.3 12.95 29.659
      vertex -45.3 17.95 38.3192
      vertex -42.3 17.95 38.3192
    endloop
  endfacet
  facet normal 0 0.866024 -0.500002
    outer loop
      vertex -45.3 17.95 38.3192
      vertex -42.3 12.95 29.659
      vertex -45.3 12.95 29.659
    endloop
  endfacet
  facet normal 0 1 -0
    outer loop
      vertex -42.3 12.95 24.9795
      vertex -45.3 12.95 29.659
      vertex -42.3 12.95 29.659
    endloop
  endfacet
  facet normal 0 1 0
    outer loop
      vertex -45.3 12.95 29.659
      vertex -42.3 12.95 24.9795
      vertex -45.3 12.95 24.9795
    endloop
  endfacet
  facet normal 0 0.866027 0.499998
    outer loop
      vertex -42.3 17.95 16.3192
      vertex -45.3 12.95 24.9795
      vertex -42.3 12.95 24.9795
    endloop
  endfacet
  facet normal 0 0.866027 0.499998
    outer loop
      vertex -45.3 12.95 24.9795
      vertex -42.3 17.95 16.3192
      vertex -45.3 17.95 16.3192
    endloop
  endfacet
  facet normal 0 -0.866027 0.499998
    outer loop
      vertex -45.3 17.95 16.3192
      vertex -42.3 22.95 24.9795
      vertex -45.3 22.95 24.9795
    endloop
  endfacet
  facet normal 0 -0.866027 0.499998
    outer loop
      vertex -42.3 22.95 24.9795
      vertex -45.3 17.95 16.3192
      vertex -42.3 17.95 16.3192
    endloop
  endfacet
  facet normal 0 -1 0
    outer loop
      vertex -45.3 46.95 24.9795
      vertex -42.3 46.95 29.659
      vertex -45.3 46.95 29.659
    endloop
  endfacet
  facet normal 0 -1 -0
    outer loop
      vertex -42.3 46.95 29.659
      vertex -45.3 46.95 24.9795
      vertex -42.3 46.95 24.9795
    endloop
  endfacet
  facet normal 0 -0.866024 -0.500002
    outer loop
      vertex -45.3 46.95 29.659
      vertex -42.3 41.95 38.3192
      vertex -45.3 41.95 38.3192
    endloop
  endfacet
  facet normal 0 -0.866024 -0.500002
    outer loop
      vertex -42.3 41.95 38.3192
      vertex -45.3 46.95 29.659
      vertex -42.3 46.95 29.659
    endloop
  endfacet
  facet normal 0 0.866024 -0.500002
    outer loop
      vertex -42.3 36.95 29.659
      vertex -45.3 41.95 38.3192
      vertex -42.3 41.95 38.3192
    endloop
  endfacet
  facet normal 0 0.866024 -0.500002
    outer loop
      vertex -45.3 41.95 38.3192
      vertex -42.3 36.95 29.659
      vertex -45.3 36.95 29.659
    endloop
  endfacet
  facet normal 0 1 -0
    outer loop
      vertex -42.3 36.95 24.9795
      vertex -45.3 36.95 29.659
      vertex -42.3 36.95 29.659
    endloop
  endfacet
  facet normal 0 1 0
    outer loop
      vertex -45.3 36.95 29.659
      vertex -42.3 36.95 24.9795
      vertex -45.3 36.95 24.9795
    endloop
  endfacet
  facet normal 0 0.866027 0.499998
    outer loop
      vertex -42.3 41.95 16.3192
      vertex -45.3 36.95 24.9795
      vertex -42.3 36.95 24.9795
    endloop
  endfacet
  facet normal 0 0.866027 0.499998
    outer loop
      vertex -45.3 36.95 24.9795
      vertex -42.3 41.95 16.3192
      vertex -45.3 41.95 16.3192
    endloop
  endfacet
  facet normal 0 -0.866027 0.499998
    outer loop
      vertex -45.3 41.95 16.3192
      vertex -42.3 46.95 24.9795
      vertex -45.3 46.95 24.9795
    endloop
  endfacet
  facet normal 0 -0.866027 0.499998
    outer loop
      vertex -42.3 46.95 24.9795
      vertex -45.3 41.95 16.3192
      vertex -42.3 41.95 16.3192
    endloop
  endfacet
  facet normal 0 -1 0
    outer loop
      vertex -45.3 34.95 24.9795
      vertex -42.3 34.95 29.659
      vertex -45.3 34.95 29.659
    endloop
  endfacet
  facet normal 0 -1 -0
    outer loop
      vertex -42.3 34.95 29.659
      vertex -45.3 34.95 24.9795
      vertex -42.3 34.95 24.9795
    endloop
  endfacet
  facet normal 0 -0.866024 -0.500002
    outer loop
      vertex -45.3 34.95 29.659
      vertex -42.3 29.95 38.3192
      vertex -45.3 29.95 38.3192
    endloop
  endfacet
  facet normal 0 -0.866024 -0.500002
    outer loop
      vertex -42.3 29.95 38.3192
      vertex -45.3 34.95 29.659
      vertex -42.3 34.95 29.659
    endloop
  endfacet
  facet normal 0 0.866024 -0.500002
    outer loop
      vertex -42.3 24.95 29.659
      vertex -45.3 29.95 38.3192
      vertex -42.3 29.95 38.3192
    endloop
  endfacet
  facet normal 0 0.866024 -0.500002
    outer loop
      vertex -45.3 29.95 38.3192
      vertex -42.3 24.95 29.659
      vertex -45.3 24.95 29.659
    endloop
  endfacet
  facet normal 0 1 -0
    outer loop
      vertex -42.3 24.95 24.9795
      vertex -45.3 24.95 29.659
      vertex -42.3 24.95 29.659
    endloop
  endfacet
  facet normal 0 1 0
    outer loop
      vertex -45.3 24.95 29.659
      vertex -42.3 24.95 24.9795
      vertex -45.3 24.95 24.9795
    endloop
  endfacet
  facet normal 0 0.866027 0.499998
    outer loop
      vertex -42.3 29.95 16.3192
      vertex -45.3 24.95 24.9795
      vertex -42.3 24.95 24.9795
    endloop
  endfacet
  facet normal 0 0.866027 0.499998
    outer loop
      vertex -45.3 24.95 24.9795
      vertex -42.3 29.95 16.3192
      vertex -45.3 29.95 16.3192
    endloop
  endfacet
  facet normal 0 -0.866027 0.499998
    outer loop
      vertex -45.3 29.95 16.3192
      vertex -42.3 34.95 24.9795
      vertex -45.3 34.95 24.9795
    endloop
  endfacet
  facet normal 0 -0.866027 0.499998
    outer loop
      vertex -42.3 34.95 24.9795
      vertex -45.3 29.95 16.3192
      vertex -42.3 29.95 16.3192
    endloop
  endfacet
  facet normal 0.903962 0.427612 0
    outer loop
      vertex -29.2915 16.1216 3.5
      vertex -29.5433 16.6539 0
      vertex -29.5433 16.6539 3.5
    endloop
  endfacet
  facet normal 0.903962 0.427612 0
    outer loop
      vertex -29.5433 16.6539 0
      vertex -29.2915 16.1216 3.5
      vertex -29.2915 16.1216 0
    endloop
  endfacet
  facet normal 0.970023 -0.243015 0
    outer loop
      vertex -29.8847 42.1205 3.5
      vertex -29.7416 42.6917 0
      vertex -29.7416 42.6917 3.5
    endloop
  endfacet
  facet normal 0.970023 -0.243015 0
    outer loop
      vertex -29.7416 42.6917 0
      vertex -29.8847 42.1205 3.5
      vertex -29.8847 42.1205 0
    endloop
  endfacet
  facet normal 0.740823 -0.6717 0
    outer loop
      vertex -28.6381 44.7564 3.5
      vertex -28.2426 45.1926 0
      vertex -28.2426 45.1926 3.5
    endloop
  endfacet
  facet normal 0.740823 -0.6717 0
    outer loop
      vertex -28.2426 45.1926 0
      vertex -28.6381 44.7564 3.5
      vertex -28.6381 44.7564 0
    endloop
  endfacet
  facet normal -0.857718 0.514121 0
    outer loop
      vertex 28.9888 15.6166 0
      vertex 29.2915 16.1216 3.5
      vertex 29.2915 16.1216 0
    endloop
  endfacet
  facet normal -0.857718 0.514121 0
    outer loop
      vertex 29.2915 16.1216 3.5
      vertex 28.9888 15.6166 0
      vertex 28.9888 15.6166 3.5
    endloop
  endfacet
  facet normal 0.243015 -0.970023 0
    outer loop
      vertex -25.7417 46.6916 0
      vertex -25.1705 46.8347 3.5
      vertex -25.7417 46.6916 3.5
    endloop
  endfacet
  facet normal 0.243015 -0.970023 0
    outer loop
      vertex -25.1705 46.8347 3.5
      vertex -25.7417 46.6916 0
      vertex -25.1705 46.8347 0
    endloop
  endfacet
  facet normal 0.857718 -0.514121 0
    outer loop
      vertex -29.2915 43.7784 3.5
      vertex -28.9888 44.2834 0
      vertex -28.9888 44.2834 3.5
    endloop
  endfacet
  facet normal 0.857718 -0.514121 0
    outer loop
      vertex -28.9888 44.2834 0
      vertex -29.2915 43.7784 3.5
      vertex -29.2915 43.7784 0
    endloop
  endfacet
  facet normal 0.970023 0.243015 0
    outer loop
      vertex -29.7416 17.2083 3.5
      vertex -29.8847 17.7795 0
      vertex -29.8847 17.7795 3.5
    endloop
  endfacet
  facet normal 0.970023 0.243015 0
    outer loop
      vertex -29.8847 17.7795 0
      vertex -29.7416 17.2083 3.5
      vertex -29.7416 17.2083 0
    endloop
  endfacet
  facet normal 1 -0 0
    outer loop
      vertex -30 18.95 3.5
      vertex -30 40.95 0
      vertex -30 40.95 3.5
    endloop
  endfacet
  facet normal 1 0 0
    outer loop
      vertex -30 40.95 0
      vertex -30 18.95 3.5
      vertex -30 18.95 0
    endloop
  endfacet
  facet normal -0.803289 0.595589 0
    outer loop
      vertex 28.6381 15.1436 0
      vertex 28.9888 15.6166 3.5
      vertex 28.9888 15.6166 0
    endloop
  endfacet
  facet normal -0.803289 0.595589 0
    outer loop
      vertex 28.9888 15.6166 3.5
      vertex 28.6381 15.1436 0
      vertex 28.6381 15.1436 3.5
    endloop
  endfacet
  facet normal 0.94158 0.336788 0
    outer loop
      vertex -29.5433 16.6539 3.5
      vertex -29.7416 17.2083 0
      vertex -29.7416 17.2083 3.5
    endloop
  endfacet
  facet normal 0.94158 0.336788 0
    outer loop
      vertex -29.7416 17.2083 0
      vertex -29.5433 16.6539 3.5
      vertex -29.5433 16.6539 0
    endloop
  endfacet
  facet normal -0.243015 0.970023 0
    outer loop
      vertex 25.7417 13.2084 0
      vertex 25.1705 13.0653 3.5
      vertex 25.7417 13.2084 3.5
    endloop
  endfacet
  facet normal -0.243015 0.970023 0
    outer loop
      vertex 25.1705 13.0653 3.5
      vertex 25.7417 13.2084 0
      vertex 25.1705 13.0653 0
    endloop
  endfacet
  facet normal 0.595589 0.803289 -0
    outer loop
      vertex -27.3334 13.9612 0
      vertex -27.8064 14.3119 3.5
      vertex -27.3334 13.9612 3.5
    endloop
  endfacet
  facet normal 0.595589 0.803289 0
    outer loop
      vertex -27.8064 14.3119 3.5
      vertex -27.3334 13.9612 0
      vertex -27.8064 14.3119 0
    endloop
  endfacet
  facet normal 0.998795 0.0490821 0
    outer loop
      vertex -29.9711 18.3619 3.5
      vertex -30 18.95 0
      vertex -30 18.95 3.5
    endloop
  endfacet
  facet normal 0.998795 0.0490821 0
    outer loop
      vertex -30 18.95 0
      vertex -29.9711 18.3619 3.5
      vertex -29.9711 18.3619 0
    endloop
  endfacet
  facet normal 0.427612 0.903962 -0
    outer loop
      vertex -26.2961 13.4067 0
      vertex -26.8284 13.6585 3.5
      vertex -26.2961 13.4067 3.5
    endloop
  endfacet
  facet normal 0.427612 0.903962 0
    outer loop
      vertex -26.8284 13.6585 3.5
      vertex -26.2961 13.4067 0
      vertex -26.8284 13.6585 0
    endloop
  endfacet
  facet normal 0.94158 -0.336788 0
    outer loop
      vertex -29.7416 42.6917 3.5
      vertex -29.5433 43.2461 0
      vertex -29.5433 43.2461 3.5
    endloop
  endfacet
  facet normal 0.94158 -0.336788 0
    outer loop
      vertex -29.5433 43.2461 0
      vertex -29.7416 42.6917 3.5
      vertex -29.7416 42.6917 0
    endloop
  endfacet
  facet normal -0.0490821 -0.998795 0
    outer loop
      vertex 24 46.95 0
      vertex 24.5881 46.9211 3.5
      vertex 24 46.95 3.5
    endloop
  endfacet
  facet normal -0.0490821 -0.998795 -0
    outer loop
      vertex 24.5881 46.9211 3.5
      vertex 24 46.95 0
      vertex 24.5881 46.9211 0
    endloop
  endfacet
  facet normal 0.336788 0.94158 -0
    outer loop
      vertex -25.7417 13.2084 0
      vertex -26.2961 13.4067 3.5
      vertex -25.7417 13.2084 3.5
    endloop
  endfacet
  facet normal 0.336788 0.94158 0
    outer loop
      vertex -26.2961 13.4067 3.5
      vertex -25.7417 13.2084 0
      vertex -26.2961 13.4067 0
    endloop
  endfacet
  facet normal 0.998795 -0.0490821 0
    outer loop
      vertex -30 40.95 3.5
      vertex -29.9711 41.5381 0
      vertex -29.9711 41.5381 3.5
    endloop
  endfacet
  facet normal 0.998795 -0.0490821 0
    outer loop
      vertex -29.9711 41.5381 0
      vertex -30 40.95 3.5
      vertex -30 40.95 0
    endloop
  endfacet
  facet normal 0.989174 0.146746 0
    outer loop
      vertex -29.8847 17.7795 3.5
      vertex -29.9711 18.3619 0
      vertex -29.9711 18.3619 3.5
    endloop
  endfacet
  facet normal 0.989174 0.146746 0
    outer loop
      vertex -29.9711 18.3619 0
      vertex -29.8847 17.7795 3.5
      vertex -29.8847 17.7795 0
    endloop
  endfacet
  facet normal 0.427612 -0.903962 0
    outer loop
      vertex -26.8284 46.2415 0
      vertex -26.2961 46.4933 3.5
      vertex -26.8284 46.2415 3.5
    endloop
  endfacet
  facet normal 0.427612 -0.903962 0
    outer loop
      vertex -26.2961 46.4933 3.5
      vertex -26.8284 46.2415 0
      vertex -26.2961 46.4933 0
    endloop
  endfacet
  facet normal -0.514121 -0.857718 0
    outer loop
      vertex 26.8284 46.2415 0
      vertex 27.3334 45.9388 3.5
      vertex 26.8284 46.2415 3.5
    endloop
  endfacet
  facet normal -0.514121 -0.857718 -0
    outer loop
      vertex 27.3334 45.9388 3.5
      vertex 26.8284 46.2415 0
      vertex 27.3334 45.9388 0
    endloop
  endfacet
  facet normal 0 1 -0
    outer loop
      vertex 24 12.95 0
      vertex -24 12.95 3.5
      vertex 24 12.95 3.5
    endloop
  endfacet
  facet normal 0 1 0
    outer loop
      vertex -24 12.95 3.5
      vertex 24 12.95 0
      vertex -24 12.95 0
    endloop
  endfacet
  facet normal 0 -1 0
    outer loop
      vertex -24 46.95 0
      vertex 24 46.95 3.5
      vertex -24 46.95 3.5
    endloop
  endfacet
  facet normal 0 -1 -0
    outer loop
      vertex 24 46.95 3.5
      vertex -24 46.95 0
      vertex 24 46.95 0
    endloop
  endfacet
  facet normal -0.970023 0.243015 0
    outer loop
      vertex 29.7416 17.2083 0
      vertex 29.8847 17.7795 3.5
      vertex 29.8847 17.7795 0
    endloop
  endfacet
  facet normal -0.970023 0.243015 0
    outer loop
      vertex 29.8847 17.7795 3.5
      vertex 29.7416 17.2083 0
      vertex 29.7416 17.2083 3.5
    endloop
  endfacet
  facet normal 0.146746 -0.989174 0
    outer loop
      vertex -25.1705 46.8347 0
      vertex -24.5881 46.9211 3.5
      vertex -25.1705 46.8347 3.5
    endloop
  endfacet
  facet normal 0.146746 -0.989174 0
    outer loop
      vertex -24.5881 46.9211 3.5
      vertex -25.1705 46.8347 0
      vertex -24.5881 46.9211 0
    endloop
  endfacet
  facet normal -0.6717 0.740823 0
    outer loop
      vertex 28.2426 14.7074 0
      vertex 27.8064 14.3119 3.5
      vertex 28.2426 14.7074 3.5
    endloop
  endfacet
  facet normal -0.6717 0.740823 0
    outer loop
      vertex 27.8064 14.3119 3.5
      vertex 28.2426 14.7074 0
      vertex 27.8064 14.3119 0
    endloop
  endfacet
  facet normal -1 0 0
    outer loop
      vertex 30 18.95 0
      vertex 30 40.95 3.5
      vertex 30 40.95 0
    endloop
  endfacet
  facet normal -1 -0 0
    outer loop
      vertex 30 40.95 3.5
      vertex 30 18.95 0
      vertex 30 18.95 3.5
    endloop
  endfacet
  facet normal 0.989174 -0.146746 0
    outer loop
      vertex -29.9711 41.5381 3.5
      vertex -29.8847 42.1205 0
      vertex -29.8847 42.1205 3.5
    endloop
  endfacet
  facet normal 0.989174 -0.146746 0
    outer loop
      vertex -29.8847 42.1205 0
      vertex -29.9711 41.5381 3.5
      vertex -29.9711 41.5381 0
    endloop
  endfacet
  facet normal 0.514121 -0.857718 0
    outer loop
      vertex -27.3334 45.9388 0
      vertex -26.8284 46.2415 3.5
      vertex -27.3334 45.9388 3.5
    endloop
  endfacet
  facet normal 0.514121 -0.857718 0
    outer loop
      vertex -26.8284 46.2415 3.5
      vertex -27.3334 45.9388 0
      vertex -26.8284 46.2415 0
    endloop
  endfacet
  facet normal 0.6717 -0.740823 0
    outer loop
      vertex -28.2426 45.1926 0
      vertex -27.8064 45.5881 3.5
      vertex -28.2426 45.1926 3.5
    endloop
  endfacet
  facet normal 0.6717 -0.740823 0
    outer loop
      vertex -27.8064 45.5881 3.5
      vertex -28.2426 45.1926 0
      vertex -27.8064 45.5881 0
    endloop
  endfacet
  facet normal 0.803289 -0.595589 0
    outer loop
      vertex -28.9888 44.2834 3.5
      vertex -28.6381 44.7564 0
      vertex -28.6381 44.7564 3.5
    endloop
  endfacet
  facet normal 0.803289 -0.595589 0
    outer loop
      vertex -28.6381 44.7564 0
      vertex -28.9888 44.2834 3.5
      vertex -28.9888 44.2834 0
    endloop
  endfacet
  facet normal 0.857718 0.514121 0
    outer loop
      vertex -28.9888 15.6166 3.5
      vertex -29.2915 16.1216 0
      vertex -29.2915 16.1216 3.5
    endloop
  endfacet
  facet normal 0.857718 0.514121 0
    outer loop
      vertex -29.2915 16.1216 0
      vertex -28.9888 15.6166 3.5
      vertex -28.9888 15.6166 0
    endloop
  endfacet
  facet normal -0.336788 0.94158 0
    outer loop
      vertex 26.2961 13.4067 0
      vertex 25.7417 13.2084 3.5
      vertex 26.2961 13.4067 3.5
    endloop
  endfacet
  facet normal -0.336788 0.94158 0
    outer loop
      vertex 25.7417 13.2084 3.5
      vertex 26.2961 13.4067 0
      vertex 25.7417 13.2084 0
    endloop
  endfacet
  facet normal 0.243015 0.970023 -0
    outer loop
      vertex -25.1705 13.0653 0
      vertex -25.7417 13.2084 3.5
      vertex -25.1705 13.0653 3.5
    endloop
  endfacet
  facet normal 0.243015 0.970023 0
    outer loop
      vertex -25.7417 13.2084 3.5
      vertex -25.1705 13.0653 0
      vertex -25.7417 13.2084 0
    endloop
  endfacet
  facet normal -0.970023 -0.243015 0
    outer loop
      vertex 29.8847 42.1205 0
      vertex 29.7416 42.6917 3.5
      vertex 29.7416 42.6917 0
    endloop
  endfacet
  facet normal -0.970023 -0.243015 0
    outer loop
      vertex 29.7416 42.6917 3.5
      vertex 29.8847 42.1205 0
      vertex 29.8847 42.1205 3.5
    endloop
  endfacet
  facet normal 0.595589 -0.803289 0
    outer loop
      vertex -27.8064 45.5881 0
      vertex -27.3334 45.9388 3.5
      vertex -27.8064 45.5881 3.5
    endloop
  endfacet
  facet normal 0.595589 -0.803289 0
    outer loop
      vertex -27.3334 45.9388 3.5
      vertex -27.8064 45.5881 0
      vertex -27.3334 45.9388 0
    endloop
  endfacet
  facet normal -0.0490821 0.998795 0
    outer loop
      vertex 24.5881 12.9789 0
      vertex 24 12.95 3.5
      vertex 24.5881 12.9789 3.5
    endloop
  endfacet
  facet normal -0.0490821 0.998795 0
    outer loop
      vertex 24 12.95 3.5
      vertex 24.5881 12.9789 0
      vertex 24 12.95 0
    endloop
  endfacet
  facet normal 0.740823 0.6717 0
    outer loop
      vertex -28.2426 14.7074 3.5
      vertex -28.6381 15.1436 0
      vertex -28.6381 15.1436 3.5
    endloop
  endfacet
  facet normal 0.740823 0.6717 0
    outer loop
      vertex -28.6381 15.1436 0
      vertex -28.2426 14.7074 3.5
      vertex -28.2426 14.7074 0
    endloop
  endfacet
  facet normal -0.740823 -0.6717 0
    outer loop
      vertex 28.6381 44.7564 0
      vertex 28.2426 45.1926 3.5
      vertex 28.2426 45.1926 0
    endloop
  endfacet
  facet normal -0.740823 -0.6717 0
    outer loop
      vertex 28.2426 45.1926 3.5
      vertex 28.6381 44.7564 0
      vertex 28.6381 44.7564 3.5
    endloop
  endfacet
  facet normal 0.0490821 0.998795 -0
    outer loop
      vertex -24 12.95 0
      vertex -24.5881 12.9789 3.5
      vertex -24 12.95 3.5
    endloop
  endfacet
  facet normal 0.0490821 0.998795 0
    outer loop
      vertex -24.5881 12.9789 3.5
      vertex -24 12.95 0
      vertex -24.5881 12.9789 0
    endloop
  endfacet
  facet normal -0.803289 -0.595589 0
    outer loop
      vertex 28.9888 44.2834 0
      vertex 28.6381 44.7564 3.5
      vertex 28.6381 44.7564 0
    endloop
  endfacet
  facet normal -0.803289 -0.595589 0
    outer loop
      vertex 28.6381 44.7564 3.5
      vertex 28.9888 44.2834 0
      vertex 28.9888 44.2834 3.5
    endloop
  endfacet
  facet normal -0.740823 0.6717 0
    outer loop
      vertex 28.2426 14.7074 0
      vertex 28.6381 15.1436 3.5
      vertex 28.6381 15.1436 0
    endloop
  endfacet
  facet normal -0.740823 0.6717 0
    outer loop
      vertex 28.6381 15.1436 3.5
      vertex 28.2426 14.7074 0
      vertex 28.2426 14.7074 3.5
    endloop
  endfacet
  facet normal 0.803289 0.595589 0
    outer loop
      vertex -28.6381 15.1436 3.5
      vertex -28.9888 15.6166 0
      vertex -28.9888 15.6166 3.5
    endloop
  endfacet
  facet normal 0.803289 0.595589 0
    outer loop
      vertex -28.9888 15.6166 0
      vertex -28.6381 15.1436 3.5
      vertex -28.6381 15.1436 0
    endloop
  endfacet
  facet normal -0.595589 -0.803289 0
    outer loop
      vertex 27.3334 45.9388 0
      vertex 27.8064 45.5881 3.5
      vertex 27.3334 45.9388 3.5
    endloop
  endfacet
  facet normal -0.595589 -0.803289 -0
    outer loop
      vertex 27.8064 45.5881 3.5
      vertex 27.3334 45.9388 0
      vertex 27.8064 45.5881 0
    endloop
  endfacet
  facet normal -0.146746 -0.989174 0
    outer loop
      vertex 24.5881 46.9211 0
      vertex 25.1705 46.8347 3.5
      vertex 24.5881 46.9211 3.5
    endloop
  endfacet
  facet normal -0.146746 -0.989174 -0
    outer loop
      vertex 25.1705 46.8347 3.5
      vertex 24.5881 46.9211 0
      vertex 25.1705 46.8347 0
    endloop
  endfacet
  facet normal 0.903962 -0.427612 0
    outer loop
      vertex -29.5433 43.2461 3.5
      vertex -29.2915 43.7784 0
      vertex -29.2915 43.7784 3.5
    endloop
  endfacet
  facet normal 0.903962 -0.427612 0
    outer loop
      vertex -29.2915 43.7784 0
      vertex -29.5433 43.2461 3.5
      vertex -29.5433 43.2461 0
    endloop
  endfacet
  facet normal -0.146746 0.989174 0
    outer loop
      vertex 25.1705 13.0653 0
      vertex 24.5881 12.9789 3.5
      vertex 25.1705 13.0653 3.5
    endloop
  endfacet
  facet normal -0.146746 0.989174 0
    outer loop
      vertex 24.5881 12.9789 3.5
      vertex 25.1705 13.0653 0
      vertex 24.5881 12.9789 0
    endloop
  endfacet
  facet normal -0.998795 -0.0490821 0
    outer loop
      vertex 30 40.95 0
      vertex 29.9711 41.5381 3.5
      vertex 29.9711 41.5381 0
    endloop
  endfacet
  facet normal -0.998795 -0.0490821 0
    outer loop
      vertex 29.9711 41.5381 3.5
      vertex 30 40.95 0
      vertex 30 40.95 3.5
    endloop
  endfacet
  facet normal -0.336788 -0.94158 0
    outer loop
      vertex 25.7417 46.6916 0
      vertex 26.2961 46.4933 3.5
      vertex 25.7417 46.6916 3.5
    endloop
  endfacet
  facet normal -0.336788 -0.94158 -0
    outer loop
      vertex 26.2961 46.4933 3.5
      vertex 25.7417 46.6916 0
      vertex 26.2961 46.4933 0
    endloop
  endfacet
  facet normal -0.243015 -0.970023 0
    outer loop
      vertex 25.1705 46.8347 0
      vertex 25.7417 46.6916 3.5
      vertex 25.1705 46.8347 3.5
    endloop
  endfacet
  facet normal -0.243015 -0.970023 -0
    outer loop
      vertex 25.7417 46.6916 3.5
      vertex 25.1705 46.8347 0
      vertex 25.7417 46.6916 0
    endloop
  endfacet
  facet normal -0.998795 0.0490821 0
    outer loop
      vertex 29.9711 18.3619 0
      vertex 30 18.95 3.5
      vertex 30 18.95 0
    endloop
  endfacet
  facet normal -0.998795 0.0490821 0
    outer loop
      vertex 30 18.95 3.5
      vertex 29.9711 18.3619 0
      vertex 29.9711 18.3619 3.5
    endloop
  endfacet
  facet normal -0.94158 -0.336788 0
    outer loop
      vertex 29.7416 42.6917 0
      vertex 29.5433 43.2461 3.5
      vertex 29.5433 43.2461 0
    endloop
  endfacet
  facet normal -0.94158 -0.336788 0
    outer loop
      vertex 29.5433 43.2461 3.5
      vertex 29.7416 42.6917 0
      vertex 29.7416 42.6917 3.5
    endloop
  endfacet
  facet normal -0.595589 0.803289 0
    outer loop
      vertex 27.8064 14.3119 0
      vertex 27.3334 13.9612 3.5
      vertex 27.8064 14.3119 3.5
    endloop
  endfacet
  facet normal -0.595589 0.803289 0
    outer loop
      vertex 27.3334 13.9612 3.5
      vertex 27.8064 14.3119 0
      vertex 27.3334 13.9612 0
    endloop
  endfacet
  facet normal 0.146746 0.989174 -0
    outer loop
      vertex -24.5881 12.9789 0
      vertex -25.1705 13.0653 3.5
      vertex -24.5881 12.9789 3.5
    endloop
  endfacet
  facet normal 0.146746 0.989174 0
    outer loop
      vertex -25.1705 13.0653 3.5
      vertex -24.5881 12.9789 0
      vertex -25.1705 13.0653 0
    endloop
  endfacet
  facet normal -0.427612 0.903962 0
    outer loop
      vertex 26.8284 13.6585 0
      vertex 26.2961 13.4067 3.5
      vertex 26.8284 13.6585 3.5
    endloop
  endfacet
  facet normal -0.427612 0.903962 0
    outer loop
      vertex 26.2961 13.4067 3.5
      vertex 26.8284 13.6585 0
      vertex 26.2961 13.4067 0
    endloop
  endfacet
  facet normal 0.6717 0.740823 -0
    outer loop
      vertex -27.8064 14.3119 0
      vertex -28.2426 14.7074 3.5
      vertex -27.8064 14.3119 3.5
    endloop
  endfacet
  facet normal 0.6717 0.740823 0
    outer loop
      vertex -28.2426 14.7074 3.5
      vertex -27.8064 14.3119 0
      vertex -28.2426 14.7074 0
    endloop
  endfacet
  facet normal 0.0490821 -0.998795 0
    outer loop
      vertex -24.5881 46.9211 0
      vertex -24 46.95 3.5
      vertex -24.5881 46.9211 3.5
    endloop
  endfacet
  facet normal 0.0490821 -0.998795 0
    outer loop
      vertex -24 46.95 3.5
      vertex -24.5881 46.9211 0
      vertex -24 46.95 0
    endloop
  endfacet
  facet normal -0.989174 0.146746 0
    outer loop
      vertex 29.8847 17.7795 0
      vertex 29.9711 18.3619 3.5
      vertex 29.9711 18.3619 0
    endloop
  endfacet
  facet normal -0.989174 0.146746 0
    outer loop
      vertex 29.9711 18.3619 3.5
      vertex 29.8847 17.7795 0
      vertex 29.8847 17.7795 3.5
    endloop
  endfacet
  facet normal 0.336788 -0.94158 0
    outer loop
      vertex -26.2961 46.4933 0
      vertex -25.7417 46.6916 3.5
      vertex -26.2961 46.4933 3.5
    endloop
  endfacet
  facet normal 0.336788 -0.94158 0
    outer loop
      vertex -25.7417 46.6916 3.5
      vertex -26.2961 46.4933 0
      vertex -25.7417 46.6916 0
    endloop
  endfacet
  facet normal -0.6717 -0.740823 0
    outer loop
      vertex 27.8064 45.5881 0
      vertex 28.2426 45.1926 3.5
      vertex 27.8064 45.5881 3.5
    endloop
  endfacet
  facet normal -0.6717 -0.740823 -0
    outer loop
      vertex 28.2426 45.1926 3.5
      vertex 27.8064 45.5881 0
      vertex 28.2426 45.1926 0
    endloop
  endfacet
  facet normal -0.514121 0.857718 0
    outer loop
      vertex 27.3334 13.9612 0
      vertex 26.8284 13.6585 3.5
      vertex 27.3334 13.9612 3.5
    endloop
  endfacet
  facet normal -0.514121 0.857718 0
    outer loop
      vertex 26.8284 13.6585 3.5
      vertex 27.3334 13.9612 0
      vertex 26.8284 13.6585 0
    endloop
  endfacet
  facet normal -0.857718 -0.514121 0
    outer loop
      vertex 29.2915 43.7784 0
      vertex 28.9888 44.2834 3.5
      vertex 28.9888 44.2834 0
    endloop
  endfacet
  facet normal -0.857718 -0.514121 0
    outer loop
      vertex 28.9888 44.2834 3.5
      vertex 29.2915 43.7784 0
      vertex 29.2915 43.7784 3.5
    endloop
  endfacet
  facet normal -0.94158 0.336788 0
    outer loop
      vertex 29.5433 16.6539 0
      vertex 29.7416 17.2083 3.5
      vertex 29.7416 17.2083 0
    endloop
  endfacet
  facet normal -0.94158 0.336788 0
    outer loop
      vertex 29.7416 17.2083 3.5
      vertex 29.5433 16.6539 0
      vertex 29.5433 16.6539 3.5
    endloop
  endfacet
  facet normal -0.989174 -0.146746 0
    outer loop
      vertex 29.9711 41.5381 0
      vertex 29.8847 42.1205 3.5
      vertex 29.8847 42.1205 0
    endloop
  endfacet
  facet normal -0.989174 -0.146746 0
    outer loop
      vertex 29.8847 42.1205 3.5
      vertex 29.9711 41.5381 0
      vertex 29.9711 41.5381 3.5
    endloop
  endfacet
  facet normal -0.427612 -0.903962 0
    outer loop
      vertex 26.2961 46.4933 0
      vertex 26.8284 46.2415 3.5
      vertex 26.2961 46.4933 3.5
    endloop
  endfacet
  facet normal -0.427612 -0.903962 -0
    outer loop
      vertex 26.8284 46.2415 3.5
      vertex 26.2961 46.4933 0
      vertex 26.8284 46.2415 0
    endloop
  endfacet
  facet normal 0.514121 0.857718 -0
    outer loop
      vertex -26.8284 13.6585 0
      vertex -27.3334 13.9612 3.5
      vertex -26.8284 13.6585 3.5
    endloop
  endfacet
  facet normal 0.514121 0.857718 0
    outer loop
      vertex -27.3334 13.9612 3.5
      vertex -26.8284 13.6585 0
      vertex -27.3334 13.9612 0
    endloop
  endfacet
  facet normal -0.903962 0.427612 0
    outer loop
      vertex 29.2915 16.1216 0
      vertex 29.5433 16.6539 3.5
      vertex 29.5433 16.6539 0
    endloop
  endfacet
  facet normal -0.903962 0.427612 0
    outer loop
      vertex 29.5433 16.6539 3.5
      vertex 29.2915 16.1216 0
      vertex 29.2915 16.1216 3.5
    endloop
  endfacet
  facet normal -0.903962 -0.427612 0
    outer loop
      vertex 29.5433 43.2461 0
      vertex 29.2915 43.7784 3.5
      vertex 29.2915 43.7784 0
    endloop
  endfacet
  facet normal -0.903962 -0.427612 0
    outer loop
      vertex 29.2915 43.7784 3.5
      vertex 29.5433 43.2461 0
      vertex 29.5433 43.2461 3.5
    endloop
  endfacet
  facet normal -1 0 0
    outer loop
      vertex 29 0 149.841
      vertex 29 3 154.52
      vertex 29 3 149.841
    endloop
  endfacet
  facet normal -1 -0 0
    outer loop
      vertex 29 3 154.52
      vertex 29 0 149.841
      vertex 29 0 154.52
    endloop
  endfacet
  facet normal -0.866044 0 -0.499968
    outer loop
      vertex 29 0 154.52
      vertex 24 3 163.181
      vertex 29 3 154.52
    endloop
  endfacet
  facet normal -0.866044 -0 -0.499968
    outer loop
      vertex 24 3 163.181
      vertex 29 0 154.52
      vertex 24 0 163.181
    endloop
  endfacet
  facet normal 0.866044 0 -0.499968
    outer loop
      vertex 24 0 163.181
      vertex 19 3 154.52
      vertex 24 3 163.181
    endloop
  endfacet
  facet normal 0.866044 0 -0.499968
    outer loop
      vertex 19 3 154.52
      vertex 24 0 163.181
      vertex 19 0 154.52
    endloop
  endfacet
  facet normal 1 -0 0
    outer loop
      vertex 19 0 154.52
      vertex 19 3 149.841
      vertex 19 3 154.52
    endloop
  endfacet
  facet normal 1 0 0
    outer loop
      vertex 19 3 149.841
      vertex 19 0 154.52
      vertex 19 0 149.841
    endloop
  endfacet
  facet normal 0.866019 -0 0.500011
    outer loop
      vertex 19 0 149.841
      vertex 24 3 141.181
      vertex 19 3 149.841
    endloop
  endfacet
  facet normal 0.866019 0 0.500011
    outer loop
      vertex 24 3 141.181
      vertex 19 0 149.841
      vertex 24 0 141.181
    endloop
  endfacet
  facet normal -0.866019 0 0.500011
    outer loop
      vertex 24 0 141.181
      vertex 29 3 149.841
      vertex 24 3 141.181
    endloop
  endfacet
  facet normal -0.866019 0 0.500011
    outer loop
      vertex 29 3 149.841
      vertex 24 0 141.181
      vertex 29 0 149.841
    endloop
  endfacet
  facet normal -1 0 0
    outer loop
      vertex 17 0 149.841
      vertex 17 3 154.52
      vertex 17 3 149.841
    endloop
  endfacet
  facet normal -1 -0 0
    outer loop
      vertex 17 3 154.52
      vertex 17 0 149.841
      vertex 17 0 154.52
    endloop
  endfacet
  facet normal -0.866044 0 -0.499968
    outer loop
      vertex 17 0 154.52
      vertex 12 3 163.181
      vertex 17 3 154.52
    endloop
  endfacet
  facet normal -0.866044 -0 -0.499968
    outer loop
      vertex 12 3 163.181
      vertex 17 0 154.52
      vertex 12 0 163.181
    endloop
  endfacet
  facet normal 0.866044 0 -0.499968
    outer loop
      vertex 12 0 163.181
      vertex 7 3 154.52
      vertex 12 3 163.181
    endloop
  endfacet
  facet normal 0.866044 0 -0.499968
    outer loop
      vertex 7 3 154.52
      vertex 12 0 163.181
      vertex 7 0 154.52
    endloop
  endfacet
  facet normal 1 -0 0
    outer loop
      vertex 7 0 154.52
      vertex 7 3 149.841
      vertex 7 3 154.52
    endloop
  endfacet
  facet normal 1 0 0
    outer loop
      vertex 7 3 149.841
      vertex 7 0 154.52
      vertex 7 0 149.841
    endloop
  endfacet
  facet normal 0.866019 -0 0.500011
    outer loop
      vertex 7 0 149.841
      vertex 12 3 141.181
      vertex 7 3 149.841
    endloop
  endfacet
  facet normal 0.866019 0 0.500011
    outer loop
      vertex 12 3 141.181
      vertex 7 0 149.841
      vertex 12 0 141.181
    endloop
  endfacet
  facet normal -0.866019 0 0.500011
    outer loop
      vertex 12 0 141.181
      vertex 17 3 149.841
      vertex 12 3 141.181
    endloop
  endfacet
  facet normal -0.866019 0 0.500011
    outer loop
      vertex 17 3 149.841
      vertex 12 0 141.181
      vertex 17 0 149.841
    endloop
  endfacet
  facet normal -1 0 0
    outer loop
      vertex 5 0 149.841
      vertex 5 3 154.52
      vertex 5 3 149.841
    endloop
  endfacet
  facet normal -1 -0 0
    outer loop
      vertex 5 3 154.52
      vertex 5 0 149.841
      vertex 5 0 154.52
    endloop
  endfacet
  facet normal -0.866044 0 -0.499968
    outer loop
      vertex 5 0 154.52
      vertex 0 3 163.181
      vertex 5 3 154.52
    endloop
  endfacet
  facet normal -0.866044 -0 -0.499968
    outer loop
      vertex 0 3 163.181
      vertex 5 0 154.52
      vertex 0 0 163.181
    endloop
  endfacet
  facet normal 0.866044 0 -0.499968
    outer loop
      vertex 0 0 163.181
      vertex -5 3 154.52
      vertex 0 3 163.181
    endloop
  endfacet
  facet normal 0.866044 0 -0.499968
    outer loop
      vertex -5 3 154.52
      vertex 0 0 163.181
      vertex -5 0 154.52
    endloop
  endfacet
  facet normal 1 -0 0
    outer loop
      vertex -5 0 154.52
      vertex -5 3 149.841
      vertex -5 3 154.52
    endloop
  endfacet
  facet normal 1 0 0
    outer loop
      vertex -5 3 149.841
      vertex -5 0 154.52
      vertex -5 0 149.841
    endloop
  endfacet
  facet normal 0.866019 -0 0.500011
    outer loop
      vertex -5 0 149.841
      vertex 0 3 141.181
      vertex -5 3 149.841
    endloop
  endfacet
  facet normal 0.866019 0 0.500011
    outer loop
      vertex 0 3 141.181
      vertex -5 0 149.841
      vertex 0 0 141.181
    endloop
  endfacet
  facet normal -0.866019 0 0.500011
    outer loop
      vertex 0 0 141.181
      vertex 5 3 149.841
      vertex 0 3 141.181
    endloop
  endfacet
  facet normal -0.866019 0 0.500011
    outer loop
      vertex 5 3 149.841
      vertex 0 0 141.181
      vertex 5 0 149.841
    endloop
  endfacet
  facet normal -1 0 0
    outer loop
      vertex -7 0 149.841
      vertex -7 3 154.52
      vertex -7 3 149.841
    endloop
  endfacet
  facet normal -1 -0 0
    outer loop
      vertex -7 3 154.52
      vertex -7 0 149.841
      vertex -7 0 154.52
    endloop
  endfacet
  facet normal -0.866044 0 -0.499968
    outer loop
      vertex -7 0 154.52
      vertex -12 3 163.181
      vertex -7 3 154.52
    endloop
  endfacet
  facet normal -0.866044 -0 -0.499968
    outer loop
      vertex -12 3 163.181
      vertex -7 0 154.52
      vertex -12 0 163.181
    endloop
  endfacet
  facet normal 0.866044 0 -0.499968
    outer loop
      vertex -12 0 163.181
      vertex -17 3 154.52
      vertex -12 3 163.181
    endloop
  endfacet
  facet normal 0.866044 0 -0.499968
    outer loop
      vertex -17 3 154.52
      vertex -12 0 163.181
      vertex -17 0 154.52
    endloop
  endfacet
  facet normal 1 -0 0
    outer loop
      vertex -17 0 154.52
      vertex -17 3 149.841
      vertex -17 3 154.52
    endloop
  endfacet
  facet normal 1 0 0
    outer loop
      vertex -17 3 149.841
      vertex -17 0 154.52
      vertex -17 0 149.841
    endloop
  endfacet
  facet normal 0.866019 -0 0.500011
    outer loop
      vertex -17 0 149.841
      vertex -12 3 141.181
      vertex -17 3 149.841
    endloop
  endfacet
  facet normal 0.866019 0 0.500011
    outer loop
      vertex -12 3 141.181
      vertex -17 0 149.841
      vertex -12 0 141.181
    endloop
  endfacet
  facet normal -0.866019 0 0.500011
    outer loop
      vertex -12 0 141.181
      vertex -7 3 149.841
      vertex -12 3 141.181
    endloop
  endfacet
  facet normal -0.866019 0 0.500011
    outer loop
      vertex -7 3 149.841
      vertex -12 0 141.181
      vertex -7 0 149.841
    endloop
  endfacet
  facet normal -1 0 0
    outer loop
      vertex -19 0 149.841
      vertex -19 3 154.52
      vertex -19 3 149.841
    endloop
  endfacet
  facet normal -1 -0 0
    outer loop
      vertex -19 3 154.52
      vertex -19 0 149.841
      vertex -19 0 154.52
    endloop
  endfacet
  facet normal -0.866044 0 -0.499968
    outer loop
      vertex -19 0 154.52
      vertex -24 3 163.181
      vertex -19 3 154.52
    endloop
  endfacet
  facet normal -0.866044 -0 -0.499968
    outer loop
      vertex -24 3 163.181
      vertex -19 0 154.52
      vertex -24 0 163.181
    endloop
  endfacet
  facet normal 0.866044 0 -0.499968
    outer loop
      vertex -24 0 163.181
      vertex -29 3 154.52
      vertex -24 3 163.181
    endloop
  endfacet
  facet normal 0.866044 0 -0.499968
    outer loop
      vertex -29 3 154.52
      vertex -24 0 163.181
      vertex -29 0 154.52
    endloop
  endfacet
  facet normal 1 -0 0
    outer loop
      vertex -29 0 154.52
      vertex -29 3 149.841
      vertex -29 3 154.52
    endloop
  endfacet
  facet normal 1 0 0
    outer loop
      vertex -29 3 149.841
      vertex -29 0 154.52
      vertex -29 0 149.841
    endloop
  endfacet
  facet normal 0.866019 -0 0.500011
    outer loop
      vertex -29 0 149.841
      vertex -24 3 141.181
      vertex -29 3 149.841
    endloop
  endfacet
  facet normal 0.866019 0 0.500011
    outer loop
      vertex -24 3 141.181
      vertex -29 0 149.841
      vertex -24 0 141.181
    endloop
  endfacet
  facet normal -0.866019 0 0.500011
    outer loop
      vertex -24 0 141.181
      vertex -19 3 149.841
      vertex -24 3 141.181
    endloop
  endfacet
  facet normal -0.866019 0 0.500011
    outer loop
      vertex -19 3 149.841
      vertex -24 0 141.181
      vertex -19 0 149.841
    endloop
  endfacet
  facet normal -1 0 0
    outer loop
      vertex 35 0 134.233
      vertex 35 3 138.913
      vertex 35 3 134.233
    endloop
  endfacet
  facet normal -1 -0 0
    outer loop
      vertex 35 3 138.913
      vertex 35 0 134.233
      vertex 35 0 138.913
    endloop
  endfacet
  facet normal -0.866019 0 -0.500011
    outer loop
      vertex 35 0 138.913
      vertex 30 3 147.573
      vertex 35 3 138.913
    endloop
  endfacet
  facet normal -0.866019 -0 -0.500011
    outer loop
      vertex 30 3 147.573
      vertex 35 0 138.913
      vertex 30 0 147.573
    endloop
  endfacet
  facet normal 0.866019 0 -0.500011
    outer loop
      vertex 30 0 147.573
      vertex 25 3 138.913
      vertex 30 3 147.573
    endloop
  endfacet
  facet normal 0.866019 0 -0.500011
    outer loop
      vertex 25 3 138.913
      vertex 30 0 147.573
      vertex 25 0 138.913
    endloop
  endfacet
  facet normal 1 -0 0
    outer loop
      vertex 25 0 138.913
      vertex 25 3 134.233
      vertex 25 3 138.913
    endloop
  endfacet
  facet normal 1 0 0
    outer loop
      vertex 25 3 134.233
      vertex 25 0 138.913
      vertex 25 0 134.233
    endloop
  endfacet
  facet normal 0.866019 -0 0.500011
    outer loop
      vertex 25 0 134.233
      vertex 30 3 125.573
      vertex 25 3 134.233
    endloop
  endfacet
  facet normal 0.866019 0 0.500011
    outer loop
      vertex 30 3 125.573
      vertex 25 0 134.233
      vertex 30 0 125.573
    endloop
  endfacet
  facet normal -0.866019 0 0.500011
    outer loop
      vertex 30 0 125.573
      vertex 35 3 134.233
      vertex 30 3 125.573
    endloop
  endfacet
  facet normal -0.866019 0 0.500011
    outer loop
      vertex 35 3 134.233
      vertex 30 0 125.573
      vertex 35 0 134.233
    endloop
  endfacet
  facet normal -1 0 0
    outer loop
      vertex 23 0 134.233
      vertex 23 3 138.913
      vertex 23 3 134.233
    endloop
  endfacet
  facet normal -1 -0 0
    outer loop
      vertex 23 3 138.913
      vertex 23 0 134.233
      vertex 23 0 138.913
    endloop
  endfacet
  facet normal -0.866019 0 -0.500011
    outer loop
      vertex 23 0 138.913
      vertex 18 3 147.573
      vertex 23 3 138.913
    endloop
  endfacet
  facet normal -0.866019 -0 -0.500011
    outer loop
      vertex 18 3 147.573
      vertex 23 0 138.913
      vertex 18 0 147.573
    endloop
  endfacet
  facet normal 0.866019 0 -0.500011
    outer loop
      vertex 18 0 147.573
      vertex 13 3 138.913
      vertex 18 3 147.573
    endloop
  endfacet
  facet normal 0.866019 0 -0.500011
    outer loop
      vertex 13 3 138.913
      vertex 18 0 147.573
      vertex 13 0 138.913
    endloop
  endfacet
  facet normal 1 -0 0
    outer loop
      vertex 13 0 138.913
      vertex 13 3 134.233
      vertex 13 3 138.913
    endloop
  endfacet
  facet normal 1 0 0
    outer loop
      vertex 13 3 134.233
      vertex 13 0 138.913
      vertex 13 0 134.233
    endloop
  endfacet
  facet normal 0.866019 -0 0.500011
    outer loop
      vertex 13 0 134.233
      vertex 18 3 125.573
      vertex 13 3 134.233
    endloop
  endfacet
  facet normal 0.866019 0 0.500011
    outer loop
      vertex 18 3 125.573
      vertex 13 0 134.233
      vertex 18 0 125.573
    endloop
  endfacet
  facet normal -0.866019 0 0.500011
    outer loop
      vertex 18 0 125.573
      vertex 23 3 134.233
      vertex 18 3 125.573
    endloop
  endfacet
  facet normal -0.866019 0 0.500011
    outer loop
      vertex 23 3 134.233
      vertex 18 0 125.573
      vertex 23 0 134.233
    endloop
  endfacet
  facet normal -1 0 0
    outer loop
      vertex 11 0 134.233
      vertex 11 3 138.913
      vertex 11 3 134.233
    endloop
  endfacet
  facet normal -1 -0 0
    outer loop
      vertex 11 3 138.913
      vertex 11 0 134.233
      vertex 11 0 138.913
    endloop
  endfacet
  facet normal -0.866019 0 -0.500011
    outer loop
      vertex 11 0 138.913
      vertex 6 3 147.573
      vertex 11 3 138.913
    endloop
  endfacet
  facet normal -0.866019 -0 -0.500011
    outer loop
      vertex 6 3 147.573
      vertex 11 0 138.913
      vertex 6 0 147.573
    endloop
  endfacet
  facet normal 0.866019 0 -0.500011
    outer loop
      vertex 6 0 147.573
      vertex 1 3 138.913
      vertex 6 3 147.573
    endloop
  endfacet
  facet normal 0.866019 0 -0.500011
    outer loop
      vertex 1 3 138.913
      vertex 6 0 147.573
      vertex 1 0 138.913
    endloop
  endfacet
  facet normal 1 -0 0
    outer loop
      vertex 1 0 138.913
      vertex 1 3 134.233
      vertex 1 3 138.913
    endloop
  endfacet
  facet normal 1 0 0
    outer loop
      vertex 1 3 134.233
      vertex 1 0 138.913
      vertex 1 0 134.233
    endloop
  endfacet
  facet normal 0.866019 -0 0.500011
    outer loop
      vertex 1 0 134.233
      vertex 6 3 125.573
      vertex 1 3 134.233
    endloop
  endfacet
  facet normal 0.866019 0 0.500011
    outer loop
      vertex 6 3 125.573
      vertex 1 0 134.233
      vertex 6 0 125.573
    endloop
  endfacet
  facet normal -0.866019 0 0.500011
    outer loop
      vertex 6 0 125.573
      vertex 11 3 134.233
      vertex 6 3 125.573
    endloop
  endfacet
  facet normal -0.866019 0 0.500011
    outer loop
      vertex 11 3 134.233
      vertex 6 0 125.573
      vertex 11 0 134.233
    endloop
  endfacet
  facet normal -1 0 0
    outer loop
      vertex -1 0 134.233
      vertex -1 3 138.913
      vertex -1 3 134.233
    endloop
  endfacet
  facet normal -1 -0 0
    outer loop
      vertex -1 3 138.913
      vertex -1 0 134.233
      vertex -1 0 138.913
    endloop
  endfacet
  facet normal -0.866019 0 -0.500011
    outer loop
      vertex -1 0 138.913
      vertex -6 3 147.573
      vertex -1 3 138.913
    endloop
  endfacet
  facet normal -0.866019 -0 -0.500011
    outer loop
      vertex -6 3 147.573
      vertex -1 0 138.913
      vertex -6 0 147.573
    endloop
  endfacet
  facet normal 0.866019 0 -0.500011
    outer loop
      vertex -6 0 147.573
      vertex -11 3 138.913
      vertex -6 3 147.573
    endloop
  endfacet
  facet normal 0.866019 0 -0.500011
    outer loop
      vertex -11 3 138.913
      vertex -6 0 147.573
      vertex -11 0 138.913
    endloop
  endfacet
  facet normal 1 -0 0
    outer loop
      vertex -11 0 138.913
      vertex -11 3 134.233
      vertex -11 3 138.913
    endloop
  endfacet
  facet normal 1 0 0
    outer loop
      vertex -11 3 134.233
      vertex -11 0 138.913
      vertex -11 0 134.233
    endloop
  endfacet
  facet normal 0.866019 -0 0.500011
    outer loop
      vertex -11 0 134.233
      vertex -6 3 125.573
      vertex -11 3 134.233
    endloop
  endfacet
  facet normal 0.866019 0 0.500011
    outer loop
      vertex -6 3 125.573
      vertex -11 0 134.233
      vertex -6 0 125.573
    endloop
  endfacet
  facet normal -0.866019 0 0.500011
    outer loop
      vertex -6 0 125.573
      vertex -1 3 134.233
      vertex -6 3 125.573
    endloop
  endfacet
  facet normal -0.866019 0 0.500011
    outer loop
      vertex -1 3 134.233
      vertex -6 0 125.573
      vertex -1 0 134.233
    endloop
  endfacet
  facet normal -1 0 0
    outer loop
      vertex -13 0 134.233
      vertex -13 3 138.913
      vertex -13 3 134.233
    endloop
  endfacet
  facet normal -1 -0 0
    outer loop
      vertex -13 3 138.913
      vertex -13 0 134.233
      vertex -13 0 138.913
    endloop
  endfacet
  facet normal -0.866019 0 -0.500011
    outer loop
      vertex -13 0 138.913
      vertex -18 3 147.573
      vertex -13 3 138.913
    endloop
  endfacet
  facet normal -0.866019 -0 -0.500011
    outer loop
      vertex -18 3 147.573
      vertex -13 0 138.913
      vertex -18 0 147.573
    endloop
  endfacet
  facet normal 0.866019 0 -0.500011
    outer loop
      vertex -18 0 147.573
      vertex -23 3 138.913
      vertex -18 3 147.573
    endloop
  endfacet
  facet normal 0.866019 0 -0.500011
    outer loop
      vertex -23 3 138.913
      vertex -18 0 147.573
      vertex -23 0 138.913
    endloop
  endfacet
  facet normal 1 -0 0
    outer loop
      vertex -23 0 138.913
      vertex -23 3 134.233
      vertex -23 3 138.913
    endloop
  endfacet
  facet normal 1 0 0
    outer loop
      vertex -23 3 134.233
      vertex -23 0 138.913
      vertex -23 0 134.233
    endloop
  endfacet
  facet normal 0.866019 -0 0.500011
    outer loop
      vertex -23 0 134.233
      vertex -18 3 125.573
      vertex -23 3 134.233
    endloop
  endfacet
  facet normal 0.866019 0 0.500011
    outer loop
      vertex -18 3 125.573
      vertex -23 0 134.233
      vertex -18 0 125.573
    endloop
  endfacet
  facet normal -0.866019 0 0.500011
    outer loop
      vertex -18 0 125.573
      vertex -13 3 134.233
      vertex -18 3 125.573
    endloop
  endfacet
  facet normal -0.866019 0 0.500011
    outer loop
      vertex -13 3 134.233
      vertex -18 0 125.573
      vertex -13 0 134.233
    endloop
  endfacet
  facet normal -1 0 0
    outer loop
      vertex -25 0 134.233
      vertex -25 3 138.913
      vertex -25 3 134.233
    endloop
  endfacet
  facet normal -1 -0 0
    outer loop
      vertex -25 3 138.913
      vertex -25 0 134.233
      vertex -25 0 138.913
    endloop
  endfacet
  facet normal -0.866019 0 -0.500011
    outer loop
      vertex -25 0 138.913
      vertex -30 3 147.573
      vertex -25 3 138.913
    endloop
  endfacet
  facet normal -0.866019 -0 -0.500011
    outer loop
      vertex -30 3 147.573
      vertex -25 0 138.913
      vertex -30 0 147.573
    endloop
  endfacet
  facet normal 0.866019 0 -0.500011
    outer loop
      vertex -30 0 147.573
      vertex -35 3 138.913
      vertex -30 3 147.573
    endloop
  endfacet
  facet normal 0.866019 0 -0.500011
    outer loop
      vertex -35 3 138.913
      vertex -30 0 147.573
      vertex -35 0 138.913
    endloop
  endfacet
  facet normal 1 -0 0
    outer loop
      vertex -35 0 138.913
      vertex -35 3 134.233
      vertex -35 3 138.913
    endloop
  endfacet
  facet normal 1 0 0
    outer loop
      vertex -35 3 134.233
      vertex -35 0 138.913
      vertex -35 0 134.233
    endloop
  endfacet
  facet normal 0.866019 -0 0.500011
    outer loop
      vertex -35 0 134.233
      vertex -30 3 125.573
      vertex -35 3 134.233
    endloop
  endfacet
  facet normal 0.866019 0 0.500011
    outer loop
      vertex -30 3 125.573
      vertex -35 0 134.233
      vertex -30 0 125.573
    endloop
  endfacet
  facet normal -0.866019 0 0.500011
    outer loop
      vertex -30 0 125.573
      vertex -25 3 134.233
      vertex -30 3 125.573
    endloop
  endfacet
  facet normal -0.866019 0 0.500011
    outer loop
      vertex -25 3 134.233
      vertex -30 0 125.573
      vertex -25 0 134.233
    endloop
  endfacet
  facet normal -1 0 0
    outer loop
      vertex 29 0 118.626
      vertex 29 3 123.305
      vertex 29 3 118.626
    endloop
  endfacet
  facet normal -1 -0 0
    outer loop
      vertex 29 3 123.305
      vertex 29 0 118.626
      vertex 29 0 123.305
    endloop
  endfacet
  facet normal -0.866019 0 -0.500011
    outer loop
      vertex 29 0 123.305
      vertex 24 3 131.965
      vertex 29 3 123.305
    endloop
  endfacet
  facet normal -0.866019 -0 -0.500011
    outer loop
      vertex 24 3 131.965
      vertex 29 0 123.305
      vertex 24 0 131.965
    endloop
  endfacet
  facet normal 0.866019 0 -0.500011
    outer loop
      vertex 24 0 131.965
      vertex 19 3 123.305
      vertex 24 3 131.965
    endloop
  endfacet
  facet normal 0.866019 0 -0.500011
    outer loop
      vertex 19 3 123.305
      vertex 24 0 131.965
      vertex 19 0 123.305
    endloop
  endfacet
  facet normal 1 -0 0
    outer loop
      vertex 19 0 123.305
      vertex 19 3 118.626
      vertex 19 3 123.305
    endloop
  endfacet
  facet normal 1 0 0
    outer loop
      vertex 19 3 118.626
      vertex 19 0 123.305
      vertex 19 0 118.626
    endloop
  endfacet
  facet normal 0.866044 -0 0.499968
    outer loop
      vertex 19 0 118.626
      vertex 24 3 109.965
      vertex 19 3 118.626
    endloop
  endfacet
  facet normal 0.866044 0 0.499968
    outer loop
      vertex 24 3 109.965
      vertex 19 0 118.626
      vertex 24 0 109.965
    endloop
  endfacet
  facet normal -0.866044 0 0.499968
    outer loop
      vertex 24 0 109.965
      vertex 29 3 118.626
      vertex 24 3 109.965
    endloop
  endfacet
  facet normal -0.866044 0 0.499968
    outer loop
      vertex 29 3 118.626
      vertex 24 0 109.965
      vertex 29 0 118.626
    endloop
  endfacet
  facet normal -1 0 0
    outer loop
      vertex -19 0 118.626
      vertex -19 3 123.305
      vertex -19 3 118.626
    endloop
  endfacet
  facet normal -1 -0 0
    outer loop
      vertex -19 3 123.305
      vertex -19 0 118.626
      vertex -19 0 123.305
    endloop
  endfacet
  facet normal -0.866019 0 -0.500011
    outer loop
      vertex -19 0 123.305
      vertex -24 3 131.965
      vertex -19 3 123.305
    endloop
  endfacet
  facet normal -0.866019 -0 -0.500011
    outer loop
      vertex -24 3 131.965
      vertex -19 0 123.305
      vertex -24 0 131.965
    endloop
  endfacet
  facet normal 0.866019 0 -0.500011
    outer loop
      vertex -24 0 131.965
      vertex -29 3 123.305
      vertex -24 3 131.965
    endloop
  endfacet
  facet normal 0.866019 0 -0.500011
    outer loop
      vertex -29 3 123.305
      vertex -24 0 131.965
      vertex -29 0 123.305
    endloop
  endfacet
  facet normal 1 -0 0
    outer loop
      vertex -29 0 123.305
      vertex -29 3 118.626
      vertex -29 3 123.305
    endloop
  endfacet
  facet normal 1 0 0
    outer loop
      vertex -29 3 118.626
      vertex -29 0 123.305
      vertex -29 0 118.626
    endloop
  endfacet
  facet normal 0.866044 -0 0.499968
    outer loop
      vertex -29 0 118.626
      vertex -24 3 109.965
      vertex -29 3 118.626
    endloop
  endfacet
  facet normal 0.866044 0 0.499968
    outer loop
      vertex -24 3 109.965
      vertex -29 0 118.626
      vertex -24 0 109.965
    endloop
  endfacet
  facet normal -0.866044 0 0.499968
    outer loop
      vertex -24 0 109.965
      vertex -19 3 118.626
      vertex -24 3 109.965
    endloop
  endfacet
  facet normal -0.866044 0 0.499968
    outer loop
      vertex -19 3 118.626
      vertex -24 0 109.965
      vertex -19 0 118.626
    endloop
  endfacet
  facet normal -1 0 0
    outer loop
      vertex -7 0 118.626
      vertex -7 3 123.305
      vertex -7 3 118.626
    endloop
  endfacet
  facet normal -1 -0 0
    outer loop
      vertex -7 3 123.305
      vertex -7 0 118.626
      vertex -7 0 123.305
    endloop
  endfacet
  facet normal -0.866019 0 -0.500011
    outer loop
      vertex -7 0 123.305
      vertex -12 3 131.965
      vertex -7 3 123.305
    endloop
  endfacet
  facet normal -0.866019 -0 -0.500011
    outer loop
      vertex -12 3 131.965
      vertex -7 0 123.305
      vertex -12 0 131.965
    endloop
  endfacet
  facet normal 0.866019 0 -0.500011
    outer loop
      vertex -12 0 131.965
      vertex -17 3 123.305
      vertex -12 3 131.965
    endloop
  endfacet
  facet normal 0.866019 0 -0.500011
    outer loop
      vertex -17 3 123.305
      vertex -12 0 131.965
      vertex -17 0 123.305
    endloop
  endfacet
  facet normal 1 -0 0
    outer loop
      vertex -17 0 123.305
      vertex -17 3 118.626
      vertex -17 3 123.305
    endloop
  endfacet
  facet normal 1 0 0
    outer loop
      vertex -17 3 118.626
      vertex -17 0 123.305
      vertex -17 0 118.626
    endloop
  endfacet
  facet normal 0.866044 -0 0.499968
    outer loop
      vertex -17 0 118.626
      vertex -12 3 109.965
      vertex -17 3 118.626
    endloop
  endfacet
  facet normal 0.866044 0 0.499968
    outer loop
      vertex -12 3 109.965
      vertex -17 0 118.626
      vertex -12 0 109.965
    endloop
  endfacet
  facet normal -0.866044 0 0.499968
    outer loop
      vertex -12 0 109.965
      vertex -7 3 118.626
      vertex -12 3 109.965
    endloop
  endfacet
  facet normal -0.866044 0 0.499968
    outer loop
      vertex -7 3 118.626
      vertex -12 0 109.965
      vertex -7 0 118.626
    endloop
  endfacet
  facet normal -1 0 0
    outer loop
      vertex 5 0 118.626
      vertex 5 3 123.305
      vertex 5 3 118.626
    endloop
  endfacet
  facet normal -1 -0 0
    outer loop
      vertex 5 3 123.305
      vertex 5 0 118.626
      vertex 5 0 123.305
    endloop
  endfacet
  facet normal -0.866019 0 -0.500011
    outer loop
      vertex 5 0 123.305
      vertex 0 3 131.965
      vertex 5 3 123.305
    endloop
  endfacet
  facet normal -0.866019 -0 -0.500011
    outer loop
      vertex 0 3 131.965
      vertex 5 0 123.305
      vertex 0 0 131.965
    endloop
  endfacet
  facet normal 0.866019 0 -0.500011
    outer loop
      vertex 0 0 131.965
      vertex -5 3 123.305
      vertex 0 3 131.965
    endloop
  endfacet
  facet normal 0.866019 0 -0.500011
    outer loop
      vertex -5 3 123.305
      vertex 0 0 131.965
      vertex -5 0 123.305
    endloop
  endfacet
  facet normal 1 -0 0
    outer loop
      vertex -5 0 123.305
      vertex -5 3 118.626
      vertex -5 3 123.305
    endloop
  endfacet
  facet normal 1 0 0
    outer loop
      vertex -5 3 118.626
      vertex -5 0 123.305
      vertex -5 0 118.626
    endloop
  endfacet
  facet normal 0.866044 -0 0.499968
    outer loop
      vertex -5 0 118.626
      vertex 0 3 109.965
      vertex -5 3 118.626
    endloop
  endfacet
  facet normal 0.866044 0 0.499968
    outer loop
      vertex 0 3 109.965
      vertex -5 0 118.626
      vertex 0 0 109.965
    endloop
  endfacet
  facet normal -0.866044 0 0.499968
    outer loop
      vertex 0 0 109.965
      vertex 5 3 118.626
      vertex 0 3 109.965
    endloop
  endfacet
  facet normal -0.866044 0 0.499968
    outer loop
      vertex 5 3 118.626
      vertex 0 0 109.965
      vertex 5 0 118.626
    endloop
  endfacet
  facet normal -1 0 0
    outer loop
      vertex 17 0 118.626
      vertex 17 3 123.305
      vertex 17 3 118.626
    endloop
  endfacet
  facet normal -1 -0 0
    outer loop
      vertex 17 3 123.305
      vertex 17 0 118.626
      vertex 17 0 123.305
    endloop
  endfacet
  facet normal -0.866019 0 -0.500011
    outer loop
      vertex 17 0 123.305
      vertex 12 3 131.965
      vertex 17 3 123.305
    endloop
  endfacet
  facet normal -0.866019 -0 -0.500011
    outer loop
      vertex 12 3 131.965
      vertex 17 0 123.305
      vertex 12 0 131.965
    endloop
  endfacet
  facet normal 0.866019 0 -0.500011
    outer loop
      vertex 12 0 131.965
      vertex 7 3 123.305
      vertex 12 3 131.965
    endloop
  endfacet
  facet normal 0.866019 0 -0.500011
    outer loop
      vertex 7 3 123.305
      vertex 12 0 131.965
      vertex 7 0 123.305
    endloop
  endfacet
  facet normal 1 -0 0
    outer loop
      vertex 7 0 123.305
      vertex 7 3 118.626
      vertex 7 3 123.305
    endloop
  endfacet
  facet normal 1 0 0
    outer loop
      vertex 7 3 118.626
      vertex 7 0 123.305
      vertex 7 0 118.626
    endloop
  endfacet
  facet normal 0.866044 -0 0.499968
    outer loop
      vertex 7 0 118.626
      vertex 12 3 109.965
      vertex 7 3 118.626
    endloop
  endfacet
  facet normal 0.866044 0 0.499968
    outer loop
      vertex 12 3 109.965
      vertex 7 0 118.626
      vertex 12 0 109.965
    endloop
  endfacet
  facet normal -0.866044 0 0.499968
    outer loop
      vertex 12 0 109.965
      vertex 17 3 118.626
      vertex 12 3 109.965
    endloop
  endfacet
  facet normal -0.866044 0 0.499968
    outer loop
      vertex 17 3 118.626
      vertex 12 0 109.965
      vertex 17 0 118.626
    endloop
  endfacet
  facet normal -1 0 0
    outer loop
      vertex 35 0 103.018
      vertex 35 3 107.697
      vertex 35 3 103.018
    endloop
  endfacet
  facet normal -1 -0 0
    outer loop
      vertex 35 3 107.697
      vertex 35 0 103.018
      vertex 35 0 107.697
    endloop
  endfacet
  facet normal -0.866044 0 -0.499968
    outer loop
      vertex 35 0 107.697
      vertex 30 3 116.358
      vertex 35 3 107.697
    endloop
  endfacet
  facet normal -0.866044 -0 -0.499968
    outer loop
      vertex 30 3 116.358
      vertex 35 0 107.697
      vertex 30 0 116.358
    endloop
  endfacet
  facet normal 0.866044 0 -0.499968
    outer loop
      vertex 30 0 116.358
      vertex 25 3 107.697
      vertex 30 3 116.358
    endloop
  endfacet
  facet normal 0.866044 0 -0.499968
    outer loop
      vertex 25 3 107.697
      vertex 30 0 116.358
      vertex 25 0 107.697
    endloop
  endfacet
  facet normal 1 -0 0
    outer loop
      vertex 25 0 107.697
      vertex 25 3 103.018
      vertex 25 3 107.697
    endloop
  endfacet
  facet normal 1 0 0
    outer loop
      vertex 25 3 103.018
      vertex 25 0 107.697
      vertex 25 0 103.018
    endloop
  endfacet
  facet normal 0.866027 -0 0.499998
    outer loop
      vertex 25 0 103.018
      vertex 30 3 94.3577
      vertex 25 3 103.018
    endloop
  endfacet
  facet normal 0.866027 0 0.499998
    outer loop
      vertex 30 3 94.3577
      vertex 25 0 103.018
      vertex 30 0 94.3577
    endloop
  endfacet
  facet normal -0.866027 0 0.499998
    outer loop
      vertex 30 0 94.3577
      vertex 35 3 103.018
      vertex 30 3 94.3577
    endloop
  endfacet
  facet normal -0.866027 0 0.499998
    outer loop
      vertex 35 3 103.018
      vertex 30 0 94.3577
      vertex 35 0 103.018
    endloop
  endfacet
  facet normal -1 0 0
    outer loop
      vertex 23 0 103.018
      vertex 23 3 107.697
      vertex 23 3 103.018
    endloop
  endfacet
  facet normal -1 -0 0
    outer loop
      vertex 23 3 107.697
      vertex 23 0 103.018
      vertex 23 0 107.697
    endloop
  endfacet
  facet normal -0.866044 0 -0.499968
    outer loop
      vertex 23 0 107.697
      vertex 18 3 116.358
      vertex 23 3 107.697
    endloop
  endfacet
  facet normal -0.866044 -0 -0.499968
    outer loop
      vertex 18 3 116.358
      vertex 23 0 107.697
      vertex 18 0 116.358
    endloop
  endfacet
  facet normal 0.866044 0 -0.499968
    outer loop
      vertex 18 0 116.358
      vertex 13 3 107.697
      vertex 18 3 116.358
    endloop
  endfacet
  facet normal 0.866044 0 -0.499968
    outer loop
      vertex 13 3 107.697
      vertex 18 0 116.358
      vertex 13 0 107.697
    endloop
  endfacet
  facet normal 1 -0 0
    outer loop
      vertex 13 0 107.697
      vertex 13 3 103.018
      vertex 13 3 107.697
    endloop
  endfacet
  facet normal 1 0 0
    outer loop
      vertex 13 3 103.018
      vertex 13 0 107.697
      vertex 13 0 103.018
    endloop
  endfacet
  facet normal 0.866027 -0 0.499998
    outer loop
      vertex 13 0 103.018
      vertex 18 3 94.3577
      vertex 13 3 103.018
    endloop
  endfacet
  facet normal 0.866027 0 0.499998
    outer loop
      vertex 18 3 94.3577
      vertex 13 0 103.018
      vertex 18 0 94.3577
    endloop
  endfacet
  facet normal -0.866027 0 0.499998
    outer loop
      vertex 18 0 94.3577
      vertex 23 3 103.018
      vertex 18 3 94.3577
    endloop
  endfacet
  facet normal -0.866027 0 0.499998
    outer loop
      vertex 23 3 103.018
      vertex 18 0 94.3577
      vertex 23 0 103.018
    endloop
  endfacet
  facet normal -1 0 0
    outer loop
      vertex 11 0 103.018
      vertex 11 3 107.697
      vertex 11 3 103.018
    endloop
  endfacet
  facet normal -1 -0 0
    outer loop
      vertex 11 3 107.697
      vertex 11 0 103.018
      vertex 11 0 107.697
    endloop
  endfacet
  facet normal -0.866044 0 -0.499968
    outer loop
      vertex 11 0 107.697
      vertex 6 3 116.358
      vertex 11 3 107.697
    endloop
  endfacet
  facet normal -0.866044 -0 -0.499968
    outer loop
      vertex 6 3 116.358
      vertex 11 0 107.697
      vertex 6 0 116.358
    endloop
  endfacet
  facet normal 0.866044 0 -0.499968
    outer loop
      vertex 6 0 116.358
      vertex 1 3 107.697
      vertex 6 3 116.358
    endloop
  endfacet
  facet normal 0.866044 0 -0.499968
    outer loop
      vertex 1 3 107.697
      vertex 6 0 116.358
      vertex 1 0 107.697
    endloop
  endfacet
  facet normal 1 -0 0
    outer loop
      vertex 1 0 107.697
      vertex 1 3 103.018
      vertex 1 3 107.697
    endloop
  endfacet
  facet normal 1 0 0
    outer loop
      vertex 1 3 103.018
      vertex 1 0 107.697
      vertex 1 0 103.018
    endloop
  endfacet
  facet normal 0.866027 -0 0.499998
    outer loop
      vertex 1 0 103.018
      vertex 6 3 94.3577
      vertex 1 3 103.018
    endloop
  endfacet
  facet normal 0.866027 0 0.499998
    outer loop
      vertex 6 3 94.3577
      vertex 1 0 103.018
      vertex 6 0 94.3577
    endloop
  endfacet
  facet normal -0.866027 0 0.499998
    outer loop
      vertex 6 0 94.3577
      vertex 11 3 103.018
      vertex 6 3 94.3577
    endloop
  endfacet
  facet normal -0.866027 0 0.499998
    outer loop
      vertex 11 3 103.018
      vertex 6 0 94.3577
      vertex 11 0 103.018
    endloop
  endfacet
  facet normal -1 0 0
    outer loop
      vertex -1 0 103.018
      vertex -1 3 107.697
      vertex -1 3 103.018
    endloop
  endfacet
  facet normal -1 -0 0
    outer loop
      vertex -1 3 107.697
      vertex -1 0 103.018
      vertex -1 0 107.697
    endloop
  endfacet
  facet normal -0.866044 0 -0.499968
    outer loop
      vertex -1 0 107.697
      vertex -6 3 116.358
      vertex -1 3 107.697
    endloop
  endfacet
  facet normal -0.866044 -0 -0.499968
    outer loop
      vertex -6 3 116.358
      vertex -1 0 107.697
      vertex -6 0 116.358
    endloop
  endfacet
  facet normal 0.866044 0 -0.499968
    outer loop
      vertex -6 0 116.358
      vertex -11 3 107.697
      vertex -6 3 116.358
    endloop
  endfacet
  facet normal 0.866044 0 -0.499968
    outer loop
      vertex -11 3 107.697
      vertex -6 0 116.358
      vertex -11 0 107.697
    endloop
  endfacet
  facet normal 1 -0 0
    outer loop
      vertex -11 0 107.697
      vertex -11 3 103.018
      vertex -11 3 107.697
    endloop
  endfacet
  facet normal 1 0 0
    outer loop
      vertex -11 3 103.018
      vertex -11 0 107.697
      vertex -11 0 103.018
    endloop
  endfacet
  facet normal 0.866027 -0 0.499998
    outer loop
      vertex -11 0 103.018
      vertex -6 3 94.3577
      vertex -11 3 103.018
    endloop
  endfacet
  facet normal 0.866027 0 0.499998
    outer loop
      vertex -6 3 94.3577
      vertex -11 0 103.018
      vertex -6 0 94.3577
    endloop
  endfacet
  facet normal -0.866027 0 0.499998
    outer loop
      vertex -6 0 94.3577
      vertex -1 3 103.018
      vertex -6 3 94.3577
    endloop
  endfacet
  facet normal -0.866027 0 0.499998
    outer loop
      vertex -1 3 103.018
      vertex -6 0 94.3577
      vertex -1 0 103.018
    endloop
  endfacet
  facet normal -1 0 0
    outer loop
      vertex -13 0 103.018
      vertex -13 3 107.697
      vertex -13 3 103.018
    endloop
  endfacet
  facet normal -1 -0 0
    outer loop
      vertex -13 3 107.697
      vertex -13 0 103.018
      vertex -13 0 107.697
    endloop
  endfacet
  facet normal -0.866044 0 -0.499968
    outer loop
      vertex -13 0 107.697
      vertex -18 3 116.358
      vertex -13 3 107.697
    endloop
  endfacet
  facet normal -0.866044 -0 -0.499968
    outer loop
      vertex -18 3 116.358
      vertex -13 0 107.697
      vertex -18 0 116.358
    endloop
  endfacet
  facet normal 0.866044 0 -0.499968
    outer loop
      vertex -18 0 116.358
      vertex -23 3 107.697
      vertex -18 3 116.358
    endloop
  endfacet
  facet normal 0.866044 0 -0.499968
    outer loop
      vertex -23 3 107.697
      vertex -18 0 116.358
      vertex -23 0 107.697
    endloop
  endfacet
  facet normal 1 -0 0
    outer loop
      vertex -23 0 107.697
      vertex -23 3 103.018
      vertex -23 3 107.697
    endloop
  endfacet
  facet normal 1 0 0
    outer loop
      vertex -23 3 103.018
      vertex -23 0 107.697
      vertex -23 0 103.018
    endloop
  endfacet
  facet normal 0.866027 -0 0.499998
    outer loop
      vertex -23 0 103.018
      vertex -18 3 94.3577
      vertex -23 3 103.018
    endloop
  endfacet
  facet normal 0.866027 0 0.499998
    outer loop
      vertex -18 3 94.3577
      vertex -23 0 103.018
      vertex -18 0 94.3577
    endloop
  endfacet
  facet normal -0.866027 0 0.499998
    outer loop
      vertex -18 0 94.3577
      vertex -13 3 103.018
      vertex -18 3 94.3577
    endloop
  endfacet
  facet normal -0.866027 0 0.499998
    outer loop
      vertex -13 3 103.018
      vertex -18 0 94.3577
      vertex -13 0 103.018
    endloop
  endfacet
  facet normal -1 0 0
    outer loop
      vertex -25 0 103.018
      vertex -25 3 107.697
      vertex -25 3 103.018
    endloop
  endfacet
  facet normal -1 -0 0
    outer loop
      vertex -25 3 107.697
      vertex -25 0 103.018
      vertex -25 0 107.697
    endloop
  endfacet
  facet normal -0.866044 0 -0.499968
    outer loop
      vertex -25 0 107.697
      vertex -30 3 116.358
      vertex -25 3 107.697
    endloop
  endfacet
  facet normal -0.866044 -0 -0.499968
    outer loop
      vertex -30 3 116.358
      vertex -25 0 107.697
      vertex -30 0 116.358
    endloop
  endfacet
  facet normal 0.866044 0 -0.499968
    outer loop
      vertex -30 0 116.358
      vertex -35 3 107.697
      vertex -30 3 116.358
    endloop
  endfacet
  facet normal 0.866044 0 -0.499968
    outer loop
      vertex -35 3 107.697
      vertex -30 0 116.358
      vertex -35 0 107.697
    endloop
  endfacet
  facet normal 1 -0 0
    outer loop
      vertex -35 0 107.697
      vertex -35 3 103.018
      vertex -35 3 107.697
    endloop
  endfacet
  facet normal 1 0 0
    outer loop
      vertex -35 3 103.018
      vertex -35 0 107.697
      vertex -35 0 103.018
    endloop
  endfacet
  facet normal 0.866027 -0 0.499998
    outer loop
      vertex -35 0 103.018
      vertex -30 3 94.3577
      vertex -35 3 103.018
    endloop
  endfacet
  facet normal 0.866027 0 0.499998
    outer loop
      vertex -30 3 94.3577
      vertex -35 0 103.018
      vertex -30 0 94.3577
    endloop
  endfacet
  facet normal -0.866027 0 0.499998
    outer loop
      vertex -30 0 94.3577
      vertex -25 3 103.018
      vertex -30 3 94.3577
    endloop
  endfacet
  facet normal -0.866027 0 0.499998
    outer loop
      vertex -25 3 103.018
      vertex -30 0 94.3577
      vertex -25 0 103.018
    endloop
  endfacet
  facet normal -1 0 0
    outer loop
      vertex 5 0 87.4103
      vertex 5 3 92.0897
      vertex 5 3 87.4103
    endloop
  endfacet
  facet normal -1 -0 0
    outer loop
      vertex 5 3 92.0897
      vertex 5 0 87.4103
      vertex 5 0 92.0897
    endloop
  endfacet
  facet normal -0.866027 0 -0.499998
    outer loop
      vertex 5 0 92.0897
      vertex 0 3 100.75
      vertex 5 3 92.0897
    endloop
  endfacet
  facet normal -0.866027 -0 -0.499998
    outer loop
      vertex 0 3 100.75
      vertex 5 0 92.0897
      vertex 0 0 100.75
    endloop
  endfacet
  facet normal 0.866027 0 -0.499998
    outer loop
      vertex 0 0 100.75
      vertex -5 3 92.0897
      vertex 0 3 100.75
    endloop
  endfacet
  facet normal 0.866027 0 -0.499998
    outer loop
      vertex -5 3 92.0897
      vertex 0 0 100.75
      vertex -5 0 92.0897
    endloop
  endfacet
  facet normal 1 -0 0
    outer loop
      vertex -5 0 92.0897
      vertex -5 3 87.4103
      vertex -5 3 92.0897
    endloop
  endfacet
  facet normal 1 0 0
    outer loop
      vertex -5 3 87.4103
      vertex -5 0 92.0897
      vertex -5 0 87.4103
    endloop
  endfacet
  facet normal 0.866027 -0 0.499998
    outer loop
      vertex -5 0 87.4103
      vertex 0 3 78.75
      vertex -5 3 87.4103
    endloop
  endfacet
  facet normal 0.866027 0 0.499998
    outer loop
      vertex 0 3 78.75
      vertex -5 0 87.4103
      vertex 0 0 78.75
    endloop
  endfacet
  facet normal -0.866027 0 0.499998
    outer loop
      vertex 0 0 78.75
      vertex 5 3 87.4103
      vertex 0 3 78.75
    endloop
  endfacet
  facet normal -0.866027 0 0.499998
    outer loop
      vertex 5 3 87.4103
      vertex 0 0 78.75
      vertex 5 0 87.4103
    endloop
  endfacet
  facet normal -1 0 0
    outer loop
      vertex 29 0 87.4103
      vertex 29 3 92.0897
      vertex 29 3 87.4103
    endloop
  endfacet
  facet normal -1 -0 0
    outer loop
      vertex 29 3 92.0897
      vertex 29 0 87.4103
      vertex 29 0 92.0897
    endloop
  endfacet
  facet normal -0.866027 0 -0.499998
    outer loop
      vertex 29 0 92.0897
      vertex 24 3 100.75
      vertex 29 3 92.0897
    endloop
  endfacet
  facet normal -0.866027 -0 -0.499998
    outer loop
      vertex 24 3 100.75
      vertex 29 0 92.0897
      vertex 24 0 100.75
    endloop
  endfacet
  facet normal 0.866027 0 -0.499998
    outer loop
      vertex 24 0 100.75
      vertex 19 3 92.0897
      vertex 24 3 100.75
    endloop
  endfacet
  facet normal 0.866027 0 -0.499998
    outer loop
      vertex 19 3 92.0897
      vertex 24 0 100.75
      vertex 19 0 92.0897
    endloop
  endfacet
  facet normal 1 -0 0
    outer loop
      vertex 19 0 92.0897
      vertex 19 3 87.4103
      vertex 19 3 92.0897
    endloop
  endfacet
  facet normal 1 0 0
    outer loop
      vertex 19 3 87.4103
      vertex 19 0 92.0897
      vertex 19 0 87.4103
    endloop
  endfacet
  facet normal 0.866027 -0 0.499998
    outer loop
      vertex 19 0 87.4103
      vertex 24 3 78.75
      vertex 19 3 87.4103
    endloop
  endfacet
  facet normal 0.866027 0 0.499998
    outer loop
      vertex 24 3 78.75
      vertex 19 0 87.4103
      vertex 24 0 78.75
    endloop
  endfacet
  facet normal -0.866027 0 0.499998
    outer loop
      vertex 24 0 78.75
      vertex 29 3 87.4103
      vertex 24 3 78.75
    endloop
  endfacet
  facet normal -0.866027 0 0.499998
    outer loop
      vertex 29 3 87.4103
      vertex 24 0 78.75
      vertex 29 0 87.4103
    endloop
  endfacet
  facet normal -1 0 0
    outer loop
      vertex 17 0 87.4103
      vertex 17 3 92.0897
      vertex 17 3 87.4103
    endloop
  endfacet
  facet normal -1 -0 0
    outer loop
      vertex 17 3 92.0897
      vertex 17 0 87.4103
      vertex 17 0 92.0897
    endloop
  endfacet
  facet normal -0.866027 0 -0.499998
    outer loop
      vertex 17 0 92.0897
      vertex 12 3 100.75
      vertex 17 3 92.0897
    endloop
  endfacet
  facet normal -0.866027 -0 -0.499998
    outer loop
      vertex 12 3 100.75
      vertex 17 0 92.0897
      vertex 12 0 100.75
    endloop
  endfacet
  facet normal 0.866027 0 -0.499998
    outer loop
      vertex 12 0 100.75
      vertex 7 3 92.0897
      vertex 12 3 100.75
    endloop
  endfacet
  facet normal 0.866027 0 -0.499998
    outer loop
      vertex 7 3 92.0897
      vertex 12 0 100.75
      vertex 7 0 92.0897
    endloop
  endfacet
  facet normal 1 -0 0
    outer loop
      vertex 7 0 92.0897
      vertex 7 3 87.4103
      vertex 7 3 92.0897
    endloop
  endfacet
  facet normal 1 0 0
    outer loop
      vertex 7 3 87.4103
      vertex 7 0 92.0897
      vertex 7 0 87.4103
    endloop
  endfacet
  facet normal 0.866027 -0 0.499998
    outer loop
      vertex 7 0 87.4103
      vertex 12 3 78.75
      vertex 7 3 87.4103
    endloop
  endfacet
  facet normal 0.866027 0 0.499998
    outer loop
      vertex 12 3 78.75
      vertex 7 0 87.4103
      vertex 12 0 78.75
    endloop
  endfacet
  facet normal -0.866027 0 0.499998
    outer loop
      vertex 12 0 78.75
      vertex 17 3 87.4103
      vertex 12 3 78.75
    endloop
  endfacet
  facet normal -0.866027 0 0.499998
    outer loop
      vertex 17 3 87.4103
      vertex 12 0 78.75
      vertex 17 0 87.4103
    endloop
  endfacet
  facet normal -1 0 0
    outer loop
      vertex -7 0 87.4103
      vertex -7 3 92.0897
      vertex -7 3 87.4103
    endloop
  endfacet
  facet normal -1 -0 0
    outer loop
      vertex -7 3 92.0897
      vertex -7 0 87.4103
      vertex -7 0 92.0897
    endloop
  endfacet
  facet normal -0.866027 0 -0.499998
    outer loop
      vertex -7 0 92.0897
      vertex -12 3 100.75
      vertex -7 3 92.0897
    endloop
  endfacet
  facet normal -0.866027 -0 -0.499998
    outer loop
      vertex -12 3 100.75
      vertex -7 0 92.0897
      vertex -12 0 100.75
    endloop
  endfacet
  facet normal 0.866027 0 -0.499998
    outer loop
      vertex -12 0 100.75
      vertex -17 3 92.0897
      vertex -12 3 100.75
    endloop
  endfacet
  facet normal 0.866027 0 -0.499998
    outer loop
      vertex -17 3 92.0897
      vertex -12 0 100.75
      vertex -17 0 92.0897
    endloop
  endfacet
  facet normal 1 -0 0
    outer loop
      vertex -17 0 92.0897
      vertex -17 3 87.4103
      vertex -17 3 92.0897
    endloop
  endfacet
  facet normal 1 0 0
    outer loop
      vertex -17 3 87.4103
      vertex -17 0 92.0897
      vertex -17 0 87.4103
    endloop
  endfacet
  facet normal 0.866027 -0 0.499998
    outer loop
      vertex -17 0 87.4103
      vertex -12 3 78.75
      vertex -17 3 87.4103
    endloop
  endfacet
  facet normal 0.866027 0 0.499998
    outer loop
      vertex -12 3 78.75
      vertex -17 0 87.4103
      vertex -12 0 78.75
    endloop
  endfacet
  facet normal -0.866027 0 0.499998
    outer loop
      vertex -12 0 78.75
      vertex -7 3 87.4103
      vertex -12 3 78.75
    endloop
  endfacet
  facet normal -0.866027 0 0.499998
    outer loop
      vertex -7 3 87.4103
      vertex -12 0 78.75
      vertex -7 0 87.4103
    endloop
  endfacet
  facet normal -1 0 0
    outer loop
      vertex -19 0 87.4103
      vertex -19 3 92.0897
      vertex -19 3 87.4103
    endloop
  endfacet
  facet normal -1 -0 0
    outer loop
      vertex -19 3 92.0897
      vertex -19 0 87.4103
      vertex -19 0 92.0897
    endloop
  endfacet
  facet normal -0.866027 0 -0.499998
    outer loop
      vertex -19 0 92.0897
      vertex -24 3 100.75
      vertex -19 3 92.0897
    endloop
  endfacet
  facet normal -0.866027 -0 -0.499998
    outer loop
      vertex -24 3 100.75
      vertex -19 0 92.0897
      vertex -24 0 100.75
    endloop
  endfacet
  facet normal 0.866027 0 -0.499998
    outer loop
      vertex -24 0 100.75
      vertex -29 3 92.0897
      vertex -24 3 100.75
    endloop
  endfacet
  facet normal 0.866027 0 -0.499998
    outer loop
      vertex -29 3 92.0897
      vertex -24 0 100.75
      vertex -29 0 92.0897
    endloop
  endfacet
  facet normal 1 -0 0
    outer loop
      vertex -29 0 92.0897
      vertex -29 3 87.4103
      vertex -29 3 92.0897
    endloop
  endfacet
  facet normal 1 0 0
    outer loop
      vertex -29 3 87.4103
      vertex -29 0 92.0897
      vertex -29 0 87.4103
    endloop
  endfacet
  facet normal 0.866027 -0 0.499998
    outer loop
      vertex -29 0 87.4103
      vertex -24 3 78.75
      vertex -29 3 87.4103
    endloop
  endfacet
  facet normal 0.866027 0 0.499998
    outer loop
      vertex -24 3 78.75
      vertex -29 0 87.4103
      vertex -24 0 78.75
    endloop
  endfacet
  facet normal -0.866027 0 0.499998
    outer loop
      vertex -24 0 78.75
      vertex -19 3 87.4103
      vertex -24 3 78.75
    endloop
  endfacet
  facet normal -0.866027 0 0.499998
    outer loop
      vertex -19 3 87.4103
      vertex -24 0 78.75
      vertex -19 0 87.4103
    endloop
  endfacet
  facet normal -1 0 0
    outer loop
      vertex 35 0 71.8026
      vertex 35 3 76.482
      vertex 35 3 71.8026
    endloop
  endfacet
  facet normal -1 -0 0
    outer loop
      vertex 35 3 76.482
      vertex 35 0 71.8026
      vertex 35 0 76.482
    endloop
  endfacet
  facet normal -0.866027 0 -0.499998
    outer loop
      vertex 35 0 76.482
      vertex 30 3 85.1423
      vertex 35 3 76.482
    endloop
  endfacet
  facet normal -0.866027 -0 -0.499998
    outer loop
      vertex 30 3 85.1423
      vertex 35 0 76.482
      vertex 30 0 85.1423
    endloop
  endfacet
  facet normal 0.866027 0 -0.499998
    outer loop
      vertex 30 0 85.1423
      vertex 25 3 76.482
      vertex 30 3 85.1423
    endloop
  endfacet
  facet normal 0.866027 0 -0.499998
    outer loop
      vertex 25 3 76.482
      vertex 30 0 85.1423
      vertex 25 0 76.482
    endloop
  endfacet
  facet normal 1 -0 0
    outer loop
      vertex 25 0 76.482
      vertex 25 3 71.8026
      vertex 25 3 76.482
    endloop
  endfacet
  facet normal 1 0 0
    outer loop
      vertex 25 3 71.8026
      vertex 25 0 76.482
      vertex 25 0 71.8026
    endloop
  endfacet
  facet normal 0.866027 -0 0.499998
    outer loop
      vertex 25 0 71.8026
      vertex 30 3 63.1423
      vertex 25 3 71.8026
    endloop
  endfacet
  facet normal 0.866027 0 0.499998
    outer loop
      vertex 30 3 63.1423
      vertex 25 0 71.8026
      vertex 30 0 63.1423
    endloop
  endfacet
  facet normal -0.866027 0 0.499998
    outer loop
      vertex 30 0 63.1423
      vertex 35 3 71.8026
      vertex 30 3 63.1423
    endloop
  endfacet
  facet normal -0.866027 0 0.499998
    outer loop
      vertex 35 3 71.8026
      vertex 30 0 63.1423
      vertex 35 0 71.8026
    endloop
  endfacet
  facet normal -1 0 0
    outer loop
      vertex 23 0 71.8026
      vertex 23 3 76.482
      vertex 23 3 71.8026
    endloop
  endfacet
  facet normal -1 -0 0
    outer loop
      vertex 23 3 76.482
      vertex 23 0 71.8026
      vertex 23 0 76.482
    endloop
  endfacet
  facet normal -0.866027 0 -0.499998
    outer loop
      vertex 23 0 76.482
      vertex 18 3 85.1423
      vertex 23 3 76.482
    endloop
  endfacet
  facet normal -0.866027 -0 -0.499998
    outer loop
      vertex 18 3 85.1423
      vertex 23 0 76.482
      vertex 18 0 85.1423
    endloop
  endfacet
  facet normal 0.866027 0 -0.499998
    outer loop
      vertex 18 0 85.1423
      vertex 13 3 76.482
      vertex 18 3 85.1423
    endloop
  endfacet
  facet normal 0.866027 0 -0.499998
    outer loop
      vertex 13 3 76.482
      vertex 18 0 85.1423
      vertex 13 0 76.482
    endloop
  endfacet
  facet normal 1 -0 0
    outer loop
      vertex 13 0 76.482
      vertex 13 3 71.8026
      vertex 13 3 76.482
    endloop
  endfacet
  facet normal 1 0 0
    outer loop
      vertex 13 3 71.8026
      vertex 13 0 76.482
      vertex 13 0 71.8026
    endloop
  endfacet
  facet normal 0.866027 -0 0.499998
    outer loop
      vertex 13 0 71.8026
      vertex 18 3 63.1423
      vertex 13 3 71.8026
    endloop
  endfacet
  facet normal 0.866027 0 0.499998
    outer loop
      vertex 18 3 63.1423
      vertex 13 0 71.8026
      vertex 18 0 63.1423
    endloop
  endfacet
  facet normal -0.866027 0 0.499998
    outer loop
      vertex 18 0 63.1423
      vertex 23 3 71.8026
      vertex 18 3 63.1423
    endloop
  endfacet
  facet normal -0.866027 0 0.499998
    outer loop
      vertex 23 3 71.8026
      vertex 18 0 63.1423
      vertex 23 0 71.8026
    endloop
  endfacet
  facet normal -1 0 0
    outer loop
      vertex 11 0 71.8026
      vertex 11 3 76.482
      vertex 11 3 71.8026
    endloop
  endfacet
  facet normal -1 -0 0
    outer loop
      vertex 11 3 76.482
      vertex 11 0 71.8026
      vertex 11 0 76.482
    endloop
  endfacet
  facet normal -0.866027 0 -0.499998
    outer loop
      vertex 11 0 76.482
      vertex 6 3 85.1423
      vertex 11 3 76.482
    endloop
  endfacet
  facet normal -0.866027 -0 -0.499998
    outer loop
      vertex 6 3 85.1423
      vertex 11 0 76.482
      vertex 6 0 85.1423
    endloop
  endfacet
  facet normal 0.866027 0 -0.499998
    outer loop
      vertex 6 0 85.1423
      vertex 1 3 76.482
      vertex 6 3 85.1423
    endloop
  endfacet
  facet normal 0.866027 0 -0.499998
    outer loop
      vertex 1 3 76.482
      vertex 6 0 85.1423
      vertex 1 0 76.482
    endloop
  endfacet
  facet normal 1 -0 0
    outer loop
      vertex 1 0 76.482
      vertex 1 3 71.8026
      vertex 1 3 76.482
    endloop
  endfacet
  facet normal 1 0 0
    outer loop
      vertex 1 3 71.8026
      vertex 1 0 76.482
      vertex 1 0 71.8026
    endloop
  endfacet
  facet normal 0.866027 -0 0.499998
    outer loop
      vertex 1 0 71.8026
      vertex 6 3 63.1423
      vertex 1 3 71.8026
    endloop
  endfacet
  facet normal 0.866027 0 0.499998
    outer loop
      vertex 6 3 63.1423
      vertex 1 0 71.8026
      vertex 6 0 63.1423
    endloop
  endfacet
  facet normal -0.866027 0 0.499998
    outer loop
      vertex 6 0 63.1423
      vertex 11 3 71.8026
      vertex 6 3 63.1423
    endloop
  endfacet
  facet normal -0.866027 0 0.499998
    outer loop
      vertex 11 3 71.8026
      vertex 6 0 63.1423
      vertex 11 0 71.8026
    endloop
  endfacet
  facet normal -1 0 0
    outer loop
      vertex -1 0 71.8026
      vertex -1 3 76.482
      vertex -1 3 71.8026
    endloop
  endfacet
  facet normal -1 -0 0
    outer loop
      vertex -1 3 76.482
      vertex -1 0 71.8026
      vertex -1 0 76.482
    endloop
  endfacet
  facet normal -0.866027 0 -0.499998
    outer loop
      vertex -1 0 76.482
      vertex -6 3 85.1423
      vertex -1 3 76.482
    endloop
  endfacet
  facet normal -0.866027 -0 -0.499998
    outer loop
      vertex -6 3 85.1423
      vertex -1 0 76.482
      vertex -6 0 85.1423
    endloop
  endfacet
  facet normal 0.866027 0 -0.499998
    outer loop
      vertex -6 0 85.1423
      vertex -11 3 76.482
      vertex -6 3 85.1423
    endloop
  endfacet
  facet normal 0.866027 0 -0.499998
    outer loop
      vertex -11 3 76.482
      vertex -6 0 85.1423
      vertex -11 0 76.482
    endloop
  endfacet
  facet normal 1 -0 0
    outer loop
      vertex -11 0 76.482
      vertex -11 3 71.8026
      vertex -11 3 76.482
    endloop
  endfacet
  facet normal 1 0 0
    outer loop
      vertex -11 3 71.8026
      vertex -11 0 76.482
      vertex -11 0 71.8026
    endloop
  endfacet
  facet normal 0.866027 -0 0.499998
    outer loop
      vertex -11 0 71.8026
      vertex -6 3 63.1423
      vertex -11 3 71.8026
    endloop
  endfacet
  facet normal 0.866027 0 0.499998
    outer loop
      vertex -6 3 63.1423
      vertex -11 0 71.8026
      vertex -6 0 63.1423
    endloop
  endfacet
  facet normal -0.866027 0 0.499998
    outer loop
      vertex -6 0 63.1423
      vertex -1 3 71.8026
      vertex -6 3 63.1423
    endloop
  endfacet
  facet normal -0.866027 0 0.499998
    outer loop
      vertex -1 3 71.8026
      vertex -6 0 63.1423
      vertex -1 0 71.8026
    endloop
  endfacet
  facet normal -1 0 0
    outer loop
      vertex -13 0 71.8026
      vertex -13 3 76.482
      vertex -13 3 71.8026
    endloop
  endfacet
  facet normal -1 -0 0
    outer loop
      vertex -13 3 76.482
      vertex -13 0 71.8026
      vertex -13 0 76.482
    endloop
  endfacet
  facet normal -0.866027 0 -0.499998
    outer loop
      vertex -13 0 76.482
      vertex -18 3 85.1423
      vertex -13 3 76.482
    endloop
  endfacet
  facet normal -0.866027 -0 -0.499998
    outer loop
      vertex -18 3 85.1423
      vertex -13 0 76.482
      vertex -18 0 85.1423
    endloop
  endfacet
  facet normal 0.866027 0 -0.499998
    outer loop
      vertex -18 0 85.1423
      vertex -23 3 76.482
      vertex -18 3 85.1423
    endloop
  endfacet
  facet normal 0.866027 0 -0.499998
    outer loop
      vertex -23 3 76.482
      vertex -18 0 85.1423
      vertex -23 0 76.482
    endloop
  endfacet
  facet normal 1 -0 0
    outer loop
      vertex -23 0 76.482
      vertex -23 3 71.8026
      vertex -23 3 76.482
    endloop
  endfacet
  facet normal 1 0 0
    outer loop
      vertex -23 3 71.8026
      vertex -23 0 76.482
      vertex -23 0 71.8026
    endloop
  endfacet
  facet normal 0.866027 -0 0.499998
    outer loop
      vertex -23 0 71.8026
      vertex -18 3 63.1423
      vertex -23 3 71.8026
    endloop
  endfacet
  facet normal 0.866027 0 0.499998
    outer loop
      vertex -18 3 63.1423
      vertex -23 0 71.8026
      vertex -18 0 63.1423
    endloop
  endfacet
  facet normal -0.866027 0 0.499998
    outer loop
      vertex -18 0 63.1423
      vertex -13 3 71.8026
      vertex -18 3 63.1423
    endloop
  endfacet
  facet normal -0.866027 0 0.499998
    outer loop
      vertex -13 3 71.8026
      vertex -18 0 63.1423
      vertex -13 0 71.8026
    endloop
  endfacet
  facet normal -1 0 0
    outer loop
      vertex -25 0 71.8026
      vertex -25 3 76.482
      vertex -25 3 71.8026
    endloop
  endfacet
  facet normal -1 -0 0
    outer loop
      vertex -25 3 76.482
      vertex -25 0 71.8026
      vertex -25 0 76.482
    endloop
  endfacet
  facet normal -0.866027 0 -0.499998
    outer loop
      vertex -25 0 76.482
      vertex -30 3 85.1423
      vertex -25 3 76.482
    endloop
  endfacet
  facet normal -0.866027 -0 -0.499998
    outer loop
      vertex -30 3 85.1423
      vertex -25 0 76.482
      vertex -30 0 85.1423
    endloop
  endfacet
  facet normal 0.866027 0 -0.499998
    outer loop
      vertex -30 0 85.1423
      vertex -35 3 76.482
      vertex -30 3 85.1423
    endloop
  endfacet
  facet normal 0.866027 0 -0.499998
    outer loop
      vertex -35 3 76.482
      vertex -30 0 85.1423
      vertex -35 0 76.482
    endloop
  endfacet
  facet normal 1 -0 0
    outer loop
      vertex -35 0 76.482
      vertex -35 3 71.8026
      vertex -35 3 76.482
    endloop
  endfacet
  facet normal 1 0 0
    outer loop
      vertex -35 3 71.8026
      vertex -35 0 76.482
      vertex -35 0 71.8026
    endloop
  endfacet
  facet normal 0.866027 -0 0.499998
    outer loop
      vertex -35 0 71.8026
      vertex -30 3 63.1423
      vertex -35 3 71.8026
    endloop
  endfacet
  facet normal 0.866027 0 0.499998
    outer loop
      vertex -30 3 63.1423
      vertex -35 0 71.8026
      vertex -30 0 63.1423
    endloop
  endfacet
  facet normal -0.866027 0 0.499998
    outer loop
      vertex -30 0 63.1423
      vertex -25 3 71.8026
      vertex -30 3 63.1423
    endloop
  endfacet
  facet normal -0.866027 0 0.499998
    outer loop
      vertex -25 3 71.8026
      vertex -30 0 63.1423
      vertex -25 0 71.8026
    endloop
  endfacet
  facet normal -1 0 0
    outer loop
      vertex -7 0 56.1949
      vertex -7 3 60.8743
      vertex -7 3 56.1949
    endloop
  endfacet
  facet normal -1 -0 0
    outer loop
      vertex -7 3 60.8743
      vertex -7 0 56.1949
      vertex -7 0 60.8743
    endloop
  endfacet
  facet normal -0.866027 0 -0.499998
    outer loop
      vertex -7 0 60.8743
      vertex -12 3 69.5346
      vertex -7 3 60.8743
    endloop
  endfacet
  facet normal -0.866027 -0 -0.499998
    outer loop
      vertex -12 3 69.5346
      vertex -7 0 60.8743
      vertex -12 0 69.5346
    endloop
  endfacet
  facet normal 0.866027 0 -0.499998
    outer loop
      vertex -12 0 69.5346
      vertex -17 3 60.8743
      vertex -12 3 69.5346
    endloop
  endfacet
  facet normal 0.866027 0 -0.499998
    outer loop
      vertex -17 3 60.8743
      vertex -12 0 69.5346
      vertex -17 0 60.8743
    endloop
  endfacet
  facet normal 1 -0 0
    outer loop
      vertex -17 0 60.8743
      vertex -17 3 56.1949
      vertex -17 3 60.8743
    endloop
  endfacet
  facet normal 1 0 0
    outer loop
      vertex -17 3 56.1949
      vertex -17 0 60.8743
      vertex -17 0 56.1949
    endloop
  endfacet
  facet normal 0.866027 -0 0.499998
    outer loop
      vertex -17 0 56.1949
      vertex -12 3 47.5346
      vertex -17 3 56.1949
    endloop
  endfacet
  facet normal 0.866027 0 0.499998
    outer loop
      vertex -12 3 47.5346
      vertex -17 0 56.1949
      vertex -12 0 47.5346
    endloop
  endfacet
  facet normal -0.866027 0 0.499998
    outer loop
      vertex -12 0 47.5346
      vertex -7 3 56.1949
      vertex -12 3 47.5346
    endloop
  endfacet
  facet normal -0.866027 0 0.499998
    outer loop
      vertex -7 3 56.1949
      vertex -12 0 47.5346
      vertex -7 0 56.1949
    endloop
  endfacet
  facet normal -1 0 0
    outer loop
      vertex -19 0 56.1949
      vertex -19 3 60.8743
      vertex -19 3 56.1949
    endloop
  endfacet
  facet normal -1 -0 0
    outer loop
      vertex -19 3 60.8743
      vertex -19 0 56.1949
      vertex -19 0 60.8743
    endloop
  endfacet
  facet normal -0.866027 0 -0.499998
    outer loop
      vertex -19 0 60.8743
      vertex -24 3 69.5346
      vertex -19 3 60.8743
    endloop
  endfacet
  facet normal -0.866027 -0 -0.499998
    outer loop
      vertex -24 3 69.5346
      vertex -19 0 60.8743
      vertex -24 0 69.5346
    endloop
  endfacet
  facet normal 0.866027 0 -0.499998
    outer loop
      vertex -24 0 69.5346
      vertex -29 3 60.8743
      vertex -24 3 69.5346
    endloop
  endfacet
  facet normal 0.866027 0 -0.499998
    outer loop
      vertex -29 3 60.8743
      vertex -24 0 69.5346
      vertex -29 0 60.8743
    endloop
  endfacet
  facet normal 1 -0 0
    outer loop
      vertex -29 0 60.8743
      vertex -29 3 56.1949
      vertex -29 3 60.8743
    endloop
  endfacet
  facet normal 1 0 0
    outer loop
      vertex -29 3 56.1949
      vertex -29 0 60.8743
      vertex -29 0 56.1949
    endloop
  endfacet
  facet normal 0.866027 -0 0.499998
    outer loop
      vertex -29 0 56.1949
      vertex -24 3 47.5346
      vertex -29 3 56.1949
    endloop
  endfacet
  facet normal 0.866027 0 0.499998
    outer loop
      vertex -24 3 47.5346
      vertex -29 0 56.1949
      vertex -24 0 47.5346
    endloop
  endfacet
  facet normal -0.866027 0 0.499998
    outer loop
      vertex -24 0 47.5346
      vertex -19 3 56.1949
      vertex -24 3 47.5346
    endloop
  endfacet
  facet normal -0.866027 0 0.499998
    outer loop
      vertex -19 3 56.1949
      vertex -24 0 47.5346
      vertex -19 0 56.1949
    endloop
  endfacet
  facet normal -1 0 0
    outer loop
      vertex 5 0 56.1949
      vertex 5 3 60.8743
      vertex 5 3 56.1949
    endloop
  endfacet
  facet normal -1 -0 0
    outer loop
      vertex 5 3 60.8743
      vertex 5 0 56.1949
      vertex 5 0 60.8743
    endloop
  endfacet
  facet normal -0.866027 0 -0.499998
    outer loop
      vertex 5 0 60.8743
      vertex 0 3 69.5346
      vertex 5 3 60.8743
    endloop
  endfacet
  facet normal -0.866027 -0 -0.499998
    outer loop
      vertex 0 3 69.5346
      vertex 5 0 60.8743
      vertex 0 0 69.5346
    endloop
  endfacet
  facet normal 0.866027 0 -0.499998
    outer loop
      vertex 0 0 69.5346
      vertex -5 3 60.8743
      vertex 0 3 69.5346
    endloop
  endfacet
  facet normal 0.866027 0 -0.499998
    outer loop
      vertex -5 3 60.8743
      vertex 0 0 69.5346
      vertex -5 0 60.8743
    endloop
  endfacet
  facet normal 1 -0 0
    outer loop
      vertex -5 0 60.8743
      vertex -5 3 56.1949
      vertex -5 3 60.8743
    endloop
  endfacet
  facet normal 1 0 0
    outer loop
      vertex -5 3 56.1949
      vertex -5 0 60.8743
      vertex -5 0 56.1949
    endloop
  endfacet
  facet normal 0.866027 -0 0.499998
    outer loop
      vertex -5 0 56.1949
      vertex 0 3 47.5346
      vertex -5 3 56.1949
    endloop
  endfacet
  facet normal 0.866027 0 0.499998
    outer loop
      vertex 0 3 47.5346
      vertex -5 0 56.1949
      vertex 0 0 47.5346
    endloop
  endfacet
  facet normal -0.866027 0 0.499998
    outer loop
      vertex 0 0 47.5346
      vertex 5 3 56.1949
      vertex 0 3 47.5346
    endloop
  endfacet
  facet normal -0.866027 0 0.499998
    outer loop
      vertex 5 3 56.1949
      vertex 0 0 47.5346
      vertex 5 0 56.1949
    endloop
  endfacet
  facet normal -1 0 0
    outer loop
      vertex 17 0 56.1949
      vertex 17 3 60.8743
      vertex 17 3 56.1949
    endloop
  endfacet
  facet normal -1 -0 0
    outer loop
      vertex 17 3 60.8743
      vertex 17 0 56.1949
      vertex 17 0 60.8743
    endloop
  endfacet
  facet normal -0.866027 0 -0.499998
    outer loop
      vertex 17 0 60.8743
      vertex 12 3 69.5346
      vertex 17 3 60.8743
    endloop
  endfacet
  facet normal -0.866027 -0 -0.499998
    outer loop
      vertex 12 3 69.5346
      vertex 17 0 60.8743
      vertex 12 0 69.5346
    endloop
  endfacet
  facet normal 0.866027 0 -0.499998
    outer loop
      vertex 12 0 69.5346
      vertex 7 3 60.8743
      vertex 12 3 69.5346
    endloop
  endfacet
  facet normal 0.866027 0 -0.499998
    outer loop
      vertex 7 3 60.8743
      vertex 12 0 69.5346
      vertex 7 0 60.8743
    endloop
  endfacet
  facet normal 1 -0 0
    outer loop
      vertex 7 0 60.8743
      vertex 7 3 56.1949
      vertex 7 3 60.8743
    endloop
  endfacet
  facet normal 1 0 0
    outer loop
      vertex 7 3 56.1949
      vertex 7 0 60.8743
      vertex 7 0 56.1949
    endloop
  endfacet
  facet normal 0.866027 -0 0.499998
    outer loop
      vertex 7 0 56.1949
      vertex 12 3 47.5346
      vertex 7 3 56.1949
    endloop
  endfacet
  facet normal 0.866027 0 0.499998
    outer loop
      vertex 12 3 47.5346
      vertex 7 0 56.1949
      vertex 12 0 47.5346
    endloop
  endfacet
  facet normal -0.866027 0 0.499998
    outer loop
      vertex 12 0 47.5346
      vertex 17 3 56.1949
      vertex 12 3 47.5346
    endloop
  endfacet
  facet normal -0.866027 0 0.499998
    outer loop
      vertex 17 3 56.1949
      vertex 12 0 47.5346
      vertex 17 0 56.1949
    endloop
  endfacet
  facet normal -1 0 0
    outer loop
      vertex 29 0 56.1949
      vertex 29 3 60.8743
      vertex 29 3 56.1949
    endloop
  endfacet
  facet normal -1 -0 0
    outer loop
      vertex 29 3 60.8743
      vertex 29 0 56.1949
      vertex 29 0 60.8743
    endloop
  endfacet
  facet normal -0.866027 0 -0.499998
    outer loop
      vertex 29 0 60.8743
      vertex 24 3 69.5346
      vertex 29 3 60.8743
    endloop
  endfacet
  facet normal -0.866027 -0 -0.499998
    outer loop
      vertex 24 3 69.5346
      vertex 29 0 60.8743
      vertex 24 0 69.5346
    endloop
  endfacet
  facet normal 0.866027 0 -0.499998
    outer loop
      vertex 24 0 69.5346
      vertex 19 3 60.8743
      vertex 24 3 69.5346
    endloop
  endfacet
  facet normal 0.866027 0 -0.499998
    outer loop
      vertex 19 3 60.8743
      vertex 24 0 69.5346
      vertex 19 0 60.8743
    endloop
  endfacet
  facet normal 1 -0 0
    outer loop
      vertex 19 0 60.8743
      vertex 19 3 56.1949
      vertex 19 3 60.8743
    endloop
  endfacet
  facet normal 1 0 0
    outer loop
      vertex 19 3 56.1949
      vertex 19 0 60.8743
      vertex 19 0 56.1949
    endloop
  endfacet
  facet normal 0.866027 -0 0.499998
    outer loop
      vertex 19 0 56.1949
      vertex 24 3 47.5346
      vertex 19 3 56.1949
    endloop
  endfacet
  facet normal 0.866027 0 0.499998
    outer loop
      vertex 24 3 47.5346
      vertex 19 0 56.1949
      vertex 24 0 47.5346
    endloop
  endfacet
  facet normal -0.866027 0 0.499998
    outer loop
      vertex 24 0 47.5346
      vertex 29 3 56.1949
      vertex 24 3 47.5346
    endloop
  endfacet
  facet normal -0.866027 0 0.499998
    outer loop
      vertex 29 3 56.1949
      vertex 24 0 47.5346
      vertex 29 0 56.1949
    endloop
  endfacet
  facet normal -1 0 0
    outer loop
      vertex 35 0 40.5872
      vertex 35 3 45.2666
      vertex 35 3 40.5872
    endloop
  endfacet
  facet normal -1 -0 0
    outer loop
      vertex 35 3 45.2666
      vertex 35 0 40.5872
      vertex 35 0 45.2666
    endloop
  endfacet
  facet normal -0.866027 0 -0.499998
    outer loop
      vertex 35 0 45.2666
      vertex 30 3 53.9269
      vertex 35 3 45.2666
    endloop
  endfacet
  facet normal -0.866027 -0 -0.499998
    outer loop
      vertex 30 3 53.9269
      vertex 35 0 45.2666
      vertex 30 0 53.9269
    endloop
  endfacet
  facet normal 0.866027 0 -0.499998
    outer loop
      vertex 30 0 53.9269
      vertex 25 3 45.2666
      vertex 30 3 53.9269
    endloop
  endfacet
  facet normal 0.866027 0 -0.499998
    outer loop
      vertex 25 3 45.2666
      vertex 30 0 53.9269
      vertex 25 0 45.2666
    endloop
  endfacet
  facet normal 1 -0 0
    outer loop
      vertex 25 0 45.2666
      vertex 25 3 40.5872
      vertex 25 3 45.2666
    endloop
  endfacet
  facet normal 1 0 0
    outer loop
      vertex 25 3 40.5872
      vertex 25 0 45.2666
      vertex 25 0 40.5872
    endloop
  endfacet
  facet normal 0.866027 -0 0.499998
    outer loop
      vertex 25 0 40.5872
      vertex 30 3 31.9269
      vertex 25 3 40.5872
    endloop
  endfacet
  facet normal 0.866027 0 0.499998
    outer loop
      vertex 30 3 31.9269
      vertex 25 0 40.5872
      vertex 30 0 31.9269
    endloop
  endfacet
  facet normal -0.866027 0 0.499998
    outer loop
      vertex 30 0 31.9269
      vertex 35 3 40.5872
      vertex 30 3 31.9269
    endloop
  endfacet
  facet normal -0.866027 0 0.499998
    outer loop
      vertex 35 3 40.5872
      vertex 30 0 31.9269
      vertex 35 0 40.5872
    endloop
  endfacet
  facet normal -1 0 0
    outer loop
      vertex 23 0 40.5872
      vertex 23 3 45.2666
      vertex 23 3 40.5872
    endloop
  endfacet
  facet normal -1 -0 0
    outer loop
      vertex 23 3 45.2666
      vertex 23 0 40.5872
      vertex 23 0 45.2666
    endloop
  endfacet
  facet normal -0.866027 0 -0.499998
    outer loop
      vertex 23 0 45.2666
      vertex 18 3 53.9269
      vertex 23 3 45.2666
    endloop
  endfacet
  facet normal -0.866027 -0 -0.499998
    outer loop
      vertex 18 3 53.9269
      vertex 23 0 45.2666
      vertex 18 0 53.9269
    endloop
  endfacet
  facet normal 0.866027 0 -0.499998
    outer loop
      vertex 18 0 53.9269
      vertex 13 3 45.2666
      vertex 18 3 53.9269
    endloop
  endfacet
  facet normal 0.866027 0 -0.499998
    outer loop
      vertex 13 3 45.2666
      vertex 18 0 53.9269
      vertex 13 0 45.2666
    endloop
  endfacet
  facet normal 1 -0 0
    outer loop
      vertex 13 0 45.2666
      vertex 13 3 40.5872
      vertex 13 3 45.2666
    endloop
  endfacet
  facet normal 1 0 0
    outer loop
      vertex 13 3 40.5872
      vertex 13 0 45.2666
      vertex 13 0 40.5872
    endloop
  endfacet
  facet normal 0.866027 -0 0.499998
    outer loop
      vertex 13 0 40.5872
      vertex 18 3 31.9269
      vertex 13 3 40.5872
    endloop
  endfacet
  facet normal 0.866027 0 0.499998
    outer loop
      vertex 18 3 31.9269
      vertex 13 0 40.5872
      vertex 18 0 31.9269
    endloop
  endfacet
  facet normal -0.866027 0 0.499998
    outer loop
      vertex 18 0 31.9269
      vertex 23 3 40.5872
      vertex 18 3 31.9269
    endloop
  endfacet
  facet normal -0.866027 0 0.499998
    outer loop
      vertex 23 3 40.5872
      vertex 18 0 31.9269
      vertex 23 0 40.5872
    endloop
  endfacet
  facet normal -1 0 0
    outer loop
      vertex 11 0 40.5872
      vertex 11 3 45.2666
      vertex 11 3 40.5872
    endloop
  endfacet
  facet normal -1 -0 0
    outer loop
      vertex 11 3 45.2666
      vertex 11 0 40.5872
      vertex 11 0 45.2666
    endloop
  endfacet
  facet normal -0.866027 0 -0.499998
    outer loop
      vertex 11 0 45.2666
      vertex 6 3 53.9269
      vertex 11 3 45.2666
    endloop
  endfacet
  facet normal -0.866027 -0 -0.499998
    outer loop
      vertex 6 3 53.9269
      vertex 11 0 45.2666
      vertex 6 0 53.9269
    endloop
  endfacet
  facet normal 0.866027 0 -0.499998
    outer loop
      vertex 6 0 53.9269
      vertex 1 3 45.2666
      vertex 6 3 53.9269
    endloop
  endfacet
  facet normal 0.866027 0 -0.499998
    outer loop
      vertex 1 3 45.2666
      vertex 6 0 53.9269
      vertex 1 0 45.2666
    endloop
  endfacet
  facet normal 1 -0 0
    outer loop
      vertex 1 0 45.2666
      vertex 1 3 40.5872
      vertex 1 3 45.2666
    endloop
  endfacet
  facet normal 1 0 0
    outer loop
      vertex 1 3 40.5872
      vertex 1 0 45.2666
      vertex 1 0 40.5872
    endloop
  endfacet
  facet normal 0.866027 -0 0.499998
    outer loop
      vertex 1 0 40.5872
      vertex 6 3 31.9269
      vertex 1 3 40.5872
    endloop
  endfacet
  facet normal 0.866027 0 0.499998
    outer loop
      vertex 6 3 31.9269
      vertex 1 0 40.5872
      vertex 6 0 31.9269
    endloop
  endfacet
  facet normal -0.866027 0 0.499998
    outer loop
      vertex 6 0 31.9269
      vertex 11 3 40.5872
      vertex 6 3 31.9269
    endloop
  endfacet
  facet normal -0.866027 0 0.499998
    outer loop
      vertex 11 3 40.5872
      vertex 6 0 31.9269
      vertex 11 0 40.5872
    endloop
  endfacet
  facet normal -1 0 0
    outer loop
      vertex -1 0 40.5872
      vertex -1 3 45.2666
      vertex -1 3 40.5872
    endloop
  endfacet
  facet normal -1 -0 0
    outer loop
      vertex -1 3 45.2666
      vertex -1 0 40.5872
      vertex -1 0 45.2666
    endloop
  endfacet
  facet normal -0.866027 0 -0.499998
    outer loop
      vertex -1 0 45.2666
      vertex -6 3 53.9269
      vertex -1 3 45.2666
    endloop
  endfacet
  facet normal -0.866027 -0 -0.499998
    outer loop
      vertex -6 3 53.9269
      vertex -1 0 45.2666
      vertex -6 0 53.9269
    endloop
  endfacet
  facet normal 0.866027 0 -0.499998
    outer loop
      vertex -6 0 53.9269
      vertex -11 3 45.2666
      vertex -6 3 53.9269
    endloop
  endfacet
  facet normal 0.866027 0 -0.499998
    outer loop
      vertex -11 3 45.2666
      vertex -6 0 53.9269
      vertex -11 0 45.2666
    endloop
  endfacet
  facet normal 1 -0 0
    outer loop
      vertex -11 0 45.2666
      vertex -11 3 40.5872
      vertex -11 3 45.2666
    endloop
  endfacet
  facet normal 1 0 0
    outer loop
      vertex -11 3 40.5872
      vertex -11 0 45.2666
      vertex -11 0 40.5872
    endloop
  endfacet
  facet normal 0.866027 -0 0.499998
    outer loop
      vertex -11 0 40.5872
      vertex -6 3 31.9269
      vertex -11 3 40.5872
    endloop
  endfacet
  facet normal 0.866027 0 0.499998
    outer loop
      vertex -6 3 31.9269
      vertex -11 0 40.5872
      vertex -6 0 31.9269
    endloop
  endfacet
  facet normal -0.866027 0 0.499998
    outer loop
      vertex -6 0 31.9269
      vertex -1 3 40.5872
      vertex -6 3 31.9269
    endloop
  endfacet
  facet normal -0.866027 0 0.499998
    outer loop
      vertex -1 3 40.5872
      vertex -6 0 31.9269
      vertex -1 0 40.5872
    endloop
  endfacet
  facet normal -1 0 0
    outer loop
      vertex -13 0 40.5872
      vertex -13 3 45.2666
      vertex -13 3 40.5872
    endloop
  endfacet
  facet normal -1 -0 0
    outer loop
      vertex -13 3 45.2666
      vertex -13 0 40.5872
      vertex -13 0 45.2666
    endloop
  endfacet
  facet normal -0.866027 0 -0.499998
    outer loop
      vertex -13 0 45.2666
      vertex -18 3 53.9269
      vertex -13 3 45.2666
    endloop
  endfacet
  facet normal -0.866027 -0 -0.499998
    outer loop
      vertex -18 3 53.9269
      vertex -13 0 45.2666
      vertex -18 0 53.9269
    endloop
  endfacet
  facet normal 0.866027 0 -0.499998
    outer loop
      vertex -18 0 53.9269
      vertex -23 3 45.2666
      vertex -18 3 53.9269
    endloop
  endfacet
  facet normal 0.866027 0 -0.499998
    outer loop
      vertex -23 3 45.2666
      vertex -18 0 53.9269
      vertex -23 0 45.2666
    endloop
  endfacet
  facet normal 1 -0 0
    outer loop
      vertex -23 0 45.2666
      vertex -23 3 40.5872
      vertex -23 3 45.2666
    endloop
  endfacet
  facet normal 1 0 0
    outer loop
      vertex -23 3 40.5872
      vertex -23 0 45.2666
      vertex -23 0 40.5872
    endloop
  endfacet
  facet normal 0.866027 -0 0.499998
    outer loop
      vertex -23 0 40.5872
      vertex -18 3 31.9269
      vertex -23 3 40.5872
    endloop
  endfacet
  facet normal 0.866027 0 0.499998
    outer loop
      vertex -18 3 31.9269
      vertex -23 0 40.5872
      vertex -18 0 31.9269
    endloop
  endfacet
  facet normal -0.866027 0 0.499998
    outer loop
      vertex -18 0 31.9269
      vertex -13 3 40.5872
      vertex -18 3 31.9269
    endloop
  endfacet
  facet normal -0.866027 0 0.499998
    outer loop
      vertex -13 3 40.5872
      vertex -18 0 31.9269
      vertex -13 0 40.5872
    endloop
  endfacet
  facet normal -1 0 0
    outer loop
      vertex -25 0 40.5872
      vertex -25 3 45.2666
      vertex -25 3 40.5872
    endloop
  endfacet
  facet normal -1 -0 0
    outer loop
      vertex -25 3 45.2666
      vertex -25 0 40.5872
      vertex -25 0 45.2666
    endloop
  endfacet
  facet normal -0.866027 0 -0.499998
    outer loop
      vertex -25 0 45.2666
      vertex -30 3 53.9269
      vertex -25 3 45.2666
    endloop
  endfacet
  facet normal -0.866027 -0 -0.499998
    outer loop
      vertex -30 3 53.9269
      vertex -25 0 45.2666
      vertex -30 0 53.9269
    endloop
  endfacet
  facet normal 0.866027 0 -0.499998
    outer loop
      vertex -30 0 53.9269
      vertex -35 3 45.2666
      vertex -30 3 53.9269
    endloop
  endfacet
  facet normal 0.866027 0 -0.499998
    outer loop
      vertex -35 3 45.2666
      vertex -30 0 53.9269
      vertex -35 0 45.2666
    endloop
  endfacet
  facet normal 1 -0 0
    outer loop
      vertex -35 0 45.2666
      vertex -35 3 40.5872
      vertex -35 3 45.2666
    endloop
  endfacet
  facet normal 1 0 0
    outer loop
      vertex -35 3 40.5872
      vertex -35 0 45.2666
      vertex -35 0 40.5872
    endloop
  endfacet
  facet normal 0.866027 -0 0.499998
    outer loop
      vertex -35 0 40.5872
      vertex -30 3 31.9269
      vertex -35 3 40.5872
    endloop
  endfacet
  facet normal 0.866027 0 0.499998
    outer loop
      vertex -30 3 31.9269
      vertex -35 0 40.5872
      vertex -30 0 31.9269
    endloop
  endfacet
  facet normal -0.866027 0 0.499998
    outer loop
      vertex -30 0 31.9269
      vertex -25 3 40.5872
      vertex -30 3 31.9269
    endloop
  endfacet
  facet normal -0.866027 0 0.499998
    outer loop
      vertex -25 3 40.5872
      vertex -30 0 31.9269
      vertex -25 0 40.5872
    endloop
  endfacet
  facet normal -1 0 0
    outer loop
      vertex -19 0 24.9795
      vertex -19 3 29.659
      vertex -19 3 24.9795
    endloop
  endfacet
  facet normal -1 -0 0
    outer loop
      vertex -19 3 29.659
      vertex -19 0 24.9795
      vertex -19 0 29.659
    endloop
  endfacet
  facet normal -0.866024 0 -0.500002
    outer loop
      vertex -19 0 29.659
      vertex -24 3 38.3192
      vertex -19 3 29.659
    endloop
  endfacet
  facet normal -0.866024 -0 -0.500002
    outer loop
      vertex -24 3 38.3192
      vertex -19 0 29.659
      vertex -24 0 38.3192
    endloop
  endfacet
  facet normal 0.866024 0 -0.500002
    outer loop
      vertex -24 0 38.3192
      vertex -29 3 29.659
      vertex -24 3 38.3192
    endloop
  endfacet
  facet normal 0.866024 0 -0.500002
    outer loop
      vertex -29 3 29.659
      vertex -24 0 38.3192
      vertex -29 0 29.659
    endloop
  endfacet
  facet normal 1 -0 0
    outer loop
      vertex -29 0 29.659
      vertex -29 3 24.9795
      vertex -29 3 29.659
    endloop
  endfacet
  facet normal 1 0 0
    outer loop
      vertex -29 3 24.9795
      vertex -29 0 29.659
      vertex -29 0 24.9795
    endloop
  endfacet
  facet normal 0.866027 -0 0.499998
    outer loop
      vertex -29 0 24.9795
      vertex -24 3 16.3192
      vertex -29 3 24.9795
    endloop
  endfacet
  facet normal 0.866027 0 0.499998
    outer loop
      vertex -24 3 16.3192
      vertex -29 0 24.9795
      vertex -24 0 16.3192
    endloop
  endfacet
  facet normal -0.866027 0 0.499998
    outer loop
      vertex -24 0 16.3192
      vertex -19 3 24.9795
      vertex -24 3 16.3192
    endloop
  endfacet
  facet normal -0.866027 0 0.499998
    outer loop
      vertex -19 3 24.9795
      vertex -24 0 16.3192
      vertex -19 0 24.9795
    endloop
  endfacet
  facet normal -1 0 0
    outer loop
      vertex 29 0 24.9795
      vertex 29 3 29.659
      vertex 29 3 24.9795
    endloop
  endfacet
  facet normal -1 -0 0
    outer loop
      vertex 29 3 29.659
      vertex 29 0 24.9795
      vertex 29 0 29.659
    endloop
  endfacet
  facet normal -0.866024 0 -0.500002
    outer loop
      vertex 29 0 29.659
      vertex 24 3 38.3192
      vertex 29 3 29.659
    endloop
  endfacet
  facet normal -0.866024 -0 -0.500002
    outer loop
      vertex 24 3 38.3192
      vertex 29 0 29.659
      vertex 24 0 38.3192
    endloop
  endfacet
  facet normal 0.866024 0 -0.500002
    outer loop
      vertex 24 0 38.3192
      vertex 19 3 29.659
      vertex 24 3 38.3192
    endloop
  endfacet
  facet normal 0.866024 0 -0.500002
    outer loop
      vertex 19 3 29.659
      vertex 24 0 38.3192
      vertex 19 0 29.659
    endloop
  endfacet
  facet normal 1 -0 0
    outer loop
      vertex 19 0 29.659
      vertex 19 3 24.9795
      vertex 19 3 29.659
    endloop
  endfacet
  facet normal 1 0 0
    outer loop
      vertex 19 3 24.9795
      vertex 19 0 29.659
      vertex 19 0 24.9795
    endloop
  endfacet
  facet normal 0.866027 -0 0.499998
    outer loop
      vertex 19 0 24.9795
      vertex 24 3 16.3192
      vertex 19 3 24.9795
    endloop
  endfacet
  facet normal 0.866027 0 0.499998
    outer loop
      vertex 24 3 16.3192
      vertex 19 0 24.9795
      vertex 24 0 16.3192
    endloop
  endfacet
  facet normal -0.866027 0 0.499998
    outer loop
      vertex 24 0 16.3192
      vertex 29 3 24.9795
      vertex 24 3 16.3192
    endloop
  endfacet
  facet normal -0.866027 0 0.499998
    outer loop
      vertex 29 3 24.9795
      vertex 24 0 16.3192
      vertex 29 0 24.9795
    endloop
  endfacet
  facet normal -1 0 0
    outer loop
      vertex 17 0 24.9795
      vertex 17 3 29.659
      vertex 17 3 24.9795
    endloop
  endfacet
  facet normal -1 -0 0
    outer loop
      vertex 17 3 29.659
      vertex 17 0 24.9795
      vertex 17 0 29.659
    endloop
  endfacet
  facet normal -0.866024 0 -0.500002
    outer loop
      vertex 17 0 29.659
      vertex 12 3 38.3192
      vertex 17 3 29.659
    endloop
  endfacet
  facet normal -0.866024 -0 -0.500002
    outer loop
      vertex 12 3 38.3192
      vertex 17 0 29.659
      vertex 12 0 38.3192
    endloop
  endfacet
  facet normal 0.866024 0 -0.500002
    outer loop
      vertex 12 0 38.3192
      vertex 7 3 29.659
      vertex 12 3 38.3192
    endloop
  endfacet
  facet normal 0.866024 0 -0.500002
    outer loop
      vertex 7 3 29.659
      vertex 12 0 38.3192
      vertex 7 0 29.659
    endloop
  endfacet
  facet normal 1 -0 0
    outer loop
      vertex 7 0 29.659
      vertex 7 3 24.9795
      vertex 7 3 29.659
    endloop
  endfacet
  facet normal 1 0 0
    outer loop
      vertex 7 3 24.9795
      vertex 7 0 29.659
      vertex 7 0 24.9795
    endloop
  endfacet
  facet normal 0.866027 -0 0.499998
    outer loop
      vertex 7 0 24.9795
      vertex 12 3 16.3192
      vertex 7 3 24.9795
    endloop
  endfacet
  facet normal 0.866027 0 0.499998
    outer loop
      vertex 12 3 16.3192
      vertex 7 0 24.9795
      vertex 12 0 16.3192
    endloop
  endfacet
  facet normal -0.866027 0 0.499998
    outer loop
      vertex 12 0 16.3192
      vertex 17 3 24.9795
      vertex 12 3 16.3192
    endloop
  endfacet
  facet normal -0.866027 0 0.499998
    outer loop
      vertex 17 3 24.9795
      vertex 12 0 16.3192
      vertex 17 0 24.9795
    endloop
  endfacet
  facet normal -1 0 0
    outer loop
      vertex 5 0 24.9795
      vertex 5 3 29.659
      vertex 5 3 24.9795
    endloop
  endfacet
  facet normal -1 -0 0
    outer loop
      vertex 5 3 29.659
      vertex 5 0 24.9795
      vertex 5 0 29.659
    endloop
  endfacet
  facet normal -0.866024 0 -0.500002
    outer loop
      vertex 5 0 29.659
      vertex 0 3 38.3192
      vertex 5 3 29.659
    endloop
  endfacet
  facet normal -0.866024 -0 -0.500002
    outer loop
      vertex 0 3 38.3192
      vertex 5 0 29.659
      vertex 0 0 38.3192
    endloop
  endfacet
  facet normal 0.866024 0 -0.500002
    outer loop
      vertex 0 0 38.3192
      vertex -5 3 29.659
      vertex 0 3 38.3192
    endloop
  endfacet
  facet normal 0.866024 0 -0.500002
    outer loop
      vertex -5 3 29.659
      vertex 0 0 38.3192
      vertex -5 0 29.659
    endloop
  endfacet
  facet normal 1 -0 0
    outer loop
      vertex -5 0 29.659
      vertex -5 3 24.9795
      vertex -5 3 29.659
    endloop
  endfacet
  facet normal 1 0 0
    outer loop
      vertex -5 3 24.9795
      vertex -5 0 29.659
      vertex -5 0 24.9795
    endloop
  endfacet
  facet normal 0.866027 -0 0.499998
    outer loop
      vertex -5 0 24.9795
      vertex 0 3 16.3192
      vertex -5 3 24.9795
    endloop
  endfacet
  facet normal 0.866027 0 0.499998
    outer loop
      vertex 0 3 16.3192
      vertex -5 0 24.9795
      vertex 0 0 16.3192
    endloop
  endfacet
  facet normal -0.866027 0 0.499998
    outer loop
      vertex 0 0 16.3192
      vertex 5 3 24.9795
      vertex 0 3 16.3192
    endloop
  endfacet
  facet normal -0.866027 0 0.499998
    outer loop
      vertex 5 3 24.9795
      vertex 0 0 16.3192
      vertex 5 0 24.9795
    endloop
  endfacet
  facet normal -1 0 0
    outer loop
      vertex -7 0 24.9795
      vertex -7 3 29.659
      vertex -7 3 24.9795
    endloop
  endfacet
  facet normal -1 -0 0
    outer loop
      vertex -7 3 29.659
      vertex -7 0 24.9795
      vertex -7 0 29.659
    endloop
  endfacet
  facet normal -0.866024 0 -0.500002
    outer loop
      vertex -7 0 29.659
      vertex -12 3 38.3192
      vertex -7 3 29.659
    endloop
  endfacet
  facet normal -0.866024 -0 -0.500002
    outer loop
      vertex -12 3 38.3192
      vertex -7 0 29.659
      vertex -12 0 38.3192
    endloop
  endfacet
  facet normal 0.866024 0 -0.500002
    outer loop
      vertex -12 0 38.3192
      vertex -17 3 29.659
      vertex -12 3 38.3192
    endloop
  endfacet
  facet normal 0.866024 0 -0.500002
    outer loop
      vertex -17 3 29.659
      vertex -12 0 38.3192
      vertex -17 0 29.659
    endloop
  endfacet
  facet normal 1 -0 0
    outer loop
      vertex -17 0 29.659
      vertex -17 3 24.9795
      vertex -17 3 29.659
    endloop
  endfacet
  facet normal 1 0 0
    outer loop
      vertex -17 3 24.9795
      vertex -17 0 29.659
      vertex -17 0 24.9795
    endloop
  endfacet
  facet normal 0.866027 -0 0.499998
    outer loop
      vertex -17 0 24.9795
      vertex -12 3 16.3192
      vertex -17 3 24.9795
    endloop
  endfacet
  facet normal 0.866027 0 0.499998
    outer loop
      vertex -12 3 16.3192
      vertex -17 0 24.9795
      vertex -12 0 16.3192
    endloop
  endfacet
  facet normal -0.866027 0 0.499998
    outer loop
      vertex -12 0 16.3192
      vertex -7 3 24.9795
      vertex -12 3 16.3192
    endloop
  endfacet
  facet normal -0.866027 0 0.499998
    outer loop
      vertex -7 3 24.9795
      vertex -12 0 16.3192
      vertex -7 0 24.9795
    endloop
  endfacet
  facet normal 0.705694 0 0.708517
    outer loop
      vertex -43.806 56.9 179.5
      vertex -42.3 3 178
      vertex -42.3 56.9 178
    endloop
  endfacet
  facet normal 0.705694 0 0.708517
    outer loop
      vertex -42.3 3 178
      vertex -43.806 56.9 179.5
      vertex -43.806 1.49398 179.5
    endloop
  endfacet
  facet normal -0.705694 0 0.708517
    outer loop
      vertex 42.3 3 178
      vertex 43.806 56.9 179.5
      vertex 42.3 56.9 178
    endloop
  endfacet
  facet normal -0.705694 0 0.708517
    outer loop
      vertex 43.806 56.9 179.5
      vertex 42.3 3 178
      vertex 43.806 1.49398 179.5
    endloop
  endfacet
  facet normal -0 0.705689 0.708521
    outer loop
      vertex -42.3 3 178
      vertex 43.806 1.49398 179.5
      vertex 42.3 3 178
    endloop
  endfacet
  facet normal 0 0.705689 0.708521
    outer loop
      vertex 43.806 1.49398 179.5
      vertex -42.3 3 178
      vertex -43.806 1.49398 179.5
    endloop
  endfacet
endsolid OpenSCAD_Model
