solid OpenSCAD_Model
  facet normal -0 0.514076 0.857745
    outer loop
      vertex -3.75 13.8215 12.7952
      vertex 0 13.6111 12.9213
      vertex 0 13.8215 12.7952
    endloop
  endfacet
  facet normal 0 0.514076 0.857745
    outer loop
      vertex 0 13.6111 12.9213
      vertex -3.75 13.8215 12.7952
      vertex -3.75 13.6111 12.9213
    endloop
  endfacet
  facet normal 0 -0.146726 0.989177
    outer loop
      vertex -3.75 15.4877 12.548
      vertex 0 15.245 12.512
      vertex 0 15.4877 12.548
    endloop
  endfacet
  facet normal 0 -0.146726 0.989177
    outer loop
      vertex 0 15.245 12.512
      vertex -3.75 15.4877 12.548
      vertex -3.75 15.245 12.512
    endloop
  endfacet
  facet normal 0 -0.0489209 0.998803
    outer loop
      vertex -3.75 15.245 12.512
      vertex 0 15 12.5
      vertex 0 15.245 12.512
    endloop
  endfacet
  facet normal 0 -0.0489209 0.998803
    outer loop
      vertex 0 15 12.5
      vertex -3.75 15.245 12.512
      vertex -3.75 15 12.5
    endloop
  endfacet
  facet normal 0 -0.242919 0.970047
    outer loop
      vertex -3.75 15.7257 12.6076
      vertex 0 15.4877 12.548
      vertex 0 15.7257 12.6076
    endloop
  endfacet
  facet normal 0 -0.242919 0.970047
    outer loop
      vertex 0 15.4877 12.548
      vertex -3.75 15.7257 12.6076
      vertex -3.75 15.4877 12.548
    endloop
  endfacet
  facet normal 0 -0.514076 0.857745
    outer loop
      vertex -3.75 16.3889 12.9213
      vertex 0 16.1785 12.7952
      vertex 0 16.3889 12.9213
    endloop
  endfacet
  facet normal 0 -0.514076 0.857745
    outer loop
      vertex 0 16.1785 12.7952
      vertex -3.75 16.3889 12.9213
      vertex -3.75 16.1785 12.7952
    endloop
  endfacet
  facet normal 0 0.243303 -0.96995
    outer loop
      vertex -3.75 14.2743 17.3923
      vertex 0 14.5123 17.452
      vertex 0 14.2743 17.3923
    endloop
  endfacet
  facet normal 0 0.243303 -0.96995
    outer loop
      vertex 0 14.5123 17.452
      vertex -3.75 14.2743 17.3923
      vertex -3.75 14.5123 17.452
    endloop
  endfacet
  facet normal -0 0.337059 0.941483
    outer loop
      vertex -3.75 14.2743 12.6076
      vertex 0 14.0433 12.6903
      vertex 0 14.2743 12.6076
    endloop
  endfacet
  facet normal 0 0.337059 0.941483
    outer loop
      vertex 0 14.0433 12.6903
      vertex -3.75 14.2743 12.6076
      vertex -3.75 14.0433 12.6903
    endloop
  endfacet
  facet normal -0 0.595754 0.803167
    outer loop
      vertex -3.75 13.6111 12.9213
      vertex 0 13.414 13.0675
      vertex 0 13.6111 12.9213
    endloop
  endfacet
  facet normal 0 0.595754 0.803167
    outer loop
      vertex 0 13.414 13.0675
      vertex -3.75 13.6111 12.9213
      vertex -3.75 13.414 13.0675
    endloop
  endfacet
  facet normal 0 -0.336698 -0.941613
    outer loop
      vertex -3.75 15.7257 17.3923
      vertex 0 15.9567 17.3097
      vertex 0 15.7257 17.3923
    endloop
  endfacet
  facet normal -0 -0.336698 -0.941613
    outer loop
      vertex 0 15.9567 17.3097
      vertex -3.75 15.7257 17.3923
      vertex -3.75 15.9567 17.3097
    endloop
  endfacet
  facet normal 0 -0.741101 0.671394
    outer loop
      vertex -3.75 16.7678 13.2322
      vertex 0 16.9325 13.414
      vertex -3.75 16.9325 13.414
    endloop
  endfacet
  facet normal 0 -0.741101 0.671394
    outer loop
      vertex 0 16.9325 13.414
      vertex -3.75 16.7678 13.2322
      vertex 0 16.7678 13.2322
    endloop
  endfacet
  facet normal 0 -0.671394 0.741101
    outer loop
      vertex -3.75 16.7678 13.2322
      vertex 0 16.586 13.0675
      vertex 0 16.7678 13.2322
    endloop
  endfacet
  facet normal 0 -0.671394 0.741101
    outer loop
      vertex 0 16.586 13.0675
      vertex -3.75 16.7678 13.2322
      vertex -3.75 16.586 13.0675
    endloop
  endfacet
  facet normal 0 -0.741101 -0.671394
    outer loop
      vertex -3.75 16.9325 16.586
      vertex 0 16.7678 16.7678
      vertex -3.75 16.7678 16.7678
    endloop
  endfacet
  facet normal 0 -0.741101 -0.671394
    outer loop
      vertex 0 16.7678 16.7678
      vertex -3.75 16.9325 16.586
      vertex 0 16.9325 16.586
    endloop
  endfacet
  facet normal 0 -0.857745 0.514076
    outer loop
      vertex -3.75 17.0787 13.6111
      vertex 0 17.2048 13.8215
      vertex -3.75 17.2048 13.8215
    endloop
  endfacet
  facet normal 0 -0.857745 0.514076
    outer loop
      vertex 0 17.2048 13.8215
      vertex -3.75 17.0787 13.6111
      vertex 0 17.0787 13.6111
    endloop
  endfacet
  facet normal 0 -0.803167 0.595754
    outer loop
      vertex -3.75 16.9325 13.414
      vertex 0 17.0787 13.6111
      vertex -3.75 17.0787 13.6111
    endloop
  endfacet
  facet normal 0 -0.803167 0.595754
    outer loop
      vertex 0 17.0787 13.6111
      vertex -3.75 16.9325 13.414
      vertex 0 16.9325 13.414
    endloop
  endfacet
  facet normal 0 0.941483 0.337059
    outer loop
      vertex 0 12.6903 14.0433
      vertex -3.75 12.6076 14.2743
      vertex 0 12.6076 14.2743
    endloop
  endfacet
  facet normal 0 0.941483 0.337059
    outer loop
      vertex -3.75 12.6076 14.2743
      vertex 0 12.6903 14.0433
      vertex -3.75 12.6903 14.0433
    endloop
  endfacet
  facet normal 0 0.989177 -0.146726
    outer loop
      vertex 0 12.512 15.245
      vertex -3.75 12.548 15.4877
      vertex 0 12.548 15.4877
    endloop
  endfacet
  facet normal 0 0.989177 -0.146726
    outer loop
      vertex -3.75 12.548 15.4877
      vertex 0 12.512 15.245
      vertex -3.75 12.512 15.245
    endloop
  endfacet
  facet normal 0 -0.998803 0.0489209
    outer loop
      vertex -3.75 17.488 14.755
      vertex 0 17.5 15
      vertex -3.75 17.5 15
    endloop
  endfacet
  facet normal 0 -0.998803 0.0489209
    outer loop
      vertex 0 17.5 15
      vertex -3.75 17.488 14.755
      vertex 0 17.488 14.755
    endloop
  endfacet
  facet normal 0 -0.514076 -0.857745
    outer loop
      vertex -3.75 16.1785 17.2048
      vertex 0 16.3889 17.0787
      vertex 0 16.1785 17.2048
    endloop
  endfacet
  facet normal -0 -0.514076 -0.857745
    outer loop
      vertex 0 16.3889 17.0787
      vertex -3.75 16.1785 17.2048
      vertex -3.75 16.3889 17.0787
    endloop
  endfacet
  facet normal 0 0.998803 -0.0489209
    outer loop
      vertex 0 12.5 15
      vertex -3.75 12.512 15.245
      vertex 0 12.512 15.245
    endloop
  endfacet
  facet normal 0 0.998803 -0.0489209
    outer loop
      vertex -3.75 12.512 15.245
      vertex 0 12.5 15
      vertex -3.75 12.5 15
    endloop
  endfacet
  facet normal 0 -0.146726 -0.989177
    outer loop
      vertex -3.75 15.245 17.488
      vertex 0 15.4877 17.452
      vertex 0 15.245 17.488
    endloop
  endfacet
  facet normal -0 -0.146726 -0.989177
    outer loop
      vertex 0 15.4877 17.452
      vertex -3.75 15.245 17.488
      vertex -3.75 15.4877 17.452
    endloop
  endfacet
  facet normal -0 0.0489209 0.998803
    outer loop
      vertex -3.75 15 12.5
      vertex 0 14.755 12.512
      vertex 0 15 12.5
    endloop
  endfacet
  facet normal 0 0.0489209 0.998803
    outer loop
      vertex 0 14.755 12.512
      vertex -3.75 15 12.5
      vertex -3.75 14.755 12.512
    endloop
  endfacet
  facet normal 0 0.427543 -0.903995
    outer loop
      vertex -3.75 13.8215 17.2048
      vertex 0 14.0433 17.3097
      vertex 0 13.8215 17.2048
    endloop
  endfacet
  facet normal 0 0.427543 -0.903995
    outer loop
      vertex 0 14.0433 17.3097
      vertex -3.75 13.8215 17.2048
      vertex -3.75 14.0433 17.3097
    endloop
  endfacet
  facet normal 0 0.0489209 -0.998803
    outer loop
      vertex -3.75 14.755 17.488
      vertex 0 15 17.5
      vertex 0 14.755 17.488
    endloop
  endfacet
  facet normal 0 0.0489209 -0.998803
    outer loop
      vertex 0 15 17.5
      vertex -3.75 14.755 17.488
      vertex -3.75 15 17.5
    endloop
  endfacet
  facet normal 0 0.857745 0.514076
    outer loop
      vertex 0 12.9213 13.6111
      vertex -3.75 12.7952 13.8215
      vertex 0 12.7952 13.8215
    endloop
  endfacet
  facet normal 0 0.857745 0.514076
    outer loop
      vertex -3.75 12.7952 13.8215
      vertex 0 12.9213 13.6111
      vertex -3.75 12.9213 13.6111
    endloop
  endfacet
  facet normal 0 0.903995 -0.427543
    outer loop
      vertex 0 12.6903 15.9567
      vertex -3.75 12.7952 16.1785
      vertex 0 12.7952 16.1785
    endloop
  endfacet
  facet normal 0 0.903995 -0.427543
    outer loop
      vertex -3.75 12.7952 16.1785
      vertex 0 12.6903 15.9567
      vertex -3.75 12.6903 15.9567
    endloop
  endfacet
  facet normal 0 -0.427543 0.903995
    outer loop
      vertex -3.75 16.1785 12.7952
      vertex 0 15.9567 12.6903
      vertex 0 16.1785 12.7952
    endloop
  endfacet
  facet normal 0 -0.427543 0.903995
    outer loop
      vertex 0 15.9567 12.6903
      vertex -3.75 16.1785 12.7952
      vertex -3.75 15.9567 12.6903
    endloop
  endfacet
  facet normal 0 -0.903995 -0.427543
    outer loop
      vertex -3.75 17.3097 15.9567
      vertex 0 17.2048 16.1785
      vertex -3.75 17.2048 16.1785
    endloop
  endfacet
  facet normal 0 -0.903995 -0.427543
    outer loop
      vertex 0 17.2048 16.1785
      vertex -3.75 17.3097 15.9567
      vertex 0 17.3097 15.9567
    endloop
  endfacet
  facet normal 0 -0.96995 -0.243303
    outer loop
      vertex -3.75 17.452 15.4877
      vertex 0 17.3923 15.7257
      vertex -3.75 17.3923 15.7257
    endloop
  endfacet
  facet normal 0 -0.96995 -0.243303
    outer loop
      vertex 0 17.3923 15.7257
      vertex -3.75 17.452 15.4877
      vertex 0 17.452 15.4877
    endloop
  endfacet
  facet normal 0 0.989177 0.146726
    outer loop
      vertex 0 12.548 14.5123
      vertex -3.75 12.512 14.755
      vertex 0 12.512 14.755
    endloop
  endfacet
  facet normal 0 0.989177 0.146726
    outer loop
      vertex -3.75 12.512 14.755
      vertex 0 12.548 14.5123
      vertex -3.75 12.548 14.5123
    endloop
  endfacet
  facet normal 0 0.336698 -0.941613
    outer loop
      vertex -3.75 14.0433 17.3097
      vertex 0 14.2743 17.3923
      vertex 0 14.0433 17.3097
    endloop
  endfacet
  facet normal 0 0.336698 -0.941613
    outer loop
      vertex 0 14.2743 17.3923
      vertex -3.75 14.0433 17.3097
      vertex -3.75 14.2743 17.3923
    endloop
  endfacet
  facet normal -0 0.671394 0.741101
    outer loop
      vertex -3.75 13.414 13.0675
      vertex 0 13.2322 13.2322
      vertex 0 13.414 13.0675
    endloop
  endfacet
  facet normal 0 0.671394 0.741101
    outer loop
      vertex 0 13.2322 13.2322
      vertex -3.75 13.414 13.0675
      vertex -3.75 13.2322 13.2322
    endloop
  endfacet
  facet normal -0 0.146726 0.989177
    outer loop
      vertex -3.75 14.755 12.512
      vertex 0 14.5123 12.548
      vertex 0 14.755 12.512
    endloop
  endfacet
  facet normal 0 0.146726 0.989177
    outer loop
      vertex 0 14.5123 12.548
      vertex -3.75 14.755 12.512
      vertex -3.75 14.5123 12.548
    endloop
  endfacet
  facet normal 0 0.903995 0.427543
    outer loop
      vertex 0 12.7952 13.8215
      vertex -3.75 12.6903 14.0433
      vertex 0 12.6903 14.0433
    endloop
  endfacet
  facet normal 0 0.903995 0.427543
    outer loop
      vertex -3.75 12.6903 14.0433
      vertex 0 12.7952 13.8215
      vertex -3.75 12.7952 13.8215
    endloop
  endfacet
  facet normal 0 0.941483 -0.337059
    outer loop
      vertex 0 12.6076 15.7257
      vertex -3.75 12.6903 15.9567
      vertex 0 12.6903 15.9567
    endloop
  endfacet
  facet normal 0 0.941483 -0.337059
    outer loop
      vertex -3.75 12.6903 15.9567
      vertex 0 12.6076 15.7257
      vertex -3.75 12.6076 15.7257
    endloop
  endfacet
  facet normal 0 -0.941613 -0.336698
    outer loop
      vertex -3.75 17.3923 15.7257
      vertex 0 17.3097 15.9567
      vertex -3.75 17.3097 15.9567
    endloop
  endfacet
  facet normal 0 -0.941613 -0.336698
    outer loop
      vertex 0 17.3097 15.9567
      vertex -3.75 17.3923 15.7257
      vertex 0 17.3923 15.7257
    endloop
  endfacet
  facet normal 0 -0.595754 0.803167
    outer loop
      vertex -3.75 16.586 13.0675
      vertex 0 16.3889 12.9213
      vertex 0 16.586 13.0675
    endloop
  endfacet
  facet normal 0 -0.595754 0.803167
    outer loop
      vertex 0 16.3889 12.9213
      vertex -3.75 16.586 13.0675
      vertex -3.75 16.3889 12.9213
    endloop
  endfacet
  facet normal 0 -0.803167 -0.595754
    outer loop
      vertex -3.75 17.0787 16.3889
      vertex 0 16.9325 16.586
      vertex -3.75 16.9325 16.586
    endloop
  endfacet
  facet normal 0 -0.803167 -0.595754
    outer loop
      vertex 0 16.9325 16.586
      vertex -3.75 17.0787 16.3889
      vertex 0 17.0787 16.3889
    endloop
  endfacet
  facet normal 0 -0.243303 -0.96995
    outer loop
      vertex -3.75 15.4877 17.452
      vertex 0 15.7257 17.3923
      vertex 0 15.4877 17.452
    endloop
  endfacet
  facet normal -0 -0.243303 -0.96995
    outer loop
      vertex 0 15.7257 17.3923
      vertex -3.75 15.4877 17.452
      vertex -3.75 15.7257 17.3923
    endloop
  endfacet
  facet normal 0 0.998803 0.0489209
    outer loop
      vertex 0 12.512 14.755
      vertex -3.75 12.5 15
      vertex 0 12.5 15
    endloop
  endfacet
  facet normal 0 0.998803 0.0489209
    outer loop
      vertex -3.75 12.5 15
      vertex 0 12.512 14.755
      vertex -3.75 12.512 14.755
    endloop
  endfacet
  facet normal 0 -0.96995 0.243303
    outer loop
      vertex -3.75 17.3923 14.2743
      vertex 0 17.452 14.5123
      vertex -3.75 17.452 14.5123
    endloop
  endfacet
  facet normal 0 -0.96995 0.243303
    outer loop
      vertex 0 17.452 14.5123
      vertex -3.75 17.3923 14.2743
      vertex 0 17.3923 14.2743
    endloop
  endfacet
  facet normal 0 0.803167 -0.595754
    outer loop
      vertex 0 12.9213 16.3889
      vertex -3.75 13.0675 16.586
      vertex 0 13.0675 16.586
    endloop
  endfacet
  facet normal 0 0.803167 -0.595754
    outer loop
      vertex -3.75 13.0675 16.586
      vertex 0 12.9213 16.3889
      vertex -3.75 12.9213 16.3889
    endloop
  endfacet
  facet normal 0 -0.989177 0.146726
    outer loop
      vertex -3.75 17.452 14.5123
      vertex 0 17.488 14.755
      vertex -3.75 17.488 14.755
    endloop
  endfacet
  facet normal 0 -0.989177 0.146726
    outer loop
      vertex 0 17.488 14.755
      vertex -3.75 17.452 14.5123
      vertex 0 17.452 14.5123
    endloop
  endfacet
  facet normal 0 -0.903995 0.427543
    outer loop
      vertex -3.75 17.2048 13.8215
      vertex 0 17.3097 14.0433
      vertex -3.75 17.3097 14.0433
    endloop
  endfacet
  facet normal 0 -0.903995 0.427543
    outer loop
      vertex 0 17.3097 14.0433
      vertex -3.75 17.2048 13.8215
      vertex 0 17.2048 13.8215
    endloop
  endfacet
  facet normal 0 -0.595754 -0.803167
    outer loop
      vertex -3.75 16.3889 17.0787
      vertex 0 16.586 16.9325
      vertex 0 16.3889 17.0787
    endloop
  endfacet
  facet normal -0 -0.595754 -0.803167
    outer loop
      vertex 0 16.586 16.9325
      vertex -3.75 16.3889 17.0787
      vertex -3.75 16.586 16.9325
    endloop
  endfacet
  facet normal -0 0.427543 0.903995
    outer loop
      vertex -3.75 14.0433 12.6903
      vertex 0 13.8215 12.7952
      vertex 0 14.0433 12.6903
    endloop
  endfacet
  facet normal 0 0.427543 0.903995
    outer loop
      vertex 0 13.8215 12.7952
      vertex -3.75 14.0433 12.6903
      vertex -3.75 13.8215 12.7952
    endloop
  endfacet
  facet normal 0 -0.337059 0.941483
    outer loop
      vertex -3.75 15.9567 12.6903
      vertex 0 15.7257 12.6076
      vertex 0 15.9567 12.6903
    endloop
  endfacet
  facet normal 0 -0.337059 0.941483
    outer loop
      vertex 0 15.7257 12.6076
      vertex -3.75 15.9567 12.6903
      vertex -3.75 15.7257 12.6076
    endloop
  endfacet
  facet normal 0 0.595754 -0.803167
    outer loop
      vertex -3.75 13.414 16.9325
      vertex 0 13.6111 17.0787
      vertex 0 13.414 16.9325
    endloop
  endfacet
  facet normal 0 0.595754 -0.803167
    outer loop
      vertex 0 13.6111 17.0787
      vertex -3.75 13.414 16.9325
      vertex -3.75 13.6111 17.0787
    endloop
  endfacet
  facet normal 0 -0.857745 -0.514076
    outer loop
      vertex -3.75 17.2048 16.1785
      vertex 0 17.0787 16.3889
      vertex -3.75 17.0787 16.3889
    endloop
  endfacet
  facet normal 0 -0.857745 -0.514076
    outer loop
      vertex 0 17.0787 16.3889
      vertex -3.75 17.2048 16.1785
      vertex 0 17.2048 16.1785
    endloop
  endfacet
  facet normal 0 0.803167 0.595754
    outer loop
      vertex 0 13.0675 13.414
      vertex -3.75 12.9213 13.6111
      vertex 0 12.9213 13.6111
    endloop
  endfacet
  facet normal 0 0.803167 0.595754
    outer loop
      vertex -3.75 12.9213 13.6111
      vertex 0 13.0675 13.414
      vertex -3.75 13.0675 13.414
    endloop
  endfacet
  facet normal 0 -0.998803 -0.0489209
    outer loop
      vertex -3.75 17.5 15
      vertex 0 17.488 15.245
      vertex -3.75 17.488 15.245
    endloop
  endfacet
  facet normal 0 -0.998803 -0.0489209
    outer loop
      vertex 0 17.488 15.245
      vertex -3.75 17.5 15
      vertex 0 17.5 15
    endloop
  endfacet
  facet normal 0 -0.941613 0.336698
    outer loop
      vertex -3.75 17.3097 14.0433
      vertex 0 17.3923 14.2743
      vertex -3.75 17.3923 14.2743
    endloop
  endfacet
  facet normal 0 -0.941613 0.336698
    outer loop
      vertex 0 17.3923 14.2743
      vertex -3.75 17.3097 14.0433
      vertex 0 17.3097 14.0433
    endloop
  endfacet
  facet normal 0 -0.0489209 -0.998803
    outer loop
      vertex -3.75 15 17.5
      vertex 0 15.245 17.488
      vertex 0 15 17.5
    endloop
  endfacet
  facet normal -0 -0.0489209 -0.998803
    outer loop
      vertex 0 15.245 17.488
      vertex -3.75 15 17.5
      vertex -3.75 15.245 17.488
    endloop
  endfacet
  facet normal 0 -0.989177 -0.146726
    outer loop
      vertex -3.75 17.488 15.245
      vertex 0 17.452 15.4877
      vertex -3.75 17.452 15.4877
    endloop
  endfacet
  facet normal 0 -0.989177 -0.146726
    outer loop
      vertex 0 17.452 15.4877
      vertex -3.75 17.488 15.245
      vertex 0 17.488 15.245
    endloop
  endfacet
  facet normal 0 0.146726 -0.989177
    outer loop
      vertex -3.75 14.5123 17.452
      vertex 0 14.755 17.488
      vertex 0 14.5123 17.452
    endloop
  endfacet
  facet normal 0 0.146726 -0.989177
    outer loop
      vertex 0 14.755 17.488
      vertex -3.75 14.5123 17.452
      vertex -3.75 14.755 17.488
    endloop
  endfacet
  facet normal 0 -0.427543 -0.903995
    outer loop
      vertex -3.75 15.9567 17.3097
      vertex 0 16.1785 17.2048
      vertex 0 15.9567 17.3097
    endloop
  endfacet
  facet normal -0 -0.427543 -0.903995
    outer loop
      vertex 0 16.1785 17.2048
      vertex -3.75 15.9567 17.3097
      vertex -3.75 16.1785 17.2048
    endloop
  endfacet
  facet normal 0 0.970047 0.242919
    outer loop
      vertex 0 12.6076 14.2743
      vertex -3.75 12.548 14.5123
      vertex 0 12.548 14.5123
    endloop
  endfacet
  facet normal 0 0.970047 0.242919
    outer loop
      vertex -3.75 12.548 14.5123
      vertex 0 12.6076 14.2743
      vertex -3.75 12.6076 14.2743
    endloop
  endfacet
  facet normal 0 0.671394 -0.741101
    outer loop
      vertex -3.75 13.2322 16.7678
      vertex 0 13.414 16.9325
      vertex 0 13.2322 16.7678
    endloop
  endfacet
  facet normal 0 0.671394 -0.741101
    outer loop
      vertex 0 13.414 16.9325
      vertex -3.75 13.2322 16.7678
      vertex -3.75 13.414 16.9325
    endloop
  endfacet
  facet normal -0 0.242919 0.970047
    outer loop
      vertex -3.75 14.5123 12.548
      vertex 0 14.2743 12.6076
      vertex 0 14.5123 12.548
    endloop
  endfacet
  facet normal 0 0.242919 0.970047
    outer loop
      vertex 0 14.2743 12.6076
      vertex -3.75 14.5123 12.548
      vertex -3.75 14.2743 12.6076
    endloop
  endfacet
  facet normal 0 0.741101 -0.671394
    outer loop
      vertex 0 13.0675 16.586
      vertex -3.75 13.2322 16.7678
      vertex 0 13.2322 16.7678
    endloop
  endfacet
  facet normal 0 0.741101 -0.671394
    outer loop
      vertex -3.75 13.2322 16.7678
      vertex 0 13.0675 16.586
      vertex -3.75 13.0675 16.586
    endloop
  endfacet
  facet normal 0 -0.671394 -0.741101
    outer loop
      vertex -3.75 16.586 16.9325
      vertex 0 16.7678 16.7678
      vertex 0 16.586 16.9325
    endloop
  endfacet
  facet normal -0 -0.671394 -0.741101
    outer loop
      vertex 0 16.7678 16.7678
      vertex -3.75 16.586 16.9325
      vertex -3.75 16.7678 16.7678
    endloop
  endfacet
  facet normal 0 0.857745 -0.514076
    outer loop
      vertex 0 12.7952 16.1785
      vertex -3.75 12.9213 16.3889
      vertex 0 12.9213 16.3889
    endloop
  endfacet
  facet normal 0 0.857745 -0.514076
    outer loop
      vertex -3.75 12.9213 16.3889
      vertex 0 12.7952 16.1785
      vertex -3.75 12.7952 16.1785
    endloop
  endfacet
  facet normal 0 0.970047 -0.242919
    outer loop
      vertex 0 12.548 15.4877
      vertex -3.75 12.6076 15.7257
      vertex 0 12.6076 15.7257
    endloop
  endfacet
  facet normal 0 0.970047 -0.242919
    outer loop
      vertex -3.75 12.6076 15.7257
      vertex 0 12.548 15.4877
      vertex -3.75 12.548 15.4877
    endloop
  endfacet
  facet normal 0 0.514076 -0.857745
    outer loop
      vertex -3.75 13.6111 17.0787
      vertex 0 13.8215 17.2048
      vertex 0 13.6111 17.0787
    endloop
  endfacet
  facet normal 0 0.514076 -0.857745
    outer loop
      vertex 0 13.8215 17.2048
      vertex -3.75 13.6111 17.0787
      vertex -3.75 13.8215 17.2048
    endloop
  endfacet
  facet normal 0 0.741101 0.671394
    outer loop
      vertex 0 13.2322 13.2322
      vertex -3.75 13.0675 13.414
      vertex 0 13.0675 13.414
    endloop
  endfacet
  facet normal 0 0.741101 0.671394
    outer loop
      vertex -3.75 13.0675 13.414
      vertex 0 13.2322 13.2322
      vertex -3.75 13.2322 13.2322
    endloop
  endfacet
  facet normal -0.706681 -0.0346875 0.706681
    outer loop
      vertex -6 15.4645 10.2728
      vertex -6 15 10.25
      vertex -3.75 15 12.5
    endloop
  endfacet
  facet normal -0.706676 -0.666152 0.238433
    outer loop
      vertex -6 19.5451 13.6201
      vertex -6 19.3884 13.1823
      vertex -3.75 17.3097 14.0433
    endloop
  endfacet
  facet normal -0.706673 -0.69989 -0.103766
    outer loop
      vertex -6 19.7271 15.4656
      vertex -3.75 17.488 15.245
      vertex -6 19.6589 15.9256
    endloop
  endfacet
  facet normal -0.706692 0.475025 -0.524345
    outer loop
      vertex -6 11.9858 18.6711
      vertex -3.75 13.414 16.9325
      vertex -3.75 13.2322 16.7678
    endloop
  endfacet
  facet normal -0.706935 0.465746 -0.532281
    outer loop
      vertex -3.75 13.414 16.9325
      vertex -6 11.9858 18.6711
      vertex -6 11.9866 18.6718
    endloop
  endfacet
  facet normal -0.706675 0.706691 -0.0346134
    outer loop
      vertex -6 10.2728 15.4645
      vertex -3.75 12.512 15.245
      vertex -3.75 12.5 15
    endloop
  endfacet
  facet normal -0.707087 0.704222 -0.0640202
    outer loop
      vertex -3.75 12.512 15.245
      vertex -6 10.2728 15.4645
      vertex -6 10.2729 15.4656
    endloop
  endfacet
  facet normal -0.706683 -0.568225 0.421567
    outer loop
      vertex -6 18.9495 12.361
      vertex -6 18.6724 11.9875
      vertex -3.75 17.0787 13.6111
    endloop
  endfacet
  facet normal -0.706681 -0.0346875 -0.706681
    outer loop
      vertex -6 15.4645 19.7272
      vertex -3.75 15 17.5
      vertex -6 15 19.75
    endloop
  endfacet
  facet normal -0.706674 0.606871 0.363758
    outer loop
      vertex -6 11.05 12.362
      vertex -6 10.8109 12.7609
      vertex -3.75 12.7952 13.8215
    endloop
  endfacet
  facet normal -0.705813 -0.657731 0.263093
    outer loop
      vertex -6 19.5451 13.6201
      vertex -3.75 17.3923 14.2743
      vertex -6 19.5455 13.6211
    endloop
  endfacet
  facet normal -0.706693 -0.66621 0.23822
    outer loop
      vertex -3.75 17.3923 14.2743
      vertex -6 19.5451 13.6201
      vertex -3.75 17.3097 14.0433
    endloop
  endfacet
  facet normal -0.706683 0.421567 0.568225
    outer loop
      vertex -6 12.361 11.0505
      vertex -6 11.9875 11.3276
      vertex -3.75 13.6111 12.9213
    endloop
  endfacet
  facet normal -0.706671 0.606891 -0.36373
    outer loop
      vertex -6 11.05 17.638
      vertex -3.75 12.9213 16.3889
      vertex -3.75 12.7952 16.1785
    endloop
  endfacet
  facet normal -0.704318 0.63494 -0.31747
    outer loop
      vertex -3.75 12.9213 16.3889
      vertex -6 11.05 17.638
      vertex -6 11.0505 17.639
    endloop
  endfacet
  facet normal -0.706681 0.0346875 -0.706681
    outer loop
      vertex -3.75 15 17.5
      vertex -6 14.5355 19.7272
      vertex -6 15 19.75
    endloop
  endfacet
  facet normal -0.706673 -0.69989 0.103766
    outer loop
      vertex -6 19.7271 14.5344
      vertex -6 19.6589 14.0744
      vertex -3.75 17.488 14.755
    endloop
  endfacet
  facet normal -0.706683 0.568225 -0.421567
    outer loop
      vertex -3.75 12.9213 16.3889
      vertex -6 11.0505 17.639
      vertex -6 11.3276 18.0125
    endloop
  endfacet
  facet normal -0.706672 -0.171926 -0.686335
    outer loop
      vertex -6 16.3778 19.5457
      vertex -3.75 15.4877 17.452
      vertex -6 15.9267 19.6587
    endloop
  endfacet
  facet normal -0.706677 0.302592 -0.639567
    outer loop
      vertex -3.75 13.8215 17.2048
      vertex -6 12.7609 19.1891
      vertex -6 13.1813 19.388
    endloop
  endfacet
  facet normal -0.706672 -0.686335 -0.171926
    outer loop
      vertex -6 19.6587 15.9267
      vertex -3.75 17.452 15.4877
      vertex -6 19.5457 16.3778
    endloop
  endfacet
  facet normal -0.705798 0.263098 0.657745
    outer loop
      vertex -6 13.6201 10.4549
      vertex -3.75 14.2743 12.6076
      vertex -6 13.6211 10.4545
    endloop
  endfacet
  facet normal -0.706672 0.238483 0.666138
    outer loop
      vertex -3.75 14.2743 12.6076
      vertex -6 13.6201 10.4549
      vertex -3.75 14.0433 12.6903
    endloop
  endfacet
  facet normal -0.706673 -0.103766 0.69989
    outer loop
      vertex -6 15.9256 10.3411
      vertex -6 15.4656 10.2729
      vertex -3.75 15.245 12.512
    endloop
  endfacet
  facet normal -0.706682 -0.475126 -0.524267
    outer loop
      vertex -6 18.3588 18.3588
      vertex -3.75 16.7678 16.7678
      vertex -6 18.0142 18.6711
    endloop
  endfacet
  facet normal -0.704318 -0.63494 0.31747
    outer loop
      vertex -3.75 17.0787 13.6111
      vertex -6 18.95 12.362
      vertex -6 18.9495 12.361
    endloop
  endfacet
  facet normal -0.706671 -0.606891 0.36373
    outer loop
      vertex -6 18.95 12.362
      vertex -3.75 17.0787 13.6111
      vertex -3.75 17.2048 13.8215
    endloop
  endfacet
  facet normal -0.704318 0.63494 0.31747
    outer loop
      vertex -6 11.05 12.362
      vertex -3.75 12.9213 13.6111
      vertex -6 11.0505 12.361
    endloop
  endfacet
  facet normal -0.706671 0.606891 0.36373
    outer loop
      vertex -3.75 12.9213 13.6111
      vertex -6 11.05 12.362
      vertex -3.75 12.7952 13.8215
    endloop
  endfacet
  facet normal -0.704773 -0.126907 0.69799
    outer loop
      vertex -6 16.3778 10.4543
      vertex -3.75 15.7257 12.6076
      vertex -6 16.3789 10.4545
    endloop
  endfacet
  facet normal -0.706668 -0.171876 0.686352
    outer loop
      vertex -3.75 15.7257 12.6076
      vertex -6 16.3778 10.4543
      vertex -3.75 15.4877 12.548
    endloop
  endfacet
  facet normal -0.706684 0.302499 -0.639602
    outer loop
      vertex -6 13.1813 19.388
      vertex -3.75 14.0433 17.3097
      vertex -3.75 13.8215 17.2048
    endloop
  endfacet
  facet normal -0.707074 0.262625 -0.656563
    outer loop
      vertex -3.75 14.0433 17.3097
      vertex -6 13.1813 19.388
      vertex -6 13.1823 19.3884
    endloop
  endfacet
  facet normal -0.706674 0.363758 -0.606871
    outer loop
      vertex -3.75 13.8215 17.2048
      vertex -6 12.362 18.95
      vertex -6 12.7609 19.1891
    endloop
  endfacet
  facet normal -0.706672 0.686335 -0.171926
    outer loop
      vertex -3.75 12.548 15.4877
      vertex -6 10.3413 15.9267
      vertex -6 10.4543 16.3778
    endloop
  endfacet
  facet normal -0.706682 -0.524267 -0.475126
    outer loop
      vertex -6 18.6711 18.0142
      vertex -3.75 16.7678 16.7678
      vertex -6 18.3588 18.3588
    endloop
  endfacet
  facet normal -0.707087 -0.704222 0.0640202
    outer loop
      vertex -3.75 17.488 14.755
      vertex -6 19.7272 14.5355
      vertex -6 19.7271 14.5344
    endloop
  endfacet
  facet normal -0.706675 -0.706691 0.0346134
    outer loop
      vertex -6 19.7272 14.5355
      vertex -3.75 17.488 14.755
      vertex -3.75 17.5 15
    endloop
  endfacet
  facet normal -0.706677 0.639567 -0.302592
    outer loop
      vertex -3.75 12.7952 16.1785
      vertex -6 10.612 16.8187
      vertex -6 10.8109 17.2391
    endloop
  endfacet
  facet normal -0.706674 -0.606871 -0.363758
    outer loop
      vertex -6 19.1891 17.2391
      vertex -3.75 17.2048 16.1785
      vertex -6 18.95 17.638
    endloop
  endfacet
  facet normal -0.706675 0.0346134 -0.706691
    outer loop
      vertex -3.75 14.755 17.488
      vertex -6 14.5355 19.7272
      vertex -3.75 15 17.5
    endloop
  endfacet
  facet normal -0.707087 0.0640202 -0.704222
    outer loop
      vertex -6 14.5355 19.7272
      vertex -3.75 14.755 17.488
      vertex -6 14.5344 19.7271
    endloop
  endfacet
  facet normal -0.706683 -0.421567 0.568225
    outer loop
      vertex -6 18.0125 11.3276
      vertex -6 17.639 11.0505
      vertex -3.75 16.3889 12.9213
    endloop
  endfacet
  facet normal -0.706677 0.103814 -0.699879
    outer loop
      vertex -3.75 14.5123 17.452
      vertex -6 14.0744 19.6589
      vertex -3.75 14.755 17.488
    endloop
  endfacet
  facet normal -0.70705 0.126501 -0.695757
    outer loop
      vertex -6 14.0744 19.6589
      vertex -3.75 14.5123 17.452
      vertex -6 14.0733 19.6587
    endloop
  endfacet
  facet normal -0.706677 -0.639567 -0.302592
    outer loop
      vertex -6 19.388 16.8187
      vertex -3.75 17.2048 16.1785
      vertex -6 19.1891 17.2391
    endloop
  endfacet
  facet normal -0.706682 0.524267 -0.475126
    outer loop
      vertex -3.75 13.2322 16.7678
      vertex -6 11.3289 18.0142
      vertex -6 11.6412 18.3588
    endloop
  endfacet
  facet normal -0.706674 -0.606871 0.363758
    outer loop
      vertex -6 19.1891 12.7609
      vertex -6 18.95 12.362
      vertex -3.75 17.2048 13.8215
    endloop
  endfacet
  facet normal -0.706681 -0.706681 -0.0346875
    outer loop
      vertex -6 19.75 15
      vertex -3.75 17.5 15
      vertex -6 19.7272 15.4645
    endloop
  endfacet
  facet normal -0.706692 -0.475025 -0.524345
    outer loop
      vertex -3.75 16.586 16.9325
      vertex -6 18.0142 18.6711
      vertex -3.75 16.7678 16.7678
    endloop
  endfacet
  facet normal -0.706935 -0.465746 -0.532281
    outer loop
      vertex -6 18.0142 18.6711
      vertex -3.75 16.586 16.9325
      vertex -6 18.0134 18.6718
    endloop
  endfacet
  facet normal -0.706683 0.568225 0.421567
    outer loop
      vertex -6 11.3276 11.9875
      vertex -6 11.0505 12.361
      vertex -3.75 12.9213 13.6111
    endloop
  endfacet
  facet normal -0.705366 0.589793 0.393195
    outer loop
      vertex -6 11.3276 11.9875
      vertex -3.75 13.0675 13.414
      vertex -6 11.3282 11.9866
    endloop
  endfacet
  facet normal -0.706678 0.568269 0.421517
    outer loop
      vertex -3.75 13.0675 13.414
      vertex -6 11.3276 11.9875
      vertex -3.75 12.9213 13.6111
    endloop
  endfacet
  facet normal -0.706671 -0.606891 -0.36373
    outer loop
      vertex -3.75 17.0787 16.3889
      vertex -6 18.95 17.638
      vertex -3.75 17.2048 16.1785
    endloop
  endfacet
  facet normal -0.704318 -0.63494 -0.31747
    outer loop
      vertex -6 18.95 17.638
      vertex -3.75 17.0787 16.3889
      vertex -6 18.9495 17.639
    endloop
  endfacet
  facet normal -0.706935 -0.532281 -0.465746
    outer loop
      vertex -3.75 16.9325 16.586
      vertex -6 18.6711 18.0142
      vertex -6 18.6718 18.0134
    endloop
  endfacet
  facet normal -0.706692 -0.524345 -0.475025
    outer loop
      vertex -6 18.6711 18.0142
      vertex -3.75 16.9325 16.586
      vertex -3.75 16.7678 16.7678
    endloop
  endfacet
  facet normal -0.707074 -0.262625 0.656563
    outer loop
      vertex -3.75 15.9567 12.6903
      vertex -6 16.8187 10.612
      vertex -6 16.8177 10.6116
    endloop
  endfacet
  facet normal -0.706684 -0.302499 0.639602
    outer loop
      vertex -6 16.8187 10.612
      vertex -3.75 15.9567 12.6903
      vertex -3.75 16.1785 12.7952
    endloop
  endfacet
  facet normal -0.706681 0.0346875 0.706681
    outer loop
      vertex -6 15 10.25
      vertex -6 14.5355 10.2728
      vertex -3.75 15 12.5
    endloop
  endfacet
  facet normal -0.707087 0.704222 0.0640202
    outer loop
      vertex -6 10.2728 14.5355
      vertex -3.75 12.512 14.755
      vertex -6 10.2729 14.5344
    endloop
  endfacet
  facet normal -0.706675 0.706691 0.0346134
    outer loop
      vertex -3.75 12.512 14.755
      vertex -6 10.2728 14.5355
      vertex -3.75 12.5 15
    endloop
  endfacet
  facet normal -0.70669 0.172142 -0.686263
    outer loop
      vertex -3.75 14.2743 17.3923
      vertex -6 13.6222 19.5457
      vertex -3.75 14.5123 17.452
    endloop
  endfacet
  facet normal -0.704788 0.126905 -0.697975
    outer loop
      vertex -6 13.6222 19.5457
      vertex -3.75 14.2743 17.3923
      vertex -6 13.6211 19.5455
    endloop
  endfacet
  facet normal -0.706672 -0.171926 0.686335
    outer loop
      vertex -6 16.3778 10.4543
      vertex -6 15.9267 10.3413
      vertex -3.75 15.4877 12.548
    endloop
  endfacet
  facet normal -0.706678 0.568269 -0.421517
    outer loop
      vertex -6 11.3276 18.0125
      vertex -3.75 13.0675 16.586
      vertex -3.75 12.9213 16.3889
    endloop
  endfacet
  facet normal -0.705366 0.589793 -0.393195
    outer loop
      vertex -3.75 13.0675 16.586
      vertex -6 11.3276 18.0125
      vertex -6 11.3282 18.0134
    endloop
  endfacet
  facet normal -0.706682 0.475126 0.524267
    outer loop
      vertex -6 11.9858 11.3289
      vertex -6 11.6412 11.6412
      vertex -3.75 13.2322 13.2322
    endloop
  endfacet
  facet normal -0.706673 0.69989 0.103766
    outer loop
      vertex -6 10.3411 14.0744
      vertex -6 10.2729 14.5344
      vertex -3.75 12.512 14.755
    endloop
  endfacet
  facet normal -0.70705 -0.126501 -0.695757
    outer loop
      vertex -3.75 15.4877 17.452
      vertex -6 15.9256 19.6589
      vertex -6 15.9267 19.6587
    endloop
  endfacet
  facet normal -0.706677 -0.103814 -0.699879
    outer loop
      vertex -6 15.9256 19.6589
      vertex -3.75 15.4877 17.452
      vertex -3.75 15.245 17.488
    endloop
  endfacet
  facet normal -0.705366 -0.393195 0.589793
    outer loop
      vertex -6 18.0125 11.3276
      vertex -3.75 16.586 13.0675
      vertex -6 18.0134 11.3282
    endloop
  endfacet
  facet normal -0.706678 -0.421517 0.568269
    outer loop
      vertex -3.75 16.586 13.0675
      vertex -6 18.0125 11.3276
      vertex -3.75 16.3889 12.9213
    endloop
  endfacet
  facet normal -0.706676 -0.238433 -0.666152
    outer loop
      vertex -6 16.8177 19.3884
      vertex -3.75 15.9567 17.3097
      vertex -6 16.3799 19.5451
    endloop
  endfacet
  facet normal -0.706677 -0.302592 -0.639567
    outer loop
      vertex -6 17.2391 19.1891
      vertex -3.75 16.1785 17.2048
      vertex -6 16.8187 19.388
    endloop
  endfacet
  facet normal -0.706682 -0.524267 0.475126
    outer loop
      vertex -6 18.6711 11.9858
      vertex -6 18.3588 11.6412
      vertex -3.75 16.7678 13.2322
    endloop
  endfacet
  facet normal -0.706677 -0.639567 0.302592
    outer loop
      vertex -6 19.388 13.1813
      vertex -6 19.1891 12.7609
      vertex -3.75 17.2048 13.8215
    endloop
  endfacet
  facet normal -0.706672 0.686335 0.171926
    outer loop
      vertex -6 10.4543 13.6222
      vertex -6 10.3413 14.0733
      vertex -3.75 12.548 14.5123
    endloop
  endfacet
  facet normal -0.706692 0.524345 0.475025
    outer loop
      vertex -6 11.3289 11.9858
      vertex -3.75 13.0675 13.414
      vertex -3.75 13.2322 13.2322
    endloop
  endfacet
  facet normal -0.706935 0.532281 0.465746
    outer loop
      vertex -3.75 13.0675 13.414
      vertex -6 11.3289 11.9858
      vertex -6 11.3282 11.9866
    endloop
  endfacet
  facet normal -0.706668 0.171876 0.686352
    outer loop
      vertex -6 13.6222 10.4543
      vertex -3.75 14.2743 12.6076
      vertex -3.75 14.5123 12.548
    endloop
  endfacet
  facet normal -0.704773 0.126907 0.69799
    outer loop
      vertex -3.75 14.2743 12.6076
      vertex -6 13.6222 10.4543
      vertex -6 13.6211 10.4545
    endloop
  endfacet
  facet normal -0.706683 -0.568225 -0.421567
    outer loop
      vertex -6 18.9495 17.639
      vertex -3.75 17.0787 16.3889
      vertex -6 18.6724 18.0125
    endloop
  endfacet
  facet normal -0.70669 -0.686263 -0.172142
    outer loop
      vertex -3.75 17.3923 15.7257
      vertex -6 19.5457 16.3778
      vertex -3.75 17.452 15.4877
    endloop
  endfacet
  facet normal -0.704788 -0.697975 -0.126905
    outer loop
      vertex -6 19.5457 16.3778
      vertex -3.75 17.3923 15.7257
      vertex -6 19.5455 16.3789
    endloop
  endfacet
  facet normal -0.706693 -0.23822 -0.66621
    outer loop
      vertex -3.75 15.7257 17.3923
      vertex -6 16.3799 19.5451
      vertex -3.75 15.9567 17.3097
    endloop
  endfacet
  facet normal -0.705813 -0.263093 -0.657731
    outer loop
      vertex -6 16.3799 19.5451
      vertex -3.75 15.7257 17.3923
      vertex -6 16.3789 19.5455
    endloop
  endfacet
  facet normal -0.704788 -0.126905 -0.697975
    outer loop
      vertex -3.75 15.7257 17.3923
      vertex -6 16.3778 19.5457
      vertex -6 16.3789 19.5455
    endloop
  endfacet
  facet normal -0.70669 -0.172142 -0.686263
    outer loop
      vertex -6 16.3778 19.5457
      vertex -3.75 15.7257 17.3923
      vertex -3.75 15.4877 17.452
    endloop
  endfacet
  facet normal -0.70705 -0.695757 0.126501
    outer loop
      vertex -3.75 17.452 14.5123
      vertex -6 19.6589 14.0744
      vertex -6 19.6587 14.0733
    endloop
  endfacet
  facet normal -0.706677 -0.699879 0.103814
    outer loop
      vertex -6 19.6589 14.0744
      vertex -3.75 17.452 14.5123
      vertex -3.75 17.488 14.755
    endloop
  endfacet
  facet normal -0.706673 0.69989 -0.103766
    outer loop
      vertex -3.75 12.512 15.245
      vertex -6 10.2729 15.4656
      vertex -6 10.3411 15.9256
    endloop
  endfacet
  facet normal -0.706674 0.606871 -0.363758
    outer loop
      vertex -3.75 12.7952 16.1785
      vertex -6 10.8109 17.2391
      vertex -6 11.05 17.638
    endloop
  endfacet
  facet normal -0.706678 0.421517 0.568269
    outer loop
      vertex -6 11.9875 11.3276
      vertex -3.75 13.414 13.0675
      vertex -3.75 13.6111 12.9213
    endloop
  endfacet
  facet normal -0.705366 0.393195 0.589793
    outer loop
      vertex -3.75 13.414 13.0675
      vertex -6 11.9875 11.3276
      vertex -6 11.9866 11.3282
    endloop
  endfacet
  facet normal -0.706674 0.363758 0.606871
    outer loop
      vertex -6 12.7609 10.8109
      vertex -6 12.362 11.05
      vertex -3.75 13.8215 12.7952
    endloop
  endfacet
  facet normal -0.706676 -0.238433 0.666152
    outer loop
      vertex -6 16.8177 10.6116
      vertex -6 16.3799 10.4549
      vertex -3.75 15.9567 12.6903
    endloop
  endfacet
  facet normal -0.706677 0.639567 0.302592
    outer loop
      vertex -6 10.8109 12.7609
      vertex -6 10.612 13.1813
      vertex -3.75 12.7952 13.8215
    endloop
  endfacet
  facet normal -0.706935 -0.532281 0.465746
    outer loop
      vertex -6 18.6711 11.9858
      vertex -3.75 16.9325 13.414
      vertex -6 18.6718 11.9866
    endloop
  endfacet
  facet normal -0.706692 -0.524345 0.475025
    outer loop
      vertex -3.75 16.9325 13.414
      vertex -6 18.6711 11.9858
      vertex -3.75 16.7678 13.2322
    endloop
  endfacet
  facet normal -0.707074 0.262625 0.656563
    outer loop
      vertex -6 13.1813 10.612
      vertex -3.75 14.0433 12.6903
      vertex -6 13.1823 10.6116
    endloop
  endfacet
  facet normal -0.706684 0.302499 0.639602
    outer loop
      vertex -3.75 14.0433 12.6903
      vertex -6 13.1813 10.612
      vertex -3.75 13.8215 12.7952
    endloop
  endfacet
  facet normal -0.706676 0.666152 0.238433
    outer loop
      vertex -6 10.6116 13.1823
      vertex -6 10.4549 13.6201
      vertex -3.75 12.6903 14.0433
    endloop
  endfacet
  facet normal -0.706672 0.666138 0.238483
    outer loop
      vertex -6 10.4549 13.6201
      vertex -3.75 12.6076 14.2743
      vertex -3.75 12.6903 14.0433
    endloop
  endfacet
  facet normal -0.705798 0.657745 0.263098
    outer loop
      vertex -3.75 12.6076 14.2743
      vertex -6 10.4549 13.6201
      vertex -6 10.4545 13.6211
    endloop
  endfacet
  facet normal -0.706677 -0.699879 -0.103814
    outer loop
      vertex -3.75 17.452 15.4877
      vertex -6 19.6589 15.9256
      vertex -3.75 17.488 15.245
    endloop
  endfacet
  facet normal -0.70705 -0.695757 -0.126501
    outer loop
      vertex -6 19.6589 15.9256
      vertex -3.75 17.452 15.4877
      vertex -6 19.6587 15.9267
    endloop
  endfacet
  facet normal -0.706671 0.36373 0.606891
    outer loop
      vertex -6 12.362 11.05
      vertex -3.75 13.6111 12.9213
      vertex -3.75 13.8215 12.7952
    endloop
  endfacet
  facet normal -0.704318 0.31747 0.63494
    outer loop
      vertex -3.75 13.6111 12.9213
      vertex -6 12.362 11.05
      vertex -6 12.361 11.0505
    endloop
  endfacet
  facet normal -0.70705 -0.126501 0.695757
    outer loop
      vertex -6 15.9256 10.3411
      vertex -3.75 15.4877 12.548
      vertex -6 15.9267 10.3413
    endloop
  endfacet
  facet normal -0.706677 -0.103814 0.699879
    outer loop
      vertex -3.75 15.4877 12.548
      vertex -6 15.9256 10.3411
      vertex -3.75 15.245 12.512
    endloop
  endfacet
  facet normal -0.706673 0.103766 0.69989
    outer loop
      vertex -6 14.5344 10.2729
      vertex -6 14.0744 10.3411
      vertex -3.75 14.755 12.512
    endloop
  endfacet
  facet normal -0.706675 0.0346134 0.706691
    outer loop
      vertex -6 14.5355 10.2728
      vertex -3.75 14.755 12.512
      vertex -3.75 15 12.5
    endloop
  endfacet
  facet normal -0.707087 0.0640202 0.704222
    outer loop
      vertex -3.75 14.755 12.512
      vertex -6 14.5355 10.2728
      vertex -6 14.5344 10.2729
    endloop
  endfacet
  facet normal -0.706673 -0.103766 -0.69989
    outer loop
      vertex -6 15.9256 19.6589
      vertex -3.75 15.245 17.488
      vertex -6 15.4656 19.7271
    endloop
  endfacet
  facet normal -0.706681 0.706681 0.0346875
    outer loop
      vertex -3.75 12.5 15
      vertex -6 10.2728 14.5355
      vertex -6 10.25 15
    endloop
  endfacet
  facet normal -0.706681 0.706681 -0.0346875
    outer loop
      vertex -3.75 12.5 15
      vertex -6 10.25 15
      vertex -6 10.2728 15.4645
    endloop
  endfacet
  facet normal -0.706674 -0.363758 -0.606871
    outer loop
      vertex -6 17.638 18.95
      vertex -3.75 16.1785 17.2048
      vertex -6 17.2391 19.1891
    endloop
  endfacet
  facet normal -0.706684 -0.302499 -0.639602
    outer loop
      vertex -3.75 15.9567 17.3097
      vertex -6 16.8187 19.388
      vertex -3.75 16.1785 17.2048
    endloop
  endfacet
  facet normal -0.707074 -0.262625 -0.656563
    outer loop
      vertex -6 16.8187 19.388
      vertex -3.75 15.9567 17.3097
      vertex -6 16.8177 19.3884
    endloop
  endfacet
  facet normal -0.706684 0.639602 0.302499
    outer loop
      vertex -6 10.612 13.1813
      vertex -3.75 12.6903 14.0433
      vertex -3.75 12.7952 13.8215
    endloop
  endfacet
  facet normal -0.707074 0.656563 0.262625
    outer loop
      vertex -3.75 12.6903 14.0433
      vertex -6 10.612 13.1813
      vertex -6 10.6116 13.1823
    endloop
  endfacet
  facet normal -0.706693 0.23822 -0.66621
    outer loop
      vertex -6 13.6201 19.5451
      vertex -3.75 14.2743 17.3923
      vertex -3.75 14.0433 17.3097
    endloop
  endfacet
  facet normal -0.705813 0.263093 -0.657731
    outer loop
      vertex -3.75 14.2743 17.3923
      vertex -6 13.6201 19.5451
      vertex -6 13.6211 19.5455
    endloop
  endfacet
  facet normal -0.706677 0.302592 0.639567
    outer loop
      vertex -6 13.1813 10.612
      vertex -6 12.7609 10.8109
      vertex -3.75 13.8215 12.7952
    endloop
  endfacet
  facet normal -0.706676 0.238433 -0.666152
    outer loop
      vertex -3.75 14.0433 17.3097
      vertex -6 13.1823 19.3884
      vertex -6 13.6201 19.5451
    endloop
  endfacet
  facet normal -0.706675 -0.706691 -0.0346134
    outer loop
      vertex -3.75 17.488 15.245
      vertex -6 19.7272 15.4645
      vertex -3.75 17.5 15
    endloop
  endfacet
  facet normal -0.707087 -0.704222 -0.0640202
    outer loop
      vertex -6 19.7272 15.4645
      vertex -3.75 17.488 15.245
      vertex -6 19.7271 15.4656
    endloop
  endfacet
  facet normal -0.707087 -0.0640202 -0.704222
    outer loop
      vertex -3.75 15.245 17.488
      vertex -6 15.4645 19.7272
      vertex -6 15.4656 19.7271
    endloop
  endfacet
  facet normal -0.706675 -0.0346134 -0.706691
    outer loop
      vertex -6 15.4645 19.7272
      vertex -3.75 15.245 17.488
      vertex -3.75 15 17.5
    endloop
  endfacet
  facet normal -0.706682 -0.475126 0.524267
    outer loop
      vertex -6 18.3588 11.6412
      vertex -6 18.0142 11.3289
      vertex -3.75 16.7678 13.2322
    endloop
  endfacet
  facet normal -0.706935 -0.465746 0.532281
    outer loop
      vertex -3.75 16.586 13.0675
      vertex -6 18.0142 11.3289
      vertex -6 18.0134 11.3282
    endloop
  endfacet
  facet normal -0.706692 -0.475025 0.524345
    outer loop
      vertex -6 18.0142 11.3289
      vertex -3.75 16.586 13.0675
      vertex -3.75 16.7678 13.2322
    endloop
  endfacet
  facet normal -0.705813 -0.657731 -0.263093
    outer loop
      vertex -3.75 17.3923 15.7257
      vertex -6 19.5451 16.3799
      vertex -6 19.5455 16.3789
    endloop
  endfacet
  facet normal -0.706693 -0.66621 -0.23822
    outer loop
      vertex -6 19.5451 16.3799
      vertex -3.75 17.3923 15.7257
      vertex -3.75 17.3097 15.9567
    endloop
  endfacet
  facet normal -0.706681 -0.706681 0.0346875
    outer loop
      vertex -6 19.75 15
      vertex -6 19.7272 14.5355
      vertex -3.75 17.5 15
    endloop
  endfacet
  facet normal -0.706677 0.699879 -0.103814
    outer loop
      vertex -6 10.3411 15.9256
      vertex -3.75 12.548 15.4877
      vertex -3.75 12.512 15.245
    endloop
  endfacet
  facet normal -0.70705 0.695757 -0.126501
    outer loop
      vertex -3.75 12.548 15.4877
      vertex -6 10.3411 15.9256
      vertex -6 10.3413 15.9267
    endloop
  endfacet
  facet normal -0.707074 -0.656563 -0.262625
    outer loop
      vertex -3.75 17.3097 15.9567
      vertex -6 19.388 16.8187
      vertex -6 19.3884 16.8177
    endloop
  endfacet
  facet normal -0.706684 -0.639602 -0.302499
    outer loop
      vertex -6 19.388 16.8187
      vertex -3.75 17.3097 15.9567
      vertex -3.75 17.2048 16.1785
    endloop
  endfacet
  facet normal -0.706671 0.36373 -0.606891
    outer loop
      vertex -3.75 13.6111 17.0787
      vertex -6 12.362 18.95
      vertex -3.75 13.8215 17.2048
    endloop
  endfacet
  facet normal -0.704318 0.31747 -0.63494
    outer loop
      vertex -6 12.362 18.95
      vertex -3.75 13.6111 17.0787
      vertex -6 12.361 18.9495
    endloop
  endfacet
  facet normal -0.706682 0.524267 0.475126
    outer loop
      vertex -6 11.6412 11.6412
      vertex -6 11.3289 11.9858
      vertex -3.75 13.2322 13.2322
    endloop
  endfacet
  facet normal -0.706676 -0.666152 -0.238433
    outer loop
      vertex -6 19.5451 16.3799
      vertex -3.75 17.3097 15.9567
      vertex -6 19.3884 16.8177
    endloop
  endfacet
  facet normal -0.706672 -0.686335 0.171926
    outer loop
      vertex -6 19.6587 14.0733
      vertex -6 19.5457 13.6222
      vertex -3.75 17.452 14.5123
    endloop
  endfacet
  facet normal -0.704318 -0.31747 -0.63494
    outer loop
      vertex -3.75 16.3889 17.0787
      vertex -6 17.638 18.95
      vertex -6 17.639 18.9495
    endloop
  endfacet
  facet normal -0.706671 -0.36373 -0.606891
    outer loop
      vertex -6 17.638 18.95
      vertex -3.75 16.3889 17.0787
      vertex -3.75 16.1785 17.2048
    endloop
  endfacet
  facet normal -0.706674 -0.363758 0.606871
    outer loop
      vertex -6 17.638 11.05
      vertex -6 17.2391 10.8109
      vertex -3.75 16.1785 12.7952
    endloop
  endfacet
  facet normal -0.706668 0.686352 -0.171876
    outer loop
      vertex -6 10.4543 16.3778
      vertex -3.75 12.6076 15.7257
      vertex -3.75 12.548 15.4877
    endloop
  endfacet
  facet normal -0.704773 0.69799 -0.126907
    outer loop
      vertex -3.75 12.6076 15.7257
      vertex -6 10.4543 16.3778
      vertex -6 10.4545 16.3789
    endloop
  endfacet
  facet normal -0.706672 0.171926 0.686335
    outer loop
      vertex -6 14.0733 10.3413
      vertex -6 13.6222 10.4543
      vertex -3.75 14.5123 12.548
    endloop
  endfacet
  facet normal -0.705798 -0.263098 0.657745
    outer loop
      vertex -3.75 15.7257 12.6076
      vertex -6 16.3799 10.4549
      vertex -6 16.3789 10.4545
    endloop
  endfacet
  facet normal -0.706672 -0.238483 0.666138
    outer loop
      vertex -6 16.3799 10.4549
      vertex -3.75 15.7257 12.6076
      vertex -3.75 15.9567 12.6903
    endloop
  endfacet
  facet normal -0.707087 -0.0640202 0.704222
    outer loop
      vertex -6 15.4645 10.2728
      vertex -3.75 15.245 12.512
      vertex -6 15.4656 10.2729
    endloop
  endfacet
  facet normal -0.706675 -0.0346134 0.706691
    outer loop
      vertex -3.75 15.245 12.512
      vertex -6 15.4645 10.2728
      vertex -3.75 15 12.5
    endloop
  endfacet
  facet normal -0.706676 0.238433 0.666152
    outer loop
      vertex -6 13.6201 10.4549
      vertex -6 13.1823 10.6116
      vertex -3.75 14.0433 12.6903
    endloop
  endfacet
  facet normal -0.706692 0.524345 -0.475025
    outer loop
      vertex -3.75 13.0675 16.586
      vertex -6 11.3289 18.0142
      vertex -3.75 13.2322 16.7678
    endloop
  endfacet
  facet normal -0.706935 0.532281 -0.465746
    outer loop
      vertex -6 11.3289 18.0142
      vertex -3.75 13.0675 16.586
      vertex -6 11.3282 18.0134
    endloop
  endfacet
  facet normal -0.706677 0.103814 0.699879
    outer loop
      vertex -6 14.0744 10.3411
      vertex -3.75 14.5123 12.548
      vertex -3.75 14.755 12.512
    endloop
  endfacet
  facet normal -0.70705 0.126501 0.695757
    outer loop
      vertex -3.75 14.5123 12.548
      vertex -6 14.0744 10.3411
      vertex -6 14.0733 10.3413
    endloop
  endfacet
  facet normal -0.706677 -0.302592 0.639567
    outer loop
      vertex -6 17.2391 10.8109
      vertex -6 16.8187 10.612
      vertex -3.75 16.1785 12.7952
    endloop
  endfacet
  facet normal -0.706673 0.103766 -0.69989
    outer loop
      vertex -3.75 14.755 17.488
      vertex -6 14.0744 19.6589
      vertex -6 14.5344 19.7271
    endloop
  endfacet
  facet normal -0.704318 -0.31747 0.63494
    outer loop
      vertex -6 17.638 11.05
      vertex -3.75 16.3889 12.9213
      vertex -6 17.639 11.0505
    endloop
  endfacet
  facet normal -0.706671 -0.36373 0.606891
    outer loop
      vertex -3.75 16.3889 12.9213
      vertex -6 17.638 11.05
      vertex -3.75 16.1785 12.7952
    endloop
  endfacet
  facet normal -0.706672 0.666138 -0.238483
    outer loop
      vertex -3.75 12.6076 15.7257
      vertex -6 10.4549 16.3799
      vertex -3.75 12.6903 15.9567
    endloop
  endfacet
  facet normal -0.705798 0.657745 -0.263098
    outer loop
      vertex -6 10.4549 16.3799
      vertex -3.75 12.6076 15.7257
      vertex -6 10.4545 16.3789
    endloop
  endfacet
  facet normal -0.706683 -0.421567 -0.568225
    outer loop
      vertex -6 18.0125 18.6724
      vertex -3.75 16.3889 17.0787
      vertex -6 17.639 18.9495
    endloop
  endfacet
  facet normal -0.704773 0.69799 0.126907
    outer loop
      vertex -6 10.4543 13.6222
      vertex -3.75 12.6076 14.2743
      vertex -6 10.4545 13.6211
    endloop
  endfacet
  facet normal -0.706668 0.686352 0.171876
    outer loop
      vertex -3.75 12.6076 14.2743
      vertex -6 10.4543 13.6222
      vertex -3.75 12.548 14.5123
    endloop
  endfacet
  facet normal -0.706935 0.465746 0.532281
    outer loop
      vertex -6 11.9858 11.3289
      vertex -3.75 13.414 13.0675
      vertex -6 11.9866 11.3282
    endloop
  endfacet
  facet normal -0.706692 0.475025 0.524345
    outer loop
      vertex -3.75 13.414 13.0675
      vertex -6 11.9858 11.3289
      vertex -3.75 13.2322 13.2322
    endloop
  endfacet
  facet normal -0.706678 -0.568269 -0.421517
    outer loop
      vertex -3.75 16.9325 16.586
      vertex -6 18.6724 18.0125
      vertex -3.75 17.0787 16.3889
    endloop
  endfacet
  facet normal -0.705366 -0.589793 -0.393195
    outer loop
      vertex -6 18.6724 18.0125
      vertex -3.75 16.9325 16.586
      vertex -6 18.6718 18.0134
    endloop
  endfacet
  facet normal -0.707074 -0.656563 0.262625
    outer loop
      vertex -6 19.388 13.1813
      vertex -3.75 17.3097 14.0433
      vertex -6 19.3884 13.1823
    endloop
  endfacet
  facet normal -0.706684 -0.639602 0.302499
    outer loop
      vertex -3.75 17.3097 14.0433
      vertex -6 19.388 13.1813
      vertex -3.75 17.2048 13.8215
    endloop
  endfacet
  facet normal -0.705366 -0.589793 0.393195
    outer loop
      vertex -3.75 16.9325 13.414
      vertex -6 18.6724 11.9875
      vertex -6 18.6718 11.9866
    endloop
  endfacet
  facet normal -0.706678 -0.568269 0.421517
    outer loop
      vertex -6 18.6724 11.9875
      vertex -3.75 16.9325 13.414
      vertex -3.75 17.0787 13.6111
    endloop
  endfacet
  facet normal -0.706682 0.475126 -0.524267
    outer loop
      vertex -3.75 13.2322 16.7678
      vertex -6 11.6412 18.3588
      vertex -6 11.9858 18.6711
    endloop
  endfacet
  facet normal -0.706683 0.421567 -0.568225
    outer loop
      vertex -3.75 13.6111 17.0787
      vertex -6 11.9875 18.6724
      vertex -6 12.361 18.9495
    endloop
  endfacet
  facet normal -0.706678 0.421517 -0.568269
    outer loop
      vertex -3.75 13.414 16.9325
      vertex -6 11.9875 18.6724
      vertex -3.75 13.6111 17.0787
    endloop
  endfacet
  facet normal -0.705366 0.393195 -0.589793
    outer loop
      vertex -6 11.9875 18.6724
      vertex -3.75 13.414 16.9325
      vertex -6 11.9866 18.6718
    endloop
  endfacet
  facet normal -0.704788 -0.697975 0.126905
    outer loop
      vertex -3.75 17.3923 14.2743
      vertex -6 19.5457 13.6222
      vertex -6 19.5455 13.6211
    endloop
  endfacet
  facet normal -0.70669 -0.686263 0.172142
    outer loop
      vertex -6 19.5457 13.6222
      vertex -3.75 17.3923 14.2743
      vertex -3.75 17.452 14.5123
    endloop
  endfacet
  facet normal -0.70705 0.695757 0.126501
    outer loop
      vertex -6 10.3411 14.0744
      vertex -3.75 12.548 14.5123
      vertex -6 10.3413 14.0733
    endloop
  endfacet
  facet normal -0.706677 0.699879 0.103814
    outer loop
      vertex -3.75 12.548 14.5123
      vertex -6 10.3411 14.0744
      vertex -3.75 12.512 14.755
    endloop
  endfacet
  facet normal -0.706676 0.666152 -0.238433
    outer loop
      vertex -3.75 12.6903 15.9567
      vertex -6 10.4549 16.3799
      vertex -6 10.6116 16.8177
    endloop
  endfacet
  facet normal -0.706684 0.639602 -0.302499
    outer loop
      vertex -3.75 12.6903 15.9567
      vertex -6 10.612 16.8187
      vertex -3.75 12.7952 16.1785
    endloop
  endfacet
  facet normal -0.707074 0.656563 -0.262625
    outer loop
      vertex -6 10.612 16.8187
      vertex -3.75 12.6903 15.9567
      vertex -6 10.6116 16.8177
    endloop
  endfacet
  facet normal -0.706672 0.171926 -0.686335
    outer loop
      vertex -3.75 14.5123 17.452
      vertex -6 13.6222 19.5457
      vertex -6 14.0733 19.6587
    endloop
  endfacet
  facet normal -0.705366 -0.393195 -0.589793
    outer loop
      vertex -3.75 16.586 16.9325
      vertex -6 18.0125 18.6724
      vertex -6 18.0134 18.6718
    endloop
  endfacet
  facet normal -0.706678 -0.421517 -0.568269
    outer loop
      vertex -6 18.0125 18.6724
      vertex -3.75 16.586 16.9325
      vertex -3.75 16.3889 17.0787
    endloop
  endfacet
  facet normal 0 0 1
    outer loop
      vertex -18.5168 64.343 30
      vertex -18.5168 63.6569 30
      vertex -18.5 64 30
    endloop
  endfacet
  facet normal 0 0 1
    outer loop
      vertex -18.5672 64.6828 30
      vertex -18.5168 63.6569 30
      vertex -18.5168 64.343 30
    endloop
  endfacet
  facet normal 0 0 1
    outer loop
      vertex -18.5672 64.6828 30
      vertex -18.5672 63.3172 30
      vertex -18.5168 63.6569 30
    endloop
  endfacet
  facet normal 0 0 1
    outer loop
      vertex -18.6507 65.016 30
      vertex -18.5672 63.3172 30
      vertex -18.5672 64.6828 30
    endloop
  endfacet
  facet normal 0 0 1
    outer loop
      vertex -18.6507 65.016 30
      vertex -18.6507 62.984 30
      vertex -18.5672 63.3172 30
    endloop
  endfacet
  facet normal 0 0 1
    outer loop
      vertex -18.7664 65.3394 30
      vertex -18.6507 62.984 30
      vertex -18.6507 65.016 30
    endloop
  endfacet
  facet normal 0 0 1
    outer loop
      vertex -18.7664 65.3394 30
      vertex -18.7664 62.6606 30
      vertex -18.6507 62.984 30
    endloop
  endfacet
  facet normal 0 0 1
    outer loop
      vertex -18.9133 65.6499 30
      vertex -18.7664 62.6606 30
      vertex -18.7664 65.3394 30
    endloop
  endfacet
  facet normal 0 0 1
    outer loop
      vertex -18.9133 65.6499 30
      vertex -18.9133 62.3501 30
      vertex -18.7664 62.6606 30
    endloop
  endfacet
  facet normal 0 0 1
    outer loop
      vertex -19.0898 65.9445 30
      vertex -18.9133 62.3501 30
      vertex -18.9133 65.6499 30
    endloop
  endfacet
  facet normal 0 0 1
    outer loop
      vertex -19.0898 65.9445 30
      vertex -19.0898 62.0555 30
      vertex -18.9133 62.3501 30
    endloop
  endfacet
  facet normal 0 0 1
    outer loop
      vertex -19.2944 66.2204 30
      vertex -19.0898 62.0555 30
      vertex -19.0898 65.9445 30
    endloop
  endfacet
  facet normal 0 0 1
    outer loop
      vertex -19.2944 66.2204 30
      vertex -19.2944 61.7796 30
      vertex -19.0898 62.0555 30
    endloop
  endfacet
  facet normal 0 0 1
    outer loop
      vertex -19.5251 66.4749 30
      vertex -19.2944 61.7796 30
      vertex -19.2944 66.2204 30
    endloop
  endfacet
  facet normal 0 0 1
    outer loop
      vertex -19.5251 66.4749 30
      vertex -19.5251 61.5251 30
      vertex -19.2944 61.7796 30
    endloop
  endfacet
  facet normal 0 0 1
    outer loop
      vertex -19.7796 66.7055 30
      vertex -19.5251 61.5251 30
      vertex -19.5251 66.4749 30
    endloop
  endfacet
  facet normal 0 0 1
    outer loop
      vertex -19.7796 66.7055 30
      vertex -19.7796 61.2944 30
      vertex -19.5251 61.5251 30
    endloop
  endfacet
  facet normal 0 0 1
    outer loop
      vertex -20.0555 66.9101 30
      vertex -19.7796 61.2944 30
      vertex -19.7796 66.7055 30
    endloop
  endfacet
  facet normal 0 0 1
    outer loop
      vertex -20.0555 66.9101 30
      vertex -20.0555 61.0898 30
      vertex -19.7796 61.2944 30
    endloop
  endfacet
  facet normal 0 0 1
    outer loop
      vertex -20.3501 67.0867 30
      vertex -20.0555 61.0898 30
      vertex -20.0555 66.9101 30
    endloop
  endfacet
  facet normal 0 0 1
    outer loop
      vertex -20.3501 67.0867 30
      vertex -20.3501 60.9133 30
      vertex -20.0555 61.0898 30
    endloop
  endfacet
  facet normal 0 0 1
    outer loop
      vertex -20.6606 67.2336 30
      vertex -20.3501 60.9133 30
      vertex -20.3501 67.0867 30
    endloop
  endfacet
  facet normal 0 0 1
    outer loop
      vertex -20.6606 67.2336 30
      vertex -20.6606 60.7664 30
      vertex -20.3501 60.9133 30
    endloop
  endfacet
  facet normal 0 0 1
    outer loop
      vertex -20.984 67.3493 30
      vertex -20.6606 60.7664 30
      vertex -20.6606 67.2336 30
    endloop
  endfacet
  facet normal 0 0 1
    outer loop
      vertex -20.984 67.3493 30
      vertex -20.984 60.6507 30
      vertex -20.6606 60.7664 30
    endloop
  endfacet
  facet normal 0 0 1
    outer loop
      vertex -21.3172 67.4327 30
      vertex -20.984 60.6507 30
      vertex -20.984 67.3493 30
    endloop
  endfacet
  facet normal 0 0 1
    outer loop
      vertex -21.3172 67.4327 30
      vertex -21.3172 60.5672 30
      vertex -20.984 60.6507 30
    endloop
  endfacet
  facet normal 0 0 1
    outer loop
      vertex -21.6569 67.4831 30
      vertex -21.3172 60.5672 30
      vertex -21.3172 67.4327 30
    endloop
  endfacet
  facet normal 0 0 1
    outer loop
      vertex -21.6569 67.4831 30
      vertex -21.6569 60.5168 30
      vertex -21.3172 60.5672 30
    endloop
  endfacet
  facet normal 0 0 1
    outer loop
      vertex -22 67.5 30
      vertex -21.6569 60.5168 30
      vertex -21.6569 67.4831 30
    endloop
  endfacet
  facet normal 0 0 1
    outer loop
      vertex -22 67.5 30
      vertex -22 60.5 30
      vertex -21.6569 60.5168 30
    endloop
  endfacet
  facet normal 0 0 1
    outer loop
      vertex -22 67.5 30
      vertex -39.8495 60.5 30
      vertex -22 60.5 30
    endloop
  endfacet
  facet normal -0 0 1
    outer loop
      vertex -40 67.5 30
      vertex -39.8495 60.5 30
      vertex -22 67.5 30
    endloop
  endfacet
  facet normal -0 0 1
    outer loop
      vertex -40.343 67.4831 30
      vertex -39.8495 60.5 30
      vertex -40 67.5 30
    endloop
  endfacet
  facet normal 0 0 1
    outer loop
      vertex -40.343 67.4831 30
      vertex -42.6988 60.2507 30
      vertex -39.8495 60.5 30
    endloop
  endfacet
  facet normal -0 0 1
    outer loop
      vertex -43.6424 67.1945 30
      vertex -42.6988 60.2507 30
      vertex -40.343 67.4831 30
    endloop
  endfacet
  facet normal -0 0 1
    outer loop
      vertex -43.9821 67.1441 30
      vertex -42.6988 60.2507 30
      vertex -43.6424 67.1945 30
    endloop
  endfacet
  facet normal -0 0 1
    outer loop
      vertex -44.3153 67.0606 30
      vertex -42.6988 60.2507 30
      vertex -43.9821 67.1441 30
    endloop
  endfacet
  facet normal 0 0 1
    outer loop
      vertex -44.3153 67.0606 30
      vertex -45.3055 59.5523 30
      vertex -42.6988 60.2507 30
    endloop
  endfacet
  facet normal -0 0 1
    outer loop
      vertex -47.5144 66.2034 30
      vertex -45.3055 59.5523 30
      vertex -44.3153 67.0606 30
    endloop
  endfacet
  facet normal -0 0 1
    outer loop
      vertex -47.8378 66.0877 30
      vertex -45.3055 59.5523 30
      vertex -47.5144 66.2034 30
    endloop
  endfacet
  facet normal -0 0 1
    outer loop
      vertex -50.8394 64.688 30
      vertex -45.3055 59.5523 30
      vertex -47.8378 66.0877 30
    endloop
  endfacet
  facet normal 0 0 1
    outer loop
      vertex -45.3055 59.5523 30
      vertex -50.8394 64.688 30
      vertex -47.7319 58.4208 30
    endloop
  endfacet
  facet normal -0 0 1
    outer loop
      vertex -51.4445 64.3646 30
      vertex -47.7319 58.4208 30
      vertex -50.8394 64.688 30
    endloop
  endfacet
  facet normal 0 0 1
    outer loop
      vertex -51.4445 64.3646 30
      vertex -50.8394 64.688 30
      vertex -51.1499 64.5412 30
    endloop
  endfacet
  facet normal -0 0 1
    outer loop
      vertex -54.1575 62.465 30
      vertex -47.7319 58.4208 30
      vertex -51.4445 64.3646 30
    endloop
  endfacet
  facet normal 0 0 1
    outer loop
      vertex -47.7319 58.4208 30
      vertex -54.1575 62.465 30
      vertex -49.9512 56.8669 30
    endloop
  endfacet
  facet normal -0 0 1
    outer loop
      vertex -54.6878 62.0297 30
      vertex -49.9512 56.8669 30
      vertex -54.1575 62.465 30
    endloop
  endfacet
  facet normal 0 0 1
    outer loop
      vertex -49.9512 56.8669 30
      vertex -54.6878 62.0297 30
      vertex -51.8669 54.9512 30
    endloop
  endfacet
  facet normal 0 0 1
    outer loop
      vertex -54.6878 62.0297 30
      vertex -54.1575 62.465 30
      vertex -54.4333 62.2604 30
    endloop
  endfacet
  facet normal -0 0 1
    outer loop
      vertex -57.0297 59.6878 30
      vertex -51.8669 54.9512 30
      vertex -54.6878 62.0297 30
    endloop
  endfacet
  facet normal -0 0 1
    outer loop
      vertex -57.465 59.1575 30
      vertex -51.8669 54.9512 30
      vertex -57.0297 59.6878 30
    endloop
  endfacet
  facet normal 0 0 1
    outer loop
      vertex -51.8669 54.9512 30
      vertex -57.465 59.1575 30
      vertex -53.4208 52.7319 30
    endloop
  endfacet
  facet normal -0 0 1
    outer loop
      vertex -59.3646 56.4445 30
      vertex -53.4208 52.7319 30
      vertex -57.465 59.1575 30
    endloop
  endfacet
  facet normal -0 0 1
    outer loop
      vertex -59.688 55.8394 30
      vertex -53.4208 52.7319 30
      vertex -59.3646 56.4445 30
    endloop
  endfacet
  facet normal -0 0 1
    outer loop
      vertex -39.8497 29.5 30
      vertex -6 22.5 30
      vertex -6 29.5 30
    endloop
  endfacet
  facet normal 0 0 1
    outer loop
      vertex -39.8497 29.5 30
      vertex -40 22.5 30
      vertex -6 22.5 30
    endloop
  endfacet
  facet normal 0 0 1
    outer loop
      vertex -39.8497 29.5 30
      vertex -40.343 22.5168 30
      vertex -40 22.5 30
    endloop
  endfacet
  facet normal 0 0 1
    outer loop
      vertex -42.6988 29.7493 30
      vertex -40.343 22.5168 30
      vertex -39.8497 29.5 30
    endloop
  endfacet
  facet normal 0 0 1
    outer loop
      vertex -42.6988 29.7493 30
      vertex -43.6424 22.8055 30
      vertex -40.343 22.5168 30
    endloop
  endfacet
  facet normal 0 0 1
    outer loop
      vertex -42.6988 29.7493 30
      vertex -43.9821 22.8559 30
      vertex -43.6424 22.8055 30
    endloop
  endfacet
  facet normal 0 0 1
    outer loop
      vertex -42.6988 29.7493 30
      vertex -44.3153 22.9393 30
      vertex -43.9821 22.8559 30
    endloop
  endfacet
  facet normal 0 0 1
    outer loop
      vertex -45.3055 30.4477 30
      vertex -44.3153 22.9393 30
      vertex -42.6988 29.7493 30
    endloop
  endfacet
  facet normal 0 0 1
    outer loop
      vertex -45.3055 30.4477 30
      vertex -47.5144 23.7965 30
      vertex -44.3153 22.9393 30
    endloop
  endfacet
  facet normal 0 0 1
    outer loop
      vertex -50.8394 25.3119 30
      vertex -45.3055 30.4477 30
      vertex -47.7319 31.5792 30
    endloop
  endfacet
  facet normal 0 0 1
    outer loop
      vertex -45.3055 30.4477 30
      vertex -47.8378 23.9122 30
      vertex -47.5144 23.7965 30
    endloop
  endfacet
  facet normal 0 0 1
    outer loop
      vertex -54.1575 27.535 30
      vertex -47.7319 31.5792 30
      vertex -49.9512 33.1331 30
    endloop
  endfacet
  facet normal 0 0 1
    outer loop
      vertex -45.3055 30.4477 30
      vertex -50.8394 25.3119 30
      vertex -47.8378 23.9122 30
    endloop
  endfacet
  facet normal 0 0 1
    outer loop
      vertex -47.7319 31.5792 30
      vertex -51.4445 25.6354 30
      vertex -50.8394 25.3119 30
    endloop
  endfacet
  facet normal 0 0 1
    outer loop
      vertex -50.8394 25.3119 30
      vertex -51.4445 25.6354 30
      vertex -51.1499 25.4588 30
    endloop
  endfacet
  facet normal 0 0 1
    outer loop
      vertex -54.6878 27.9703 30
      vertex -49.9512 33.1331 30
      vertex -51.8669 35.0488 30
    endloop
  endfacet
  facet normal 0 0 1
    outer loop
      vertex -57.465 30.8425 30
      vertex -51.8669 35.0488 30
      vertex -53.4208 37.2681 30
    endloop
  endfacet
  facet normal 0 0 1
    outer loop
      vertex -47.7319 31.5792 30
      vertex -54.1575 27.535 30
      vertex -51.4445 25.6354 30
    endloop
  endfacet
  facet normal 0 0 1
    outer loop
      vertex -49.9512 33.1331 30
      vertex -54.6878 27.9703 30
      vertex -54.1575 27.535 30
    endloop
  endfacet
  facet normal 0 0 1
    outer loop
      vertex -59.688 34.1606 30
      vertex -53.4208 37.2681 30
      vertex -54.5523 39.6945 30
    endloop
  endfacet
  facet normal 0 0 1
    outer loop
      vertex -54.1575 27.535 30
      vertex -54.6878 27.9703 30
      vertex -54.4333 27.7396 30
    endloop
  endfacet
  facet normal -0 0 1
    outer loop
      vertex -62.0606 40.6847 30
      vertex -54.5523 39.6945 30
      vertex -55.2507 42.3012 30
    endloop
  endfacet
  facet normal 0 0 1
    outer loop
      vertex -62.1945 41.3576 30
      vertex -55.2507 42.3012 30
      vertex -55.4868 45 30
    endloop
  endfacet
  facet normal 0 0 1
    outer loop
      vertex -53.4208 52.7319 30
      vertex -59.688 55.8394 30
      vertex -54.5523 50.3055 30
    endloop
  endfacet
  facet normal 0 0 1
    outer loop
      vertex -51.8669 35.0488 30
      vertex -57.0297 30.3121 30
      vertex -54.6878 27.9703 30
    endloop
  endfacet
  facet normal 0 0 1
    outer loop
      vertex -57.465 59.1575 30
      vertex -57.0297 59.6878 30
      vertex -57.2604 59.4333 30
    endloop
  endfacet
  facet normal -0 0 1
    outer loop
      vertex -61.0877 52.8378 30
      vertex -54.5523 50.3055 30
      vertex -59.688 55.8394 30
    endloop
  endfacet
  facet normal 0 0 1
    outer loop
      vertex -51.8669 35.0488 30
      vertex -57.465 30.8425 30
      vertex -57.0297 30.3121 30
    endloop
  endfacet
  facet normal 0 0 1
    outer loop
      vertex -57.0297 30.3121 30
      vertex -57.465 30.8425 30
      vertex -57.2604 30.5667 30
    endloop
  endfacet
  facet normal -0 0 1
    outer loop
      vertex -61.2034 52.5144 30
      vertex -54.5523 50.3055 30
      vertex -61.0877 52.8378 30
    endloop
  endfacet
  facet normal 0 0 1
    outer loop
      vertex -62.0606 49.3153 30
      vertex -54.5523 50.3055 30
      vertex -61.2034 52.5144 30
    endloop
  endfacet
  facet normal 0 0 1
    outer loop
      vertex -59.688 55.8394 30
      vertex -59.3646 56.4445 30
      vertex -59.5412 56.1499 30
    endloop
  endfacet
  facet normal 0 0 1
    outer loop
      vertex -53.4208 37.2681 30
      vertex -59.688 34.1606 30
      vertex -59.3646 33.5555 30
    endloop
  endfacet
  facet normal 0 0 1
    outer loop
      vertex -53.4208 37.2681 30
      vertex -59.3646 33.5555 30
      vertex -57.465 30.8425 30
    endloop
  endfacet
  facet normal 0 0 1
    outer loop
      vertex -59.3646 33.5555 30
      vertex -59.688 34.1606 30
      vertex -59.5412 33.8501 30
    endloop
  endfacet
  facet normal 0 0 1
    outer loop
      vertex -54.5523 50.3055 30
      vertex -62.0606 49.3153 30
      vertex -55.2507 47.6988 30
    endloop
  endfacet
  facet normal -0 0 1
    outer loop
      vertex -62.1945 48.6424 30
      vertex -55.2507 47.6988 30
      vertex -62.0606 49.3153 30
    endloop
  endfacet
  facet normal 0 0 1
    outer loop
      vertex -55.2507 47.6988 30
      vertex -62.1945 48.6424 30
      vertex -55.4868 45 30
    endloop
  endfacet
  facet normal 0 0 1
    outer loop
      vertex -54.5523 39.6945 30
      vertex -61.0877 37.1622 30
      vertex -59.688 34.1606 30
    endloop
  endfacet
  facet normal 0 0 1
    outer loop
      vertex -54.5523 39.6945 30
      vertex -62.0606 40.6847 30
      vertex -61.2034 37.4856 30
    endloop
  endfacet
  facet normal 0 0 1
    outer loop
      vertex -54.5523 39.6945 30
      vertex -61.2034 37.4856 30
      vertex -61.0877 37.1622 30
    endloop
  endfacet
  facet normal 0 0 1
    outer loop
      vertex -62.1945 48.6424 30
      vertex -62.0606 49.3153 30
      vertex -62.1441 48.9821 30
    endloop
  endfacet
  facet normal 0 0 1
    outer loop
      vertex -55.4868 45 30
      vertex -62.1945 48.6424 30
      vertex -62.4831 45.343 30
    endloop
  endfacet
  facet normal 0 0 1
    outer loop
      vertex -62.4831 44.6569 30
      vertex -55.4868 45 30
      vertex -62.4831 45.343 30
    endloop
  endfacet
  facet normal 0 0 1
    outer loop
      vertex -62.0606 40.6847 30
      vertex -62.1945 41.3576 30
      vertex -62.1441 41.0179 30
    endloop
  endfacet
  facet normal 0 -0 1
    outer loop
      vertex -62.1945 41.3576 30
      vertex -55.4868 45 30
      vertex -62.4831 44.6569 30
    endloop
  endfacet
  facet normal 0 0 1
    outer loop
      vertex -55.2507 42.3012 30
      vertex -62.1945 41.3576 30
      vertex -62.0606 40.6847 30
    endloop
  endfacet
  facet normal 0 -0 1
    outer loop
      vertex -62.4831 44.6569 30
      vertex -62.4831 45.343 30
      vertex -62.5 45 30
    endloop
  endfacet
  facet normal -0 0 1
    outer loop
      vertex -6 29.5 30
      vertex 0 27.7946 30
      vertex 0 32 30
    endloop
  endfacet
  facet normal 0 0 1
    outer loop
      vertex 0 27.7946 30
      vertex -6 29.5 30
      vertex 0 24.2054 30
    endloop
  endfacet
  facet normal 0 0 1
    outer loop
      vertex -2 34 30
      vertex 0 32 30
      vertex -0.0096283 32.196 30
    endloop
  endfacet
  facet normal 0 0 1
    outer loop
      vertex 0 24.2054 30
      vertex -6 22.5 30
      vertex 0 2 30
    endloop
  endfacet
  facet normal 0 0 1
    outer loop
      vertex -2 34 30
      vertex -0.0096283 32.196 30
      vertex -0.0384369 32.3902 30
    endloop
  endfacet
  facet normal 0 0 1
    outer loop
      vertex -6 2 30
      vertex 0 2 30
      vertex -6 22.5 30
    endloop
  endfacet
  facet normal 0 0 1
    outer loop
      vertex -2 34 30
      vertex -0.0384369 32.3902 30
      vertex -0.0861206 32.5806 30
    endloop
  endfacet
  facet normal 0 -0 1
    outer loop
      vertex -2 0 30
      vertex 0 2 30
      vertex -6 2 30
    endloop
  endfacet
  facet normal 0 0 1
    outer loop
      vertex -2 34 30
      vertex -0.0861206 32.5806 30
      vertex -0.152237 32.7654 30
    endloop
  endfacet
  facet normal 0 0 1
    outer loop
      vertex 0 2 30
      vertex -2 0 30
      vertex -0.0096283 1.80397 30
    endloop
  endfacet
  facet normal 0 0 1
    outer loop
      vertex -2 34 30
      vertex -0.152237 32.7654 30
      vertex -0.23616 32.9428 30
    endloop
  endfacet
  facet normal 0 0 1
    outer loop
      vertex -0.0096283 1.80397 30
      vertex -2 0 30
      vertex -0.0384369 1.60982 30
    endloop
  endfacet
  facet normal 0 0 1
    outer loop
      vertex -2 34 30
      vertex -0.23616 32.9428 30
      vertex -0.337067 33.1111 30
    endloop
  endfacet
  facet normal 0 0 1
    outer loop
      vertex -0.0384369 1.60982 30
      vertex -2 0 30
      vertex -0.0861206 1.41943 30
    endloop
  endfacet
  facet normal 0 0 1
    outer loop
      vertex -2 34 30
      vertex -0.337067 33.1111 30
      vertex -0.453979 33.2688 30
    endloop
  endfacet
  facet normal 0 0 1
    outer loop
      vertex -0.0861206 1.41943 30
      vertex -2 0 30
      vertex -0.152237 1.23463 30
    endloop
  endfacet
  facet normal 0 0 1
    outer loop
      vertex -2 34 30
      vertex -0.453979 33.2688 30
      vertex -0.585785 33.4142 30
    endloop
  endfacet
  facet normal 0 0 1
    outer loop
      vertex -0.152237 1.23463 30
      vertex -2 0 30
      vertex -0.23616 1.05721 30
    endloop
  endfacet
  facet normal 0 0 1
    outer loop
      vertex -2 34 30
      vertex -0.585785 33.4142 30
      vertex -0.731216 33.546 30
    endloop
  endfacet
  facet normal 0 0 1
    outer loop
      vertex -0.23616 1.05721 30
      vertex -2 0 30
      vertex -0.337067 0.888855 30
    endloop
  endfacet
  facet normal 0 0 1
    outer loop
      vertex -2 34 30
      vertex -0.731216 33.546 30
      vertex -0.888855 33.6629 30
    endloop
  endfacet
  facet normal 0 0 1
    outer loop
      vertex -0.337067 0.888855 30
      vertex -2 0 30
      vertex -0.453979 0.731216 30
    endloop
  endfacet
  facet normal 0 0 1
    outer loop
      vertex -2 34 30
      vertex -0.888855 33.6629 30
      vertex -1.05721 33.7638 30
    endloop
  endfacet
  facet normal 0 0 1
    outer loop
      vertex -0.453979 0.731216 30
      vertex -2 0 30
      vertex -0.585785 0.585785 30
    endloop
  endfacet
  facet normal 0 0 1
    outer loop
      vertex -2 34 30
      vertex -1.05721 33.7638 30
      vertex -1.23463 33.8478 30
    endloop
  endfacet
  facet normal 0 0 1
    outer loop
      vertex -0.585785 0.585785 30
      vertex -2 0 30
      vertex -0.731216 0.453979 30
    endloop
  endfacet
  facet normal 0 0 1
    outer loop
      vertex -2 34 30
      vertex -1.23463 33.8478 30
      vertex -1.41943 33.9139 30
    endloop
  endfacet
  facet normal 0 0 1
    outer loop
      vertex -0.731216 0.453979 30
      vertex -2 0 30
      vertex -0.888855 0.337067 30
    endloop
  endfacet
  facet normal 0 0 1
    outer loop
      vertex -2 34 30
      vertex -1.41943 33.9139 30
      vertex -1.60982 33.9616 30
    endloop
  endfacet
  facet normal 0 0 1
    outer loop
      vertex -0.888855 0.337067 30
      vertex -2 0 30
      vertex -1.05721 0.23616 30
    endloop
  endfacet
  facet normal 0 0 1
    outer loop
      vertex -2 34 30
      vertex -1.60982 33.9616 30
      vertex -1.80397 33.9904 30
    endloop
  endfacet
  facet normal 0 0 1
    outer loop
      vertex -1.05721 0.23616 30
      vertex -2 0 30
      vertex -1.23463 0.152237 30
    endloop
  endfacet
  facet normal 0 0 1
    outer loop
      vertex 0 32 30
      vertex -2 34 30
      vertex -6 32 30
    endloop
  endfacet
  facet normal 0 0 1
    outer loop
      vertex -1.23463 0.152237 30
      vertex -2 0 30
      vertex -1.41943 0.0861206 30
    endloop
  endfacet
  facet normal 0 0 1
    outer loop
      vertex -6 32 30
      vertex -2 34 30
      vertex -4 34 30
    endloop
  endfacet
  facet normal 0 0 1
    outer loop
      vertex -1.41943 0.0861206 30
      vertex -2 0 30
      vertex -1.60982 0.0384369 30
    endloop
  endfacet
  facet normal 0 0 1
    outer loop
      vertex -6 32 30
      vertex -4 34 30
      vertex -4.19603 33.9904 30
    endloop
  endfacet
  facet normal 0 0 1
    outer loop
      vertex -1.60982 0.0384369 30
      vertex -2 0 30
      vertex -1.80397 0.0096283 30
    endloop
  endfacet
  facet normal 0 0 1
    outer loop
      vertex -6 32 30
      vertex -4.19603 33.9904 30
      vertex -4.39018 33.9616 30
    endloop
  endfacet
  facet normal 0 0 1
    outer loop
      vertex -2 0 30
      vertex -6 2 30
      vertex -4 0 30
    endloop
  endfacet
  facet normal 0 0 1
    outer loop
      vertex -6 32 30
      vertex -4.39018 33.9616 30
      vertex -4.58057 33.9139 30
    endloop
  endfacet
  facet normal 0 0 1
    outer loop
      vertex -4 0 30
      vertex -6 2 30
      vertex -4.19603 0.0096283 30
    endloop
  endfacet
  facet normal 0 0 1
    outer loop
      vertex -6 32 30
      vertex -4.58057 33.9139 30
      vertex -4.76537 33.8478 30
    endloop
  endfacet
  facet normal 0 0 1
    outer loop
      vertex -4.19603 0.0096283 30
      vertex -6 2 30
      vertex -4.39018 0.0384369 30
    endloop
  endfacet
  facet normal 0 0 1
    outer loop
      vertex -6 32 30
      vertex -4.76537 33.8478 30
      vertex -4.94279 33.7638 30
    endloop
  endfacet
  facet normal 0 0 1
    outer loop
      vertex -4.39018 0.0384369 30
      vertex -6 2 30
      vertex -4.58057 0.0861206 30
    endloop
  endfacet
  facet normal 0 0 1
    outer loop
      vertex -6 32 30
      vertex -4.94279 33.7638 30
      vertex -5.11115 33.6629 30
    endloop
  endfacet
  facet normal 0 0 1
    outer loop
      vertex -4.58057 0.0861206 30
      vertex -6 2 30
      vertex -4.76537 0.152237 30
    endloop
  endfacet
  facet normal 0 0 1
    outer loop
      vertex -6 32 30
      vertex -5.11115 33.6629 30
      vertex -5.26878 33.546 30
    endloop
  endfacet
  facet normal 0 0 1
    outer loop
      vertex -4.76537 0.152237 30
      vertex -6 2 30
      vertex -4.94279 0.23616 30
    endloop
  endfacet
  facet normal 0 0 1
    outer loop
      vertex -6 32 30
      vertex -5.26878 33.546 30
      vertex -5.41422 33.4142 30
    endloop
  endfacet
  facet normal 0 0 1
    outer loop
      vertex -4.94279 0.23616 30
      vertex -6 2 30
      vertex -5.11115 0.337067 30
    endloop
  endfacet
  facet normal 0 0 1
    outer loop
      vertex -6 32 30
      vertex -5.41422 33.4142 30
      vertex -5.54602 33.2688 30
    endloop
  endfacet
  facet normal 0 0 1
    outer loop
      vertex -5.11115 0.337067 30
      vertex -6 2 30
      vertex -5.26878 0.453979 30
    endloop
  endfacet
  facet normal 0 0 1
    outer loop
      vertex -6 32 30
      vertex -5.54602 33.2688 30
      vertex -5.66293 33.1111 30
    endloop
  endfacet
  facet normal 0 0 1
    outer loop
      vertex -5.26878 0.453979 30
      vertex -6 2 30
      vertex -5.41422 0.585785 30
    endloop
  endfacet
  facet normal 0 0 1
    outer loop
      vertex -6 32 30
      vertex -5.66293 33.1111 30
      vertex -5.76384 32.9428 30
    endloop
  endfacet
  facet normal 0 0 1
    outer loop
      vertex -5.41422 0.585785 30
      vertex -6 2 30
      vertex -5.54602 0.731216 30
    endloop
  endfacet
  facet normal 0 0 1
    outer loop
      vertex -6 32 30
      vertex -5.76384 32.9428 30
      vertex -5.84776 32.7654 30
    endloop
  endfacet
  facet normal 0 0 1
    outer loop
      vertex -5.54602 0.731216 30
      vertex -6 2 30
      vertex -5.66293 0.888855 30
    endloop
  endfacet
  facet normal 0 0 1
    outer loop
      vertex -6 32 30
      vertex -5.84776 32.7654 30
      vertex -5.91388 32.5806 30
    endloop
  endfacet
  facet normal 0 0 1
    outer loop
      vertex -5.66293 0.888855 30
      vertex -6 2 30
      vertex -5.76384 1.05721 30
    endloop
  endfacet
  facet normal 0 0 1
    outer loop
      vertex -6 32 30
      vertex -5.91388 32.5806 30
      vertex -5.96156 32.3902 30
    endloop
  endfacet
  facet normal 0 0 1
    outer loop
      vertex -5.76384 1.05721 30
      vertex -6 2 30
      vertex -5.84776 1.23463 30
    endloop
  endfacet
  facet normal 0 0 1
    outer loop
      vertex -6 32 30
      vertex -5.96156 32.3902 30
      vertex -5.99037 32.196 30
    endloop
  endfacet
  facet normal 0 0 1
    outer loop
      vertex 0 24.2054 30
      vertex -6 29.5 30
      vertex -6 22.5 30
    endloop
  endfacet
  facet normal 0 0 1
    outer loop
      vertex 0 32 30
      vertex -6 32 30
      vertex -6 29.5 30
    endloop
  endfacet
  facet normal 0 0 1
    outer loop
      vertex -5.84776 1.23463 30
      vertex -6 2 30
      vertex -5.91388 1.41943 30
    endloop
  endfacet
  facet normal 0 0 1
    outer loop
      vertex -5.91388 1.41943 30
      vertex -6 2 30
      vertex -5.96156 1.60982 30
    endloop
  endfacet
  facet normal 0 0 1
    outer loop
      vertex -5.96156 1.60982 30
      vertex -6 2 30
      vertex -5.99037 1.80397 30
    endloop
  endfacet
  facet normal 0 0 1
    outer loop
      vertex 0.483139 26.343 30
      vertex 0.483139 25.6569 30
      vertex 0.5 26 30
    endloop
  endfacet
  facet normal 0 0 1
    outer loop
      vertex 0.432739 26.6828 30
      vertex 0.483139 25.6569 30
      vertex 0.483139 26.343 30
    endloop
  endfacet
  facet normal 0 0 1
    outer loop
      vertex 0.432739 26.6828 30
      vertex 0.432739 25.3172 30
      vertex 0.483139 25.6569 30
    endloop
  endfacet
  facet normal 0 0 1
    outer loop
      vertex 0.349289 27.016 30
      vertex 0.432739 25.3172 30
      vertex 0.432739 26.6828 30
    endloop
  endfacet
  facet normal 0 0 1
    outer loop
      vertex 0.349289 27.016 30
      vertex 0.349289 24.984 30
      vertex 0.432739 25.3172 30
    endloop
  endfacet
  facet normal 0 0 1
    outer loop
      vertex 0.233566 27.3394 30
      vertex 0.349289 24.984 30
      vertex 0.349289 27.016 30
    endloop
  endfacet
  facet normal 0 0 1
    outer loop
      vertex 0.233566 27.3394 30
      vertex 0.233566 24.6606 30
      vertex 0.349289 24.984 30
    endloop
  endfacet
  facet normal 0 0 1
    outer loop
      vertex 0 27.7946 30
      vertex 0.233566 27.3394 30
      vertex 0.0867157 27.6499 30
    endloop
  endfacet
  facet normal 0 0 1
    outer loop
      vertex 0.233566 27.3394 30
      vertex 0 27.7946 30
      vertex 0.233566 24.6606 30
    endloop
  endfacet
  facet normal 0 0 1
    outer loop
      vertex 0 24.2054 30
      vertex 0.233566 24.6606 30
      vertex 0 27.7946 30
    endloop
  endfacet
  facet normal 0 0 1
    outer loop
      vertex 0.233566 24.6606 30
      vertex 0 24.2054 30
      vertex 0.0867157 24.3501 30
    endloop
  endfacet
  facet normal 0 0 -1
    outer loop
      vertex -6 22.5 0
      vertex -39.8497 29.5 0
      vertex -6 29.5 0
    endloop
  endfacet
  facet normal 0 0 -1
    outer loop
      vertex -40 22.5 0
      vertex -39.8497 29.5 0
      vertex -6 22.5 0
    endloop
  endfacet
  facet normal 0 0 -1
    outer loop
      vertex -40.343 22.5168 0
      vertex -39.8497 29.5 0
      vertex -40 22.5 0
    endloop
  endfacet
  facet normal 0 0 -1
    outer loop
      vertex -40.343 22.5168 0
      vertex -42.6988 29.7493 0
      vertex -39.8497 29.5 0
    endloop
  endfacet
  facet normal 0 0 -1
    outer loop
      vertex -43.6424 22.8055 0
      vertex -42.6988 29.7493 0
      vertex -40.343 22.5168 0
    endloop
  endfacet
  facet normal 0 0 -1
    outer loop
      vertex -43.9821 22.8559 0
      vertex -42.6988 29.7493 0
      vertex -43.6424 22.8055 0
    endloop
  endfacet
  facet normal 0 0 -1
    outer loop
      vertex -44.3153 22.9393 0
      vertex -42.6988 29.7493 0
      vertex -43.9821 22.8559 0
    endloop
  endfacet
  facet normal 0 0 -1
    outer loop
      vertex -44.3153 22.9393 0
      vertex -45.3055 30.4477 0
      vertex -42.6988 29.7493 0
    endloop
  endfacet
  facet normal 0 0 -1
    outer loop
      vertex -47.5144 23.7965 0
      vertex -45.3055 30.4477 0
      vertex -44.3153 22.9393 0
    endloop
  endfacet
  facet normal 0 0 -1
    outer loop
      vertex -47.8378 23.9122 0
      vertex -45.3055 30.4477 0
      vertex -47.5144 23.7965 0
    endloop
  endfacet
  facet normal 0 0 -1
    outer loop
      vertex -50.8394 25.3119 0
      vertex -45.3055 30.4477 0
      vertex -47.8378 23.9122 0
    endloop
  endfacet
  facet normal -0 0 -1
    outer loop
      vertex -45.3055 30.4477 0
      vertex -50.8394 25.3119 0
      vertex -47.7319 31.5792 0
    endloop
  endfacet
  facet normal 0 0 -1
    outer loop
      vertex -51.4445 25.6354 0
      vertex -47.7319 31.5792 0
      vertex -50.8394 25.3119 0
    endloop
  endfacet
  facet normal 0 0 -1
    outer loop
      vertex -51.4445 25.6354 0
      vertex -50.8394 25.3119 0
      vertex -51.1499 25.4588 0
    endloop
  endfacet
  facet normal 0 0 -1
    outer loop
      vertex -54.1575 27.535 0
      vertex -47.7319 31.5792 0
      vertex -51.4445 25.6354 0
    endloop
  endfacet
  facet normal -0 0 -1
    outer loop
      vertex -47.7319 31.5792 0
      vertex -54.1575 27.535 0
      vertex -49.9512 33.1331 0
    endloop
  endfacet
  facet normal 0 0 -1
    outer loop
      vertex -54.6878 27.9703 0
      vertex -49.9512 33.1331 0
      vertex -54.1575 27.535 0
    endloop
  endfacet
  facet normal -0 0 -1
    outer loop
      vertex -49.9512 33.1331 0
      vertex -54.6878 27.9703 0
      vertex -51.8669 35.0488 0
    endloop
  endfacet
  facet normal 0 0 -1
    outer loop
      vertex -54.6878 27.9703 0
      vertex -54.1575 27.535 0
      vertex -54.4333 27.7396 0
    endloop
  endfacet
  facet normal 0 0 -1
    outer loop
      vertex -57.0297 30.3121 0
      vertex -51.8669 35.0488 0
      vertex -54.6878 27.9703 0
    endloop
  endfacet
  facet normal 0 0 -1
    outer loop
      vertex -57.465 30.8425 0
      vertex -51.8669 35.0488 0
      vertex -57.0297 30.3121 0
    endloop
  endfacet
  facet normal -0 0 -1
    outer loop
      vertex -51.8669 35.0488 0
      vertex -57.465 30.8425 0
      vertex -53.4208 37.2681 0
    endloop
  endfacet
  facet normal 0 0 -1
    outer loop
      vertex -59.3646 33.5555 0
      vertex -53.4208 37.2681 0
      vertex -57.465 30.8425 0
    endloop
  endfacet
  facet normal 0 0 -1
    outer loop
      vertex -59.688 34.1606 0
      vertex -53.4208 37.2681 0
      vertex -59.3646 33.5555 0
    endloop
  endfacet
  facet normal 0 0 -1
    outer loop
      vertex -6 22.5 0
      vertex 0 24.2054 0
      vertex 0 2 0
    endloop
  endfacet
  facet normal -0 0 -1
    outer loop
      vertex 0 24.2054 0
      vertex -6 22.5 0
      vertex 0 27.7946 0
    endloop
  endfacet
  facet normal 0 0 -1
    outer loop
      vertex -2 0 0
      vertex 0 2 0
      vertex -0.0096283 1.80397 0
    endloop
  endfacet
  facet normal 0 0 -1
    outer loop
      vertex -6 29.5 0
      vertex 0 27.7946 0
      vertex -6 22.5 0
    endloop
  endfacet
  facet normal 0 0 -1
    outer loop
      vertex -2 0 0
      vertex -0.0096283 1.80397 0
      vertex -0.0384369 1.60982 0
    endloop
  endfacet
  facet normal 0 0 -1
    outer loop
      vertex 0 27.7946 0
      vertex -6 29.5 0
      vertex 0 32 0
    endloop
  endfacet
  facet normal 0 0 -1
    outer loop
      vertex -2 0 0
      vertex -0.0384369 1.60982 0
      vertex -0.0861206 1.41943 0
    endloop
  endfacet
  facet normal 0 0 -1
    outer loop
      vertex -6 32 0
      vertex 0 32 0
      vertex -6 29.5 0
    endloop
  endfacet
  facet normal 0 0 -1
    outer loop
      vertex -2 0 0
      vertex -0.0861206 1.41943 0
      vertex -0.152237 1.23463 0
    endloop
  endfacet
  facet normal 0 -0 -1
    outer loop
      vertex -2 34 0
      vertex 0 32 0
      vertex -6 32 0
    endloop
  endfacet
  facet normal 0 0 -1
    outer loop
      vertex -2 0 0
      vertex -0.152237 1.23463 0
      vertex -0.23616 1.05721 0
    endloop
  endfacet
  facet normal 0 0 -1
    outer loop
      vertex 0 32 0
      vertex -2 34 0
      vertex -0.0096283 32.196 0
    endloop
  endfacet
  facet normal 0 0 -1
    outer loop
      vertex -2 0 0
      vertex -0.23616 1.05721 0
      vertex -0.337067 0.888855 0
    endloop
  endfacet
  facet normal 0 0 -1
    outer loop
      vertex -0.0096283 32.196 0
      vertex -2 34 0
      vertex -0.0384369 32.3902 0
    endloop
  endfacet
  facet normal 0 0 -1
    outer loop
      vertex -2 0 0
      vertex -0.337067 0.888855 0
      vertex -0.453979 0.731216 0
    endloop
  endfacet
  facet normal 0 0 -1
    outer loop
      vertex -0.0861206 32.5806 0
      vertex -2 34 0
      vertex -0.152237 32.7654 0
    endloop
  endfacet
  facet normal 0 0 -1
    outer loop
      vertex -2 0 0
      vertex -0.453979 0.731216 0
      vertex -0.585785 0.585785 0
    endloop
  endfacet
  facet normal 0 0 -1
    outer loop
      vertex -0.152237 32.7654 0
      vertex -2 34 0
      vertex -0.23616 32.9428 0
    endloop
  endfacet
  facet normal 0 0 -1
    outer loop
      vertex -2 0 0
      vertex -0.585785 0.585785 0
      vertex -0.731216 0.453979 0
    endloop
  endfacet
  facet normal 0 0 -1
    outer loop
      vertex -0.23616 32.9428 0
      vertex -2 34 0
      vertex -0.337067 33.1111 0
    endloop
  endfacet
  facet normal 0 0 -1
    outer loop
      vertex -2 0 0
      vertex -0.731216 0.453979 0
      vertex -0.888855 0.337067 0
    endloop
  endfacet
  facet normal 0 0 -1
    outer loop
      vertex -0.337067 33.1111 0
      vertex -2 34 0
      vertex -0.453979 33.2688 0
    endloop
  endfacet
  facet normal 0 0 -1
    outer loop
      vertex -2 0 0
      vertex -0.888855 0.337067 0
      vertex -1.05721 0.23616 0
    endloop
  endfacet
  facet normal 0 0 -1
    outer loop
      vertex -0.453979 33.2688 0
      vertex -2 34 0
      vertex -0.585785 33.4142 0
    endloop
  endfacet
  facet normal 0 0 -1
    outer loop
      vertex -2 0 0
      vertex -1.05721 0.23616 0
      vertex -1.23463 0.152237 0
    endloop
  endfacet
  facet normal 0 0 -1
    outer loop
      vertex -0.585785 33.4142 0
      vertex -2 34 0
      vertex -0.731216 33.546 0
    endloop
  endfacet
  facet normal 0 0 -1
    outer loop
      vertex -2 0 0
      vertex -1.23463 0.152237 0
      vertex -1.41943 0.0861206 0
    endloop
  endfacet
  facet normal 0 0 -1
    outer loop
      vertex -0.731216 33.546 0
      vertex -2 34 0
      vertex -0.888855 33.6629 0
    endloop
  endfacet
  facet normal 0 0 -1
    outer loop
      vertex -2 0 0
      vertex -1.41943 0.0861206 0
      vertex -1.60982 0.0384369 0
    endloop
  endfacet
  facet normal 0 0 -1
    outer loop
      vertex -0.888855 33.6629 0
      vertex -2 34 0
      vertex -1.05721 33.7638 0
    endloop
  endfacet
  facet normal 0 0 -1
    outer loop
      vertex -2 0 0
      vertex -1.60982 0.0384369 0
      vertex -1.80397 0.0096283 0
    endloop
  endfacet
  facet normal 0 0 -1
    outer loop
      vertex -1.05721 33.7638 0
      vertex -2 34 0
      vertex -1.23463 33.8478 0
    endloop
  endfacet
  facet normal -0 0 -1
    outer loop
      vertex 0 2 0
      vertex -2 0 0
      vertex -6 2 0
    endloop
  endfacet
  facet normal 0 0 -1
    outer loop
      vertex -1.23463 33.8478 0
      vertex -2 34 0
      vertex -1.41943 33.9139 0
    endloop
  endfacet
  facet normal 0 0 -1
    outer loop
      vertex -6 2 0
      vertex -2 0 0
      vertex -4 0 0
    endloop
  endfacet
  facet normal 0 0 -1
    outer loop
      vertex -1.41943 33.9139 0
      vertex -2 34 0
      vertex -1.60982 33.9616 0
    endloop
  endfacet
  facet normal 0 0 -1
    outer loop
      vertex -6 2 0
      vertex -4 0 0
      vertex -4.19603 0.0096283 0
    endloop
  endfacet
  facet normal 0 0 -1
    outer loop
      vertex -1.60982 33.9616 0
      vertex -2 34 0
      vertex -1.80397 33.9904 0
    endloop
  endfacet
  facet normal 0 0 -1
    outer loop
      vertex -6 2 0
      vertex -4.19603 0.0096283 0
      vertex -4.39018 0.0384369 0
    endloop
  endfacet
  facet normal 0 0 -1
    outer loop
      vertex -0.0384369 32.3902 0
      vertex -2 34 0
      vertex -0.0861206 32.5806 0
    endloop
  endfacet
  facet normal 0 0 -1
    outer loop
      vertex -6 2 0
      vertex -4.39018 0.0384369 0
      vertex -4.58057 0.0861206 0
    endloop
  endfacet
  facet normal -0 0 -1
    outer loop
      vertex -2 34 0
      vertex -6 32 0
      vertex -4 34 0
    endloop
  endfacet
  facet normal 0 0 -1
    outer loop
      vertex -6 2 0
      vertex -4.58057 0.0861206 0
      vertex -4.76537 0.152237 0
    endloop
  endfacet
  facet normal 0 0 -1
    outer loop
      vertex -4 34 0
      vertex -6 32 0
      vertex -4.19603 33.9904 0
    endloop
  endfacet
  facet normal 0 0 -1
    outer loop
      vertex -6 2 0
      vertex -4.76537 0.152237 0
      vertex -4.94279 0.23616 0
    endloop
  endfacet
  facet normal 0 0 -1
    outer loop
      vertex -4.19603 33.9904 0
      vertex -6 32 0
      vertex -4.39018 33.9616 0
    endloop
  endfacet
  facet normal 0 0 -1
    outer loop
      vertex -6 2 0
      vertex -4.94279 0.23616 0
      vertex -5.11115 0.337067 0
    endloop
  endfacet
  facet normal 0 0 -1
    outer loop
      vertex -4.39018 33.9616 0
      vertex -6 32 0
      vertex -4.58057 33.9139 0
    endloop
  endfacet
  facet normal 0 0 -1
    outer loop
      vertex -6 2 0
      vertex -5.11115 0.337067 0
      vertex -5.26878 0.453979 0
    endloop
  endfacet
  facet normal 0 0 -1
    outer loop
      vertex -4.58057 33.9139 0
      vertex -6 32 0
      vertex -4.76537 33.8478 0
    endloop
  endfacet
  facet normal 0 0 -1
    outer loop
      vertex -6 2 0
      vertex -5.26878 0.453979 0
      vertex -5.41422 0.585785 0
    endloop
  endfacet
  facet normal 0 0 -1
    outer loop
      vertex -4.76537 33.8478 0
      vertex -6 32 0
      vertex -4.94279 33.7638 0
    endloop
  endfacet
  facet normal 0 0 -1
    outer loop
      vertex -6 2 0
      vertex -5.41422 0.585785 0
      vertex -5.54602 0.731216 0
    endloop
  endfacet
  facet normal 0 0 -1
    outer loop
      vertex -4.94279 33.7638 0
      vertex -6 32 0
      vertex -5.11115 33.6629 0
    endloop
  endfacet
  facet normal 0 0 -1
    outer loop
      vertex -6 2 0
      vertex -5.54602 0.731216 0
      vertex -5.66293 0.888855 0
    endloop
  endfacet
  facet normal 0 0 -1
    outer loop
      vertex -5.11115 33.6629 0
      vertex -6 32 0
      vertex -5.26878 33.546 0
    endloop
  endfacet
  facet normal 0 0 -1
    outer loop
      vertex -6 2 0
      vertex -5.66293 0.888855 0
      vertex -5.76384 1.05721 0
    endloop
  endfacet
  facet normal 0 0 -1
    outer loop
      vertex -5.26878 33.546 0
      vertex -6 32 0
      vertex -5.41422 33.4142 0
    endloop
  endfacet
  facet normal 0 0 -1
    outer loop
      vertex -6 2 0
      vertex -5.76384 1.05721 0
      vertex -5.84776 1.23463 0
    endloop
  endfacet
  facet normal 0 0 -1
    outer loop
      vertex -5.41422 33.4142 0
      vertex -6 32 0
      vertex -5.54602 33.2688 0
    endloop
  endfacet
  facet normal 0 0 -1
    outer loop
      vertex -6 2 0
      vertex -5.84776 1.23463 0
      vertex -5.91388 1.41943 0
    endloop
  endfacet
  facet normal 0 0 -1
    outer loop
      vertex -5.54602 33.2688 0
      vertex -6 32 0
      vertex -5.66293 33.1111 0
    endloop
  endfacet
  facet normal 0 0 -1
    outer loop
      vertex -6 2 0
      vertex -5.91388 1.41943 0
      vertex -5.96156 1.60982 0
    endloop
  endfacet
  facet normal 0 0 -1
    outer loop
      vertex -5.66293 33.1111 0
      vertex -6 32 0
      vertex -5.76384 32.9428 0
    endloop
  endfacet
  facet normal 0 0 -1
    outer loop
      vertex -6 2 0
      vertex -5.96156 1.60982 0
      vertex -5.99037 1.80397 0
    endloop
  endfacet
  facet normal 0 0 -1
    outer loop
      vertex -5.76384 32.9428 0
      vertex -6 32 0
      vertex -5.84776 32.7654 0
    endloop
  endfacet
  facet normal 0 0 -1
    outer loop
      vertex 0 2 0
      vertex -6 2 0
      vertex -6 22.5 0
    endloop
  endfacet
  facet normal 0 0 -1
    outer loop
      vertex -5.84776 32.7654 0
      vertex -6 32 0
      vertex -5.91388 32.5806 0
    endloop
  endfacet
  facet normal 0 0 -1
    outer loop
      vertex -5.91388 32.5806 0
      vertex -6 32 0
      vertex -5.96156 32.3902 0
    endloop
  endfacet
  facet normal 0 0 -1
    outer loop
      vertex -5.96156 32.3902 0
      vertex -6 32 0
      vertex -5.99037 32.196 0
    endloop
  endfacet
  facet normal 0 0 -1
    outer loop
      vertex 0.483139 25.6569 0
      vertex 0.483139 26.343 0
      vertex 0.5 26 0
    endloop
  endfacet
  facet normal 0 0 -1
    outer loop
      vertex 0.432739 25.3172 0
      vertex 0.483139 26.343 0
      vertex 0.483139 25.6569 0
    endloop
  endfacet
  facet normal 0 0 -1
    outer loop
      vertex 0.432739 25.3172 0
      vertex 0.432739 26.6828 0
      vertex 0.483139 26.343 0
    endloop
  endfacet
  facet normal 0 0 -1
    outer loop
      vertex 0.349289 24.984 0
      vertex 0.432739 26.6828 0
      vertex 0.432739 25.3172 0
    endloop
  endfacet
  facet normal 0 0 -1
    outer loop
      vertex 0.349289 24.984 0
      vertex 0.349289 27.016 0
      vertex 0.432739 26.6828 0
    endloop
  endfacet
  facet normal 0 0 -1
    outer loop
      vertex 0.233566 24.6606 0
      vertex 0.349289 27.016 0
      vertex 0.349289 24.984 0
    endloop
  endfacet
  facet normal 0 0 -1
    outer loop
      vertex 0.233566 24.6606 0
      vertex 0.233566 27.3394 0
      vertex 0.349289 27.016 0
    endloop
  endfacet
  facet normal 0 0 -1
    outer loop
      vertex 0 24.2054 0
      vertex 0.233566 24.6606 0
      vertex 0.0867157 24.3501 0
    endloop
  endfacet
  facet normal -0 0 -1
    outer loop
      vertex 0.233566 24.6606 0
      vertex 0 24.2054 0
      vertex 0.233566 27.3394 0
    endloop
  endfacet
  facet normal 0 0 -1
    outer loop
      vertex 0 27.7946 0
      vertex 0.233566 27.3394 0
      vertex 0 24.2054 0
    endloop
  endfacet
  facet normal 0 0 -1
    outer loop
      vertex 0.233566 27.3394 0
      vertex 0 27.7946 0
      vertex 0.0867157 27.6499 0
    endloop
  endfacet
  facet normal 0 0 -1
    outer loop
      vertex -18.5168 63.6569 0
      vertex -18.5168 64.343 0
      vertex -18.5 64 0
    endloop
  endfacet
  facet normal 0 0 -1
    outer loop
      vertex -18.5672 63.3172 0
      vertex -18.5168 64.343 0
      vertex -18.5168 63.6569 0
    endloop
  endfacet
  facet normal 0 0 -1
    outer loop
      vertex -18.5672 63.3172 0
      vertex -18.5672 64.6828 0
      vertex -18.5168 64.343 0
    endloop
  endfacet
  facet normal 0 0 -1
    outer loop
      vertex -18.6507 62.984 0
      vertex -18.5672 64.6828 0
      vertex -18.5672 63.3172 0
    endloop
  endfacet
  facet normal 0 0 -1
    outer loop
      vertex -18.6507 62.984 0
      vertex -18.6507 65.016 0
      vertex -18.5672 64.6828 0
    endloop
  endfacet
  facet normal 0 0 -1
    outer loop
      vertex -18.7664 62.6606 0
      vertex -18.6507 65.016 0
      vertex -18.6507 62.984 0
    endloop
  endfacet
  facet normal 0 0 -1
    outer loop
      vertex -18.7664 62.6606 0
      vertex -18.7664 65.3394 0
      vertex -18.6507 65.016 0
    endloop
  endfacet
  facet normal 0 0 -1
    outer loop
      vertex -18.9133 62.3501 0
      vertex -18.7664 65.3394 0
      vertex -18.7664 62.6606 0
    endloop
  endfacet
  facet normal 0 0 -1
    outer loop
      vertex -18.9133 62.3501 0
      vertex -18.9133 65.6499 0
      vertex -18.7664 65.3394 0
    endloop
  endfacet
  facet normal 0 0 -1
    outer loop
      vertex -19.0898 62.0555 0
      vertex -18.9133 65.6499 0
      vertex -18.9133 62.3501 0
    endloop
  endfacet
  facet normal 0 0 -1
    outer loop
      vertex -19.0898 62.0555 0
      vertex -19.0898 65.9445 0
      vertex -18.9133 65.6499 0
    endloop
  endfacet
  facet normal 0 0 -1
    outer loop
      vertex -19.2944 61.7796 0
      vertex -19.0898 65.9445 0
      vertex -19.0898 62.0555 0
    endloop
  endfacet
  facet normal 0 0 -1
    outer loop
      vertex -19.2944 61.7796 0
      vertex -19.2944 66.2204 0
      vertex -19.0898 65.9445 0
    endloop
  endfacet
  facet normal 0 0 -1
    outer loop
      vertex -19.5251 61.5251 0
      vertex -19.2944 66.2204 0
      vertex -19.2944 61.7796 0
    endloop
  endfacet
  facet normal 0 0 -1
    outer loop
      vertex -19.5251 61.5251 0
      vertex -19.5251 66.4749 0
      vertex -19.2944 66.2204 0
    endloop
  endfacet
  facet normal 0 0 -1
    outer loop
      vertex -19.7796 61.2944 0
      vertex -19.5251 66.4749 0
      vertex -19.5251 61.5251 0
    endloop
  endfacet
  facet normal 0 0 -1
    outer loop
      vertex -19.7796 61.2944 0
      vertex -19.7796 66.7055 0
      vertex -19.5251 66.4749 0
    endloop
  endfacet
  facet normal 0 0 -1
    outer loop
      vertex -20.0555 61.0898 0
      vertex -19.7796 66.7055 0
      vertex -19.7796 61.2944 0
    endloop
  endfacet
  facet normal 0 0 -1
    outer loop
      vertex -20.0555 61.0898 0
      vertex -20.0555 66.9101 0
      vertex -19.7796 66.7055 0
    endloop
  endfacet
  facet normal 0 0 -1
    outer loop
      vertex -20.3501 60.9133 0
      vertex -20.0555 66.9101 0
      vertex -20.0555 61.0898 0
    endloop
  endfacet
  facet normal 0 0 -1
    outer loop
      vertex -20.3501 60.9133 0
      vertex -20.3501 67.0867 0
      vertex -20.0555 66.9101 0
    endloop
  endfacet
  facet normal 0 0 -1
    outer loop
      vertex -20.6606 60.7664 0
      vertex -20.3501 67.0867 0
      vertex -20.3501 60.9133 0
    endloop
  endfacet
  facet normal 0 0 -1
    outer loop
      vertex -20.6606 60.7664 0
      vertex -20.6606 67.2336 0
      vertex -20.3501 67.0867 0
    endloop
  endfacet
  facet normal 0 0 -1
    outer loop
      vertex -20.984 60.6507 0
      vertex -20.6606 67.2336 0
      vertex -20.6606 60.7664 0
    endloop
  endfacet
  facet normal 0 0 -1
    outer loop
      vertex -20.984 60.6507 0
      vertex -20.984 67.3493 0
      vertex -20.6606 67.2336 0
    endloop
  endfacet
  facet normal 0 0 -1
    outer loop
      vertex -21.3172 60.5672 0
      vertex -20.984 67.3493 0
      vertex -20.984 60.6507 0
    endloop
  endfacet
  facet normal 0 0 -1
    outer loop
      vertex -21.3172 60.5672 0
      vertex -21.3172 67.4327 0
      vertex -20.984 67.3493 0
    endloop
  endfacet
  facet normal 0 0 -1
    outer loop
      vertex -21.6569 60.5168 0
      vertex -21.3172 67.4327 0
      vertex -21.3172 60.5672 0
    endloop
  endfacet
  facet normal 0 0 -1
    outer loop
      vertex -21.6569 60.5168 0
      vertex -21.6569 67.4831 0
      vertex -21.3172 67.4327 0
    endloop
  endfacet
  facet normal 0 0 -1
    outer loop
      vertex -22 60.5 0
      vertex -21.6569 67.4831 0
      vertex -21.6569 60.5168 0
    endloop
  endfacet
  facet normal 0 0 -1
    outer loop
      vertex -22 60.5 0
      vertex -22 67.5 0
      vertex -21.6569 67.4831 0
    endloop
  endfacet
  facet normal 0 0 -1
    outer loop
      vertex -39.8495 60.5 0
      vertex -22 67.5 0
      vertex -22 60.5 0
    endloop
  endfacet
  facet normal 0 0 -1
    outer loop
      vertex -39.8495 60.5 0
      vertex -40 67.5 0
      vertex -22 67.5 0
    endloop
  endfacet
  facet normal 0 0 -1
    outer loop
      vertex -39.8495 60.5 0
      vertex -40.343 67.4831 0
      vertex -40 67.5 0
    endloop
  endfacet
  facet normal 0 0 -1
    outer loop
      vertex -42.6988 60.2507 0
      vertex -40.343 67.4831 0
      vertex -39.8495 60.5 0
    endloop
  endfacet
  facet normal 0 0 -1
    outer loop
      vertex -42.6988 60.2507 0
      vertex -43.6424 67.1945 0
      vertex -40.343 67.4831 0
    endloop
  endfacet
  facet normal 0 0 -1
    outer loop
      vertex -42.6988 60.2507 0
      vertex -43.9821 67.1441 0
      vertex -43.6424 67.1945 0
    endloop
  endfacet
  facet normal 0 0 -1
    outer loop
      vertex -42.6988 60.2507 0
      vertex -44.3153 67.0606 0
      vertex -43.9821 67.1441 0
    endloop
  endfacet
  facet normal 0 0 -1
    outer loop
      vertex -45.3055 59.5523 0
      vertex -44.3153 67.0606 0
      vertex -42.6988 60.2507 0
    endloop
  endfacet
  facet normal 0 0 -1
    outer loop
      vertex -45.3055 59.5523 0
      vertex -47.5144 66.2034 0
      vertex -44.3153 67.0606 0
    endloop
  endfacet
  facet normal 0 0 -1
    outer loop
      vertex -50.8394 64.688 0
      vertex -45.3055 59.5523 0
      vertex -47.7319 58.4208 0
    endloop
  endfacet
  facet normal 0 0 -1
    outer loop
      vertex -45.3055 59.5523 0
      vertex -47.8378 66.0877 0
      vertex -47.5144 66.2034 0
    endloop
  endfacet
  facet normal 0 0 -1
    outer loop
      vertex -54.1575 62.465 0
      vertex -47.7319 58.4208 0
      vertex -49.9512 56.8669 0
    endloop
  endfacet
  facet normal 0 0 -1
    outer loop
      vertex -45.3055 59.5523 0
      vertex -50.8394 64.688 0
      vertex -47.8378 66.0877 0
    endloop
  endfacet
  facet normal 0 0 -1
    outer loop
      vertex -47.7319 58.4208 0
      vertex -51.4445 64.3646 0
      vertex -50.8394 64.688 0
    endloop
  endfacet
  facet normal 0 0 -1
    outer loop
      vertex -50.8394 64.688 0
      vertex -51.4445 64.3646 0
      vertex -51.1499 64.5412 0
    endloop
  endfacet
  facet normal 0 0 -1
    outer loop
      vertex -54.6878 62.0297 0
      vertex -49.9512 56.8669 0
      vertex -51.8669 54.9512 0
    endloop
  endfacet
  facet normal 0 0 -1
    outer loop
      vertex -57.465 59.1575 0
      vertex -51.8669 54.9512 0
      vertex -53.4208 52.7319 0
    endloop
  endfacet
  facet normal 0 0 -1
    outer loop
      vertex -47.7319 58.4208 0
      vertex -54.1575 62.465 0
      vertex -51.4445 64.3646 0
    endloop
  endfacet
  facet normal 0 0 -1
    outer loop
      vertex -49.9512 56.8669 0
      vertex -54.6878 62.0297 0
      vertex -54.1575 62.465 0
    endloop
  endfacet
  facet normal 0 0 -1
    outer loop
      vertex -59.688 55.8394 0
      vertex -53.4208 52.7319 0
      vertex -54.5523 50.3055 0
    endloop
  endfacet
  facet normal 0 0 -1
    outer loop
      vertex -54.1575 62.465 0
      vertex -54.6878 62.0297 0
      vertex -54.4333 62.2604 0
    endloop
  endfacet
  facet normal 0 0 -1
    outer loop
      vertex -62.0606 49.3153 0
      vertex -54.5523 50.3055 0
      vertex -55.2507 47.6988 0
    endloop
  endfacet
  facet normal 0 0 -1
    outer loop
      vertex -62.1945 48.6424 0
      vertex -55.2507 47.6988 0
      vertex -55.4868 45 0
    endloop
  endfacet
  facet normal -0 0 -1
    outer loop
      vertex -53.4208 37.2681 0
      vertex -59.688 34.1606 0
      vertex -54.5523 39.6945 0
    endloop
  endfacet
  facet normal 0 0 -1
    outer loop
      vertex -51.8669 54.9512 0
      vertex -57.0297 59.6878 0
      vertex -54.6878 62.0297 0
    endloop
  endfacet
  facet normal 0 0 -1
    outer loop
      vertex -57.465 30.8425 0
      vertex -57.0297 30.3121 0
      vertex -57.2604 30.5667 0
    endloop
  endfacet
  facet normal 0 0 -1
    outer loop
      vertex -61.0877 37.1622 0
      vertex -54.5523 39.6945 0
      vertex -59.688 34.1606 0
    endloop
  endfacet
  facet normal 0 0 -1
    outer loop
      vertex -51.8669 54.9512 0
      vertex -57.465 59.1575 0
      vertex -57.0297 59.6878 0
    endloop
  endfacet
  facet normal 0 0 -1
    outer loop
      vertex -57.0297 59.6878 0
      vertex -57.465 59.1575 0
      vertex -57.2604 59.4333 0
    endloop
  endfacet
  facet normal 0 0 -1
    outer loop
      vertex -61.2034 37.4856 0
      vertex -54.5523 39.6945 0
      vertex -61.0877 37.1622 0
    endloop
  endfacet
  facet normal 0 0 -1
    outer loop
      vertex -62.0606 40.6847 0
      vertex -54.5523 39.6945 0
      vertex -61.2034 37.4856 0
    endloop
  endfacet
  facet normal 0 0 -1
    outer loop
      vertex -59.688 34.1606 0
      vertex -59.3646 33.5555 0
      vertex -59.5412 33.8501 0
    endloop
  endfacet
  facet normal 0 0 -1
    outer loop
      vertex -53.4208 52.7319 0
      vertex -59.688 55.8394 0
      vertex -59.3646 56.4445 0
    endloop
  endfacet
  facet normal 0 0 -1
    outer loop
      vertex -53.4208 52.7319 0
      vertex -59.3646 56.4445 0
      vertex -57.465 59.1575 0
    endloop
  endfacet
  facet normal 0 0 -1
    outer loop
      vertex -59.3646 56.4445 0
      vertex -59.688 55.8394 0
      vertex -59.5412 56.1499 0
    endloop
  endfacet
  facet normal 0 0 -1
    outer loop
      vertex -54.5523 39.6945 0
      vertex -62.0606 40.6847 0
      vertex -55.2507 42.3012 0
    endloop
  endfacet
  facet normal 0 0 -1
    outer loop
      vertex -62.1945 41.3576 0
      vertex -55.2507 42.3012 0
      vertex -62.0606 40.6847 0
    endloop
  endfacet
  facet normal -0 0 -1
    outer loop
      vertex -55.2507 42.3012 0
      vertex -62.1945 41.3576 0
      vertex -55.4868 45 0
    endloop
  endfacet
  facet normal 0 0 -1
    outer loop
      vertex -54.5523 50.3055 0
      vertex -61.0877 52.8378 0
      vertex -59.688 55.8394 0
    endloop
  endfacet
  facet normal -0 0 -1
    outer loop
      vertex -54.5523 50.3055 0
      vertex -62.0606 49.3153 0
      vertex -61.2034 52.5144 0
    endloop
  endfacet
  facet normal 0 0 -1
    outer loop
      vertex -54.5523 50.3055 0
      vertex -61.2034 52.5144 0
      vertex -61.0877 52.8378 0
    endloop
  endfacet
  facet normal 0 0 -1
    outer loop
      vertex -62.1945 41.3576 0
      vertex -62.0606 40.6847 0
      vertex -62.1441 41.0179 0
    endloop
  endfacet
  facet normal 0 0 -1
    outer loop
      vertex -55.4868 45 0
      vertex -62.1945 41.3576 0
      vertex -62.4831 44.6569 0
    endloop
  endfacet
  facet normal 0 0 -1
    outer loop
      vertex -62.4831 45.343 0
      vertex -55.4868 45 0
      vertex -62.4831 44.6569 0
    endloop
  endfacet
  facet normal 0 0 -1
    outer loop
      vertex -62.0606 49.3153 0
      vertex -62.1945 48.6424 0
      vertex -62.1441 48.9821 0
    endloop
  endfacet
  facet normal 0 -0 -1
    outer loop
      vertex -62.1945 48.6424 0
      vertex -55.4868 45 0
      vertex -62.4831 45.343 0
    endloop
  endfacet
  facet normal 0 0 -1
    outer loop
      vertex -55.2507 47.6988 0
      vertex -62.1945 48.6424 0
      vertex -62.0606 49.3153 0
    endloop
  endfacet
  facet normal 0 -0 -1
    outer loop
      vertex -62.4831 45.343 0
      vertex -62.4831 44.6569 0
      vertex -62.5 45 0
    endloop
  endfacet
  facet normal -0.996196 0.0871377 0
    outer loop
      vertex -62.4831 45.343 0
      vertex -62.1945 48.6424 30
      vertex -62.1945 48.6424 0
    endloop
  endfacet
  facet normal -0.996196 0.0871377 0
    outer loop
      vertex -62.1945 48.6424 30
      vertex -62.4831 45.343 0
      vertex -62.4831 45.343 30
    endloop
  endfacet
  facet normal -0.989172 0.14676 0
    outer loop
      vertex -62.1945 48.6424 0
      vertex -62.1441 48.9821 30
      vertex -62.1441 48.9821 0
    endloop
  endfacet
  facet normal -0.989172 0.14676 0
    outer loop
      vertex -62.1441 48.9821 30
      vertex -62.1945 48.6424 0
      vertex -62.1945 48.6424 30
    endloop
  endfacet
  facet normal -0.970005 0.243084 0
    outer loop
      vertex -62.1441 48.9821 0
      vertex -62.0606 49.3153 30
      vertex -62.0606 49.3153 0
    endloop
  endfacet
  facet normal -0.970005 0.243084 0
    outer loop
      vertex -62.0606 49.3153 30
      vertex -62.1441 48.9821 0
      vertex -62.1441 48.9821 30
    endloop
  endfacet
  facet normal -0.965926 0.25882 0
    outer loop
      vertex -62.0606 49.3153 0
      vertex -61.2034 52.5144 30
      vertex -61.2034 52.5144 0
    endloop
  endfacet
  facet normal -0.965926 0.25882 0
    outer loop
      vertex -61.2034 52.5144 30
      vertex -62.0606 49.3153 0
      vertex -62.0606 49.3153 30
    endloop
  endfacet
  facet normal -0.941557 0.336853 0
    outer loop
      vertex -61.2034 52.5144 0
      vertex -61.0877 52.8378 30
      vertex -61.0877 52.8378 0
    endloop
  endfacet
  facet normal -0.941557 0.336853 0
    outer loop
      vertex -61.0877 52.8378 30
      vertex -61.2034 52.5144 0
      vertex -61.2034 52.5144 30
    endloop
  endfacet
  facet normal -0.906304 0.422626 0
    outer loop
      vertex -61.0877 52.8378 0
      vertex -59.688 55.8394 30
      vertex -59.688 55.8394 0
    endloop
  endfacet
  facet normal -0.906304 0.422626 0
    outer loop
      vertex -59.688 55.8394 30
      vertex -61.0877 52.8378 0
      vertex -61.0877 52.8378 30
    endloop
  endfacet
  facet normal -0.904052 0.427423 0
    outer loop
      vertex -59.688 55.8394 0
      vertex -59.5412 56.1499 30
      vertex -59.5412 56.1499 0
    endloop
  endfacet
  facet normal -0.904052 0.427423 0
    outer loop
      vertex -59.5412 56.1499 30
      vertex -59.688 55.8394 0
      vertex -59.688 55.8394 30
    endloop
  endfacet
  facet normal -0.857698 0.514153 0
    outer loop
      vertex -59.5412 56.1499 0
      vertex -59.3646 56.4445 30
      vertex -59.3646 56.4445 0
    endloop
  endfacet
  facet normal -0.857698 0.514153 0
    outer loop
      vertex -59.3646 56.4445 30
      vertex -59.5412 56.1499 0
      vertex -59.5412 56.1499 30
    endloop
  endfacet
  facet normal -0.819161 0.573564 0
    outer loop
      vertex -59.3646 56.4445 0
      vertex -57.465 59.1575 30
      vertex -57.465 59.1575 0
    endloop
  endfacet
  facet normal -0.819161 0.573564 0
    outer loop
      vertex -57.465 59.1575 30
      vertex -59.3646 56.4445 0
      vertex -59.3646 56.4445 30
    endloop
  endfacet
  facet normal -0.803134 0.595798 0
    outer loop
      vertex -57.465 59.1575 0
      vertex -57.2604 59.4333 30
      vertex -57.2604 59.4333 0
    endloop
  endfacet
  facet normal -0.803134 0.595798 0
    outer loop
      vertex -57.2604 59.4333 30
      vertex -57.465 59.1575 0
      vertex -57.465 59.1575 30
    endloop
  endfacet
  facet normal -0.740901 0.671614 0
    outer loop
      vertex -57.2604 59.4333 0
      vertex -57.0297 59.6878 30
      vertex -57.0297 59.6878 0
    endloop
  endfacet
  facet normal -0.740901 0.671614 0
    outer loop
      vertex -57.0297 59.6878 30
      vertex -57.2604 59.4333 0
      vertex -57.2604 59.4333 30
    endloop
  endfacet
  facet normal -0.707107 0.707107 0
    outer loop
      vertex -57.0297 59.6878 0
      vertex -54.6878 62.0297 30
      vertex -54.6878 62.0297 0
    endloop
  endfacet
  facet normal -0.707107 0.707107 0
    outer loop
      vertex -54.6878 62.0297 30
      vertex -57.0297 59.6878 0
      vertex -57.0297 59.6878 30
    endloop
  endfacet
  facet normal -0.671614 0.740901 0
    outer loop
      vertex -54.4333 62.2604 0
      vertex -54.6878 62.0297 30
      vertex -54.4333 62.2604 30
    endloop
  endfacet
  facet normal -0.671614 0.740901 0
    outer loop
      vertex -54.6878 62.0297 30
      vertex -54.4333 62.2604 0
      vertex -54.6878 62.0297 0
    endloop
  endfacet
  facet normal -0.595798 0.803134 0
    outer loop
      vertex -54.1575 62.465 0
      vertex -54.4333 62.2604 30
      vertex -54.1575 62.465 30
    endloop
  endfacet
  facet normal -0.595798 0.803134 0
    outer loop
      vertex -54.4333 62.2604 30
      vertex -54.1575 62.465 0
      vertex -54.4333 62.2604 0
    endloop
  endfacet
  facet normal -0.573564 0.819161 0
    outer loop
      vertex -51.4445 64.3646 0
      vertex -54.1575 62.465 30
      vertex -51.4445 64.3646 30
    endloop
  endfacet
  facet normal -0.573564 0.819161 0
    outer loop
      vertex -54.1575 62.465 30
      vertex -51.4445 64.3646 0
      vertex -54.1575 62.465 0
    endloop
  endfacet
  facet normal -0.514153 0.857698 0
    outer loop
      vertex -51.1499 64.5412 0
      vertex -51.4445 64.3646 30
      vertex -51.1499 64.5412 30
    endloop
  endfacet
  facet normal -0.514153 0.857698 0
    outer loop
      vertex -51.4445 64.3646 30
      vertex -51.1499 64.5412 0
      vertex -51.4445 64.3646 0
    endloop
  endfacet
  facet normal -0.427423 0.904052 0
    outer loop
      vertex -50.8394 64.688 0
      vertex -51.1499 64.5412 30
      vertex -50.8394 64.688 30
    endloop
  endfacet
  facet normal -0.427423 0.904052 0
    outer loop
      vertex -51.1499 64.5412 30
      vertex -50.8394 64.688 0
      vertex -51.1499 64.5412 0
    endloop
  endfacet
  facet normal -0.422626 0.906304 0
    outer loop
      vertex -47.8378 66.0877 0
      vertex -50.8394 64.688 30
      vertex -47.8378 66.0877 30
    endloop
  endfacet
  facet normal -0.422626 0.906304 0
    outer loop
      vertex -50.8394 64.688 30
      vertex -47.8378 66.0877 0
      vertex -50.8394 64.688 0
    endloop
  endfacet
  facet normal -0.336853 0.941557 0
    outer loop
      vertex -47.5144 66.2034 0
      vertex -47.8378 66.0877 30
      vertex -47.5144 66.2034 30
    endloop
  endfacet
  facet normal -0.336853 0.941557 0
    outer loop
      vertex -47.8378 66.0877 30
      vertex -47.5144 66.2034 0
      vertex -47.8378 66.0877 0
    endloop
  endfacet
  facet normal -0.25882 0.965926 0
    outer loop
      vertex -44.3153 67.0606 0
      vertex -47.5144 66.2034 30
      vertex -44.3153 67.0606 30
    endloop
  endfacet
  facet normal -0.25882 0.965926 0
    outer loop
      vertex -47.5144 66.2034 30
      vertex -44.3153 67.0606 0
      vertex -47.5144 66.2034 0
    endloop
  endfacet
  facet normal -0.243084 0.970005 0
    outer loop
      vertex -43.9821 67.1441 0
      vertex -44.3153 67.0606 30
      vertex -43.9821 67.1441 30
    endloop
  endfacet
  facet normal -0.243084 0.970005 0
    outer loop
      vertex -44.3153 67.0606 30
      vertex -43.9821 67.1441 0
      vertex -44.3153 67.0606 0
    endloop
  endfacet
  facet normal -0.14676 0.989172 0
    outer loop
      vertex -43.6424 67.1945 0
      vertex -43.9821 67.1441 30
      vertex -43.6424 67.1945 30
    endloop
  endfacet
  facet normal -0.14676 0.989172 0
    outer loop
      vertex -43.9821 67.1441 30
      vertex -43.6424 67.1945 0
      vertex -43.9821 67.1441 0
    endloop
  endfacet
  facet normal -0.0871377 0.996196 0
    outer loop
      vertex -40.343 67.4831 0
      vertex -43.6424 67.1945 30
      vertex -40.343 67.4831 30
    endloop
  endfacet
  facet normal -0.0871377 0.996196 0
    outer loop
      vertex -43.6424 67.1945 30
      vertex -40.343 67.4831 0
      vertex -43.6424 67.1945 0
    endloop
  endfacet
  facet normal -0.0492114 0.998788 0
    outer loop
      vertex -40 67.5 0
      vertex -40.343 67.4831 30
      vertex -40 67.5 30
    endloop
  endfacet
  facet normal -0.0492114 0.998788 0
    outer loop
      vertex -40.343 67.4831 30
      vertex -40 67.5 0
      vertex -40.343 67.4831 0
    endloop
  endfacet
  facet normal 0 1 -0
    outer loop
      vertex -22 67.5 0
      vertex -40 67.5 30
      vertex -22 67.5 30
    endloop
  endfacet
  facet normal 0 1 0
    outer loop
      vertex -40 67.5 30
      vertex -22 67.5 0
      vertex -40 67.5 0
    endloop
  endfacet
  facet normal 0.0491971 0.998789 -0
    outer loop
      vertex -21.6569 67.4831 0
      vertex -22 67.5 30
      vertex -21.6569 67.4831 30
    endloop
  endfacet
  facet normal 0.0491971 0.998789 0
    outer loop
      vertex -22 67.5 30
      vertex -21.6569 67.4831 0
      vertex -22 67.5 0
    endloop
  endfacet
  facet normal 0.14676 0.989172 -0
    outer loop
      vertex -21.3172 67.4327 0
      vertex -21.6569 67.4831 30
      vertex -21.3172 67.4327 30
    endloop
  endfacet
  facet normal 0.14676 0.989172 0
    outer loop
      vertex -21.6569 67.4831 30
      vertex -21.3172 67.4327 0
      vertex -21.6569 67.4831 0
    endloop
  endfacet
  facet normal 0.24281 0.970074 -0
    outer loop
      vertex -20.984 67.3493 0
      vertex -21.3172 67.4327 30
      vertex -20.984 67.3493 30
    endloop
  endfacet
  facet normal 0.24281 0.970074 0
    outer loop
      vertex -21.3172 67.4327 30
      vertex -20.984 67.3493 0
      vertex -21.3172 67.4327 0
    endloop
  endfacet
  facet normal 0.336853 0.941557 -0
    outer loop
      vertex -20.6606 67.2336 0
      vertex -20.984 67.3493 30
      vertex -20.6606 67.2336 30
    endloop
  endfacet
  facet normal 0.336853 0.941557 0
    outer loop
      vertex -20.984 67.3493 30
      vertex -20.6606 67.2336 0
      vertex -20.984 67.3493 0
    endloop
  endfacet
  facet normal 0.427661 0.903939 -0
    outer loop
      vertex -20.3501 67.0867 0
      vertex -20.6606 67.2336 30
      vertex -20.3501 67.0867 30
    endloop
  endfacet
  facet normal 0.427661 0.903939 0
    outer loop
      vertex -20.6606 67.2336 30
      vertex -20.3501 67.0867 0
      vertex -20.6606 67.2336 0
    endloop
  endfacet
  facet normal 0.514153 0.857698 -0
    outer loop
      vertex -20.0555 66.9101 0
      vertex -20.3501 67.0867 30
      vertex -20.0555 66.9101 30
    endloop
  endfacet
  facet normal 0.514153 0.857698 0
    outer loop
      vertex -20.3501 67.0867 30
      vertex -20.0555 66.9101 0
      vertex -20.3501 67.0867 0
    endloop
  endfacet
  facet normal 0.595659 0.803237 -0
    outer loop
      vertex -19.7796 66.7055 0
      vertex -20.0555 66.9101 30
      vertex -19.7796 66.7055 30
    endloop
  endfacet
  facet normal 0.595659 0.803237 0
    outer loop
      vertex -20.0555 66.9101 30
      vertex -19.7796 66.7055 0
      vertex -20.0555 66.9101 0
    endloop
  endfacet
  facet normal 0.671454 0.741046 -0
    outer loop
      vertex -19.5251 66.4749 0
      vertex -19.7796 66.7055 30
      vertex -19.5251 66.4749 30
    endloop
  endfacet
  facet normal 0.671454 0.741046 0
    outer loop
      vertex -19.7796 66.7055 30
      vertex -19.5251 66.4749 0
      vertex -19.7796 66.7055 0
    endloop
  endfacet
  facet normal 0.740901 0.671614 0
    outer loop
      vertex -19.2944 66.2204 30
      vertex -19.5251 66.4749 0
      vertex -19.5251 66.4749 30
    endloop
  endfacet
  facet normal 0.740901 0.671614 0
    outer loop
      vertex -19.5251 66.4749 0
      vertex -19.2944 66.2204 30
      vertex -19.2944 66.2204 0
    endloop
  endfacet
  facet normal 0.803237 0.595659 0
    outer loop
      vertex -19.0898 65.9445 30
      vertex -19.2944 66.2204 0
      vertex -19.2944 66.2204 30
    endloop
  endfacet
  facet normal 0.803237 0.595659 0
    outer loop
      vertex -19.2944 66.2204 0
      vertex -19.0898 65.9445 30
      vertex -19.0898 65.9445 0
    endloop
  endfacet
  facet normal 0.857827 0.513939 0
    outer loop
      vertex -18.9133 65.6499 30
      vertex -19.0898 65.9445 0
      vertex -19.0898 65.9445 30
    endloop
  endfacet
  facet normal 0.857827 0.513939 0
    outer loop
      vertex -19.0898 65.9445 0
      vertex -18.9133 65.6499 30
      vertex -18.9133 65.6499 0
    endloop
  endfacet
  facet normal 0.903939 0.427661 0
    outer loop
      vertex -18.7664 65.3394 30
      vertex -18.9133 65.6499 0
      vertex -18.9133 65.6499 30
    endloop
  endfacet
  facet normal 0.903939 0.427661 0
    outer loop
      vertex -18.9133 65.6499 0
      vertex -18.7664 65.3394 30
      vertex -18.7664 65.3394 0
    endloop
  endfacet
  facet normal 0.941557 0.336853 0
    outer loop
      vertex -18.6507 65.016 30
      vertex -18.7664 65.3394 0
      vertex -18.7664 65.3394 30
    endloop
  endfacet
  facet normal 0.941557 0.336853 0
    outer loop
      vertex -18.7664 65.3394 0
      vertex -18.6507 65.016 30
      vertex -18.6507 65.016 0
    endloop
  endfacet
  facet normal 0.970005 0.243084 0
    outer loop
      vertex -18.5672 64.6828 30
      vertex -18.6507 65.016 0
      vertex -18.6507 65.016 30
    endloop
  endfacet
  facet normal 0.970005 0.243084 0
    outer loop
      vertex -18.6507 65.016 0
      vertex -18.5672 64.6828 30
      vertex -18.5672 64.6828 0
    endloop
  endfacet
  facet normal 0.989178 0.146717 0
    outer loop
      vertex -18.5168 64.343 30
      vertex -18.5672 64.6828 0
      vertex -18.5672 64.6828 30
    endloop
  endfacet
  facet normal 0.989178 0.146717 0
    outer loop
      vertex -18.5672 64.6828 0
      vertex -18.5168 64.343 30
      vertex -18.5168 64.343 0
    endloop
  endfacet
  facet normal 0.998803 0.0489209 0
    outer loop
      vertex -18.5 64 30
      vertex -18.5168 64.343 0
      vertex -18.5168 64.343 30
    endloop
  endfacet
  facet normal 0.998803 0.0489209 0
    outer loop
      vertex -18.5168 64.343 0
      vertex -18.5 64 30
      vertex -18.5 64 0
    endloop
  endfacet
  facet normal 0.998803 -0.0489067 0
    outer loop
      vertex -18.5168 63.6569 30
      vertex -18.5 64 0
      vertex -18.5 64 30
    endloop
  endfacet
  facet normal 0.998803 -0.0489067 0
    outer loop
      vertex -18.5 64 0
      vertex -18.5168 63.6569 30
      vertex -18.5168 63.6569 0
    endloop
  endfacet
  facet normal 0.989172 -0.14676 0
    outer loop
      vertex -18.5672 63.3172 30
      vertex -18.5168 63.6569 0
      vertex -18.5168 63.6569 30
    endloop
  endfacet
  facet normal 0.989172 -0.14676 0
    outer loop
      vertex -18.5168 63.6569 0
      vertex -18.5672 63.3172 30
      vertex -18.5672 63.3172 0
    endloop
  endfacet
  facet normal 0.970005 -0.243084 0
    outer loop
      vertex -18.6507 62.984 30
      vertex -18.5672 63.3172 0
      vertex -18.5672 63.3172 30
    endloop
  endfacet
  facet normal 0.970005 -0.243084 0
    outer loop
      vertex -18.5672 63.3172 0
      vertex -18.6507 62.984 30
      vertex -18.6507 62.984 0
    endloop
  endfacet
  facet normal 0.941557 -0.336853 0
    outer loop
      vertex -18.7664 62.6606 30
      vertex -18.6507 62.984 0
      vertex -18.6507 62.984 30
    endloop
  endfacet
  facet normal 0.941557 -0.336853 0
    outer loop
      vertex -18.6507 62.984 0
      vertex -18.7664 62.6606 30
      vertex -18.7664 62.6606 0
    endloop
  endfacet
  facet normal 0.903939 -0.427661 0
    outer loop
      vertex -18.9133 62.3501 30
      vertex -18.7664 62.6606 0
      vertex -18.7664 62.6606 30
    endloop
  endfacet
  facet normal 0.903939 -0.427661 0
    outer loop
      vertex -18.7664 62.6606 0
      vertex -18.9133 62.3501 30
      vertex -18.9133 62.3501 0
    endloop
  endfacet
  facet normal 0.857827 -0.513939 0
    outer loop
      vertex -19.0898 62.0555 30
      vertex -18.9133 62.3501 0
      vertex -18.9133 62.3501 30
    endloop
  endfacet
  facet normal 0.857827 -0.513939 0
    outer loop
      vertex -18.9133 62.3501 0
      vertex -19.0898 62.0555 30
      vertex -19.0898 62.0555 0
    endloop
  endfacet
  facet normal 0.803237 -0.595659 0
    outer loop
      vertex -19.2944 61.7796 30
      vertex -19.0898 62.0555 0
      vertex -19.0898 62.0555 30
    endloop
  endfacet
  facet normal 0.803237 -0.595659 0
    outer loop
      vertex -19.0898 62.0555 0
      vertex -19.2944 61.7796 30
      vertex -19.2944 61.7796 0
    endloop
  endfacet
  facet normal 0.740901 -0.671614 0
    outer loop
      vertex -19.5251 61.5251 30
      vertex -19.2944 61.7796 0
      vertex -19.2944 61.7796 30
    endloop
  endfacet
  facet normal 0.740901 -0.671614 0
    outer loop
      vertex -19.2944 61.7796 0
      vertex -19.5251 61.5251 30
      vertex -19.5251 61.5251 0
    endloop
  endfacet
  facet normal 0.671614 -0.740901 0
    outer loop
      vertex -19.7796 61.2944 0
      vertex -19.5251 61.5251 30
      vertex -19.7796 61.2944 30
    endloop
  endfacet
  facet normal 0.671614 -0.740901 0
    outer loop
      vertex -19.5251 61.5251 30
      vertex -19.7796 61.2944 0
      vertex -19.5251 61.5251 0
    endloop
  endfacet
  facet normal 0.595659 -0.803237 0
    outer loop
      vertex -20.0555 61.0898 0
      vertex -19.7796 61.2944 30
      vertex -20.0555 61.0898 30
    endloop
  endfacet
  facet normal 0.595659 -0.803237 0
    outer loop
      vertex -19.7796 61.2944 30
      vertex -20.0555 61.0898 0
      vertex -19.7796 61.2944 0
    endloop
  endfacet
  facet normal 0.513939 -0.857827 0
    outer loop
      vertex -20.3501 60.9133 0
      vertex -20.0555 61.0898 30
      vertex -20.3501 60.9133 30
    endloop
  endfacet
  facet normal 0.513939 -0.857827 0
    outer loop
      vertex -20.0555 61.0898 30
      vertex -20.3501 60.9133 0
      vertex -20.0555 61.0898 0
    endloop
  endfacet
  facet normal 0.427661 -0.903939 0
    outer loop
      vertex -20.6606 60.7664 0
      vertex -20.3501 60.9133 30
      vertex -20.6606 60.7664 30
    endloop
  endfacet
  facet normal 0.427661 -0.903939 0
    outer loop
      vertex -20.3501 60.9133 30
      vertex -20.6606 60.7664 0
      vertex -20.3501 60.9133 0
    endloop
  endfacet
  facet normal 0.336853 -0.941557 0
    outer loop
      vertex -20.984 60.6507 0
      vertex -20.6606 60.7664 30
      vertex -20.984 60.6507 30
    endloop
  endfacet
  facet normal 0.336853 -0.941557 0
    outer loop
      vertex -20.6606 60.7664 30
      vertex -20.984 60.6507 0
      vertex -20.6606 60.7664 0
    endloop
  endfacet
  facet normal 0.243084 -0.970005 0
    outer loop
      vertex -21.3172 60.5672 0
      vertex -20.984 60.6507 30
      vertex -21.3172 60.5672 30
    endloop
  endfacet
  facet normal 0.243084 -0.970005 0
    outer loop
      vertex -20.984 60.6507 30
      vertex -21.3172 60.5672 0
      vertex -20.984 60.6507 0
    endloop
  endfacet
  facet normal 0.14676 -0.989172 0
    outer loop
      vertex -21.6569 60.5168 0
      vertex -21.3172 60.5672 30
      vertex -21.6569 60.5168 30
    endloop
  endfacet
  facet normal 0.14676 -0.989172 0
    outer loop
      vertex -21.3172 60.5672 30
      vertex -21.6569 60.5168 0
      vertex -21.3172 60.5672 0
    endloop
  endfacet
  facet normal 0.0489067 -0.998803 0
    outer loop
      vertex -22 60.5 0
      vertex -21.6569 60.5168 30
      vertex -22 60.5 30
    endloop
  endfacet
  facet normal 0.0489067 -0.998803 0
    outer loop
      vertex -21.6569 60.5168 30
      vertex -22 60.5 0
      vertex -21.6569 60.5168 0
    endloop
  endfacet
  facet normal 0 -1 0
    outer loop
      vertex -39.8495 60.5 0
      vertex -22 60.5 30
      vertex -39.8495 60.5 30
    endloop
  endfacet
  facet normal 0 -1 -0
    outer loop
      vertex -22 60.5 30
      vertex -39.8495 60.5 0
      vertex -22 60.5 0
    endloop
  endfacet
  facet normal 0.0871622 -0.996194 0
    outer loop
      vertex -42.6988 60.2507 0
      vertex -39.8495 60.5 30
      vertex -42.6988 60.2507 30
    endloop
  endfacet
  facet normal 0.0871622 -0.996194 0
    outer loop
      vertex -39.8495 60.5 30
      vertex -42.6988 60.2507 0
      vertex -39.8495 60.5 0
    endloop
  endfacet
  facet normal 0.258797 -0.965932 0
    outer loop
      vertex -45.3055 59.5523 0
      vertex -42.6988 60.2507 30
      vertex -45.3055 59.5523 30
    endloop
  endfacet
  facet normal 0.258797 -0.965932 0
    outer loop
      vertex -42.6988 60.2507 30
      vertex -45.3055 59.5523 0
      vertex -42.6988 60.2507 0
    endloop
  endfacet
  facet normal 0.422634 -0.9063 0
    outer loop
      vertex -47.7319 58.4208 0
      vertex -45.3055 59.5523 30
      vertex -47.7319 58.4208 30
    endloop
  endfacet
  facet normal 0.422634 -0.9063 0
    outer loop
      vertex -45.3055 59.5523 30
      vertex -47.7319 58.4208 0
      vertex -45.3055 59.5523 0
    endloop
  endfacet
  facet normal 0.573559 -0.819164 0
    outer loop
      vertex -49.9512 56.8669 0
      vertex -47.7319 58.4208 30
      vertex -49.9512 56.8669 30
    endloop
  endfacet
  facet normal 0.573559 -0.819164 0
    outer loop
      vertex -47.7319 58.4208 30
      vertex -49.9512 56.8669 0
      vertex -47.7319 58.4208 0
    endloop
  endfacet
  facet normal 0.707107 -0.707107 0
    outer loop
      vertex -51.8669 54.9512 30
      vertex -49.9512 56.8669 0
      vertex -49.9512 56.8669 30
    endloop
  endfacet
  facet normal 0.707107 -0.707107 0
    outer loop
      vertex -49.9512 56.8669 0
      vertex -51.8669 54.9512 30
      vertex -51.8669 54.9512 0
    endloop
  endfacet
  facet normal 0.819164 -0.573559 0
    outer loop
      vertex -53.4208 52.7319 30
      vertex -51.8669 54.9512 0
      vertex -51.8669 54.9512 30
    endloop
  endfacet
  facet normal 0.819164 -0.573559 0
    outer loop
      vertex -51.8669 54.9512 0
      vertex -53.4208 52.7319 30
      vertex -53.4208 52.7319 0
    endloop
  endfacet
  facet normal 0.9063 -0.422634 0
    outer loop
      vertex -54.5523 50.3055 30
      vertex -53.4208 52.7319 0
      vertex -53.4208 52.7319 30
    endloop
  endfacet
  facet normal 0.9063 -0.422634 0
    outer loop
      vertex -53.4208 52.7319 0
      vertex -54.5523 50.3055 30
      vertex -54.5523 50.3055 0
    endloop
  endfacet
  facet normal 0.965932 -0.258797 0
    outer loop
      vertex -55.2507 47.6988 30
      vertex -54.5523 50.3055 0
      vertex -54.5523 50.3055 30
    endloop
  endfacet
  facet normal 0.965932 -0.258797 0
    outer loop
      vertex -54.5523 50.3055 0
      vertex -55.2507 47.6988 30
      vertex -55.2507 47.6988 0
    endloop
  endfacet
  facet normal 0.996195 -0.0871505 0
    outer loop
      vertex -55.4868 45 30
      vertex -55.2507 47.6988 0
      vertex -55.2507 47.6988 30
    endloop
  endfacet
  facet normal 0.996195 -0.0871505 0
    outer loop
      vertex -55.2507 47.6988 0
      vertex -55.4868 45 30
      vertex -55.4868 45 0
    endloop
  endfacet
  facet normal 0.996195 0.0871505 0
    outer loop
      vertex -55.2507 42.3012 30
      vertex -55.4868 45 0
      vertex -55.4868 45 30
    endloop
  endfacet
  facet normal 0.996195 0.0871505 0
    outer loop
      vertex -55.4868 45 0
      vertex -55.2507 42.3012 30
      vertex -55.2507 42.3012 0
    endloop
  endfacet
  facet normal 0.965932 0.258797 0
    outer loop
      vertex -54.5523 39.6945 30
      vertex -55.2507 42.3012 0
      vertex -55.2507 42.3012 30
    endloop
  endfacet
  facet normal 0.965932 0.258797 0
    outer loop
      vertex -55.2507 42.3012 0
      vertex -54.5523 39.6945 30
      vertex -54.5523 39.6945 0
    endloop
  endfacet
  facet normal 0.9063 0.422634 0
    outer loop
      vertex -53.4208 37.2681 30
      vertex -54.5523 39.6945 0
      vertex -54.5523 39.6945 30
    endloop
  endfacet
  facet normal 0.9063 0.422634 0
    outer loop
      vertex -54.5523 39.6945 0
      vertex -53.4208 37.2681 30
      vertex -53.4208 37.2681 0
    endloop
  endfacet
  facet normal 0.819164 0.573559 0
    outer loop
      vertex -51.8669 35.0488 30
      vertex -53.4208 37.2681 0
      vertex -53.4208 37.2681 30
    endloop
  endfacet
  facet normal 0.819164 0.573559 0
    outer loop
      vertex -53.4208 37.2681 0
      vertex -51.8669 35.0488 30
      vertex -51.8669 35.0488 0
    endloop
  endfacet
  facet normal 0.707107 0.707107 0
    outer loop
      vertex -49.9512 33.1331 30
      vertex -51.8669 35.0488 0
      vertex -51.8669 35.0488 30
    endloop
  endfacet
  facet normal 0.707107 0.707107 0
    outer loop
      vertex -51.8669 35.0488 0
      vertex -49.9512 33.1331 30
      vertex -49.9512 33.1331 0
    endloop
  endfacet
  facet normal 0.573559 0.819164 -0
    outer loop
      vertex -47.7319 31.5792 0
      vertex -49.9512 33.1331 30
      vertex -47.7319 31.5792 30
    endloop
  endfacet
  facet normal 0.573559 0.819164 0
    outer loop
      vertex -49.9512 33.1331 30
      vertex -47.7319 31.5792 0
      vertex -49.9512 33.1331 0
    endloop
  endfacet
  facet normal 0.422634 0.9063 -0
    outer loop
      vertex -45.3055 30.4477 0
      vertex -47.7319 31.5792 30
      vertex -45.3055 30.4477 30
    endloop
  endfacet
  facet normal 0.422634 0.9063 0
    outer loop
      vertex -47.7319 31.5792 30
      vertex -45.3055 30.4477 0
      vertex -47.7319 31.5792 0
    endloop
  endfacet
  facet normal 0.258797 0.965932 -0
    outer loop
      vertex -42.6988 29.7493 0
      vertex -45.3055 30.4477 30
      vertex -42.6988 29.7493 30
    endloop
  endfacet
  facet normal 0.258797 0.965932 0
    outer loop
      vertex -45.3055 30.4477 30
      vertex -42.6988 29.7493 0
      vertex -45.3055 30.4477 0
    endloop
  endfacet
  facet normal 0.0871683 0.996194 -0
    outer loop
      vertex -39.8497 29.5 0
      vertex -42.6988 29.7493 30
      vertex -39.8497 29.5 30
    endloop
  endfacet
  facet normal 0.0871683 0.996194 0
    outer loop
      vertex -42.6988 29.7493 30
      vertex -39.8497 29.5 0
      vertex -42.6988 29.7493 0
    endloop
  endfacet
  facet normal 0 1 -0
    outer loop
      vertex -6 29.5 0
      vertex -39.8497 29.5 30
      vertex -6 29.5 30
    endloop
  endfacet
  facet normal 0 1 0
    outer loop
      vertex -39.8497 29.5 30
      vertex -6 29.5 0
      vertex -39.8497 29.5 0
    endloop
  endfacet
  facet normal -1 0 0
    outer loop
      vertex -6 29.5 0
      vertex -6 32 30
      vertex -6 32 0
    endloop
  endfacet
  facet normal -1 -0 0
    outer loop
      vertex -6 32 30
      vertex -6 29.5 0
      vertex -6 29.5 30
    endloop
  endfacet
  facet normal -0.998795 0.0490735 0
    outer loop
      vertex -6 32 0
      vertex -5.99037 32.196 30
      vertex -5.99037 32.196 0
    endloop
  endfacet
  facet normal -0.998795 0.0490735 0
    outer loop
      vertex -5.99037 32.196 30
      vertex -6 32 0
      vertex -6 32 30
    endloop
  endfacet
  facet normal -0.989174 0.146746 0
    outer loop
      vertex -5.99037 32.196 0
      vertex -5.96156 32.3902 30
      vertex -5.96156 32.3902 0
    endloop
  endfacet
  facet normal -0.989174 0.146746 0
    outer loop
      vertex -5.96156 32.3902 30
      vertex -5.99037 32.196 0
      vertex -5.99037 32.196 30
    endloop
  endfacet
  facet normal -0.970047 0.242919 0
    outer loop
      vertex -5.96156 32.3902 0
      vertex -5.91388 32.5806 30
      vertex -5.91388 32.5806 0
    endloop
  endfacet
  facet normal -0.970047 0.242919 0
    outer loop
      vertex -5.91388 32.5806 30
      vertex -5.96156 32.3902 0
      vertex -5.96156 32.3902 30
    endloop
  endfacet
  facet normal -0.941548 0.336879 0
    outer loop
      vertex -5.91388 32.5806 0
      vertex -5.84776 32.7654 30
      vertex -5.84776 32.7654 0
    endloop
  endfacet
  facet normal -0.941548 0.336879 0
    outer loop
      vertex -5.84776 32.7654 30
      vertex -5.91388 32.5806 0
      vertex -5.91388 32.5806 30
    endloop
  endfacet
  facet normal -0.903958 0.427622 0
    outer loop
      vertex -5.84776 32.7654 0
      vertex -5.76384 32.9428 30
      vertex -5.76384 32.9428 0
    endloop
  endfacet
  facet normal -0.903958 0.427622 0
    outer loop
      vertex -5.76384 32.9428 30
      vertex -5.84776 32.7654 0
      vertex -5.84776 32.7654 30
    endloop
  endfacet
  facet normal -0.85765 0.514233 0
    outer loop
      vertex -5.76384 32.9428 0
      vertex -5.66293 33.1111 30
      vertex -5.66293 33.1111 0
    endloop
  endfacet
  facet normal -0.85765 0.514233 0
    outer loop
      vertex -5.66293 33.1111 30
      vertex -5.76384 32.9428 0
      vertex -5.76384 32.9428 30
    endloop
  endfacet
  facet normal -0.803325 0.595541 0
    outer loop
      vertex -5.66293 33.1111 0
      vertex -5.54602 33.2688 30
      vertex -5.54602 33.2688 0
    endloop
  endfacet
  facet normal -0.803325 0.595541 0
    outer loop
      vertex -5.54602 33.2688 30
      vertex -5.66293 33.1111 0
      vertex -5.66293 33.1111 30
    endloop
  endfacet
  facet normal -0.740908 0.671607 0
    outer loop
      vertex -5.54602 33.2688 0
      vertex -5.41422 33.4142 30
      vertex -5.41422 33.4142 0
    endloop
  endfacet
  facet normal -0.740908 0.671607 0
    outer loop
      vertex -5.41422 33.4142 30
      vertex -5.54602 33.2688 0
      vertex -5.54602 33.2688 30
    endloop
  endfacet
  facet normal -0.671505 0.741 0
    outer loop
      vertex -5.26878 33.546 0
      vertex -5.41422 33.4142 30
      vertex -5.26878 33.546 30
    endloop
  endfacet
  facet normal -0.671505 0.741 0
    outer loop
      vertex -5.41422 33.4142 30
      vertex -5.26878 33.546 0
      vertex -5.41422 33.4142 0
    endloop
  endfacet
  facet normal -0.595678 0.803223 0
    outer loop
      vertex -5.11115 33.6629 0
      vertex -5.26878 33.546 30
      vertex -5.11115 33.6629 30
    endloop
  endfacet
  facet normal -0.595678 0.803223 0
    outer loop
      vertex -5.26878 33.546 30
      vertex -5.11115 33.6629 0
      vertex -5.26878 33.546 0
    endloop
  endfacet
  facet normal -0.514061 0.857754 0
    outer loop
      vertex -4.94279 33.7638 0
      vertex -5.11115 33.6629 30
      vertex -4.94279 33.7638 30
    endloop
  endfacet
  facet normal -0.514061 0.857754 0
    outer loop
      vertex -5.11115 33.6629 30
      vertex -4.94279 33.7638 0
      vertex -5.11115 33.6629 0
    endloop
  endfacet
  facet normal -0.427916 0.903819 0
    outer loop
      vertex -4.76537 33.8478 0
      vertex -4.94279 33.7638 30
      vertex -4.76537 33.8478 30
    endloop
  endfacet
  facet normal -0.427916 0.903819 0
    outer loop
      vertex -4.94279 33.7638 30
      vertex -4.76537 33.8478 0
      vertex -4.94279 33.7638 0
    endloop
  endfacet
  facet normal -0.336788 0.94158 0
    outer loop
      vertex -4.58057 33.9139 0
      vertex -4.76537 33.8478 30
      vertex -4.58057 33.9139 30
    endloop
  endfacet
  facet normal -0.336788 0.94158 0
    outer loop
      vertex -4.76537 33.8478 30
      vertex -4.58057 33.9139 0
      vertex -4.76537 33.8478 0
    endloop
  endfacet
  facet normal -0.243027 0.970019 0
    outer loop
      vertex -4.39018 33.9616 0
      vertex -4.58057 33.9139 30
      vertex -4.39018 33.9616 30
    endloop
  endfacet
  facet normal -0.243027 0.970019 0
    outer loop
      vertex -4.58057 33.9139 30
      vertex -4.39018 33.9616 0
      vertex -4.58057 33.9139 0
    endloop
  endfacet
  facet normal -0.146733 0.989176 0
    outer loop
      vertex -4.19603 33.9904 0
      vertex -4.39018 33.9616 30
      vertex -4.19603 33.9904 30
    endloop
  endfacet
  facet normal -0.146733 0.989176 0
    outer loop
      vertex -4.39018 33.9616 30
      vertex -4.19603 33.9904 0
      vertex -4.39018 33.9616 0
    endloop
  endfacet
  facet normal -0.0489135 0.998803 0
    outer loop
      vertex -4 34 0
      vertex -4.19603 33.9904 30
      vertex -4 34 30
    endloop
  endfacet
  facet normal -0.0489135 0.998803 0
    outer loop
      vertex -4.19603 33.9904 30
      vertex -4 34 0
      vertex -4.19603 33.9904 0
    endloop
  endfacet
  facet normal 0 1 -0
    outer loop
      vertex -2 34 0
      vertex -4 34 30
      vertex -2 34 30
    endloop
  endfacet
  facet normal 0 1 0
    outer loop
      vertex -4 34 30
      vertex -2 34 0
      vertex -4 34 0
    endloop
  endfacet
  facet normal 0.0489135 0.998803 -0
    outer loop
      vertex -1.80397 33.9904 0
      vertex -2 34 30
      vertex -1.80397 33.9904 30
    endloop
  endfacet
  facet normal 0.0489135 0.998803 0
    outer loop
      vertex -2 34 30
      vertex -1.80397 33.9904 0
      vertex -2 34 0
    endloop
  endfacet
  facet normal 0.146733 0.989176 -0
    outer loop
      vertex -1.60982 33.9616 0
      vertex -1.80397 33.9904 30
      vertex -1.60982 33.9616 30
    endloop
  endfacet
  facet normal 0.146733 0.989176 0
    outer loop
      vertex -1.80397 33.9904 30
      vertex -1.60982 33.9616 0
      vertex -1.80397 33.9904 0
    endloop
  endfacet
  facet normal 0.243027 0.970019 -0
    outer loop
      vertex -1.41943 33.9139 0
      vertex -1.60982 33.9616 30
      vertex -1.41943 33.9139 30
    endloop
  endfacet
  facet normal 0.243027 0.970019 0
    outer loop
      vertex -1.60982 33.9616 30
      vertex -1.41943 33.9139 0
      vertex -1.60982 33.9616 0
    endloop
  endfacet
  facet normal 0.336788 0.94158 -0
    outer loop
      vertex -1.23463 33.8478 0
      vertex -1.41943 33.9139 30
      vertex -1.23463 33.8478 30
    endloop
  endfacet
  facet normal 0.336788 0.94158 0
    outer loop
      vertex -1.41943 33.9139 30
      vertex -1.23463 33.8478 0
      vertex -1.41943 33.9139 0
    endloop
  endfacet
  facet normal 0.427916 0.903819 -0
    outer loop
      vertex -1.05721 33.7638 0
      vertex -1.23463 33.8478 30
      vertex -1.05721 33.7638 30
    endloop
  endfacet
  facet normal 0.427916 0.903819 0
    outer loop
      vertex -1.23463 33.8478 30
      vertex -1.05721 33.7638 0
      vertex -1.23463 33.8478 0
    endloop
  endfacet
  facet normal 0.514072 0.857747 -0
    outer loop
      vertex -0.888855 33.6629 0
      vertex -1.05721 33.7638 30
      vertex -0.888855 33.6629 30
    endloop
  endfacet
  facet normal 0.514072 0.857747 0
    outer loop
      vertex -1.05721 33.7638 30
      vertex -0.888855 33.6629 0
      vertex -1.05721 33.7638 0
    endloop
  endfacet
  facet normal 0.595656 0.803239 -0
    outer loop
      vertex -0.731216 33.546 0
      vertex -0.888855 33.6629 30
      vertex -0.731216 33.546 30
    endloop
  endfacet
  facet normal 0.595656 0.803239 0
    outer loop
      vertex -0.888855 33.6629 30
      vertex -0.731216 33.546 0
      vertex -0.888855 33.6629 0
    endloop
  endfacet
  facet normal 0.671528 0.740979 -0
    outer loop
      vertex -0.585785 33.4142 0
      vertex -0.731216 33.546 30
      vertex -0.585785 33.4142 30
    endloop
  endfacet
  facet normal 0.671528 0.740979 0
    outer loop
      vertex -0.731216 33.546 30
      vertex -0.585785 33.4142 0
      vertex -0.731216 33.546 0
    endloop
  endfacet
  facet normal 0.740892 0.671624 0
    outer loop
      vertex -0.453979 33.2688 30
      vertex -0.585785 33.4142 0
      vertex -0.585785 33.4142 30
    endloop
  endfacet
  facet normal 0.740892 0.671624 0
    outer loop
      vertex -0.585785 33.4142 0
      vertex -0.453979 33.2688 30
      vertex -0.453979 33.2688 0
    endloop
  endfacet
  facet normal 0.80332 0.595547 0
    outer loop
      vertex -0.337067 33.1111 30
      vertex -0.453979 33.2688 0
      vertex -0.453979 33.2688 30
    endloop
  endfacet
  facet normal 0.80332 0.595547 0
    outer loop
      vertex -0.453979 33.2688 0
      vertex -0.337067 33.1111 30
      vertex -0.337067 33.1111 0
    endloop
  endfacet
  facet normal 0.857657 0.514222 0
    outer loop
      vertex -0.23616 32.9428 30
      vertex -0.337067 33.1111 0
      vertex -0.337067 33.1111 30
    endloop
  endfacet
  facet normal 0.857657 0.514222 0
    outer loop
      vertex -0.337067 33.1111 0
      vertex -0.23616 32.9428 30
      vertex -0.23616 32.9428 0
    endloop
  endfacet
  facet normal 0.903952 0.427634 0
    outer loop
      vertex -0.152237 32.7654 30
      vertex -0.23616 32.9428 0
      vertex -0.23616 32.9428 30
    endloop
  endfacet
  facet normal 0.903952 0.427634 0
    outer loop
      vertex -0.23616 32.9428 0
      vertex -0.152237 32.7654 30
      vertex -0.152237 32.7654 0
    endloop
  endfacet
  facet normal 0.941554 0.336862 0
    outer loop
      vertex -0.0861206 32.5806 30
      vertex -0.152237 32.7654 0
      vertex -0.152237 32.7654 30
    endloop
  endfacet
  facet normal 0.941554 0.336862 0
    outer loop
      vertex -0.152237 32.7654 0
      vertex -0.0861206 32.5806 30
      vertex -0.0861206 32.5806 0
    endloop
  endfacet
  facet normal 0.970042 0.242937 0
    outer loop
      vertex -0.0384369 32.3902 30
      vertex -0.0861206 32.5806 0
      vertex -0.0861206 32.5806 30
    endloop
  endfacet
  facet normal 0.970042 0.242937 0
    outer loop
      vertex -0.0861206 32.5806 0
      vertex -0.0384369 32.3902 30
      vertex -0.0384369 32.3902 0
    endloop
  endfacet
  facet normal 0.989175 0.146739 0
    outer loop
      vertex -0.0096283 32.196 30
      vertex -0.0384369 32.3902 0
      vertex -0.0384369 32.3902 30
    endloop
  endfacet
  facet normal 0.989175 0.146739 0
    outer loop
      vertex -0.0384369 32.3902 0
      vertex -0.0096283 32.196 30
      vertex -0.0096283 32.196 0
    endloop
  endfacet
  facet normal 0.998796 0.0490648 0
    outer loop
      vertex 0 32 30
      vertex -0.0096283 32.196 0
      vertex -0.0096283 32.196 30
    endloop
  endfacet
  facet normal 0.998796 0.0490648 0
    outer loop
      vertex -0.0096283 32.196 0
      vertex 0 32 30
      vertex 0 32 0
    endloop
  endfacet
  facet normal 1 -0 0
    outer loop
      vertex 0 27.7946 30
      vertex 0 32 0
      vertex 0 32 30
    endloop
  endfacet
  facet normal 1 0 0
    outer loop
      vertex 0 32 0
      vertex 0 27.7946 30
      vertex 0 27.7946 0
    endloop
  endfacet
  facet normal 0.857766 0.514041 0
    outer loop
      vertex 0.0867157 27.6499 30
      vertex 0 27.7946 0
      vertex 0 27.7946 30
    endloop
  endfacet
  facet normal 0.857766 0.514041 0
    outer loop
      vertex 0 27.7946 0
      vertex 0.0867157 27.6499 30
      vertex 0.0867157 27.6499 0
    endloop
  endfacet
  facet normal 0.903995 0.427543 0
    outer loop
      vertex 0.233566 27.3394 30
      vertex 0.0867157 27.6499 0
      vertex 0.0867157 27.6499 30
    endloop
  endfacet
  facet normal 0.903995 0.427543 0
    outer loop
      vertex 0.0867157 27.6499 0
      vertex 0.233566 27.3394 30
      vertex 0.233566 27.3394 0
    endloop
  endfacet
  facet normal 0.941536 0.336912 0
    outer loop
      vertex 0.349289 27.016 30
      vertex 0.233566 27.3394 0
      vertex 0.233566 27.3394 30
    endloop
  endfacet
  facet normal 0.941536 0.336912 0
    outer loop
      vertex 0.233566 27.3394 0
      vertex 0.349289 27.016 30
      vertex 0.349289 27.016 0
    endloop
  endfacet
  facet normal 0.97004 0.242947 0
    outer loop
      vertex 0.432739 26.6828 30
      vertex 0.349289 27.016 0
      vertex 0.349289 27.016 30
    endloop
  endfacet
  facet normal 0.97004 0.242947 0
    outer loop
      vertex 0.349289 27.016 0
      vertex 0.432739 26.6828 30
      vertex 0.432739 26.6828 0
    endloop
  endfacet
  facet normal 0.989178 0.146717 0
    outer loop
      vertex 0.483139 26.343 30
      vertex 0.432739 26.6828 0
      vertex 0.432739 26.6828 30
    endloop
  endfacet
  facet normal 0.989178 0.146717 0
    outer loop
      vertex 0.432739 26.6828 0
      vertex 0.483139 26.343 30
      vertex 0.483139 26.343 0
    endloop
  endfacet
  facet normal 0.998794 0.0490981 0
    outer loop
      vertex 0.5 26 30
      vertex 0.483139 26.343 0
      vertex 0.483139 26.343 30
    endloop
  endfacet
  facet normal 0.998794 0.0490981 0
    outer loop
      vertex 0.483139 26.343 0
      vertex 0.5 26 30
      vertex 0.5 26 0
    endloop
  endfacet
  facet normal 0.998795 -0.0490839 0
    outer loop
      vertex 0.483139 25.6569 30
      vertex 0.5 26 0
      vertex 0.5 26 30
    endloop
  endfacet
  facet normal 0.998795 -0.0490839 0
    outer loop
      vertex 0.5 26 0
      vertex 0.483139 25.6569 30
      vertex 0.483139 25.6569 0
    endloop
  endfacet
  facet normal 0.989172 -0.14676 0
    outer loop
      vertex 0.432739 25.3172 30
      vertex 0.483139 25.6569 0
      vertex 0.483139 25.6569 30
    endloop
  endfacet
  facet normal 0.989172 -0.14676 0
    outer loop
      vertex 0.483139 25.6569 0
      vertex 0.432739 25.3172 30
      vertex 0.432739 25.3172 0
    endloop
  endfacet
  facet normal 0.97004 -0.242947 0
    outer loop
      vertex 0.349289 24.984 30
      vertex 0.432739 25.3172 0
      vertex 0.432739 25.3172 30
    endloop
  endfacet
  facet normal 0.97004 -0.242947 0
    outer loop
      vertex 0.432739 25.3172 0
      vertex 0.349289 24.984 30
      vertex 0.349289 24.984 0
    endloop
  endfacet
  facet normal 0.941536 -0.336912 0
    outer loop
      vertex 0.233566 24.6606 30
      vertex 0.349289 24.984 0
      vertex 0.349289 24.984 30
    endloop
  endfacet
  facet normal 0.941536 -0.336912 0
    outer loop
      vertex 0.349289 24.984 0
      vertex 0.233566 24.6606 30
      vertex 0.233566 24.6606 0
    endloop
  endfacet
  facet normal 0.903995 -0.427543 0
    outer loop
      vertex 0.0867157 24.3501 30
      vertex 0.233566 24.6606 0
      vertex 0.233566 24.6606 30
    endloop
  endfacet
  facet normal 0.903995 -0.427543 0
    outer loop
      vertex 0.233566 24.6606 0
      vertex 0.0867157 24.3501 30
      vertex 0.0867157 24.3501 0
    endloop
  endfacet
  facet normal 0.857766 -0.514041 0
    outer loop
      vertex 0 24.2054 30
      vertex 0.0867157 24.3501 0
      vertex 0.0867157 24.3501 30
    endloop
  endfacet
  facet normal 0.857766 -0.514041 0
    outer loop
      vertex 0.0867157 24.3501 0
      vertex 0 24.2054 30
      vertex 0 24.2054 0
    endloop
  endfacet
  facet normal 1 0 0
    outer loop
      vertex 0 24.2054 30
      vertex 0 17.5 15
      vertex 0 24.2054 0
    endloop
  endfacet
  facet normal 1 0 0
    outer loop
      vertex 0 24.2054 30
      vertex 0 17.488 15.245
      vertex 0 17.5 15
    endloop
  endfacet
  facet normal 1 0 0
    outer loop
      vertex 0 24.2054 30
      vertex 0 17.452 15.4877
      vertex 0 17.488 15.245
    endloop
  endfacet
  facet normal 1 0 0
    outer loop
      vertex 0 24.2054 30
      vertex 0 17.3923 15.7257
      vertex 0 17.452 15.4877
    endloop
  endfacet
  facet normal 1 0 0
    outer loop
      vertex 0 24.2054 30
      vertex 0 17.3097 15.9567
      vertex 0 17.3923 15.7257
    endloop
  endfacet
  facet normal 1 0 0
    outer loop
      vertex 0 24.2054 30
      vertex 0 17.2048 16.1785
      vertex 0 17.3097 15.9567
    endloop
  endfacet
  facet normal 1 0 0
    outer loop
      vertex 0 24.2054 30
      vertex 0 17.0787 16.3889
      vertex 0 17.2048 16.1785
    endloop
  endfacet
  facet normal 1 0 0
    outer loop
      vertex 0 24.2054 30
      vertex 0 16.9325 16.586
      vertex 0 17.0787 16.3889
    endloop
  endfacet
  facet normal 1 0 0
    outer loop
      vertex 0 24.2054 30
      vertex 0 16.7678 16.7678
      vertex 0 16.9325 16.586
    endloop
  endfacet
  facet normal 1 0 0
    outer loop
      vertex 0 24.2054 30
      vertex 0 16.586 16.9325
      vertex 0 16.7678 16.7678
    endloop
  endfacet
  facet normal 1 0 0
    outer loop
      vertex 0 24.2054 30
      vertex 0 16.3889 17.0787
      vertex 0 16.586 16.9325
    endloop
  endfacet
  facet normal 1 0 0
    outer loop
      vertex 0 24.2054 30
      vertex 0 16.1785 17.2048
      vertex 0 16.3889 17.0787
    endloop
  endfacet
  facet normal 1 0 0
    outer loop
      vertex 0 24.2054 30
      vertex 0 15.9567 17.3097
      vertex 0 16.1785 17.2048
    endloop
  endfacet
  facet normal 1 0 0
    outer loop
      vertex 0 24.2054 30
      vertex 0 15.7257 17.3923
      vertex 0 15.9567 17.3097
    endloop
  endfacet
  facet normal 1 0 0
    outer loop
      vertex 0 24.2054 30
      vertex 0 15.4877 17.452
      vertex 0 15.7257 17.3923
    endloop
  endfacet
  facet normal 1 0 0
    outer loop
      vertex 0 24.2054 30
      vertex 0 15.245 17.488
      vertex 0 15.4877 17.452
    endloop
  endfacet
  facet normal 1 0 0
    outer loop
      vertex 0 24.2054 30
      vertex 0 15 17.5
      vertex 0 15.245 17.488
    endloop
  endfacet
  facet normal 1 0 0
    outer loop
      vertex 0 24.2054 30
      vertex 0 14.755 17.488
      vertex 0 15 17.5
    endloop
  endfacet
  facet normal 1 -0 0
    outer loop
      vertex 0 2 30
      vertex 0 14.755 17.488
      vertex 0 24.2054 30
    endloop
  endfacet
  facet normal 1 0 0
    outer loop
      vertex 0 14.755 17.488
      vertex 0 2 30
      vertex 0 14.5123 17.452
    endloop
  endfacet
  facet normal 1 0 0
    outer loop
      vertex 0 14.5123 17.452
      vertex 0 2 30
      vertex 0 14.2743 17.3923
    endloop
  endfacet
  facet normal 1 0 0
    outer loop
      vertex 0 14.2743 17.3923
      vertex 0 2 30
      vertex 0 14.0433 17.3097
    endloop
  endfacet
  facet normal 1 0 0
    outer loop
      vertex 0 14.0433 17.3097
      vertex 0 2 30
      vertex 0 13.8215 17.2048
    endloop
  endfacet
  facet normal 1 0 0
    outer loop
      vertex 0 13.8215 17.2048
      vertex 0 2 30
      vertex 0 13.6111 17.0787
    endloop
  endfacet
  facet normal 1 0 0
    outer loop
      vertex 0 13.6111 17.0787
      vertex 0 2 30
      vertex 0 13.414 16.9325
    endloop
  endfacet
  facet normal 1 0 0
    outer loop
      vertex 0 13.414 16.9325
      vertex 0 2 30
      vertex 0 13.2322 16.7678
    endloop
  endfacet
  facet normal 1 0 0
    outer loop
      vertex 0 12.512 15.245
      vertex 0 2 30
      vertex 0 12.5 15
    endloop
  endfacet
  facet normal 1 0 0
    outer loop
      vertex 0 12.548 15.4877
      vertex 0 2 30
      vertex 0 12.512 15.245
    endloop
  endfacet
  facet normal 1 0 0
    outer loop
      vertex 0 12.6076 15.7257
      vertex 0 2 30
      vertex 0 12.548 15.4877
    endloop
  endfacet
  facet normal 1 0 0
    outer loop
      vertex 0 12.6903 15.9567
      vertex 0 2 30
      vertex 0 12.6076 15.7257
    endloop
  endfacet
  facet normal 1 0 0
    outer loop
      vertex 0 12.7952 16.1785
      vertex 0 2 30
      vertex 0 12.6903 15.9567
    endloop
  endfacet
  facet normal 1 0 0
    outer loop
      vertex 0 12.9213 16.3889
      vertex 0 2 30
      vertex 0 12.7952 16.1785
    endloop
  endfacet
  facet normal 1 0 0
    outer loop
      vertex 0 13.0675 16.586
      vertex 0 2 30
      vertex 0 12.9213 16.3889
    endloop
  endfacet
  facet normal 1 0 0
    outer loop
      vertex 0 13.2322 16.7678
      vertex 0 2 30
      vertex 0 13.0675 16.586
    endloop
  endfacet
  facet normal 1 -0 0
    outer loop
      vertex 0 17.488 14.755
      vertex 0 24.2054 0
      vertex 0 17.5 15
    endloop
  endfacet
  facet normal 1 -0 0
    outer loop
      vertex 0 17.452 14.5123
      vertex 0 24.2054 0
      vertex 0 17.488 14.755
    endloop
  endfacet
  facet normal 1 -0 0
    outer loop
      vertex 0 17.3923 14.2743
      vertex 0 24.2054 0
      vertex 0 17.452 14.5123
    endloop
  endfacet
  facet normal 1 -0 0
    outer loop
      vertex 0 17.3097 14.0433
      vertex 0 24.2054 0
      vertex 0 17.3923 14.2743
    endloop
  endfacet
  facet normal 1 -0 0
    outer loop
      vertex 0 17.2048 13.8215
      vertex 0 24.2054 0
      vertex 0 17.3097 14.0433
    endloop
  endfacet
  facet normal 1 -0 0
    outer loop
      vertex 0 17.0787 13.6111
      vertex 0 24.2054 0
      vertex 0 17.2048 13.8215
    endloop
  endfacet
  facet normal 1 -0 0
    outer loop
      vertex 0 16.9325 13.414
      vertex 0 24.2054 0
      vertex 0 17.0787 13.6111
    endloop
  endfacet
  facet normal 1 -0 0
    outer loop
      vertex 0 16.7678 13.2322
      vertex 0 24.2054 0
      vertex 0 16.9325 13.414
    endloop
  endfacet
  facet normal 1 -0 0
    outer loop
      vertex 0 16.586 13.0675
      vertex 0 24.2054 0
      vertex 0 16.7678 13.2322
    endloop
  endfacet
  facet normal 1 -0 0
    outer loop
      vertex 0 16.3889 12.9213
      vertex 0 24.2054 0
      vertex 0 16.586 13.0675
    endloop
  endfacet
  facet normal 1 -0 0
    outer loop
      vertex 0 16.1785 12.7952
      vertex 0 24.2054 0
      vertex 0 16.3889 12.9213
    endloop
  endfacet
  facet normal 1 -0 0
    outer loop
      vertex 0 15.9567 12.6903
      vertex 0 24.2054 0
      vertex 0 16.1785 12.7952
    endloop
  endfacet
  facet normal 1 -0 0
    outer loop
      vertex 0 15.7257 12.6076
      vertex 0 24.2054 0
      vertex 0 15.9567 12.6903
    endloop
  endfacet
  facet normal 1 -0 0
    outer loop
      vertex 0 15.4877 12.548
      vertex 0 24.2054 0
      vertex 0 15.7257 12.6076
    endloop
  endfacet
  facet normal 1 -0 0
    outer loop
      vertex 0 15.245 12.512
      vertex 0 24.2054 0
      vertex 0 15.4877 12.548
    endloop
  endfacet
  facet normal 1 -0 0
    outer loop
      vertex 0 15 12.5
      vertex 0 24.2054 0
      vertex 0 15.245 12.512
    endloop
  endfacet
  facet normal 1 0 0
    outer loop
      vertex 0 14.755 12.512
      vertex 0 24.2054 0
      vertex 0 15 12.5
    endloop
  endfacet
  facet normal 1 0 0
    outer loop
      vertex 0 2 0
      vertex 0 14.755 12.512
      vertex 0 14.5123 12.548
    endloop
  endfacet
  facet normal 1 0 0
    outer loop
      vertex 0 2 0
      vertex 0 14.5123 12.548
      vertex 0 14.2743 12.6076
    endloop
  endfacet
  facet normal 1 0 0
    outer loop
      vertex 0 2 0
      vertex 0 14.2743 12.6076
      vertex 0 14.0433 12.6903
    endloop
  endfacet
  facet normal 1 0 0
    outer loop
      vertex 0 2 0
      vertex 0 14.0433 12.6903
      vertex 0 13.8215 12.7952
    endloop
  endfacet
  facet normal 1 0 0
    outer loop
      vertex 0 2 0
      vertex 0 13.8215 12.7952
      vertex 0 13.6111 12.9213
    endloop
  endfacet
  facet normal 1 0 0
    outer loop
      vertex 0 2 0
      vertex 0 13.6111 12.9213
      vertex 0 13.414 13.0675
    endloop
  endfacet
  facet normal 1 0 0
    outer loop
      vertex 0 2 0
      vertex 0 13.414 13.0675
      vertex 0 13.2322 13.2322
    endloop
  endfacet
  facet normal 1 0 0
    outer loop
      vertex 0 2 0
      vertex 0 13.2322 13.2322
      vertex 0 13.0675 13.414
    endloop
  endfacet
  facet normal 1 0 0
    outer loop
      vertex 0 2 0
      vertex 0 12.5 15
      vertex 0 2 30
    endloop
  endfacet
  facet normal 1 0 0
    outer loop
      vertex 0 12.5 15
      vertex 0 2 0
      vertex 0 12.512 14.755
    endloop
  endfacet
  facet normal 1 0 0
    outer loop
      vertex 0 12.512 14.755
      vertex 0 2 0
      vertex 0 12.548 14.5123
    endloop
  endfacet
  facet normal 1 0 0
    outer loop
      vertex 0 12.548 14.5123
      vertex 0 2 0
      vertex 0 12.6076 14.2743
    endloop
  endfacet
  facet normal 1 0 0
    outer loop
      vertex 0 12.6076 14.2743
      vertex 0 2 0
      vertex 0 12.6903 14.0433
    endloop
  endfacet
  facet normal 1 0 0
    outer loop
      vertex 0 12.6903 14.0433
      vertex 0 2 0
      vertex 0 12.7952 13.8215
    endloop
  endfacet
  facet normal 1 0 0
    outer loop
      vertex 0 14.755 12.512
      vertex 0 2 0
      vertex 0 24.2054 0
    endloop
  endfacet
  facet normal 1 0 0
    outer loop
      vertex 0 12.9213 13.6111
      vertex 0 2 0
      vertex 0 13.0675 13.414
    endloop
  endfacet
  facet normal 1 0 0
    outer loop
      vertex 0 12.7952 13.8215
      vertex 0 2 0
      vertex 0 12.9213 13.6111
    endloop
  endfacet
  facet normal 0.998796 -0.0490573 0
    outer loop
      vertex -0.0096283 1.80397 30
      vertex 0 2 0
      vertex 0 2 30
    endloop
  endfacet
  facet normal 0.998796 -0.0490573 0
    outer loop
      vertex 0 2 0
      vertex -0.0096283 1.80397 30
      vertex -0.0096283 1.80397 0
    endloop
  endfacet
  facet normal 0.98917 -0.146776 0
    outer loop
      vertex -0.0384369 1.60982 30
      vertex -0.0096283 1.80397 0
      vertex -0.0096283 1.80397 30
    endloop
  endfacet
  facet normal 0.98917 -0.146776 0
    outer loop
      vertex -0.0096283 1.80397 0
      vertex -0.0384369 1.60982 30
      vertex -0.0384369 1.60982 0
    endloop
  endfacet
  facet normal 0.970039 -0.242949 0
    outer loop
      vertex -0.0861206 1.41943 30
      vertex -0.0384369 1.60982 0
      vertex -0.0384369 1.60982 30
    endloop
  endfacet
  facet normal 0.970039 -0.242949 0
    outer loop
      vertex -0.0384369 1.60982 0
      vertex -0.0861206 1.41943 30
      vertex -0.0861206 1.41943 0
    endloop
  endfacet
  facet normal 0.941554 -0.336862 0
    outer loop
      vertex -0.152237 1.23463 30
      vertex -0.0861206 1.41943 0
      vertex -0.0861206 1.41943 30
    endloop
  endfacet
  facet normal 0.941554 -0.336862 0
    outer loop
      vertex -0.0861206 1.41943 0
      vertex -0.152237 1.23463 30
      vertex -0.152237 1.23463 0
    endloop
  endfacet
  facet normal 0.90397 -0.427595 0
    outer loop
      vertex -0.23616 1.05721 30
      vertex -0.152237 1.23463 0
      vertex -0.152237 1.23463 30
    endloop
  endfacet
  facet normal 0.90397 -0.427595 0
    outer loop
      vertex -0.152237 1.23463 0
      vertex -0.23616 1.05721 30
      vertex -0.23616 1.05721 0
    endloop
  endfacet
  facet normal 0.857731 -0.514099 0
    outer loop
      vertex -0.337067 0.888855 30
      vertex -0.23616 1.05721 0
      vertex -0.23616 1.05721 30
    endloop
  endfacet
  facet normal 0.857731 -0.514099 0
    outer loop
      vertex -0.23616 1.05721 0
      vertex -0.337067 0.888855 30
      vertex -0.337067 0.888855 0
    endloop
  endfacet
  facet normal 0.80321 -0.595696 0
    outer loop
      vertex -0.453979 0.731216 30
      vertex -0.337067 0.888855 0
      vertex -0.337067 0.888855 30
    endloop
  endfacet
  facet normal 0.80321 -0.595696 0
    outer loop
      vertex -0.337067 0.888855 0
      vertex -0.453979 0.731216 30
      vertex -0.453979 0.731216 0
    endloop
  endfacet
  facet normal 0.740964 -0.671545 0
    outer loop
      vertex -0.585785 0.585785 30
      vertex -0.453979 0.731216 0
      vertex -0.453979 0.731216 30
    endloop
  endfacet
  facet normal 0.740964 -0.671545 0
    outer loop
      vertex -0.453979 0.731216 0
      vertex -0.585785 0.585785 30
      vertex -0.585785 0.585785 0
    endloop
  endfacet
  facet normal 0.671545 -0.740964 0
    outer loop
      vertex -0.731216 0.453979 0
      vertex -0.585785 0.585785 30
      vertex -0.731216 0.453979 30
    endloop
  endfacet
  facet normal 0.671545 -0.740964 0
    outer loop
      vertex -0.585785 0.585785 30
      vertex -0.731216 0.453979 0
      vertex -0.585785 0.585785 0
    endloop
  endfacet
  facet normal 0.595696 -0.80321 0
    outer loop
      vertex -0.888855 0.337067 0
      vertex -0.731216 0.453979 30
      vertex -0.888855 0.337067 30
    endloop
  endfacet
  facet normal 0.595696 -0.80321 0
    outer loop
      vertex -0.731216 0.453979 30
      vertex -0.888855 0.337067 0
      vertex -0.731216 0.453979 0
    endloop
  endfacet
  facet normal 0.514099 -0.857731 0
    outer loop
      vertex -1.05721 0.23616 0
      vertex -0.888855 0.337067 30
      vertex -1.05721 0.23616 30
    endloop
  endfacet
  facet normal 0.514099 -0.857731 0
    outer loop
      vertex -0.888855 0.337067 30
      vertex -1.05721 0.23616 0
      vertex -0.888855 0.337067 0
    endloop
  endfacet
  facet normal 0.427595 -0.90397 0
    outer loop
      vertex -1.23463 0.152237 0
      vertex -1.05721 0.23616 30
      vertex -1.23463 0.152237 30
    endloop
  endfacet
  facet normal 0.427595 -0.90397 0
    outer loop
      vertex -1.05721 0.23616 30
      vertex -1.23463 0.152237 0
      vertex -1.05721 0.23616 0
    endloop
  endfacet
  facet normal 0.336862 -0.941554 0
    outer loop
      vertex -1.41943 0.0861206 0
      vertex -1.23463 0.152237 30
      vertex -1.41943 0.0861206 30
    endloop
  endfacet
  facet normal 0.336862 -0.941554 0
    outer loop
      vertex -1.23463 0.152237 30
      vertex -1.41943 0.0861206 0
      vertex -1.23463 0.152237 0
    endloop
  endfacet
  facet normal 0.242949 -0.970039 0
    outer loop
      vertex -1.60982 0.0384369 0
      vertex -1.41943 0.0861206 30
      vertex -1.60982 0.0384369 30
    endloop
  endfacet
  facet normal 0.242949 -0.970039 0
    outer loop
      vertex -1.41943 0.0861206 30
      vertex -1.60982 0.0384369 0
      vertex -1.41943 0.0861206 0
    endloop
  endfacet
  facet normal 0.146776 -0.98917 0
    outer loop
      vertex -1.80397 0.0096283 0
      vertex -1.60982 0.0384369 30
      vertex -1.80397 0.0096283 30
    endloop
  endfacet
  facet normal 0.146776 -0.98917 0
    outer loop
      vertex -1.60982 0.0384369 30
      vertex -1.80397 0.0096283 0
      vertex -1.60982 0.0384369 0
    endloop
  endfacet
  facet normal 0.0490573 -0.998796 0
    outer loop
      vertex -2 0 0
      vertex -1.80397 0.0096283 30
      vertex -2 0 30
    endloop
  endfacet
  facet normal 0.0490573 -0.998796 0
    outer loop
      vertex -1.80397 0.0096283 30
      vertex -2 0 0
      vertex -1.80397 0.0096283 0
    endloop
  endfacet
  facet normal 0 -1 0
    outer loop
      vertex -4 0 0
      vertex -2 0 30
      vertex -4 0 30
    endloop
  endfacet
  facet normal 0 -1 -0
    outer loop
      vertex -2 0 30
      vertex -4 0 0
      vertex -2 0 0
    endloop
  endfacet
  facet normal -0.0490573 -0.998796 0
    outer loop
      vertex -4.19603 0.0096283 0
      vertex -4 0 30
      vertex -4.19603 0.0096283 30
    endloop
  endfacet
  facet normal -0.0490573 -0.998796 -0
    outer loop
      vertex -4 0 30
      vertex -4.19603 0.0096283 0
      vertex -4 0 0
    endloop
  endfacet
  facet normal -0.146776 -0.98917 0
    outer loop
      vertex -4.39018 0.0384369 0
      vertex -4.19603 0.0096283 30
      vertex -4.39018 0.0384369 30
    endloop
  endfacet
  facet normal -0.146776 -0.98917 -0
    outer loop
      vertex -4.19603 0.0096283 30
      vertex -4.39018 0.0384369 0
      vertex -4.19603 0.0096283 0
    endloop
  endfacet
  facet normal -0.242949 -0.970039 0
    outer loop
      vertex -4.58057 0.0861206 0
      vertex -4.39018 0.0384369 30
      vertex -4.58057 0.0861206 30
    endloop
  endfacet
  facet normal -0.242949 -0.970039 -0
    outer loop
      vertex -4.39018 0.0384369 30
      vertex -4.58057 0.0861206 0
      vertex -4.39018 0.0384369 0
    endloop
  endfacet
  facet normal -0.336862 -0.941554 0
    outer loop
      vertex -4.76537 0.152237 0
      vertex -4.58057 0.0861206 30
      vertex -4.76537 0.152237 30
    endloop
  endfacet
  facet normal -0.336862 -0.941554 -0
    outer loop
      vertex -4.58057 0.0861206 30
      vertex -4.76537 0.152237 0
      vertex -4.58057 0.0861206 0
    endloop
  endfacet
  facet normal -0.427595 -0.90397 0
    outer loop
      vertex -4.94279 0.23616 0
      vertex -4.76537 0.152237 30
      vertex -4.94279 0.23616 30
    endloop
  endfacet
  facet normal -0.427595 -0.90397 -0
    outer loop
      vertex -4.76537 0.152237 30
      vertex -4.94279 0.23616 0
      vertex -4.76537 0.152237 0
    endloop
  endfacet
  facet normal -0.514087 -0.857738 0
    outer loop
      vertex -5.11115 0.337067 0
      vertex -4.94279 0.23616 30
      vertex -5.11115 0.337067 30
    endloop
  endfacet
  facet normal -0.514087 -0.857738 -0
    outer loop
      vertex -4.94279 0.23616 30
      vertex -5.11115 0.337067 0
      vertex -4.94279 0.23616 0
    endloop
  endfacet
  facet normal -0.595718 -0.803194 0
    outer loop
      vertex -5.26878 0.453979 0
      vertex -5.11115 0.337067 30
      vertex -5.26878 0.453979 30
    endloop
  endfacet
  facet normal -0.595718 -0.803194 -0
    outer loop
      vertex -5.11115 0.337067 30
      vertex -5.26878 0.453979 0
      vertex -5.11115 0.337067 0
    endloop
  endfacet
  facet normal -0.671522 -0.740984 0
    outer loop
      vertex -5.41422 0.585785 0
      vertex -5.26878 0.453979 30
      vertex -5.41422 0.585785 30
    endloop
  endfacet
  facet normal -0.671522 -0.740984 -0
    outer loop
      vertex -5.26878 0.453979 30
      vertex -5.41422 0.585785 0
      vertex -5.26878 0.453979 0
    endloop
  endfacet
  facet normal -0.740979 -0.671528 0
    outer loop
      vertex -5.41422 0.585785 0
      vertex -5.54602 0.731216 30
      vertex -5.54602 0.731216 0
    endloop
  endfacet
  facet normal -0.740979 -0.671528 0
    outer loop
      vertex -5.54602 0.731216 30
      vertex -5.41422 0.585785 0
      vertex -5.41422 0.585785 30
    endloop
  endfacet
  facet normal -0.803215 -0.595689 0
    outer loop
      vertex -5.54602 0.731216 0
      vertex -5.66293 0.888855 30
      vertex -5.66293 0.888855 0
    endloop
  endfacet
  facet normal -0.803215 -0.595689 0
    outer loop
      vertex -5.66293 0.888855 30
      vertex -5.54602 0.731216 0
      vertex -5.54602 0.731216 30
    endloop
  endfacet
  facet normal -0.857724 -0.51411 0
    outer loop
      vertex -5.66293 0.888855 0
      vertex -5.76384 1.05721 30
      vertex -5.76384 1.05721 0
    endloop
  endfacet
  facet normal -0.857724 -0.51411 0
    outer loop
      vertex -5.76384 1.05721 30
      vertex -5.66293 0.888855 0
      vertex -5.66293 0.888855 30
    endloop
  endfacet
  facet normal -0.903976 -0.427583 0
    outer loop
      vertex -5.76384 1.05721 0
      vertex -5.84776 1.23463 30
      vertex -5.84776 1.23463 0
    endloop
  endfacet
  facet normal -0.903976 -0.427583 0
    outer loop
      vertex -5.84776 1.23463 30
      vertex -5.76384 1.05721 0
      vertex -5.76384 1.05721 30
    endloop
  endfacet
  facet normal -0.941548 -0.336879 0
    outer loop
      vertex -5.84776 1.23463 0
      vertex -5.91388 1.41943 30
      vertex -5.91388 1.41943 0
    endloop
  endfacet
  facet normal -0.941548 -0.336879 0
    outer loop
      vertex -5.91388 1.41943 30
      vertex -5.84776 1.23463 0
      vertex -5.84776 1.23463 30
    endloop
  endfacet
  facet normal -0.970044 -0.242931 0
    outer loop
      vertex -5.91388 1.41943 0
      vertex -5.96156 1.60982 30
      vertex -5.96156 1.60982 0
    endloop
  endfacet
  facet normal -0.970044 -0.242931 0
    outer loop
      vertex -5.96156 1.60982 30
      vertex -5.91388 1.41943 0
      vertex -5.91388 1.41943 30
    endloop
  endfacet
  facet normal -0.989169 -0.146783 0
    outer loop
      vertex -5.96156 1.60982 0
      vertex -5.99037 1.80397 30
      vertex -5.99037 1.80397 0
    endloop
  endfacet
  facet normal -0.989169 -0.146783 0
    outer loop
      vertex -5.99037 1.80397 30
      vertex -5.96156 1.60982 0
      vertex -5.96156 1.60982 30
    endloop
  endfacet
  facet normal -0.998796 -0.049066 0
    outer loop
      vertex -5.99037 1.80397 0
      vertex -6 2 30
      vertex -6 2 0
    endloop
  endfacet
  facet normal -0.998796 -0.049066 0
    outer loop
      vertex -6 2 30
      vertex -5.99037 1.80397 0
      vertex -5.99037 1.80397 30
    endloop
  endfacet
  facet normal -1 0 0
    outer loop
      vertex -6 22.5 0
      vertex -6 19.75 15
      vertex -6 22.5 30
    endloop
  endfacet
  facet normal -1 0 0
    outer loop
      vertex -6 22.5 0
      vertex -6 19.7272 14.5355
      vertex -6 19.75 15
    endloop
  endfacet
  facet normal -1 0 0
    outer loop
      vertex -6 22.5 0
      vertex -6 19.7271 14.5344
      vertex -6 19.7272 14.5355
    endloop
  endfacet
  facet normal -1 0 0
    outer loop
      vertex -6 22.5 0
      vertex -6 19.6589 14.0744
      vertex -6 19.7271 14.5344
    endloop
  endfacet
  facet normal -1 0 0
    outer loop
      vertex -6 22.5 0
      vertex -6 19.6587 14.0733
      vertex -6 19.6589 14.0744
    endloop
  endfacet
  facet normal -1 0 0
    outer loop
      vertex -6 22.5 0
      vertex -6 19.5457 13.6222
      vertex -6 19.6587 14.0733
    endloop
  endfacet
  facet normal -1 0 0
    outer loop
      vertex -6 22.5 0
      vertex -6 19.5455 13.6211
      vertex -6 19.5457 13.6222
    endloop
  endfacet
  facet normal -1 0 0
    outer loop
      vertex -6 22.5 0
      vertex -6 19.5451 13.6201
      vertex -6 19.5455 13.6211
    endloop
  endfacet
  facet normal -1 0 0
    outer loop
      vertex -6 22.5 0
      vertex -6 19.3884 13.1823
      vertex -6 19.5451 13.6201
    endloop
  endfacet
  facet normal -1 0 0
    outer loop
      vertex -6 22.5 0
      vertex -6 19.388 13.1813
      vertex -6 19.3884 13.1823
    endloop
  endfacet
  facet normal -1 0 0
    outer loop
      vertex -6 22.5 0
      vertex -6 19.1891 12.7609
      vertex -6 19.388 13.1813
    endloop
  endfacet
  facet normal -1 0 0
    outer loop
      vertex -6 22.5 0
      vertex -6 18.95 12.362
      vertex -6 19.1891 12.7609
    endloop
  endfacet
  facet normal -1 0 0
    outer loop
      vertex -6 22.5 0
      vertex -6 18.9495 12.361
      vertex -6 18.95 12.362
    endloop
  endfacet
  facet normal -1 0 0
    outer loop
      vertex -6 22.5 0
      vertex -6 18.6724 11.9875
      vertex -6 18.9495 12.361
    endloop
  endfacet
  facet normal -1 0 0
    outer loop
      vertex -6 22.5 0
      vertex -6 18.6718 11.9866
      vertex -6 18.6724 11.9875
    endloop
  endfacet
  facet normal -1 0 0
    outer loop
      vertex -6 22.5 0
      vertex -6 18.6711 11.9858
      vertex -6 18.6718 11.9866
    endloop
  endfacet
  facet normal -1 0 0
    outer loop
      vertex -6 22.5 0
      vertex -6 18.3588 11.6412
      vertex -6 18.6711 11.9858
    endloop
  endfacet
  facet normal -1 0 0
    outer loop
      vertex -6 22.5 0
      vertex -6 18.0142 11.3289
      vertex -6 18.3588 11.6412
    endloop
  endfacet
  facet normal -1 0 0
    outer loop
      vertex -6 22.5 0
      vertex -6 18.0134 11.3282
      vertex -6 18.0142 11.3289
    endloop
  endfacet
  facet normal -1 0 0
    outer loop
      vertex -6 22.5 0
      vertex -6 18.0125 11.3276
      vertex -6 18.0134 11.3282
    endloop
  endfacet
  facet normal -1 0 0
    outer loop
      vertex -6 22.5 0
      vertex -6 17.639 11.0505
      vertex -6 18.0125 11.3276
    endloop
  endfacet
  facet normal -1 0 0
    outer loop
      vertex -6 22.5 0
      vertex -6 17.638 11.05
      vertex -6 17.639 11.0505
    endloop
  endfacet
  facet normal -1 0 0
    outer loop
      vertex -6 22.5 0
      vertex -6 17.2391 10.8109
      vertex -6 17.638 11.05
    endloop
  endfacet
  facet normal -1 0 0
    outer loop
      vertex -6 22.5 0
      vertex -6 16.8187 10.612
      vertex -6 17.2391 10.8109
    endloop
  endfacet
  facet normal -1 0 0
    outer loop
      vertex -6 22.5 0
      vertex -6 16.8177 10.6116
      vertex -6 16.8187 10.612
    endloop
  endfacet
  facet normal -1 0 0
    outer loop
      vertex -6 22.5 0
      vertex -6 16.3799 10.4549
      vertex -6 16.8177 10.6116
    endloop
  endfacet
  facet normal -1 0 0
    outer loop
      vertex -6 22.5 0
      vertex -6 16.3789 10.4545
      vertex -6 16.3799 10.4549
    endloop
  endfacet
  facet normal -1 0 0
    outer loop
      vertex -6 22.5 0
      vertex -6 16.3778 10.4543
      vertex -6 16.3789 10.4545
    endloop
  endfacet
  facet normal -1 0 0
    outer loop
      vertex -6 22.5 0
      vertex -6 15.9267 10.3413
      vertex -6 16.3778 10.4543
    endloop
  endfacet
  facet normal -1 0 0
    outer loop
      vertex -6 22.5 0
      vertex -6 15.9256 10.3411
      vertex -6 15.9267 10.3413
    endloop
  endfacet
  facet normal -1 0 0
    outer loop
      vertex -6 22.5 0
      vertex -6 15.4656 10.2729
      vertex -6 15.9256 10.3411
    endloop
  endfacet
  facet normal -1 0 0
    outer loop
      vertex -6 22.5 0
      vertex -6 15.4645 10.2728
      vertex -6 15.4656 10.2729
    endloop
  endfacet
  facet normal -1 0 0
    outer loop
      vertex -6 22.5 0
      vertex -6 15 10.25
      vertex -6 15.4645 10.2728
    endloop
  endfacet
  facet normal -1 0 0
    outer loop
      vertex -6 22.5 0
      vertex -6 14.5355 10.2728
      vertex -6 15 10.25
    endloop
  endfacet
  facet normal -1 0 0
    outer loop
      vertex -6 22.5 0
      vertex -6 14.5344 10.2729
      vertex -6 14.5355 10.2728
    endloop
  endfacet
  facet normal -1 0 0
    outer loop
      vertex -6 22.5 0
      vertex -6 14.0744 10.3411
      vertex -6 14.5344 10.2729
    endloop
  endfacet
  facet normal -1 0 0
    outer loop
      vertex -6 22.5 0
      vertex -6 14.0733 10.3413
      vertex -6 14.0744 10.3411
    endloop
  endfacet
  facet normal -1 0 0
    outer loop
      vertex -6 2 0
      vertex -6 14.0733 10.3413
      vertex -6 22.5 0
    endloop
  endfacet
  facet normal -1 -0 0
    outer loop
      vertex -6 14.0733 10.3413
      vertex -6 2 0
      vertex -6 13.6222 10.4543
    endloop
  endfacet
  facet normal -1 -0 0
    outer loop
      vertex -6 13.6222 10.4543
      vertex -6 2 0
      vertex -6 13.6211 10.4545
    endloop
  endfacet
  facet normal -1 -0 0
    outer loop
      vertex -6 13.6211 10.4545
      vertex -6 2 0
      vertex -6 13.6201 10.4549
    endloop
  endfacet
  facet normal -1 -0 0
    outer loop
      vertex -6 13.6201 10.4549
      vertex -6 2 0
      vertex -6 13.1823 10.6116
    endloop
  endfacet
  facet normal -1 -0 0
    outer loop
      vertex -6 13.1823 10.6116
      vertex -6 2 0
      vertex -6 13.1813 10.612
    endloop
  endfacet
  facet normal -1 -0 0
    outer loop
      vertex -6 13.1813 10.612
      vertex -6 2 0
      vertex -6 12.7609 10.8109
    endloop
  endfacet
  facet normal -1 -0 0
    outer loop
      vertex -6 12.7609 10.8109
      vertex -6 2 0
      vertex -6 12.362 11.05
    endloop
  endfacet
  facet normal -1 -0 0
    outer loop
      vertex -6 12.362 11.05
      vertex -6 2 0
      vertex -6 12.361 11.0505
    endloop
  endfacet
  facet normal -1 -0 0
    outer loop
      vertex -6 12.361 11.0505
      vertex -6 2 0
      vertex -6 11.9875 11.3276
    endloop
  endfacet
  facet normal -1 -0 0
    outer loop
      vertex -6 11.9875 11.3276
      vertex -6 2 0
      vertex -6 11.9866 11.3282
    endloop
  endfacet
  facet normal -1 -0 0
    outer loop
      vertex -6 11.9866 11.3282
      vertex -6 2 0
      vertex -6 11.9858 11.3289
    endloop
  endfacet
  facet normal -1 0 0
    outer loop
      vertex -6 2 0
      vertex -6 10.4549 13.6201
      vertex -6 10.6116 13.1823
    endloop
  endfacet
  facet normal -1 0 0
    outer loop
      vertex -6 2 0
      vertex -6 10.4543 13.6222
      vertex -6 10.4545 13.6211
    endloop
  endfacet
  facet normal -1 0 0
    outer loop
      vertex -6 2 0
      vertex -6 10.3411 14.0744
      vertex -6 10.3413 14.0733
    endloop
  endfacet
  facet normal -1 -0 0
    outer loop
      vertex -6 10.2728 14.5355
      vertex -6 2 0
      vertex -6 10.25 15
    endloop
  endfacet
  facet normal -1 -0 0
    outer loop
      vertex -6 10.2729 14.5344
      vertex -6 2 0
      vertex -6 10.2728 14.5355
    endloop
  endfacet
  facet normal -1 -0 0
    outer loop
      vertex -6 10.3411 14.0744
      vertex -6 2 0
      vertex -6 10.2729 14.5344
    endloop
  endfacet
  facet normal -1 -0 0
    outer loop
      vertex -6 10.4543 13.6222
      vertex -6 2 0
      vertex -6 10.3413 14.0733
    endloop
  endfacet
  facet normal -1 -0 0
    outer loop
      vertex -6 10.4549 13.6201
      vertex -6 2 0
      vertex -6 10.4545 13.6211
    endloop
  endfacet
  facet normal -1 -0 0
    outer loop
      vertex -6 10.612 13.1813
      vertex -6 2 0
      vertex -6 10.6116 13.1823
    endloop
  endfacet
  facet normal -1 -0 0
    outer loop
      vertex -6 10.8109 12.7609
      vertex -6 2 0
      vertex -6 10.612 13.1813
    endloop
  endfacet
  facet normal -1 -0 0
    outer loop
      vertex -6 11.05 12.362
      vertex -6 2 0
      vertex -6 10.8109 12.7609
    endloop
  endfacet
  facet normal -1 -0 0
    outer loop
      vertex -6 11.0505 12.361
      vertex -6 2 0
      vertex -6 11.05 12.362
    endloop
  endfacet
  facet normal -1 -0 0
    outer loop
      vertex -6 11.3276 11.9875
      vertex -6 2 0
      vertex -6 11.0505 12.361
    endloop
  endfacet
  facet normal -1 -0 0
    outer loop
      vertex -6 11.3282 11.9866
      vertex -6 2 0
      vertex -6 11.3276 11.9875
    endloop
  endfacet
  facet normal -1 -0 0
    outer loop
      vertex -6 11.3289 11.9858
      vertex -6 2 0
      vertex -6 11.3282 11.9866
    endloop
  endfacet
  facet normal -1 -0 0
    outer loop
      vertex -6 11.6412 11.6412
      vertex -6 2 0
      vertex -6 11.3289 11.9858
    endloop
  endfacet
  facet normal -1 -0 0
    outer loop
      vertex -6 11.9858 11.3289
      vertex -6 2 0
      vertex -6 11.6412 11.6412
    endloop
  endfacet
  facet normal -1 0 0
    outer loop
      vertex -6 19.7272 15.4645
      vertex -6 22.5 30
      vertex -6 19.75 15
    endloop
  endfacet
  facet normal -1 0 0
    outer loop
      vertex -6 19.7271 15.4656
      vertex -6 22.5 30
      vertex -6 19.7272 15.4645
    endloop
  endfacet
  facet normal -1 0 0
    outer loop
      vertex -6 19.6589 15.9256
      vertex -6 22.5 30
      vertex -6 19.7271 15.4656
    endloop
  endfacet
  facet normal -1 0 0
    outer loop
      vertex -6 19.6587 15.9267
      vertex -6 22.5 30
      vertex -6 19.6589 15.9256
    endloop
  endfacet
  facet normal -1 0 0
    outer loop
      vertex -6 19.5457 16.3778
      vertex -6 22.5 30
      vertex -6 19.6587 15.9267
    endloop
  endfacet
  facet normal -1 0 0
    outer loop
      vertex -6 19.5455 16.3789
      vertex -6 22.5 30
      vertex -6 19.5457 16.3778
    endloop
  endfacet
  facet normal -1 0 0
    outer loop
      vertex -6 19.5451 16.3799
      vertex -6 22.5 30
      vertex -6 19.5455 16.3789
    endloop
  endfacet
  facet normal -1 0 0
    outer loop
      vertex -6 19.3884 16.8177
      vertex -6 22.5 30
      vertex -6 19.5451 16.3799
    endloop
  endfacet
  facet normal -1 0 0
    outer loop
      vertex -6 19.388 16.8187
      vertex -6 22.5 30
      vertex -6 19.3884 16.8177
    endloop
  endfacet
  facet normal -1 0 0
    outer loop
      vertex -6 19.1891 17.2391
      vertex -6 22.5 30
      vertex -6 19.388 16.8187
    endloop
  endfacet
  facet normal -1 0 0
    outer loop
      vertex -6 18.95 17.638
      vertex -6 22.5 30
      vertex -6 19.1891 17.2391
    endloop
  endfacet
  facet normal -1 0 0
    outer loop
      vertex -6 18.9495 17.639
      vertex -6 22.5 30
      vertex -6 18.95 17.638
    endloop
  endfacet
  facet normal -1 0 0
    outer loop
      vertex -6 18.6724 18.0125
      vertex -6 22.5 30
      vertex -6 18.9495 17.639
    endloop
  endfacet
  facet normal -1 0 0
    outer loop
      vertex -6 18.6718 18.0134
      vertex -6 22.5 30
      vertex -6 18.6724 18.0125
    endloop
  endfacet
  facet normal -1 0 0
    outer loop
      vertex -6 18.6711 18.0142
      vertex -6 22.5 30
      vertex -6 18.6718 18.0134
    endloop
  endfacet
  facet normal -1 0 0
    outer loop
      vertex -6 18.3588 18.3588
      vertex -6 22.5 30
      vertex -6 18.6711 18.0142
    endloop
  endfacet
  facet normal -1 0 0
    outer loop
      vertex -6 18.0142 18.6711
      vertex -6 22.5 30
      vertex -6 18.3588 18.3588
    endloop
  endfacet
  facet normal -1 0 0
    outer loop
      vertex -6 18.0134 18.6718
      vertex -6 22.5 30
      vertex -6 18.0142 18.6711
    endloop
  endfacet
  facet normal -1 0 0
    outer loop
      vertex -6 18.0125 18.6724
      vertex -6 22.5 30
      vertex -6 18.0134 18.6718
    endloop
  endfacet
  facet normal -1 0 0
    outer loop
      vertex -6 17.639 18.9495
      vertex -6 22.5 30
      vertex -6 18.0125 18.6724
    endloop
  endfacet
  facet normal -1 0 0
    outer loop
      vertex -6 17.638 18.95
      vertex -6 22.5 30
      vertex -6 17.639 18.9495
    endloop
  endfacet
  facet normal -1 0 0
    outer loop
      vertex -6 17.2391 19.1891
      vertex -6 22.5 30
      vertex -6 17.638 18.95
    endloop
  endfacet
  facet normal -1 0 0
    outer loop
      vertex -6 16.8187 19.388
      vertex -6 22.5 30
      vertex -6 17.2391 19.1891
    endloop
  endfacet
  facet normal -1 0 0
    outer loop
      vertex -6 16.8177 19.3884
      vertex -6 22.5 30
      vertex -6 16.8187 19.388
    endloop
  endfacet
  facet normal -1 0 0
    outer loop
      vertex -6 16.3799 19.5451
      vertex -6 22.5 30
      vertex -6 16.8177 19.3884
    endloop
  endfacet
  facet normal -1 0 0
    outer loop
      vertex -6 16.3789 19.5455
      vertex -6 22.5 30
      vertex -6 16.3799 19.5451
    endloop
  endfacet
  facet normal -1 0 0
    outer loop
      vertex -6 16.3778 19.5457
      vertex -6 22.5 30
      vertex -6 16.3789 19.5455
    endloop
  endfacet
  facet normal -1 0 0
    outer loop
      vertex -6 15.9267 19.6587
      vertex -6 22.5 30
      vertex -6 16.3778 19.5457
    endloop
  endfacet
  facet normal -1 0 0
    outer loop
      vertex -6 15.9256 19.6589
      vertex -6 22.5 30
      vertex -6 15.9267 19.6587
    endloop
  endfacet
  facet normal -1 0 0
    outer loop
      vertex -6 15.4656 19.7271
      vertex -6 22.5 30
      vertex -6 15.9256 19.6589
    endloop
  endfacet
  facet normal -1 0 0
    outer loop
      vertex -6 15.4645 19.7272
      vertex -6 22.5 30
      vertex -6 15.4656 19.7271
    endloop
  endfacet
  facet normal -1 0 0
    outer loop
      vertex -6 15 19.75
      vertex -6 22.5 30
      vertex -6 15.4645 19.7272
    endloop
  endfacet
  facet normal -1 0 0
    outer loop
      vertex -6 14.5355 19.7272
      vertex -6 22.5 30
      vertex -6 15 19.75
    endloop
  endfacet
  facet normal -1 0 0
    outer loop
      vertex -6 14.5344 19.7271
      vertex -6 22.5 30
      vertex -6 14.5355 19.7272
    endloop
  endfacet
  facet normal -1 0 0
    outer loop
      vertex -6 14.0744 19.6589
      vertex -6 22.5 30
      vertex -6 14.5344 19.7271
    endloop
  endfacet
  facet normal -1 0 0
    outer loop
      vertex -6 14.0733 19.6587
      vertex -6 22.5 30
      vertex -6 14.0744 19.6589
    endloop
  endfacet
  facet normal -1 0 0
    outer loop
      vertex -6 2 30
      vertex -6 14.0733 19.6587
      vertex -6 13.6222 19.5457
    endloop
  endfacet
  facet normal -1 0 0
    outer loop
      vertex -6 2 30
      vertex -6 13.6222 19.5457
      vertex -6 13.6211 19.5455
    endloop
  endfacet
  facet normal -1 0 0
    outer loop
      vertex -6 2 30
      vertex -6 13.6211 19.5455
      vertex -6 13.6201 19.5451
    endloop
  endfacet
  facet normal -1 0 0
    outer loop
      vertex -6 2 30
      vertex -6 13.6201 19.5451
      vertex -6 13.1823 19.3884
    endloop
  endfacet
  facet normal -1 0 0
    outer loop
      vertex -6 2 30
      vertex -6 13.1823 19.3884
      vertex -6 13.1813 19.388
    endloop
  endfacet
  facet normal -1 0 0
    outer loop
      vertex -6 2 30
      vertex -6 13.1813 19.388
      vertex -6 12.7609 19.1891
    endloop
  endfacet
  facet normal -1 0 0
    outer loop
      vertex -6 2 30
      vertex -6 12.7609 19.1891
      vertex -6 12.362 18.95
    endloop
  endfacet
  facet normal -1 0 0
    outer loop
      vertex -6 2 30
      vertex -6 12.362 18.95
      vertex -6 12.361 18.9495
    endloop
  endfacet
  facet normal -1 0 0
    outer loop
      vertex -6 2 30
      vertex -6 12.361 18.9495
      vertex -6 11.9875 18.6724
    endloop
  endfacet
  facet normal -1 0 0
    outer loop
      vertex -6 2 30
      vertex -6 11.9875 18.6724
      vertex -6 11.9866 18.6718
    endloop
  endfacet
  facet normal -1 0 0
    outer loop
      vertex -6 2 30
      vertex -6 11.9866 18.6718
      vertex -6 11.9858 18.6711
    endloop
  endfacet
  facet normal -1 0 0
    outer loop
      vertex -6 2 30
      vertex -6 11.9858 18.6711
      vertex -6 11.6412 18.3588
    endloop
  endfacet
  facet normal -1 0 0
    outer loop
      vertex -6 2 30
      vertex -6 10.4549 16.3799
      vertex -6 10.4545 16.3789
    endloop
  endfacet
  facet normal -1 0 0
    outer loop
      vertex -6 2 30
      vertex -6 10.4543 16.3778
      vertex -6 10.3413 15.9267
    endloop
  endfacet
  facet normal -1 0 0
    outer loop
      vertex -6 2 30
      vertex -6 10.3411 15.9256
      vertex -6 10.2729 15.4656
    endloop
  endfacet
  facet normal -1 0 0
    outer loop
      vertex -6 2 30
      vertex -6 10.25 15
      vertex -6 2 0
    endloop
  endfacet
  facet normal -1 0 0
    outer loop
      vertex -6 10.25 15
      vertex -6 2 30
      vertex -6 10.2728 15.4645
    endloop
  endfacet
  facet normal -1 0 0
    outer loop
      vertex -6 10.2728 15.4645
      vertex -6 2 30
      vertex -6 10.2729 15.4656
    endloop
  endfacet
  facet normal -1 0 0
    outer loop
      vertex -6 10.3411 15.9256
      vertex -6 2 30
      vertex -6 10.3413 15.9267
    endloop
  endfacet
  facet normal -1 0 0
    outer loop
      vertex -6 10.4543 16.3778
      vertex -6 2 30
      vertex -6 10.4545 16.3789
    endloop
  endfacet
  facet normal -1 0 0
    outer loop
      vertex -6 10.4549 16.3799
      vertex -6 2 30
      vertex -6 10.6116 16.8177
    endloop
  endfacet
  facet normal -1 0 0
    outer loop
      vertex -6 10.6116 16.8177
      vertex -6 2 30
      vertex -6 10.612 16.8187
    endloop
  endfacet
  facet normal -1 0 0
    outer loop
      vertex -6 14.0733 19.6587
      vertex -6 2 30
      vertex -6 22.5 30
    endloop
  endfacet
  facet normal -1 0 0
    outer loop
      vertex -6 11.3289 18.0142
      vertex -6 2 30
      vertex -6 11.6412 18.3588
    endloop
  endfacet
  facet normal -1 0 0
    outer loop
      vertex -6 11.3282 18.0134
      vertex -6 2 30
      vertex -6 11.3289 18.0142
    endloop
  endfacet
  facet normal -1 0 0
    outer loop
      vertex -6 11.3276 18.0125
      vertex -6 2 30
      vertex -6 11.3282 18.0134
    endloop
  endfacet
  facet normal -1 0 0
    outer loop
      vertex -6 11.0505 17.639
      vertex -6 2 30
      vertex -6 11.3276 18.0125
    endloop
  endfacet
  facet normal -1 0 0
    outer loop
      vertex -6 11.05 17.638
      vertex -6 2 30
      vertex -6 11.0505 17.639
    endloop
  endfacet
  facet normal -1 0 0
    outer loop
      vertex -6 10.8109 17.2391
      vertex -6 2 30
      vertex -6 11.05 17.638
    endloop
  endfacet
  facet normal -1 0 0
    outer loop
      vertex -6 10.612 16.8187
      vertex -6 2 30
      vertex -6 10.8109 17.2391
    endloop
  endfacet
  facet normal 0 -1 0
    outer loop
      vertex -40 22.5 0
      vertex -6 22.5 30
      vertex -40 22.5 30
    endloop
  endfacet
  facet normal 0 -1 -0
    outer loop
      vertex -6 22.5 30
      vertex -40 22.5 0
      vertex -6 22.5 0
    endloop
  endfacet
  facet normal -0.0489209 -0.998803 0
    outer loop
      vertex -40.343 22.5168 0
      vertex -40 22.5 30
      vertex -40.343 22.5168 30
    endloop
  endfacet
  facet normal -0.0489209 -0.998803 -0
    outer loop
      vertex -40 22.5 30
      vertex -40.343 22.5168 0
      vertex -40 22.5 0
    endloop
  endfacet
  facet normal -0.0871677 -0.996194 0
    outer loop
      vertex -43.6424 22.8055 0
      vertex -40.343 22.5168 30
      vertex -43.6424 22.8055 30
    endloop
  endfacet
  facet normal -0.0871677 -0.996194 -0
    outer loop
      vertex -40.343 22.5168 30
      vertex -43.6424 22.8055 0
      vertex -40.343 22.5168 0
    endloop
  endfacet
  facet normal -0.14676 -0.989172 0
    outer loop
      vertex -43.9821 22.8559 0
      vertex -43.6424 22.8055 30
      vertex -43.9821 22.8559 30
    endloop
  endfacet
  facet normal -0.14676 -0.989172 -0
    outer loop
      vertex -43.6424 22.8055 30
      vertex -43.9821 22.8559 0
      vertex -43.6424 22.8055 0
    endloop
  endfacet
  facet normal -0.24281 -0.970074 0
    outer loop
      vertex -44.3153 22.9393 0
      vertex -43.9821 22.8559 30
      vertex -44.3153 22.9393 30
    endloop
  endfacet
  facet normal -0.24281 -0.970074 -0
    outer loop
      vertex -43.9821 22.8559 30
      vertex -44.3153 22.9393 0
      vertex -43.9821 22.8559 0
    endloop
  endfacet
  facet normal -0.25882 -0.965926 0
    outer loop
      vertex -47.5144 23.7965 0
      vertex -44.3153 22.9393 30
      vertex -47.5144 23.7965 30
    endloop
  endfacet
  facet normal -0.25882 -0.965926 -0
    outer loop
      vertex -44.3153 22.9393 30
      vertex -47.5144 23.7965 0
      vertex -44.3153 22.9393 0
    endloop
  endfacet
  facet normal -0.336853 -0.941557 0
    outer loop
      vertex -47.8378 23.9122 0
      vertex -47.5144 23.7965 30
      vertex -47.8378 23.9122 30
    endloop
  endfacet
  facet normal -0.336853 -0.941557 -0
    outer loop
      vertex -47.5144 23.7965 30
      vertex -47.8378 23.9122 0
      vertex -47.5144 23.7965 0
    endloop
  endfacet
  facet normal -0.422626 -0.906304 0
    outer loop
      vertex -50.8394 25.3119 0
      vertex -47.8378 23.9122 30
      vertex -50.8394 25.3119 30
    endloop
  endfacet
  facet normal -0.422626 -0.906304 -0
    outer loop
      vertex -47.8378 23.9122 30
      vertex -50.8394 25.3119 0
      vertex -47.8378 23.9122 0
    endloop
  endfacet
  facet normal -0.427661 -0.903939 0
    outer loop
      vertex -51.1499 25.4588 0
      vertex -50.8394 25.3119 30
      vertex -51.1499 25.4588 30
    endloop
  endfacet
  facet normal -0.427661 -0.903939 -0
    outer loop
      vertex -50.8394 25.3119 30
      vertex -51.1499 25.4588 0
      vertex -50.8394 25.3119 0
    endloop
  endfacet
  facet normal -0.514153 -0.857698 0
    outer loop
      vertex -51.4445 25.6354 0
      vertex -51.1499 25.4588 30
      vertex -51.4445 25.6354 30
    endloop
  endfacet
  facet normal -0.514153 -0.857698 -0
    outer loop
      vertex -51.1499 25.4588 30
      vertex -51.4445 25.6354 0
      vertex -51.1499 25.4588 0
    endloop
  endfacet
  facet normal -0.573564 -0.819161 0
    outer loop
      vertex -54.1575 27.535 0
      vertex -51.4445 25.6354 30
      vertex -54.1575 27.535 30
    endloop
  endfacet
  facet normal -0.573564 -0.819161 -0
    outer loop
      vertex -51.4445 25.6354 30
      vertex -54.1575 27.535 0
      vertex -51.4445 25.6354 0
    endloop
  endfacet
  facet normal -0.595798 -0.803134 0
    outer loop
      vertex -54.4333 27.7396 0
      vertex -54.1575 27.535 30
      vertex -54.4333 27.7396 30
    endloop
  endfacet
  facet normal -0.595798 -0.803134 -0
    outer loop
      vertex -54.1575 27.535 30
      vertex -54.4333 27.7396 0
      vertex -54.1575 27.535 0
    endloop
  endfacet
  facet normal -0.671614 -0.740901 0
    outer loop
      vertex -54.6878 27.9703 0
      vertex -54.4333 27.7396 30
      vertex -54.6878 27.9703 30
    endloop
  endfacet
  facet normal -0.671614 -0.740901 -0
    outer loop
      vertex -54.4333 27.7396 30
      vertex -54.6878 27.9703 0
      vertex -54.4333 27.7396 0
    endloop
  endfacet
  facet normal -0.707092 -0.707122 0
    outer loop
      vertex -54.6878 27.9703 0
      vertex -57.0297 30.3121 30
      vertex -57.0297 30.3121 0
    endloop
  endfacet
  facet normal -0.707092 -0.707122 0
    outer loop
      vertex -57.0297 30.3121 30
      vertex -54.6878 27.9703 0
      vertex -54.6878 27.9703 30
    endloop
  endfacet
  facet normal -0.741032 -0.671469 0
    outer loop
      vertex -57.0297 30.3121 0
      vertex -57.2604 30.5667 30
      vertex -57.2604 30.5667 0
    endloop
  endfacet
  facet normal -0.741032 -0.671469 0
    outer loop
      vertex -57.2604 30.5667 30
      vertex -57.0297 30.3121 0
      vertex -57.0297 30.3121 30
    endloop
  endfacet
  facet normal -0.803134 -0.595798 0
    outer loop
      vertex -57.2604 30.5667 0
      vertex -57.465 30.8425 30
      vertex -57.465 30.8425 0
    endloop
  endfacet
  facet normal -0.803134 -0.595798 0
    outer loop
      vertex -57.465 30.8425 30
      vertex -57.2604 30.5667 0
      vertex -57.2604 30.5667 30
    endloop
  endfacet
  facet normal -0.819161 -0.573564 0
    outer loop
      vertex -57.465 30.8425 0
      vertex -59.3646 33.5555 30
      vertex -59.3646 33.5555 0
    endloop
  endfacet
  facet normal -0.819161 -0.573564 0
    outer loop
      vertex -59.3646 33.5555 30
      vertex -57.465 30.8425 0
      vertex -57.465 30.8425 30
    endloop
  endfacet
  facet normal -0.857698 -0.514153 0
    outer loop
      vertex -59.3646 33.5555 0
      vertex -59.5412 33.8501 30
      vertex -59.5412 33.8501 0
    endloop
  endfacet
  facet normal -0.857698 -0.514153 0
    outer loop
      vertex -59.5412 33.8501 30
      vertex -59.3646 33.5555 0
      vertex -59.3646 33.5555 30
    endloop
  endfacet
  facet normal -0.904052 -0.427423 0
    outer loop
      vertex -59.5412 33.8501 0
      vertex -59.688 34.1606 30
      vertex -59.688 34.1606 0
    endloop
  endfacet
  facet normal -0.904052 -0.427423 0
    outer loop
      vertex -59.688 34.1606 30
      vertex -59.5412 33.8501 0
      vertex -59.5412 33.8501 30
    endloop
  endfacet
  facet normal -0.906304 -0.422626 0
    outer loop
      vertex -59.688 34.1606 0
      vertex -61.0877 37.1622 30
      vertex -61.0877 37.1622 0
    endloop
  endfacet
  facet normal -0.906304 -0.422626 0
    outer loop
      vertex -61.0877 37.1622 30
      vertex -59.688 34.1606 0
      vertex -59.688 34.1606 30
    endloop
  endfacet
  facet normal -0.941557 -0.336853 0
    outer loop
      vertex -61.0877 37.1622 0
      vertex -61.2034 37.4856 30
      vertex -61.2034 37.4856 0
    endloop
  endfacet
  facet normal -0.941557 -0.336853 0
    outer loop
      vertex -61.2034 37.4856 30
      vertex -61.0877 37.1622 0
      vertex -61.0877 37.1622 30
    endloop
  endfacet
  facet normal -0.965926 -0.25882 0
    outer loop
      vertex -61.2034 37.4856 0
      vertex -62.0606 40.6847 30
      vertex -62.0606 40.6847 0
    endloop
  endfacet
  facet normal -0.965926 -0.25882 0
    outer loop
      vertex -62.0606 40.6847 30
      vertex -61.2034 37.4856 0
      vertex -61.2034 37.4856 30
    endloop
  endfacet
  facet normal -0.970005 -0.243084 0
    outer loop
      vertex -62.0606 40.6847 0
      vertex -62.1441 41.0179 30
      vertex -62.1441 41.0179 0
    endloop
  endfacet
  facet normal -0.970005 -0.243084 0
    outer loop
      vertex -62.1441 41.0179 30
      vertex -62.0606 40.6847 0
      vertex -62.0606 40.6847 30
    endloop
  endfacet
  facet normal -0.989172 -0.14676 0
    outer loop
      vertex -62.1441 41.0179 0
      vertex -62.1945 41.3576 30
      vertex -62.1945 41.3576 0
    endloop
  endfacet
  facet normal -0.989172 -0.14676 0
    outer loop
      vertex -62.1945 41.3576 30
      vertex -62.1441 41.0179 0
      vertex -62.1441 41.0179 30
    endloop
  endfacet
  facet normal -0.996196 -0.0871404 0
    outer loop
      vertex -62.1945 41.3576 0
      vertex -62.4831 44.6569 30
      vertex -62.4831 44.6569 0
    endloop
  endfacet
  facet normal -0.996196 -0.0871404 0
    outer loop
      vertex -62.4831 44.6569 30
      vertex -62.1945 41.3576 0
      vertex -62.1945 41.3576 30
    endloop
  endfacet
  facet normal -0.998789 -0.0491971 0
    outer loop
      vertex -62.4831 44.6569 0
      vertex -62.5 45 30
      vertex -62.5 45 0
    endloop
  endfacet
  facet normal -0.998789 -0.0491971 0
    outer loop
      vertex -62.5 45 30
      vertex -62.4831 44.6569 0
      vertex -62.4831 44.6569 30
    endloop
  endfacet
  facet normal -0.998788 0.0492114 0
    outer loop
      vertex -62.5 45 0
      vertex -62.4831 45.343 30
      vertex -62.4831 45.343 0
    endloop
  endfacet
  facet normal -0.998788 0.0492114 0
    outer loop
      vertex -62.4831 45.343 30
      vertex -62.5 45 0
      vertex -62.5 45 30
    endloop
  endfacet
endsolid OpenSCAD_Model
